k3,year,budgetCode,code_source
0102003,2021,0130150100,latest
0102003,2022,0130150100,year
0102003,2023,0130150100,year
0102003,2024,0130150100,year
0102003,2025,0130150100,year
0102005,2021,0130130100,latest
0102005,2022,0130130100,year
0102005,2023,0130130100,year
0102005,2024,0130130100,year
0102005,2025,0130130100,year
0102009,2021,0130150200,latest
0102009,2022,0130150200,year
0102009,2023,0130150200,year
0102009,2024,0130150200,year
0102009,2025,0130150200,year
0102011,2021,0130150300,latest
0102011,2022,0130150300,year
0102011,2023,0130150300,year
0102011,2024,0130150300,year
0102011,2025,0130150300,year
0102013,2021,0130150400,latest
0102013,2022,0130150400,year
0102013,2023,0130150400,year
0102013,2024,0130150400,year
0102013,2025,0130150400,year
0102015,2021,0130150500,latest
0102015,2022,0130150500,year
0102015,2023,0130150500,year
0102015,2024,0130150500,year
0102015,2025,0130150500,year
0102017,2021,0130150600,latest
0102017,2022,0130150600,year
0102017,2023,0130150600,year
0102017,2024,0130150600,year
0102017,2025,0130150600,year
0102019,2021,0130150700,latest
0102019,2022,0130150700,year
0102019,2023,0130150700,year
0102019,2024,0130150700,year
0102019,2025,0130150700,year
0102021,2021,2740060370,latest
0102021,2022,2740060370,year
0102021,2023,2740060370,year
0102021,2024,2740060370,year
0102021,2025,2740060370,year
0102023,2021,2740060240,latest
0102023,2022,2740060240,year
0102023,2023,2740060240,year
0102023,2024,2740060240,year
0102023,2025,2740060240,year
0102025,2021,0130150800,latest
0102025,2022,0130150800,year
0102025,2023,0130150800,year
0102025,2024,0130150800,year
0102025,2025,0130150800,year
0102027,2021,0130150900,latest
0102027,2022,0130150900,year
0102027,2023,0130150900,year
0102027,2024,0130150900,year
0102027,2025,0130150900,year
0102029,2021,0130140100,latest
0102029,2022,0130140100,year
0102029,2023,0130140100,year
0102029,2024,0130140100,year
0102029,2025,0130140100,year
0102033,2021,0130151000,latest
0102033,2022,0130151000,year
0102033,2023,0130151000,year
0102033,2024,0130151000,year
0102033,2025,0130151000,year
0102035,2021,0130151100,latest
0102035,2022,0130151100,year
0102035,2023,0130151100,year
0102035,2024,0130151100,year
0102035,2025,0130151100,year
0102037,2021,0130140200,latest
0102037,2022,0130140200,year
0102037,2023,0130140200,year
0102037,2024,0130140200,year
0102037,2025,0130140200,year
0102039,2021,0130151200,latest
0102039,2022,0130151200,year
0102039,2023,0130151200,year
0102039,2024,0130151200,year
0102039,2025,0130151200,year
0102041,2021,0130151300,latest
0102041,2022,0130151300,year
0102041,2023,0130151300,year
0102041,2024,0130151300,year
0102041,2025,0130151300,year
0102045,2021,0130151400,latest
0102045,2022,0130151400,year
0102045,2023,0130151400,year
0102045,2024,0130151400,year
0102045,2025,0130151400,year
0102047,2021,0130151500,latest
0102047,2022,0130151500,year
0102047,2023,0130151500,year
0102047,2024,0130151500,year
0102047,2025,0130151500,year
0104001,2021,0130250100,latest
0104001,2022,0130250100,year
0104001,2023,0130250100,year
0104001,2024,0130250100,year
0104001,2025,0130250100,year
0104003,2021,0130250200,latest
0104003,2022,0130250200,year
0104003,2023,0130250200,year
0104003,2024,0130250200,year
0104003,2025,0130250200,year
0104005,2021,0130230100,latest
0104005,2022,0130230100,year
0104005,2023,0130230100,year
0104005,2024,0130230100,year
0104005,2025,0130230100,year
0104007,2021,0130250300,latest
0104007,2022,0130250300,year
0104007,2023,0130250300,year
0104007,2024,0130250300,year
0104007,2025,0130250300,year
0104009,2021,0130250400,latest
0104009,2022,0130250400,year
0104009,2023,0130250400,year
0104009,2024,0130250400,year
0104009,2025,0130250400,year
0104011,2021,0130850100,latest
0104011,2022,0130850100,year
0104011,2023,0130850100,year
0104011,2024,0130850100,year
0104011,2025,0130850100,year
0104013,2021,0130850200,latest
0104013,2022,0130850200,year
0104013,2023,0130850200,year
0104013,2024,0130850200,year
0104013,2025,0130850200,year
0104015,2021,0130850300,latest
0104015,2022,0130850300,year
0104015,2023,0130850300,year
0104015,2024,0130850300,year
0104015,2025,0130850300,year
0104017,2021,0130250500,latest
0104017,2022,0130250500,year
0104017,2023,0130250500,year
0104017,2024,0130250500,year
0104017,2025,0130250500,year
0104019,2021,0130250600,latest
0104019,2022,0130250600,year
0104019,2023,0130250600,year
0104019,2024,0130250600,year
0104019,2025,0130250600,year
0104021,2021,0130250700,latest
0104021,2022,0130250700,year
0104021,2023,0130250700,year
0104021,2024,0130250700,year
0104021,2025,0130250700,year
0104023,2021,0130850400,latest
0104023,2022,0130850400,year
0104023,2023,0130850400,year
0104023,2024,0130850400,year
0104023,2025,0130850400,year
0104025,2021,0130240100,latest
0104025,2022,0130240100,year
0104025,2023,0130240100,year
0104025,2024,0130240100,year
0104025,2025,0130240100,year
0104027,2021,0130850500,latest
0104027,2022,0130850500,year
0104027,2023,0130850500,year
0104027,2024,0130850500,year
0104027,2025,0130850500,year
0104029,2021,0130850600,latest
0104029,2022,0130850600,year
0104029,2023,0130850600,year
0104029,2024,0130850600,year
0104029,2025,0130850600,year
0104031,2021,0130850700,latest
0104031,2022,0130850700,year
0104031,2023,0130850700,year
0104031,2024,0130850700,year
0104031,2025,0130850700,year
0104033,2021,0130250900,latest
0104033,2022,0130250900,year
0104033,2023,0130250900,year
0104033,2024,0130250900,year
0104033,2025,0130250900,year
0104035,2021,0130250800,latest
0104035,2022,0130250800,year
0104035,2023,0130250800,year
0104035,2024,0130250800,year
0104035,2025,0130250800,year
0104037,2021,0130251000,latest
0104037,2022,0130251000,year
0104037,2023,0130251000,year
0104037,2024,0130251000,year
0104037,2025,0130251000,year
0104039,2021,0130850800,latest
0104039,2022,0130850800,year
0104039,2023,0130850800,year
0104039,2024,0130850800,year
0104039,2025,0130850800,year
0104041,2021,0130251100,latest
0104041,2022,0130251100,year
0104041,2023,0130251100,year
0104041,2024,0130251100,year
0104041,2025,0130251100,year
0104043,2021,0130850900,latest
0104043,2022,0130850900,year
0104043,2023,0130850900,year
0104043,2024,0130850900,year
0104043,2025,0130850900,year
0104045,2021,0130851000,latest
0104045,2022,0130851000,year
0104045,2023,0130851000,year
0104045,2024,0130851000,year
0104045,2025,0130851000,year
0104047,2021,0130251200,latest
0104047,2022,0130251200,year
0104047,2023,0130251200,year
0104047,2024,0130251200,year
0104047,2025,0130251200,year
0104049,2021,0130251300,latest
0104049,2022,0130251300,year
0104049,2023,0130251300,year
0104049,2024,0130251300,year
0104049,2025,0130251300,year
0104051,2021,0130840100,latest
0104051,2022,0130840100,year
0104051,2023,0130840100,year
0104051,2024,0130840100,year
0104051,2025,0130840100,year
0104053,2021,0130851100,latest
0104053,2022,0130851100,year
0104053,2023,0130851100,year
0104053,2024,0130851100,year
0104053,2025,0130851100,year
0104055,2021,0130251400,latest
0104055,2022,0130251400,year
0104055,2023,0130251400,year
0104055,2024,0130251400,year
0104055,2025,0130251400,year
0104057,2021,0130851300,latest
0104057,2022,0130851300,year
0104057,2023,0130851300,year
0104057,2024,0130851300,year
0104057,2025,0130851300,year
0104059,2021,0130851200,latest
0104059,2022,0130851200,year
0104059,2023,0130851200,year
0104059,2024,0130851200,year
0104059,2025,0130851200,year
0104061,2021,0130851400,latest
0104061,2022,0130851400,year
0104061,2023,0130851400,year
0104061,2024,0130851400,year
0104061,2025,0130851400,year
0104063,2021,0130251500,latest
0104063,2022,0130251500,year
0104063,2023,0130251500,year
0104063,2024,0130251500,year
0104063,2025,0130251500,year
0104065,2021,0130851500,latest
0104065,2022,0130851500,year
0104065,2023,0130851500,year
0104065,2024,0130851500,year
0104065,2025,0130851500,year
0104067,2021,0130851600,latest
0104067,2022,0130851600,year
0104067,2023,0130851600,year
0104067,2024,0130851600,year
0104067,2025,0130851600,year
0104069,2021,0130251600,latest
0104069,2022,0130251600,year
0104069,2023,0130251600,year
0104069,2024,0130251600,year
0104069,2025,0130251600,year
0104071,2021,0130851700,latest
0104071,2022,0130851700,year
0104071,2023,0130851700,year
0104071,2024,0130851700,year
0104071,2025,0130851700,year
0104073,2021,0130251700,latest
0104073,2022,0130251700,year
0104073,2023,0130251700,year
0104073,2024,0130251700,year
0104073,2025,0130251700,year
0104075,2021,0130851800,latest
0104075,2022,0130851800,year
0104075,2023,0130851800,year
0104075,2024,0130851800,year
0104075,2025,0130851800,year
0106001,2021,0130340100,latest
0106001,2022,0130340100,year
0106001,2023,0130340100,year
0106001,2024,0130340100,year
0106001,2025,0130340100,year
0106003,2021,0130340200,latest
0106003,2022,0130340200,year
0106003,2023,0130340200,year
0106003,2024,0130340200,year
0106003,2025,0130340200,year
0106007,2021,0130350100,latest
0106007,2022,0130350100,year
0106007,2023,0130350100,year
0106007,2024,0130350100,year
0106007,2025,0130350100,year
0106009,2021,0130350200,latest
0106009,2022,0130350200,year
0106009,2023,0130350200,year
0106009,2024,0130350200,year
0106009,2025,0130350200,year
0106011,2021,0130350300,latest
0106011,2022,0130350300,year
0106011,2023,0130350300,year
0106011,2024,0130350300,year
0106011,2025,0130350300,year
0106013,2021,0130350400,latest
0106013,2022,0130350400,year
0106013,2023,0130350400,year
0106013,2024,0130350400,year
0106013,2025,0130350400,year
0106015,2021,0130350500,latest
0106015,2022,0130350500,year
0106015,2023,0130350500,year
0106015,2024,0130350500,year
0106015,2025,0130350500,year
0106017,2021,0130350600,latest
0106017,2022,0130350600,year
0106017,2023,0130350600,year
0106017,2024,0130350600,year
0106017,2025,0130350600,year
0106019,2021,0130350700,latest
0106019,2022,0130350700,year
0106019,2023,0130350700,year
0106019,2024,0130350700,year
0106019,2025,0130350700,year
0106021,2021,0130350800,latest
0106021,2022,0130350800,year
0106021,2023,0130350800,year
0106021,2024,0130350800,year
0106021,2025,0130350800,year
0106023,2021,0130350900,latest
0106023,2022,0130350900,year
0106023,2023,0130350900,year
0106023,2024,0130350900,year
0106023,2025,0130350900,year
0106025,2021,0130351000,latest
0106025,2022,0130351000,year
0106025,2023,0130351000,year
0106025,2024,0130351000,year
0106025,2025,0130351000,year
0106027,2021,0130351100,latest
0106027,2022,0130351100,year
0106027,2023,0130351100,year
0106027,2024,0130351100,year
0106027,2025,0130351100,year
0106029,2021,0130351200,latest
0106029,2022,0130351200,year
0106029,2023,0130351200,year
0106029,2024,0130351200,year
0106029,2025,0130351200,year
0106031,2021,0130351300,latest
0106031,2022,0130351300,year
0106031,2023,0130351300,year
0106031,2024,0130351300,year
0106031,2025,0130351300,year
0106033,2021,0130351400,latest
0106033,2022,0130351400,year
0106033,2023,0130351400,year
0106033,2024,0130351400,year
0106033,2025,0130351400,year
0106035,2021,0130351500,latest
0106035,2022,0130351500,year
0106035,2023,0130351500,year
0106035,2024,0130351500,year
0106035,2025,0130351500,year
0106037,2021,0130351600,latest
0106037,2022,0130351600,year
0106037,2023,0130351600,year
0106037,2024,0130351600,year
0106037,2025,0130351600,year
0106039,2021,0130351700,latest
0106039,2022,0130351700,year
0106039,2023,0130351700,year
0106039,2024,0130351700,year
0106039,2025,0130351700,year
0106041,2021,0130351800,latest
0106041,2022,0130351800,year
0106041,2023,0130351800,year
0106041,2024,0130351800,year
0106041,2025,0130351800,year
0106043,2021,0130351900,latest
0106043,2022,0130351900,year
0106043,2023,0130351900,year
0106043,2024,0130351900,year
0106043,2025,0130351900,year
0106045,2021,0130352000,latest
0106045,2022,0130352000,year
0106045,2023,0130352000,year
0106045,2024,0130352000,year
0106045,2025,0130352000,year
0106047,2021,0130352100,latest
0106047,2022,0130352100,year
0106047,2023,0130352100,year
0106047,2024,0130352100,year
0106047,2025,0130352100,year
0106049,2021,0130352200,latest
0106049,2022,0130352200,year
0106049,2023,0130352200,year
0106049,2024,0130352200,year
0106049,2025,0130352200,year
0106051,2021,0130352300,latest
0106051,2022,0130352300,year
0106051,2023,0130352300,year
0106051,2024,0130352300,year
0106051,2025,0130352300,year
0106053,2021,0130352400,latest
0106053,2022,0130352400,year
0106053,2023,0130352400,year
0106053,2024,0130352400,year
0106053,2025,0130352400,year
0106055,2021,0130352500,latest
0106055,2022,0130352500,year
0106055,2023,0130352500,year
0106055,2024,0130352500,year
0106055,2025,0130352500,year
0106057,2021,0130352600,latest
0106057,2022,0130352600,year
0106057,2023,0130352600,year
0106057,2024,0130352600,year
0106057,2025,0130352600,year
0108001,2021,0131150100,latest
0108001,2022,0131150100,year
0108001,2023,0131150100,year
0108001,2024,0131150100,year
0108001,2025,0131150100,year
0108003,2021,0131150200,latest
0108003,2022,0131150200,year
0108003,2023,0131150200,year
0108003,2024,0131150200,year
0108003,2025,0131150200,year
0108005,2021,0131150300,latest
0108005,2022,0131150300,year
0108005,2023,0131150300,year
0108005,2024,0131150300,year
0108005,2025,0131150300,year
0108007,2021,0131150400,latest
0108007,2022,0131150400,year
0108007,2023,0131150400,year
0108007,2024,0131150400,year
0108007,2025,0131150400,year
0108009,2021,0131150500,latest
0108009,2022,0131150500,year
0108009,2023,0131150500,year
0108009,2024,0131150500,year
0108009,2025,0131150500,year
0108011,2021,0131450100,latest
0108011,2022,0131450100,year
0108011,2023,0131450100,year
0108011,2024,0131450100,year
0108011,2025,0131450100,year
0108013,2021,0131150600,latest
0108013,2022,0131150600,year
0108013,2023,0131150600,year
0108013,2024,0131150600,year
0108013,2025,0131150600,year
0108017,2021,0120540100,latest
0108017,2022,0120540100,year
0108017,2023,0120540100,year
0108017,2024,0120540100,year
0108017,2025,0120540100,year
0108019,2021,0131150700,latest
0108019,2022,0131150700,year
0108019,2023,0131150700,year
0108019,2024,0131150700,year
0108019,2025,0131150700,year
0108021,2021,0131150800,latest
0108021,2022,0131150800,year
0108021,2023,0131150800,year
0108021,2024,0131150800,year
0108021,2025,0131150800,year
0108023,2021,0131450200,latest
0108023,2022,0131450200,year
0108023,2023,0131450200,year
0108023,2024,0131450200,year
0108023,2025,0131450200,year
0108025,2021,0131150900,latest
0108025,2022,0131150900,year
0108025,2023,0131150900,year
0108025,2024,0131150900,year
0108025,2025,0131150900,year
0108027,2021,0131151000,latest
0108027,2022,0131151000,year
0108027,2023,0131151000,year
0108027,2024,0131151000,year
0108027,2025,0131151000,year
0108029,2021,0131450300,latest
0108029,2022,0131450300,year
0108029,2023,0131450300,year
0108029,2024,0131450300,year
0108029,2025,0131450300,year
0108031,2021,0131450400,latest
0108031,2022,0131450400,year
0108031,2023,0131450400,year
0108031,2024,0131450400,year
0108031,2025,0131450400,year
0108033,2021,0131151100,latest
0108033,2022,0131151100,year
0108033,2023,0131151100,year
0108033,2024,0131151100,year
0108033,2025,0131151100,year
0108035,2021,0131151200,latest
0108035,2022,0131151200,year
0108035,2023,0131151200,year
0108035,2024,0131151200,year
0108035,2025,0131151200,year
0108037,2021,0131450500,latest
0108037,2022,0131450500,year
0108037,2023,0131450500,year
0108037,2024,0131450500,year
0108037,2025,0131450500,year
0108039,2021,0120540200,latest
0108039,2022,0120540200,year
0108039,2023,0120540200,year
0108039,2024,0120540200,year
0108039,2025,0120540200,year
0108041,2021,0131151300,latest
0108041,2022,0131151300,year
0108041,2023,0131151300,year
0108041,2024,0131151300,year
0108041,2025,0131151300,year
0108043,2021,0131450600,latest
0108043,2022,0131450600,year
0108043,2023,0131450600,year
0108043,2024,0131450600,year
0108043,2025,0131450600,year
0108045,2021,0131151400,latest
0108045,2022,0131151400,year
0108045,2023,0131151400,year
0108045,2024,0131151400,year
0108045,2025,0131151400,year
0108047,2021,0131450700,latest
0108047,2022,0131450700,year
0108047,2023,0131450700,year
0108047,2024,0131450700,year
0108047,2025,0131450700,year
0108049,2021,0120540300,latest
0108049,2022,0120540300,year
0108049,2023,0120540300,year
0108049,2024,0120540300,year
0108049,2025,0120540300,year
0108051,2021,0131450800,latest
0108051,2022,0131450800,year
0108051,2023,0131450800,year
0108051,2024,0131450800,year
0108051,2025,0131450800,year
0108053,2021,0131140100,latest
0108053,2022,0131140100,year
0108053,2023,0131140100,year
0108053,2024,0131140100,year
0108053,2025,0131140100,year
0108055,2021,0131450900,latest
0108055,2022,0131450900,year
0108055,2023,0131450900,year
0108055,2024,0131450900,year
0108055,2025,0131450900,year
0108057,2021,0131451000,latest
0108057,2022,0131451000,year
0108057,2023,0131451000,year
0108057,2024,0131451000,year
0108057,2025,0131451000,year
0108059,2021,0131151500,latest
0108059,2022,0131151500,year
0108059,2023,0131151500,year
0108059,2024,0131151500,year
0108059,2025,0131151500,year
0108061,2021,0131151600,latest
0108061,2022,0131151600,year
0108061,2023,0131151600,year
0108061,2024,0131151600,year
0108061,2025,0131151600,year
0108063,2021,0131151700,latest
0108063,2022,0131151700,year
0108063,2023,0131151700,year
0108063,2024,0131151700,year
0108063,2025,0131151700,year
0108067,2021,0131151800,latest
0108067,2022,0131151800,year
0108067,2023,0131151800,year
0108067,2024,0131151800,year
0108067,2025,0131151800,year
0108069,2021,0131151900,latest
0108069,2022,0131151900,year
0108069,2023,0131151900,year
0108069,2024,0131151900,year
0108069,2025,0131151900,year
0108071,2021,0131152000,latest
0108071,2022,0131152000,year
0108071,2023,0131152000,year
0108071,2024,0131152000,year
0108071,2025,0131152000,year
0108073,2021,0131152100,latest
0108073,2022,0131152100,year
0108073,2023,0131152100,year
0108073,2024,0131152100,year
0108073,2025,0131152100,year
0108075,2021,0131152200,latest
0108075,2022,0131152200,year
0108075,2023,0131152200,year
0108075,2024,0131152200,year
0108075,2025,0131152200,year
0108077,2021,0131440100,latest
0108077,2022,0131440100,year
0108077,2023,0131440100,year
0108077,2024,0131440100,year
0108077,2025,0131440100,year
0108079,2021,0131152300,latest
0108079,2022,0131152300,year
0108079,2023,0131152300,year
0108079,2024,0131152300,year
0108079,2025,0131152300,year
0110001,2021,0130740100,latest
0110001,2022,0130740100,year
0110001,2023,0130740100,year
0110001,2024,0130740100,year
0110001,2025,0130740100,year
0110003,2021,0130750100,latest
0110003,2022,0130750100,year
0110003,2023,0130750100,year
0110003,2024,0130750100,year
0110003,2025,0130750100,year
0110005,2021,0130750200,latest
0110005,2022,0130750200,year
0110005,2023,0130750200,year
0110005,2024,0130750200,year
0110005,2025,0130750200,year
0110007,2021,0130750400,latest
0110007,2022,0130750400,year
0110007,2023,0130750400,year
0110007,2024,0130750400,year
0110007,2025,0130750400,year
0110009,2021,0130750300,latest
0110009,2022,0130750300,year
0110009,2023,0130750300,year
0110009,2024,0130750300,year
0110009,2025,0130750300,year
0110011,2021,0130750500,latest
0110011,2022,0130750500,year
0110011,2023,0130750500,year
0110011,2024,0130750500,year
0110011,2025,0130750500,year
0110013,2021,0130750600,latest
0110013,2022,0130750600,year
0110013,2023,0130750600,year
0110013,2024,0130750600,year
0110013,2025,0130750600,year
0110015,2021,0130750700,latest
0110015,2022,0130750700,year
0110015,2023,0130750700,year
0110015,2024,0130750700,year
0110015,2025,0130750700,year
0110017,2021,0130750800,latest
0110017,2022,0130750800,year
0110017,2023,0130750800,year
0110017,2024,0130750800,year
0110017,2025,0130750800,year
0110019,2021,0130750900,latest
0110019,2022,0130750900,year
0110019,2023,0130750900,year
0110019,2024,0130750900,year
0110019,2025,0130750900,year
0110023,2021,0130751100,latest
0110023,2022,0130751100,year
0110023,2023,0130751100,year
0110023,2024,0130751100,year
0110023,2025,0130751100,year
0110025,2021,0130751000,latest
0110025,2022,0130751000,year
0110025,2023,0130751000,year
0110025,2024,0130751000,year
0110025,2025,0130751000,year
0110027,2021,0130740200,latest
0110027,2022,0130740200,year
0110027,2023,0130740200,year
0110027,2024,0130740200,year
0110027,2025,0130740200,year
0110029,2021,0130751200,latest
0110029,2022,0130751200,year
0110029,2023,0130751200,year
0110029,2024,0130751200,year
0110029,2025,0130751200,year
0110031,2021,0130751300,latest
0110031,2022,0130751300,year
0110031,2023,0130751300,year
0110031,2024,0130751300,year
0110031,2025,0130751300,year
0110033,2021,0130751500,latest
0110033,2022,0130751500,year
0110033,2023,0130751500,year
0110033,2024,0130751500,year
0110033,2025,0130751500,year
0110035,2021,0130751400,latest
0110035,2022,0130751400,year
0110035,2023,0130751400,year
0110035,2024,0130751400,year
0110035,2025,0130751400,year
0110037,2021,0130751600,latest
0110037,2022,0130751600,year
0110037,2023,0130751600,year
0110037,2024,0130751600,year
0110037,2025,0130751600,year
0110039,2021,0130751700,latest
0110039,2022,0130751700,year
0110039,2023,0130751700,year
0110039,2024,0130751700,year
0110039,2025,0130751700,year
0110041,2021,0130751800,latest
0110041,2022,0130751800,year
0110041,2023,0130751800,year
0110041,2024,0130751800,year
0110041,2025,0130751800,year
0110043,2021,0130751900,latest
0110043,2022,0130751900,year
0110043,2023,0130751900,year
0110043,2024,0130751900,year
0110043,2025,0130751900,year
0110045,2021,0130752000,latest
0110045,2022,0130752000,year
0110045,2023,0130752000,year
0110045,2024,0130752000,year
0110045,2025,0130752000,year
0110047,2021,0130752200,latest
0110047,2022,0130752200,year
0110047,2023,0130752200,year
0110047,2024,0130752200,year
0110047,2025,0130752200,year
0110049,2021,0130752100,latest
0110049,2022,0130752100,year
0110049,2023,0130752100,year
0110049,2024,0130752100,year
0110049,2025,0130752100,year
0110051,2021,0130752300,latest
0110051,2022,0130752300,year
0110051,2023,0130752300,year
0110051,2024,0130752300,year
0110051,2025,0130752300,year
0110053,2021,0130752400,latest
0110053,2022,0130752400,year
0110053,2023,0130752400,year
0110053,2024,0130752400,year
0110053,2025,0130752400,year
0110055,2021,0130730100,latest
0110055,2022,0130730100,year
0110055,2023,0130730100,year
0110055,2024,0130730100,year
0110055,2025,0130730100,year
0112001,2021,0130950100,latest
0112001,2022,0130950100,year
0112001,2023,0130950100,year
0112001,2024,0130950100,year
0112001,2025,0130950100,year
0112003,2021,0130550100,latest
0112003,2022,0130550100,year
0112003,2023,0130550100,year
0112003,2024,0130550100,year
0112003,2025,0130550100,year
0112005,2021,0130950200,latest
0112005,2022,0130950200,year
0112005,2023,0130950200,year
0112005,2024,0130950200,year
0112005,2025,0130950200,year
0112007,2021,0130550200,latest
0112007,2022,0130550200,year
0112007,2023,0130550200,year
0112007,2024,0130550200,year
0112007,2025,0130550200,year
0112009,2021,0130950300,latest
0112009,2022,0130950300,year
0112009,2023,0130950300,year
0112009,2024,0130950300,year
0112009,2025,0130950300,year
0112011,2021,0130950400,latest
0112011,2022,0130950400,year
0112011,2023,0130950400,year
0112011,2024,0130950400,year
0112011,2025,0130950400,year
0112013,2021,0130550300,latest
0112013,2022,0130550300,year
0112013,2023,0130550300,year
0112013,2024,0130550300,year
0112013,2025,0130550300,year
0112015,2021,0130550800,latest
0112015,2022,0130550800,year
0112015,2023,0130550800,year
0112015,2024,0130550800,year
0112015,2025,0130550800,year
0112017,2021,0130950500,latest
0112017,2022,0130950500,year
0112017,2023,0130950500,year
0112017,2024,0130950500,year
0112017,2025,0130950500,year
0112019,2021,0130550500,latest
0112019,2022,0130550500,year
0112019,2023,0130550500,year
0112019,2024,0130550500,year
0112019,2025,0130550500,year
0112021,2021,0130550700,latest
0112021,2022,0130550700,year
0112021,2023,0130550700,year
0112021,2024,0130550700,year
0112021,2025,0130550700,year
0112023,2021,0130950600,latest
0112023,2022,0130950600,year
0112023,2023,0130950600,year
0112023,2024,0130950600,year
0112023,2025,0130950600,year
0112025,2021,0130550600,latest
0112025,2022,0130550600,year
0112025,2023,0130550600,year
0112025,2024,0130550600,year
0112025,2025,0130550600,year
0112027,2021,0130540100,latest
0112027,2022,0130540100,year
0112027,2023,0130540100,year
0112027,2024,0130540100,year
0112027,2025,0130540100,year
0112029,2021,0130550400,latest
0112029,2022,0130550400,year
0112029,2023,0130550400,year
0112029,2024,0130550400,year
0112029,2025,0130550400,year
0112031,2021,0130950700,latest
0112031,2022,0130950700,year
0112031,2023,0130950700,year
0112031,2024,0130950700,year
0112031,2025,0130950700,year
0112033,2021,0130550900,latest
0112033,2022,0130550900,year
0112033,2023,0130550900,year
0112033,2024,0130550900,year
0112033,2025,0130550900,year
0112035,2021,0130551000,latest
0112035,2022,0130551000,year
0112035,2023,0130551000,year
0112035,2024,0130551000,year
0112035,2025,0130551000,year
0112037,2021,0130551100,latest
0112037,2022,0130551100,year
0112037,2023,0130551100,year
0112037,2024,0130551100,year
0112037,2025,0130551100,year
0112039,2021,0130551200,latest
0112039,2022,0130551200,year
0112039,2023,0130551200,year
0112039,2024,0130551200,year
0112039,2025,0130551200,year
0112041,2021,0130540200,latest
0112041,2022,0130540200,year
0112041,2023,0130540200,year
0112041,2024,0130540200,year
0112041,2025,0130540200,year
0112043,2021,0130950900,latest
0112043,2022,0130950900,year
0112043,2023,0130950900,year
0112043,2024,0130950900,year
0112043,2025,0130950900,year
0112045,2021,0130551300,latest
0112045,2022,0130551300,year
0112045,2023,0130551300,year
0112045,2024,0130551300,year
0112045,2025,0130551300,year
0112047,2021,0130950800,latest
0112047,2022,0130950800,year
0112047,2023,0130950800,year
0112047,2024,0130950800,year
0112047,2025,0130950800,year
0112049,2021,0130951000,latest
0112049,2022,0130951000,year
0112049,2023,0130951000,year
0112049,2024,0130951000,year
0112049,2025,0130951000,year
0112051,2021,0130551600,latest
0112051,2022,0130551600,year
0112051,2023,0130551600,year
0112051,2024,0130551600,year
0112051,2025,0130551600,year
0112053,2021,0130940100,latest
0112053,2022,0130940100,year
0112053,2023,0130940100,year
0112053,2024,0130940100,year
0112053,2025,0130940100,year
0112055,2021,0130551400,latest
0112055,2022,0130551400,year
0112055,2023,0130551400,year
0112055,2024,0130551400,year
0112055,2025,0130551400,year
0112057,2021,0130551500,latest
0112057,2022,0130551500,year
0112057,2023,0130551500,year
0112057,2024,0130551500,year
0112057,2025,0130551500,year
0112059,2021,0130951100,latest
0112059,2022,0130951100,year
0112059,2023,0130951100,year
0112059,2024,0130951100,year
0112059,2025,0130951100,year
0112061,2021,0130551700,latest
0112061,2022,0130551700,year
0112061,2023,0130551700,year
0112061,2024,0130551700,year
0112061,2025,0130551700,year
0112063,2021,0130951200,latest
0112063,2022,0130951200,year
0112063,2023,0130951200,year
0112063,2024,0130951200,year
0112063,2025,0130951200,year
0112065,2021,0130951300,latest
0112065,2022,0130951300,year
0112065,2023,0130951300,year
0112065,2024,0130951300,year
0112065,2025,0130951300,year
0112067,2021,0130951400,latest
0112067,2022,0130951400,year
0112067,2023,0130951400,year
0112067,2024,0130951400,year
0112067,2025,0130951400,year
0112069,2021,0130951500,latest
0112069,2022,0130951500,year
0112069,2023,0130951500,year
0112069,2024,0130951500,year
0112069,2025,0130951500,year
0112071,2021,0130951600,latest
0112071,2022,0130951600,year
0112071,2023,0130951600,year
0112071,2024,0130951600,year
0112071,2025,0130951600,year
0112073,2021,0130551800,latest
0112073,2022,0130551800,year
0112073,2023,0130551800,year
0112073,2024,0130551800,year
0112073,2025,0130551800,year
0114003,2021,0131050100,latest
0114003,2022,0131050100,year
0114003,2023,0131050100,year
0114003,2024,0131050100,year
0114003,2025,0131050100,year
0114005,2021,0131050200,latest
0114005,2022,0131050200,year
0114005,2023,0131050200,year
0114005,2024,0131050200,year
0114005,2025,0131050200,year
0114007,2021,0130650100,latest
0114007,2022,0130650100,year
0114007,2023,0130650100,year
0114007,2024,0130650100,year
0114007,2025,0130650100,year
0114009,2021,0130650200,latest
0114009,2022,0130650200,year
0114009,2023,0130650200,year
0114009,2024,0130650200,year
0114009,2025,0130650200,year
0114011,2021,0130650300,latest
0114011,2022,0130650300,year
0114011,2023,0130650300,year
0114011,2024,0130650300,year
0114011,2025,0130650300,year
0114013,2021,0131050300,latest
0114013,2022,0131050300,year
0114013,2023,0131050300,year
0114013,2024,0131050300,year
0114013,2025,0131050300,year
0114015,2021,0130650400,latest
0114015,2022,0130650400,year
0114015,2023,0130650400,year
0114015,2024,0130650400,year
0114015,2025,0130650400,year
0114017,2021,0130650500,latest
0114017,2022,0130650500,year
0114017,2023,0130650500,year
0114017,2024,0130650500,year
0114017,2025,0130650500,year
0114019,2021,0131050400,latest
0114019,2022,0131050400,year
0114019,2023,0131050400,year
0114019,2024,0131050400,year
0114019,2025,0131050400,year
0114021,2021,0130650600,latest
0114021,2022,0130650600,year
0114021,2023,0130650600,year
0114021,2024,0130650600,year
0114021,2025,0130650600,year
0114025,2021,0131050500,latest
0114025,2022,0131050500,year
0114025,2023,0131050500,year
0114025,2024,0131050500,year
0114025,2025,0131050500,year
0114027,2021,0130650700,latest
0114027,2022,0130650700,year
0114027,2023,0130650700,year
0114027,2024,0130650700,year
0114027,2025,0130650700,year
0114029,2021,0130650800,latest
0114029,2022,0130650800,year
0114029,2023,0130650800,year
0114029,2024,0130650800,year
0114029,2025,0130650800,year
0114031,2021,0131040200,latest
0114031,2022,0131040200,year
0114031,2023,0131040200,year
0114031,2024,0131040200,year
0114031,2025,0131040200,year
0114033,2021,0130650900,latest
0114033,2022,0130650900,year
0114033,2023,0130650900,year
0114033,2024,0130650900,year
0114033,2025,0130650900,year
0114035,2021,0130651000,latest
0114035,2022,0130651000,year
0114035,2023,0130651000,year
0114035,2024,0130651000,year
0114035,2025,0130651000,year
0114037,2021,0131040100,latest
0114037,2022,0131040100,year
0114037,2023,0131040100,year
0114037,2024,0131040100,year
0114037,2025,0131040100,year
0114039,2021,0131050600,latest
0114039,2022,0131050600,year
0114039,2023,0131050600,year
0114039,2024,0131050600,year
0114039,2025,0131050600,year
0114041,2021,0131050700,latest
0114041,2022,0131050700,year
0114041,2023,0131050700,year
0114041,2024,0131050700,year
0114041,2025,0131050700,year
0114043,2021,0131050800,latest
0114043,2022,0131050800,year
0114043,2023,0131050800,year
0114043,2024,0131050800,year
0114043,2025,0131050800,year
0114045,2021,0131050900,latest
0114045,2022,0131050900,year
0114045,2023,0131050900,year
0114045,2024,0131050900,year
0114045,2025,0131050900,year
0114047,2021,0130651100,latest
0114047,2022,0130651100,year
0114047,2023,0130651100,year
0114047,2024,0130651100,year
0114047,2025,0130651100,year
0114051,2021,0130651200,latest
0114051,2022,0130651200,year
0114051,2023,0130651200,year
0114051,2024,0130651200,year
0114051,2025,0130651200,year
0114053,2021,0131051000,latest
0114053,2022,0131051000,year
0114053,2023,0131051000,year
0114053,2024,0131051000,year
0114053,2025,0131051000,year
0116001,2021,0131240100,latest
0116001,2022,0131240100,year
0116001,2023,0131240100,year
0116001,2024,0131240100,year
0116001,2025,0131240100,year
0116003,2021,0120140100,latest
0116003,2022,0120140100,year
0116003,2023,0120140100,year
0116003,2024,0120140100,year
0116003,2025,0120140100,year
0116005,2021,0131250100,latest
0116005,2022,0131250100,year
0116005,2023,0131250100,year
0116005,2024,0131250100,year
0116005,2025,0131250100,year
0116007,2021,0131250200,latest
0116007,2022,0131250200,year
0116007,2023,0131250200,year
0116007,2024,0131250200,year
0116007,2025,0131250200,year
0116009,2021,0131250300,latest
0116009,2022,0131250300,year
0116009,2023,0131250300,year
0116009,2024,0131250300,year
0116009,2025,0131250300,year
0116011,2021,0131250400,latest
0116011,2022,0131250400,year
0116011,2023,0131250400,year
0116011,2024,0131250400,year
0116011,2025,0131250400,year
0116013,2021,0131250500,latest
0116013,2022,0131250500,year
0116013,2023,0131250500,year
0116013,2024,0131250500,year
0116013,2025,0131250500,year
0116015,2021,0131240300,latest
0116015,2022,0131240300,year
0116015,2023,0131240300,year
0116015,2024,0131240300,year
0116015,2025,0131240300,year
0116017,2021,0131250600,latest
0116017,2022,0131250600,year
0116017,2023,0131250600,year
0116017,2024,0131250600,year
0116017,2025,0131250600,year
0116019,2021,0131240200,latest
0116019,2022,0131240200,year
0116019,2023,0131240200,year
0116019,2024,0131240200,year
0116019,2025,0131240200,year
0116021,2021,0131250700,latest
0116021,2022,0131250700,year
0116021,2023,0131250700,year
0116021,2024,0131250700,year
0116021,2025,0131250700,year
0116023,2021,0131250800,latest
0116023,2022,0131250800,year
0116023,2023,0131250800,year
0116023,2024,0131250800,year
0116023,2025,0131250800,year
0116025,2021,0131250900,latest
0116025,2022,0131250900,year
0116025,2023,0131250900,year
0116025,2024,0131250900,year
0116025,2025,0131250900,year
0116027,2021,0131251000,latest
0116027,2022,0131251000,year
0116027,2023,0131251000,year
0116027,2024,0131251000,year
0116027,2025,0131251000,year
0116029,2021,0131251100,latest
0116029,2022,0131251100,year
0116029,2023,0131251100,year
0116029,2024,0131251100,year
0116029,2025,0131251100,year
0116031,2021,0131251200,latest
0116031,2022,0131251200,year
0116031,2023,0131251200,year
0116031,2024,0131251200,year
0116031,2025,0131251200,year
0116035,2021,0131251300,latest
0116035,2022,0131251300,year
0116035,2023,0131251300,year
0116035,2024,0131251300,year
0116035,2025,0131251300,year
0116037,2021,0131251400,latest
0116037,2022,0131251400,year
0116037,2023,0131251400,year
0116037,2024,0131251400,year
0116037,2025,0131251400,year
0116039,2021,0131251500,latest
0116039,2022,0131251500,year
0116039,2023,0131251500,year
0116039,2024,0131251500,year
0116039,2025,0131251500,year
0116041,2021,0131251600,latest
0116041,2022,0131251600,year
0116041,2023,0131251600,year
0116041,2024,0131251600,year
0116041,2025,0131251600,year
0116043,2021,0131251700,latest
0116043,2022,0131251700,year
0116043,2023,0131251700,year
0116043,2024,0131251700,year
0116043,2025,0131251700,year
0116045,2021,0131251800,latest
0116045,2022,0131251800,year
0116045,2023,0131251800,year
0116045,2024,0131251800,year
0116045,2025,0131251800,year
0116047,2021,0131240400,latest
0116047,2022,0131240400,year
0116047,2023,0131240400,year
0116047,2024,0131240400,year
0116047,2025,0131240400,year
0118001,2021,0130450100,latest
0118001,2022,0130450100,year
0118001,2023,0130450100,year
0118001,2024,0130450100,year
0118001,2025,0130450100,year
0118007,2021,0130450200,latest
0118007,2022,0130450200,year
0118007,2023,0130450200,year
0118007,2024,0130450200,year
0118007,2025,0130450200,year
0118013,2021,0131350100,latest
0118013,2022,0131350100,year
0118013,2023,0131350100,year
0118013,2024,0131350100,year
0118013,2025,0131350100,year
0118015,2021,0130450300,latest
0118015,2022,0130450300,year
0118015,2023,0130450300,year
0118015,2024,0130450300,year
0118015,2025,0130450300,year
0118017,2021,0131350200,latest
0118017,2022,0131350200,year
0118017,2023,0131350200,year
0118017,2024,0131350200,year
0118017,2025,0131350200,year
0118019,2021,0130450400,latest
0118019,2022,0130450400,year
0118019,2023,0130450400,year
0118019,2024,0130450400,year
0118019,2025,0130450400,year
0118021,2021,0131350300,latest
0118021,2022,0131350300,year
0118021,2023,0131350300,year
0118021,2024,0131350300,year
0118021,2025,0131350300,year
0118023,2021,0130440100,latest
0118023,2022,0130440100,year
0118023,2023,0130440100,year
0118023,2024,0130440100,year
0118023,2025,0130440100,year
0118025,2021,0121040100,latest
0118025,2022,0121040100,year
0118025,2023,0121040100,year
0118025,2024,0121040100,year
0118025,2025,0121040100,year
0118027,2021,0131350400,latest
0118027,2022,0131350400,year
0118027,2023,0131350400,year
0118027,2024,0131350400,year
0118027,2025,0131350400,year
0118029,2021,0131350500,latest
0118029,2022,0131350500,year
0118029,2023,0131350500,year
0118029,2024,0131350500,year
0118029,2025,0131350500,year
0118031,2021,0130450500,latest
0118031,2022,0130450500,year
0118031,2023,0130450500,year
0118031,2024,0130450500,year
0118031,2025,0130450500,year
0118039,2021,0131350600,latest
0118039,2022,0131350600,year
0118039,2023,0131350600,year
0118039,2024,0131350600,year
0118039,2025,0131350600,year
0118041,2021,0120940100,latest
0118041,2022,0120940100,year
0118041,2023,0120940100,year
0118041,2024,0120940100,year
0118041,2025,0120940100,year
0118043,2021,0121040200,latest
0118043,2022,0121040200,year
0118043,2023,0121040200,year
0118043,2024,0121040200,year
0118043,2025,0121040200,year
0118045,2021,0130450600,latest
0118045,2022,0130450600,year
0118045,2023,0130450600,year
0118045,2024,0130450600,year
0118045,2025,0130450600,year
0118047,2021,0130450700,latest
0118047,2022,0130450700,year
0118047,2023,0130450700,year
0118047,2024,0130450700,year
0118047,2025,0130450700,year
0118049,2021,0130450800,latest
0118049,2022,0130450800,year
0118049,2023,0130450800,year
0118049,2024,0130450800,year
0118049,2025,0130450800,year
0118051,2021,0121040300,latest
0118051,2022,0121040300,year
0118051,2023,0121040300,year
0118051,2024,0121040300,year
0118051,2025,0121040300,year
0118053,2021,0131350700,latest
0118053,2022,0131350700,year
0118053,2023,0131350700,year
0118053,2024,0131350700,year
0118053,2025,0131350700,year
0118055,2021,0131350800,latest
0118055,2022,0131350800,year
0118055,2023,0131350800,year
0118055,2024,0131350800,year
0118055,2025,0131350800,year
0118057,2021,0130450900,latest
0118057,2022,0130450900,year
0118057,2023,0130450900,year
0118057,2024,0130450900,year
0118057,2025,0130450900,year
0118059,2021,0131340100,latest
0118059,2022,0131340100,year
0118059,2023,0131340100,year
0118059,2024,0131340100,year
0118059,2025,0131340100,year
0118063,2021,0130430100,latest
0118063,2022,0130430100,year
0118063,2023,0130430100,year
0118063,2024,0130430100,year
0118063,2025,0130430100,year
0118067,2021,0130451000,latest
0118067,2022,0130451000,year
0118067,2023,0130451000,year
0118067,2024,0130451000,year
0118067,2025,0130451000,year
0118069,2021,0131350900,latest
0118069,2022,0131350900,year
0118069,2023,0131350900,year
0118069,2024,0131350900,year
0118069,2025,0131350900,year
0118073,2021,0131351000,latest
0118073,2022,0131351000,year
0118073,2023,0131351000,year
0118073,2024,0131351000,year
0118073,2025,0131351000,year
0118075,2021,0131351100,latest
0118075,2022,0131351100,year
0118075,2023,0131351100,year
0118075,2024,0131351100,year
0118075,2025,0131351100,year
0118077,2021,0121040400,latest
0118077,2022,0121040400,year
0118077,2023,0121040400,year
0118077,2024,0121040400,year
0118077,2025,0121040400,year
0118079,2021,0130451100,latest
0118079,2022,0130451100,year
0118079,2023,0130451100,year
0118079,2024,0130451100,year
0118079,2025,0130451100,year
0120001,2021,0121170100,latest
0120001,2022,0121170100,year
0120001,2023,0121170100,year
0120001,2024,0121170100,year
0120001,2025,0121170100,year
0120005,2021,0121140100,latest
0120005,2022,0121140100,year
0120005,2023,0121140100,year
0120005,2024,0121140100,year
0120005,2025,0121140100,year
0120007,2021,0121140200,latest
0120007,2022,0121140200,year
0120007,2023,0121140200,year
0120007,2024,0121140200,year
0120007,2025,0121140200,year
0120011,2021,0121140300,latest
0120011,2022,0121140300,year
0120011,2023,0121140300,year
0120011,2024,0121140300,year
0120011,2025,0121140300,year
0120013,2021,0121140400,latest
0120013,2022,0121140400,year
0120013,2023,0121140400,year
0120013,2024,0121140400,year
0120013,2025,0121140400,year
0120021,2021,0121140500,latest
0120021,2022,0121140500,year
0120021,2023,0121140500,year
0120021,2024,0121140500,year
0120021,2025,0121140500,year
0120023,2021,0120240100,latest
0120023,2022,0120240100,year
0120023,2023,0120240100,year
0120023,2024,0120240100,year
0120023,2025,0120240100,year
0120027,2021,0121140600,latest
0120027,2022,0121140600,year
0120027,2023,0121140600,year
0120027,2024,0121140600,year
0120027,2025,0121140600,year
0120029,2021,0121140700,latest
0120029,2022,0121140700,year
0120029,2023,0121140700,year
0120029,2024,0121140700,year
0120029,2025,0121140700,year
0502001,2021,0254700000,year
0502001,2022,0254700000,year
0502001,2023,0254700000,year
0502001,2024,0254700000,year
0502001,2025,0254700000,year
0502003,2021,0253600000,year
0502003,2022,0253600000,year
0502003,2023,0253600000,year
0502003,2024,0253600000,year
0502003,2025,0253600000,year
0502005,2021,0250800000,year
0502005,2022,0250800000,year
0502005,2023,0250800000,year
0502005,2024,0250800000,year
0502005,2025,0250800000,year
0502007,2021,0253300000,year
0502007,2022,0253300000,year
0502007,2023,0253300000,year
0502007,2024,0253300000,year
0502007,2025,0253300000,year
0502009,2021,0250300000,year
0502009,2022,0250300000,year
0502009,2023,0250300000,year
0502009,2024,0250300000,year
0502009,2025,0250300000,year
0502011,2021,0255700000,year
0502011,2022,0255700000,year
0502011,2023,0255700000,year
0502011,2024,0255700000,year
0502011,2025,0255700000,year
0502013,2021,0254100000,year
0502013,2022,0254100000,year
0502013,2023,0254100000,year
0502013,2024,0254100000,year
0502013,2025,0254100000,year
0502015,2021,0253000000,year
0502015,2022,0253000000,year
0502015,2023,0253000000,year
0502015,2024,0253000000,year
0502015,2025,0253000000,year
0502017,2021,0250600000,year
0502017,2022,0250600000,year
0502017,2023,0250600000,year
0502017,2024,0250600000,year
0502017,2025,0250600000,year
0502019,2021,0251000000,year
0502019,2022,0251000000,year
0502019,2023,0251000000,year
0502019,2024,0251000000,year
0502019,2025,0251000000,year
0502021,2021,0256300000,year
0502021,2022,0256300000,year
0502021,2023,0256300000,year
0502021,2024,0256300000,year
0502021,2025,0256300000,year
0502023,2021,0256600000,year
0502023,2022,0256600000,year
0502023,2023,0256600000,year
0502023,2024,0256600000,year
0502023,2025,0256600000,year
0502025,2021,0254300000,year
0502025,2022,0254300000,year
0502025,2023,0254300000,year
0502025,2024,0254300000,year
0502025,2025,0254300000,year
0502027,2021,0256700000,year
0502027,2022,0256700000,year
0502027,2023,0256700000,year
0502027,2024,0256700000,year
0502027,2025,0256700000,year
0502029,2021,0256800000,year
0502029,2022,0256800000,year
0502029,2023,0256800000,year
0502029,2024,0256800000,year
0502029,2025,0256800000,year
0502031,2021,0252300000,year
0502031,2022,0252300000,year
0502031,2023,0252300000,year
0502031,2024,0252300000,year
0502031,2025,0252300000,year
0504001,2021,0254800000,year
0504001,2022,0254800000,year
0504001,2023,0254800000,year
0504001,2024,0254800000,year
0504001,2025,0254800000,year
0504003,2021,0255000000,year
0504003,2022,0255000000,year
0504003,2023,0255000000,year
0504003,2024,0255000000,year
0504003,2025,0255000000,year
0504005,2021,0250900000,year
0504005,2022,0250900000,year
0504005,2023,0250900000,year
0504005,2024,0250900000,year
0504005,2025,0250900000,year
0504007,2021,0251600000,year
0504007,2022,0251600000,year
0504007,2023,0251600000,year
0504007,2024,0251600000,year
0504007,2025,0251600000,year
0504009,2021,0253100000,year
0504009,2022,0253100000,year
0504009,2023,0253100000,year
0504009,2024,0253100000,year
0504009,2025,0253100000,year
0504011,2021,0252400000,year
0504011,2022,0252400000,year
0504011,2023,0252400000,year
0504011,2024,0252400000,year
0504011,2025,0252400000,year
0504013,2021,0255600000,year
0504013,2022,0255600000,year
0504013,2023,0255600000,year
0504013,2024,0255600000,year
0504013,2025,0255600000,year
0504015,2021,0256000000,year
0504015,2022,0256000000,year
0504015,2023,0256000000,year
0504015,2024,0256000000,year
0504015,2025,0256000000,year
0504017,2021,0256100000,year
0504017,2022,0256100000,year
0504017,2023,0256100000,year
0504017,2024,0256100000,year
0504017,2025,0256100000,year
0504019,2021,0251900000,year
0504019,2022,0251900000,year
0504019,2023,0251900000,year
0504019,2024,0251900000,year
0504019,2025,0251900000,year
0504021,2021,0254000000,year
0504021,2022,0254000000,year
0504021,2023,0254000000,year
0504021,2024,0254000000,year
0504021,2025,0254000000,year
0504023,2021,0253800000,year
0504023,2022,0253800000,year
0504023,2023,0253800000,year
0504023,2024,0253800000,year
0504023,2025,0253800000,year
0504025,2021,0253500000,year
0504025,2022,0253500000,year
0504025,2023,0253500000,year
0504025,2024,0253500000,year
0504025,2025,0253500000,year
0504027,2021,0257100000,year
0504027,2022,0257100000,year
0504027,2023,0257100000,year
0504027,2024,0257100000,year
0504027,2025,0257100000,year
0506001,2021,0250500000,year
0506001,2022,0250500000,year
0506001,2023,0250500000,year
0506001,2024,0250500000,year
0506001,2025,0250500000,year
0506003,2021,0255200000,year
0506003,2022,0255200000,year
0506003,2023,0255200000,year
0506003,2024,0255200000,year
0506003,2025,0255200000,year
0506005,2021,0254200000,year
0506005,2022,0254200000,year
0506005,2023,0254200000,year
0506005,2024,0254200000,year
0506005,2025,0254200000,year
0506007,2021,0255400000,year
0506007,2022,0255400000,year
0506007,2023,0255400000,year
0506007,2024,0255400000,year
0506007,2025,0255400000,year
0506009,2021,0252200000,year
0506009,2022,0252200000,year
0506009,2023,0252200000,year
0506009,2024,0252200000,year
0506009,2025,0252200000,year
0506011,2021,0252000000,year
0506011,2022,0252000000,year
0506011,2023,0252000000,year
0506011,2024,0252000000,year
0506011,2025,0252000000,year
0506013,2021,0256500000,year
0506013,2022,0256500000,year
0506013,2023,0256500000,year
0506013,2024,0256500000,year
0506013,2025,0256500000,year
0506015,2021,0257200000,year
0506015,2022,0257200000,year
0506015,2023,0257200000,year
0506015,2024,0257200000,year
0506015,2025,0257200000,year
0508001,2021,0251400000,year
0508001,2022,0251400000,year
0508001,2023,0251400000,year
0508001,2024,0251400000,year
0508001,2025,0251400000,year
0508003,2021,0254900000,year
0508003,2022,0254900000,year
0508003,2023,0254900000,year
0508003,2024,0254900000,year
0508003,2025,0254900000,year
0508005,2021,0255800000,year
0508005,2022,0255800000,year
0508005,2023,0255800000,year
0508005,2024,0255800000,year
0508005,2025,0255800000,year
0508007,2021,0255900000,year
0508007,2022,0255900000,year
0508007,2023,0255900000,year
0508007,2024,0255900000,year
0508007,2025,0255900000,year
0508009,2021,0257000000,year
0508009,2022,0257000000,year
0508009,2023,0257000000,year
0508009,2024,0257000000,year
0508009,2025,0257000000,year
0508011,2021,0257300000,year
0508011,2022,0257300000,year
0508011,2023,0257300000,year
0508011,2024,0257300000,year
0508011,2025,0257300000,year
0508013,2021,0257400000,year
0508013,2022,0257400000,year
0508013,2023,0257400000,year
0508013,2024,0257400000,year
0508013,2025,0257400000,year
0510001,2021,0252900000,year
0510001,2022,0252900000,year
0510001,2023,0252900000,year
0510001,2024,0252900000,year
0510001,2025,0252900000,year
0510003,2021,0250400000,year
0510003,2022,0250400000,year
0510003,2023,0250400000,year
0510003,2024,0250400000,year
0510003,2025,0250400000,year
0510005,2021,0255100000,year
0510005,2022,0255100000,year
0510005,2023,0255100000,year
0510005,2024,0255100000,year
0510005,2025,0255100000,year
0510007,2021,0255500000,year
0510007,2022,0255500000,year
0510007,2023,0255500000,year
0510007,2024,0255500000,year
0510007,2025,0255500000,year
0510009,2021,0256200000,year
0510009,2022,0256200000,year
0510009,2023,0256200000,year
0510009,2024,0256200000,year
0510009,2025,0256200000,year
0510011,2021,0250200000,year
0510011,2022,0250200000,year
0510011,2023,0250200000,year
0510011,2024,0250200000,year
0510011,2025,0250200000,year
0510013,2021,0251200000,year
0510013,2022,0251200000,year
0510013,2023,0251200000,year
0510013,2024,0251200000,year
0510013,2025,0251200000,year
0510015,2021,0250700000,year
0510015,2022,0250700000,year
0510015,2023,0250700000,year
0510015,2024,0250700000,year
0510015,2025,0250700000,year
0510017,2021,0251300000,year
0510017,2022,0251300000,year
0510017,2023,0251300000,year
0510017,2024,0251300000,year
0510017,2025,0251300000,year
0512001,2021,0252700000,year
0512001,2022,0252700000,year
0512001,2023,0252700000,year
0512001,2024,0252700000,year
0512001,2025,0252700000,year
0512003,2021,0251500000,year
0512003,2022,0251500000,year
0512003,2023,0251500000,year
0512003,2024,0251500000,year
0512003,2025,0251500000,year
0512005,2021,0252600000,year
0512005,2022,0252600000,year
0512005,2023,0252600000,year
0512005,2024,0252600000,year
0512005,2025,0252600000,year
0512007,2021,0250100000,year
0512007,2022,0250100000,year
0512007,2023,0250100000,year
0512007,2024,0250100000,year
0512007,2025,0250100000,year
0512009,2021,0255300000,year
0512009,2022,0255300000,year
0512009,2023,0255300000,year
0512009,2024,0255300000,year
0512009,2025,0255300000,year
0512011,2021,0254600000,year
0512011,2022,0254600000,year
0512011,2023,0254600000,year
0512011,2024,0254600000,year
0512011,2025,0254600000,year
0512013,2021,0256400000,year
0512013,2022,0256400000,year
0512013,2023,0256400000,year
0512013,2024,0256400000,year
0512013,2025,0256400000,year
0512015,2021,0256900000,year
0512015,2022,0256900000,year
0512015,2023,0256900000,year
0512015,2024,0256900000,year
0512015,2025,0256900000,year
0512017,2021,0253700000,year
0512017,2022,0253700000,year
0512017,2023,0253700000,year
0512017,2024,0253700000,year
0512017,2025,0253700000,year
0702001,2021,0355600000,year
0702001,2022,0355600000,year
0702001,2023,0355600000,year
0702001,2024,0355600000,year
0702001,2025,0355600000,year
0702003,2021,0354000000,year
0702003,2022,0354000000,year
0702003,2023,0354000000,year
0702003,2024,0354000000,year
0702003,2025,0354000000,year
0702005,2021,0350300000,year
0702005,2022,0350300000,year
0702005,2023,0350300000,year
0702005,2024,0350300000,year
0702005,2025,0350300000,year
0702007,2021,0352200000,year
0702007,2022,0352200000,year
0702007,2023,0352200000,year
0702007,2024,0352200000,year
0702007,2025,0352200000,year
0702009,2021,0351100000,year
0702009,2022,0351100000,year
0702009,2023,0351100000,year
0702009,2024,0351100000,year
0702009,2025,0351100000,year
0702011,2021,0356000000,year
0702011,2022,0356000000,year
0702011,2023,0356000000,year
0702011,2024,0356000000,year
0702011,2025,0356000000,year
0702013,2021,0356200000,year
0702013,2022,0356200000,year
0702013,2023,0356200000,year
0702013,2024,0356200000,year
0702013,2025,0356200000,year
0702015,2021,0353800000,year
0702015,2022,0353800000,year
0702015,2023,0353800000,year
0702015,2024,0353800000,year
0702015,2025,0353800000,year
0702017,2021,0351200000,year
0702017,2022,0351200000,year
0702017,2023,0351200000,year
0702017,2024,0351200000,year
0702017,2025,0351200000,year
0702019,2021,0351400000,year
0702019,2022,0351400000,year
0702019,2023,0351400000,year
0702019,2024,0351400000,year
0702019,2025,0351400000,year
0702021,2021,0350500000,year
0702021,2022,0350500000,year
0702021,2023,0350500000,year
0702021,2024,0350500000,year
0702021,2025,0350500000,year
0704001,2021,0355800000,year
0704001,2022,0355800000,year
0704001,2023,0355800000,year
0704001,2024,0355800000,year
0704001,2025,0355800000,year
0704003,2021,0352600000,year
0704003,2022,0352600000,year
0704003,2023,0352600000,year
0704003,2024,0352600000,year
0704003,2025,0352600000,year
0704005,2021,0356100000,year
0704005,2022,0356100000,year
0704005,2023,0356100000,year
0704005,2024,0356100000,year
0704005,2025,0356100000,year
0704007,2021,0351500000,year
0704007,2022,0351500000,year
0704007,2023,0351500000,year
0704007,2024,0351500000,year
0704007,2025,0351500000,year
0704009,2021,0355400000,year
0704009,2022,0355400000,year
0704009,2023,0355400000,year
0704009,2024,0355400000,year
0704009,2025,0355400000,year
0706001,2021,0353100000,year
0706001,2022,0353100000,year
0706001,2023,0353100000,year
0706001,2024,0353100000,year
0706001,2025,0353100000,year
0706003,2021,0350100000,year
0706003,2022,0350100000,year
0706003,2023,0350100000,year
0706003,2024,0350100000,year
0706003,2025,0350100000,year
0706005,2021,0351800000,year
0706005,2022,0351800000,year
0706005,2023,0351800000,year
0706005,2024,0351800000,year
0706005,2025,0351800000,year
0706007,2021,0350200000,year
0706007,2022,0350200000,year
0706007,2023,0350200000,year
0706007,2024,0350200000,year
0706007,2025,0350200000,year
0706009,2021,0352800000,year
0706009,2022,0352800000,year
0706009,2023,0352800000,year
0706009,2024,0352800000,year
0706009,2025,0352800000,year
0706011,2021,0353300000,year
0706011,2022,0353300000,year
0706011,2023,0353300000,year
0706011,2024,0353300000,year
0706011,2025,0353300000,year
0706013,2021,0350900000,year
0706013,2022,0350900000,year
0706013,2023,0350900000,year
0706013,2024,0350900000,year
0706013,2025,0350900000,year
0706015,2021,0350800000,year
0706015,2022,0350800000,year
0706015,2023,0350800000,year
0706015,2024,0350800000,year
0706015,2025,0350800000,year
0706017,2021,0351900000,year
0706017,2022,0351900000,year
0706017,2023,0351900000,year
0706017,2024,0351900000,year
0706017,2025,0351900000,year
0706019,2021,0355900000,year
0706019,2022,0355900000,year
0706019,2023,0355900000,year
0706019,2024,0355900000,year
0706019,2025,0355900000,year
0706021,2021,0351600000,year
0706021,2022,0351600000,year
0706021,2023,0351600000,year
0706021,2024,0351600000,year
0706021,2025,0351600000,year
0706023,2021,0353600000,year
0706023,2022,0353600000,year
0706023,2023,0353600000,year
0706023,2024,0353600000,year
0706023,2025,0353600000,year
0706025,2021,0350600000,year
0706025,2022,0350600000,year
0706025,2023,0350600000,year
0706025,2024,0350600000,year
0706025,2025,0350600000,year
0706027,2021,0352900000,year
0706027,2022,0352900000,year
0706027,2023,0352900000,year
0706027,2024,0352900000,year
0706027,2025,0352900000,year
0706029,2021,0351300000,year
0706029,2022,0351300000,year
0706029,2023,0351300000,year
0706029,2024,0351300000,year
0706029,2025,0351300000,year
0706031,2021,0356400000,year
0706031,2022,0356400000,year
0706031,2023,0356400000,year
0706031,2024,0356400000,year
0706031,2025,0356400000,year
0706033,2021,0352700000,year
0706033,2022,0352700000,year
0706033,2023,0352700000,year
0706033,2024,0352700000,year
0706033,2025,0352700000,year
0706035,2021,0352000000,year
0706035,2022,0352000000,year
0706035,2023,0352000000,year
0706035,2024,0352000000,year
0706035,2025,0352000000,year
0706037,2021,0353400000,year
0706037,2022,0353400000,year
0706037,2023,0353400000,year
0706037,2024,0353400000,year
0706037,2025,0353400000,year
0706039,2021,0353500000,year
0706039,2022,0353500000,year
0706039,2023,0353500000,year
0706039,2024,0353500000,year
0706039,2025,0353500000,year
0706041,2021,0354900000,year
0706041,2022,0354900000,year
0706041,2023,0354900000,year
0706041,2024,0354900000,year
0706041,2025,0354900000,year
0706043,2021,0353700000,year
0706043,2022,0353700000,year
0706043,2023,0353700000,year
0706043,2024,0353700000,year
0706043,2025,0353700000,year
0706045,2021,0350700000,year
0706045,2022,0350700000,year
0706045,2023,0350700000,year
0706045,2024,0350700000,year
0706045,2025,0350700000,year
0708001,2021,0355500000,year
0708001,2022,0355500000,year
0708001,2023,0355500000,year
0708001,2024,0355500000,year
0708001,2025,0355500000,year
0708003,2021,0352500000,year
0708003,2022,0352500000,year
0708003,2023,0352500000,year
0708003,2024,0352500000,year
0708003,2025,0352500000,year
0708005,2021,0353900000,year
0708005,2022,0353900000,year
0708005,2023,0353900000,year
0708005,2024,0353900000,year
0708005,2025,0353900000,year
0708007,2021,0355700000,year
0708007,2022,0355700000,year
0708007,2023,0355700000,year
0708007,2024,0355700000,year
0708007,2025,0355700000,year
0708009,2021,0355300000,year
0708009,2022,0355300000,year
0708009,2023,0355300000,year
0708009,2024,0355300000,year
0708009,2025,0355300000,year
0708011,2021,0354500000,year
0708011,2022,0354500000,year
0708011,2023,0354500000,year
0708011,2024,0354500000,year
0708011,2025,0354500000,year
0708013,2021,0353000000,year
0708013,2022,0353000000,year
0708013,2023,0353000000,year
0708013,2024,0353000000,year
0708013,2025,0353000000,year
0708015,2021,0353200000,year
0708015,2022,0353200000,year
0708015,2023,0353200000,year
0708015,2024,0353200000,year
0708015,2025,0353200000,year
0708017,2021,0355100000,year
0708017,2022,0355100000,year
0708017,2023,0355100000,year
0708017,2024,0355100000,year
0708017,2025,0355100000,year
0708019,2021,0355200000,year
0708019,2022,0355200000,year
0708019,2023,0355200000,year
0708019,2024,0355200000,year
0708019,2025,0355200000,year
0708021,2021,0356300000,year
0708021,2022,0356300000,year
0708021,2023,0356300000,year
0708021,2024,0356300000,year
0708021,2025,0356300000,year
0708023,2021,0354600000,year
0708023,2022,0354600000,year
0708023,2023,0354600000,year
0708023,2024,0354600000,year
0708023,2025,0354600000,year
0708025,2021,0356500000,year
0708025,2022,0356500000,year
0708025,2023,0356500000,year
0708025,2024,0356500000,year
0708025,2025,0356500000,year
0708027,2021,0354100000,year
0708027,2022,0354100000,year
0708027,2023,0354100000,year
0708027,2024,0354100000,year
0708027,2025,0354100000,year
0708029,2021,0352400000,year
0708029,2022,0352400000,year
0708029,2023,0352400000,year
0708029,2024,0352400000,year
0708029,2025,0352400000,year
1202001,2021,0457600000,year
1202001,2022,0457600000,year
1202001,2023,0457600000,year
1202001,2024,0457600000,year
1202001,2025,0457600000,year
1202003,2021,0454900000,year
1202003,2022,0454900000,year
1202003,2023,0454900000,year
1202003,2024,0454900000,year
1202003,2025,0454900000,year
1202005,2021,0455300000,year
1202005,2022,0455300000,year
1202005,2023,0455300000,year
1202005,2024,0455300000,year
1202005,2025,0455300000,year
1202007,2021,0450800000,year
1202007,2022,0450800000,year
1202007,2023,0450800000,year
1202007,2024,0450800000,year
1202007,2025,0450800000,year
1202009,2021,0458000000,latest
1202009,2022,0458000000,year
1202009,2023,0458000000,year
1202009,2024,0458000000,year
1202009,2025,0458000000,year
1202011,2021,0450900000,year
1202011,2022,0450900000,year
1202011,2023,0450900000,year
1202011,2024,0450900000,year
1202011,2025,0450900000,year
1202013,2021,0451100000,year
1202013,2022,0451100000,year
1202013,2023,0451100000,year
1202013,2024,0451100000,year
1202013,2025,0451100000,year
1202015,2021,0451200000,year
1202015,2022,0451200000,year
1202015,2023,0451200000,year
1202015,2024,0451200000,year
1202015,2025,0451200000,year
1202017,2021,0456600000,year
1202017,2022,0456600000,year
1202017,2023,0456600000,year
1202017,2024,0456600000,year
1202017,2025,0456600000,year
1202019,2021,0454300000,year
1202019,2022,0454300000,year
1202019,2023,0454300000,year
1202019,2024,0454300000,year
1202019,2025,0454300000,year
1202021,2021,0456800000,year
1202021,2022,0456800000,year
1202021,2023,0456800000,year
1202021,2024,0456800000,year
1202021,2025,0456800000,year
1202023,2021,0450400000,year
1202023,2022,0450400000,year
1202023,2023,0450400000,year
1202023,2024,0450400000,year
1202023,2025,0450400000,year
1202025,2021,0451500000,year
1202025,2022,0451500000,year
1202025,2023,0451500000,year
1202025,2024,0451500000,year
1202025,2025,0451500000,year
1202027,2021,0451300000,year
1202027,2022,0451300000,year
1202027,2023,0451300000,year
1202027,2024,0451300000,year
1202027,2025,0451300000,year
1202029,2021,0451400000,year
1202029,2022,0451400000,year
1202029,2023,0451400000,year
1202029,2024,0451400000,year
1202029,2025,0451400000,year
1202031,2021,0452700000,year
1202031,2022,0452700000,year
1202031,2023,0452700000,year
1202031,2024,0452700000,year
1202031,2025,0452700000,year
1202033,2021,0456000000,year
1202033,2022,0456000000,year
1202033,2023,0456000000,year
1202033,2024,0456000000,year
1202033,2025,0456000000,year
1204001,2021,0451800000,year
1204001,2022,0451800000,year
1204001,2023,0451800000,year
1204001,2024,0451800000,year
1204001,2025,0451800000,year
1204003,2021,0457300000,year
1204003,2022,0457300000,year
1204003,2023,0457300000,year
1204003,2024,0457300000,year
1204003,2025,0457300000,year
1204005,2021,0453600000,year
1204005,2022,0453600000,year
1204005,2023,0453600000,year
1204005,2024,0453600000,year
1204005,2025,0453600000,year
1204007,2021,0452000000,year
1204007,2022,0452000000,year
1204007,2023,0452000000,year
1204007,2024,0452000000,year
1204007,2025,0452000000,year
1204009,2021,0457400000,year
1204009,2022,0457400000,year
1204009,2023,0457400000,year
1204009,2024,0457400000,year
1204009,2025,0457400000,year
1204011,2021,0457700000,year
1204011,2022,0457700000,year
1204011,2023,0457700000,year
1204011,2024,0457700000,year
1204011,2025,0457700000,year
1204013,2021,0456400000,year
1204013,2022,0456400000,year
1204013,2023,0456400000,year
1204013,2024,0456400000,year
1204013,2025,0456400000,year
1204015,2021,0457100000,year
1204015,2022,0457100000,year
1204015,2023,0457100000,year
1204015,2024,0457100000,year
1204015,2025,0457100000,year
1204017,2021,0452100000,year
1204017,2022,0452100000,year
1204017,2023,0452100000,year
1204017,2024,0452100000,year
1204017,2025,0452100000,year
1204019,2021,0452200000,year
1204019,2022,0452200000,year
1204019,2023,0452200000,year
1204019,2024,0452200000,year
1204019,2025,0452200000,year
1204021,2021,0458800000,year
1204021,2022,0458800000,year
1204021,2023,0458800000,year
1204021,2024,0458800000,year
1204021,2025,0458800000,year
1204023,2021,0455500000,year
1204023,2022,0455500000,year
1204023,2023,0455500000,year
1204023,2024,0455500000,year
1204023,2025,0455500000,year
1206001,2021,0450100000,year
1206001,2022,0450100000,year
1206001,2023,0450100000,year
1206001,2024,0450100000,year
1206001,2025,0450100000,year
1206003,2021,0450500000,year
1206003,2022,0450500000,year
1206003,2023,0450500000,year
1206003,2024,0450500000,year
1206003,2025,0450500000,year
1206005,2021,0456300000,year
1206005,2022,0456300000,year
1206005,2023,0456300000,year
1206005,2024,0456300000,year
1206005,2025,0456300000,year
1206007,2021,0453000000,year
1206007,2022,0453000000,year
1206007,2023,0453000000,year
1206007,2024,0453000000,year
1206007,2025,0453000000,year
1206009,2021,0450700000,year
1206009,2022,0450700000,year
1206009,2023,0450700000,year
1206009,2024,0450700000,year
1206009,2025,0450700000,year
1206011,2021,0455600000,year
1206011,2022,0455600000,year
1206011,2023,0455600000,year
1206011,2024,0455600000,year
1206011,2025,0455600000,year
1206013,2021,0450600000,year
1206013,2022,0450600000,year
1206013,2023,0450600000,year
1206013,2024,0450600000,year
1206013,2025,0450600000,year
1206015,2021,0455000000,year
1206015,2022,0455000000,year
1206015,2023,0455000000,year
1206015,2024,0455000000,year
1206015,2025,0455000000,year
1206017,2021,0457800000,year
1206017,2022,0457800000,year
1206017,2023,0457810000,year
1206017,2024,0457810000,year
1206017,2025,0457810000,year
1206019,2021,0457900000,year
1206019,2022,0457900000,year
1206019,2023,0457900000,year
1206019,2024,0457900000,year
1206019,2025,0457900000,year
1206021,2021,0451000000,year
1206021,2022,0451000000,year
1206021,2023,0451000000,year
1206021,2024,0451000000,year
1206021,2025,0451000000,year
1206023,2021,0453200000,year
1206023,2022,0453200000,year
1206023,2023,0453200000,year
1206023,2024,0453200000,year
1206023,2025,0453200000,year
1206025,2021,0458300000,year
1206025,2022,0458300000,year
1206025,2023,0458300000,year
1206025,2024,0458300000,year
1206025,2025,0458300000,year
1206027,2021,0452500000,year
1206027,2022,0452500000,year
1206027,2023,0452500000,year
1206027,2024,0452500000,year
1206027,2025,0452500000,year
1206029,2021,0455100000,year
1206029,2022,0455100000,year
1206029,2023,0455100000,year
1206029,2024,0455100000,year
1206029,2025,0455100000,year
1208001,2021,0456100000,year
1208001,2022,0456100000,year
1208001,2023,0456100000,year
1208001,2024,0456100000,year
1208001,2025,0456100000,year
1208003,2021,0451600000,year
1208003,2022,0451600000,year
1208003,2023,0451600000,year
1208003,2024,0451600000,year
1208003,2025,0451600000,year
1208005,2021,0458100000,year
1208005,2022,0458100000,year
1208005,2023,0458100000,year
1208005,2024,0458100000,year
1208005,2025,0458100000,year
1208007,2021,0453900000,year
1208007,2022,0453900000,year
1208007,2023,0453900000,year
1208007,2024,0453900000,year
1208007,2025,0453900000,year
1208009,2021,0456200000,latest
1208009,2022,0456200000,year
1208009,2023,0456200000,year
1208009,2024,0456200000,year
1208009,2025,0456200000,year
1208011,2021,0458700000,latest
1208011,2022,0458700000,year
1208011,2023,0458700000,year
1208011,2024,0458700000,year
1208011,2025,0458700000,year
1208013,2021,0452600000,year
1208013,2022,0452600000,year
1208013,2023,0452600000,year
1208013,2024,0452600000,year
1208013,2025,0452600000,year
1208015,2021,0454000000,year
1208015,2022,0454000000,year
1208015,2023,0454000000,year
1208015,2024,0454000000,year
1208015,2025,0454000000,year
1210001,2021,0457500000,year
1210001,2022,0457500000,year
1210001,2023,0457500000,year
1210001,2024,0457500000,year
1210001,2025,0457500000,year
1210003,2021,0455700000,year
1210003,2022,0455700000,year
1210003,2023,0455700000,year
1210003,2024,0455700000,year
1210003,2025,0455700000,year
1210005,2021,0456500000,year
1210005,2022,0456500000,year
1210005,2023,0456500000,year
1210005,2024,0456500000,year
1210005,2025,0456500000,year
1210007,2021,0458200000,year
1210007,2022,0458200000,year
1210007,2023,0458200000,year
1210007,2024,0458200000,year
1210007,2025,0458200000,year
1210009,2021,0455800000,year
1210009,2022,0455800000,year
1210009,2023,0455800000,year
1210009,2024,0455800000,year
1210009,2025,0455800000,year
1210011,2021,0455900000,year
1210011,2022,0455900000,year
1210011,2023,0455900000,year
1210011,2024,0455900000,year
1210011,2025,0455900000,year
1210013,2021,0457000000,year
1210013,2022,0457000000,year
1210013,2023,0457000000,year
1210013,2024,0457000000,year
1210013,2025,0457000000,year
1210015,2021,0456700000,year
1210015,2022,0456700000,year
1210015,2023,0456700000,year
1210015,2024,0456700000,year
1210015,2025,0456700000,year
1212001,2021,0450200000,year
1212001,2022,0450200000,year
1212001,2023,0450200000,year
1212001,2024,0450200000,year
1212001,2025,0450200000,year
1212003,2021,0450300000,year
1212003,2022,0450300000,year
1212003,2023,0450300000,year
1212003,2024,0450300000,year
1212003,2025,0450300000,year
1212005,2021,0454100000,year
1212005,2022,0454100000,year
1212005,2023,0454100000,year
1212005,2024,0454100000,year
1212005,2025,0454100000,year
1212007,2021,0458400000,year
1212007,2022,0458400000,year
1212007,2023,0458400000,year
1212007,2024,0458400000,year
1212007,2025,0458400000,year
1212009,2021,0459100000,year
1212009,2022,0459100000,year
1212009,2023,0459100000,year
1212009,2024,0459100000,year
1212009,2025,0459100000,year
1212011,2021,0454200000,year
1212011,2022,0454200000,year
1212011,2023,0454200000,year
1212011,2024,0454200000,year
1212011,2025,0454200000,year
1212013,2021,0455200000,year
1212013,2022,0455200000,year
1212013,2023,0455200000,year
1212013,2024,0455200000,year
1212013,2025,0455200000,year
1214001,2021,0457200000,year
1214001,2022,0457200000,year
1214001,2023,0457200000,year
1214001,2024,0457200000,year
1214001,2025,0457200000,year
1214003,2021,0451900000,year
1214003,2022,0451900000,year
1214003,2023,0451900000,year
1214003,2024,0451900000,year
1214003,2025,0451900000,year
1214005,2021,0452900000,year
1214005,2022,0452900000,year
1214005,2023,0452900000,year
1214005,2024,0452900000,year
1214005,2025,0452900000,year
1214007,2021,0453500000,year
1214007,2022,0453500000,year
1214007,2023,0453500000,year
1214007,2024,0453500000,year
1214007,2025,0453500000,year
1214009,2021,0454500000,year
1214009,2022,0454500000,year
1214009,2023,0454500000,year
1214009,2024,0454500000,year
1214009,2025,0454500000,year
1214011,2021,0454700000,year
1214011,2022,0454700000,year
1214011,2023,0454700000,year
1214011,2024,0454700000,year
1214011,2025,0454700000,year
1214013,2021,0453100000,year
1214013,2022,0453100000,year
1214013,2023,0453100000,year
1214013,2024,0453100000,year
1214013,2025,0453100000,year
1214015,2021,0453700000,year
1214015,2022,0453700000,year
1214015,2023,0453700000,year
1214015,2024,0453700000,year
1214015,2025,0453700000,year
1214017,2021,0454400000,latest
1214017,2022,0454400000,year
1214017,2023,0454400000,year
1214017,2024,0454400000,year
1214017,2025,0454400000,year
1214019,2021,0453300000,year
1214019,2022,0453300000,year
1214019,2023,0453300000,year
1214019,2024,0453300000,year
1214019,2025,0453300000,year
1214021,2021,0458500000,year
1214021,2022,0458500000,year
1214021,2023,0458500000,year
1214021,2024,0458500000,year
1214021,2025,0458500000,year
1214023,2021,0458600000,year
1214023,2022,0458600000,year
1214023,2023,0458600000,year
1214023,2024,0458600000,year
1214023,2025,0458600000,year
1214025,2021,0452300000,latest
1214025,2022,0452300000,year
1214025,2023,0452300000,year
1214025,2024,0452300000,year
1214025,2025,0452300000,year
1214027,2021,0454600000,year
1214027,2022,0454600000,year
1214027,2023,0454600000,year
1214027,2024,0454600000,year
1214027,2025,0454600000,year
1214029,2021,0452400000,year
1214029,2022,0452400000,year
1214029,2023,0452400000,year
1214029,2024,0452400000,year
1214029,2025,0452400000,year
1214031,2021,0458900000,year
1214031,2022,0458900000,year
1214031,2023,0458900000,year
1214031,2024,0458900000,year
1214031,2025,0458900000,year
1214033,2021,0454800000,year
1214033,2022,0454800000,year
1214033,2023,0454800000,year
1214033,2024,0454800000,year
1214033,2025,0454800000,year
1214035,2021,0459000000,year
1214035,2022,0459000000,year
1214035,2023,0459000000,year
1214035,2024,0459000000,year
1214035,2025,0459000000,year
1214037,2021,0455400000,year
1214037,2022,0455400000,year
1214037,2023,0455400000,year
1214037,2024,0455400000,year
1214037,2025,0455400000,year
1402001,2021,0551100000,year
1402001,2022,0551100000,year
1402001,2023,0551100000,year
1402001,2024,0551100000,year
1402001,2025,0551100000,year
1402003,2021,0550800000,year
1402003,2022,0550800000,year
1402003,2023,0550800000,year
1402003,2024,0550800000,year
1402003,2025,0550800000,year
1402005,2021,0553800000,year
1402005,2022,0553800000,year
1402005,2023,0553800000,year
1402005,2024,0553800000,year
1402005,2025,0553800000,year
1402007,2021,0550700000,year
1402007,2022,0550700000,year
1402007,2023,0550700000,year
1402007,2024,0550700000,year
1402007,2025,0550700000,year
1402009,2021,0550500000,year
1402009,2022,0550500000,year
1402009,2023,0550500000,year
1402009,2024,0550500000,year
1402009,2025,0550500000,year
1402011,2021,0554300000,year
1402011,2022,0554300000,year
1402011,2023,0554300000,year
1402011,2024,0554300000,year
1402011,2025,0554300000,year
1402013,2021,0554600000,year
1402013,2022,0554600000,year
1402013,2023,0554600000,year
1402013,2024,0554600000,year
1402013,2025,0554600000,year
1404001,2021,0551600000,year
1404001,2022,0551600000,year
1404001,2023,0551600000,year
1404001,2024,0551600000,year
1404001,2025,0551600000,year
1404003,2021,0551700000,year
1404003,2022,0551700000,year
1404003,2023,0551700000,year
1404003,2024,0551700000,year
1404003,2025,0551700000,year
1404005,2021,0551200000,year
1404005,2022,0551200000,year
1404005,2023,0551200000,year
1404005,2024,0551200000,year
1404005,2025,0551200000,year
1404007,2021,0552200000,year
1404007,2022,0552200000,year
1404007,2023,0552200000,year
1404007,2024,0552200000,year
1404007,2025,0552200000,year
1404009,2021,0552900000,year
1404009,2022,0552900000,year
1404009,2023,0552900000,year
1404009,2024,0552900000,year
1404009,2025,0552900000,year
1404011,2021,0553400000,year
1404011,2022,0553400000,year
1404011,2023,0553400000,year
1404011,2024,0553400000,year
1404011,2025,0553400000,year
1404013,2021,0554200000,year
1404013,2022,0554200000,year
1404013,2023,0554200000,year
1404013,2024,0554200000,year
1404013,2025,0554200000,year
1404015,2021,0554500000,year
1404015,2022,0554500000,year
1404015,2023,0554500000,year
1404015,2024,0554500000,year
1404015,2025,0554500000,year
1406001,2021,0554900000,year
1406001,2022,0554900000,year
1406001,2023,0554900000,year
1406001,2024,0554900000,year
1406001,2025,0554900000,year
1406003,2021,0555000000,year
1406003,2022,0555000000,year
1406003,2023,0555000000,year
1406003,2024,0555000000,year
1406003,2025,0555000000,year
1406005,2021,0555100000,year
1406005,2022,0555100000,year
1406005,2023,0555100000,year
1406005,2024,0555100000,year
1406005,2025,0555100000,year
1406007,2021,0555400000,year
1406007,2022,0555400000,year
1406007,2023,0555400000,year
1406007,2024,0555400000,year
1406007,2025,0555400000,year
1406009,2021,0555500000,year
1406009,2022,0555500000,year
1406009,2023,0555500000,year
1406009,2024,0555500000,year
1406009,2025,0555500000,year
1406011,2021,0556000000,year
1406011,2022,0556000000,year
1406011,2023,0556000000,year
1406011,2024,0556000000,year
1406011,2025,0556000000,year
1406013,2021,0556300000,year
1406013,2022,0556300000,year
1406013,2023,0556300000,year
1406013,2024,0556300000,year
1406013,2025,0556300000,year
1406015,2021,0556400000,year
1406015,2022,0556400000,year
1406015,2023,0556400000,year
1406015,2024,0556400000,year
1406015,2025,0556400000,year
1406017,2021,0556500000,year
1406017,2022,0556500000,year
1406017,2023,0556500000,year
1406017,2024,0556500000,year
1406017,2025,0556500000,year
1408001,2021,0554700000,year
1408001,2022,0554700000,year
1408001,2023,0554700000,year
1408001,2024,0554700000,year
1408001,2025,0554700000,year
1408003,2021,0555300000,year
1408003,2022,0555300000,year
1408003,2023,0555300000,year
1408003,2024,0555300000,year
1408003,2025,0555300000,year
1408005,2021,0555600000,year
1408005,2022,0555600000,year
1408005,2023,0555600000,year
1408005,2024,0555600000,year
1408005,2025,0555600000,year
1408007,2021,0555800000,year
1408007,2022,0555800000,year
1408007,2023,0555800000,year
1408007,2024,0555800000,year
1408007,2025,0555800000,year
1408009,2021,0556200000,year
1408009,2022,0556200000,year
1408009,2023,0556200000,year
1408009,2024,0556200000,year
1408009,2025,0556200000,year
1408011,2021,0556600000,year
1408011,2022,0556600000,year
1408011,2023,0556600000,year
1408011,2024,0556600000,year
1408011,2025,0556600000,year
1410001,2021,0554800000,year
1410001,2022,0554800000,year
1410001,2023,0554800000,year
1410001,2024,0554800000,year
1410001,2025,0554800000,year
1410003,2021,0555200000,year
1410003,2022,0555200000,year
1410003,2023,0555200000,year
1410003,2024,0555200000,year
1410003,2025,0555200000,year
1410005,2021,0555700000,year
1410005,2022,0555700000,year
1410005,2023,0555700000,year
1410005,2024,0555700000,year
1410005,2025,0555700000,year
1410007,2021,0555900000,year
1410007,2022,0555900000,year
1410007,2023,0555900000,year
1410007,2024,0555900000,year
1410007,2025,0555900000,year
1410009,2021,0556100000,year
1410009,2022,0556100000,year
1410009,2023,0556100000,year
1410009,2024,0556100000,year
1410009,2025,0556100000,year
1412001,2021,0550900000,year
1412001,2022,0550900000,year
1412001,2023,0550900000,year
1412001,2024,0550900000,year
1412001,2025,0550900000,year
1412003,2021,0552000000,year
1412003,2022,0552000000,year
1412003,2023,0552000000,year
1412003,2024,0552000000,year
1412003,2025,0552000000,year
1412005,2021,0550600000,year
1412005,2022,0550600000,year
1412005,2023,0550600000,year
1412005,2024,0550600000,year
1412005,2025,0550600000,year
1412007,2021,0552300000,year
1412007,2022,0552300000,year
1412007,2023,0552300000,year
1412007,2024,0552300000,year
1412007,2025,0552300000,year
1412009,2021,0552400000,year
1412009,2022,0552400000,year
1412009,2023,0552400000,year
1412009,2024,0552400000,year
1412009,2025,0552400000,year
1412011,2021,0550100000,year
1412011,2022,0550100000,year
1412011,2023,0550100000,year
1412011,2024,0550100000,year
1412011,2025,0550100000,year
1412013,2021,0550400000,year
1412013,2022,0550400000,year
1412013,2023,0550400000,year
1412013,2024,0550400000,year
1412013,2025,0550400000,year
1412015,2021,0553300000,year
1412015,2022,0553300000,year
1412015,2023,0553300000,year
1412015,2024,0553300000,year
1412015,2025,0553300000,year
1412017,2021,0551000000,year
1412017,2022,0551000000,year
1412017,2023,0551000000,year
1412017,2024,0551000000,year
1412017,2025,0551000000,year
1412019,2021,0553900000,year
1412019,2022,0553900000,year
1412019,2023,0553900000,year
1412019,2024,0553900000,year
1412019,2025,0553900000,year
1412021,2021,0554100000,year
1412021,2022,0554100000,year
1412021,2023,0554100000,year
1412021,2024,0554100000,year
1412021,2025,0554100000,year
1412023,2021,0550300000,year
1412023,2022,0550300000,year
1412023,2023,0550300000,year
1412023,2024,0550300000,year
1412023,2025,0550300000,year
1414001,2021,0552100000,year
1414001,2022,0552100000,year
1414001,2023,0552100000,year
1414001,2024,0552100000,year
1414001,2025,0552100000,year
1414003,2021,0552600000,year
1414003,2022,0552600000,year
1414003,2023,0552600000,year
1414003,2024,0552600000,year
1414003,2025,0552600000,year
1414005,2021,0552800000,year
1414005,2022,0552800000,year
1414005,2023,0552800000,year
1414005,2024,0552800000,year
1414005,2025,0552800000,year
1414007,2021,0553100000,year
1414007,2022,0553100000,year
1414007,2023,0553100000,year
1414007,2024,0553100000,year
1414007,2025,0553100000,year
1414009,2021,0553700000,year
1414009,2022,0553700000,year
1414009,2023,0553700000,year
1414009,2024,0553700000,year
1414009,2025,0553700000,year
1416001,2021,0551400000,year
1416001,2022,0551400000,year
1416001,2023,0551400000,year
1416001,2024,0551400000,year
1416001,2025,0551400000,year
1416003,2021,0551500000,year
1416003,2022,0551500000,year
1416003,2023,0551500000,year
1416003,2024,0551500000,year
1416003,2025,0551500000,year
1416005,2021,0551800000,year
1416005,2022,0551800000,year
1416005,2023,0551800000,year
1416005,2024,0551800000,year
1416005,2025,0551800000,year
1416007,2021,0551900000,year
1416007,2022,0551900000,year
1416007,2023,0551900000,year
1416007,2024,0551900000,year
1416007,2025,0551900000,year
1416009,2021,0551300000,year
1416009,2022,0551300000,year
1416009,2023,0551300000,year
1416009,2024,0551300000,year
1416009,2025,0551300000,year
1416011,2021,0552500000,year
1416011,2022,0552500000,year
1416011,2023,0552500000,year
1416011,2024,0552500000,year
1416011,2025,0552500000,year
1416013,2021,0552700000,year
1416013,2022,0552700000,year
1416013,2023,0552700000,year
1416013,2024,0552700000,year
1416013,2025,0552700000,year
1416015,2021,0553000000,year
1416015,2022,0553000000,year
1416015,2023,0553000000,year
1416015,2024,0553000000,year
1416015,2025,0553000000,year
1416017,2021,0553200000,year
1416017,2022,0553200000,year
1416017,2023,0553200000,year
1416017,2024,0553200000,year
1416017,2025,0553200000,year
1416019,2021,0553500000,year
1416019,2022,0553500000,year
1416019,2023,0553500000,year
1416019,2024,0553500000,year
1416019,2025,0553500000,year
1416021,2021,0553600000,year
1416021,2022,0553600000,year
1416021,2023,0553600000,year
1416021,2024,0553600000,year
1416021,2025,0553600000,year
1416023,2021,0554000000,year
1416023,2022,0554000000,year
1416023,2023,0554000000,year
1416023,2024,0554000000,year
1416023,2025,0554000000,year
1416025,2021,0554400000,year
1416025,2022,0554400000,year
1416025,2023,0554400000,year
1416025,2024,0554400000,year
1416025,2025,0554400000,year
1416027,2021,0550200000,year
1416027,2022,0550200000,year
1416027,2023,0550200000,year
1416027,2024,0550200000,year
1416027,2025,0550200000,year
1802001,2021,0655700000,year
1802001,2022,0655700000,year
1802001,2023,0655700000,year
1802001,2024,0655700000,year
1802001,2025,0655700000,year
1802003,2021,0655800000,year
1802003,2022,0655800000,year
1802003,2023,0655800000,year
1802003,2024,0655800000,year
1802003,2025,0655800000,year
1802005,2021,0654700000,year
1802005,2022,0654700000,year
1802005,2023,0654700000,year
1802005,2024,0654700000,year
1802005,2025,0654700000,year
1802007,2021,0654800000,year
1802007,2022,0654800000,year
1802007,2023,0654800000,year
1802007,2024,0654800000,year
1802007,2025,0654800000,year
1802009,2021,0652800000,year
1802009,2022,0652800000,year
1802009,2023,0652800000,year
1802009,2024,0652800000,year
1802009,2025,0652800000,year
1802011,2021,0654900000,year
1802011,2022,0654900000,year
1802011,2023,0654900000,year
1802011,2024,0654900000,year
1802011,2025,0654900000,year
1802013,2021,0656700000,year
1802013,2022,0656700000,year
1802013,2023,0656700000,year
1802013,2024,0656700000,year
1802013,2025,0656700000,year
1802015,2021,0652900000,year
1802015,2022,0652900000,year
1802015,2023,0652900000,year
1802015,2024,0652900000,year
1802015,2025,0652900000,year
1802017,2021,0650900000,year
1802017,2022,0650900000,year
1802017,2023,0650900000,year
1802017,2024,0650900000,year
1802017,2025,0650900000,year
1802019,2021,0655100000,year
1802019,2022,0655100000,year
1802019,2023,0655100000,year
1802019,2024,0655100000,year
1802019,2025,0655100000,year
1804001,2021,0652200000,year
1804001,2022,0652200000,year
1804001,2023,0652200000,year
1804001,2024,0652200000,year
1804001,2025,0652200000,year
1804003,2021,0655900000,year
1804003,2022,0655900000,year
1804003,2023,0655900000,year
1804003,2024,0655900000,year
1804003,2025,0655900000,year
1804005,2021,0651400000,year
1804005,2022,0651400000,year
1804005,2023,0651400000,year
1804005,2024,0651400000,year
1804005,2025,0651400000,year
1804007,2021,0650100000,year
1804007,2022,0650100000,year
1804007,2023,0650100000,year
1804007,2024,0650100000,year
1804007,2025,0650100000,year
1804009,2021,0650200000,year
1804009,2022,0650200000,year
1804009,2023,0650200000,year
1804009,2024,0650200000,year
1804009,2025,0650200000,year
1804011,2021,0654600000,year
1804011,2022,0654600000,year
1804011,2023,0654600000,year
1804011,2024,0654600000,year
1804011,2025,0654600000,year
1804013,2021,0656000000,year
1804013,2022,0656000000,year
1804013,2023,0656000000,year
1804013,2024,0656000000,year
1804013,2025,0656000000,year
1804015,2021,0654400000,year
1804015,2022,0654400000,year
1804015,2023,0654400000,year
1804015,2024,0654400000,year
1804015,2025,0654400000,year
1804017,2021,0656200000,year
1804017,2022,0656200000,year
1804017,2023,0656200000,year
1804017,2024,0656200000,year
1804017,2025,0656200000,year
1804019,2021,0655200000,year
1804019,2022,0655200000,year
1804019,2023,0655200000,year
1804019,2024,0655200000,year
1804019,2025,0655200000,year
1804021,2021,0652700000,year
1804021,2022,0652700000,year
1804021,2023,0652700000,year
1804021,2024,0652700000,year
1804021,2025,0652700000,year
1804023,2021,0651000000,year
1804023,2022,0651000000,year
1804023,2023,0651000000,year
1804023,2024,0651000000,year
1804023,2025,0651000000,year
1804025,2021,0651200000,year
1804025,2022,0651200000,year
1804025,2023,0651200000,year
1804025,2024,0651200000,year
1804025,2025,0651200000,year
1804027,2021,0653900000,year
1804027,2022,0653900000,year
1804027,2023,0653900000,year
1804027,2024,0653900000,year
1804027,2025,0653900000,year
1804029,2021,0653400000,year
1804029,2022,0653400000,year
1804029,2023,0653400000,year
1804029,2024,0653400000,year
1804029,2025,0653400000,year
1804031,2021,0651800000,year
1804031,2022,0651800000,year
1804031,2023,0651800000,year
1804031,2024,0651800000,year
1804031,2025,0651800000,year
1804033,2021,0650600000,year
1804033,2022,0650600000,year
1804033,2023,0650600000,year
1804033,2024,0650600000,year
1804033,2025,0650600000,year
1804035,2021,0656500000,year
1804035,2022,0656500000,year
1804035,2023,0656500000,year
1804035,2024,0656500000,year
1804035,2025,0656500000,year
1804037,2021,0654500000,year
1804037,2022,0654500000,year
1804037,2023,0654500000,year
1804037,2024,0654500000,year
1804037,2025,0654500000,year
1804039,2021,0651900000,year
1804039,2022,0651900000,year
1804039,2023,0651900000,year
1804039,2024,0651900000,year
1804039,2025,0651900000,year
1804041,2021,0650700000,year
1804041,2022,0650700000,year
1804041,2023,0650700000,year
1804041,2024,0650700000,year
1804041,2025,0650700000,year
1804043,2021,0654200000,year
1804043,2022,0654200000,year
1804043,2023,0654200000,year
1804043,2024,0654200000,year
1804043,2025,0654200000,year
1804045,2021,0654300000,year
1804045,2022,0654300000,year
1804045,2023,0654300000,year
1804045,2024,0654300000,year
1804045,2025,0654300000,year
1804047,2021,0656600000,year
1804047,2022,0656600000,year
1804047,2023,0656600000,year
1804047,2024,0656600000,year
1804047,2025,0656600000,year
1804049,2021,0653000000,year
1804049,2022,0653000000,year
1804049,2023,0653000000,year
1804049,2024,0653000000,year
1804049,2025,0653000000,year
1804051,2021,0655600000,year
1804051,2022,0655600000,year
1804051,2023,0655600000,year
1804051,2024,0655600000,year
1804051,2025,0655600000,year
1804053,2021,0650800000,year
1804053,2022,0650800000,year
1804053,2023,0650800000,year
1804053,2024,0650800000,year
1804053,2025,0650800000,year
1804055,2021,0655500000,year
1804055,2022,0655500000,year
1804055,2023,0655500000,year
1804055,2024,0655500000,year
1804055,2025,0655500000,year
1804057,2021,0652000000,year
1804057,2022,0652000000,year
1804057,2023,0652000000,year
1804057,2024,0652000000,year
1804057,2025,0652000000,year
1804059,2021,0656800000,year
1804059,2022,0656800000,year
1804059,2023,0656800000,year
1804059,2024,0656800000,year
1804059,2025,0656800000,year
1804061,2021,0655000000,year
1804061,2022,0655000000,year
1804061,2023,0655000000,year
1804061,2024,0655000000,year
1804061,2025,0655000000,year
1806001,2021,0652400000,year
1806001,2022,0652400000,year
1806001,2023,0652400000,year
1806001,2024,0652400000,year
1806001,2025,0652400000,year
1806003,2021,0656100000,year
1806003,2022,0656100000,year
1806003,2023,0656100000,year
1806003,2024,0656100000,year
1806003,2025,0656100000,year
1806005,2021,0652600000,year
1806005,2022,0652600000,year
1806005,2023,0652600000,year
1806005,2024,0652600000,year
1806005,2025,0652600000,year
1806007,2021,0650400000,year
1806007,2022,0650400000,year
1806007,2023,0650400000,year
1806007,2024,0650400000,year
1806007,2025,0650400000,year
1806009,2021,0656300000,year
1806009,2022,0656300000,year
1806009,2023,0656300000,year
1806009,2024,0656300000,year
1806009,2025,0656300000,year
1806011,2021,0651700000,year
1806011,2022,0651700000,year
1806011,2023,0651700000,year
1806011,2024,0651700000,year
1806011,2025,0651700000,year
1806013,2021,0656400000,year
1806013,2022,0656400000,year
1806013,2023,0656400000,year
1806013,2024,0656400000,year
1806013,2025,0656400000,year
1806015,2021,0650500000,year
1806015,2022,0650500000,year
1806015,2023,0650500000,year
1806015,2024,0650500000,year
1806015,2025,0650500000,year
1806017,2021,0653800000,year
1806017,2022,0653800000,year
1806017,2023,0653800000,year
1806017,2024,0653800000,year
1806017,2025,0653800000,year
1806019,2021,0651300000,year
1806019,2022,0651300000,year
1806019,2023,0651300000,year
1806019,2024,0651300000,year
1806019,2025,0651300000,year
1806021,2021,0653700000,year
1806021,2022,0653700000,year
1806021,2023,0653700000,year
1806021,2024,0653700000,year
1806021,2025,0653700000,year
1806023,2021,0653100000,year
1806023,2022,0653100000,year
1806023,2023,0653100000,year
1806023,2024,0653100000,year
1806023,2025,0653100000,year
1806025,2021,0652100000,year
1806025,2022,0652100000,year
1806025,2023,0652100000,year
1806025,2024,0652100000,year
1806025,2025,0652100000,year
1808001,2021,0651100000,year
1808001,2022,0651100000,year
1808001,2023,0651100000,year
1808001,2024,0651100000,year
1808001,2025,0651100000,year
1808003,2021,0652300000,year
1808003,2022,0652300000,year
1808003,2023,0652300000,year
1808003,2024,0652300000,year
1808003,2025,0652300000,year
1808005,2021,0653500000,year
1808005,2022,0653500000,year
1808005,2023,0653500000,year
1808005,2024,0653500000,year
1808005,2025,0653500000,year
1808007,2021,0651500000,year
1808007,2022,0651500000,year
1808007,2023,0651500000,year
1808007,2024,0651500000,year
1808007,2025,0651500000,year
1808009,2021,0651600000,year
1808009,2022,0651600000,year
1808009,2023,0651600000,year
1808009,2024,0651600000,year
1808009,2025,0651600000,year
1808011,2021,0650300000,year
1808011,2022,0650300000,year
1808011,2023,0650300000,year
1808011,2024,0650300000,year
1808011,2025,0650300000,year
1808013,2021,0653300000,year
1808013,2022,0653300000,year
1808013,2023,0653300000,year
1808013,2024,0653300000,year
1808013,2025,0653300000,year
1808015,2021,0655300000,year
1808015,2022,0655300000,year
1808015,2023,0655300000,year
1808015,2024,0655300000,year
1808015,2025,0655300000,year
1808017,2021,0653600000,year
1808017,2022,0653600000,year
1808017,2023,0653600000,year
1808017,2024,0653600000,year
1808017,2025,0653600000,year
1808019,2021,0655400000,year
1808019,2022,0655400000,year
1808019,2023,0655400000,year
1808019,2024,0655400000,year
1808019,2025,0655400000,year
1808021,2021,0653200000,year
1808021,2022,0653200000,year
1808021,2023,0653200000,year
1808021,2024,0653200000,year
1808021,2025,0653200000,year
1808023,2021,0656900000,year
1808023,2022,0656900000,year
1808023,2023,0656900000,year
1808023,2024,0656900000,year
1808023,2025,0656900000,year
2102001,2021,0751800000,year
2102001,2022,0751800000,year
2102001,2023,0751800000,year
2102001,2024,0751800000,year
2102001,2025,0751800000,year
2102003,2021,0751700000,year
2102003,2022,0751700000,year
2102003,2023,0751700000,year
2102003,2024,0751700000,year
2102003,2025,0751700000,year
2102005,2021,0752300000,year
2102005,2022,0752300000,year
2102005,2023,0752300000,year
2102005,2024,0752300000,year
2102005,2025,0752300000,year
2102007,2021,0752400000,year
2102007,2022,0752400000,year
2102007,2023,0752400000,year
2102007,2024,0752400000,year
2102007,2025,0752400000,year
2102009,2021,0752900000,year
2102009,2022,0752900000,year
2102009,2023,0752900000,year
2102009,2024,0752900000,year
2102009,2025,0752900000,year
2102011,2021,0753000000,year
2102011,2022,0753000000,year
2102011,2023,0753000000,year
2102011,2024,0753000000,year
2102011,2025,0753000000,year
2102013,2021,0751200000,year
2102013,2022,0751200000,year
2102013,2023,0751200000,year
2102013,2024,0751200000,year
2102013,2025,0751200000,year
2102015,2021,0754100000,year
2102015,2022,0754100000,year
2102015,2023,0754100000,year
2102015,2024,0754100000,year
2102015,2025,0754100000,year
2102017,2021,0751400000,year
2102017,2022,0751400000,year
2102017,2023,0751400000,year
2102017,2024,0751400000,year
2102017,2025,0751400000,year
2102019,2021,0754700000,year
2102019,2022,0754700000,year
2102019,2023,0754700000,year
2102019,2024,0754700000,year
2102019,2025,0754700000,year
2104001,2021,0752700000,year
2104001,2022,0752700000,year
2104001,2023,0752700000,year
2104001,2024,0752700000,year
2104001,2025,0752700000,year
2104003,2021,0752800000,year
2104003,2022,0752800000,year
2104003,2023,0752800000,year
2104003,2024,0752800000,year
2104003,2025,0752800000,year
2104005,2021,0753200000,year
2104005,2022,0753200000,year
2104005,2023,0753200000,year
2104005,2024,0753200000,year
2104005,2025,0753200000,year
2104007,2021,0750900000,year
2104007,2022,0750900000,year
2104007,2023,0750900000,year
2104007,2024,0750900000,year
2104007,2025,0750900000,year
2104009,2021,0753700000,year
2104009,2022,0753700000,year
2104009,2023,0753700000,year
2104009,2024,0753700000,year
2104009,2025,0753700000,year
2104011,2021,0753800000,year
2104011,2022,0753800000,year
2104011,2023,0753800000,year
2104011,2024,0753800000,year
2104011,2025,0753800000,year
2104013,2021,0754000000,year
2104013,2022,0754000000,year
2104013,2023,0754000000,year
2104013,2024,0754000000,year
2104013,2025,0754000000,year
2104015,2021,0750700000,year
2104015,2022,0750700000,year
2104015,2023,0750700000,year
2104015,2024,0750700000,year
2104015,2025,0750700000,year
2104017,2021,0754400000,year
2104017,2022,0754400000,year
2104017,2023,0754400000,year
2104017,2024,0754400000,year
2104017,2025,0754400000,year
2104019,2021,0754600000,year
2104019,2022,0754600000,year
2104019,2023,0754600000,year
2104019,2024,0754600000,year
2104019,2025,0754600000,year
2104021,2021,0750300000,year
2104021,2022,0750300000,year
2104021,2023,0750300000,year
2104021,2024,0750300000,year
2104021,2025,0750300000,year
2104023,2021,0755000000,year
2104023,2022,0755000000,year
2104023,2023,0755000000,year
2104023,2024,0755000000,year
2104023,2025,0755000000,year
2104025,2021,0756200000,year
2104025,2022,0756200000,year
2104025,2023,0756200000,year
2104025,2024,0756200000,year
2104025,2025,0756200000,year
2106001,2021,0752100000,year
2106001,2022,0752100000,year
2106001,2023,0752100000,year
2106001,2024,0752100000,year
2106001,2025,0752100000,year
2106003,2021,0752500000,year
2106003,2022,0752500000,year
2106003,2023,0752500000,year
2106003,2024,0752500000,year
2106003,2025,0752500000,year
2106005,2021,0754900000,year
2106005,2022,0754900000,year
2106005,2023,0754900000,year
2106005,2024,0754900000,year
2106005,2025,0754900000,year
2106007,2021,0756400000,year
2106007,2022,0756400000,year
2106007,2023,0756400000,year
2106007,2024,0756400000,year
2106007,2025,0756400000,year
2108001,2021,0751900000,year
2108001,2022,0751900000,year
2108001,2023,0751900000,year
2108001,2024,0751900000,year
2108001,2025,0751900000,year
2108003,2021,0752200000,year
2108003,2022,0752200000,year
2108003,2023,0752200000,year
2108003,2024,0752200000,year
2108003,2025,0752200000,year
2108005,2021,0750100000,year
2108005,2022,0750100000,year
2108005,2023,0750100000,year
2108005,2024,0750100000,year
2108005,2025,0750100000,year
2108007,2021,0753500000,year
2108007,2022,0753500000,year
2108007,2023,0753500000,year
2108007,2024,0753500000,year
2108007,2025,0753500000,year
2108009,2021,0754500000,year
2108009,2022,0754500000,year
2108009,2023,0754500000,year
2108009,2024,0754500000,year
2108009,2025,0754500000,year
2108011,2021,0755300000,year
2108011,2022,0755300000,year
2108011,2023,0755300000,year
2108011,2024,0755300000,year
2108011,2025,0755300000,year
2108013,2021,0755600000,year
2108013,2022,0755600000,year
2108013,2023,0755600000,year
2108013,2024,0755600000,year
2108013,2025,0755600000,year
2108015,2021,0750200000,year
2108015,2022,0750200000,year
2108015,2023,0750200000,year
2108015,2024,0750200000,year
2108015,2025,0750200000,year
2108017,2021,0755800000,year
2108017,2022,0755800000,year
2108017,2023,0755800000,year
2108017,2024,0755800000,year
2108017,2025,0755800000,year
2108019,2021,0756000000,year
2108019,2022,0756000000,year
2108019,2023,0756000000,year
2108019,2024,0756000000,year
2108019,2025,0756000000,year
2110001,2021,0750600000,year
2110001,2022,0750600000,year
2110001,2023,0750600000,year
2110001,2024,0750600000,year
2110001,2025,0750600000,year
2110003,2021,0750800000,year
2110003,2022,0750800000,year
2110003,2023,0750800000,year
2110003,2024,0750800000,year
2110003,2025,0750800000,year
2110005,2021,0752600000,year
2110005,2022,0752600000,year
2110005,2023,0752600000,year
2110005,2024,0752600000,year
2110005,2025,0752600000,year
2110007,2021,0753600000,year
2110007,2022,0753600000,year
2110007,2023,0753600000,year
2110007,2024,0753600000,year
2110007,2025,0753600000,year
2110009,2021,0754200000,year
2110009,2022,0754200000,year
2110009,2023,0754200000,year
2110009,2024,0754200000,year
2110009,2025,0754200000,year
2110011,2021,0751500000,year
2110011,2022,0751500000,year
2110011,2023,0751500000,year
2110011,2024,0751500000,year
2110011,2025,0751500000,year
2110013,2021,0750500000,year
2110013,2022,0750500000,year
2110013,2023,0750500000,year
2110013,2024,0750500000,year
2110013,2025,0750500000,year
2110015,2021,0755100000,year
2110015,2022,0755100000,year
2110015,2023,0755100000,year
2110015,2024,0755100000,year
2110015,2025,0755100000,year
2110017,2021,0755400000,year
2110017,2022,0755400000,year
2110017,2023,0755400000,year
2110017,2024,0755400000,year
2110017,2025,0755400000,year
2110019,2021,0755500000,year
2110019,2022,0755500000,year
2110019,2023,0755500000,year
2110019,2024,0755500000,year
2110019,2025,0755500000,year
2110021,2021,0755700000,year
2110021,2022,0755700000,year
2110021,2023,0755700000,year
2110021,2024,0755700000,year
2110021,2025,0755700000,year
2110023,2021,0755900000,year
2110023,2022,0755900000,year
2110023,2023,0755900000,year
2110023,2024,0755900000,year
2110023,2025,0755900000,year
2110025,2021,0751600000,year
2110025,2022,0751600000,year
2110025,2023,0751600000,year
2110025,2024,0751600000,year
2110025,2025,0751600000,year
2110027,2021,0756300000,year
2110027,2022,0756300000,year
2110027,2023,0756300000,year
2110027,2024,0756300000,year
2110027,2025,0756300000,year
2112001,2021,0752000000,year
2112001,2022,0752000000,year
2112001,2023,0752000000,year
2112001,2024,0752000000,year
2112001,2025,0752000000,year
2112003,2021,0753100000,year
2112003,2022,0753100000,year
2112003,2023,0753100000,year
2112003,2024,0753100000,year
2112003,2025,0753100000,year
2112005,2021,0753300000,year
2112005,2022,0753300000,year
2112005,2023,0753300000,year
2112005,2024,0753300000,year
2112005,2025,0753300000,year
2112007,2021,0751000000,year
2112007,2022,0751000000,year
2112007,2023,0751000000,year
2112007,2024,0751000000,year
2112007,2025,0751000000,year
2112009,2021,0753400000,year
2112009,2022,0753400000,year
2112009,2023,0753400000,year
2112009,2024,0753400000,year
2112009,2025,0753400000,year
2112011,2021,0751100000,year
2112011,2022,0751100000,year
2112011,2023,0751100000,year
2112011,2024,0751100000,year
2112011,2025,0751100000,year
2112013,2021,0750400000,year
2112013,2022,0750400000,year
2112013,2023,0750400000,year
2112013,2024,0750400000,year
2112013,2025,0750400000,year
2112015,2021,0751300000,year
2112015,2022,0751300000,year
2112015,2023,0751300000,year
2112015,2024,0751300000,year
2112015,2025,0751300000,year
2112017,2021,0753900000,year
2112017,2022,0753900000,year
2112017,2023,0753900000,year
2112017,2024,0753900000,year
2112017,2025,0753900000,year
2112019,2021,0754300000,year
2112019,2022,0754300000,year
2112019,2023,0754300000,year
2112019,2024,0754300000,year
2112019,2025,0754300000,year
2112021,2021,0754800000,year
2112021,2022,0754800000,year
2112021,2023,0754800000,year
2112021,2024,0754800000,year
2112021,2025,0754800000,year
2112023,2021,0755200000,year
2112023,2022,0755200000,year
2112023,2023,0755200000,year
2112023,2024,0755200000,year
2112023,2025,0755200000,year
2112025,2021,0756100000,year
2112025,2022,0756100000,year
2112025,2023,0756100000,year
2112025,2024,0756100000,year
2112025,2025,0756100000,year
2302001,2021,0854900000,year
2302001,2022,0854900000,year
2302001,2023,0854900000,year
2302001,2024,0854900000,year
2302001,2025,0854900000,year
2302003,2021,0855700000,year
2302003,2022,0855700000,year
2302003,2023,0855700000,year
2302003,2024,0855700000,year
2302003,2025,0855700000,year
2302005,2021,0854400000,year
2302005,2022,0854400000,year
2302005,2023,0854400000,year
2302005,2024,0854400000,year
2302005,2025,0854400000,year
2302007,2021,0850100000,year
2302007,2022,0850100000,year
2302007,2023,0850100000,year
2302007,2024,0850100000,year
2302007,2025,0850100000,year
2302009,2021,0856300000,year
2302009,2022,0856300000,year
2302009,2023,0856300000,year
2302009,2024,0856300000,year
2302009,2025,0856300000,year
2302011,2021,0851400000,year
2302011,2022,0851400000,year
2302011,2023,0851400000,year
2302011,2024,0851400000,year
2302011,2025,0851400000,year
2302013,2021,0850800000,year
2302013,2022,0850800000,year
2302013,2023,0850800000,year
2302013,2024,0850800000,year
2302013,2025,0850800000,year
2302015,2021,0852000000,year
2302015,2022,0852000000,year
2302015,2023,0852000000,year
2302015,2024,0852000000,year
2302015,2025,0852000000,year
2304001,2021,0853500000,year
2304001,2022,0853500000,year
2304001,2023,0853500000,year
2304001,2024,0853500000,year
2304001,2025,0853500000,year
2304003,2021,0855800000,year
2304003,2022,0855800000,year
2304003,2023,0855800000,year
2304003,2024,0855800000,year
2304003,2025,0855800000,year
2304005,2021,0851900000,year
2304005,2022,0851900000,year
2304005,2023,0851900000,year
2304005,2024,0851900000,year
2304005,2025,0851900000,year
2304007,2021,0852400000,year
2304007,2022,0852400000,year
2304007,2023,0852400000,year
2304007,2024,0852400000,year
2304007,2025,0852400000,year
2304009,2021,0856000000,year
2304009,2022,0856000000,year
2304009,2023,0856000000,year
2304009,2024,0856000000,year
2304009,2025,0856000000,year
2304011,2021,0856100000,year
2304011,2022,0856100000,year
2304011,2023,0856100000,year
2304011,2024,0856100000,year
2304011,2025,0856100000,year
2304013,2021,0851700000,year
2304013,2022,0851700000,year
2304013,2023,0851700000,year
2304013,2024,0851700000,year
2304013,2025,0851700000,year
2304015,2021,0856600000,year
2304015,2022,0856600000,year
2304015,2023,0856600000,year
2304015,2024,0856600000,year
2304015,2025,0856600000,year
2304017,2021,0853700000,latest
2304017,2022,0853700000,year
2304017,2023,0853700000,year
2304017,2024,0853700000,year
2304017,2025,0853700000,year
2304019,2021,0854200000,year
2304019,2022,0854200000,year
2304019,2023,0854200000,year
2304019,2024,0854200000,year
2304019,2025,0854200000,year
2304021,2021,0857400000,year
2304021,2022,0857400000,year
2304021,2023,0857400000,year
2304021,2024,0857400000,year
2304021,2025,0857400000,year
2306001,2021,0851000000,year
2306001,2022,0851000000,year
2306001,2023,0851000000,year
2306001,2024,0851000000,year
2306001,2025,0851000000,year
2306003,2021,0855900000,year
2306003,2022,0855900000,year
2306003,2023,0855900000,year
2306003,2024,0855900000,year
2306003,2025,0855900000,year
2306005,2021,0850700000,year
2306005,2022,0850700000,year
2306005,2023,0850700000,year
2306005,2024,0850700000,year
2306005,2025,0850700000,year
2306007,2021,0856200000,year
2306007,2022,0856200000,year
2306007,2023,0856200000,year
2306007,2024,0856200000,year
2306007,2025,0856200000,year
2306009,2021,0850900000,year
2306009,2022,0850900000,year
2306009,2023,0850900000,year
2306009,2024,0850900000,year
2306009,2025,0850900000,year
2306011,2021,0856500000,year
2306011,2022,0856500000,year
2306011,2023,0856500000,year
2306011,2024,0856500000,year
2306011,2025,0856500000,year
2306013,2021,0856700000,year
2306013,2022,0856700000,year
2306013,2023,0856700000,year
2306013,2024,0856700000,year
2306013,2025,0856700000,year
2306015,2021,0853800000,latest
2306015,2022,0853800000,year
2306015,2023,0853800000,year
2306015,2024,0853800000,year
2306015,2025,0853800000,year
2306017,2021,0856900000,year
2306017,2022,0856900000,year
2306017,2023,0856900000,year
2306017,2024,0856900000,year
2306017,2025,0856900000,year
2306019,2021,0857200000,year
2306019,2022,0857200000,year
2306019,2023,0857200000,year
2306019,2024,0857200000,year
2306019,2025,0857200000,year
2306021,2021,0854600000,year
2306021,2022,0854600000,year
2306021,2023,0854600000,year
2306021,2024,0854600000,year
2306021,2025,0854600000,year
2306023,2021,0852200000,year
2306023,2022,0852200000,year
2306023,2023,0852200000,year
2306023,2024,0852200000,year
2306023,2025,0852200000,year
2306025,2021,0852800000,year
2306025,2022,0852800000,year
2306025,2023,0852800000,year
2306025,2024,0852800000,year
2306025,2025,0852800000,year
2306027,2021,0857300000,year
2306027,2022,0857300000,year
2306027,2023,0857300000,year
2306027,2024,0857300000,year
2306027,2025,0857300000,year
2306029,2021,0851600000,year
2306029,2022,0851600000,year
2306029,2023,0851600000,year
2306029,2024,0851600000,year
2306029,2025,0851600000,year
2306031,2021,0855500000,year
2306031,2022,0855500000,year
2306031,2023,0855500000,year
2306031,2024,0855500000,year
2306031,2025,0855500000,year
2306033,2021,0852300000,year
2306033,2022,0852300000,year
2306033,2023,0852300000,year
2306033,2024,0852300000,year
2306033,2025,0852300000,year
2308001,2021,0850200000,year
2308001,2022,0850200000,year
2308001,2023,0850200000,year
2308001,2024,0850200000,year
2308001,2025,0850200000,year
2308003,2021,0853200000,year
2308003,2022,0853200000,year
2308003,2023,0853200000,year
2308003,2024,0853200000,year
2308003,2025,0853200000,year
2308005,2021,0856400000,year
2308005,2022,0856400000,year
2308005,2023,0856400000,year
2308005,2024,0856400000,year
2308005,2025,0856400000,year
2308007,2021,0856800000,year
2308007,2022,0856800000,year
2308007,2023,0856800000,year
2308007,2024,0856800000,year
2308007,2025,0856800000,year
2308009,2021,0853900000,year
2308009,2022,0853900000,year
2308009,2023,0853900000,year
2308009,2024,0853900000,year
2308009,2025,0853900000,year
2308011,2021,0855200000,year
2308011,2022,0855200000,year
2308011,2023,0855200000,year
2308011,2024,0855200000,year
2308011,2025,0855200000,year
2308013,2021,0853400000,year
2308013,2022,0853400000,year
2308013,2023,0853400000,year
2308013,2024,0853400000,year
2308013,2025,0853400000,year
2308015,2021,0857100000,year
2308015,2022,0857100000,year
2308015,2023,0857100000,year
2308015,2024,0857100000,year
2308015,2025,0857100000,year
2308017,2021,0852600000,year
2308017,2022,0852600000,year
2308017,2023,0852600000,year
2308017,2024,0852600000,year
2308017,2025,0852600000,year
2308019,2021,0854100000,year
2308019,2022,0854100000,year
2308019,2023,0854100000,year
2308019,2024,0854100000,year
2308019,2025,0854100000,year
2308021,2021,0853000000,year
2308021,2022,0853000000,year
2308021,2023,0853000000,year
2308021,2024,0853000000,year
2308021,2025,0853000000,year
2308023,2021,0853100000,year
2308023,2022,0853100000,year
2308023,2023,0853100000,year
2308023,2024,0853100000,year
2308023,2025,0853100000,year
2308025,2021,0855400000,year
2308025,2022,0855400000,year
2308025,2023,0855400000,year
2308025,2024,0855400000,year
2308025,2025,0855400000,year
2308027,2021,0857500000,year
2308027,2022,0857500000,year
2308027,2023,0857500000,year
2308027,2024,0857500000,year
2308027,2025,0857500000,year
2308029,2021,0852700000,year
2308029,2022,0852700000,year
2308029,2023,0852700000,year
2308029,2024,0852700000,year
2308029,2025,0852700000,year
2308031,2021,0853300000,year
2308031,2022,0853300000,year
2308031,2023,0853300000,year
2308031,2024,0853300000,year
2308031,2025,0853300000,year
2310001,2021,0854500000,year
2310001,2022,0854500000,year
2310001,2023,0854500000,year
2310001,2024,0854500000,year
2310001,2025,0854500000,year
2310003,2021,0852900000,year
2310003,2022,0852900000,year
2310003,2023,0852900000,year
2310003,2024,0852900000,year
2310003,2025,0852900000,year
2310005,2021,0850600000,year
2310005,2022,0850600000,year
2310005,2023,0850600000,year
2310005,2024,0850600000,year
2310005,2025,0850600000,year
2310007,2021,0852100000,year
2310007,2022,0852100000,year
2310007,2023,0852100000,year
2310007,2024,0852100000,year
2310007,2025,0852100000,year
2310009,2021,0850300000,year
2310009,2022,0850300000,year
2310009,2023,0850300000,year
2310009,2024,0850300000,year
2310009,2025,0850300000,year
2310011,2021,0855100000,year
2310011,2022,0855100000,year
2310011,2023,0855100000,year
2310011,2024,0855100000,year
2310011,2025,0855100000,year
2310013,2021,0851300000,year
2310013,2022,0851300000,year
2310013,2023,0851300000,year
2310013,2024,0851300000,year
2310013,2025,0851300000,year
2310015,2021,0857000000,year
2310015,2022,0857000000,year
2310015,2023,0857000000,year
2310015,2024,0857000000,year
2310015,2025,0857000000,year
2310017,2021,0851800000,year
2310017,2022,0851800000,year
2310017,2023,0851800000,year
2310017,2024,0851800000,year
2310017,2025,0851800000,year
2310019,2021,0854700000,year
2310019,2022,0854700000,year
2310019,2023,0854700000,year
2310019,2024,0854700000,year
2310019,2025,0854700000,year
2310021,2021,0850400000,year
2310021,2022,0850400000,year
2310021,2023,0850400000,year
2310021,2024,0850400000,year
2310021,2025,0850400000,year
2310023,2021,0854800000,year
2310023,2022,0854800000,year
2310023,2023,0854800000,year
2310023,2024,0854800000,year
2310023,2025,0854800000,year
2310025,2021,0850500000,year
2310025,2022,0850500000,year
2310025,2023,0850500000,year
2310025,2024,0850500000,year
2310025,2025,0850500000,year
2310027,2021,0857600000,year
2310027,2022,0857600000,year
2310027,2023,0857600000,year
2310027,2024,0857600000,year
2310027,2025,0857600000,year
2310029,2021,0855600000,year
2310029,2022,0855600000,year
2310029,2023,0855600000,year
2310029,2024,0855600000,year
2310029,2025,0855600000,year
2602001,2021,0950400000,year
2602001,2022,0950400000,year
2602001,2023,0950400000,year
2602001,2024,0950400000,year
2602001,2025,0950400000,year
2602003,2021,0954300000,year
2602003,2022,0954300000,year
2602003,2023,0954300000,year
2602003,2024,0954300000,year
2602003,2025,0954300000,year
2602005,2021,0954800000,year
2602005,2022,0954800000,year
2602005,2023,0954800000,year
2602005,2024,0954800000,year
2602005,2025,0954800000,year
2604001,2021,0950600000,year
2604001,2022,0950600000,year
2604001,2023,0950600000,year
2604001,2024,0950600000,year
2604001,2025,0950600000,year
2604003,2021,0954000000,year
2604003,2022,0954000000,year
2604003,2023,0954000000,year
2604003,2024,0954000000,year
2604003,2025,0954000000,year
2604005,2021,0952600000,year
2604005,2022,0952600000,year
2604005,2023,0952600000,year
2604005,2024,0952600000,year
2604005,2025,0952600000,year
2604007,2021,0954200000,year
2604007,2022,0954200000,year
2604007,2023,0954200000,year
2604007,2024,0954200000,year
2604007,2025,0954200000,year
2604009,2021,0954500000,year
2604009,2022,0954500000,year
2604009,2023,0954500000,year
2604009,2024,0954500000,year
2604009,2025,0954500000,year
2604011,2021,0951300000,year
2604011,2022,0951300000,year
2604011,2023,0951300000,year
2604011,2024,0951300000,year
2604011,2025,0951300000,year
2604013,2021,0954700000,year
2604013,2022,0954700000,year
2604013,2023,0954700000,year
2604013,2024,0954700000,year
2604013,2025,0954700000,year
2604015,2021,0953600000,year
2604015,2022,0953600000,year
2604015,2023,0953600000,year
2604015,2024,0953600000,year
2604015,2025,0953600000,year
2604017,2021,0952400000,year
2604017,2022,0952400000,year
2604017,2023,0952400000,year
2604017,2024,0952400000,year
2604017,2025,0952400000,year
2604019,2021,0953300000,year
2604019,2022,0953300000,year
2604019,2023,0953300000,year
2604019,2024,0953300000,year
2604019,2025,0953300000,year
2604021,2021,0955100000,year
2604021,2022,0955100000,year
2604021,2023,0955100000,year
2604021,2024,0955100000,year
2604021,2025,0955100000,year
2604023,2021,0955300000,year
2604023,2022,0955300000,year
2604023,2023,0955300000,year
2604023,2024,0955300000,year
2604023,2025,0955300000,year
2604025,2021,0951200000,year
2604025,2022,0951200000,year
2604025,2023,0951200000,year
2604025,2024,0951200000,year
2604025,2025,0951200000,year
2604027,2021,0955700000,year
2604027,2022,0955700000,year
2604027,2023,0955700000,year
2604027,2024,0955700000,year
2604027,2025,0955700000,year
2604029,2021,0956000000,year
2604029,2022,0956000000,year
2604029,2023,0956000000,year
2604029,2024,0956000000,year
2604029,2025,0956000000,year
2604031,2021,0950300000,year
2604031,2022,0950300000,year
2604031,2023,0950300000,year
2604031,2024,0950300000,year
2604031,2025,0950300000,year
2604033,2021,0956100000,year
2604033,2022,0956100000,year
2604033,2023,0956100000,year
2604033,2024,0956100000,year
2604033,2025,0956100000,year
2604035,2021,0950500000,year
2604035,2022,0950500000,year
2604035,2023,0950500000,year
2604035,2024,0950500000,year
2604035,2025,0950500000,year
2604037,2021,0952500000,year
2604037,2022,0952500000,year
2604037,2023,0952500000,year
2604037,2024,0952500000,year
2604037,2025,0952500000,year
2604039,2021,0951900000,year
2604039,2022,0951900000,year
2604039,2023,0951900000,year
2604039,2024,0951900000,year
2604039,2025,0951900000,year
2606001,2021,0954100000,year
2606001,2022,0954100000,year
2606001,2023,0954100000,year
2606001,2024,0954100000,year
2606001,2025,0954100000,year
2606003,2021,0952000000,year
2606003,2022,0952000000,year
2606003,2023,0952000000,year
2606003,2024,0952000000,year
2606003,2025,0952000000,year
2606005,2021,0950100000,year
2606005,2022,0950100000,year
2606005,2023,0950100000,year
2606005,2024,0950100000,year
2606005,2025,0950100000,year
2606007,2021,0952700000,year
2606007,2022,0952700000,year
2606007,2023,0952700000,year
2606007,2024,0952700000,year
2606007,2025,0952700000,year
2606009,2021,0950700000,year
2606009,2022,0950700000,year
2606009,2023,0950700000,year
2606009,2024,0950700000,year
2606009,2025,0950700000,year
2606011,2021,0952100000,year
2606011,2022,0952100000,year
2606011,2023,0952100000,year
2606011,2024,0952100000,year
2606011,2025,0952100000,year
2606013,2021,0953200000,year
2606013,2022,0953200000,year
2606013,2023,0953200000,year
2606013,2024,0953200000,year
2606013,2025,0953200000,year
2606015,2021,0953500000,year
2606015,2022,0953500000,year
2606015,2023,0953500000,year
2606015,2024,0953500000,year
2606015,2025,0953500000,year
2606017,2021,0953100000,year
2606017,2022,0953100000,year
2606017,2023,0953100000,year
2606017,2024,0953100000,year
2606017,2025,0953100000,year
2606019,2021,0952900000,year
2606019,2022,0952900000,year
2606019,2023,0952900000,year
2606019,2024,0952900000,year
2606019,2025,0952900000,year
2606021,2021,0955500000,year
2606021,2022,0955500000,year
2606021,2023,0955500000,year
2606021,2024,0955500000,year
2606021,2025,0955500000,year
2606023,2021,0955800000,year
2606023,2022,0955800000,year
2606023,2023,0955800000,year
2606023,2024,0955800000,year
2606023,2025,0955800000,year
2606025,2021,0952300000,year
2606025,2022,0952300000,year
2606025,2023,0952300000,year
2606025,2024,0952300000,year
2606025,2025,0952300000,year
2608001,2021,0953400000,year
2608001,2022,0953400000,year
2608001,2023,0953400000,year
2608001,2024,0953400000,year
2608001,2025,0953400000,year
2608003,2021,0954600000,year
2608003,2022,0954600000,year
2608003,2023,0954600000,year
2608003,2024,0954600000,year
2608003,2025,0954600000,year
2608005,2021,0951800000,year
2608005,2022,0951800000,year
2608005,2023,0951800000,year
2608005,2024,0951800000,year
2608005,2025,0951800000,year
2608007,2021,0953000000,year
2608007,2022,0953000000,year
2608007,2023,0953000000,year
2608007,2024,0953000000,year
2608007,2025,0953000000,year
2608009,2021,0952800000,year
2608009,2022,0952800000,year
2608009,2023,0952800000,year
2608009,2024,0952800000,year
2608009,2025,0952800000,year
2608011,2021,0950900000,year
2608011,2022,0950900000,year
2608011,2023,0950900000,year
2608011,2024,0950900000,year
2608011,2025,0950900000,year
2608013,2021,0951000000,year
2608013,2022,0951000000,year
2608013,2023,0951000000,year
2608013,2024,0951000000,year
2608013,2025,0951000000,year
2608015,2021,0955400000,year
2608015,2022,0955400000,year
2608015,2023,0955400000,year
2608015,2024,0955400000,year
2608015,2025,0955400000,year
2608017,2021,0950200000,year
2608017,2022,0950200000,year
2608017,2023,0950200000,year
2608017,2024,0950200000,year
2608017,2025,0950200000,year
2608019,2021,0953900000,year
2608019,2022,0953900000,year
2608019,2023,0953900000,year
2608019,2024,0953900000,year
2608019,2025,0953900000,year
2608021,2021,0951100000,year
2608021,2022,0951100000,year
2608021,2023,0951100000,year
2608021,2024,0951100000,year
2608021,2025,0951100000,year
2608023,2021,0955900000,year
2608023,2022,0955900000,year
2608023,2023,0955900000,year
2608023,2024,0955900000,year
2608023,2025,0955900000,year
2608025,2021,0956200000,year
2608025,2022,0956200000,year
2608025,2023,0956200000,year
2608025,2024,0956200000,year
2608025,2025,0956200000,year
2610001,2021,0954900000,year
2610001,2022,0954900000,year
2610001,2023,0954900000,year
2610001,2024,0954900000,year
2610001,2025,0954900000,year
2610003,2021,0950800000,year
2610003,2022,0950800000,year
2610003,2023,0950800000,year
2610003,2024,0950800000,year
2610003,2025,0950800000,year
2610005,2021,0955000000,year
2610005,2022,0955000000,year
2610005,2023,0955000000,year
2610005,2024,0955000000,year
2610005,2025,0955000000,year
2610007,2021,0951400000,year
2610007,2022,0951400000,year
2610007,2023,0951400000,year
2610007,2024,0951400000,year
2610007,2025,0951400000,year
2610009,2021,0951500000,year
2610009,2022,0951500000,year
2610009,2023,0951500000,year
2610009,2024,0951500000,year
2610009,2025,0951500000,year
2612001,2021,0954400000,year
2612001,2022,0954400000,year
2612001,2023,0954400000,year
2612001,2024,0954400000,year
2612001,2025,0954400000,year
2612003,2021,0952200000,year
2612003,2022,0952200000,year
2612003,2023,0952200000,year
2612003,2024,0952200000,year
2612003,2025,0952200000,year
2612005,2021,0951700000,year
2612005,2022,0951700000,year
2612005,2023,0951700000,year
2612005,2024,0951700000,year
2612005,2025,0951700000,year
2612007,2021,0955200000,year
2612007,2022,0955200000,year
2612007,2023,0955200000,year
2612007,2024,0955200000,year
2612007,2025,0955200000,year
2612009,2021,0953800000,year
2612009,2022,0953800000,year
2612009,2023,0953800000,year
2612009,2024,0953800000,year
2612009,2025,0953800000,year
2612011,2021,0951600000,year
2612011,2022,0951600000,year
2612011,2023,0951600000,year
2612011,2024,0951600000,year
2612011,2025,0951600000,year
2612013,2021,0955600000,year
2612013,2022,0955600000,year
2612013,2023,0955600000,year
2612013,2024,0955600000,year
2612013,2025,0955600000,year
2612015,2021,0956300000,year
2612015,2022,0956300000,year
2612015,2023,0956300000,year
2612015,2024,0956300000,year
2612015,2025,0956300000,year
3202001,2021,1052700000,year
3202001,2022,1052700000,year
3202001,2023,1052700000,year
3202001,2024,1052700000,year
3202001,2025,1052700000,year
3202003,2021,1053500000,year
3202003,2022,1053500000,year
3202003,2023,1053500000,year
3202003,2024,1053500000,year
3202003,2025,1053500000,year
3202005,2021,1054000000,year
3202005,2022,1054000000,year
3202005,2023,1054000000,year
3202005,2024,1054000000,year
3202005,2025,1054000000,year
3202007,2021,1051200000,year
3202007,2022,1051200000,year
3202007,2023,1051200000,year
3202007,2024,1051200000,year
3202007,2025,1051200000,year
3202009,2021,1055300000,year
3202009,2022,1055300000,year
3202009,2023,1055300000,year
3202009,2024,1055300000,year
3202009,2025,1055300000,year
3202011,2021,1050300000,year
3202011,2022,1050300000,year
3202011,2023,1050300000,year
3202011,2024,1050300000,year
3202011,2025,1050300000,year
3202013,2021,1056000000,year
3202013,2022,1056000000,year
3202013,2023,1056000000,year
3202013,2024,1056000000,year
3202013,2025,1056000000,year
3202015,2021,1056100000,year
3202015,2022,1056100000,year
3202015,2023,1056100000,year
3202015,2024,1056100000,year
3202015,2025,1056100000,year
3202017,2021,1056300000,year
3202017,2022,1056300000,year
3202017,2023,1056300000,year
3202017,2024,1056300000,year
3202017,2025,1056300000,year
3202019,2021,1056400000,year
3202019,2022,1056400000,year
3202019,2023,1056400000,year
3202019,2024,1056400000,year
3202019,2025,1056400000,year
3202021,2021,1050800000,year
3202021,2022,1050800000,year
3202021,2023,1050800000,year
3202021,2024,1050800000,year
3202021,2025,1050800000,year
3202023,2021,1050700000,year
3202023,2022,1050700000,year
3202023,2023,1050700000,year
3202023,2024,1050700000,year
3202023,2025,1050700000,year
3202025,2021,1050600000,year
3202025,2022,1050600000,year
3202025,2023,1050600000,year
3202025,2024,1050600000,year
3202025,2025,1050600000,year
3204001,2021,1052800000,year
3204001,2022,1052800000,year
3204001,2023,1052800000,year
3204001,2024,1052800000,year
3204001,2025,1052800000,year
3204003,2021,1053600000,year
3204003,2022,1053600000,year
3204003,2023,1053600000,year
3204003,2024,1053600000,year
3204003,2025,1053600000,year
3204005,2021,1053800000,year
3204005,2022,1053800000,year
3204005,2023,1053800000,year
3204005,2024,1053800000,year
3204005,2025,1053800000,year
3204007,2021,1050500000,year
3204007,2022,1050500000,year
3204007,2023,1050500000,year
3204007,2024,1050500000,year
3204007,2025,1050500000,year
3204009,2021,1054400000,year
3204009,2022,1054400000,year
3204009,2023,1054400000,year
3204009,2024,1054400000,year
3204009,2025,1054400000,year
3204011,2021,1055500000,year
3204011,2022,1055500000,year
3204011,2023,1055500000,year
3204011,2024,1055500000,year
3204011,2025,1055500000,year
3204013,2021,1055900000,year
3204013,2022,1055900000,year
3204013,2023,1055900000,year
3204013,2024,1055900000,year
3204013,2025,1055900000,year
3204015,2021,1050900000,year
3204015,2022,1050900000,year
3204015,2023,1050900000,year
3204015,2024,1050900000,year
3204015,2025,1050900000,year
3204017,2021,1052000000,year
3204017,2022,1052000000,year
3204017,2023,1052000000,year
3204017,2024,1052000000,year
3204017,2025,1052000000,year
3204019,2021,1052200000,year
3204019,2022,1052200000,year
3204019,2023,1052200000,year
3204019,2024,1052200000,year
3204019,2025,1052200000,year
3204021,2021,1056900000,year
3204021,2022,1056900000,year
3204021,2023,1056900000,year
3204021,2024,1056900000,year
3204021,2025,1056900000,year
3206001,2021,1051000000,year
3206001,2022,1051000000,year
3206001,2023,1051000000,year
3206001,2024,1051000000,year
3206001,2025,1051000000,year
3206003,2021,1051400000,year
3206003,2022,1051400000,year
3206003,2023,1051400000,year
3206003,2024,1051400000,year
3206003,2025,1051400000,year
3206005,2021,1053100000,year
3206005,2022,1053100000,year
3206005,2023,1053100000,year
3206005,2024,1053100000,year
3206005,2025,1053100000,year
3206007,2021,1050400000,year
3206007,2022,1050400000,year
3206007,2023,1050400000,year
3206007,2024,1050400000,year
3206007,2025,1050400000,year
3206009,2021,1052300000,year
3206009,2022,1052300000,year
3206009,2023,1052300000,year
3206009,2024,1052300000,year
3206009,2025,1052300000,year
3206011,2021,1054300000,year
3206011,2022,1054300000,year
3206011,2023,1054300000,year
3206011,2024,1054300000,year
3206011,2025,1054300000,year
3206013,2021,1052400000,latest
3206013,2022,1052400000,year
3206013,2023,1052400000,year
3206013,2024,1052400000,year
3206013,2025,1052400000,year
3206015,2021,1050100000,year
3206015,2022,1050100000,year
3206015,2023,1050100000,year
3206015,2024,1050100000,year
3206015,2025,1050100000,year
3208001,2021,1052600000,year
3208001,2022,1052600000,year
3208001,2023,1052600000,year
3208001,2024,1052600000,year
3208001,2025,1052600000,year
3208003,2021,1051100000,year
3208003,2022,1051100000,year
3208003,2023,1051100000,year
3208003,2024,1051100000,year
3208003,2025,1051100000,year
3208005,2021,1052900000,year
3208005,2022,1052900000,year
3208005,2023,1052900000,year
3208005,2024,1052900000,year
3208005,2025,1052900000,year
3208007,2021,1051500000,year
3208007,2022,1051500000,year
3208007,2023,1051500000,year
3208007,2024,1051500000,year
3208007,2025,1051500000,year
3208009,2021,1053400000,year
3208009,2022,1053400000,year
3208009,2023,1053400000,year
3208009,2024,1053400000,year
3208009,2025,1053400000,year
3208011,2021,1053900000,year
3208011,2022,1053900000,year
3208011,2023,1053900000,year
3208011,2024,1053900000,year
3208011,2025,1053900000,year
3208013,2021,1054200000,year
3208013,2022,1054200000,year
3208013,2023,1054200000,year
3208013,2024,1054200000,year
3208013,2025,1054200000,year
3208015,2021,1054600000,year
3208015,2022,1054600000,year
3208015,2023,1054600000,year
3208015,2024,1054600000,year
3208015,2025,1054600000,year
3208017,2021,1055100000,year
3208017,2022,1055100000,year
3208017,2023,1055100000,year
3208017,2024,1055100000,year
3208017,2025,1055100000,year
3208019,2021,1055200000,year
3208019,2022,1055200000,year
3208019,2023,1055200000,year
3208019,2024,1055200000,year
3208019,2025,1055200000,year
3208021,2021,1055400000,year
3208021,2022,1055400000,year
3208021,2023,1055400000,year
3208021,2024,1055400000,year
3208021,2025,1055400000,year
3208023,2021,1050200000,year
3208023,2022,1050200000,year
3208023,2023,1050200000,year
3208023,2024,1050200000,year
3208023,2025,1050200000,year
3210001,2021,1053300000,year
3210001,2022,1053300000,year
3210001,2023,1053300000,year
3210001,2024,1053300000,year
3210001,2025,1053300000,year
3210003,2021,1054100000,year
3210003,2022,1054100000,year
3210003,2023,1054100000,year
3210003,2024,1054100000,year
3210003,2025,1054100000,year
3210005,2021,1054500000,year
3210005,2022,1054500000,year
3210005,2023,1054500000,year
3210005,2024,1054500000,year
3210005,2025,1054500000,year
3210007,2021,1055600000,year
3210007,2022,1055600000,year
3210007,2023,1055600000,year
3210007,2024,1055600000,year
3210007,2025,1055600000,year
3210009,2021,1055700000,year
3210009,2022,1055700000,year
3210009,2023,1055700000,year
3210009,2024,1055700000,year
3210009,2025,1055700000,year
3210011,2021,1055800000,year
3210011,2022,1055800000,year
3210011,2023,1055800000,year
3210011,2024,1055800000,year
3210011,2025,1055800000,year
3210013,2021,1056200000,year
3210013,2022,1056200000,year
3210013,2023,1056200000,year
3210013,2024,1056200000,year
3210013,2025,1056200000,year
3212001,2021,1051800000,year
3212001,2022,1051800000,year
3212001,2023,1051800000,year
3212001,2024,1051800000,year
3212001,2025,1051800000,year
3212003,2021,1053200000,year
3212003,2022,1053200000,year
3212003,2023,1053200000,year
3212003,2024,1053200000,year
3212003,2025,1053200000,year
3212005,2021,1054700000,year
3212005,2022,1054700000,year
3212005,2023,1054700000,year
3212005,2024,1054700000,year
3212005,2025,1054700000,year
3212007,2021,1055000000,year
3212007,2022,1055000000,year
3212007,2023,1055000000,year
3212007,2024,1055000000,year
3212007,2025,1055000000,year
3212009,2021,1051300000,year
3212009,2022,1051300000,year
3212009,2023,1051300000,year
3212009,2024,1051300000,year
3212009,2025,1051300000,year
3212011,2021,1051700000,year
3212011,2022,1051700000,year
3212011,2023,1051700000,year
3212011,2024,1051700000,year
3212011,2025,1051700000,year
3212013,2021,1051600000,year
3212013,2022,1051600000,year
3212013,2023,1051600000,year
3212013,2024,1051600000,year
3212013,2025,1051600000,year
3212015,2021,1056500000,year
3212015,2022,1056500000,year
3212015,2023,1056500000,year
3212015,2024,1056500000,year
3212015,2025,1056500000,year
3212017,2021,1056700000,year
3212017,2022,1056700000,year
3212017,2023,1056700000,year
3212017,2024,1056700000,year
3212017,2025,1056700000,year
3214001,2021,1052500000,year
3214001,2022,1052500000,year
3214001,2023,1052500000,year
3214001,2024,1052500000,year
3214001,2025,1052500000,year
3214003,2021,1053000000,year
3214003,2022,1053000000,year
3214003,2023,1053000000,year
3214003,2024,1053000000,year
3214003,2025,1053000000,year
3214005,2021,1053700000,year
3214005,2022,1053700000,year
3214005,2023,1053700000,year
3214005,2024,1053700000,year
3214005,2025,1053700000,year
3214007,2021,1051900000,year
3214007,2022,1051900000,year
3214007,2023,1051900000,year
3214007,2024,1051900000,year
3214007,2025,1051900000,year
3214009,2021,1054800000,latest
3214009,2022,1054800000,year
3214009,2023,1054800000,year
3214009,2024,1054800000,year
3214009,2025,1054800000,year
3214011,2021,1054900000,year
3214011,2022,1054900000,year
3214011,2023,1054900000,year
3214011,2024,1054900000,year
3214011,2025,1054900000,year
3214013,2021,1052100000,year
3214013,2022,1052100000,year
3214013,2023,1052100000,year
3214013,2024,1052100000,year
3214013,2025,1052100000,year
3214015,2021,1056600000,year
3214015,2022,1056600000,year
3214015,2023,1056600000,year
3214015,2024,1056600000,year
3214015,2025,1056600000,year
3214017,2021,1056800000,year
3214017,2022,1056800000,year
3214017,2023,1056800000,year
3214017,2024,1056800000,year
3214017,2025,1056800000,year
3502001,2021,1153000000,year
3502001,2022,1153000000,year
3502001,2023,1153000000,year
3502001,2024,1153000000,year
3502001,2025,1153000000,year
3502003,2021,1153100000,year
3502003,2022,1153100000,year
3502003,2023,1153100000,year
3502003,2024,1153100000,year
3502003,2025,1153100000,year
3502005,2021,1153200000,year
3502005,2022,1153200000,year
3502005,2023,1153200000,year
3502005,2024,1153200000,year
3502005,2025,1153200000,year
3502007,2021,1153300000,year
3502007,2022,1153300000,year
3502007,2023,1153300000,year
3502007,2024,1153300000,year
3502007,2025,1153300000,year
3502009,2021,1153500000,year
3502009,2022,1153500000,year
3502009,2023,1153500000,year
3502009,2024,1153500000,year
3502009,2025,1153500000,year
3502011,2021,1153800000,year
3502011,2022,1153800000,year
3502011,2023,1153800000,year
3502011,2024,1153800000,year
3502011,2025,1153800000,year
3502013,2021,1154000000,year
3502013,2022,1154000000,year
3502013,2023,1154000000,year
3502013,2024,1154000000,year
3502013,2025,1154000000,year
3502015,2021,1154600000,year
3502015,2022,1154600000,year
3502015,2023,1154600000,year
3502015,2024,1154600000,year
3502015,2025,1154600000,year
3502017,2021,1154700000,year
3502017,2022,1154700000,year
3502017,2023,1154700000,year
3502017,2024,1154700000,year
3502017,2025,1154700000,year
3502019,2021,1154800000,year
3502019,2022,1154800000,year
3502019,2023,1154800000,year
3502019,2024,1154800000,year
3502019,2025,1154800000,year
3504001,2021,1152900000,year
3504001,2022,1152900000,year
3504001,2023,1152900000,year
3504001,2024,1152900000,year
3504001,2025,1152900000,year
3504003,2021,1150100000,year
3504003,2022,1150100000,year
3504003,2023,1150100000,year
3504003,2024,1150100000,year
3504003,2025,1150100000,year
3504005,2021,1150700000,year
3504005,2022,1150700000,year
3504005,2023,1150700000,year
3504005,2024,1150700000,year
3504005,2025,1150700000,year
3504007,2021,1152400000,year
3504007,2022,1152400000,year
3504007,2023,1152400000,year
3504007,2024,1152400000,year
3504007,2025,1152400000,year
3504009,2021,1151400000,year
3504009,2022,1151400000,year
3504009,2023,1151400000,year
3504009,2024,1151400000,year
3504009,2025,1151400000,year
3504011,2021,1153400000,year
3504011,2022,1153400000,year
3504011,2023,1153400000,year
3504011,2024,1153400000,year
3504011,2025,1153400000,year
3504013,2021,1153600000,year
3504013,2022,1153600000,year
3504013,2023,1153600000,year
3504013,2024,1153600000,year
3504013,2025,1153600000,year
3504015,2021,1150900000,year
3504015,2022,1150900000,year
3504015,2023,1150900000,year
3504015,2024,1150900000,year
3504015,2025,1150900000,year
3504017,2021,1153700000,year
3504017,2022,1153700000,year
3504017,2023,1153700000,year
3504017,2024,1153700000,year
3504017,2025,1153700000,year
3504019,2021,1151100000,year
3504019,2022,1151100000,year
3504019,2023,1151100000,year
3504019,2024,1151100000,year
3504019,2025,1151100000,year
3504021,2021,1152800000,year
3504021,2022,1152800000,year
3504021,2023,1152810000,year
3504021,2024,1152810000,year
3504021,2025,1152810000,year
3504023,2021,1153900000,year
3504023,2022,1153900000,year
3504023,2023,1153900000,year
3504023,2024,1153900000,year
3504023,2025,1153900000,year
3504025,2021,1154200000,year
3504025,2022,1154200000,year
3504025,2023,1154200000,year
3504025,2024,1154200000,year
3504025,2025,1154200000,year
3504027,2021,1151000000,year
3504027,2022,1151000000,year
3504027,2023,1151000000,year
3504027,2024,1151000000,year
3504027,2025,1151000000,year
3504029,2021,1150500000,year
3504029,2022,1150500000,year
3504029,2023,1150500000,year
3504029,2024,1150500000,year
3504029,2025,1150500000,year
3504031,2021,1155100000,year
3504031,2022,1155100000,year
3504031,2023,1155100000,year
3504031,2024,1155100000,year
3504031,2025,1155100000,year
3504033,2021,1155200000,year
3504033,2022,1155200000,year
3504033,2023,1155200000,year
3504033,2024,1155200000,year
3504033,2025,1155200000,year
3506001,2021,1150600000,year
3506001,2022,1150600000,year
3506001,2023,1150600000,year
3506001,2024,1150600000,year
3506001,2025,1150600000,year
3506003,2021,1152300000,year
3506003,2022,1152300000,year
3506003,2023,1152300000,year
3506003,2024,1152300000,year
3506003,2025,1152300000,year
3506005,2021,1151700000,year
3506005,2022,1151700000,year
3506005,2023,1151700000,year
3506005,2024,1151700000,year
3506005,2025,1151700000,year
3506007,2021,1152500000,year
3506007,2022,1152500000,year
3506007,2023,1152500000,year
3506007,2024,1152500000,year
3506007,2025,1152500000,year
3506009,2021,1150200000,year
3506009,2022,1150200000,year
3506009,2023,1150200000,year
3506009,2024,1150200000,year
3506009,2025,1150200000,year
3506011,2021,1151800000,year
3506011,2022,1151800000,year
3506011,2023,1151800000,year
3506011,2024,1151800000,year
3506011,2025,1151800000,year
3506013,2021,1154100000,year
3506013,2022,1154100000,year
3506013,2023,1154100000,year
3506013,2024,1154100000,year
3506013,2025,1154100000,year
3506015,2021,1150300000,year
3506015,2022,1150300000,year
3506015,2023,1150300000,year
3506015,2024,1150300000,year
3506015,2025,1150300000,year
3506017,2021,1151900000,year
3506017,2022,1151900000,year
3506017,2023,1151900000,year
3506017,2024,1151900000,year
3506017,2025,1151900000,year
3506019,2021,1151300000,year
3506019,2022,1151300000,year
3506019,2023,1151300000,year
3506019,2024,1151300000,year
3506019,2025,1151300000,year
3506021,2021,1154900000,year
3506021,2022,1154900000,year
3506021,2023,1154900000,year
3506021,2024,1154900000,year
3506021,2025,1154900000,year
3506023,2021,1151200000,year
3506023,2022,1151200000,year
3506023,2023,1151200000,year
3506023,2024,1151200000,year
3506023,2025,1151200000,year
3506025,2021,1150800000,year
3506025,2022,1150800000,year
3506025,2023,1150800000,year
3506025,2024,1150800000,year
3506025,2025,1150800000,year
3508001,2021,1150400000,year
3508001,2022,1150400000,year
3508001,2023,1150400000,year
3508001,2024,1150400000,year
3508001,2025,1150400000,year
3508003,2021,1151500000,year
3508003,2022,1151500000,year
3508003,2023,1151500000,year
3508003,2024,1151500000,year
3508003,2025,1151500000,year
3508005,2021,1154300000,year
3508005,2022,1154300000,year
3508005,2023,1154300000,year
3508005,2024,1154300000,year
3508005,2025,1154300000,year
3508007,2021,1154400000,year
3508007,2022,1154400000,year
3508007,2023,1154400000,year
3508007,2024,1154400000,year
3508007,2025,1154400000,year
3508009,2021,1154500000,year
3508009,2022,1154500000,year
3508009,2023,1154500000,year
3508009,2024,1154500000,year
3508009,2025,1154500000,year
3508011,2021,1152100000,year
3508011,2022,1152100000,year
3508011,2023,1152100000,year
3508011,2024,1152100000,year
3508011,2025,1152100000,year
3508013,2021,1152000000,year
3508013,2022,1152000000,year
3508013,2023,1152000000,year
3508013,2024,1152000000,year
3508013,2025,1152000000,year
3508015,2021,1151600000,year
3508015,2022,1151600000,year
3508015,2023,1151600000,year
3508015,2024,1151600000,year
3508015,2025,1151600000,year
3508017,2021,1155000000,year
3508017,2022,1155000000,year
3508017,2023,1155000000,year
3508017,2024,1155000000,year
3508017,2025,1155000000,year
4402001,2021,1253100000,year
4402001,2022,1253100000,year
4402001,2023,1253100000,year
4402001,2024,1253100000,year
4402001,2025,1253100000,year
4402003,2021,1253400000,year
4402003,2022,1253400000,year
4402003,2023,1253400000,year
4402003,2024,1253400000,year
4402003,2025,1253400000,year
4402005,2021,1253500000,year
4402005,2022,1253500000,year
4402005,2023,1253500000,year
4402005,2024,1253500000,year
4402005,2025,1253500000,year
4404001,2021,1253300000,year
4404001,2022,1253300000,year
4404001,2023,1253300000,year
4404001,2024,1253300000,year
4404001,2025,1253300000,year
4404003,2021,1254000000,year
4404003,2022,1254000000,year
4404003,2023,1254000000,year
4404003,2024,1254000000,year
4404003,2025,1254000000,year
4406001,2021,1253600000,year
4406001,2022,1253600000,year
4406001,2023,1253600000,year
4406001,2024,1253600000,year
4406001,2025,1253600000,year
4406003,2021,1253700000,year
4406003,2022,1253700000,year
4406003,2023,1253700000,year
4406003,2024,1253700000,year
4406003,2025,1253700000,year
4406005,2021,1253800000,year
4406005,2022,1253800000,year
4406005,2023,1253800000,year
4406005,2024,1253800000,year
4406005,2025,1253800000,year
4408001,2021,1253200000,year
4408001,2022,1253200000,year
4408001,2023,1253200000,year
4408001,2024,1253200000,year
4408001,2025,1253200000,year
4408003,2021,1253900000,year
4408003,2022,1253900000,year
4408003,2023,1253900000,year
4408003,2024,1253900000,year
4408003,2025,1253900000,year
4408005,2021,1254100000,year
4408005,2022,1254100000,year
4408005,2023,1254100000,year
4408005,2024,1254100000,year
4408005,2025,1254100000,year
4410001,2021,1250100000,year
4410001,2022,1250100000,year
4410001,2023,1250100000,year
4410001,2024,1250100000,year
4410001,2025,1250100000,year
4410003,2021,1251500000,year
4410003,2022,1251500000,year
4410003,2023,1251500000,year
4410003,2024,1251500000,year
4410003,2025,1251500000,year
4410005,2021,1250600000,year
4410005,2022,1250600000,year
4410005,2023,1250600000,year
4410005,2024,1250600000,year
4410005,2025,1250600000,year
4410007,2021,1250900000,year
4410007,2022,1250900000,year
4410007,2023,1250900000,year
4410007,2024,1250900000,year
4410007,2025,1250900000,year
4410009,2021,1250800000,year
4410009,2022,1250800000,year
4410009,2023,1250800000,year
4410009,2024,1250800000,year
4410009,2025,1250800000,year
4410011,2021,1252500000,year
4410011,2022,1252500000,year
4410011,2023,1252500000,year
4410011,2024,1252500000,year
4410011,2025,1252500000,year
4410013,2021,1250400000,year
4410013,2022,1250400000,year
4410013,2023,1250400000,year
4410013,2024,1250400000,year
4410013,2025,1250400000,year
4412001,2021,1251700000,year
4412001,2022,1251700000,year
4412001,2023,1251700000,year
4412001,2024,1251700000,year
4412001,2025,1251700000,year
4412003,2021,1251800000,year
4412003,2022,1251800000,year
4412003,2023,1251800000,year
4412003,2024,1251800000,year
4412003,2025,1251800000,year
4412005,2021,1251900000,year
4412005,2022,1251900000,year
4412005,2023,1251900000,year
4412005,2024,1251900000,year
4412005,2025,1251900000,year
4412007,2021,1252300000,year
4412007,2022,1252300000,year
4412007,2023,1252300000,year
4412007,2024,1252300000,year
4412007,2025,1252300000,year
4412009,2021,1252400000,year
4412009,2022,1252400000,year
4412009,2023,1252400000,year
4412009,2024,1252400000,year
4412009,2025,1252400000,year
4412011,2021,1252600000,year
4412011,2022,1252600000,year
4412011,2023,1252600000,year
4412011,2024,1252600000,year
4412011,2025,1252600000,year
4414001,2021,1250500000,year
4414001,2022,1250500000,year
4414001,2023,1250500000,year
4414001,2024,1250500000,year
4414001,2025,1250500000,year
4414003,2021,1251600000,year
4414003,2022,1251600000,year
4414003,2023,1251600000,year
4414003,2024,1251600000,year
4414003,2025,1251600000,year
4414005,2021,1251100000,year
4414005,2022,1251100000,year
4414005,2023,1251100000,year
4414005,2024,1251100000,year
4414005,2025,1251100000,year
4414007,2021,1252000000,year
4414007,2022,1252000000,year
4414007,2023,1252000000,year
4414007,2024,1252000000,year
4414007,2025,1252000000,year
4414009,2021,1250200000,year
4414009,2022,1250200000,year
4414009,2023,1250200000,year
4414009,2024,1250200000,year
4414009,2025,1250200000,year
4414011,2021,1252800000,year
4414011,2022,1252800000,year
4414011,2023,1252800000,year
4414011,2024,1252800000,year
4414011,2025,1252800000,year
4414013,2021,1250300000,year
4414013,2022,1250300000,year
4414013,2023,1250300000,year
4414013,2024,1250300000,year
4414013,2025,1250300000,year
4414015,2021,1251000000,year
4414015,2022,1251000000,year
4414015,2023,1251000000,year
4414015,2024,1251000000,year
4414015,2025,1251000000,year
4416001,2021,1252100000,year
4416001,2022,1252100000,year
4416001,2023,1252100000,year
4416001,2024,1252100000,year
4416001,2025,1252100000,year
4416003,2021,1252200000,year
4416003,2022,1252200000,year
4416003,2023,1252200000,year
4416003,2024,1252200000,year
4416003,2025,1252200000,year
4416005,2021,1252700000,year
4416005,2022,1252700000,year
4416005,2023,1252700000,year
4416005,2024,1252700000,year
4416005,2025,1252700000,year
4416007,2021,1252900000,year
4416007,2022,1252900000,year
4416007,2023,1252900000,year
4416007,2024,1252900000,year
4416007,2025,1252900000,year
4416009,2021,1253000000,year
4416009,2022,1253000000,year
4416009,2023,1253000000,year
4416009,2024,1253000000,year
4416009,2025,1253000000,year
4602001,2021,1354400000,year
4602001,2022,1354400000,year
4602001,2023,1354400000,year
4602001,2024,1354400000,year
4602001,2025,1354400000,year
4602003,2021,1355300000,year
4602003,2022,1355300000,year
4602003,2023,1355300000,year
4602003,2024,1355300000,year
4602003,2025,1355300000,year
4602005,2021,1353900000,year
4602005,2022,1353900000,year
4602005,2023,1353900000,year
4602005,2024,1353900000,year
4602005,2025,1353900000,year
4602007,2021,1358300000,year
4602007,2022,1358300000,year
4602007,2023,1358300000,year
4602007,2024,1358300000,year
4602007,2025,1358300000,year
4602009,2021,1358400000,year
4602009,2022,1358400000,year
4602009,2023,1358400000,year
4602009,2024,1358400000,year
4602009,2025,1358400000,year
4604001,2021,1354500000,year
4604001,2022,1354500000,year
4604001,2023,1354500000,year
4604001,2024,1354500000,year
4604001,2025,1354500000,year
4604003,2021,1354600000,year
4604003,2022,1354600000,year
4604003,2023,1354600000,year
4604003,2024,1354600000,year
4604003,2025,1354600000,year
4604005,2021,1350800000,year
4604005,2022,1350800000,year
4604005,2023,1350800000,year
4604005,2024,1350800000,year
4604005,2025,1350800000,year
4604007,2021,1355700000,year
4604007,2022,1355700000,year
4604007,2023,1355700000,year
4604007,2024,1355700000,year
4604007,2025,1355700000,year
4604009,2021,1356100000,year
4604009,2022,1356100000,year
4604009,2023,1356100000,year
4604009,2024,1356100000,year
4604009,2025,1356100000,year
4604011,2021,1357100000,year
4604011,2022,1357100000,year
4604011,2023,1357100000,year
4604011,2024,1357100000,year
4604011,2025,1357100000,year
4604013,2021,1357200000,year
4604013,2022,1357200000,year
4604013,2023,1357200000,year
4604013,2024,1357200000,year
4604013,2025,1357200000,year
4606001,2021,1353600000,year
4606001,2022,1353600000,year
4606001,2023,1353600000,year
4606001,2024,1353600000,year
4606001,2025,1353600000,year
4606003,2021,1352300000,year
4606003,2022,1352300000,year
4606003,2023,1352300000,year
4606003,2024,1352300000,year
4606003,2025,1352300000,year
4606005,2021,1354700000,year
4606005,2022,1354700000,year
4606005,2023,1354700000,year
4606005,2024,1354700000,year
4606005,2025,1354700000,year
4606007,2021,1354800000,year
4606007,2022,1354800000,year
4606007,2023,1354800000,year
4606007,2024,1354800000,year
4606007,2025,1354800000,year
4606009,2021,1352000000,year
4606009,2022,1352000000,year
4606009,2023,1352000000,year
4606009,2024,1352000000,year
4606009,2025,1352000000,year
4606011,2021,1355100000,year
4606011,2022,1355100000,year
4606011,2023,1355100000,year
4606011,2024,1355100000,year
4606011,2025,1355100000,year
4606013,2021,1355500000,year
4606013,2022,1355500000,year
4606013,2023,1355500000,year
4606013,2024,1355500000,year
4606013,2025,1355500000,year
4606015,2021,1352100000,year
4606015,2022,1352100000,year
4606015,2023,1352100000,year
4606015,2024,1352100000,year
4606015,2025,1352100000,year
4606017,2021,1353700000,year
4606017,2022,1353700000,year
4606017,2023,1353700000,year
4606017,2024,1353700000,year
4606017,2025,1353700000,year
4606019,2021,1353400000,year
4606019,2022,1353400000,year
4606019,2023,1353400000,year
4606019,2024,1353400000,year
4606019,2025,1353400000,year
4606021,2021,1356000000,year
4606021,2022,1356000000,year
4606021,2023,1356000000,year
4606021,2024,1356000000,year
4606021,2025,1356000000,year
4606023,2021,1356200000,year
4606023,2022,1356200000,year
4606023,2023,1356200000,year
4606023,2024,1356200000,year
4606023,2025,1356200000,year
4606025,2021,1356300000,year
4606025,2022,1356300000,year
4606025,2023,1356300000,year
4606025,2024,1356300000,year
4606025,2025,1356300000,year
4606027,2021,1353500000,year
4606027,2022,1353500000,year
4606027,2023,1353500000,year
4606027,2024,1353500000,year
4606027,2025,1353500000,year
4606029,2021,1356800000,year
4606029,2022,1356800000,year
4606029,2023,1356800000,year
4606029,2024,1356800000,year
4606029,2025,1356800000,year
4606031,2021,1356900000,year
4606031,2022,1356900000,year
4606031,2023,1356900000,year
4606031,2024,1356900000,year
4606031,2025,1356900000,year
4606033,2021,1357000000,year
4606033,2022,1357000000,year
4606033,2023,1357000000,year
4606033,2024,1357000000,year
4606033,2025,1357000000,year
4606035,2021,1352700000,year
4606035,2022,1352700000,year
4606035,2023,1352700000,year
4606035,2024,1352700000,year
4606035,2025,1352700000,year
4606037,2021,1357300000,year
4606037,2022,1357300000,year
4606037,2023,1357300000,year
4606037,2024,1357300000,year
4606037,2025,1357300000,year
4606039,2021,1357400000,year
4606039,2022,1357400000,year
4606039,2023,1357400000,year
4606039,2024,1357400000,year
4606039,2025,1357400000,year
4606041,2021,1357900000,year
4606041,2022,1357900000,year
4606041,2023,1357900000,year
4606041,2024,1357900000,year
4606041,2025,1357900000,year
4606043,2021,1352800000,year
4606043,2022,1352800000,year
4606043,2023,1352800000,year
4606043,2024,1352800000,year
4606043,2025,1352800000,year
4606045,2021,1352900000,year
4606045,2022,1352900000,year
4606045,2023,1352900000,year
4606045,2024,1352900000,year
4606045,2025,1352900000,year
4608001,2021,1350200000,year
4608001,2022,1350200000,year
4608001,2023,1350200000,year
4608001,2024,1350200000,year
4608001,2025,1350200000,year
4608003,2021,1354300000,year
4608003,2022,1354300000,year
4608003,2023,1354300000,year
4608003,2024,1354300000,year
4608003,2025,1354300000,year
4608005,2021,1355000000,year
4608005,2022,1355000000,year
4608005,2023,1355000000,year
4608005,2024,1355000000,year
4608005,2025,1355000000,year
4608007,2021,1351100000,year
4608007,2022,1351100000,year
4608007,2023,1351100000,year
4608007,2024,1351100000,year
4608007,2025,1351100000,year
4608009,2021,1357500000,year
4608009,2022,1357500000,year
4608009,2023,1357500000,year
4608009,2024,1357500000,year
4608009,2025,1357500000,year
4608011,2021,1353000000,year
4608011,2022,1353000000,year
4608011,2023,1353000000,year
4608011,2024,1353000000,year
4608011,2025,1353000000,year
4608013,2021,1357600000,year
4608013,2022,1357600000,year
4608013,2023,1357600000,year
4608013,2024,1357600000,year
4608013,2025,1357600000,year
4608015,2021,1358000000,year
4608015,2022,1358000000,year
4608015,2023,1358000000,year
4608015,2024,1358000000,year
4608015,2025,1358000000,year
4608017,2021,1358200000,year
4608017,2022,1358200000,year
4608017,2023,1358200000,year
4608017,2024,1358200000,year
4608017,2025,1358200000,year
4608019,2021,1358500000,year
4608019,2022,1358500000,year
4608019,2023,1358500000,year
4608019,2024,1358500000,year
4608019,2025,1358500000,year
4608021,2021,1358600000,year
4608021,2022,1358600000,year
4608021,2023,1358600000,year
4608021,2024,1358600000,year
4608021,2025,1358600000,year
4610001,2021,1350500000,year
4610001,2022,1350500000,year
4610001,2023,1350500000,year
4610001,2024,1350500000,year
4610001,2025,1350500000,year
4610003,2021,1354900000,year
4610003,2022,1354900000,year
4610003,2023,1354900000,year
4610003,2024,1354900000,year
4610003,2025,1354900000,year
4610005,2021,1355400000,year
4610005,2022,1355400000,year
4610005,2023,1355400000,year
4610005,2024,1355400000,year
4610005,2025,1355400000,year
4610007,2021,1355600000,year
4610007,2022,1355600000,year
4610007,2023,1355600000,year
4610007,2024,1355600000,year
4610007,2025,1355600000,year
4610009,2021,1355900000,year
4610009,2022,1355900000,year
4610009,2023,1355900000,year
4610009,2024,1355900000,year
4610009,2025,1355900000,year
4610011,2021,1356400000,year
4610011,2022,1356400000,year
4610011,2023,1356400000,year
4610011,2024,1356400000,year
4610011,2025,1356400000,year
4610013,2021,1356500000,year
4610013,2022,1356500000,year
4610013,2023,1356500000,year
4610013,2024,1356500000,year
4610013,2025,1356500000,year
4610015,2021,1356600000,year
4610015,2022,1356600000,year
4610015,2023,1356600000,year
4610015,2024,1356600000,year
4610015,2025,1356600000,year
4610017,2021,1352500000,year
4610017,2022,1352500000,year
4610017,2023,1352500000,year
4610017,2024,1352500000,year
4610017,2025,1352500000,year
4610019,2021,1357700000,year
4610019,2022,1357700000,year
4610019,2023,1357700000,year
4610019,2024,1357700000,year
4610019,2025,1357700000,year
4610021,2021,1353100000,year
4610021,2022,1353100000,year
4610021,2023,1353100000,year
4610021,2024,1353100000,year
4610021,2025,1353100000,year
4610023,2021,1358100000,year
4610023,2022,1358100000,year
4610023,2023,1358100000,year
4610023,2024,1358100000,year
4610023,2025,1358100000,year
4610025,2021,1351400000,year
4610025,2022,1351400000,year
4610025,2023,1351400000,year
4610025,2024,1351400000,year
4610025,2025,1351400000,year
4610027,2021,1351600000,year
4610027,2022,1351600000,year
4610027,2023,1351600000,year
4610027,2024,1351600000,year
4610027,2025,1351600000,year
4612001,2021,1354200000,year
4612001,2022,1354200000,year
4612001,2023,1354200000,year
4612001,2024,1354200000,year
4612001,2025,1354200000,year
4612003,2021,1353200000,year
4612003,2022,1353200000,year
4612003,2023,1353200000,year
4612003,2024,1353200000,year
4612003,2025,1353200000,year
4612005,2021,1355200000,year
4612005,2022,1355200000,year
4612005,2023,1355200000,year
4612005,2024,1355200000,year
4612005,2025,1355200000,year
4612007,2021,1353800000,year
4612007,2022,1353800000,year
4612007,2023,1353800000,year
4612007,2024,1353800000,year
4612007,2025,1353800000,year
4612009,2021,1354000000,year
4612009,2022,1354000000,year
4612009,2023,1354000000,year
4612009,2024,1354000000,year
4612009,2025,1354000000,year
4612011,2021,1357800000,year
4612011,2022,1357800000,year
4612011,2023,1357800000,year
4612011,2024,1357800000,year
4612011,2025,1357800000,year
4612013,2021,1358700000,year
4612013,2022,1358700000,year
4612013,2023,1358700000,year
4612013,2024,1358700000,year
4612013,2025,1358700000,year
4614001,2021,1355800000,year
4614001,2022,1355800000,year
4614001,2023,1355800000,year
4614001,2024,1355800000,year
4614001,2025,1355800000,year
4614003,2021,1351700000,year
4614003,2022,1351700000,year
4614003,2023,1351700000,year
4614003,2024,1351700000,year
4614003,2025,1351700000,year
4614005,2021,1356700000,year
4614005,2022,1356700000,year
4614005,2023,1356700000,year
4614005,2024,1356700000,year
4614005,2025,1356700000,year
4614007,2021,1351800000,year
4614007,2022,1351800000,year
4614007,2023,1351800000,year
4614007,2024,1351800000,year
4614007,2025,1351800000,year
4614009,2021,1352200000,year
4614009,2022,1352200000,year
4614009,2023,1352200000,year
4614009,2024,1352200000,year
4614009,2025,1352200000,year
4614011,2021,1358800000,year
4614011,2022,1358800000,year
4614011,2023,1358800000,year
4614011,2024,1358800000,year
4614011,2025,1358800000,year
4802001,2021,1450200000,year
4802001,2022,1450200000,year
4802001,2023,1450200000,year
4802001,2024,1450200000,year
4802001,2025,1450200000,year
4802003,2021,1453000000,year
4802003,2022,1453000000,year
4802003,2023,1453000000,year
4802003,2024,1453000000,year
4802003,2025,1453000000,year
4802005,2021,1453400000,year
4802005,2022,1453400000,year
4802005,2023,1453400000,year
4802005,2024,1453400000,year
4802005,2025,1453400000,year
4802007,2021,1452400000,year
4802007,2022,1452400000,year
4802007,2023,1452400000,year
4802007,2024,1452400000,year
4802007,2025,1452400000,year
4802009,2021,1453500000,year
4802009,2022,1453500000,year
4802009,2023,1453500000,year
4802009,2024,1453500000,year
4802009,2025,1453500000,year
4802011,2021,1454600000,year
4802011,2022,1454600000,year
4802011,2023,1454600000,year
4802011,2024,1454600000,year
4802011,2025,1454600000,year
4802013,2021,1452500000,year
4802013,2022,1452500000,year
4802013,2023,1452500000,year
4802013,2024,1452500000,year
4802013,2025,1452500000,year
4802015,2021,1453100000,year
4802015,2022,1453100000,year
4802015,2023,1453100000,year
4802015,2024,1453100000,year
4802015,2025,1453100000,year
4802017,2021,1455400000,year
4802017,2022,1455400000,year
4802017,2023,1455400000,year
4802017,2024,1455400000,year
4802017,2025,1455400000,year
4802019,2021,1453200000,year
4802019,2022,1453200000,year
4802019,2023,1453200000,year
4802019,2024,1453200000,year
4802019,2025,1453200000,year
4802021,2021,1454000000,year
4802021,2022,1454000000,year
4802021,2023,1454000000,year
4802021,2024,1454000000,year
4802021,2025,1454000000,year
4802023,2021,1452600000,year
4802023,2022,1452600000,year
4802023,2023,1452600000,year
4802023,2024,1452600000,year
4802023,2025,1452600000,year
4804001,2021,1454300000,year
4804001,2022,1454300000,year
4804001,2023,1454300000,year
4804001,2024,1454300000,year
4804001,2025,1454300000,year
4804003,2021,1451100000,year
4804003,2022,1451100000,year
4804003,2023,1451100000,year
4804003,2024,1451100000,year
4804003,2025,1451100000,year
4804005,2021,1450400000,year
4804005,2022,1450400000,year
4804005,2023,1450400000,year
4804005,2024,1450400000,year
4804005,2025,1450400000,year
4804007,2021,1452900000,year
4804007,2022,1452900000,year
4804007,2023,1452900000,year
4804007,2024,1452900000,year
4804007,2025,1452900000,year
4804009,2021,1450600000,year
4804009,2022,1450600000,year
4804009,2023,1450600000,year
4804009,2024,1450600000,year
4804009,2025,1450600000,year
4804011,2021,1452000000,year
4804011,2022,1452000000,year
4804011,2023,1452000000,year
4804011,2024,1452000000,year
4804011,2025,1452000000,year
4804013,2021,1454500000,year
4804013,2022,1454500000,year
4804013,2023,1454500000,year
4804013,2024,1454500000,year
4804013,2025,1454500000,year
4804015,2021,1451500000,year
4804015,2022,1451500000,year
4804015,2023,1451500000,year
4804015,2024,1451500000,year
4804015,2025,1451500000,year
4804017,2021,1453900000,year
4804017,2022,1453900000,year
4804017,2023,1453900000,year
4804017,2024,1453900000,year
4804017,2025,1453900000,year
4804019,2021,1450300000,year
4804019,2022,1450300000,year
4804019,2023,1450300000,year
4804019,2024,1450300000,year
4804019,2025,1450300000,year
4804021,2021,1451700000,year
4804021,2022,1451700000,year
4804021,2023,1451700000,year
4804021,2024,1451700000,year
4804021,2025,1451700000,year
4804023,2021,1452300000,year
4804023,2022,1452300000,year
4804023,2023,1452300000,year
4804023,2024,1452300000,year
4804023,2025,1452300000,year
4804025,2021,1455700000,year
4804025,2022,1455700000,year
4804025,2023,1455700000,year
4804025,2024,1455700000,year
4804025,2025,1455700000,year
4806001,2021,1452200000,year
4806001,2022,1452200000,year
4806001,2023,1452200000,year
4806001,2024,1452200000,year
4806001,2025,1452200000,year
4806003,2021,1450800000,year
4806003,2022,1450800000,year
4806003,2023,1450800000,year
4806003,2024,1450800000,year
4806003,2025,1450800000,year
4806005,2021,1450500000,year
4806005,2022,1450500000,year
4806005,2023,1450500000,year
4806005,2024,1450500000,year
4806005,2025,1450500000,year
4806007,2021,1451200000,year
4806007,2022,1451200000,year
4806007,2023,1451200000,year
4806007,2024,1451200000,year
4806007,2025,1451200000,year
4806009,2021,1451300000,year
4806009,2022,1451300000,year
4806009,2023,1451300000,year
4806009,2024,1451300000,year
4806009,2025,1451300000,year
4806011,2021,1454700000,year
4806011,2022,1454700000,year
4806011,2023,1454700000,year
4806011,2024,1454700000,year
4806011,2025,1454700000,year
4806013,2021,1450100000,year
4806013,2022,1450100000,year
4806013,2023,1450100000,year
4806013,2024,1450100000,year
4806013,2025,1450100000,year
4806015,2021,1454900000,year
4806015,2022,1454900000,year
4806015,2023,1454900000,year
4806015,2024,1454900000,year
4806015,2025,1454900000,year
4806017,2021,1454200000,year
4806017,2022,1454200000,year
4806017,2023,1454200000,year
4806017,2024,1454200000,year
4806017,2025,1454200000,year
4806019,2021,1451600000,year
4806019,2022,1451600000,year
4806019,2023,1451600000,year
4806019,2024,1451600000,year
4806019,2025,1451600000,year
4806021,2021,1455000000,year
4806021,2022,1455000000,year
4806021,2023,1455000000,year
4806021,2024,1455000000,year
4806021,2025,1455000000,year
4806023,2021,1450700000,year
4806023,2022,1450700000,year
4806023,2023,1450700000,year
4806023,2024,1450700000,year
4806023,2025,1450700000,year
4806025,2021,1455100000,year
4806025,2022,1455100000,year
4806025,2023,1455100000,year
4806025,2024,1455100000,year
4806025,2025,1455100000,year
4806027,2021,1455300000,latest
4806027,2022,1455300000,year
4806027,2023,1455300000,year
4806027,2024,1455300000,year
4806027,2025,1455300000,year
4806029,2021,1452700000,year
4806029,2022,1452700000,year
4806029,2023,1452700000,year
4806029,2024,1452700000,year
4806029,2025,1452700000,year
4806031,2021,1455600000,year
4806031,2022,1455600000,year
4806031,2023,1455600000,year
4806031,2024,1455600000,year
4806031,2025,1455600000,year
4806033,2021,1454100000,year
4806033,2022,1454100000,year
4806033,2023,1454100000,year
4806033,2024,1454100000,year
4806033,2025,1454100000,year
4806035,2021,1451800000,year
4806035,2022,1451800000,year
4806035,2023,1451800000,year
4806035,2024,1451800000,year
4806035,2025,1451800000,year
4806037,2021,1451900000,year
4806037,2022,1451900000,year
4806037,2023,1451900000,year
4806037,2024,1451900000,year
4806037,2025,1451900000,year
4808001,2021,1452800000,year
4808001,2022,1452800000,year
4808001,2023,1452800000,year
4808001,2024,1452800000,year
4808001,2025,1452800000,year
4808003,2021,1451000000,year
4808003,2022,1451000000,year
4808003,2023,1451000000,year
4808003,2024,1451000000,year
4808003,2025,1451000000,year
4808005,2021,1454400000,year
4808005,2022,1454400000,year
4808005,2023,1454400000,year
4808005,2024,1454400000,year
4808005,2025,1454400000,year
4808007,2021,1450900000,year
4808007,2022,1450900000,year
4808007,2023,1450900000,year
4808007,2024,1450900000,year
4808007,2025,1450900000,year
4808009,2021,1454800000,year
4808009,2022,1454800000,year
4808009,2023,1454800000,year
4808009,2024,1454800000,year
4808009,2025,1454800000,year
4808011,2021,1453800000,year
4808011,2022,1453800000,year
4808011,2023,1453800000,year
4808011,2024,1453800000,year
4808011,2025,1453800000,year
4808013,2021,1455200000,latest
4808013,2022,1455200000,year
4808013,2023,1455200000,year
4808013,2024,1455200000,year
4808013,2025,1455200000,year
4808015,2021,1455500000,year
4808015,2022,1455500000,year
4808015,2023,1455500000,year
4808015,2024,1455500000,year
4808015,2025,1455500000,year
5102001,2021,1553300000,year
5102001,2022,1553300000,year
5102001,2023,1553300000,year
5102001,2024,1553300000,year
5102001,2025,1553300000,year
5102003,2021,1551400000,year
5102003,2022,1551400000,year
5102003,2023,1551400000,year
5102003,2024,1551400000,year
5102003,2025,1551400000,year
5102005,2021,1553000000,year
5102005,2022,1553000000,year
5102005,2023,1553000000,year
5102005,2024,1553000000,year
5102005,2025,1553000000,year
5102007,2021,1552300000,year
5102007,2022,1552300000,year
5102007,2023,1552300000,year
5102007,2024,1552300000,year
5102007,2025,1552300000,year
5102009,2021,1553400000,year
5102009,2022,1553400000,year
5102009,2023,1553400000,year
5102009,2024,1553400000,year
5102009,2025,1553400000,year
5102011,2021,1551100000,year
5102011,2022,1551100000,year
5102011,2023,1551100000,year
5102011,2024,1551100000,year
5102011,2025,1551100000,year
5102013,2021,1555900000,year
5102013,2022,1555900000,year
5102013,2023,1555900000,year
5102013,2024,1555900000,year
5102013,2025,1555900000,year
5102015,2021,1556100000,year
5102015,2022,1556100000,year
5102015,2023,1556100000,year
5102015,2024,1556100000,year
5102015,2025,1556100000,year
5102017,2021,1550800000,year
5102017,2022,1550800000,year
5102017,2023,1550800000,year
5102017,2024,1550800000,year
5102017,2025,1550800000,year
5102019,2021,1553600000,year
5102019,2022,1553600000,year
5102019,2023,1553600000,year
5102019,2024,1553600000,year
5102019,2025,1553600000,year
5102021,2021,1557000000,year
5102021,2022,1557000000,year
5102021,2023,1557000000,year
5102021,2024,1557000000,year
5102021,2025,1557000000,year
5102023,2021,1550600000,year
5102023,2022,1550600000,year
5102023,2023,1550600000,year
5102023,2024,1550600000,year
5102023,2025,1550600000,year
5102025,2021,1557800000,year
5102025,2022,1557800000,year
5102025,2023,1557800000,year
5102025,2024,1557800000,year
5102025,2025,1557800000,year
5102027,2021,1558000000,year
5102027,2022,1558000000,year
5102027,2023,1558000000,year
5102027,2024,1558000000,year
5102027,2025,1558000000,year
5102029,2021,1553700000,year
5102029,2022,1553700000,year
5102029,2023,1553700000,year
5102029,2024,1553700000,year
5102029,2025,1553700000,year
5102031,2021,1551000000,year
5102031,2022,1551000000,year
5102031,2023,1551000000,year
5102031,2024,1551000000,year
5102031,2025,1551000000,year
5104001,2021,1554000000,year
5104001,2022,1554000000,year
5104001,2023,1554000000,year
5104001,2024,1554000000,year
5104001,2025,1554000000,year
5104003,2021,1554900000,year
5104003,2022,1554900000,year
5104003,2023,1554900000,year
5104003,2024,1554900000,year
5104003,2025,1554900000,year
5104005,2021,1555400000,year
5104005,2022,1555400000,year
5104005,2023,1555400000,year
5104005,2024,1555400000,year
5104005,2025,1555400000,year
5104007,2021,1555800000,year
5104007,2022,1555800000,year
5104007,2023,1555800000,year
5104007,2024,1555800000,year
5104007,2025,1555800000,year
5104009,2021,1552000000,latest
5104009,2022,1552000000,year
5104009,2023,1552000000,year
5104009,2024,1552000000,year
5104009,2025,1552000000,year
5104011,2021,1550500000,year
5104011,2022,1550500000,year
5104011,2023,1550500000,year
5104011,2024,1550500000,year
5104011,2025,1550500000,year
5104013,2021,1552400000,year
5104013,2022,1552400000,year
5104013,2023,1552400000,year
5104013,2024,1552400000,year
5104013,2025,1552400000,year
5104015,2021,1556600000,year
5104015,2022,1556600000,year
5104015,2023,1556600000,year
5104015,2024,1556600000,year
5104015,2025,1556600000,year
5104017,2021,1556800000,year
5104017,2022,1556800000,year
5104017,2023,1556800000,year
5104017,2024,1556800000,year
5104017,2025,1556800000,year
5104019,2021,1557400000,year
5104019,2022,1557400000,year
5104019,2023,1557400000,year
5104019,2024,1557400000,year
5104019,2025,1557400000,year
5104021,2021,1557600000,year
5104021,2022,1557600000,year
5104021,2023,1557600000,year
5104021,2024,1557600000,year
5104021,2025,1557600000,year
5104023,2021,1551500000,year
5104023,2022,1551500000,year
5104023,2023,1551500000,year
5104023,2024,1551500000,year
5104023,2025,1551500000,year
5104025,2021,1558300000,year
5104025,2022,1558300000,year
5104025,2023,1558300000,year
5104025,2024,1558300000,year
5104025,2025,1558300000,year
5104027,2021,1550700000,year
5104027,2022,1550700000,year
5104027,2023,1550700000,year
5104027,2024,1550700000,year
5104027,2025,1550700000,year
5104029,2021,1558700000,year
5104029,2022,1558700000,year
5104029,2023,1558700000,year
5104029,2024,1558700000,year
5104029,2025,1558700000,year
5104031,2021,1551600000,year
5104031,2022,1551600000,year
5104031,2023,1551600000,year
5104031,2024,1551600000,year
5104031,2025,1551600000,year
5106001,2021,1553900000,year
5106001,2022,1553900000,year
5106001,2023,1553900000,year
5106001,2024,1553900000,year
5106001,2025,1553900000,year
5106003,2021,1554100000,year
5106003,2022,1554100000,year
5106003,2023,1554100000,year
5106003,2024,1554100000,year
5106003,2025,1554100000,year
5106005,2021,1554200000,year
5106005,2022,1554200000,year
5106005,2023,1554200000,year
5106005,2024,1554200000,year
5106005,2025,1554200000,year
5106007,2021,1554300000,year
5106007,2022,1554300000,year
5106007,2023,1554300000,year
5106007,2024,1554300000,year
5106007,2025,1554300000,year
5106009,2021,1554700000,year
5106009,2022,1554700000,year
5106009,2023,1554700000,year
5106009,2024,1554700000,year
5106009,2025,1554700000,year
5106011,2021,1555600000,year
5106011,2022,1555600000,year
5106011,2023,1555600000,year
5106011,2024,1555600000,year
5106011,2025,1555600000,year
5106013,2021,1555700000,year
5106013,2022,1555700000,year
5106013,2023,1555700000,year
5106013,2024,1555700000,year
5106013,2025,1555700000,year
5106015,2021,1556500000,year
5106015,2022,1556500000,year
5106015,2023,1556500000,year
5106015,2024,1556500000,year
5106015,2025,1556500000,year
5106017,2021,1558200000,year
5106017,2022,1558200000,year
5106017,2023,1558200000,year
5106017,2024,1558200000,year
5106017,2025,1558200000,year
5106019,2021,1558400000,year
5106019,2022,1558400000,year
5106019,2023,1558400000,year
5106019,2024,1558400000,year
5106019,2025,1558400000,year
5108001,2021,1551700000,year
5108001,2022,1551700000,year
5108001,2023,1551700000,year
5108001,2024,1551700000,year
5108001,2025,1551700000,year
5108003,2021,1555300000,year
5108003,2022,1555300000,year
5108003,2023,1555300000,year
5108003,2024,1555300000,year
5108003,2025,1555300000,year
5108005,2021,1552600000,year
5108005,2022,1552600000,year
5108005,2023,1552600000,year
5108005,2024,1552600000,year
5108005,2025,1552600000,year
5108007,2021,1557100000,year
5108007,2022,1557100000,year
5108007,2023,1557100000,year
5108007,2024,1557100000,year
5108007,2025,1557100000,year
5108009,2021,1557500000,latest
5108009,2022,1557500000,year
5108009,2023,1557500000,year
5108009,2024,1557500000,year
5108009,2025,1557500000,year
5108011,2021,1558100000,year
5108011,2022,1558100000,year
5108011,2023,1558100000,year
5108011,2024,1558100000,year
5108011,2025,1558100000,year
5110001,2021,1551800000,year
5110001,2022,1551800000,year
5110001,2023,1551800000,year
5110001,2024,1551800000,year
5110001,2025,1551800000,year
5110003,2021,1550200000,year
5110003,2022,1550200000,year
5110003,2023,1550200000,year
5110003,2024,1550200000,year
5110003,2025,1550200000,year
5110005,2021,1554400000,year
5110005,2022,1554400000,year
5110005,2023,1554400000,year
5110005,2024,1554400000,year
5110005,2025,1554400000,year
5110007,2021,1554500000,year
5110007,2022,1554500000,year
5110007,2023,1554500000,year
5110007,2024,1554500000,year
5110007,2025,1554500000,year
5110009,2021,1554600000,year
5110009,2022,1554600000,year
5110009,2023,1554600000,year
5110009,2024,1554600000,year
5110009,2025,1554600000,year
5110011,2021,1552900000,year
5110011,2022,1552900000,year
5110011,2023,1552900000,year
5110011,2024,1552900000,year
5110011,2025,1552900000,year
5110013,2021,1551900000,year
5110013,2022,1551900000,year
5110013,2023,1551900000,year
5110013,2024,1551900000,year
5110013,2025,1551900000,year
5110015,2021,1554800000,year
5110015,2022,1554800000,year
5110015,2023,1554800000,year
5110015,2024,1554800000,year
5110015,2025,1554800000,year
5110017,2021,1555000000,year
5110017,2022,1555000000,year
5110017,2023,1555000000,year
5110017,2024,1555000000,year
5110017,2025,1555000000,year
5110019,2021,1550400000,year
5110019,2022,1550400000,year
5110019,2023,1550400000,year
5110019,2024,1550400000,year
5110019,2025,1550400000,year
5110021,2021,1552100000,year
5110021,2022,1552100000,year
5110021,2023,1552100000,year
5110021,2024,1552100000,year
5110021,2025,1552100000,year
5110023,2021,1556200000,year
5110023,2022,1556200000,year
5110023,2023,1556200000,year
5110023,2024,1556200000,year
5110023,2025,1556200000,year
5110025,2021,1556300000,year
5110025,2022,1556300000,year
5110025,2023,1556300000,year
5110025,2024,1556300000,year
5110025,2025,1556300000,year
5110027,2021,1556400000,year
5110027,2022,1556400000,year
5110027,2023,1556400000,year
5110027,2024,1556400000,year
5110027,2025,1556400000,year
5110029,2021,1552500000,year
5110029,2022,1552500000,year
5110029,2023,1552500000,year
5110029,2024,1552500000,year
5110029,2025,1552500000,year
5110031,2021,1558500000,year
5110031,2022,1558500000,year
5110031,2023,1558500000,year
5110031,2024,1558500000,year
5110031,2025,1558500000,year
5110033,2021,1558600000,year
5110033,2022,1558600000,year
5110033,2023,1558600000,year
5110033,2024,1558600000,year
5110033,2025,1558600000,year
5110035,2021,1558800000,year
5110035,2022,1558800000,year
5110035,2023,1558800000,year
5110035,2024,1558800000,year
5110035,2025,1558800000,year
5110037,2021,1558900000,latest
5110037,2022,1558900000,year
5110037,2023,1558900000,year
5110037,2024,1558900000,year
5110037,2025,1558900000,year
5110039,2021,1559000000,latest
5110039,2022,1559000000,year
5110039,2023,1559000000,year
5110039,2024,1559000000,year
5110039,2025,1559000000,year
5110041,2021,1559100000,year
5110041,2022,1559100000,year
5110041,2023,1559100000,year
5110041,2024,1559100000,year
5110041,2025,1559100000,year
5110043,2021,1551200000,year
5110043,2022,1551200000,year
5110043,2023,1551200000,year
5110043,2024,1551200000,year
5110043,2025,1551200000,year
5112001,2021,1553800000,year
5112001,2022,1553800000,year
5112001,2023,1553800000,year
5112001,2024,1553800000,year
5112001,2025,1553800000,year
5112003,2021,1550100000,year
5112003,2022,1550100000,year
5112003,2023,1550100000,year
5112003,2024,1550100000,year
5112003,2025,1550100000,year
5112005,2021,1555100000,year
5112005,2022,1555100000,year
5112005,2023,1555100000,year
5112005,2024,1555100000,year
5112005,2025,1555100000,year
5112007,2021,1553200000,year
5112007,2022,1553200000,year
5112007,2023,1553200000,year
5112007,2024,1553200000,year
5112007,2025,1553200000,year
5112009,2021,1555500000,year
5112009,2022,1555500000,year
5112009,2023,1555500000,year
5112009,2024,1555500000,year
5112009,2025,1555500000,year
5112011,2021,1551300000,year
5112011,2022,1551300000,year
5112011,2023,1551300000,year
5112011,2024,1551300000,year
5112011,2025,1551300000,year
5112013,2021,1552700000,year
5112013,2022,1552700000,year
5112013,2023,1552700000,year
5112013,2024,1552700000,year
5112013,2025,1552700000,year
5112015,2021,1552800000,year
5112015,2022,1552800000,year
5112015,2023,1552800000,year
5112015,2024,1552800000,year
5112015,2025,1552800000,year
5112017,2021,1556700000,year
5112017,2022,1556700000,year
5112017,2023,1556700000,year
5112017,2024,1556700000,year
5112017,2025,1556700000,year
5112019,2021,1556900000,year
5112019,2022,1556900000,year
5112019,2023,1556900000,year
5112019,2024,1556900000,year
5112019,2025,1556900000,year
5112021,2021,1557300000,year
5112021,2022,1557300000,year
5112021,2023,1557300000,year
5112021,2024,1557300000,year
5112021,2025,1557300000,year
5112023,2021,1557700000,year
5112023,2022,1557700000,year
5112023,2023,1557700000,year
5112023,2024,1557700000,year
5112023,2025,1557700000,year
5114001,2021,1550300000,year
5114001,2022,1550300000,year
5114001,2023,1550300000,year
5114001,2024,1550300000,year
5114001,2025,1550300000,year
5114003,2021,1553100000,year
5114003,2022,1553100000,year
5114003,2023,1553100000,year
5114003,2024,1553100000,year
5114003,2025,1553100000,year
5114005,2021,1550900000,year
5114005,2022,1550900000,year
5114005,2023,1550900000,year
5114005,2024,1550900000,year
5114005,2025,1550900000,year
5114007,2021,1555200000,year
5114007,2022,1555200000,year
5114007,2023,1555200000,year
5114007,2024,1555200000,year
5114007,2025,1555200000,year
5114009,2021,1556000000,latest
5114009,2022,1556000000,year
5114009,2023,1556000000,year
5114009,2024,1556000000,year
5114009,2025,1556000000,year
5114011,2021,1553500000,year
5114011,2022,1553500000,year
5114011,2023,1553500000,year
5114011,2024,1553500000,year
5114011,2025,1553500000,year
5114013,2021,1557200000,year
5114013,2022,1557200000,year
5114013,2023,1557200000,year
5114013,2024,1557200000,year
5114013,2025,1557200000,year
5114015,2021,1557900000,year
5114015,2022,1557900000,year
5114015,2023,1557900000,year
5114015,2024,1557900000,year
5114015,2025,1557900000,year
5114017,2021,1552200000,year
5114017,2022,1552200000,year
5114017,2023,1552200000,year
5114017,2024,1552200000,year
5114017,2025,1552200000,year
5302001,2021,1650200000,year
5302001,2022,1650200000,year
5302001,2023,1650200000,year
5302001,2024,1650200000,year
5302001,2025,1650200000,year
5302003,2021,1654600000,year
5302003,2022,1654600000,year
5302003,2023,1654600000,year
5302003,2024,1654600000,year
5302003,2025,1654600000,year
5302005,2021,1655600000,year
5302005,2022,1655600000,year
5302005,2023,1655600000,year
5302005,2024,1655600000,year
5302005,2025,1655600000,year
5302007,2021,1655900000,year
5302007,2022,1655900000,year
5302007,2023,1655900000,year
5302007,2024,1655900000,year
5302007,2025,1655900000,year
5302009,2021,1653400000,year
5302009,2022,1653400000,year
5302009,2023,1653400000,year
5302009,2024,1653400000,year
5302009,2025,1653400000,year
5302011,2021,1656400000,year
5302011,2022,1656400000,year
5302011,2023,1656400000,year
5302011,2024,1656400000,year
5302011,2025,1656400000,year
5302013,2021,1653100000,year
5302013,2022,1653100000,year
5302013,2023,1653100000,year
5302013,2024,1653100000,year
5302013,2025,1653100000,year
5302015,2021,1653700000,year
5302015,2022,1653700000,year
5302015,2023,1653700000,year
5302015,2024,1653700000,year
5302015,2025,1653700000,year
5302017,2021,1650500000,year
5302017,2022,1650500000,year
5302017,2023,1650500000,year
5302017,2024,1650500000,year
5302017,2025,1650500000,year
5302019,2021,1650700000,year
5302019,2022,1650700000,year
5302019,2023,1650700000,year
5302019,2024,1650700000,year
5302019,2025,1650700000,year
5302021,2021,1650900000,year
5302021,2022,1650900000,year
5302021,2023,1650900000,year
5302021,2024,1650900000,year
5302021,2025,1650900000,year
5302023,2021,1651000000,year
5302023,2022,1651000000,year
5302023,2023,1651000000,year
5302023,2024,1651000000,year
5302023,2025,1651000000,year
5304001,2021,1652100000,year
5304001,2022,1652100000,year
5304001,2023,1652100000,year
5304001,2024,1652100000,year
5304001,2025,1652100000,year
5304003,2021,1656500000,year
5304003,2022,1656500000,year
5304003,2023,1656500000,year
5304003,2024,1656500000,year
5304003,2025,1656500000,year
5304005,2021,1655100000,year
5304005,2022,1655100000,year
5304005,2023,1655100000,year
5304005,2024,1655100000,year
5304005,2025,1655100000,year
5304007,2021,1656900000,year
5304007,2022,1656900000,year
5304007,2023,1656900000,year
5304007,2024,1656900000,year
5304007,2025,1656900000,year
5304009,2021,1650600000,year
5304009,2022,1650600000,year
5304009,2023,1650600000,year
5304009,2024,1650600000,year
5304009,2025,1650600000,year
5304011,2021,1657100000,year
5304011,2022,1657100000,year
5304011,2023,1657100000,year
5304011,2024,1657100000,year
5304011,2025,1657100000,year
5304013,2021,1654400000,year
5304013,2022,1654400000,year
5304013,2023,1654400000,year
5304013,2024,1654400000,year
5304013,2025,1654400000,year
5306001,2021,1650100000,year
5306001,2022,1650100000,year
5306001,2023,1650100000,year
5306001,2024,1650100000,year
5306001,2025,1650100000,year
5306003,2021,1651900000,year
5306003,2022,1651900000,year
5306003,2023,1651900000,year
5306003,2024,1651900000,year
5306003,2025,1651900000,year
5306005,2021,1654800000,year
5306005,2022,1654800000,year
5306005,2023,1654800000,year
5306005,2024,1654800000,year
5306005,2025,1654800000,year
5306007,2021,1651600000,year
5306007,2022,1651600000,year
5306007,2023,1651600000,year
5306007,2024,1651600000,year
5306007,2025,1651600000,year
5306009,2021,1654500000,year
5306009,2022,1654500000,year
5306009,2023,1654500000,year
5306009,2024,1654500000,year
5306009,2025,1654500000,year
5306011,2021,1654900000,year
5306011,2022,1654900000,year
5306011,2023,1654900000,year
5306011,2024,1654900000,year
5306011,2025,1654900000,year
5306013,2021,1655800000,year
5306013,2022,1655800000,year
5306013,2023,1655800000,year
5306013,2024,1655800000,year
5306013,2025,1655800000,year
5306015,2021,1656200000,year
5306015,2022,1656200000,year
5306015,2023,1656200000,year
5306015,2024,1656200000,year
5306015,2025,1656200000,year
5306017,2021,1654200000,year
5306017,2022,1654200000,year
5306017,2023,1654200000,year
5306017,2024,1654200000,year
5306017,2025,1654200000,year
5306019,2021,1652400000,year
5306019,2022,1652400000,year
5306019,2023,1652400000,year
5306019,2024,1652400000,year
5306019,2025,1652400000,year
5306021,2021,1656600000,year
5306021,2022,1656600000,year
5306021,2023,1656600000,year
5306021,2024,1656600000,year
5306021,2025,1656600000,year
5306023,2021,1656800000,year
5306023,2022,1656800000,year
5306023,2023,1656800000,year
5306023,2024,1656800000,year
5306023,2025,1656800000,year
5306025,2021,1653300000,year
5306025,2022,1653300000,year
5306025,2023,1653300000,year
5306025,2024,1653300000,year
5306025,2025,1653300000,year
5306027,2021,1655300000,year
5306027,2022,1655300000,year
5306027,2023,1655300000,year
5306027,2024,1655300000,year
5306027,2025,1655300000,year
5306029,2021,1653200000,year
5306029,2022,1653200000,year
5306029,2023,1653200000,year
5306029,2024,1653200000,year
5306029,2025,1653200000,year
5306031,2021,1651800000,year
5306031,2022,1651800000,year
5306031,2023,1651800000,year
5306031,2024,1651800000,year
5306031,2025,1651800000,year
5306033,2021,1651200000,year
5306033,2022,1651200000,year
5306033,2023,1651200000,year
5306033,2024,1651200000,year
5306033,2025,1651200000,year
5308001,2021,1655400000,year
5308001,2022,1655400000,year
5308001,2023,1655400000,year
5308001,2024,1655400000,year
5308001,2025,1655400000,year
5308003,2021,1655500000,year
5308003,2022,1655500000,year
5308003,2023,1655500000,year
5308003,2024,1655500000,year
5308003,2025,1655500000,year
5308005,2021,1655700000,year
5308005,2022,1655700000,year
5308005,2023,1655700000,year
5308005,2024,1655700000,year
5308005,2025,1655700000,year
5308007,2021,1652600000,year
5308007,2022,1652600000,year
5308007,2023,1652600000,year
5308007,2024,1652600000,year
5308007,2025,1652600000,year
5308009,2021,1655000000,year
5308009,2022,1655000000,year
5308009,2023,1655000000,year
5308009,2024,1655000000,year
5308009,2025,1655000000,year
5308011,2021,1656000000,year
5308011,2022,1656000000,year
5308011,2023,1656000000,year
5308011,2024,1656000000,year
5308011,2025,1656000000,year
5308013,2021,1656100000,year
5308013,2022,1656100000,year
5308013,2023,1656100000,year
5308013,2024,1656100000,year
5308013,2025,1656100000,year
5308015,2021,1654100000,year
5308015,2022,1654100000,year
5308015,2023,1654100000,year
5308015,2024,1654100000,year
5308015,2025,1654100000,year
5308017,2021,1656300000,year
5308017,2022,1656300000,year
5308017,2023,1656300000,year
5308017,2024,1656300000,year
5308017,2025,1656300000,year
5308019,2021,1652200000,year
5308019,2022,1652200000,year
5308019,2023,1652200000,year
5308019,2024,1652200000,year
5308019,2025,1652200000,year
5308021,2021,1656700000,year
5308021,2022,1656700000,year
5308021,2023,1656700000,year
5308021,2024,1656700000,year
5308021,2025,1656700000,year
5308023,2021,1653900000,year
5308023,2022,1653900000,year
5308023,2023,1653900000,year
5308023,2024,1653900000,year
5308023,2025,1653900000,year
5308025,2021,1653500000,year
5308025,2022,1653500000,year
5308025,2023,1653500000,year
5308025,2024,1653500000,year
5308025,2025,1653500000,year
5308027,2021,1652500000,year
5308027,2022,1652500000,year
5308027,2023,1652500000,year
5308027,2024,1652500000,year
5308027,2025,1652500000,year
5308029,2021,1652800000,year
5308029,2022,1652800000,year
5308029,2023,1652800000,year
5308029,2024,1652800000,year
5308029,2025,1652800000,year
5308031,2021,1653000000,year
5308031,2022,1653000000,year
5308031,2023,1653000000,year
5308031,2024,1653000000,year
5308031,2025,1653000000,year
5308033,2021,1654700000,year
5308033,2022,1654700000,year
5308033,2023,1654700000,year
5308033,2024,1654700000,year
5308033,2025,1654700000,year
5308035,2021,1654300000,year
5308035,2022,1654300000,year
5308035,2023,1654300000,year
5308035,2024,1654300000,year
5308035,2025,1654300000,year
5308037,2021,1657000000,year
5308037,2022,1657000000,year
5308037,2023,1657010000,year
5308037,2024,1657010000,year
5308037,2025,1657010000,year
5308039,2021,1651500000,year
5308039,2022,1651500000,year
5308039,2023,1651500000,year
5308039,2024,1651500000,year
5308039,2025,1651500000,year
5308041,2021,1651300000,year
5308041,2022,1651300000,year
5308041,2023,1651300000,year
5308041,2024,1651300000,year
5308041,2025,1651300000,year
5308043,2021,1654000000,year
5308043,2022,1654000000,year
5308043,2023,1654000000,year
5308043,2024,1654000000,year
5308043,2025,1654000000,year
5308045,2021,1657200000,year
5308045,2022,1657200000,year
5308045,2023,1657200000,year
5308045,2024,1657200000,year
5308045,2025,1657200000,year
5308047,2021,1653600000,year
5308047,2022,1653600000,year
5308047,2023,1653600000,year
5308047,2024,1653600000,year
5308047,2025,1653600000,year
5602001,2021,1753700000,year
5602001,2022,1753700000,year
5602001,2023,1753700000,year
5602001,2024,1753700000,year
5602001,2025,1753700000,year
5602003,2021,1753200000,year
5602003,2022,1753200000,year
5602003,2023,1753200000,year
5602003,2024,1753200000,year
5602003,2025,1753200000,year
5602005,2021,1755200000,year
5602005,2022,1755200000,year
5602005,2023,1755200000,year
5602005,2024,1755200000,year
5602005,2025,1755200000,year
5602007,2021,1755700000,year
5602007,2022,1755700000,year
5602007,2023,1755700000,year
5602007,2024,1755700000,year
5602007,2025,1755700000,year
5602009,2021,1754100000,year
5602009,2022,1754100000,year
5602009,2023,1754100000,year
5602009,2024,1754100000,year
5602009,2025,1754100000,year
5602011,2021,1751000000,year
5602011,2022,1751000000,year
5602011,2023,1751000000,year
5602011,2024,1751000000,year
5602011,2025,1751000000,year
5602013,2021,1754300000,year
5602013,2022,1754300000,year
5602013,2023,1754300000,year
5602013,2024,1754300000,year
5602013,2025,1754300000,year
5602015,2021,1754400000,year
5602015,2022,1754400000,year
5602015,2023,1754400000,year
5602015,2024,1754400000,year
5602015,2025,1754400000,year
5604001,2021,1751900000,year
5604001,2022,1751900000,year
5604001,2023,1751900000,year
5604001,2024,1751900000,year
5604001,2025,1751900000,year
5604003,2021,1751600000,year
5604003,2022,1751600000,year
5604003,2023,1751600000,year
5604003,2024,1751600000,year
5604003,2025,1751600000,year
5604005,2021,1754900000,year
5604005,2022,1754900000,year
5604005,2023,1754900000,year
5604005,2024,1754900000,year
5604005,2025,1754900000,year
5604007,2021,1755100000,year
5604007,2022,1755100000,year
5604007,2023,1755100000,year
5604007,2024,1755100000,year
5604007,2025,1755100000,year
5604009,2021,1752400000,year
5604009,2022,1752400000,year
5604009,2023,1752400000,year
5604009,2024,1752400000,year
5604009,2025,1752400000,year
5604011,2021,1755500000,year
5604011,2022,1755500000,year
5604011,2023,1755500000,year
5604011,2024,1755500000,year
5604011,2025,1755500000,year
5604013,2021,1751400000,year
5604013,2022,1751400000,year
5604013,2023,1751400000,year
5604013,2024,1751400000,year
5604013,2025,1751400000,year
5604015,2021,1750700000,year
5604015,2022,1750700000,year
5604015,2023,1750700000,year
5604015,2024,1750700000,year
5604015,2025,1750700000,year
5604017,2021,1750900000,year
5604017,2022,1750900000,year
5604017,2023,1750900000,year
5604017,2024,1750900000,year
5604017,2025,1750900000,year
5604019,2021,1751500000,year
5604019,2022,1751500000,year
5604019,2023,1751500000,year
5604019,2024,1751500000,year
5604019,2025,1751500000,year
5604021,2021,1751800000,year
5604021,2022,1751800000,year
5604021,2023,1751800000,year
5604021,2024,1751800000,year
5604021,2025,1751800000,year
5604023,2021,1750500000,year
5604023,2022,1750500000,year
5604023,2023,1750500000,year
5604023,2024,1750500000,year
5604023,2025,1750500000,year
5604025,2021,1752800000,year
5604025,2022,1752800000,year
5604025,2023,1752800000,year
5604025,2024,1752800000,year
5604025,2025,1752800000,year
5604027,2021,1750800000,year
5604027,2022,1750800000,year
5604027,2023,1750800000,year
5604027,2024,1750800000,year
5604027,2025,1750800000,year
5604029,2021,1750600000,year
5604029,2022,1750600000,year
5604029,2023,1750600000,year
5604029,2024,1750600000,year
5604029,2025,1750600000,year
5604031,2021,1754500000,year
5604031,2022,1754500000,year
5604031,2023,1754500000,year
5604031,2024,1754500000,year
5604031,2025,1754500000,year
5604033,2021,1751100000,year
5604033,2022,1751100000,year
5604033,2023,1751100000,year
5604033,2024,1751100000,year
5604033,2025,1751100000,year
5604035,2021,1752000000,year
5604035,2022,1752000000,year
5604035,2023,1752000000,year
5604035,2024,1752000000,year
5604035,2025,1752000000,year
5604037,2021,1752100000,year
5604037,2022,1752100000,year
5604037,2023,1752100000,year
5604037,2024,1752100000,year
5604037,2025,1752100000,year
5606001,2021,1750100000,year
5606001,2022,1750100000,year
5606001,2023,1750100000,year
5606001,2024,1750100000,year
5606001,2025,1750100000,year
5606003,2021,1754700000,year
5606003,2022,1754700000,year
5606003,2023,1754700000,year
5606003,2024,1754700000,year
5606003,2025,1754700000,year
5606005,2021,1754800000,year
5606005,2022,1754800000,year
5606005,2023,1754800000,year
5606005,2024,1754800000,year
5606005,2025,1754800000,year
5606007,2021,1750200000,year
5606007,2022,1750200000,year
5606007,2023,1750200000,year
5606007,2024,1750200000,year
5606007,2025,1750200000,year
5606009,2021,1755000000,year
5606009,2022,1755000000,year
5606009,2023,1755000000,year
5606009,2024,1755000000,year
5606009,2025,1755000000,year
5606011,2021,1753800000,year
5606011,2022,1753800000,year
5606011,2023,1753800000,year
5606011,2024,1753800000,year
5606011,2025,1753800000,year
5606013,2021,1754000000,year
5606013,2022,1754000000,year
5606013,2023,1754000000,year
5606013,2024,1754000000,year
5606013,2025,1754000000,year
5606015,2021,1755300000,year
5606015,2022,1755300000,year
5606015,2023,1755300000,year
5606015,2024,1755300000,year
5606015,2025,1755300000,year
5606017,2021,1755400000,year
5606017,2022,1755400000,year
5606017,2023,1755400000,year
5606017,2024,1755400000,year
5606017,2025,1755400000,year
5606019,2021,1751700000,year
5606019,2022,1751700000,year
5606019,2023,1751700000,year
5606019,2024,1751700000,year
5606019,2025,1751700000,year
5606021,2021,1752900000,year
5606021,2022,1752900000,year
5606021,2023,1752900000,year
5606021,2024,1752900000,year
5606021,2025,1752900000,year
5606023,2021,1755800000,year
5606023,2022,1755800000,year
5606023,2023,1755800000,year
5606023,2024,1755800000,year
5606023,2025,1755800000,year
5606025,2021,1755900000,year
5606025,2022,1755900000,year
5606025,2023,1755900000,year
5606025,2024,1755900000,year
5606025,2025,1755900000,year
5606027,2021,1756000000,year
5606027,2022,1756000000,year
5606027,2023,1756000000,year
5606027,2024,1756000000,year
5606027,2025,1756000000,year
5606029,2021,1752200000,year
5606029,2022,1752200000,year
5606029,2023,1752200000,year
5606029,2024,1752200000,year
5606029,2025,1752200000,year
5606031,2021,1756100000,year
5606031,2022,1756100000,year
5606031,2023,1756100000,year
5606031,2024,1756100000,year
5606031,2025,1756100000,year
5606033,2021,1753000000,year
5606033,2022,1753000000,year
5606033,2023,1753000000,year
5606033,2024,1753000000,year
5606033,2025,1753000000,year
5606035,2021,1756200000,year
5606035,2022,1756200000,year
5606035,2023,1756200000,year
5606035,2024,1756200000,year
5606035,2025,1756200000,year
5606037,2021,1753600000,year
5606037,2022,1753600000,year
5606037,2023,1753600000,year
5606037,2024,1753600000,year
5606037,2025,1753600000,year
5606039,2021,1752500000,year
5606039,2022,1752500000,year
5606039,2023,1752500000,year
5606039,2024,1752500000,year
5606039,2025,1752500000,year
5606041,2021,1756300000,year
5606041,2022,1756300000,year
5606041,2023,1756300000,year
5606041,2024,1756300000,year
5606041,2025,1756300000,year
5606043,2021,1752600000,year
5606043,2022,1752600000,year
5606043,2023,1752600000,year
5606043,2024,1752600000,year
5606043,2025,1752600000,year
5606045,2021,1753400000,year
5606045,2022,1753400000,year
5606045,2023,1753400000,year
5606045,2024,1753400000,year
5606045,2025,1753400000,year
5606047,2021,1756400000,year
5606047,2022,1756400000,year
5606047,2023,1756400000,year
5606047,2024,1756400000,year
5606047,2025,1756400000,year
5606049,2021,1756700000,year
5606049,2022,1756700000,year
5606049,2023,1756700000,year
5606049,2024,1756700000,year
5606049,2025,1756700000,year
5606051,2021,1752700000,year
5606051,2022,1752700000,year
5606051,2023,1752700000,year
5606051,2024,1752700000,year
5606051,2025,1752700000,year
5608001,2021,1754600000,year
5608001,2022,1754600000,year
5608001,2023,1754600000,year
5608001,2024,1754600000,year
5608001,2025,1754600000,year
5608003,2021,1753900000,year
5608003,2022,1753900000,year
5608003,2023,1753900000,year
5608003,2024,1753900000,year
5608003,2025,1753900000,year
5608005,2021,1751200000,year
5608005,2022,1751200000,year
5608005,2023,1751200000,year
5608005,2024,1751200000,year
5608005,2025,1751200000,year
5608007,2021,1755600000,year
5608007,2022,1755600000,year
5608007,2023,1755600000,year
5608007,2024,1755600000,year
5608007,2025,1755600000,year
5608009,2021,1750300000,year
5608009,2022,1750300000,year
5608009,2023,1750300000,year
5608009,2024,1750300000,year
5608009,2025,1750300000,year
5608011,2021,1750400000,year
5608011,2022,1750400000,year
5608011,2023,1750400000,year
5608011,2024,1750400000,year
5608011,2025,1750400000,year
5608013,2021,1752300000,year
5608013,2022,1752300000,year
5608013,2023,1752300000,year
5608013,2024,1752300000,year
5608013,2025,1752300000,year
5608015,2021,1756500000,year
5608015,2022,1756500000,year
5608015,2023,1756500000,year
5608015,2024,1756500000,year
5608015,2025,1756500000,year
5608017,2021,1756600000,year
5608017,2022,1756600000,year
5608017,2023,1756600000,year
5608017,2024,1756600000,year
5608017,2025,1756600000,year
5608019,2021,1753100000,year
5608019,2022,1753100000,year
5608019,2023,1753100000,year
5608019,2024,1753100000,year
5608019,2025,1753100000,year
5608021,2021,1753500000,year
5608021,2022,1753500000,year
5608021,2023,1753500000,year
5608021,2024,1753500000,year
5608021,2025,1753500000,year
5902001,2021,1851800000,year
5902001,2022,1851800000,year
5902001,2023,1851800000,year
5902001,2024,1851800000,year
5902001,2025,1851800000,year
5902003,2021,1851900000,year
5902003,2022,1851900000,year
5902003,2023,1851900000,year
5902003,2024,1851900000,year
5902003,2025,1851900000,year
5902005,2021,1852000000,year
5902005,2022,1852000000,year
5902005,2023,1852000000,year
5902005,2024,1852000000,year
5902005,2025,1852000000,year
5902007,2021,1853400000,year
5902007,2022,1853400000,year
5902007,2023,1853400000,year
5902007,2024,1853400000,year
5902007,2025,1853400000,year
5902009,2021,1851600000,year
5902009,2022,1851600000,year
5902009,2023,1851600000,year
5902009,2024,1851600000,year
5902009,2025,1851600000,year
5902011,2021,1852400000,year
5902011,2022,1852400000,year
5902011,2023,1852400000,year
5902011,2024,1852400000,year
5902011,2025,1852400000,year
5902013,2021,1854400000,year
5902013,2022,1854400000,year
5902013,2023,1854400000,year
5902013,2024,1854400000,year
5902013,2025,1854400000,year
5902015,2021,1853800000,year
5902015,2022,1853800000,year
5902015,2023,1853800000,year
5902015,2024,1853800000,year
5902015,2025,1853800000,year
5904001,2021,1851000000,year
5904001,2022,1851000000,year
5904001,2023,1851000000,year
5904001,2024,1851000000,year
5904001,2025,1851000000,year
5904003,2021,1853900000,year
5904003,2022,1853900000,year
5904003,2023,1853900000,year
5904003,2024,1853900000,year
5904003,2025,1853900000,year
5904005,2021,1851100000,year
5904005,2022,1851100000,year
5904005,2023,1851100000,year
5904005,2024,1851100000,year
5904005,2025,1851100000,year
5904007,2021,1850400000,year
5904007,2022,1850400000,year
5904007,2023,1850400000,year
5904007,2024,1850400000,year
5904007,2025,1850400000,year
5904009,2021,1852200000,year
5904009,2022,1852200000,year
5904009,2023,1852200000,year
5904009,2024,1852200000,year
5904009,2025,1852200000,year
5904011,2021,1853700000,year
5904011,2022,1853700000,year
5904011,2023,1853700000,year
5904011,2024,1853700000,year
5904011,2025,1853700000,year
5904013,2021,1852600000,year
5904013,2022,1852600000,year
5904013,2023,1852600000,year
5904013,2024,1852600000,year
5904013,2025,1852600000,year
5904015,2021,1852300000,year
5904015,2022,1852300000,year
5904015,2023,1852300000,year
5904015,2024,1852300000,year
5904015,2025,1852300000,year
5904017,2021,1852800000,year
5904017,2022,1852800000,year
5904017,2023,1852800000,year
5904017,2024,1852800000,year
5904017,2025,1852800000,year
5906001,2021,1852900000,year
5906001,2022,1852900000,year
5906001,2023,1852900000,year
5906001,2024,1852900000,year
5906001,2025,1852900000,year
5906003,2021,1851500000,year
5906003,2022,1851500000,year
5906003,2023,1851500000,year
5906003,2024,1851500000,year
5906003,2025,1851500000,year
5906005,2021,1852100000,year
5906005,2022,1852100000,year
5906005,2023,1852100000,year
5906005,2024,1852100000,year
5906005,2025,1852100000,year
5906007,2021,1853200000,year
5906007,2022,1853200000,year
5906007,2023,1853200000,year
5906007,2024,1853200000,year
5906007,2025,1853200000,year
5906009,2021,1850600000,year
5906009,2022,1850600000,year
5906009,2023,1850600000,year
5906009,2024,1850600000,year
5906009,2025,1850600000,year
5906011,2021,1854500000,year
5906011,2022,1854500000,year
5906011,2023,1854500000,year
5906011,2024,1854500000,year
5906011,2025,1854500000,year
5906013,2021,1853600000,year
5906013,2022,1853600000,year
5906013,2023,1853600000,year
5906013,2024,1853600000,year
5906013,2025,1853600000,year
5906015,2021,1854900000,year
5906015,2022,1854900000,year
5906015,2023,1854900000,year
5906015,2024,1854900000,year
5906015,2025,1854900000,year
5908001,2021,1850900000,year
5908001,2022,1850900000,year
5908001,2023,1850900000,year
5908001,2024,1850900000,year
5908001,2025,1850900000,year
5908003,2021,1853500000,year
5908003,2022,1853500000,year
5908003,2023,1853500000,year
5908003,2024,1853500000,year
5908003,2025,1853500000,year
5908005,2021,1852700000,year
5908005,2022,1852700000,year
5908005,2023,1852700000,year
5908005,2024,1852700000,year
5908005,2025,1852700000,year
5908007,2021,1854000000,year
5908007,2022,1854000000,year
5908007,2023,1854000000,year
5908007,2024,1854000000,year
5908007,2025,1854000000,year
5908009,2021,1851700000,year
5908009,2022,1851700000,year
5908009,2023,1851700000,year
5908009,2024,1851700000,year
5908009,2025,1851700000,year
5908011,2021,1854300000,year
5908011,2022,1854300000,year
5908011,2023,1854300000,year
5908011,2024,1854300000,year
5908011,2025,1854300000,year
5908013,2021,1850500000,latest
5908013,2022,1850500000,year
5908013,2023,1850500000,year
5908013,2024,1850500000,year
5908013,2025,1850500000,year
5908015,2021,1851200000,latest
5908015,2022,1851200000,year
5908015,2023,1851200000,year
5908015,2024,1851200000,year
5908015,2025,1851200000,year
5908017,2021,1851300000,year
5908017,2022,1851300000,year
5908017,2023,1851300000,year
5908017,2024,1851300000,year
5908017,2025,1851300000,year
5908019,2021,1851400000,year
5908019,2022,1851400000,year
5908019,2023,1851400000,year
5908019,2024,1851400000,year
5908019,2025,1851400000,year
5908021,2021,1853300000,year
5908021,2022,1853300000,year
5908021,2023,1853300000,year
5908021,2024,1853300000,year
5908021,2025,1853300000,year
5908023,2021,1854600000,year
5908023,2022,1854600000,year
5908023,2023,1854600000,year
5908023,2024,1854600000,year
5908023,2025,1854600000,year
5908025,2021,1852500000,year
5908025,2022,1852500000,year
5908025,2023,1852500000,year
5908025,2024,1852500000,year
5908025,2025,1852500000,year
5908027,2021,1853100000,year
5908027,2022,1853100000,year
5908027,2023,1853100000,year
5908027,2024,1853100000,year
5908027,2025,1853100000,year
5908029,2021,1850700000,year
5908029,2022,1850700000,year
5908029,2023,1850700000,year
5908029,2024,1850700000,year
5908029,2025,1850700000,year
5908031,2021,1855000000,year
5908031,2022,1855000000,year
5908031,2023,1855000000,year
5908031,2024,1855000000,year
5908031,2025,1855000000,year
5910001,2021,1850100000,year
5910001,2022,1850100000,year
5910001,2023,1850100000,year
5910001,2024,1850100000,year
5910001,2025,1850100000,year
5910003,2021,1854100000,year
5910003,2022,1854100000,year
5910003,2023,1854100000,year
5910003,2024,1854100000,year
5910003,2025,1854100000,year
5910005,2021,1850200000,year
5910005,2022,1850200000,year
5910005,2023,1850200000,year
5910005,2024,1850200000,year
5910005,2025,1850200000,year
5910007,2021,1854200000,year
5910007,2022,1854200000,year
5910007,2023,1854200000,year
5910007,2024,1854200000,year
5910007,2025,1854200000,year
5910009,2021,1850300000,year
5910009,2022,1850300000,year
5910009,2023,1850300000,year
5910009,2024,1850300000,year
5910009,2025,1850300000,year
5910011,2021,1854700000,year
5910011,2022,1854700000,year
5910011,2023,1854700000,year
5910011,2024,1854700000,year
5910011,2025,1854700000,year
5910013,2021,1854800000,year
5910013,2022,1854800000,year
5910013,2023,1854800000,year
5910013,2024,1854800000,year
5910013,2025,1854800000,year
5910015,2021,1850800000,year
5910015,2022,1850800000,year
5910015,2023,1850800000,year
5910015,2024,1850800000,year
5910015,2025,1850800000,year
5910017,2021,1853000000,year
5910017,2022,1853000000,year
5910017,2023,1853000000,year
5910017,2024,1853000000,year
5910017,2025,1853000000,year
5910019,2021,1855100000,year
5910019,2022,1855100000,year
5910019,2023,1855100000,year
5910019,2024,1855100000,year
5910019,2025,1855100000,year
6102001,2021,1953200000,year
6102001,2022,1953200000,year
6102001,2023,1953200000,year
6102001,2024,1953200000,year
6102001,2025,1953200000,year
6102003,2021,1953300000,year
6102003,2022,1953300000,year
6102003,2023,1953300000,year
6102003,2024,1953300000,year
6102003,2025,1953300000,year
6102005,2021,1952800000,year
6102005,2022,1952800000,year
6102005,2023,1952800000,year
6102005,2024,1952800000,year
6102005,2025,1952800000,year
6102007,2021,1956100000,year
6102007,2022,1956100000,year
6102007,2023,1956100000,year
6102007,2024,1956100000,year
6102007,2025,1956100000,year
6102009,2021,1953800000,year
6102009,2022,1953800000,year
6102009,2023,1953800000,year
6102009,2024,1953800000,year
6102009,2025,1953800000,year
6102011,2021,1951400000,year
6102011,2022,1951400000,year
6102011,2023,1951400000,year
6102011,2024,1951400000,year
6102011,2025,1951400000,year
6102013,2021,1952100000,year
6102013,2022,1952100000,year
6102013,2023,1952100000,year
6102013,2024,1952100000,year
6102013,2025,1952100000,year
6102015,2021,1952600000,year
6102015,2022,1952600000,year
6102015,2023,1952600000,year
6102015,2024,1952600000,year
6102015,2025,1952600000,year
6104001,2021,1950100000,year
6104001,2022,1950100000,year
6104001,2023,1950100000,year
6104001,2024,1950100000,year
6104001,2025,1950100000,year
6104003,2021,1954800000,year
6104003,2022,1954800000,year
6104003,2023,1954800000,year
6104003,2024,1954800000,year
6104003,2025,1954800000,year
6104005,2021,1954300000,year
6104005,2022,1954300000,year
6104005,2023,1954300000,year
6104005,2024,1954300000,year
6104005,2025,1954300000,year
6104007,2021,1955600000,year
6104007,2022,1955600000,year
6104007,2023,1955600000,year
6104007,2024,1955600000,year
6104007,2025,1955600000,year
6104009,2021,1955000000,year
6104009,2022,1955000000,year
6104009,2023,1955000000,year
6104009,2024,1955000000,year
6104009,2025,1955000000,year
6104011,2021,1950400000,year
6104011,2022,1950400000,year
6104011,2023,1950400000,year
6104011,2024,1950400000,year
6104011,2025,1950400000,year
6104013,2021,1953000000,year
6104013,2022,1953000000,year
6104013,2023,1953000000,year
6104013,2024,1953000000,year
6104013,2025,1953000000,year
6104015,2021,1955800000,year
6104015,2022,1955800000,year
6104015,2023,1955800000,year
6104015,2024,1955800000,year
6104015,2025,1955800000,year
6104017,2021,1954000000,year
6104017,2022,1954000000,year
6104017,2023,1954000000,year
6104017,2024,1954000000,year
6104017,2025,1954000000,year
6104019,2021,1950700000,year
6104019,2022,1950700000,year
6104019,2023,1950700000,year
6104019,2024,1950700000,year
6104019,2025,1950700000,year
6104021,2021,1950900000,year
6104021,2022,1950900000,year
6104021,2023,1950900000,year
6104021,2024,1950900000,year
6104021,2025,1950900000,year
6104023,2021,1956000000,year
6104023,2022,1956000000,year
6104023,2023,1956000000,year
6104023,2024,1956000000,year
6104023,2025,1956000000,year
6104025,2021,1951000000,year
6104025,2022,1951000000,year
6104025,2023,1951000000,year
6104025,2024,1951000000,year
6104025,2025,1951000000,year
6104027,2021,1954500000,year
6104027,2022,1954500000,year
6104027,2023,1954500000,year
6104027,2024,1954500000,year
6104027,2025,1954500000,year
6104029,2021,1951600000,year
6104029,2022,1951600000,year
6104029,2023,1951600000,year
6104029,2024,1951600000,year
6104029,2025,1951600000,year
6104031,2021,1955300000,year
6104031,2022,1955300000,year
6104031,2023,1955300000,year
6104031,2024,1955300000,year
6104031,2025,1955300000,year
6104033,2021,1951800000,year
6104033,2022,1951800000,year
6104033,2023,1951800000,year
6104033,2024,1951800000,year
6104033,2025,1951800000,year
6104035,2021,1952000000,year
6104035,2022,1952000000,year
6104035,2023,1952000000,year
6104035,2024,1952000000,year
6104035,2025,1952000000,year
6104037,2021,1956300000,year
6104037,2022,1956300000,year
6104037,2023,1956300000,year
6104037,2024,1956300000,year
6104037,2025,1956300000,year
6104039,2021,1956400000,year
6104039,2022,1956400000,year
6104039,2023,1956400000,year
6104039,2024,1956400000,year
6104039,2025,1956400000,year
6104041,2021,1953700000,year
6104041,2022,1953700000,year
6104041,2023,1953700000,year
6104041,2024,1953700000,year
6104041,2025,1953700000,year
6104043,2021,1952300000,year
6104043,2022,1952300000,year
6104043,2023,1952300000,year
6104043,2024,1952300000,year
6104043,2025,1952300000,year
6104045,2021,1952400000,year
6104045,2022,1952400000,year
6104045,2023,1952400000,year
6104045,2024,1952400000,year
6104045,2025,1952400000,year
6104047,2021,1952500000,year
6104047,2022,1952500000,year
6104047,2023,1952500000,year
6104047,2024,1952500000,year
6104047,2025,1952500000,year
6104049,2021,1954900000,year
6104049,2022,1954900000,year
6104049,2023,1954900000,year
6104049,2024,1954900000,year
6104049,2025,1954900000,year
6106001,2021,1950200000,year
6106001,2022,1950200000,year
6106001,2023,1950200000,year
6106001,2024,1950200000,year
6106001,2025,1950200000,year
6106003,2021,1953100000,year
6106003,2022,1953100000,year
6106003,2023,1953100000,year
6106003,2024,1953100000,year
6106003,2025,1953100000,year
6106005,2021,1952700000,year
6106005,2022,1952700000,year
6106005,2023,1952700000,year
6106005,2024,1952700000,year
6106005,2025,1952700000,year
6106007,2021,1955500000,year
6106007,2022,1955500000,year
6106007,2023,1955500000,year
6106007,2024,1955500000,year
6106007,2025,1955500000,year
6106009,2021,1950300000,year
6106009,2022,1950300000,year
6106009,2023,1950300000,year
6106009,2024,1950300000,year
6106009,2025,1950300000,year
6106011,2021,1952900000,year
6106011,2022,1952900000,year
6106011,2023,1952900000,year
6106011,2024,1952900000,year
6106011,2025,1952900000,year
6106013,2021,1950500000,year
6106013,2022,1950500000,year
6106013,2023,1950500000,year
6106013,2024,1950500000,year
6106013,2025,1950500000,year
6106015,2021,1950600000,year
6106015,2022,1950600000,year
6106015,2023,1950600000,year
6106015,2024,1950600000,year
6106015,2025,1950600000,year
6106017,2021,1955700000,year
6106017,2022,1955700000,year
6106017,2023,1955700000,year
6106017,2024,1955700000,year
6106017,2025,1955700000,year
6106019,2021,1950800000,year
6106019,2022,1950800000,year
6106019,2023,1950800000,year
6106019,2024,1950800000,year
6106019,2025,1950800000,year
6106021,2021,1955900000,year
6106021,2022,1955900000,year
6106021,2023,1955900000,year
6106021,2024,1955900000,year
6106021,2025,1955900000,year
6106023,2021,1951100000,year
6106023,2022,1951100000,year
6106023,2023,1951100000,year
6106023,2024,1951100000,year
6106023,2025,1951100000,year
6106025,2021,1954400000,year
6106025,2022,1954400000,year
6106025,2023,1954400000,year
6106025,2024,1954400000,year
6106025,2025,1954400000,year
6106027,2021,1951300000,year
6106027,2022,1951300000,year
6106027,2023,1951300000,year
6106027,2024,1951300000,year
6106027,2025,1951300000,year
6106029,2021,1951500000,year
6106029,2022,1951500000,year
6106029,2023,1951500000,year
6106029,2024,1951500000,year
6106029,2025,1951500000,year
6106031,2021,1954600000,year
6106031,2022,1954600000,year
6106031,2023,1954600000,year
6106031,2024,1954600000,year
6106031,2025,1954600000,year
6106033,2021,1956200000,year
6106033,2022,1956200000,year
6106033,2023,1956200000,year
6106033,2024,1956200000,year
6106033,2025,1956200000,year
6106035,2021,1952200000,year
6106035,2022,1952200000,year
6106035,2023,1952200000,year
6106035,2024,1952200000,year
6106035,2025,1952200000,year
6106037,2021,1954200000,year
6106037,2022,1954200000,year
6106037,2023,1954200000,year
6106037,2024,1954200000,year
6106037,2025,1954200000,year
6106039,2021,1953500000,year
6106039,2022,1953500000,year
6106039,2023,1953500000,year
6106039,2024,1953500000,year
6106039,2025,1953500000,year
6106041,2021,1953900000,year
6106041,2022,1953900000,year
6106041,2023,1953900000,year
6106041,2024,1953900000,year
6106041,2025,1953900000,year
6106043,2021,1955400000,year
6106043,2022,1955400000,year
6106043,2023,1955400000,year
6106043,2024,1955400000,year
6106043,2025,1955400000,year
6302001,2021,2052900000,year
6302001,2022,2052900000,year
6302001,2023,2052900000,year
6302001,2024,2052900000,year
6302001,2025,2052900000,year
6302003,2021,2053100000,year
6302003,2022,2053100000,year
6302003,2023,2053100000,year
6302003,2024,2053100000,year
6302003,2025,2053100000,year
6302005,2021,2050800000,year
6302005,2022,2050800000,year
6302005,2023,2050800000,year
6302005,2024,2050800000,year
6302005,2025,2050800000,year
6302007,2021,2051000000,year
6302007,2022,2051000000,year
6302007,2023,2051000000,year
6302007,2024,2051000000,year
6302007,2025,2051000000,year
6302009,2021,2054100000,year
6302009,2022,2054100000,year
6302009,2023,2054100000,year
6302009,2024,2054100000,year
6302009,2025,2054100000,year
6304001,2021,2052400000,year
6304001,2022,2052400000,year
6304001,2023,2052400000,year
6304001,2024,2052400000,year
6304001,2025,2052400000,year
6304003,2021,2052500000,year
6304003,2022,2052500000,year
6304003,2023,2052500000,year
6304003,2024,2052500000,year
6304003,2025,2052500000,year
6304005,2021,2053000000,year
6304005,2022,2053000000,year
6304005,2023,2053000000,year
6304005,2024,2053000000,year
6304005,2025,2053000000,year
6304007,2021,2052000000,year
6304007,2022,2052000000,year
6304007,2023,2052000000,year
6304007,2024,2052000000,year
6304007,2025,2052000000,year
6304009,2021,2051800000,year
6304009,2022,2051800000,year
6304009,2023,2051800000,year
6304009,2024,2051800000,year
6304009,2025,2051800000,year
6304011,2021,2054200000,year
6304011,2022,2054200000,year
6304011,2023,2054200000,year
6304011,2024,2054200000,year
6304011,2025,2054200000,year
6304013,2021,2050900000,year
6304013,2022,2050900000,year
6304013,2023,2050900000,year
6304013,2024,2050900000,year
6304013,2025,2050900000,year
6304015,2021,2055000000,year
6304015,2022,2055000000,year
6304015,2023,2055000000,year
6304015,2024,2055000000,year
6304015,2025,2055000000,year
6306001,2021,2050700000,year
6306001,2022,2050700000,year
6306001,2023,2050700000,year
6306001,2024,2050700000,year
6306001,2025,2050700000,year
6306003,2021,2053900000,year
6306003,2022,2053900000,year
6306003,2023,2053900000,year
6306003,2024,2053900000,year
6306003,2025,2053900000,year
6306005,2021,2054000000,year
6306005,2022,2054000000,year
6306005,2023,2054000000,year
6306005,2024,2054000000,year
6306005,2025,2054000000,year
6306007,2021,2051100000,year
6306007,2022,2051100000,year
6306007,2023,2051100000,year
6306007,2024,2051100000,year
6306007,2025,2051100000,year
6306009,2021,2055100000,year
6306009,2022,2055100000,year
6306009,2023,2055100000,year
6306009,2024,2055100000,year
6306009,2025,2055100000,year
6306011,2021,2051500000,year
6306011,2022,2051500000,year
6306011,2023,2051500000,year
6306011,2024,2051500000,year
6306011,2025,2051500000,year
6308001,2021,2051300000,year
6308001,2022,2051300000,year
6308001,2023,2051300000,year
6308001,2024,2051300000,year
6308001,2025,2051300000,year
6308003,2021,2053400000,year
6308003,2022,2053400000,year
6308003,2023,2053400000,year
6308003,2024,2053400000,year
6308003,2025,2053400000,year
6308005,2021,2053600000,year
6308005,2022,2053600000,year
6308005,2023,2053600000,year
6308005,2024,2053600000,year
6308005,2025,2053600000,year
6308007,2021,2052100000,year
6308007,2022,2052100000,year
6308007,2023,2052100000,year
6308007,2024,2052100000,year
6308007,2025,2052100000,year
6308009,2021,2054300000,year
6308009,2022,2054300000,year
6308009,2023,2054300000,year
6308009,2024,2054300000,year
6308009,2025,2054300000,year
6308011,2021,2052200000,year
6308011,2022,2052200000,year
6308011,2023,2052200000,year
6308011,2024,2052200000,year
6308011,2025,2052200000,year
6308013,2021,2052300000,year
6308013,2022,2052300000,year
6308013,2023,2052300000,year
6308013,2024,2052300000,year
6308013,2025,2052300000,year
6308015,2021,2055600000,year
6308015,2022,2055600000,year
6308015,2023,2055600000,year
6308015,2024,2055600000,year
6308015,2025,2055600000,year
6310001,2021,2052700000,year
6310001,2022,2052700000,year
6310001,2023,2052700000,year
6310001,2024,2052700000,year
6310001,2025,2052700000,year
6310003,2021,2052800000,year
6310003,2022,2052800000,year
6310003,2023,2052800000,year
6310003,2024,2052800000,year
6310003,2025,2052800000,year
6310005,2021,2051700000,year
6310005,2022,2051700000,year
6310005,2023,2051700000,year
6310005,2024,2051700000,year
6310005,2025,2051700000,year
6310007,2021,2051900000,year
6310007,2022,2051900000,year
6310007,2023,2051900000,year
6310007,2024,2051900000,year
6310007,2025,2051900000,year
6310009,2021,2054700000,year
6310009,2022,2054700000,year
6310009,2023,2054700000,year
6310009,2024,2054700000,year
6310009,2025,2054700000,year
6312001,2021,2052600000,year
6312001,2022,2052600000,year
6312001,2023,2052600000,year
6312001,2024,2052600000,year
6312001,2025,2052600000,year
6312003,2021,2053200000,year
6312003,2022,2053200000,year
6312003,2023,2053200000,year
6312003,2024,2053200000,year
6312003,2025,2053200000,year
6312005,2021,2053300000,year
6312005,2022,2053300000,year
6312005,2023,2053300000,year
6312005,2024,2053300000,year
6312005,2025,2053300000,year
6312007,2021,2053700000,year
6312007,2022,2053700000,year
6312007,2023,2053700000,year
6312007,2024,2053700000,year
6312007,2025,2053700000,year
6312009,2021,2054400000,year
6312009,2022,2054400000,year
6312009,2023,2054400000,year
6312009,2024,2054400000,year
6312009,2025,2054400000,year
6312011,2021,2054500000,year
6312011,2022,2054500000,year
6312011,2023,2054500000,year
6312011,2024,2054500000,year
6312011,2025,2054500000,year
6312013,2021,2050600000,year
6312013,2022,2050600000,year
6312013,2023,2050600000,year
6312013,2024,2050600000,year
6312013,2025,2050600000,year
6312015,2021,2050200000,year
6312015,2022,2050200000,year
6312015,2023,2050200000,year
6312015,2024,2050200000,year
6312015,2025,2050200000,year
6312017,2021,2050500000,year
6312017,2022,2050500000,year
6312017,2023,2050500000,year
6312017,2024,2050500000,year
6312017,2025,2050500000,year
6312019,2021,2054900000,year
6312019,2022,2054900000,year
6312019,2023,2054900000,year
6312019,2024,2054900000,year
6312019,2025,2054900000,year
6312021,2021,2051400000,year
6312021,2022,2051400000,year
6312021,2023,2051400000,year
6312021,2024,2051400000,year
6312021,2025,2051400000,year
6312023,2021,2050400000,year
6312023,2022,2050400000,year
6312023,2023,2050400000,year
6312023,2024,2050400000,year
6312023,2025,2050400000,year
6312025,2021,2055300000,year
6312025,2022,2055300000,year
6312025,2023,2055300000,year
6312025,2024,2055300000,year
6312025,2025,2055300000,year
6312027,2021,2055400000,year
6312027,2022,2055400000,year
6312027,2023,2055400000,year
6312027,2024,2055400000,year
6312027,2025,2055400000,year
6312029,2021,2051600000,year
6312029,2022,2051600000,year
6312029,2023,2051600000,year
6312029,2024,2051600000,year
6312029,2025,2051600000,year
6314001,2021,2053500000,year
6314001,2022,2053500000,year
6314001,2023,2053500000,year
6314001,2024,2053500000,year
6314001,2025,2053500000,year
6314003,2021,2053800000,year
6314003,2022,2053800000,year
6314003,2023,2053800000,year
6314003,2024,2053800000,year
6314003,2025,2053800000,year
6314005,2021,2051200000,year
6314005,2022,2051200000,year
6314005,2023,2051200000,year
6314005,2024,2051200000,year
6314005,2025,2051200000,year
6314007,2021,2054600000,year
6314007,2022,2054600000,year
6314007,2023,2054600000,year
6314007,2024,2054600000,year
6314007,2025,2054600000,year
6314009,2021,2054800000,year
6314009,2022,2054800000,year
6314009,2023,2054800000,year
6314009,2024,2054800000,year
6314009,2025,2054800000,year
6314011,2021,2055200000,year
6314011,2022,2055200000,year
6314011,2023,2055200000,year
6314011,2024,2055200000,year
6314011,2025,2055200000,year
6314013,2021,2050100000,year
6314013,2022,2050100000,year
6314013,2023,2050100000,year
6314013,2024,2050100000,year
6314013,2025,2050100000,year
6314015,2021,2050300000,year
6314015,2022,2050300000,year
6314015,2023,2050300000,year
6314015,2024,2050300000,year
6314015,2025,2050300000,year
6314017,2021,2055500000,year
6314017,2022,2055500000,year
6314017,2023,2055500000,year
6314017,2024,2055500000,year
6314017,2025,2055500000,year
6502001,2021,2153400000,year
6502001,2022,2153400000,year
6502001,2023,2153400000,year
6502001,2024,2153400000,year
6502001,2025,2153400000,year
6502003,2021,2151700000,year
6502003,2022,2151700000,year
6502003,2023,2151700000,year
6502003,2024,2151700000,year
6502003,2025,2151700000,year
6502005,2021,2153600000,year
6502005,2022,2153600000,year
6502005,2023,2153600000,year
6502005,2024,2153600000,year
6502005,2025,2153600000,year
6502007,2021,2151800000,year
6502007,2022,2151800000,year
6502007,2023,2151800000,year
6502007,2024,2151800000,year
6502007,2025,2151800000,year
6502009,2021,2154000000,year
6502009,2022,2154000000,year
6502009,2023,2154000000,year
6502009,2024,2154000000,year
6502009,2025,2154000000,year
6502011,2021,2150100000,year
6502011,2022,2150100000,year
6502011,2023,2150100000,year
6502011,2024,2150100000,year
6502011,2025,2150100000,year
6502013,2021,2153000000,year
6502013,2022,2153000000,year
6502013,2023,2153000000,year
6502013,2024,2153000000,year
6502013,2025,2153000000,year
6502015,2021,2154400000,year
6502015,2022,2154400000,year
6502015,2023,2154400000,year
6502015,2024,2154400000,year
6502015,2025,2154400000,year
6502017,2021,2154600000,year
6502017,2022,2154600000,year
6502017,2023,2154600000,year
6502017,2024,2154600000,year
6502017,2025,2154600000,year
6502019,2021,2152700000,year
6502019,2022,2152700000,year
6502019,2023,2152700000,year
6502019,2024,2152700000,year
6502019,2025,2152700000,year
6502021,2021,2155200000,year
6502021,2022,2155200000,year
6502021,2023,2155200000,year
6502021,2024,2155200000,year
6502021,2025,2155200000,year
6504001,2021,2153800000,year
6504001,2022,2153800000,year
6504001,2023,2153800000,year
6504001,2024,2153800000,year
6504001,2025,2153800000,year
6504003,2021,2152200000,year
6504003,2022,2152200000,year
6504003,2023,2152200000,year
6504003,2024,2152200000,year
6504003,2025,2152200000,year
6504005,2021,2154300000,year
6504005,2022,2154300000,year
6504005,2023,2154300000,year
6504005,2024,2154300000,year
6504005,2025,2154300000,year
6504007,2021,2154700000,year
6504007,2022,2154700000,year
6504007,2023,2154700000,year
6504007,2024,2154700000,year
6504007,2025,2154700000,year
6506001,2021,2150200000,year
6506001,2022,2150200000,year
6506001,2023,2150200000,year
6506001,2024,2150200000,year
6506001,2025,2150200000,year
6506003,2021,2153500000,year
6506003,2022,2153500000,year
6506003,2023,2153500000,year
6506003,2024,2153500000,year
6506003,2025,2153500000,year
6506005,2021,2153700000,year
6506005,2022,2153700000,year
6506005,2023,2153700000,year
6506005,2024,2153700000,year
6506005,2025,2153700000,year
6506007,2021,2151400000,year
6506007,2022,2151400000,year
6506007,2023,2151400000,year
6506007,2024,2151400000,year
6506007,2025,2151400000,year
6506009,2021,2150600000,year
6506009,2022,2150600000,year
6506009,2023,2150600000,year
6506009,2024,2150600000,year
6506009,2025,2150600000,year
6506011,2021,2154100000,year
6506011,2022,2154100000,year
6506011,2023,2154100000,year
6506011,2024,2154100000,year
6506011,2025,2154100000,year
6506013,2021,2152100000,year
6506013,2022,2152100000,year
6506013,2023,2152100000,year
6506013,2024,2152100000,year
6506013,2025,2152100000,year
6506015,2021,2152400000,year
6506015,2022,2152400000,year
6506015,2023,2152400000,year
6506015,2024,2152400000,year
6506015,2025,2152400000,year
6506017,2021,2152800000,year
6506017,2022,2152800000,year
6506017,2023,2152800000,year
6506017,2024,2152800000,year
6506017,2025,2152800000,year
6506019,2021,2150900000,year
6506019,2022,2150900000,year
6506019,2023,2150900000,year
6506019,2024,2150900000,year
6506019,2025,2150900000,year
6506021,2021,2154900000,year
6506021,2022,2154900000,year
6506021,2023,2154900000,year
6506021,2024,2154900000,year
6506021,2025,2154900000,year
6506023,2021,2151100000,year
6506023,2022,2151100000,year
6506023,2023,2151100000,year
6506023,2024,2151100000,year
6506023,2025,2151100000,year
6506025,2021,2155100000,year
6506025,2022,2155100000,year
6506025,2023,2155100000,year
6506025,2024,2155100000,year
6506025,2025,2155100000,year
6506027,2021,2151200000,year
6506027,2022,2151200000,year
6506027,2023,2151200000,year
6506027,2024,2151200000,year
6506027,2025,2151200000,year
6506029,2021,2150500000,year
6506029,2022,2150500000,year
6506029,2023,2150500000,year
6506029,2024,2150500000,year
6506029,2025,2150500000,year
6508001,2021,2151900000,year
6508001,2022,2151900000,year
6508001,2023,2151900000,year
6508001,2024,2151900000,year
6508001,2025,2151900000,year
6508003,2021,2152900000,year
6508003,2022,2152900000,year
6508003,2023,2152900000,year
6508003,2024,2152900000,year
6508003,2025,2152900000,year
6508005,2021,2152500000,year
6508005,2022,2152500000,year
6508005,2023,2152500000,year
6508005,2024,2152500000,year
6508005,2025,2152500000,year
6508007,2021,2150300000,year
6508007,2022,2150300000,year
6508007,2023,2150300000,year
6508007,2024,2150300000,year
6508007,2025,2150300000,year
6508009,2021,2154200000,year
6508009,2022,2154200000,year
6508009,2023,2154200000,year
6508009,2024,2154200000,year
6508009,2025,2154200000,year
6508011,2021,2150400000,year
6508011,2022,2150400000,year
6508011,2023,2150400000,year
6508011,2024,2150400000,year
6508011,2025,2150400000,year
6508013,2021,2154500000,year
6508013,2022,2154500000,year
6508013,2023,2154500000,year
6508013,2024,2154500000,year
6508013,2025,2154500000,year
6508015,2021,2155000000,year
6508015,2022,2155000000,year
6508015,2023,2155000000,year
6508015,2024,2155000000,year
6508015,2025,2155000000,year
6508017,2021,2152000000,year
6508017,2022,2152000000,year
6508017,2023,2152000000,year
6508017,2024,2152000000,year
6508017,2025,2152000000,year
6510001,2021,2151600000,year
6510001,2022,2151600000,year
6510001,2023,2151600000,year
6510001,2024,2151600000,year
6510001,2025,2151600000,year
6510003,2021,2150700000,year
6510003,2022,2150700000,year
6510003,2023,2150700000,year
6510003,2024,2150700000,year
6510003,2025,2150700000,year
6510005,2021,2151300000,year
6510005,2022,2151300000,year
6510005,2023,2151300000,year
6510005,2024,2151300000,year
6510005,2025,2151300000,year
6510007,2021,2153900000,year
6510007,2022,2153900000,year
6510007,2023,2153900000,year
6510007,2024,2153900000,year
6510007,2025,2153900000,year
6510009,2021,2151000000,year
6510009,2022,2151000000,year
6510009,2023,2151000000,year
6510009,2024,2151000000,year
6510009,2025,2151000000,year
6510011,2021,2154800000,year
6510011,2022,2154800000,year
6510011,2023,2154800000,year
6510011,2024,2154800000,year
6510011,2025,2154800000,year
6510013,2021,2151500000,year
6510013,2022,2151500000,year
6510013,2023,2151500000,year
6510013,2024,2151500000,year
6510013,2025,2151500000,year
6510015,2021,2155300000,year
6510015,2022,2155300000,year
6510015,2023,2155300000,year
6510015,2024,2155300000,year
6510015,2025,2155300000,year
6510017,2021,2155400000,year
6510017,2022,2155400000,year
6510017,2023,2155400000,year
6510017,2024,2155400000,year
6510017,2025,2155400000,year
6510019,2021,2152300000,year
6510019,2022,2152300000,year
6510019,2023,2152300000,year
6510019,2024,2152300000,year
6510019,2025,2152300000,year
6802001,2021,2252400000,year
6802001,2022,2252400000,year
6802001,2023,2252400000,year
6802001,2024,2252400000,year
6802001,2025,2252400000,year
6802003,2021,2250600000,year
6802003,2022,2250600000,year
6802003,2023,2250600000,year
6802003,2024,2250600000,year
6802003,2025,2250600000,year
6802005,2021,2250700000,year
6802005,2022,2250700000,year
6802005,2023,2250700000,year
6802005,2024,2250700000,year
6802005,2025,2250700000,year
6802007,2021,2253600000,year
6802007,2022,2253600000,year
6802007,2023,2253600000,year
6802007,2024,2253600000,year
6802007,2025,2253600000,year
6802009,2021,2255500000,year
6802009,2022,2255500000,year
6802009,2023,2255500000,year
6802009,2024,2255500000,year
6802009,2025,2255500000,year
6802011,2021,2255800000,year
6802011,2022,2255800000,year
6802011,2023,2255800000,year
6802011,2024,2255800000,year
6802011,2025,2255800000,year
6802013,2021,2250900000,year
6802013,2022,2250900000,year
6802013,2023,2250900000,year
6802013,2024,2250900000,year
6802013,2025,2250900000,year
6802015,2021,2251300000,year
6802015,2022,2251300000,year
6802015,2023,2251300000,year
6802015,2024,2251300000,year
6802015,2025,2251300000,year
6802017,2021,2250800000,year
6802017,2022,2250800000,year
6802017,2023,2250800000,year
6802017,2024,2250800000,year
6802017,2025,2250800000,year
6802019,2021,2251600000,year
6802019,2022,2251600000,year
6802019,2023,2251600000,year
6802019,2024,2251600000,year
6802019,2025,2251600000,year
6802021,2021,2256100000,year
6802021,2022,2256100000,year
6802021,2023,2256100000,year
6802021,2024,2256100000,year
6802021,2025,2256100000,year
6802023,2021,2252800000,year
6802023,2022,2252800000,year
6802023,2023,2252800000,year
6802023,2024,2252800000,year
6802023,2025,2252800000,year
6802025,2021,2253500000,year
6802025,2022,2253500000,year
6802025,2023,2253500000,year
6802025,2024,2253500000,year
6802025,2025,2253500000,year
6802027,2021,2253700000,year
6802027,2022,2253700000,year
6802027,2023,2253700000,year
6802027,2024,2253700000,year
6802027,2025,2253700000,year
6802029,2021,2252300000,year
6802029,2022,2252300000,year
6802029,2023,2252300000,year
6802029,2024,2252300000,year
6802029,2025,2252300000,year
6804001,2021,2252900000,year
6804001,2022,2252900000,year
6804001,2023,2252900000,year
6804001,2024,2252900000,year
6804001,2025,2252900000,year
6804003,2021,2250200000,year
6804003,2022,2250200000,year
6804003,2023,2250200000,year
6804003,2024,2250200000,year
6804003,2025,2250200000,year
6804005,2021,2255300000,year
6804005,2022,2255300000,year
6804005,2023,2255300000,year
6804005,2024,2255300000,year
6804005,2025,2255300000,year
6804007,2021,2253400000,year
6804007,2022,2253400000,year
6804007,2023,2253400000,year
6804007,2024,2253400000,year
6804007,2025,2253400000,year
6804009,2021,2250300000,year
6804009,2022,2250300000,year
6804009,2023,2250300000,year
6804009,2024,2250300000,year
6804009,2025,2250300000,year
6804011,2021,2250500000,year
6804011,2022,2250500000,year
6804011,2023,2250500000,year
6804011,2024,2250500000,year
6804011,2025,2250500000,year
6804013,2021,2252700000,year
6804013,2022,2252700000,year
6804013,2023,2252700000,year
6804013,2024,2252700000,year
6804013,2025,2252700000,year
6804015,2021,2255400000,year
6804015,2022,2255400000,year
6804015,2023,2255400000,year
6804015,2024,2255400000,year
6804015,2025,2255400000,year
6804017,2021,2254800000,year
6804017,2022,2254800000,year
6804017,2023,2254800000,year
6804017,2024,2254800000,year
6804017,2025,2254800000,year
6804019,2021,2255600000,year
6804019,2022,2255600000,year
6804019,2023,2255600000,year
6804019,2024,2255600000,year
6804019,2025,2255600000,year
6804021,2021,2253000000,year
6804021,2022,2253000000,year
6804021,2023,2253000000,year
6804021,2024,2253000000,year
6804021,2025,2253000000,year
6804023,2021,2251100000,year
6804023,2022,2251100000,year
6804023,2023,2251100000,year
6804023,2024,2251100000,year
6804023,2025,2251100000,year
6804025,2021,2251200000,year
6804025,2022,2251200000,year
6804025,2023,2251200000,year
6804025,2024,2251200000,year
6804025,2025,2251200000,year
6804027,2021,2251400000,year
6804027,2022,2251400000,year
6804027,2023,2251400000,year
6804027,2024,2251400000,year
6804027,2025,2251400000,year
6804029,2021,2255900000,year
6804029,2022,2255900000,year
6804029,2023,2255900000,year
6804029,2024,2255900000,year
6804029,2025,2255900000,year
6804031,2021,2251500000,year
6804031,2022,2251500000,year
6804031,2023,2251500000,year
6804031,2024,2251500000,year
6804031,2025,2251500000,year
6804033,2021,2251900000,year
6804033,2022,2251900000,year
6804033,2023,2251900000,year
6804033,2024,2251900000,year
6804033,2025,2251900000,year
6804035,2021,2252000000,year
6804035,2022,2252000000,year
6804035,2023,2252000000,year
6804035,2024,2252000000,year
6804035,2025,2252000000,year
6804037,2021,2253200000,year
6804037,2022,2253200000,year
6804037,2023,2253200000,year
6804037,2024,2253200000,year
6804037,2025,2253200000,year
6804039,2021,2255200000,year
6804039,2022,2255200000,year
6804039,2023,2255200000,year
6804039,2024,2255200000,year
6804039,2025,2255200000,year
6804041,2021,2256200000,year
6804041,2022,2256200000,year
6804041,2023,2256200000,year
6804041,2024,2256200000,year
6804041,2025,2256200000,year
6804043,2021,2252100000,year
6804043,2022,2252100000,year
6804043,2023,2252100000,year
6804043,2024,2252100000,year
6804043,2025,2252100000,year
6804045,2021,2256300000,year
6804045,2022,2256300000,year
6804045,2023,2256300000,year
6804045,2024,2256300000,year
6804045,2025,2256300000,year
6804047,2021,2256400000,year
6804047,2022,2256400000,year
6804047,2023,2256400000,year
6804047,2024,2256400000,year
6804047,2025,2256400000,year
6804049,2021,2252200000,year
6804049,2022,2252200000,year
6804049,2023,2252200000,year
6804049,2024,2252200000,year
6804049,2025,2252200000,year
6804051,2021,2256600000,year
6804051,2022,2256600000,year
6804051,2023,2256600000,year
6804051,2024,2256600000,year
6804051,2025,2256600000,year
6804053,2021,2256700000,year
6804053,2022,2256700000,year
6804053,2023,2256700000,year
6804053,2024,2256700000,year
6804053,2025,2256700000,year
6806001,2021,2250100000,year
6806001,2022,2250100000,year
6806001,2023,2250100000,year
6806001,2024,2250100000,year
6806001,2025,2250100000,year
6806003,2021,2254000000,year
6806003,2022,2254000000,year
6806003,2023,2254000000,year
6806003,2024,2254000000,year
6806003,2025,2254000000,year
6806005,2021,2250400000,year
6806005,2022,2250400000,year
6806005,2023,2250400000,year
6806005,2024,2250400000,year
6806005,2025,2250400000,year
6806007,2021,2253300000,year
6806007,2022,2253300000,year
6806007,2023,2253300000,year
6806007,2024,2253300000,year
6806007,2025,2253300000,year
6806009,2021,2255700000,year
6806009,2022,2255700000,year
6806009,2023,2255700000,year
6806009,2024,2255700000,year
6806009,2025,2255700000,year
6806011,2021,2253800000,year
6806011,2022,2253800000,year
6806011,2023,2253800000,year
6806011,2024,2253800000,year
6806011,2025,2253800000,year
6806013,2021,2252500000,year
6806013,2022,2252500000,year
6806013,2023,2252500000,year
6806013,2024,2252500000,year
6806013,2025,2252500000,year
6806015,2021,2256000000,year
6806015,2022,2256000000,year
6806015,2023,2256000000,year
6806015,2024,2256000000,year
6806015,2025,2256000000,year
6806017,2021,2254600000,year
6806017,2022,2254600000,year
6806017,2023,2254600000,year
6806017,2024,2254600000,year
6806017,2025,2254600000,year
6806019,2021,2254700000,year
6806019,2022,2254700000,year
6806019,2023,2254700000,year
6806019,2024,2254700000,year
6806019,2025,2254700000,year
6806021,2021,2251700000,year
6806021,2022,2251700000,year
6806021,2023,2251700000,year
6806021,2024,2251700000,year
6806021,2025,2251700000,year
6806023,2021,2251800000,year
6806023,2022,2251800000,year
6806023,2023,2251800000,year
6806023,2024,2251800000,year
6806023,2025,2251800000,year
6806025,2021,2254900000,year
6806025,2022,2254900000,year
6806025,2023,2254900000,year
6806025,2024,2254900000,year
6806025,2025,2254900000,year
6806027,2021,2254500000,year
6806027,2022,2254500000,year
6806027,2023,2254500000,year
6806027,2024,2254500000,year
6806027,2025,2254500000,year
6806029,2021,2252600000,year
6806029,2022,2252600000,year
6806029,2023,2252600000,year
6806029,2024,2252600000,year
6806029,2025,2252600000,year
6806031,2021,2254300000,year
6806031,2022,2254300000,year
6806031,2023,2254300000,year
6806031,2024,2254300000,year
6806031,2025,2254300000,year
6806033,2021,2256500000,year
6806033,2022,2256500000,year
6806033,2023,2256500000,year
6806033,2024,2256500000,year
6806033,2025,2256500000,year
6806035,2021,2254400000,year
6806035,2022,2254400000,year
6806035,2023,2254400000,year
6806035,2024,2254400000,year
6806035,2025,2254400000,year
7102001,2021,2353100000,year
7102001,2022,2353100000,year
7102001,2023,2353100000,year
7102001,2024,2353100000,year
7102001,2025,2353100000,year
7102003,2021,2356000000,year
7102003,2022,2356000000,year
7102003,2023,2356000000,year
7102003,2024,2356000000,year
7102003,2025,2356000000,year
7102005,2021,2355700000,year
7102005,2022,2355700000,year
7102005,2023,2355700000,year
7102005,2024,2355700000,year
7102005,2025,2355700000,year
7102007,2021,2353300000,year
7102007,2022,2353300000,year
7102007,2023,2353300000,year
7102007,2024,2353300000,year
7102007,2025,2353300000,year
7102009,2021,2353400000,year
7102009,2022,2353400000,year
7102009,2023,2353400000,year
7102009,2024,2353400000,year
7102009,2025,2353400000,year
7102011,2021,2350200000,year
7102011,2022,2350200000,year
7102011,2023,2350200000,year
7102011,2024,2350200000,year
7102011,2025,2350200000,year
7102013,2021,2356400000,year
7102013,2022,2356400000,year
7102013,2023,2356400000,year
7102013,2024,2356400000,year
7102013,2025,2356400000,year
7102015,2021,2356600000,year
7102015,2022,2356600000,year
7102015,2023,2356600000,year
7102015,2024,2356600000,year
7102015,2025,2356600000,year
7102017,2021,2353900000,year
7102017,2022,2353900000,year
7102017,2023,2353900000,year
7102017,2024,2353900000,year
7102017,2025,2353900000,year
7102019,2021,2354000000,year
7102019,2022,2354000000,year
7102019,2023,2354000000,year
7102019,2024,2354000000,year
7102019,2025,2354000000,year
7102021,2021,2352300000,year
7102021,2022,2352300000,year
7102021,2023,2352300000,year
7102021,2024,2352300000,year
7102021,2025,2352300000,year
7102023,2021,2350300000,year
7102023,2022,2350300000,year
7102023,2023,2350300000,year
7102023,2024,2350300000,year
7102023,2025,2350300000,year
7102025,2021,2350700000,year
7102025,2022,2350700000,year
7102025,2023,2350700000,year
7102025,2024,2350700000,year
7102025,2025,2350700000,year
7102027,2021,2350500000,year
7102027,2022,2350500000,year
7102027,2023,2350500000,year
7102027,2024,2350500000,year
7102027,2025,2350500000,year
7102029,2021,2350400000,year
7102029,2022,2350400000,year
7102029,2023,2350400000,year
7102029,2024,2350400000,year
7102029,2025,2350400000,year
7102031,2021,2355300000,year
7102031,2022,2355300000,year
7102031,2023,2355300000,year
7102031,2024,2355300000,year
7102031,2025,2355300000,year
7102033,2021,2350900000,year
7102033,2022,2350900000,year
7102033,2023,2350900000,year
7102033,2024,2350900000,year
7102033,2025,2350900000,year
7104001,2021,2353200000,year
7104001,2022,2353200000,year
7104001,2023,2353200000,year
7104001,2024,2353200000,year
7104001,2025,2353200000,year
7104003,2021,2356100000,year
7104003,2022,2356100000,year
7104003,2023,2356100000,year
7104003,2024,2356100000,year
7104003,2025,2356100000,year
7104005,2021,2356200000,year
7104005,2022,2356200000,year
7104005,2023,2356200000,year
7104005,2024,2356200000,year
7104005,2025,2356200000,year
7104007,2021,2355500000,year
7104007,2022,2355500000,year
7104007,2023,2355500000,year
7104007,2024,2355500000,year
7104007,2025,2355500000,year
7104009,2021,2356500000,year
7104009,2022,2356500000,year
7104009,2023,2356500000,year
7104009,2024,2356500000,year
7104009,2025,2356500000,year
7104011,2021,2352400000,year
7104011,2022,2352400000,year
7104011,2023,2352400000,year
7104011,2024,2352400000,year
7104011,2025,2352400000,year
7104013,2021,2352200000,year
7104013,2022,2352200000,year
7104013,2023,2352200000,year
7104013,2024,2352200000,year
7104013,2025,2352200000,year
7104015,2021,2357100000,year
7104015,2022,2357100000,year
7104015,2023,2357100000,year
7104015,2024,2357100000,year
7104015,2025,2357100000,year
7104017,2021,2357200000,year
7104017,2022,2357200000,year
7104017,2023,2357200000,year
7104017,2024,2357200000,year
7104017,2025,2357200000,year
7104019,2021,2357700000,year
7104019,2022,2357700000,year
7104019,2023,2357700000,year
7104019,2024,2357700000,year
7104019,2025,2357700000,year
7104021,2021,2357800000,year
7104021,2022,2357800000,year
7104021,2023,2357800000,year
7104021,2024,2357800000,year
7104021,2025,2357800000,year
7106001,2021,2355800000,year
7106001,2022,2355800000,year
7106001,2023,2355800000,year
7106001,2024,2355800000,year
7106001,2025,2355800000,year
7106003,2021,2355600000,year
7106003,2022,2355600000,year
7106003,2023,2355600000,year
7106003,2024,2355600000,year
7106003,2025,2355600000,year
7106005,2021,2352600000,year
7106005,2022,2352600000,year
7106005,2023,2352600000,year
7106005,2024,2352600000,year
7106005,2025,2352600000,year
7106007,2021,2353500000,year
7106007,2022,2353500000,year
7106007,2023,2353500000,year
7106007,2024,2353500000,year
7106007,2025,2353500000,year
7106009,2021,2351400000,year
7106009,2022,2351400000,year
7106009,2023,2351400000,year
7106009,2024,2351400000,year
7106009,2025,2351400000,year
7106011,2021,2351900000,year
7106011,2022,2351900000,year
7106011,2023,2351900000,year
7106011,2024,2351900000,year
7106011,2025,2351900000,year
7106013,2021,2353600000,year
7106013,2022,2353600000,year
7106013,2023,2353600000,year
7106013,2024,2353600000,year
7106013,2025,2353600000,year
7106015,2021,2356800000,year
7106015,2022,2356800000,year
7106015,2023,2356800000,year
7106015,2024,2356800000,year
7106015,2025,2356800000,year
7106017,2021,2356900000,year
7106017,2022,2356900000,year
7106017,2023,2356900000,year
7106017,2024,2356900000,year
7106017,2025,2356900000,year
7106019,2021,2352000000,year
7106019,2022,2352000000,year
7106019,2023,2352000000,year
7106019,2024,2352000000,year
7106019,2025,2352000000,year
7106021,2021,2357400000,year
7106021,2022,2357400000,year
7106021,2023,2357400000,year
7106021,2024,2357400000,year
7106021,2025,2357400000,year
7106023,2021,2357500000,year
7106023,2022,2357500000,year
7106023,2023,2357500000,year
7106023,2024,2357500000,year
7106023,2025,2357500000,year
7108001,2021,2352700000,year
7108001,2022,2352700000,year
7108001,2023,2352700000,year
7108001,2024,2352700000,year
7108001,2025,2352700000,year
7108003,2021,2352900000,year
7108003,2022,2352900000,year
7108003,2023,2352900000,year
7108003,2024,2352900000,year
7108003,2025,2352900000,year
7108005,2021,2350100000,year
7108005,2022,2350100000,year
7108005,2023,2350100000,year
7108005,2024,2350100000,year
7108005,2025,2350100000,year
7108007,2021,2353000000,year
7108007,2022,2353000000,year
7108007,2023,2353000000,year
7108007,2024,2353000000,year
7108007,2025,2353000000,year
7108009,2021,2355900000,year
7108009,2022,2355900000,year
7108009,2023,2355900000,year
7108009,2024,2355900000,year
7108009,2025,2355900000,year
7108011,2021,2356300000,year
7108011,2022,2356300000,year
7108011,2023,2356300000,year
7108011,2024,2356300000,year
7108011,2025,2356300000,year
7108013,2021,2351500000,year
7108013,2022,2351500000,year
7108013,2023,2351500000,year
7108013,2024,2351500000,year
7108013,2025,2351500000,year
7108015,2021,2355400000,year
7108015,2022,2355400000,year
7108015,2023,2355400000,year
7108015,2024,2355400000,year
7108015,2025,2355400000,year
7108017,2021,2356700000,year
7108017,2022,2356700000,year
7108017,2023,2356700000,year
7108017,2024,2356700000,year
7108017,2025,2356700000,year
7108019,2021,2353800000,year
7108019,2022,2353800000,year
7108019,2023,2353800000,year
7108019,2024,2353800000,year
7108019,2025,2353800000,year
7108021,2021,2351600000,year
7108021,2022,2351600000,year
7108021,2023,2351600000,year
7108021,2024,2351600000,year
7108021,2025,2351600000,year
7108023,2021,2354200000,year
7108023,2022,2354200000,year
7108023,2023,2354200000,year
7108023,2024,2354200000,year
7108023,2025,2354200000,year
7108025,2021,2352500000,year
7108025,2022,2352500000,year
7108025,2023,2352500000,year
7108025,2024,2352500000,year
7108025,2025,2352500000,year
7108027,2021,2351100000,year
7108027,2022,2351100000,year
7108027,2023,2351100000,year
7108027,2024,2351100000,year
7108027,2025,2351100000,year
7108029,2021,2357000000,year
7108029,2022,2357000000,year
7108029,2023,2357000000,year
7108029,2024,2357000000,year
7108029,2025,2357000000,year
7108031,2021,2350600000,year
7108031,2022,2350600000,year
7108031,2023,2350600000,year
7108031,2024,2350600000,year
7108031,2025,2350600000,year
7108033,2021,2350800000,year
7108033,2022,2350800000,year
7108033,2023,2350800000,year
7108033,2024,2350800000,year
7108033,2025,2350800000,year
7108035,2021,2354600000,year
7108035,2022,2354600000,year
7108035,2023,2354600000,year
7108035,2024,2354600000,year
7108035,2025,2354600000,year
7108037,2021,2354700000,year
7108037,2022,2354700000,year
7108037,2023,2354700000,year
7108037,2024,2354700000,year
7108037,2025,2354700000,year
7108039,2021,2357300000,year
7108039,2022,2357300000,year
7108039,2023,2357300000,year
7108039,2024,2357300000,year
7108039,2025,2357300000,year
7108041,2021,2351000000,year
7108041,2022,2351000000,year
7108041,2023,2351000000,year
7108041,2024,2351000000,year
7108041,2025,2351000000,year
7108043,2021,2352100000,year
7108043,2022,2352100000,year
7108043,2023,2352100000,year
7108043,2024,2352100000,year
7108043,2025,2352100000,year
7108045,2021,2354900000,year
7108045,2022,2354900000,year
7108045,2023,2354900000,year
7108045,2024,2354900000,year
7108045,2025,2354900000,year
7108047,2021,2355100000,year
7108047,2022,2355100000,year
7108047,2023,2355100000,year
7108047,2024,2355100000,year
7108047,2025,2355100000,year
7108049,2021,2357600000,year
7108049,2022,2357600000,year
7108049,2023,2357600000,year
7108049,2024,2357600000,year
7108049,2025,2357600000,year
7108051,2021,2355200000,year
7108051,2022,2355200000,year
7108051,2023,2355200000,year
7108051,2024,2355200000,year
7108051,2025,2355200000,year
7302001,2021,2453800000,year
7302001,2022,2453800000,year
7302001,2023,2453800000,year
7302001,2024,2453800000,year
7302001,2025,2453800000,year
7302003,2021,2453900000,year
7302003,2022,2453900000,year
7302003,2023,2453900000,year
7302003,2024,2453900000,year
7302003,2025,2453900000,year
7302005,2021,2454100000,year
7302005,2022,2454100000,year
7302005,2023,2454100000,year
7302005,2024,2454100000,year
7302005,2025,2454100000,year
7302007,2021,2451100000,year
7302007,2022,2451100000,year
7302007,2023,2451100000,year
7302007,2024,2451100000,year
7302007,2025,2451100000,year
7302009,2021,2451200000,year
7302009,2022,2451200000,year
7302009,2023,2451200000,year
7302009,2024,2451200000,year
7302009,2025,2451200000,year
7302011,2021,2451700000,year
7302011,2022,2451700000,year
7302011,2023,2451700000,year
7302011,2024,2451700000,year
7302011,2025,2451700000,year
7302013,2021,2454900000,year
7302013,2022,2454900000,year
7302013,2023,2454900000,year
7302013,2024,2454900000,year
7302013,2025,2454900000,year
7302015,2021,2451800000,year
7302015,2022,2451800000,year
7302015,2023,2451800000,year
7302015,2024,2451800000,year
7302015,2025,2451800000,year
7302017,2021,2451000000,year
7302017,2022,2451000000,year
7302017,2023,2451000000,year
7302017,2024,2451000000,year
7302017,2025,2451000000,year
7304001,2021,2450100000,year
7304001,2022,2450100000,year
7304001,2023,2450100000,year
7304001,2024,2450100000,year
7304001,2025,2450100000,year
7304003,2021,2454600000,year
7304003,2022,2454600000,year
7304003,2023,2454600000,year
7304003,2024,2454600000,year
7304003,2025,2454600000,year
7304005,2021,2450500000,year
7304005,2022,2450500000,year
7304005,2023,2450500000,year
7304005,2024,2450500000,year
7304005,2025,2450500000,year
7304007,2021,2454700000,year
7304007,2022,2454700000,year
7304007,2023,2454700000,year
7304007,2024,2454700000,year
7304007,2025,2454700000,year
7304009,2021,2450600000,year
7304009,2022,2450600000,year
7304009,2023,2450600000,year
7304009,2024,2450600000,year
7304009,2025,2450600000,year
7304011,2021,2450700000,year
7304011,2022,2450700000,year
7304011,2023,2450700000,year
7304011,2024,2450700000,year
7304011,2025,2450700000,year
7304013,2021,2453300000,year
7304013,2022,2453300000,year
7304013,2023,2453300000,year
7304013,2024,2453300000,year
7304013,2025,2453300000,year
7304015,2021,2450800000,year
7304015,2022,2450800000,year
7304015,2023,2450800000,year
7304015,2024,2450800000,year
7304015,2025,2450800000,year
7304017,2021,2450900000,year
7304017,2022,2450900000,year
7304017,2023,2450900000,year
7304017,2024,2450900000,year
7304017,2025,2450900000,year
7304019,2021,2453100000,year
7304019,2022,2453100000,year
7304019,2023,2453100000,year
7304019,2024,2453100000,year
7304019,2025,2453100000,year
7306001,2021,2454000000,year
7306001,2022,2454000000,year
7306001,2023,2454000000,year
7306001,2024,2454000000,year
7306001,2025,2454000000,year
7306003,2021,2453400000,year
7306003,2022,2453400000,year
7306003,2023,2453400000,year
7306003,2024,2453400000,year
7306003,2025,2453400000,year
7306005,2021,2450200000,year
7306005,2022,2450200000,year
7306005,2023,2450200000,year
7306005,2024,2450200000,year
7306005,2025,2450200000,year
7306007,2021,2454200000,year
7306007,2022,2454200000,year
7306007,2023,2454200000,year
7306007,2024,2454200000,year
7306007,2025,2454200000,year
7306009,2021,2452300000,year
7306009,2022,2452300000,year
7306009,2023,2452300000,year
7306009,2024,2452300000,year
7306009,2025,2452300000,year
7306011,2021,2450300000,year
7306011,2022,2450300000,year
7306011,2023,2450300000,year
7306011,2024,2450300000,year
7306011,2025,2450300000,year
7306013,2021,2452700000,year
7306013,2022,2452700000,year
7306013,2023,2452700000,year
7306013,2024,2452700000,year
7306013,2025,2452700000,year
7306015,2021,2450400000,year
7306015,2022,2450400000,year
7306015,2023,2450400000,year
7306015,2024,2450400000,year
7306015,2025,2450400000,year
7306017,2021,2454300000,year
7306017,2022,2454300000,year
7306017,2023,2454300000,year
7306017,2024,2454300000,year
7306017,2025,2454300000,year
7306019,2021,2452800000,year
7306019,2022,2452800000,year
7306019,2023,2452800000,year
7306019,2024,2452800000,year
7306019,2025,2452800000,year
7306021,2021,2453700000,year
7306021,2022,2453700000,year
7306021,2023,2453700000,year
7306021,2024,2453700000,year
7306021,2025,2453700000,year
7306023,2021,2454400000,year
7306023,2022,2454400000,year
7306023,2023,2454400000,year
7306023,2024,2454400000,year
7306023,2025,2454400000,year
7306025,2021,2454500000,year
7306025,2022,2454500000,year
7306025,2023,2454500000,year
7306025,2024,2454500000,year
7306025,2025,2454500000,year
7306027,2021,2453500000,year
7306027,2022,2453500000,year
7306027,2023,2453500000,year
7306027,2024,2453500000,year
7306027,2025,2453500000,year
7306029,2021,2452100000,year
7306029,2022,2452100000,year
7306029,2023,2452100000,year
7306029,2024,2452100000,year
7306029,2025,2452100000,year
7306031,2021,2452500000,year
7306031,2022,2452500000,year
7306031,2023,2452500000,year
7306031,2024,2452500000,year
7306031,2025,2452500000,year
7306033,2021,2451400000,year
7306033,2022,2451400000,year
7306033,2023,2451400000,year
7306033,2024,2451400000,year
7306033,2025,2451400000,year
7306035,2021,2452200000,year
7306035,2022,2452200000,year
7306035,2023,2452200000,year
7306035,2024,2452200000,year
7306035,2025,2452200000,year
7306037,2021,2452000000,year
7306037,2022,2452000000,year
7306037,2023,2452000000,year
7306037,2024,2452000000,year
7306037,2025,2452000000,year
7306039,2021,2452900000,year
7306039,2022,2452900000,year
7306039,2023,2452900000,year
7306039,2024,2452900000,year
7306039,2025,2452900000,year
7306041,2021,2452600000,year
7306041,2022,2452600000,year
7306041,2023,2452600000,year
7306041,2024,2452600000,year
7306041,2025,2452600000,year
7306043,2021,2451900000,year
7306043,2022,2451900000,year
7306043,2023,2451900000,year
7306043,2024,2451900000,year
7306043,2025,2451900000,year
7306045,2021,2454800000,year
7306045,2022,2454800000,year
7306045,2023,2454800000,year
7306045,2024,2454800000,year
7306045,2025,2454800000,year
7306047,2021,2453000000,year
7306047,2022,2453000000,year
7306047,2023,2453000000,year
7306047,2024,2453000000,year
7306047,2025,2453000000,year
7306049,2021,2451300000,year
7306049,2022,2451300000,year
7306049,2023,2451300000,year
7306049,2024,2451300000,year
7306049,2025,2451300000,year
7306051,2021,2453600000,year
7306051,2022,2453600000,year
7306051,2023,2453600000,year
7306051,2024,2453600000,year
7306051,2025,2453600000,year
7306053,2021,2455000000,year
7306053,2022,2455000000,year
7306053,2023,2455000000,year
7306053,2024,2455000000,year
7306053,2025,2455000000,year
7306055,2021,2451500000,year
7306055,2022,2451500000,year
7306055,2023,2451500000,year
7306055,2024,2451500000,year
7306055,2025,2451500000,year
7306057,2021,2455100000,year
7306057,2022,2455100000,year
7306057,2023,2455100000,year
7306057,2024,2455100000,year
7306057,2025,2455100000,year
7306059,2021,2453200000,year
7306059,2022,2453200000,year
7306059,2023,2453200000,year
7306059,2024,2453200000,year
7306059,2025,2453200000,year
7306061,2021,2455200000,year
7306061,2022,2455200000,year
7306061,2023,2455200000,year
7306061,2024,2455200000,year
7306061,2025,2455200000,year
7306063,2021,2451600000,year
7306063,2022,2451600000,year
7306063,2023,2451600000,year
7306063,2024,2451600000,year
7306063,2025,2451600000,year
7306065,2021,2452400000,year
7306065,2022,2452400000,year
7306065,2023,2452400000,year
7306065,2024,2452400000,year
7306065,2025,2452400000,year
7402001,2021,2550700000,year
7402001,2022,2550700000,year
7402001,2023,2550700000,year
7402001,2024,2550700000,year
7402001,2025,2550700000,year
7402003,2021,2551700000,year
7402003,2022,2551700000,year
7402003,2023,2551700000,year
7402003,2024,2551700000,year
7402003,2025,2551700000,year
7402005,2021,2551000000,year
7402005,2022,2551000000,year
7402005,2023,2551000000,year
7402005,2024,2551000000,year
7402005,2025,2551000000,year
7402007,2021,2552900000,year
7402007,2022,2552900000,year
7402007,2023,2552900000,year
7402007,2024,2552900000,year
7402007,2025,2552900000,year
7402009,2021,2553200000,year
7402009,2022,2553200000,year
7402009,2023,2553200000,year
7402009,2024,2553200000,year
7402009,2025,2553200000,year
7404001,2021,2550600000,year
7404001,2022,2550600000,year
7404001,2023,2550600000,year
7404001,2024,2550600000,year
7404001,2025,2550600000,year
7404003,2021,2555100000,year
7404003,2022,2555100000,year
7404003,2023,2555100000,year
7404003,2024,2555100000,year
7404003,2025,2555100000,year
7404005,2021,2552100000,year
7404005,2022,2552100000,year
7404005,2023,2552100000,year
7404005,2024,2552100000,year
7404005,2025,2552100000,year
7404007,2021,2554000000,year
7404007,2022,2554000000,year
7404007,2023,2554000000,year
7404007,2024,2554000000,year
7404007,2025,2554000000,year
7404009,2021,2550100000,year
7404009,2022,2550100000,year
7404009,2023,2550100000,year
7404009,2024,2550100000,year
7404009,2025,2550100000,year
7404011,2021,2553400000,year
7404011,2022,2553400000,year
7404011,2023,2553400000,year
7404011,2024,2553400000,year
7404011,2025,2553400000,year
7404013,2021,2555300000,year
7404013,2022,2555300000,year
7404013,2023,2555300000,year
7404013,2024,2555300000,year
7404013,2025,2555300000,year
7404015,2021,2551900000,year
7404015,2022,2551900000,year
7404015,2023,2551900000,year
7404015,2024,2551900000,year
7404015,2025,2551900000,year
7404017,2021,2555400000,year
7404017,2022,2555400000,year
7404017,2023,2555400000,year
7404017,2024,2555400000,year
7404017,2025,2555400000,year
7404019,2021,2551300000,year
7404019,2022,2551300000,year
7404019,2023,2551300000,year
7404019,2024,2551300000,year
7404019,2025,2551300000,year
7404021,2021,2550400000,year
7404021,2022,2550400000,year
7404021,2023,2550400000,year
7404021,2024,2550400000,year
7404021,2025,2550400000,year
7404023,2021,2551600000,year
7404023,2022,2551600000,year
7404023,2023,2551600000,year
7404023,2024,2551600000,year
7404023,2025,2551600000,year
7404025,2021,2553800000,year
7404025,2022,2553800000,year
7404025,2023,2553800000,year
7404025,2024,2553800000,year
7404025,2025,2553800000,year
7404027,2021,2552000000,year
7404027,2022,2552000000,year
7404027,2023,2552000000,year
7404027,2024,2552000000,year
7404027,2025,2552000000,year
7404029,2021,2550800000,year
7404029,2022,2550800000,year
7404029,2023,2550800000,year
7404029,2024,2550800000,year
7404029,2025,2550800000,year
7404031,2021,2552200000,year
7404031,2022,2552200000,year
7404031,2023,2552200000,year
7404031,2024,2552200000,year
7404031,2025,2552200000,year
7404033,2021,2555000000,latest
7404033,2022,2555000000,year
7404033,2023,2555000000,year
7404033,2024,2555000000,year
7404033,2025,2555000000,year
7406001,2021,2551200000,year
7406001,2022,2551200000,year
7406001,2023,2551200000,year
7406001,2024,2551200000,year
7406001,2025,2551200000,year
7406003,2021,2553900000,year
7406003,2022,2553900000,year
7406003,2023,2553900000,year
7406003,2024,2553900000,year
7406003,2025,2553900000,year
7406005,2021,2554800000,year
7406005,2022,2554800000,year
7406005,2023,2554800000,year
7406005,2024,2554800000,year
7406005,2025,2554800000,year
7406007,2021,2552800000,year
7406007,2022,2552800000,year
7406007,2023,2552800000,year
7406007,2024,2552800000,year
7406007,2025,2552800000,year
7408001,2021,2553500000,year
7408001,2022,2553500000,year
7408001,2023,2553500000,year
7408001,2024,2553500000,year
7408001,2025,2553500000,year
7408003,2021,2552400000,year
7408003,2022,2552400000,year
7408003,2023,2552400000,year
7408003,2024,2552400000,year
7408003,2025,2552400000,year
7408005,2021,2555500000,year
7408005,2022,2555500000,year
7408005,2023,2555500000,year
7408005,2024,2555500000,year
7408005,2025,2555500000,year
7408007,2021,2553700000,year
7408007,2022,2553700000,year
7408007,2023,2553700000,year
7408007,2024,2553700000,year
7408007,2025,2553700000,year
7408009,2021,2552600000,year
7408009,2022,2552600000,year
7408009,2023,2552600000,year
7408009,2024,2552600000,year
7408009,2025,2552600000,year
7408011,2021,2550500000,year
7408011,2022,2550500000,year
7408011,2023,2550500000,year
7408011,2024,2550500000,year
7408011,2025,2550500000,year
7408013,2021,2555600000,year
7408013,2022,2555600000,year
7408013,2023,2555600000,year
7408013,2024,2555600000,year
7408013,2025,2555600000,year
7408015,2021,2553000000,year
7408015,2022,2553000000,year
7408015,2023,2553000000,year
7408015,2024,2553000000,year
7408015,2025,2553000000,year
7408017,2021,2554900000,year
7408017,2022,2554900000,year
7408017,2023,2554900000,year
7408017,2024,2554900000,year
7408017,2025,2554900000,year
7408019,2021,2553100000,latest
7408019,2022,2553100000,year
7408019,2023,2553100000,year
7408019,2024,2553100000,year
7408019,2025,2553100000,year
7408021,2021,2556000000,year
7408021,2022,2556000000,year
7408021,2023,2556000000,year
7408021,2024,2556000000,year
7408021,2025,2556000000,year
7410001,2021,2555200000,year
7410001,2022,2555200000,year
7410001,2023,2555200000,year
7410001,2024,2555200000,year
7410001,2025,2555200000,year
7410003,2021,2551100000,year
7410003,2022,2551100000,year
7410003,2023,2551100000,year
7410003,2024,2551100000,year
7410003,2025,2551100000,year
7410005,2021,2553600000,year
7410005,2022,2553600000,year
7410005,2023,2553600000,year
7410005,2024,2553600000,year
7410005,2025,2553600000,year
7410007,2021,2550200000,year
7410007,2022,2550200000,year
7410007,2023,2550200000,year
7410007,2024,2550200000,year
7410007,2025,2550200000,year
7410009,2021,2554600000,year
7410009,2022,2554600000,year
7410009,2023,2554600000,year
7410009,2024,2554600000,year
7410009,2025,2554600000,year
7410011,2021,2551500000,year
7410011,2022,2551500000,year
7410011,2023,2551500000,year
7410011,2024,2551500000,year
7410011,2025,2551500000,year
7410013,2021,2554200000,year
7410013,2022,2554200000,year
7410013,2023,2554200000,year
7410013,2024,2554200000,year
7410013,2025,2554200000,year
7410015,2021,2554700000,year
7410015,2022,2554700000,year
7410015,2023,2554700000,year
7410015,2024,2554700000,year
7410015,2025,2554700000,year
7410017,2021,2550300000,year
7410017,2022,2550300000,year
7410017,2023,2550300000,year
7410017,2024,2550300000,year
7410017,2025,2550300000,year
7410019,2021,2551800000,year
7410019,2022,2551800000,year
7410019,2023,2551800000,year
7410019,2024,2551800000,year
7410019,2025,2551800000,year
7410021,2021,2552500000,year
7410021,2022,2552500000,year
7410021,2023,2552500000,year
7410021,2024,2552500000,year
7410021,2025,2552500000,year
7410023,2021,2552700000,year
7410023,2022,2552700000,year
7410023,2023,2552700000,year
7410023,2024,2552700000,year
7410023,2025,2552700000,year
7410025,2021,2551400000,year
7410025,2022,2551400000,year
7410025,2023,2551400000,year
7410025,2024,2551400000,year
7410025,2025,2551400000,year
7410027,2021,2554100000,year
7410027,2022,2554100000,year
7410027,2023,2554100000,year
7410027,2024,2554100000,year
7410027,2025,2554100000,year
7410029,2021,2553300000,year
7410029,2022,2553300000,year
7410029,2023,2553300000,year
7410029,2024,2553300000,year
7410029,2025,2553300000,year
7410031,2021,2550900000,year
7410031,2022,2550900000,year
7410031,2023,2550900000,year
7410031,2024,2550900000,year
7410031,2025,2550900000,year
7410033,2021,2555700000,year
7410033,2022,2555700000,year
7410033,2023,2555700000,year
7410033,2024,2555700000,year
7410033,2025,2555700000,year
7410035,2021,2555800000,year
7410035,2022,2555800000,year
7410035,2023,2555800000,year
7410035,2024,2555800000,year
7410035,2025,2555800000,year
7410037,2021,2552300000,year
7410037,2022,2552300000,year
7410037,2023,2552300000,year
7410037,2024,2552300000,year
7410037,2025,2552300000,year
7410039,2021,2555900000,year
7410039,2022,2555900000,year
7410039,2023,2555900000,year
7410039,2024,2555900000,year
7410039,2025,2555900000,year
8000000,2021,2600000000,latest
8000000,2022,2600000000,year
8000000,2023,2600000000,year
8000000,2024,2600000000,year
8000000,2025,2600000000,year
