outcome,k,configuration,conditions,signs,consistency,coverage,crisp_n,crisp_n_outcome,crisp_precision,crisp_recall,cov_west,cov_centre,cov_south,cov_east,cov_carpathian,regions_ok,excess,above_ceiling,passes,retained,sharpens,regional_ok
faltered,1,small,small,1,0.717,0.545,169,46,0.529,0.348,0.348,0.333,0.318,0.438,0.433,4,-0.012,False,False,False,,True
faltered,1,NOT autonomy,autonomy,0,0.711,0.575,197,55,0.519,0.417,0.283,0.479,0.409,0.625,0.333,4,-0.018,False,False,False,,True
faltered,1,local_tax_base,local_tax_base,1,0.694,0.654,233,62,0.554,0.47,0.478,0.521,0.364,0.438,0.5,4,-0.035,False,False,False,,True
faltered,1,NOT extracurricular,extracurricular,0,0.693,0.584,206,53,0.5,0.402,0.435,0.5,0.136,0.375,0.533,3,-0.036,False,False,False,,True
faltered,1,education,education,1,0.692,0.606,202,53,0.515,0.402,0.326,0.354,0.5,0.625,0.367,4,-0.037,False,False,False,,True
faltered,1,NOT contestation,contestation,0,0.689,0.608,230,60,0.504,0.455,0.435,0.417,0.455,0.625,0.433,4,-0.04,False,False,False,,True
faltered,1,NOT investment,investment,0,0.684,0.594,220,59,0.527,0.447,0.348,0.458,0.5,0.625,0.3,4,-0.045,False,False,False,,True
faltered,1,single_tax,single_tax,1,0.682,0.683,256,73,0.579,0.553,0.652,0.458,0.5,0.625,0.667,4,-0.047,False,False,False,,True
faltered,1,property_tax,property_tax,1,0.681,0.67,249,68,0.553,0.515,0.652,0.5,0.409,0.312,0.633,4,-0.048,False,False,False,,True
faltered,1,social,social,1,0.677,0.708,283,73,0.497,0.553,0.609,0.438,0.591,0.688,0.6,4,-0.052,False,False,False,,True
faltered,1,NOT balance,balance,0,0.677,0.62,231,51,0.515,0.386,0.283,0.5,0.409,0.312,0.3,4,-0.052,False,False,False,,True
faltered,1,NOT social,social,0,0.673,0.642,246,59,0.504,0.447,0.391,0.562,0.409,0.312,0.4,4,-0.056,False,False,False,,True
faltered,1,culture,culture,1,0.666,0.623,233,61,0.496,0.462,0.5,0.333,0.591,0.562,0.5,4,-0.063,False,False,False,,True
faltered,1,NOT payroll_pit,payroll_pit,0,0.661,0.638,259,58,0.439,0.439,0.348,0.479,0.455,0.562,0.367,4,-0.068,False,False,False,,True
faltered,1,payroll_pit,payroll_pit,1,0.66,0.684,270,74,0.561,0.561,0.652,0.521,0.545,0.438,0.633,4,-0.069,False,False,False,,True
faltered,1,balance,balance,1,0.654,0.71,298,81,0.491,0.614,0.717,0.5,0.591,0.688,0.7,4,-0.075,False,False,False,,True
faltered,1,extracurricular,extracurricular,1,0.652,0.755,323,79,0.5,0.598,0.565,0.5,0.864,0.625,0.467,4,-0.077,False,False,False,,True
faltered,1,investment,investment,1,0.65,0.736,309,73,0.48,0.553,0.652,0.542,0.5,0.375,0.7,4,-0.079,False,False,False,,True
faltered,1,NOT culture,culture,0,0.649,0.691,296,71,0.504,0.538,0.5,0.667,0.409,0.438,0.5,4,-0.08,False,False,False,,True
faltered,1,contestation,contestation,1,0.644,0.72,299,72,0.497,0.545,0.565,0.583,0.545,0.375,0.567,4,-0.085,False,False,False,,True
faltered,1,NOT property_tax,property_tax,0,0.644,0.654,280,64,0.454,0.485,0.348,0.5,0.591,0.688,0.367,4,-0.085,False,False,False,,True
faltered,1,NOT single_tax,single_tax,0,0.644,0.643,273,59,0.428,0.447,0.348,0.542,0.5,0.375,0.333,4,-0.085,False,False,False,,True
faltered,1,NOT local_tax_base,local_tax_base,0,0.641,0.678,296,70,0.461,0.53,0.522,0.479,0.636,0.562,0.5,4,-0.088,False,False,False,,True
faltered,1,NOT education,education,0,0.637,0.716,327,79,0.491,0.598,0.674,0.646,0.5,0.375,0.633,4,-0.092,False,False,False,,True
faltered,1,NOT small,small,0,0.629,0.78,360,86,0.486,0.652,0.652,0.667,0.682,0.562,0.567,4,-0.1,False,False,False,,True
faltered,1,autonomy,autonomy,1,0.627,0.747,332,77,0.487,0.583,0.717,0.521,0.591,0.375,0.667,4,-0.102,False,False,False,,True
faltered,2,property_tax AND NOT autonomy,property_tax;autonomy,10,0.832,0.399,52,18,0.6,0.136,0.109,0.167,0.136,0.125,0.1,4,-0.008,False,False,False,,True
faltered,2,payroll_pit AND NOT autonomy,payroll_pit;autonomy,10,0.83,0.387,38,13,0.684,0.098,0.087,0.083,0.091,0.188,0.1,4,-0.01,False,False,False,,True
faltered,2,single_tax AND NOT payroll_pit,single_tax;payroll_pit,10,0.822,0.43,61,17,0.586,0.129,0.13,0.104,0.091,0.25,0.133,4,-0.018,False,False,False,,True
faltered,2,NOT payroll_pit AND education,payroll_pit;education,01,0.821,0.393,51,9,0.375,0.068,0.022,0.042,0.136,0.188,0.033,3,-0.019,False,False,False,,True
faltered,2,property_tax AND NOT payroll_pit,property_tax;payroll_pit,10,0.819,0.426,62,17,0.515,0.129,0.13,0.146,0.136,0.062,0.133,3,-0.021,False,False,False,,True
faltered,2,single_tax AND NOT autonomy,single_tax;autonomy,10,0.816,0.42,66,23,0.639,0.174,0.152,0.125,0.182,0.375,0.167,4,-0.024,False,False,False,,True
faltered,2,NOT education AND small,education;small,01,0.815,0.396,49,16,0.615,0.121,0.109,0.167,0.045,0.125,0.167,3,-0.025,False,False,False,,True
faltered,2,NOT property_tax AND education,property_tax;education,01,0.813,0.42,62,16,0.552,0.121,0.022,0.104,0.227,0.312,0.033,3,-0.027,False,False,False,,True
faltered,2,NOT culture AND education,culture;education,01,0.813,0.42,61,16,0.615,0.121,0.13,0.083,0.136,0.188,0.133,4,-0.027,False,False,False,,True
faltered,2,NOT autonomy AND small,autonomy;small,01,0.81,0.394,65,20,0.541,0.152,0.152,0.125,0.136,0.25,0.2,4,-0.03,False,False,False,,True
faltered,2,NOT payroll_pit AND small,payroll_pit;small,01,0.809,0.383,59,15,0.441,0.114,0.109,0.104,0.045,0.25,0.167,3,-0.031,False,False,False,,True
faltered,2,NOT autonomy AND culture,autonomy;culture,01,0.808,0.411,67,24,0.615,0.182,0.152,0.104,0.273,0.375,0.133,4,-0.032,False,False,False,,True
faltered,2,NOT property_tax AND small,property_tax;small,01,0.807,0.379,48,13,0.5,0.098,0.065,0.104,0.091,0.188,0.1,4,-0.033,False,False,False,,True
faltered,2,local_tax_base AND payroll_pit,local_tax_base;payroll_pit,11,0.806,0.471,90,25,0.676,0.189,0.217,0.208,0.182,0.062,0.2,3,-0.034,False,False,False,,True
faltered,2,NOT autonomy AND education,autonomy;education,01,0.805,0.417,71,20,0.588,0.152,0.109,0.104,0.182,0.375,0.133,4,-0.035,False,False,False,,True
faltered,2,social AND NOT balance,social;balance,10,0.801,0.48,98,22,0.512,0.167,0.152,0.188,0.182,0.125,0.2,4,-0.039,False,False,False,,True
faltered,2,NOT payroll_pit AND culture,payroll_pit;culture,01,0.801,0.413,69,17,0.415,0.129,0.13,0.042,0.273,0.188,0.1,3,-0.039,False,False,False,,True
faltered,2,NOT single_tax AND education,single_tax;education,01,0.801,0.396,48,11,0.458,0.083,0.087,0.062,0.136,0.062,0.1,4,-0.039,False,False,False,,True
faltered,2,education AND NOT small,education;small,10,0.799,0.48,82,23,0.548,0.174,0.087,0.188,0.227,0.312,0.1,3,-0.041,False,False,False,,True
faltered,2,property_tax AND NOT culture,property_tax;culture,10,0.798,0.471,91,27,0.675,0.205,0.283,0.25,0.091,0.0,0.233,2,-0.042,False,False,False,,False
faltered,2,education AND NOT balance,education;balance,10,0.798,0.413,77,14,0.424,0.106,0.065,0.104,0.182,0.125,0.067,4,-0.042,False,False,False,,True
faltered,2,NOT culture AND small,culture;small,01,0.798,0.392,64,17,0.567,0.129,0.109,0.188,0.045,0.125,0.133,3,-0.042,False,False,False,,True
faltered,2,single_tax AND NOT balance,single_tax;balance,10,0.797,0.464,93,23,0.575,0.174,0.174,0.167,0.227,0.125,0.167,4,-0.043,False,False,False,,True
faltered,2,NOT social AND education,social;education,01,0.797,0.42,62,14,0.5,0.106,0.087,0.104,0.182,0.062,0.1,4,-0.043,False,False,False,,True
faltered,2,NOT investment AND small,investment;small,01,0.797,0.398,66,21,0.6,0.159,0.174,0.125,0.091,0.312,0.2,4,-0.043,False,False,False,,True
faltered,2,property_tax AND NOT investment,property_tax;investment,10,0.796,0.443,88,26,0.591,0.197,0.196,0.188,0.227,0.188,0.167,4,-0.044,False,False,False,,True
faltered,2,property_tax AND NOT balance,property_tax;balance,10,0.795,0.469,98,28,0.609,0.212,0.196,0.292,0.136,0.125,0.167,4,-0.045,False,False,False,,True
faltered,2,property_tax AND NOT social,property_tax;social,10,0.795,0.452,72,20,0.571,0.152,0.174,0.208,0.091,0.0,0.167,3,-0.045,False,False,False,,True
faltered,2,single_tax AND NOT education,single_tax;education,10,0.794,0.492,102,31,0.66,0.235,0.413,0.167,0.136,0.062,0.4,3,-0.046,False,False,False,,True
faltered,2,NOT property_tax AND single_tax,property_tax;single_tax,01,0.794,0.462,91,27,0.6,0.205,0.174,0.188,0.227,0.312,0.233,4,-0.046,False,False,False,,True
faltered,2,NOT payroll_pit AND social,payroll_pit;social,01,0.791,0.456,87,17,0.354,0.129,0.109,0.062,0.227,0.25,0.1,3,-0.049,False,False,False,,True
faltered,2,extracurricular AND small,extracurricular;small,11,0.791,0.433,66,20,0.606,0.152,0.174,0.083,0.182,0.25,0.167,4,-0.049,False,False,False,,True
faltered,2,property_tax AND NOT education,property_tax;education,10,0.79,0.494,109,31,0.633,0.235,0.348,0.25,0.136,0.0,0.3,3,-0.05,False,False,False,,True
faltered,2,single_tax AND NOT culture,single_tax;culture,10,0.79,0.48,99,26,0.591,0.197,0.304,0.146,0.091,0.188,0.333,3,-0.05,False,False,False,,True
faltered,2,NOT autonomy AND social,autonomy;social,01,0.79,0.43,80,22,0.5,0.167,0.13,0.104,0.227,0.375,0.133,4,-0.05,False,False,False,,True
faltered,2,NOT investment AND education,investment;education,01,0.79,0.428,79,24,0.615,0.182,0.13,0.125,0.182,0.5,0.133,4,-0.05,False,False,False,,True
faltered,2,culture AND NOT balance,culture;balance,10,0.79,0.416,77,15,0.455,0.114,0.065,0.104,0.182,0.188,0.1,4,-0.05,False,False,False,,True
faltered,2,NOT single_tax AND small,single_tax;small,01,0.79,0.374,53,16,0.485,0.121,0.13,0.146,0.045,0.125,0.2,3,-0.05,False,False,False,,True
faltered,2,single_tax AND NOT social,single_tax;social,10,0.789,0.461,92,23,0.548,0.174,0.174,0.208,0.136,0.125,0.133,4,-0.051,False,False,False,,True
faltered,2,NOT property_tax AND payroll_pit,property_tax;payroll_pit,01,0.789,0.451,83,23,0.548,0.174,0.13,0.167,0.273,0.188,0.133,4,-0.051,False,False,False,,True
faltered,2,single_tax AND NOT investment,single_tax;investment,10,0.789,0.451,97,30,0.612,0.227,0.217,0.167,0.227,0.438,0.167,4,-0.051,False,False,False,,True
faltered,2,NOT extracurricular AND balance,extracurricular;balance,01,0.789,0.443,88,26,0.51,0.197,0.304,0.146,0.091,0.188,0.4,3,-0.051,False,False,False,,True
faltered,2,extracurricular AND NOT balance,extracurricular;balance,10,0.788,0.5,113,24,0.545,0.182,0.152,0.146,0.364,0.125,0.167,4,-0.052,False,False,False,,True
faltered,2,local_tax_base AND education,local_tax_base;education,11,0.788,0.466,93,25,0.556,0.189,0.196,0.167,0.227,0.188,0.2,4,-0.052,False,False,False,,True
faltered,2,payroll_pit AND NOT social,payroll_pit;social,10,0.788,0.446,74,18,0.545,0.136,0.152,0.146,0.182,0.0,0.133,3,-0.052,False,False,False,,True
faltered,2,NOT social AND culture,social;culture,01,0.788,0.427,70,18,0.5,0.136,0.152,0.104,0.182,0.125,0.167,4,-0.052,False,False,False,,True
faltered,2,NOT autonomy AND NOT extracurricular,autonomy;extracurricular,00,0.788,0.414,86,28,0.609,0.212,0.174,0.292,0.091,0.25,0.233,3,-0.052,False,False,False,,True
faltered,2,NOT social AND small,social;small,01,0.788,0.413,76,22,0.595,0.167,0.152,0.188,0.136,0.188,0.2,4,-0.052,False,False,False,,True
faltered,2,property_tax AND NOT single_tax,property_tax;single_tax,10,0.787,0.444,84,22,0.524,0.167,0.174,0.229,0.136,0.0,0.2,3,-0.053,False,False,False,,True
faltered,2,NOT autonomy AND investment,autonomy;investment,01,0.786,0.454,98,25,0.472,0.189,0.109,0.25,0.273,0.125,0.167,4,-0.054,False,False,False,,True
faltered,2,contestation AND small,contestation;small,11,0.786,0.436,87,29,0.63,0.22,0.239,0.229,0.182,0.188,0.3,4,-0.054,False,False,False,,True
faltered,2,NOT property_tax AND culture,property_tax;culture,01,0.786,0.426,75,20,0.5,0.152,0.13,0.083,0.273,0.25,0.1,4,-0.054,False,False,False,,True
faltered,2,social AND NOT culture,social;culture,10,0.784,0.511,120,30,0.5,0.227,0.261,0.208,0.182,0.25,0.267,4,-0.056,False,False,False,,True
faltered,2,local_tax_base AND NOT property_tax,local_tax_base;property_tax,10,0.784,0.458,92,21,0.467,0.159,0.13,0.188,0.045,0.312,0.167,3,-0.056,False,False,False,,True
faltered,2,NOT autonomy AND NOT contestation,autonomy;contestation,00,0.784,0.427,96,27,0.5,0.205,0.087,0.229,0.182,0.5,0.133,3,-0.056,False,False,False,,True
faltered,2,local_tax_base AND extracurricular,local_tax_base;extracurricular,11,0.783,0.522,112,30,0.566,0.227,0.152,0.25,0.318,0.25,0.1,4,-0.057,False,False,False,,True
faltered,2,NOT balance AND small,balance;small,01,0.783,0.414,89,22,0.489,0.167,0.109,0.229,0.091,0.25,0.133,4,-0.057,False,False,False,,True
faltered,2,payroll_pit AND NOT balance,payroll_pit;balance,10,0.782,0.465,104,28,0.622,0.212,0.174,0.271,0.273,0.062,0.167,3,-0.058,False,False,False,,True
faltered,2,NOT extracurricular AND NOT small,extracurricular;small,00,0.781,0.491,103,27,0.519,0.205,0.261,0.25,0.0,0.188,0.267,3,-0.059,False,False,False,,True
faltered,2,payroll_pit AND NOT culture,payroll_pit;culture,10,0.781,0.481,106,30,0.6,0.227,0.283,0.229,0.227,0.062,0.233,3,-0.059,False,False,False,,True
faltered,2,NOT single_tax AND payroll_pit,single_tax;payroll_pit,01,0.781,0.435,75,18,0.514,0.136,0.13,0.167,0.136,0.062,0.1,3,-0.059,False,False,False,,True
faltered,2,balance AND small,balance;small,11,0.781,0.435,80,24,0.571,0.182,0.239,0.104,0.227,0.188,0.3,4,-0.059,False,False,False,,True
faltered,2,local_tax_base AND NOT autonomy,local_tax_base;autonomy,10,0.78,0.468,110,34,0.557,0.258,0.196,0.312,0.182,0.375,0.2,4,-0.06,False,False,False,,True
faltered,2,local_tax_base AND small,local_tax_base;small,11,0.78,0.456,104,29,0.547,0.22,0.261,0.188,0.136,0.312,0.3,4,-0.06,False,False,False,,True
faltered,2,property_tax AND NOT small,property_tax;small,10,0.779,0.54,128,35,0.565,0.265,0.37,0.271,0.182,0.062,0.3,3,-0.061,False,False,False,,True
faltered,2,local_tax_base AND NOT balance,local_tax_base;balance,10,0.779,0.48,115,26,0.553,0.197,0.13,0.271,0.182,0.188,0.1,4,-0.061,False,False,False,,True
faltered,2,local_tax_base AND NOT investment,local_tax_base;investment,10,0.779,0.454,98,29,0.558,0.22,0.217,0.188,0.227,0.312,0.2,4,-0.061,False,False,False,,True
faltered,2,payroll_pit AND NOT investment,payroll_pit;investment,10,0.779,0.445,98,31,0.646,0.235,0.196,0.229,0.273,0.312,0.167,4,-0.061,False,False,False,,True
faltered,2,NOT investment AND NOT extracurricular,investment;extracurricular,00,0.779,0.403,69,19,0.543,0.144,0.109,0.229,0.0,0.188,0.133,3,-0.061,False,False,False,,True
faltered,2,NOT local_tax_base AND small,local_tax_base;small,01,0.778,0.395,65,17,0.5,0.129,0.087,0.146,0.182,0.125,0.133,4,-0.062,False,False,False,,True
faltered,2,local_tax_base AND NOT small,local_tax_base;small,10,0.777,0.536,129,33,0.559,0.25,0.217,0.333,0.227,0.125,0.2,4,-0.063,False,False,False,,True
faltered,2,NOT autonomy AND balance,autonomy;balance,01,0.777,0.448,92,31,0.564,0.235,0.174,0.229,0.227,0.438,0.167,4,-0.063,False,False,False,,True
faltered,2,culture AND NOT education,culture;education,10,0.777,0.447,92,24,0.522,0.182,0.304,0.062,0.227,0.125,0.267,3,-0.063,False,False,False,,True
faltered,2,local_tax_base AND social,local_tax_base;social,11,0.776,0.502,112,28,0.528,0.212,0.239,0.188,0.227,0.188,0.267,4,-0.064,False,False,False,,True
faltered,2,payroll_pit AND NOT education,payroll_pit;education,10,0.776,0.495,119,30,0.566,0.227,0.348,0.208,0.182,0.0,0.3,3,-0.064,False,False,False,,True
faltered,2,property_tax AND NOT contestation,property_tax;contestation,10,0.776,0.457,96,25,0.532,0.189,0.217,0.188,0.136,0.188,0.233,4,-0.064,False,False,False,,True
faltered,2,education AND NOT contestation,education;contestation,10,0.776,0.445,95,23,0.489,0.174,0.087,0.146,0.273,0.375,0.1,3,-0.064,False,False,False,,True
faltered,2,NOT autonomy AND extracurricular,autonomy;extracurricular,01,0.775,0.477,111,27,0.45,0.205,0.109,0.188,0.318,0.375,0.1,4,-0.065,False,False,False,,True
faltered,2,NOT local_tax_base AND NOT autonomy,local_tax_base;autonomy,00,0.775,0.429,87,21,0.467,0.159,0.087,0.167,0.227,0.25,0.133,4,-0.065,False,False,False,,True
faltered,2,local_tax_base AND single_tax,local_tax_base;single_tax,11,0.774,0.521,125,37,0.638,0.28,0.348,0.25,0.227,0.25,0.333,4,-0.066,False,False,False,,True
faltered,2,local_tax_base AND culture,local_tax_base;culture,11,0.774,0.484,110,30,0.556,0.227,0.261,0.167,0.273,0.25,0.267,4,-0.066,False,False,False,,True
faltered,2,local_tax_base AND NOT contestation,local_tax_base;contestation,10,0.774,0.464,103,28,0.571,0.212,0.174,0.271,0.136,0.25,0.233,4,-0.066,False,False,False,,True
faltered,2,local_tax_base AND NOT social,local_tax_base;social,10,0.773,0.5,121,34,0.576,0.258,0.239,0.333,0.136,0.25,0.233,4,-0.067,False,False,False,,True
faltered,2,single_tax AND NOT contestation,single_tax;contestation,10,0.773,0.465,109,32,0.571,0.242,0.283,0.188,0.182,0.375,0.3,4,-0.067,False,False,False,,True
faltered,2,NOT contestation AND NOT balance,contestation;balance,00,0.773,0.435,101,21,0.512,0.159,0.109,0.188,0.136,0.25,0.133,4,-0.067,False,False,False,,True
faltered,2,single_tax AND NOT small,single_tax;small,10,0.772,0.551,140,43,0.597,0.326,0.435,0.271,0.227,0.312,0.433,4,-0.068,False,False,False,,True
faltered,2,NOT autonomy AND contestation,autonomy;contestation,01,0.772,0.45,101,28,0.538,0.212,0.196,0.25,0.227,0.125,0.2,4,-0.068,False,False,False,,True
faltered,2,NOT contestation AND small,contestation;small,01,0.772,0.419,82,17,0.415,0.129,0.109,0.104,0.136,0.25,0.133,4,-0.068,False,False,False,,True
faltered,2,NOT property_tax AND social,property_tax;social,01,0.771,0.486,106,25,0.424,0.189,0.13,0.146,0.273,0.375,0.133,4,-0.069,False,False,False,,True
faltered,2,NOT investment AND NOT contestation,investment;contestation,00,0.771,0.433,97,30,0.577,0.227,0.174,0.208,0.227,0.438,0.133,4,-0.069,False,False,False,,True
faltered,2,local_tax_base AND balance,local_tax_base;balance,11,0.77,0.507,118,36,0.554,0.273,0.348,0.25,0.182,0.25,0.4,4,-0.07,False,False,False,,True
faltered,2,NOT investment AND culture,investment;culture,01,0.77,0.439,95,29,0.537,0.22,0.239,0.125,0.273,0.375,0.2,4,-0.07,False,False,False,,True
faltered,2,education AND NOT extracurricular,education;extracurricular,10,0.77,0.403,78,17,0.425,0.129,0.109,0.125,0.136,0.188,0.167,4,-0.07,False,False,False,,True
faltered,2,NOT investment AND social,investment;social,01,0.769,0.475,112,35,0.556,0.265,0.174,0.271,0.273,0.5,0.167,4,-0.071,False,False,False,,True
faltered,2,social AND small,social;small,11,0.769,0.44,93,24,0.48,0.182,0.196,0.146,0.182,0.25,0.233,4,-0.071,False,False,False,,True
faltered,2,NOT payroll_pit AND autonomy,payroll_pit;autonomy,01,0.768,0.478,100,16,0.356,0.121,0.152,0.083,0.136,0.125,0.133,4,-0.072,False,False,False,,True
faltered,2,NOT property_tax AND NOT extracurricular,property_tax;extracurricular,00,0.768,0.455,105,27,0.491,0.205,0.217,0.25,0.045,0.25,0.267,3,-0.072,False,False,False,,True
faltered,2,social AND NOT education,social;education,10,0.767,0.534,143,34,0.472,0.258,0.37,0.188,0.273,0.125,0.333,3,-0.073,False,False,False,,True
faltered,2,local_tax_base AND contestation,local_tax_base;contestation,11,0.767,0.525,130,34,0.54,0.258,0.304,0.25,0.227,0.188,0.267,4,-0.073,False,False,False,,True
faltered,2,NOT contestation AND NOT small,contestation;small,00,0.767,0.519,148,43,0.551,0.326,0.326,0.312,0.318,0.375,0.3,4,-0.073,False,False,False,,True
faltered,2,NOT local_tax_base AND property_tax,local_tax_base;property_tax,01,0.767,0.48,108,27,0.482,0.205,0.304,0.167,0.091,0.188,0.3,3,-0.073,False,False,False,,True
faltered,2,NOT social AND NOT contestation,social;contestation,00,0.766,0.467,111,28,0.519,0.212,0.217,0.25,0.136,0.188,0.233,4,-0.074,False,False,False,,True
faltered,2,NOT payroll_pit AND NOT extracurricular,payroll_pit;extracurricular,00,0.766,0.465,115,31,0.5,0.235,0.283,0.271,0.045,0.25,0.333,3,-0.074,False,False,False,,True
faltered,2,payroll_pit AND NOT contestation,payroll_pit;contestation,10,0.766,0.459,103,30,0.577,0.227,0.261,0.188,0.227,0.25,0.233,4,-0.074,False,False,False,,True
faltered,2,investment AND small,investment;small,11,0.766,0.456,103,25,0.481,0.189,0.174,0.208,0.227,0.125,0.233,4,-0.074,False,False,False,,True
faltered,2,extracurricular AND NOT contestation,extracurricular;contestation,10,0.765,0.507,127,35,0.522,0.265,0.217,0.229,0.364,0.375,0.133,4,-0.075,False,False,False,,True
faltered,2,education AND contestation,education;contestation,11,0.765,0.479,107,30,0.536,0.227,0.239,0.208,0.227,0.25,0.267,4,-0.075,False,False,False,,True
faltered,2,single_tax AND NOT extracurricular,single_tax;extracurricular,10,0.765,0.447,96,26,0.605,0.197,0.239,0.167,0.136,0.25,0.3,4,-0.075,False,False,False,,True
faltered,2,NOT local_tax_base AND NOT extracurricular,local_tax_base;extracurricular,00,0.765,0.434,85,21,0.447,0.159,0.109,0.229,0.091,0.188,0.133,4,-0.075,False,False,False,,True
faltered,2,NOT investment AND NOT balance,investment;balance,00,0.765,0.421,86,20,0.526,0.152,0.087,0.167,0.227,0.188,0.1,4,-0.075,False,False,False,,True
faltered,2,NOT social AND balance,social;balance,01,0.764,0.488,113,30,0.492,0.227,0.261,0.25,0.182,0.125,0.3,4,-0.076,False,False,False,,True
faltered,2,NOT extracurricular AND contestation,extracurricular;contestation,01,0.764,0.476,103,28,0.519,0.212,0.217,0.312,0.045,0.125,0.233,3,-0.076,False,False,False,,True
faltered,2,NOT culture AND NOT contestation,culture;contestation,00,0.764,0.467,120,32,0.542,0.242,0.217,0.292,0.227,0.188,0.233,4,-0.076,False,False,False,,True
faltered,2,NOT single_tax AND culture,single_tax;culture,01,0.764,0.414,76,14,0.341,0.106,0.152,0.021,0.182,0.125,0.167,3,-0.076,False,False,False,,True
faltered,2,NOT culture AND NOT extracurricular,culture;extracurricular,00,0.763,0.475,112,33,0.541,0.25,0.239,0.396,0.0,0.188,0.3,3,-0.077,False,False,False,,True
faltered,2,social AND NOT contestation,social;contestation,10,0.763,0.473,119,32,0.492,0.242,0.217,0.167,0.318,0.438,0.2,4,-0.077,False,False,False,,True
faltered,2,NOT social AND NOT extracurricular,social;extracurricular,00,0.763,0.471,110,32,0.571,0.242,0.261,0.333,0.045,0.188,0.3,3,-0.077,False,False,False,,True
faltered,2,NOT extracurricular AND NOT contestation,extracurricular;contestation,00,0.763,0.431,103,25,0.481,0.189,0.217,0.188,0.091,0.25,0.3,3,-0.077,False,False,False,,True
faltered,2,NOT single_tax AND social,single_tax;social,01,0.762,0.48,119,23,0.365,0.174,0.13,0.188,0.227,0.188,0.067,4,-0.078,False,False,False,,True
faltered,2,social AND NOT extracurricular,social;extracurricular,10,0.762,0.456,96,21,0.42,0.159,0.174,0.167,0.091,0.188,0.233,4,-0.078,False,False,False,,True
faltered,2,NOT local_tax_base AND NOT payroll_pit,local_tax_base;payroll_pit,00,0.761,0.461,116,21,0.368,0.159,0.087,0.167,0.273,0.188,0.067,4,-0.079,False,False,False,,True
faltered,2,local_tax_base AND NOT extracurricular,local_tax_base;extracurricular,10,0.76,0.479,121,32,0.542,0.242,0.326,0.271,0.045,0.188,0.4,3,-0.08,False,False,False,,True
faltered,2,autonomy AND small,autonomy;small,11,0.76,0.455,104,26,0.52,0.197,0.196,0.208,0.182,0.188,0.233,4,-0.08,False,False,False,,True
faltered,2,NOT autonomy AND NOT investment,autonomy;investment,00,0.76,0.435,99,30,0.566,0.227,0.174,0.229,0.136,0.5,0.167,4,-0.08,False,False,False,,True
faltered,2,local_tax_base AND autonomy,local_tax_base;autonomy,11,0.759,0.522,123,28,0.549,0.212,0.283,0.208,0.182,0.062,0.3,3,-0.081,False,False,False,,True
faltered,2,autonomy AND NOT investment,autonomy;investment,10,0.759,0.483,121,29,0.492,0.22,0.174,0.229,0.364,0.125,0.133,4,-0.081,False,False,False,,True
faltered,2,NOT contestation AND balance,contestation;balance,01,0.759,0.48,129,39,0.5,0.295,0.326,0.229,0.318,0.375,0.3,4,-0.081,False,False,False,,True
faltered,2,NOT autonomy AND NOT balance,autonomy;balance,00,0.759,0.423,105,24,0.471,0.182,0.109,0.25,0.182,0.188,0.167,4,-0.081,False,False,False,,True
faltered,2,NOT culture AND balance,culture;balance,01,0.758,0.513,142,35,0.467,0.265,0.283,0.271,0.182,0.312,0.3,4,-0.082,False,False,False,,True
faltered,2,NOT payroll_pit AND investment,payroll_pit;investment,01,0.758,0.506,137,30,0.441,0.227,0.196,0.25,0.227,0.25,0.233,4,-0.082,False,False,False,,True
faltered,2,culture AND NOT small,culture;small,10,0.758,0.505,128,32,0.485,0.242,0.261,0.188,0.318,0.25,0.2,4,-0.082,False,False,False,,True
faltered,2,local_tax_base AND NOT culture,local_tax_base;culture,10,0.758,0.497,123,32,0.552,0.242,0.217,0.354,0.091,0.188,0.233,3,-0.082,False,False,False,,True
faltered,2,NOT autonomy AND NOT small,autonomy;small,00,0.758,0.49,132,35,0.507,0.265,0.13,0.354,0.273,0.375,0.133,3,-0.082,False,False,False,,True
faltered,2,NOT education AND NOT contestation,education;contestation,00,0.758,0.48,135,37,0.514,0.28,0.348,0.271,0.182,0.25,0.333,4,-0.082,False,False,False,,True
faltered,2,local_tax_base AND NOT single_tax,local_tax_base;single_tax,10,0.758,0.461,108,25,0.463,0.189,0.13,0.271,0.136,0.188,0.167,4,-0.082,False,False,False,,True
faltered,2,property_tax AND NOT extracurricular,property_tax;extracurricular,10,0.758,0.448,101,26,0.51,0.197,0.217,0.25,0.091,0.125,0.267,3,-0.082,False,False,False,,True
faltered,2,NOT autonomy AND NOT social,autonomy;social,00,0.757,0.469,117,33,0.532,0.25,0.152,0.375,0.182,0.25,0.2,4,-0.083,False,False,False,,True
faltered,2,NOT payroll_pit AND NOT contestation,payroll_pit;contestation,00,0.757,0.456,127,30,0.448,0.227,0.174,0.229,0.227,0.375,0.2,4,-0.083,False,False,False,,True
faltered,2,local_tax_base AND investment,local_tax_base;investment,11,0.756,0.535,135,33,0.55,0.25,0.261,0.333,0.136,0.125,0.3,4,-0.084,False,False,False,,True
faltered,2,NOT local_tax_base AND single_tax,local_tax_base;single_tax,01,0.756,0.504,131,36,0.529,0.273,0.304,0.208,0.273,0.375,0.333,4,-0.084,False,False,False,,True
faltered,2,investment AND NOT contestation,investment;contestation,10,0.756,0.495,133,30,0.448,0.227,0.261,0.208,0.227,0.188,0.3,4,-0.084,False,False,False,,True
faltered,2,NOT local_tax_base AND NOT contestation,local_tax_base;contestation,00,0.755,0.472,127,32,0.457,0.242,0.261,0.146,0.318,0.375,0.2,4,-0.085,False,False,False,,True
faltered,2,property_tax AND small,property_tax;small,11,0.755,0.47,121,33,0.541,0.25,0.283,0.229,0.227,0.25,0.333,4,-0.085,False,False,False,,True
faltered,2,property_tax AND extracurricular,property_tax;extracurricular,11,0.754,0.553,148,42,0.583,0.318,0.435,0.25,0.318,0.188,0.367,4,-0.086,False,False,False,,True
faltered,2,investment AND NOT extracurricular,investment;extracurricular,10,0.754,0.501,137,34,0.479,0.258,0.326,0.271,0.136,0.188,0.4,4,-0.086,False,False,False,,True
faltered,2,NOT investment AND contestation,investment;contestation,01,0.754,0.483,123,29,0.483,0.22,0.174,0.25,0.273,0.188,0.167,4,-0.086,False,False,False,,True
faltered,2,NOT property_tax AND NOT contestation,property_tax;contestation,00,0.754,0.469,134,35,0.486,0.265,0.217,0.229,0.318,0.438,0.2,4,-0.086,False,False,False,,True
faltered,2,local_tax_base AND NOT education,local_tax_base;education,10,0.753,0.516,140,37,0.552,0.28,0.283,0.354,0.136,0.25,0.3,3,-0.087,False,False,False,,True
faltered,2,education AND balance,education;balance,11,0.753,0.513,125,39,0.557,0.295,0.261,0.25,0.318,0.5,0.3,4,-0.087,False,False,False,,True
faltered,2,NOT education AND NOT extracurricular,education;extracurricular,00,0.753,0.497,128,36,0.545,0.273,0.326,0.375,0.0,0.188,0.367,3,-0.087,False,False,False,,True
faltered,2,NOT investment AND balance,investment;balance,01,0.753,0.487,134,39,0.527,0.295,0.261,0.292,0.273,0.438,0.2,4,-0.087,False,False,False,,True
faltered,2,NOT local_tax_base AND education,local_tax_base;education,01,0.753,0.465,109,28,0.483,0.212,0.13,0.188,0.273,0.438,0.167,4,-0.087,False,False,False,,True
faltered,2,single_tax AND balance,single_tax;balance,11,0.752,0.558,163,50,0.581,0.379,0.478,0.292,0.273,0.5,0.5,4,-0.088,False,False,False,,True
faltered,2,single_tax AND contestation,single_tax;contestation,11,0.752,0.547,147,41,0.586,0.311,0.37,0.271,0.318,0.25,0.367,4,-0.088,False,False,False,,True
faltered,2,property_tax AND contestation,property_tax;contestation,11,0.752,0.544,153,43,0.566,0.326,0.435,0.312,0.273,0.125,0.4,3,-0.088,False,False,False,,True
faltered,2,investment AND NOT balance,investment;balance,10,0.752,0.522,145,31,0.508,0.235,0.196,0.333,0.182,0.125,0.2,4,-0.088,False,False,False,,True
faltered,2,autonomy AND NOT balance,autonomy;balance,10,0.752,0.513,126,27,0.562,0.205,0.174,0.25,0.227,0.125,0.133,4,-0.088,False,False,False,,True
faltered,2,culture AND contestation,culture;contestation,11,0.752,0.499,123,33,0.524,0.25,0.283,0.208,0.364,0.125,0.3,4,-0.088,False,False,False,,True
faltered,2,NOT payroll_pit AND balance,payroll_pit;balance,01,0.752,0.485,132,35,0.449,0.265,0.239,0.25,0.318,0.312,0.233,4,-0.088,False,False,False,,True
faltered,2,single_tax AND small,single_tax;small,11,0.752,0.471,116,30,0.556,0.227,0.217,0.188,0.273,0.312,0.233,4,-0.088,False,False,False,,True
faltered,2,payroll_pit AND NOT extracurricular,payroll_pit;extracurricular,10,0.752,0.429,91,22,0.5,0.167,0.152,0.229,0.091,0.125,0.2,4,-0.088,False,False,False,,True
faltered,2,local_tax_base AND property_tax,local_tax_base;property_tax,11,0.751,0.533,141,41,0.612,0.311,0.348,0.333,0.318,0.125,0.333,3,-0.089,False,False,False,,True
faltered,2,NOT investment AND NOT social,investment;social,00,0.751,0.452,108,24,0.49,0.182,0.174,0.188,0.227,0.125,0.133,4,-0.089,False,False,False,,True
faltered,2,payroll_pit AND NOT small,payroll_pit;small,10,0.75,0.56,160,43,0.544,0.326,0.413,0.292,0.273,0.25,0.367,4,-0.09,False,False,False,,True
faltered,2,education AND extracurricular,education;extracurricular,11,0.75,0.52,124,36,0.571,0.273,0.217,0.229,0.364,0.438,0.2,4,-0.09,False,False,False,,True
faltered,2,NOT single_tax AND NOT contestation,single_tax;contestation,00,0.75,0.456,121,28,0.444,0.212,0.152,0.229,0.273,0.25,0.133,4,-0.09,False,False,False,,True
faltered,2,NOT payroll_pit AND extracurricular,payroll_pit;extracurricular,01,0.749,0.519,144,27,0.386,0.205,0.065,0.208,0.409,0.312,0.033,3,-0.091,False,False,False,,True
faltered,2,NOT extracurricular AND small,extracurricular;small,01,0.749,0.41,103,26,0.481,0.197,0.174,0.25,0.136,0.188,0.267,4,-0.091,False,False,False,,True
faltered,2,NOT property_tax AND investment,property_tax;investment,01,0.748,0.528,148,31,0.425,0.235,0.196,0.229,0.318,0.25,0.233,4,-0.092,False,False,False,,True
faltered,2,investment AND NOT social,investment;social,10,0.748,0.526,138,35,0.515,0.265,0.217,0.375,0.182,0.188,0.267,4,-0.092,False,False,False,,True
faltered,2,property_tax AND balance,property_tax;balance,11,0.747,0.533,151,40,0.519,0.303,0.457,0.208,0.273,0.188,0.467,4,-0.093,False,False,False,,True
faltered,2,culture AND NOT contestation,culture;contestation,10,0.747,0.448,110,28,0.467,0.212,0.217,0.125,0.227,0.438,0.2,4,-0.093,False,False,False,,True
faltered,2,social AND NOT small,social;small,10,0.746,0.604,190,49,0.505,0.371,0.413,0.292,0.409,0.438,0.367,4,-0.094,False,False,False,,True
faltered,2,NOT social AND contestation,social;contestation,01,0.746,0.517,135,31,0.492,0.235,0.174,0.312,0.273,0.125,0.167,4,-0.094,False,False,False,,True
faltered,2,NOT autonomy AND NOT culture,autonomy;culture,00,0.746,0.471,130,31,0.463,0.235,0.13,0.375,0.136,0.25,0.2,4,-0.094,False,False,False,,True
faltered,2,NOT single_tax AND NOT extracurricular,single_tax;extracurricular,00,0.746,0.453,110,27,0.429,0.205,0.196,0.333,0.0,0.125,0.233,3,-0.094,False,False,False,,True
faltered,2,payroll_pit AND small,payroll_pit;small,11,0.746,0.45,110,31,0.585,0.235,0.239,0.229,0.273,0.188,0.267,4,-0.094,False,False,False,,True
faltered,2,NOT payroll_pit AND contestation,payroll_pit;contestation,01,0.745,0.508,132,28,0.431,0.212,0.174,0.25,0.227,0.188,0.167,4,-0.095,False,False,False,,True
faltered,2,investment AND education,investment;education,11,0.745,0.493,123,29,0.453,0.22,0.196,0.229,0.318,0.125,0.233,4,-0.095,False,False,False,,True
faltered,2,NOT local_tax_base AND NOT balance,local_tax_base;balance,00,0.745,0.47,116,25,0.481,0.189,0.152,0.229,0.227,0.125,0.2,4,-0.095,False,False,False,,True
faltered,2,NOT extracurricular AND NOT balance,extracurricular;balance,00,0.745,0.459,118,27,0.491,0.205,0.13,0.354,0.045,0.188,0.133,3,-0.095,False,False,False,,True
faltered,2,NOT autonomy AND NOT education,autonomy;education,00,0.745,0.457,126,35,0.486,0.265,0.174,0.375,0.227,0.25,0.2,4,-0.095,False,False,False,,True
faltered,2,culture AND small,culture;small,11,0.745,0.449,105,29,0.509,0.22,0.239,0.146,0.273,0.312,0.3,4,-0.095,False,False,False,,True
faltered,2,autonomy AND NOT social,autonomy;social,10,0.744,0.513,129,26,0.473,0.197,0.239,0.188,0.227,0.062,0.2,3,-0.096,False,False,False,,True
faltered,2,NOT property_tax AND autonomy,property_tax;autonomy,01,0.744,0.511,135,27,0.415,0.205,0.174,0.188,0.318,0.188,0.133,4,-0.096,False,False,False,,True
faltered,2,contestation AND NOT balance,contestation;balance,10,0.744,0.495,130,30,0.517,0.227,0.174,0.312,0.273,0.062,0.167,3,-0.096,False,False,False,,True
faltered,2,education AND small,education;small,11,0.744,0.46,120,30,0.492,0.227,0.239,0.167,0.273,0.312,0.267,4,-0.096,False,False,False,,True
faltered,2,single_tax AND social,single_tax;social,11,0.743,0.573,164,50,0.595,0.379,0.478,0.25,0.364,0.5,0.533,4,-0.097,False,False,False,,True
faltered,2,NOT social AND extracurricular,social;extracurricular,01,0.743,0.528,136,27,0.443,0.205,0.13,0.229,0.364,0.125,0.1,4,-0.097,False,False,False,,True
faltered,2,local_tax_base AND NOT payroll_pit,local_tax_base;payroll_pit,10,0.743,0.518,143,37,0.493,0.28,0.261,0.312,0.182,0.375,0.3,4,-0.097,False,False,False,,True
faltered,2,autonomy AND NOT contestation,autonomy;contestation,10,0.743,0.488,134,33,0.508,0.25,0.348,0.188,0.273,0.125,0.3,4,-0.097,False,False,False,,True
faltered,2,NOT investment AND NOT culture,investment;culture,00,0.743,0.467,125,30,0.517,0.227,0.109,0.333,0.227,0.25,0.1,3,-0.097,False,False,False,,True
faltered,2,social AND contestation,social;contestation,11,0.742,0.575,164,41,0.5,0.311,0.391,0.271,0.273,0.25,0.4,4,-0.098,False,False,False,,True
faltered,2,NOT investment AND extracurricular,investment;extracurricular,01,0.742,0.512,151,40,0.519,0.303,0.239,0.229,0.5,0.438,0.167,4,-0.098,False,False,False,,True
faltered,2,property_tax AND social,property_tax;social,11,0.741,0.566,177,48,0.545,0.364,0.478,0.292,0.318,0.312,0.467,4,-0.099,False,False,False,,True
faltered,2,NOT local_tax_base AND NOT investment,local_tax_base;investment,00,0.741,0.469,122,30,0.5,0.227,0.13,0.271,0.273,0.312,0.1,4,-0.099,False,False,False,,True
faltered,2,social AND extracurricular,social;extracurricular,11,0.74,0.608,187,52,0.536,0.394,0.435,0.271,0.5,0.5,0.367,4,-0.1,False,False,False,,True
faltered,2,investment AND social,investment;social,11,0.74,0.577,171,38,0.452,0.288,0.435,0.167,0.318,0.188,0.433,4,-0.1,False,False,False,,True
faltered,2,single_tax AND extracurricular,single_tax;extracurricular,11,0.74,0.567,160,47,0.566,0.356,0.413,0.292,0.364,0.375,0.367,4,-0.1,False,False,False,,True
faltered,2,single_tax AND investment,single_tax;investment,11,0.74,0.564,159,43,0.558,0.326,0.435,0.292,0.273,0.188,0.5,4,-0.1,False,False,False,,True
faltered,2,NOT payroll_pit AND NOT investment,payroll_pit;investment,00,0.74,0.456,122,28,0.438,0.212,0.152,0.229,0.227,0.312,0.133,4,-0.1,False,False,False,,True
faltered,2,NOT education AND balance,education;balance,01,0.739,0.537,173,42,0.442,0.318,0.457,0.25,0.273,0.188,0.4,4,-0.101,False,False,False,,True
faltered,2,culture AND extracurricular,culture;extracurricular,11,0.739,0.527,139,41,0.526,0.311,0.304,0.229,0.455,0.375,0.267,4,-0.101,False,False,False,,True
faltered,2,culture AND NOT extracurricular,culture;extracurricular,10,0.739,0.421,94,20,0.444,0.152,0.196,0.104,0.136,0.188,0.233,4,-0.101,False,False,False,,True
faltered,2,investment AND extracurricular,investment;extracurricular,11,0.738,0.596,172,39,0.481,0.295,0.326,0.271,0.364,0.188,0.3,4,-0.102,False,False,False,,True
faltered,2,property_tax AND investment,property_tax;investment,11,0.737,0.559,161,42,0.532,0.318,0.457,0.312,0.182,0.125,0.467,3,-0.103,False,False,False,,True
faltered,2,NOT local_tax_base AND social,local_tax_base;social,01,0.737,0.553,171,45,0.479,0.341,0.37,0.25,0.364,0.5,0.333,4,-0.103,False,False,False,,True
faltered,2,NOT single_tax AND investment,single_tax;investment,01,0.737,0.518,150,30,0.4,0.227,0.217,0.25,0.227,0.188,0.2,4,-0.103,False,False,False,,True
faltered,2,contestation AND balance,contestation;balance,11,0.736,0.564,169,42,0.483,0.318,0.391,0.271,0.273,0.312,0.4,4,-0.104,False,False,False,,True
faltered,2,NOT balance AND NOT small,balance;small,00,0.736,0.523,142,29,0.537,0.22,0.174,0.271,0.318,0.062,0.167,3,-0.104,False,False,False,,True
faltered,2,NOT investment AND NOT education,investment;education,00,0.736,0.481,141,35,0.479,0.265,0.217,0.333,0.318,0.125,0.167,3,-0.104,False,False,False,,True
faltered,2,autonomy AND NOT extracurricular,autonomy;extracurricular,10,0.736,0.478,120,25,0.417,0.189,0.261,0.208,0.045,0.125,0.3,3,-0.104,False,False,False,,True
faltered,2,property_tax AND single_tax,property_tax;single_tax,11,0.735,0.566,165,46,0.568,0.348,0.478,0.271,0.273,0.312,0.433,4,-0.105,False,False,False,,True
faltered,2,investment AND NOT culture,investment;culture,10,0.735,0.563,171,41,0.494,0.311,0.391,0.333,0.182,0.188,0.4,4,-0.105,False,False,False,,True
faltered,2,property_tax AND education,property_tax;education,11,0.735,0.517,140,37,0.5,0.28,0.304,0.25,0.273,0.312,0.333,4,-0.105,False,False,False,,True
faltered,2,NOT single_tax AND NOT investment,single_tax;investment,00,0.735,0.462,123,29,0.46,0.22,0.13,0.292,0.273,0.188,0.133,4,-0.105,False,False,False,,True
faltered,2,social AND education,social;education,11,0.734,0.516,140,39,0.52,0.295,0.239,0.25,0.318,0.562,0.267,4,-0.106,False,False,False,,True
faltered,2,NOT investment AND NOT small,investment;small,00,0.734,0.515,154,38,0.494,0.288,0.174,0.333,0.409,0.312,0.1,4,-0.106,False,False,False,,True
faltered,2,autonomy AND education,autonomy;education,11,0.734,0.5,131,33,0.478,0.25,0.217,0.25,0.318,0.25,0.233,4,-0.106,False,False,False,,True
faltered,2,NOT property_tax AND balance,property_tax;balance,01,0.733,0.506,147,41,0.466,0.311,0.261,0.292,0.318,0.5,0.233,4,-0.107,False,False,False,,True
faltered,2,NOT single_tax AND balance,single_tax;balance,01,0.733,0.489,135,31,0.392,0.235,0.239,0.208,0.318,0.188,0.2,4,-0.107,False,False,False,,True
faltered,2,NOT property_tax AND NOT autonomy,property_tax;autonomy,00,0.733,0.484,145,37,0.487,0.28,0.174,0.312,0.273,0.5,0.233,4,-0.107,False,False,False,,True
faltered,2,NOT local_tax_base AND NOT social,local_tax_base;social,00,0.733,0.483,125,25,0.431,0.189,0.152,0.229,0.273,0.062,0.167,3,-0.107,False,False,False,,True
faltered,2,investment AND contestation,investment;contestation,11,0.732,0.594,176,43,0.506,0.326,0.391,0.333,0.273,0.188,0.4,4,-0.108,False,False,False,,True
faltered,2,investment AND balance,investment;balance,11,0.732,0.562,164,42,0.462,0.318,0.457,0.208,0.318,0.25,0.5,4,-0.108,False,False,False,,True
faltered,2,payroll_pit AND balance,payroll_pit;balance,11,0.732,0.558,166,46,0.529,0.348,0.478,0.25,0.273,0.375,0.467,4,-0.108,False,False,False,,True
faltered,2,NOT single_tax AND NOT autonomy,single_tax;autonomy,00,0.732,0.462,131,32,0.457,0.242,0.13,0.354,0.227,0.25,0.167,4,-0.108,False,False,False,,True
faltered,2,investment AND NOT education,investment;education,10,0.731,0.584,186,44,0.5,0.333,0.457,0.312,0.182,0.25,0.467,4,-0.109,False,False,False,,True
faltered,2,NOT single_tax AND extracurricular,single_tax;extracurricular,01,0.731,0.541,163,32,0.427,0.242,0.152,0.208,0.5,0.25,0.1,4,-0.109,False,False,False,,True
faltered,2,culture AND balance,culture;balance,11,0.731,0.535,156,46,0.511,0.348,0.435,0.229,0.409,0.375,0.4,4,-0.109,False,False,False,,True
faltered,2,investment AND culture,investment;culture,11,0.731,0.509,138,32,0.464,0.242,0.261,0.208,0.318,0.188,0.3,4,-0.109,False,False,False,,True
faltered,2,NOT social AND NOT balance,social;balance,00,0.731,0.479,133,29,0.518,0.22,0.13,0.312,0.227,0.188,0.1,4,-0.109,False,False,False,,True
faltered,2,NOT local_tax_base AND culture,local_tax_base;culture,01,0.731,0.474,123,31,0.449,0.235,0.239,0.167,0.318,0.312,0.233,4,-0.109,False,False,False,,True
faltered,2,NOT education AND extracurricular,education;extracurricular,01,0.73,0.587,199,43,0.453,0.326,0.348,0.271,0.5,0.188,0.267,4,-0.11,False,False,False,,True
faltered,2,social AND balance,social;balance,11,0.73,0.574,185,51,0.49,0.386,0.457,0.25,0.409,0.562,0.4,4,-0.11,False,False,False,,True
faltered,2,payroll_pit AND contestation,payroll_pit;contestation,11,0.729,0.55,167,44,0.55,0.333,0.391,0.333,0.318,0.188,0.4,4,-0.111,False,False,False,,True
faltered,2,NOT property_tax AND NOT investment,property_tax;investment,00,0.729,0.469,132,33,0.485,0.25,0.152,0.271,0.273,0.438,0.133,4,-0.111,False,False,False,,True
faltered,2,single_tax AND education,single_tax;education,11,0.728,0.538,154,42,0.532,0.318,0.239,0.292,0.364,0.562,0.267,4,-0.112,False,False,False,,True
faltered,2,NOT payroll_pit AND NOT autonomy,payroll_pit;autonomy,00,0.727,0.497,159,42,0.483,0.318,0.196,0.396,0.318,0.438,0.233,4,-0.113,False,False,False,,True
faltered,2,payroll_pit AND extracurricular,payroll_pit;extracurricular,11,0.726,0.581,179,52,0.591,0.394,0.5,0.292,0.455,0.312,0.433,4,-0.114,False,False,False,,True
faltered,2,NOT culture AND extracurricular,culture;extracurricular,01,0.726,0.575,184,38,0.475,0.288,0.261,0.271,0.409,0.25,0.2,4,-0.114,False,False,False,,True
faltered,2,investment AND NOT small,investment;small,10,0.725,0.631,206,48,0.48,0.364,0.478,0.333,0.273,0.25,0.467,4,-0.115,False,False,False,,True
faltered,2,NOT social AND NOT small,social;small,00,0.725,0.555,170,37,0.463,0.28,0.239,0.375,0.273,0.125,0.2,3,-0.115,False,False,False,,True
faltered,2,NOT payroll_pit AND NOT balance,payroll_pit;balance,00,0.725,0.465,127,23,0.426,0.174,0.109,0.229,0.136,0.25,0.133,4,-0.115,False,False,False,,True
faltered,2,autonomy AND NOT culture,autonomy;culture,10,0.724,0.554,166,40,0.541,0.303,0.37,0.292,0.273,0.188,0.3,4,-0.116,False,False,False,,True
faltered,2,single_tax AND culture,single_tax;culture,11,0.724,0.541,157,47,0.573,0.356,0.348,0.312,0.409,0.438,0.333,4,-0.116,False,False,False,,True
faltered,2,NOT property_tax AND NOT balance,property_tax;balance,00,0.724,0.467,133,23,0.434,0.174,0.087,0.208,0.273,0.188,0.133,3,-0.116,False,False,False,,True
faltered,2,payroll_pit AND education,payroll_pit;education,11,0.723,0.532,151,44,0.557,0.333,0.304,0.312,0.364,0.438,0.333,4,-0.117,False,False,False,,True
faltered,2,NOT property_tax AND contestation,property_tax;contestation,01,0.723,0.523,146,29,0.42,0.22,0.13,0.271,0.273,0.25,0.167,4,-0.117,False,False,False,,True
faltered,2,payroll_pit AND social,payroll_pit;social,11,0.722,0.591,196,56,0.566,0.424,0.5,0.375,0.364,0.438,0.5,4,-0.118,False,False,False,,True
faltered,2,payroll_pit AND investment,payroll_pit;investment,11,0.722,0.566,172,43,0.512,0.326,0.457,0.292,0.273,0.125,0.467,3,-0.118,False,False,False,,True
faltered,2,NOT property_tax AND extracurricular,property_tax;extracurricular,01,0.722,0.552,175,37,0.43,0.28,0.13,0.25,0.545,0.438,0.1,3,-0.118,False,False,False,,True
faltered,2,NOT local_tax_base AND NOT culture,local_tax_base;culture,00,0.721,0.539,173,39,0.47,0.295,0.283,0.312,0.318,0.25,0.267,4,-0.119,False,False,False,,True
faltered,2,NOT payroll_pit AND NOT social,payroll_pit;social,00,0.721,0.531,172,41,0.488,0.311,0.239,0.417,0.227,0.312,0.267,4,-0.119,False,False,False,,True
faltered,2,extracurricular AND contestation,extracurricular;contestation,11,0.72,0.604,196,44,0.484,0.333,0.348,0.271,0.5,0.25,0.333,4,-0.12,False,False,False,,True
faltered,2,NOT local_tax_base AND investment,local_tax_base;investment,01,0.72,0.557,174,40,0.435,0.303,0.391,0.208,0.364,0.25,0.4,4,-0.12,False,False,False,,True
faltered,2,NOT single_tax AND autonomy,single_tax;autonomy,01,0.72,0.507,142,27,0.397,0.205,0.217,0.188,0.273,0.125,0.167,4,-0.12,False,False,False,,True
faltered,2,property_tax AND payroll_pit,property_tax;payroll_pit,11,0.719,0.575,187,51,0.567,0.386,0.522,0.354,0.273,0.25,0.5,4,-0.121,False,False,False,,True
faltered,2,balance AND NOT small,balance;small,10,0.718,0.612,218,57,0.463,0.432,0.478,0.396,0.364,0.5,0.4,4,-0.122,False,False,False,,True
faltered,2,property_tax AND culture,property_tax;culture,11,0.718,0.528,158,41,0.494,0.311,0.37,0.25,0.318,0.312,0.4,4,-0.122,False,False,False,,True
faltered,2,culture AND education,culture;education,11,0.718,0.515,141,37,0.481,0.28,0.196,0.271,0.364,0.438,0.233,4,-0.122,False,False,False,,True
faltered,2,NOT culture AND contestation,culture;contestation,01,0.717,0.561,176,39,0.476,0.295,0.283,0.375,0.182,0.25,0.267,4,-0.123,False,False,False,,True
faltered,2,NOT single_tax AND contestation,single_tax;contestation,01,0.717,0.515,152,31,0.413,0.235,0.196,0.312,0.227,0.125,0.2,4,-0.123,False,False,False,,True
faltered,2,NOT culture AND NOT balance,culture;balance,00,0.717,0.51,154,36,0.545,0.273,0.217,0.396,0.227,0.125,0.2,3,-0.123,False,False,False,,True
faltered,2,single_tax AND autonomy,single_tax;autonomy,11,0.716,0.589,190,50,0.556,0.379,0.5,0.333,0.318,0.25,0.5,4,-0.124,False,False,False,,True
faltered,2,NOT property_tax AND NOT social,property_tax;social,00,0.716,0.526,174,39,0.476,0.295,0.217,0.354,0.318,0.312,0.233,4,-0.124,False,False,False,,True
faltered,2,NOT local_tax_base AND balance,local_tax_base;balance,01,0.715,0.543,180,45,0.45,0.341,0.37,0.25,0.409,0.438,0.3,4,-0.125,False,False,False,,True
faltered,2,NOT education AND NOT balance,education;balance,00,0.713,0.513,154,37,0.561,0.28,0.217,0.396,0.227,0.188,0.233,4,-0.127,False,False,False,,True
faltered,2,autonomy AND social,autonomy;social,11,0.712,0.61,203,51,0.495,0.386,0.478,0.333,0.364,0.312,0.467,4,-0.128,False,False,False,,True
faltered,2,NOT local_tax_base AND NOT education,local_tax_base;education,00,0.712,0.551,187,42,0.447,0.318,0.391,0.292,0.364,0.125,0.333,3,-0.128,False,False,False,,True
faltered,2,NOT single_tax AND NOT social,single_tax;social,00,0.712,0.516,154,36,0.48,0.273,0.217,0.354,0.273,0.188,0.267,4,-0.128,False,False,False,,True
faltered,2,single_tax AND payroll_pit,single_tax;payroll_pit,11,0.711,0.591,195,56,0.577,0.424,0.522,0.354,0.409,0.375,0.533,4,-0.129,False,False,False,,True
faltered,2,NOT local_tax_base AND contestation,local_tax_base;contestation,01,0.711,0.551,169,38,0.463,0.288,0.261,0.333,0.318,0.188,0.3,4,-0.129,False,False,False,,True
faltered,2,NOT single_tax AND NOT balance,single_tax;balance,00,0.711,0.466,138,28,0.475,0.212,0.109,0.333,0.182,0.188,0.133,4,-0.129,False,False,False,,True
faltered,2,autonomy AND extracurricular,autonomy;extracurricular,11,0.71,0.621,212,52,0.531,0.394,0.457,0.312,0.545,0.25,0.367,4,-0.13,False,False,False,,True
faltered,2,social AND culture,social;culture,11,0.71,0.535,163,43,0.494,0.326,0.348,0.229,0.409,0.438,0.333,4,-0.13,False,False,False,,True
faltered,2,NOT payroll_pit AND NOT small,payroll_pit;small,00,0.709,0.572,200,43,0.439,0.326,0.239,0.375,0.409,0.312,0.2,4,-0.131,False,False,False,,True
faltered,2,autonomy AND NOT education,autonomy;education,10,0.708,0.59,201,44,0.494,0.333,0.5,0.271,0.273,0.125,0.433,3,-0.132,False,False,False,,True
faltered,2,autonomy AND balance,autonomy;balance,11,0.708,0.59,206,50,0.455,0.379,0.543,0.271,0.364,0.25,0.533,4,-0.132,False,False,False,,True
faltered,2,NOT education AND contestation,education;contestation,01,0.708,0.578,192,42,0.472,0.318,0.326,0.375,0.318,0.125,0.3,3,-0.132,False,False,False,,True
faltered,2,NOT social AND NOT education,social;education,00,0.708,0.554,184,45,0.506,0.341,0.304,0.458,0.227,0.25,0.3,4,-0.132,False,False,False,,True
faltered,2,NOT social AND NOT culture,social;culture,00,0.708,0.548,176,41,0.506,0.311,0.239,0.458,0.227,0.188,0.233,4,-0.132,False,False,False,,True
faltered,2,NOT local_tax_base AND extracurricular,local_tax_base;extracurricular,01,0.707,0.597,211,49,0.467,0.371,0.413,0.25,0.545,0.375,0.367,4,-0.133,False,False,False,,True
faltered,2,property_tax AND autonomy,property_tax;autonomy,11,0.707,0.59,197,50,0.538,0.379,0.543,0.333,0.273,0.188,0.533,3,-0.133,False,False,False,,True
faltered,2,extracurricular AND balance,extracurricular;balance,11,0.706,0.606,210,55,0.482,0.417,0.413,0.354,0.5,0.5,0.3,4,-0.134,False,False,False,,True
faltered,2,NOT local_tax_base AND NOT single_tax,local_tax_base;single_tax,00,0.706,0.515,165,34,0.405,0.258,0.217,0.271,0.364,0.188,0.167,4,-0.134,False,False,False,,True
faltered,2,autonomy AND contestation,autonomy;contestation,11,0.705,0.602,198,44,0.473,0.333,0.37,0.333,0.318,0.25,0.367,4,-0.135,False,False,False,,True
faltered,2,extracurricular AND NOT small,extracurricular;small,10,0.701,0.661,257,59,0.472,0.447,0.391,0.417,0.682,0.375,0.3,4,-0.139,False,False,False,,True
faltered,2,NOT payroll_pit AND NOT culture,payroll_pit;culture,00,0.701,0.557,190,41,0.451,0.311,0.217,0.438,0.182,0.375,0.267,4,-0.139,False,False,False,,True
faltered,2,payroll_pit AND culture,payroll_pit;culture,11,0.701,0.536,164,44,0.537,0.333,0.37,0.292,0.318,0.375,0.4,4,-0.139,False,False,False,,True
faltered,2,NOT local_tax_base AND NOT property_tax,local_tax_base;property_tax,00,0.7,0.549,188,43,0.448,0.326,0.217,0.312,0.545,0.375,0.2,4,-0.14,False,False,False,,True
faltered,2,autonomy AND NOT small,autonomy;small,10,0.698,0.64,228,51,0.472,0.386,0.522,0.312,0.409,0.188,0.433,3,-0.142,False,False,False,,True
faltered,2,NOT local_tax_base AND payroll_pit,local_tax_base;payroll_pit,01,0.698,0.551,180,49,0.516,0.371,0.435,0.312,0.364,0.375,0.433,4,-0.142,False,False,False,,True
faltered,2,NOT property_tax AND NOT culture,property_tax;culture,00,0.696,0.569,205,44,0.436,0.333,0.217,0.417,0.318,0.438,0.267,4,-0.144,False,False,False,,True
faltered,2,NOT property_tax AND NOT payroll_pit,property_tax;payroll_pit,00,0.696,0.543,197,41,0.414,0.311,0.217,0.333,0.318,0.5,0.233,4,-0.144,False,False,False,,True
faltered,2,autonomy AND culture,autonomy;culture,11,0.696,0.527,166,37,0.44,0.28,0.348,0.229,0.318,0.188,0.367,4,-0.144,False,False,False,,True
faltered,2,NOT single_tax AND NOT culture,single_tax;culture,00,0.695,0.564,197,45,0.464,0.341,0.196,0.521,0.318,0.25,0.167,4,-0.145,False,False,False,,True
faltered,2,autonomy AND investment,autonomy;investment,11,0.693,0.621,211,48,0.485,0.364,0.543,0.292,0.227,0.25,0.533,4,-0.147,False,False,False,,True
faltered,2,NOT local_tax_base AND NOT small,local_tax_base;small,00,0.692,0.61,231,53,0.449,0.402,0.435,0.333,0.455,0.438,0.367,4,-0.148,False,False,False,,True
faltered,2,contestation AND NOT small,contestation;small,10,0.691,0.622,212,43,0.434,0.326,0.326,0.354,0.364,0.188,0.267,4,-0.149,False,False,False,,True
faltered,2,NOT culture AND NOT small,culture;small,00,0.69,0.626,232,54,0.486,0.409,0.391,0.479,0.364,0.312,0.367,4,-0.15,False,False,False,,True
faltered,2,NOT single_tax AND NOT payroll_pit,single_tax;payroll_pit,00,0.69,0.548,198,41,0.398,0.311,0.217,0.375,0.364,0.312,0.233,4,-0.15,False,False,False,,True
faltered,2,NOT payroll_pit AND NOT education,payroll_pit;education,00,0.689,0.569,208,49,0.454,0.371,0.326,0.438,0.318,0.375,0.333,4,-0.151,False,False,False,,True
faltered,2,NOT single_tax AND NOT small,single_tax;small,00,0.685,0.592,220,43,0.41,0.326,0.217,0.396,0.455,0.25,0.133,4,-0.155,False,False,False,,True
faltered,2,NOT property_tax AND NOT single_tax,property_tax;single_tax,00,0.685,0.538,189,37,0.385,0.28,0.174,0.312,0.364,0.375,0.133,4,-0.155,False,False,False,,True
faltered,2,NOT property_tax AND NOT small,property_tax;small,00,0.683,0.6,232,51,0.443,0.386,0.283,0.396,0.5,0.5,0.267,4,-0.157,False,False,False,,True
faltered,2,NOT local_tax_base AND autonomy,local_tax_base;autonomy,01,0.683,0.58,209,49,0.458,0.371,0.435,0.312,0.409,0.312,0.367,4,-0.157,False,False,False,,True
faltered,2,NOT culture AND NOT education,culture;education,00,0.682,0.618,235,55,0.478,0.417,0.37,0.583,0.273,0.25,0.367,4,-0.158,False,False,False,,True
faltered,2,payroll_pit AND autonomy,payroll_pit;autonomy,11,0.681,0.62,232,61,0.54,0.462,0.565,0.438,0.455,0.25,0.533,4,-0.159,False,False,False,,True
faltered,2,NOT property_tax AND NOT education,property_tax;education,00,0.681,0.575,218,48,0.429,0.364,0.326,0.396,0.364,0.375,0.333,4,-0.159,False,False,False,,True
faltered,2,NOT single_tax AND NOT education,single_tax;education,00,0.677,0.584,225,48,0.421,0.364,0.261,0.479,0.364,0.312,0.233,4,-0.163,False,False,False,,True
faltered,2,NOT education AND NOT small,education;small,00,0.674,0.662,278,63,0.467,0.477,0.565,0.479,0.455,0.25,0.467,4,-0.166,False,False,False,,True
faltered,3,NOT local_tax_base AND property_tax AND NOT payroll_pit,local_tax_base;property_tax;payroll_pit,010,0.876,0.322,5,0,0.0,0.0,0.0,0.0,0.0,0.0,0.0,4,-0.013,False,False,False,,True
faltered,3,local_tax_base AND NOT property_tax AND payroll_pit,local_tax_base;property_tax;payroll_pit,101,0.874,0.33,6,1,1.0,0.008,0.0,0.021,0.0,0.0,0.0,1,-0.015,False,False,False,,False
faltered,3,property_tax AND single_tax AND NOT payroll_pit,property_tax;single_tax;payroll_pit,110,0.871,0.354,19,5,0.5,0.038,0.065,0.021,0.0,0.062,0.033,3,-0.018,False,False,False,,True
faltered,3,local_tax_base AND payroll_pit AND NOT culture,local_tax_base;payroll_pit;culture,110,0.87,0.35,18,7,1.0,0.053,0.065,0.062,0.045,0.0,0.033,3,-0.019,False,False,False,,True
faltered,3,NOT local_tax_base AND property_tax AND NOT autonomy,local_tax_base;property_tax;autonomy,010,0.869,0.309,5,1,0.333,0.008,0.022,0.0,0.0,0.0,0.033,1,-0.02,False,False,False,,False
faltered,3,property_tax AND NOT payroll_pit AND social,property_tax;payroll_pit;social,101,0.866,0.36,27,6,0.429,0.045,0.065,0.0,0.091,0.062,0.067,3,-0.023,False,False,False,,True
faltered,3,NOT local_tax_base AND single_tax AND NOT payroll_pit,local_tax_base;single_tax;payroll_pit,010,0.865,0.341,12,3,0.75,0.023,0.0,0.021,0.045,0.062,0.0,3,-0.024,False,False,False,,True
faltered,3,property_tax AND NOT payroll_pit AND education,property_tax;payroll_pit;education,101,0.865,0.33,18,4,0.364,0.03,0.022,0.021,0.045,0.062,0.033,4,-0.024,False,False,False,,True
faltered,3,local_tax_base AND payroll_pit AND NOT small,local_tax_base;payroll_pit;small,110,0.863,0.398,31,9,0.818,0.068,0.043,0.125,0.045,0.0,0.033,3,-0.026,False,False,False,,True
faltered,3,local_tax_base AND payroll_pit AND NOT social,local_tax_base;payroll_pit;social,110,0.863,0.358,26,6,0.75,0.045,0.065,0.042,0.045,0.0,0.033,3,-0.026,False,False,False,,True
faltered,3,single_tax AND NOT payroll_pit AND small,single_tax;payroll_pit;small,101,0.863,0.325,25,6,0.5,0.045,0.022,0.042,0.045,0.125,0.033,3,-0.026,False,False,False,,True
faltered,3,local_tax_base AND NOT property_tax AND education,local_tax_base;property_tax;education,101,0.862,0.338,15,3,0.5,0.023,0.0,0.021,0.045,0.062,0.0,3,-0.027,False,False,False,,True
faltered,3,single_tax AND NOT payroll_pit AND investment,single_tax;payroll_pit;investment,101,0.86,0.376,32,9,0.643,0.068,0.087,0.062,0.045,0.062,0.1,4,-0.029,False,False,False,,True
faltered,3,education AND NOT balance AND NOT small,education;balance;small,100,0.859,0.349,19,3,0.6,0.023,0.0,0.021,0.091,0.0,0.0,2,-0.03,False,False,False,,False
faltered,3,property_tax AND NOT autonomy AND social,property_tax;autonomy;social,101,0.859,0.345,32,12,0.667,0.091,0.087,0.062,0.136,0.125,0.067,4,-0.03,False,False,False,,True
faltered,3,property_tax AND NOT autonomy AND investment,property_tax;autonomy;investment,101,0.859,0.344,22,6,0.462,0.045,0.0,0.083,0.091,0.0,0.0,2,-0.03,False,False,False,,False
faltered,3,single_tax AND NOT payroll_pit AND NOT balance,single_tax;payroll_pit;balance,100,0.859,0.339,23,5,0.455,0.038,0.043,0.021,0.045,0.062,0.033,4,-0.03,False,False,False,,True
faltered,3,property_tax AND payroll_pit AND NOT autonomy,property_tax;payroll_pit;autonomy,110,0.859,0.337,26,9,0.692,0.068,0.065,0.062,0.091,0.062,0.067,4,-0.03,False,False,False,,True
faltered,3,NOT local_tax_base AND NOT payroll_pit AND education,local_tax_base;payroll_pit;education,001,0.859,0.326,22,2,0.286,0.015,0.0,0.0,0.045,0.062,0.0,2,-0.03,False,False,False,,False
faltered,3,single_tax AND NOT payroll_pit AND social,single_tax;payroll_pit;social,101,0.858,0.368,21,6,0.6,0.045,0.065,0.021,0.0,0.125,0.067,2,-0.031,False,False,False,,False
faltered,3,local_tax_base AND payroll_pit AND NOT education,local_tax_base;payroll_pit;education,110,0.858,0.365,26,7,0.778,0.053,0.043,0.083,0.045,0.0,0.033,3,-0.031,False,False,False,,True
faltered,3,single_tax AND NOT payroll_pit AND culture,single_tax;payroll_pit;culture,101,0.858,0.353,23,7,0.538,0.053,0.022,0.042,0.091,0.125,0.0,3,-0.031,False,False,False,,True
faltered,3,property_tax AND NOT autonomy AND NOT small,property_tax;autonomy;small,100,0.858,0.346,18,7,0.636,0.053,0.022,0.104,0.045,0.0,0.0,2,-0.031,False,False,False,,False
faltered,3,local_tax_base AND payroll_pit AND NOT autonomy,local_tax_base;payroll_pit;autonomy,110,0.858,0.336,24,8,0.727,0.061,0.043,0.062,0.091,0.062,0.033,4,-0.031,False,False,False,,True
faltered,3,property_tax AND NOT payroll_pit AND NOT investment,property_tax;payroll_pit;investment,100,0.858,0.336,26,7,0.5,0.053,0.043,0.042,0.091,0.062,0.033,4,-0.031,False,False,False,,True
faltered,3,property_tax AND NOT autonomy AND NOT education,property_tax;autonomy;education,100,0.858,0.321,16,7,0.636,0.053,0.022,0.104,0.045,0.0,0.0,2,-0.031,False,False,False,,False
faltered,3,NOT payroll_pit AND social AND small,payroll_pit;social;small,011,0.858,0.312,17,2,0.2,0.015,0.022,0.0,0.0,0.062,0.033,2,-0.031,False,False,False,,False
faltered,3,property_tax AND single_tax AND NOT autonomy,property_tax;single_tax;autonomy,110,0.857,0.351,32,10,0.588,0.076,0.065,0.062,0.091,0.125,0.033,4,-0.032,False,False,False,,True
faltered,3,property_tax AND NOT culture AND NOT contestation,property_tax;culture;contestation,100,0.857,0.35,30,11,0.846,0.083,0.087,0.125,0.045,0.0,0.1,3,-0.032,False,False,False,,True
faltered,3,single_tax AND NOT payroll_pit AND education,single_tax;payroll_pit;education,101,0.857,0.348,27,6,0.462,0.045,0.0,0.021,0.091,0.188,0.0,2,-0.032,False,False,False,,False
faltered,3,property_tax AND NOT payroll_pit AND culture,property_tax;payroll_pit;culture,101,0.857,0.344,23,6,0.4,0.045,0.065,0.0,0.091,0.062,0.067,3,-0.032,False,False,False,,True
faltered,3,property_tax AND NOT autonomy AND balance,property_tax;autonomy;balance,101,0.857,0.34,19,8,0.727,0.061,0.065,0.062,0.045,0.062,0.033,4,-0.032,False,False,False,,True
faltered,3,NOT education AND extracurricular AND small,education;extracurricular;small,011,0.857,0.333,9,3,0.6,0.023,0.022,0.0,0.045,0.062,0.033,3,-0.032,False,False,False,,True
faltered,3,NOT education AND NOT contestation AND small,education;contestation;small,001,0.857,0.33,18,4,0.444,0.03,0.022,0.042,0.0,0.062,0.033,3,-0.032,False,False,False,,True
faltered,3,property_tax AND NOT autonomy AND NOT culture,property_tax;autonomy;culture,100,0.857,0.325,19,5,0.5,0.038,0.0,0.104,0.0,0.0,0.0,1,-0.032,False,False,False,,False
faltered,3,local_tax_base AND education AND NOT small,local_tax_base;education;small,110,0.856,0.388,26,8,0.889,0.061,0.022,0.083,0.136,0.0,0.033,2,-0.033,False,False,False,,False
faltered,3,payroll_pit AND NOT autonomy AND NOT small,payroll_pit;autonomy;small,100,0.856,0.341,11,5,0.833,0.038,0.022,0.042,0.0,0.125,0.033,3,-0.033,False,False,False,,True
faltered,3,property_tax AND NOT autonomy AND contestation,property_tax;autonomy;contestation,101,0.856,0.34,29,10,0.714,0.076,0.087,0.062,0.091,0.062,0.067,4,-0.033,False,False,False,,True
faltered,3,property_tax AND NOT autonomy AND small,property_tax;autonomy;small,101,0.856,0.334,34,11,0.579,0.083,0.087,0.062,0.091,0.125,0.1,4,-0.033,False,False,False,,True
faltered,3,social AND NOT education AND small,social;education;small,101,0.856,0.33,16,4,0.5,0.03,0.043,0.042,0.0,0.0,0.067,2,-0.033,False,False,False,,False
faltered,3,property_tax AND NOT autonomy AND NOT extracurricular,property_tax;autonomy;extracurricular,100,0.856,0.309,17,7,0.636,0.053,0.022,0.083,0.045,0.062,0.033,3,-0.033,False,False,False,,True
faltered,3,NOT local_tax_base AND NOT payroll_pit AND small,local_tax_base;payroll_pit;small,001,0.856,0.293,14,2,0.286,0.015,0.022,0.0,0.045,0.0,0.033,2,-0.033,False,False,False,,False
faltered,3,single_tax AND NOT payroll_pit AND contestation,single_tax;payroll_pit;contestation,101,0.855,0.375,27,8,0.571,0.061,0.087,0.042,0.045,0.062,0.067,4,-0.034,False,False,False,,True
faltered,3,single_tax AND NOT autonomy AND investment,single_tax;autonomy;investment,101,0.855,0.359,32,11,0.611,0.083,0.065,0.083,0.136,0.062,0.1,4,-0.034,False,False,False,,True
faltered,3,extracurricular AND NOT balance AND small,extracurricular;balance;small,101,0.855,0.337,28,7,0.5,0.053,0.065,0.021,0.045,0.125,0.067,3,-0.034,False,False,False,,True
faltered,3,single_tax AND NOT education AND small,single_tax;education;small,101,0.855,0.336,20,5,0.833,0.038,0.043,0.042,0.045,0.0,0.067,3,-0.034,False,False,False,,True
faltered,3,payroll_pit AND NOT autonomy AND NOT culture,payroll_pit;autonomy;culture,100,0.855,0.316,6,1,0.5,0.008,0.022,0.0,0.0,0.0,0.033,1,-0.034,False,False,False,,False
faltered,3,property_tax AND NOT payroll_pit AND extracurricular,property_tax;payroll_pit;extracurricular,101,0.854,0.377,34,8,0.471,0.061,0.022,0.062,0.136,0.062,0.0,3,-0.035,False,False,False,,True
faltered,3,property_tax AND NOT autonomy AND extracurricular,property_tax;autonomy;extracurricular,101,0.854,0.356,35,11,0.579,0.083,0.087,0.083,0.091,0.062,0.067,4,-0.035,False,False,False,,True
faltered,3,NOT autonomy AND education AND NOT small,autonomy;education;small,010,0.854,0.356,20,7,0.875,0.053,0.022,0.042,0.045,0.188,0.033,3,-0.035,False,False,False,,True
faltered,3,NOT payroll_pit AND education AND balance,payroll_pit;education;balance,011,0.854,0.355,26,7,0.583,0.053,0.022,0.042,0.091,0.125,0.033,3,-0.035,False,False,False,,True
faltered,3,property_tax AND NOT autonomy AND culture,property_tax;autonomy;culture,101,0.854,0.346,33,13,0.65,0.098,0.109,0.062,0.136,0.125,0.1,4,-0.035,False,False,False,,True
faltered,3,property_tax AND NOT payroll_pit AND NOT balance,property_tax;payroll_pit;balance,100,0.854,0.34,29,9,0.6,0.068,0.043,0.104,0.045,0.062,0.033,4,-0.035,False,False,False,,True
faltered,3,property_tax AND NOT autonomy AND NOT investment,property_tax;autonomy;investment,100,0.854,0.33,30,12,0.706,0.091,0.109,0.083,0.045,0.125,0.1,3,-0.035,False,False,False,,True
faltered,3,local_tax_base AND NOT single_tax AND payroll_pit,local_tax_base;single_tax;payroll_pit,101,0.854,0.323,14,2,0.5,0.015,0.0,0.042,0.0,0.0,0.0,1,-0.035,False,False,False,,False
faltered,3,property_tax AND social AND NOT culture,property_tax;social;culture,110,0.853,0.404,47,13,0.684,0.098,0.174,0.083,0.045,0.0,0.167,2,-0.036,False,False,False,,False
faltered,3,property_tax AND extracurricular AND NOT balance,property_tax;extracurricular;balance,110,0.853,0.395,45,13,0.619,0.098,0.13,0.083,0.091,0.062,0.133,4,-0.036,False,False,False,,True
faltered,3,education AND NOT contestation AND NOT small,education;contestation;small,100,0.853,0.381,31,10,0.667,0.076,0.0,0.083,0.136,0.188,0.0,3,-0.036,False,False,False,,True
faltered,3,local_tax_base AND payroll_pit AND NOT balance,local_tax_base;payroll_pit;balance,110,0.853,0.364,41,11,0.786,0.083,0.065,0.125,0.091,0.0,0.033,3,-0.036,False,False,False,,True
faltered,3,property_tax AND NOT payroll_pit AND NOT contestation,property_tax;payroll_pit;contestation,100,0.853,0.336,27,8,0.5,0.061,0.043,0.083,0.045,0.062,0.067,4,-0.036,False,False,False,,True
faltered,3,NOT payroll_pit AND autonomy AND education,payroll_pit;autonomy;education,011,0.853,0.331,15,1,0.143,0.008,0.0,0.0,0.045,0.0,0.0,1,-0.036,False,False,False,,False
faltered,3,local_tax_base AND NOT property_tax AND small,local_tax_base;property_tax;small,101,0.853,0.329,24,8,0.571,0.061,0.043,0.062,0.0,0.188,0.067,3,-0.036,False,False,False,,True
faltered,3,NOT payroll_pit AND extracurricular AND small,payroll_pit;extracurricular;small,011,0.853,0.327,18,4,0.4,0.03,0.022,0.0,0.0,0.188,0.033,2,-0.036,False,False,False,,False
faltered,3,NOT property_tax AND education AND NOT extracurricular,property_tax;education;extracurricular,010,0.853,0.325,21,5,0.5,0.038,0.022,0.042,0.045,0.062,0.033,4,-0.036,False,False,False,,True
faltered,3,NOT investment AND NOT education AND small,investment;education;small,001,0.853,0.323,22,10,0.667,0.076,0.065,0.104,0.045,0.062,0.1,4,-0.036,False,False,False,,True
faltered,3,property_tax AND NOT payroll_pit AND small,property_tax;payroll_pit;small,101,0.853,0.321,27,6,0.429,0.045,0.043,0.062,0.0,0.062,0.067,3,-0.036,False,False,False,,True
faltered,3,social AND NOT culture AND small,social;culture;small,101,0.853,0.319,19,3,0.429,0.023,0.022,0.042,0.0,0.0,0.033,2,-0.036,False,False,False,,False
faltered,3,payroll_pit AND NOT autonomy AND NOT education,payroll_pit;autonomy;education,100,0.853,0.309,3,1,0.5,0.008,0.0,0.021,0.0,0.0,0.0,1,-0.036,False,False,False,,False
faltered,3,property_tax AND NOT balance AND NOT small,property_tax;balance;small,100,0.852,0.398,37,13,0.812,0.098,0.13,0.125,0.045,0.0,0.1,2,-0.037,False,False,False,,False
faltered,3,property_tax AND NOT payroll_pit AND NOT small,property_tax;payroll_pit;small,100,0.852,0.397,35,11,0.579,0.083,0.087,0.083,0.136,0.0,0.067,3,-0.037,False,False,False,,True
faltered,3,NOT payroll_pit AND education AND NOT small,payroll_pit;education;small,010,0.852,0.367,21,4,0.5,0.03,0.0,0.021,0.091,0.062,0.0,3,-0.037,False,False,False,,True
faltered,3,property_tax AND NOT education AND NOT contestation,property_tax;education;contestation,100,0.852,0.366,34,11,0.786,0.083,0.13,0.104,0.0,0.0,0.133,2,-0.037,False,False,False,,False
faltered,3,property_tax AND NOT culture AND education,property_tax;culture;education,101,0.852,0.354,26,7,0.7,0.053,0.109,0.021,0.045,0.0,0.1,2,-0.037,False,False,False,,False
faltered,3,property_tax AND NOT autonomy AND education,property_tax;autonomy;education,101,0.852,0.349,36,11,0.579,0.083,0.087,0.062,0.091,0.125,0.1,4,-0.037,False,False,False,,True
faltered,3,single_tax AND NOT payroll_pit AND NOT extracurricular,single_tax;payroll_pit;extracurricular,100,0.852,0.346,28,9,0.75,0.068,0.087,0.042,0.045,0.125,0.1,4,-0.037,False,False,False,,True
faltered,3,NOT autonomy AND balance AND small,autonomy;balance;small,011,0.852,0.33,19,8,0.727,0.061,0.065,0.042,0.045,0.125,0.067,4,-0.037,False,False,False,,True
faltered,3,NOT culture AND education AND NOT balance,culture;education;balance,010,0.852,0.322,24,2,0.333,0.015,0.022,0.0,0.045,0.0,0.0,2,-0.037,False,False,False,,False
faltered,3,payroll_pit AND NOT autonomy AND NOT social,payroll_pit;autonomy;social,100,0.852,0.321,9,1,0.333,0.008,0.0,0.021,0.0,0.0,0.0,1,-0.037,False,False,False,,False
faltered,3,property_tax AND NOT autonomy AND NOT contestation,property_tax;autonomy;contestation,100,0.852,0.32,23,8,0.5,0.061,0.022,0.104,0.045,0.062,0.033,3,-0.037,False,False,False,,True
faltered,3,NOT payroll_pit AND culture AND small,payroll_pit;culture;small,011,0.852,0.311,19,6,0.429,0.045,0.065,0.0,0.045,0.125,0.1,3,-0.037,False,False,False,,True
faltered,3,local_tax_base AND extracurricular AND NOT balance,local_tax_base;extracurricular;balance,110,0.851,0.398,45,11,0.579,0.083,0.043,0.083,0.136,0.125,0.033,4,-0.038,False,False,False,,True
faltered,3,property_tax AND NOT payroll_pit AND investment,property_tax;payroll_pit;investment,101,0.851,0.376,36,10,0.526,0.076,0.087,0.104,0.045,0.0,0.1,3,-0.038,False,False,False,,True
faltered,3,payroll_pit AND NOT autonomy AND extracurricular,payroll_pit;autonomy;extracurricular,101,0.851,0.355,24,8,0.667,0.061,0.065,0.042,0.045,0.125,0.067,4,-0.038,False,False,False,,True
faltered,3,payroll_pit AND NOT autonomy AND investment,payroll_pit;autonomy;investment,101,0.851,0.338,20,5,0.455,0.038,0.022,0.042,0.091,0.0,0.033,3,-0.038,False,False,False,,True
faltered,3,property_tax AND NOT payroll_pit AND NOT autonomy,property_tax;payroll_pit;autonomy,100,0.851,0.337,26,9,0.529,0.068,0.043,0.104,0.045,0.062,0.033,4,-0.038,False,False,False,,True
faltered,3,single_tax AND NOT autonomy AND NOT education,single_tax;autonomy;education,100,0.851,0.333,13,7,0.778,0.053,0.087,0.042,0.0,0.062,0.1,3,-0.038,False,False,False,,True
faltered,3,NOT payroll_pit AND balance AND small,payroll_pit;balance;small,011,0.851,0.322,22,7,0.538,0.053,0.065,0.042,0.045,0.062,0.1,4,-0.038,False,False,False,,True
faltered,3,NOT culture AND education AND NOT extracurricular,culture;education;extracurricular,010,0.851,0.32,20,4,0.5,0.03,0.043,0.021,0.0,0.062,0.067,3,-0.038,False,False,False,,True
faltered,3,payroll_pit AND NOT autonomy AND NOT contestation,payroll_pit;autonomy;contestation,100,0.851,0.314,18,7,0.583,0.053,0.022,0.062,0.045,0.125,0.033,3,-0.038,False,False,False,,True
faltered,3,social AND extracurricular AND NOT balance,social;extracurricular;balance,110,0.85,0.425,52,13,0.619,0.098,0.13,0.062,0.136,0.062,0.167,4,-0.039,False,False,False,,True
faltered,3,payroll_pit AND NOT culture AND education,payroll_pit;culture;education,101,0.85,0.367,32,12,0.75,0.091,0.13,0.042,0.136,0.062,0.133,3,-0.039,False,False,False,,True
faltered,3,culture AND extracurricular AND NOT balance,culture;extracurricular;balance,110,0.85,0.367,35,9,0.529,0.068,0.043,0.042,0.136,0.125,0.067,4,-0.039,False,False,False,,True
faltered,3,NOT property_tax AND education AND NOT contestation,property_tax;education;contestation,010,0.85,0.348,33,9,0.643,0.068,0.0,0.062,0.136,0.188,0.0,3,-0.039,False,False,False,,True
faltered,3,education AND NOT extracurricular AND NOT small,education;extracurricular;small,100,0.85,0.347,15,4,0.571,0.03,0.022,0.042,0.0,0.062,0.033,3,-0.039,False,False,False,,True
faltered,3,NOT payroll_pit AND social AND education,payroll_pit;social;education,011,0.85,0.342,23,3,0.3,0.023,0.0,0.0,0.045,0.125,0.0,2,-0.039,False,False,False,,False
faltered,3,NOT payroll_pit AND culture AND education,payroll_pit;culture;education,011,0.85,0.341,22,5,0.357,0.038,0.022,0.0,0.136,0.062,0.033,3,-0.039,False,False,False,,True
faltered,3,NOT payroll_pit AND education AND contestation,payroll_pit;education;contestation,011,0.85,0.339,22,4,0.333,0.03,0.022,0.021,0.045,0.062,0.033,4,-0.039,False,False,False,,True
faltered,3,NOT culture AND education AND NOT contestation,culture;education;contestation,010,0.85,0.337,29,9,0.818,0.068,0.043,0.062,0.136,0.062,0.033,4,-0.039,False,False,False,,True
faltered,3,property_tax AND NOT autonomy AND NOT social,property_tax;autonomy;social,100,0.85,0.332,20,6,0.5,0.045,0.022,0.104,0.0,0.0,0.033,1,-0.039,False,False,False,,False
faltered,3,NOT local_tax_base AND single_tax AND NOT autonomy,local_tax_base;single_tax;autonomy,010,0.85,0.331,16,5,0.625,0.038,0.022,0.021,0.045,0.125,0.033,4,-0.039,False,False,False,,True
faltered,3,NOT autonomy AND NOT education AND small,autonomy;education;small,001,0.85,0.311,14,7,0.636,0.053,0.065,0.062,0.0,0.062,0.1,3,-0.039,False,False,False,,True
faltered,3,local_tax_base AND payroll_pit AND extracurricular,local_tax_base;payroll_pit;extracurricular,111,0.849,0.41,48,15,0.75,0.114,0.109,0.146,0.136,0.0,0.067,3,-0.04,False,False,False,,True
faltered,3,property_tax AND single_tax AND NOT culture,property_tax;single_tax;culture,110,0.849,0.397,44,12,0.75,0.091,0.196,0.042,0.045,0.0,0.167,1,-0.04,False,False,False,,False
faltered,3,NOT property_tax AND single_tax AND NOT balance,property_tax;single_tax;balance,010,0.849,0.353,31,7,0.636,0.053,0.022,0.062,0.136,0.0,0.033,2,-0.04,False,False,False,,False
faltered,3,property_tax AND NOT investment AND NOT culture,property_tax;investment;culture,100,0.849,0.348,30,7,0.583,0.053,0.022,0.083,0.091,0.0,0.0,2,-0.04,False,False,False,,False
faltered,3,property_tax AND NOT investment AND NOT social,property_tax;investment;social,100,0.849,0.344,28,6,0.545,0.045,0.043,0.042,0.091,0.0,0.033,3,-0.04,False,False,False,,True
faltered,3,NOT autonomy AND extracurricular AND small,autonomy;extracurricular;small,011,0.849,0.341,30,8,0.5,0.061,0.087,0.0,0.045,0.188,0.1,3,-0.04,False,False,False,,True
faltered,3,property_tax AND NOT education AND small,property_tax;education;small,101,0.849,0.34,26,8,0.727,0.061,0.043,0.104,0.045,0.0,0.067,3,-0.04,False,False,False,,True
faltered,3,payroll_pit AND NOT autonomy AND contestation,payroll_pit;autonomy;contestation,101,0.849,0.335,20,6,0.857,0.045,0.065,0.021,0.045,0.062,0.067,3,-0.04,False,False,False,,True
faltered,3,payroll_pit AND NOT autonomy AND small,payroll_pit;autonomy;small,101,0.849,0.317,27,8,0.615,0.061,0.065,0.042,0.091,0.062,0.067,4,-0.04,False,False,False,,True
faltered,3,NOT payroll_pit AND education AND small,payroll_pit;education;small,011,0.849,0.317,30,5,0.312,0.038,0.022,0.021,0.045,0.125,0.033,4,-0.04,False,False,False,,True
faltered,3,NOT payroll_pit AND education AND NOT extracurricular,payroll_pit;education;extracurricular,010,0.849,0.316,24,4,0.308,0.03,0.022,0.021,0.045,0.062,0.033,4,-0.04,False,False,False,,True
faltered,3,property_tax AND NOT payroll_pit AND contestation,property_tax;payroll_pit;contestation,101,0.848,0.373,35,9,0.529,0.068,0.087,0.062,0.091,0.0,0.067,3,-0.041,False,False,False,,True
faltered,3,single_tax AND NOT autonomy AND NOT small,single_tax;autonomy;small,100,0.848,0.364,25,11,0.786,0.083,0.087,0.062,0.045,0.188,0.1,4,-0.041,False,False,False,,True
faltered,3,NOT autonomy AND education AND balance,autonomy;education;balance,011,0.848,0.358,26,11,0.846,0.083,0.065,0.042,0.045,0.312,0.067,4,-0.041,False,False,False,,True
faltered,3,single_tax AND payroll_pit AND NOT autonomy,single_tax;payroll_pit;autonomy,110,0.848,0.355,32,11,0.733,0.083,0.065,0.083,0.091,0.125,0.067,4,-0.041,False,False,False,,True
faltered,3,payroll_pit AND NOT autonomy AND balance,payroll_pit;autonomy;balance,101,0.848,0.343,15,6,0.75,0.045,0.043,0.021,0.0,0.188,0.033,2,-0.041,False,False,False,,False
faltered,3,NOT payroll_pit AND investment AND education,payroll_pit;investment;education,011,0.848,0.339,26,4,0.333,0.03,0.0,0.042,0.091,0.0,0.0,2,-0.041,False,False,False,,False
faltered,3,NOT investment AND balance AND small,investment;balance;small,011,0.848,0.336,27,10,0.714,0.076,0.087,0.042,0.091,0.125,0.1,4,-0.041,False,False,False,,True
faltered,3,NOT autonomy AND culture AND small,autonomy;culture;small,011,0.848,0.335,35,13,0.619,0.098,0.109,0.042,0.136,0.188,0.133,3,-0.041,False,False,False,,True
faltered,3,NOT property_tax AND payroll_pit AND NOT autonomy,property_tax;payroll_pit;autonomy,010,0.848,0.324,12,4,0.667,0.03,0.022,0.021,0.0,0.125,0.033,3,-0.041,False,False,False,,True
faltered,3,property_tax AND NOT single_tax AND NOT autonomy,property_tax;single_tax;autonomy,100,0.848,0.323,20,8,0.615,0.061,0.043,0.104,0.045,0.0,0.067,3,-0.041,False,False,False,,True
faltered,3,payroll_pit AND NOT culture AND small,payroll_pit;culture;small,101,0.848,0.313,24,8,0.8,0.061,0.065,0.083,0.045,0.0,0.067,3,-0.041,False,False,False,,True
faltered,3,single_tax AND social AND NOT balance,single_tax;social;balance,110,0.847,0.402,50,14,0.636,0.106,0.109,0.062,0.182,0.125,0.167,4,-0.042,False,False,False,,True
faltered,3,single_tax AND NOT balance AND NOT small,single_tax;balance;small,100,0.847,0.399,37,12,0.8,0.091,0.13,0.062,0.136,0.0,0.133,3,-0.042,False,False,False,,True
faltered,3,property_tax AND NOT contestation AND NOT small,property_tax;contestation;small,100,0.847,0.391,37,14,0.778,0.106,0.13,0.125,0.091,0.0,0.133,3,-0.042,False,False,False,,True
faltered,3,single_tax AND NOT payroll_pit AND autonomy,single_tax;payroll_pit;autonomy,101,0.847,0.378,27,5,0.625,0.038,0.043,0.062,0.0,0.0,0.033,2,-0.042,False,False,False,,False
faltered,3,NOT payroll_pit AND education AND NOT contestation,payroll_pit;education;contestation,010,0.847,0.329,29,5,0.417,0.038,0.0,0.021,0.091,0.125,0.0,3,-0.042,False,False,False,,True
faltered,3,payroll_pit AND NOT education AND small,payroll_pit;education;small,101,0.847,0.319,20,6,0.75,0.045,0.022,0.083,0.045,0.0,0.033,2,-0.042,False,False,False,,False
faltered,3,payroll_pit AND NOT autonomy AND NOT extracurricular,payroll_pit;autonomy;extracurricular,100,0.847,0.295,14,5,0.714,0.038,0.022,0.042,0.045,0.062,0.033,4,-0.042,False,False,False,,True
faltered,3,local_tax_base AND social AND NOT balance,local_tax_base;social;balance,110,0.846,0.388,47,10,0.556,0.076,0.043,0.104,0.091,0.062,0.067,4,-0.043,False,False,False,,True
faltered,3,NOT local_tax_base AND property_tax AND NOT culture,local_tax_base;property_tax;culture,010,0.846,0.378,39,10,0.588,0.076,0.152,0.062,0.0,0.0,0.133,2,-0.043,False,False,False,,False
faltered,3,property_tax AND NOT social AND NOT contestation,property_tax;social;contestation,100,0.846,0.358,28,7,0.538,0.053,0.065,0.083,0.0,0.0,0.067,2,-0.043,False,False,False,,False
faltered,3,payroll_pit AND NOT autonomy AND social,payroll_pit;autonomy;social,101,0.846,0.349,29,12,0.75,0.091,0.087,0.062,0.091,0.188,0.1,4,-0.043,False,False,False,,True
faltered,3,payroll_pit AND NOT culture AND NOT contestation,payroll_pit;culture;contestation,100,0.846,0.346,33,11,0.688,0.083,0.065,0.104,0.136,0.0,0.033,3,-0.043,False,False,False,,True
faltered,3,social AND NOT balance AND small,social;balance;small,101,0.846,0.343,41,11,0.524,0.083,0.043,0.104,0.091,0.125,0.067,4,-0.043,False,False,False,,True
faltered,3,NOT payroll_pit AND contestation AND small,payroll_pit;contestation;small,011,0.846,0.333,30,11,0.579,0.083,0.087,0.104,0.0,0.125,0.133,3,-0.043,False,False,False,,True
faltered,3,single_tax AND NOT autonomy AND NOT balance,single_tax;autonomy;balance,100,0.846,0.332,32,8,0.471,0.061,0.022,0.062,0.136,0.062,0.033,3,-0.043,False,False,False,,True
faltered,3,NOT property_tax AND single_tax AND small,property_tax;single_tax;small,011,0.846,0.33,24,6,0.667,0.045,0.022,0.062,0.045,0.062,0.033,3,-0.043,False,False,False,,True
faltered,3,NOT property_tax AND NOT contestation AND small,property_tax;contestation;small,001,0.846,0.324,23,6,0.5,0.045,0.022,0.042,0.091,0.062,0.033,3,-0.043,False,False,False,,True
faltered,3,single_tax AND NOT autonomy AND NOT extracurricular,single_tax;autonomy;extracurricular,100,0.846,0.321,27,11,0.733,0.083,0.065,0.062,0.091,0.188,0.1,4,-0.043,False,False,False,,True
faltered,3,NOT payroll_pit AND culture AND NOT balance,payroll_pit;culture;balance,010,0.846,0.32,27,4,0.364,0.03,0.022,0.0,0.045,0.125,0.033,3,-0.043,False,False,False,,True
faltered,3,NOT property_tax AND education AND NOT balance,property_tax;education;balance,010,0.846,0.319,27,3,0.333,0.023,0.0,0.021,0.091,0.0,0.0,2,-0.043,False,False,False,,False
faltered,3,NOT property_tax AND social AND small,property_tax;social;small,011,0.846,0.314,12,0,0.0,0.0,0.0,0.0,0.0,0.0,0.0,4,-0.043,False,False,False,,True
faltered,3,NOT local_tax_base AND NOT autonomy AND small,local_tax_base;autonomy;small,001,0.846,0.305,18,4,0.5,0.03,0.043,0.021,0.045,0.0,0.067,3,-0.043,False,False,False,,True
faltered,3,extracurricular AND NOT contestation AND NOT balance,extracurricular;contestation;balance,100,0.845,0.372,41,8,0.533,0.061,0.043,0.042,0.091,0.125,0.033,4,-0.044,False,False,False,,True
faltered,3,NOT property_tax AND autonomy AND education,property_tax;autonomy;education,011,0.845,0.361,27,7,0.5,0.053,0.0,0.062,0.136,0.062,0.0,3,-0.044,False,False,False,,True
faltered,3,single_tax AND NOT autonomy AND culture,single_tax;autonomy;culture,101,0.845,0.361,40,16,0.667,0.121,0.065,0.104,0.182,0.25,0.033,4,-0.044,False,False,False,,True
faltered,3,NOT payroll_pit AND education AND extracurricular,payroll_pit;education;extracurricular,011,0.845,0.361,27,5,0.455,0.038,0.0,0.021,0.091,0.125,0.0,3,-0.044,False,False,False,,True
faltered,3,property_tax AND NOT payroll_pit AND balance,property_tax;payroll_pit;balance,101,0.845,0.36,33,8,0.444,0.061,0.087,0.042,0.091,0.0,0.1,3,-0.044,False,False,False,,True
faltered,3,NOT property_tax AND NOT payroll_pit AND education,property_tax;payroll_pit;education,001,0.845,0.352,33,5,0.385,0.038,0.0,0.021,0.091,0.125,0.0,3,-0.044,False,False,False,,True
faltered,3,local_tax_base AND NOT property_tax AND culture,local_tax_base;property_tax;culture,101,0.845,0.347,21,6,0.6,0.045,0.043,0.021,0.045,0.125,0.033,3,-0.044,False,False,False,,True
faltered,3,property_tax AND NOT payroll_pit AND NOT extracurricular,property_tax;payroll_pit;extracurricular,100,0.845,0.346,28,9,0.562,0.068,0.109,0.083,0.0,0.0,0.133,2,-0.044,False,False,False,,False
faltered,3,single_tax AND NOT culture AND small,single_tax;culture;small,101,0.845,0.333,32,7,0.636,0.053,0.065,0.062,0.0,0.062,0.067,3,-0.044,False,False,False,,True
faltered,3,NOT autonomy AND social AND small,autonomy;social;small,011,0.845,0.328,31,8,0.471,0.061,0.065,0.021,0.091,0.125,0.067,3,-0.044,False,False,False,,True
faltered,3,NOT property_tax AND autonomy AND small,property_tax;autonomy;small,011,0.845,0.325,17,4,0.5,0.03,0.0,0.042,0.045,0.062,0.0,3,-0.044,False,False,False,,True
faltered,3,NOT payroll_pit AND autonomy AND small,payroll_pit;autonomy;small,011,0.845,0.321,21,3,0.3,0.023,0.022,0.021,0.0,0.062,0.033,3,-0.044,False,False,False,,True
faltered,3,payroll_pit AND NOT autonomy AND NOT investment,payroll_pit;autonomy;investment,100,0.845,0.319,18,8,1.0,0.061,0.065,0.042,0.0,0.188,0.067,3,-0.044,False,False,False,,True
faltered,3,NOT local_tax_base AND NOT education AND small,local_tax_base;education;small,001,0.845,0.314,12,4,0.444,0.03,0.022,0.062,0.0,0.0,0.033,2,-0.044,False,False,False,,False
faltered,3,payroll_pit AND NOT autonomy AND NOT balance,payroll_pit;autonomy;balance,100,0.845,0.31,23,7,0.636,0.053,0.043,0.062,0.091,0.0,0.067,3,-0.044,False,False,False,,True
faltered,3,NOT single_tax AND payroll_pit AND NOT autonomy,single_tax;payroll_pit;autonomy,010,0.845,0.308,6,2,0.5,0.015,0.022,0.0,0.0,0.062,0.033,2,-0.044,False,False,False,,False
faltered,3,single_tax AND extracurricular AND NOT balance,single_tax;extracurricular;balance,110,0.844,0.398,45,13,0.619,0.098,0.109,0.062,0.182,0.062,0.133,4,-0.045,False,False,False,,True
faltered,3,single_tax AND NOT payroll_pit AND balance,single_tax;payroll_pit;balance,101,0.844,0.379,38,12,0.667,0.091,0.087,0.083,0.045,0.188,0.1,3,-0.045,False,False,False,,True
faltered,3,social AND NOT culture AND NOT extracurricular,social;culture;extracurricular,100,0.844,0.378,33,10,0.556,0.076,0.087,0.104,0.0,0.062,0.133,3,-0.045,False,False,False,,True
faltered,3,property_tax AND NOT culture AND NOT balance,property_tax;culture;balance,100,0.844,0.375,48,18,0.818,0.136,0.152,0.208,0.045,0.0,0.1,2,-0.045,False,False,False,,False
faltered,3,education AND extracurricular AND NOT balance,education;extracurricular;balance,110,0.844,0.366,41,9,0.529,0.068,0.065,0.042,0.136,0.062,0.067,4,-0.045,False,False,False,,True
faltered,3,payroll_pit AND NOT education AND NOT contestation,payroll_pit;education;contestation,100,0.844,0.364,37,12,0.706,0.091,0.174,0.062,0.045,0.0,0.133,2,-0.045,False,False,False,,False
faltered,3,local_tax_base AND culture AND NOT balance,local_tax_base;culture;balance,110,0.844,0.363,42,10,0.625,0.076,0.043,0.062,0.136,0.125,0.067,4,-0.045,False,False,False,,True
faltered,3,property_tax AND NOT investment AND NOT education,property_tax;investment;education,100,0.844,0.36,38,11,0.579,0.083,0.065,0.104,0.136,0.0,0.033,3,-0.045,False,False,False,,True
faltered,3,single_tax AND NOT autonomy AND contestation,single_tax;autonomy;contestation,101,0.844,0.355,35,11,0.688,0.083,0.109,0.042,0.091,0.125,0.1,4,-0.045,False,False,False,,True
faltered,3,payroll_pit AND NOT autonomy AND education,payroll_pit;autonomy;education,101,0.844,0.354,35,12,0.706,0.091,0.087,0.062,0.091,0.188,0.1,4,-0.045,False,False,False,,True
faltered,3,local_tax_base AND payroll_pit AND NOT investment,local_tax_base;payroll_pit;investment,110,0.844,0.347,34,11,0.733,0.083,0.109,0.062,0.091,0.062,0.1,4,-0.045,False,False,False,,True
faltered,3,single_tax AND NOT autonomy AND small,single_tax;autonomy;small,101,0.844,0.345,41,12,0.545,0.091,0.065,0.062,0.136,0.188,0.067,4,-0.045,False,False,False,,True
faltered,3,NOT investment AND extracurricular AND small,investment;extracurricular;small,011,0.844,0.344,29,11,0.733,0.083,0.109,0.021,0.091,0.188,0.1,3,-0.045,False,False,False,,True
faltered,3,NOT autonomy AND investment AND small,autonomy;investment;small,011,0.844,0.337,32,8,0.444,0.061,0.022,0.083,0.136,0.0,0.033,2,-0.045,False,False,False,,False
faltered,3,NOT education AND balance AND small,education;balance;small,011,0.844,0.332,18,5,0.556,0.038,0.065,0.021,0.045,0.0,0.1,3,-0.045,False,False,False,,True
faltered,3,NOT local_tax_base AND payroll_pit AND NOT autonomy,local_tax_base;payroll_pit;autonomy,010,0.844,0.331,14,5,0.625,0.038,0.043,0.021,0.0,0.125,0.067,3,-0.045,False,False,False,,True
faltered,3,NOT autonomy AND contestation AND small,autonomy;contestation;small,011,0.844,0.331,34,12,0.632,0.091,0.109,0.083,0.045,0.125,0.133,3,-0.045,False,False,False,,True
faltered,3,property_tax AND NOT culture AND small,property_tax;culture;small,101,0.844,0.33,31,8,0.8,0.061,0.065,0.104,0.0,0.0,0.067,2,-0.045,False,False,False,,False
faltered,3,NOT payroll_pit AND NOT investment AND education,payroll_pit;investment;education,001,0.844,0.327,25,5,0.417,0.038,0.022,0.0,0.045,0.188,0.033,3,-0.045,False,False,False,,True
faltered,3,property_tax AND NOT autonomy AND NOT balance,property_tax;autonomy;balance,100,0.844,0.32,33,10,0.526,0.076,0.043,0.104,0.091,0.062,0.067,4,-0.045,False,False,False,,True
faltered,3,property_tax AND single_tax AND NOT education,property_tax;single_tax;education,110,0.843,0.411,50,16,0.727,0.121,0.261,0.062,0.045,0.0,0.2,2,-0.046,False,False,False,,False
faltered,3,NOT property_tax AND education AND NOT small,property_tax;education;small,010,0.843,0.392,37,11,0.611,0.083,0.022,0.062,0.136,0.25,0.033,3,-0.046,False,False,False,,True
faltered,3,NOT investment AND education AND NOT small,investment;education;small,010,0.843,0.374,35,13,0.684,0.098,0.022,0.104,0.136,0.25,0.033,3,-0.046,False,False,False,,True
faltered,3,NOT property_tax AND NOT culture AND education,property_tax;culture;education,001,0.843,0.369,35,9,0.562,0.068,0.022,0.062,0.091,0.188,0.033,3,-0.046,False,False,False,,True
faltered,3,single_tax AND NOT education AND NOT contestation,single_tax;education;contestation,100,0.843,0.367,41,15,0.714,0.114,0.196,0.083,0.045,0.062,0.2,3,-0.046,False,False,False,,True
faltered,3,NOT property_tax AND payroll_pit AND education,property_tax;payroll_pit;education,011,0.843,0.365,29,11,0.688,0.083,0.022,0.083,0.136,0.188,0.033,3,-0.046,False,False,False,,True
faltered,3,single_tax AND NOT autonomy AND social,single_tax;autonomy;social,101,0.843,0.363,36,14,0.667,0.106,0.109,0.062,0.091,0.25,0.1,4,-0.046,False,False,False,,True
faltered,3,NOT payroll_pit AND social AND NOT balance,payroll_pit;social;balance,010,0.843,0.356,33,3,0.214,0.023,0.022,0.021,0.0,0.062,0.033,3,-0.046,False,False,False,,True
faltered,3,payroll_pit AND NOT social AND NOT contestation,payroll_pit;social;contestation,100,0.843,0.354,29,8,0.571,0.061,0.087,0.042,0.091,0.0,0.067,3,-0.046,False,False,False,,True
faltered,3,payroll_pit AND NOT autonomy AND culture,payroll_pit;autonomy;culture,101,0.843,0.349,32,12,0.706,0.091,0.065,0.083,0.091,0.188,0.067,4,-0.046,False,False,False,,True
faltered,3,NOT social AND education AND NOT contestation,social;education;contestation,010,0.843,0.349,30,7,0.583,0.053,0.043,0.042,0.136,0.0,0.033,3,-0.046,False,False,False,,True
faltered,3,NOT local_tax_base AND NOT autonomy AND education,local_tax_base;autonomy;education,001,0.843,0.335,27,7,0.636,0.053,0.043,0.021,0.045,0.188,0.067,3,-0.046,False,False,False,,True
faltered,3,NOT payroll_pit AND investment AND small,payroll_pit;investment;small,011,0.843,0.335,32,7,0.412,0.053,0.043,0.062,0.045,0.062,0.067,4,-0.046,False,False,False,,True
faltered,3,NOT culture AND NOT contestation AND small,culture;contestation;small,001,0.843,0.326,29,6,0.545,0.045,0.065,0.042,0.045,0.0,0.067,3,-0.046,False,False,False,,True
faltered,3,NOT property_tax AND education AND small,property_tax;education;small,011,0.843,0.322,25,5,0.455,0.038,0.0,0.042,0.091,0.062,0.0,3,-0.046,False,False,False,,True
faltered,3,culture AND NOT education AND small,culture;education;small,101,0.843,0.32,17,5,0.625,0.038,0.065,0.0,0.045,0.062,0.1,3,-0.046,False,False,False,,True
faltered,3,NOT payroll_pit AND NOT investment AND small,payroll_pit;investment;small,001,0.843,0.315,27,8,0.471,0.061,0.065,0.042,0.0,0.188,0.1,3,-0.046,False,False,False,,True
faltered,3,NOT property_tax AND culture AND small,property_tax;culture;small,011,0.843,0.311,15,4,0.667,0.03,0.022,0.021,0.045,0.062,0.033,4,-0.046,False,False,False,,True
faltered,3,local_tax_base AND payroll_pit AND contestation,local_tax_base;payroll_pit;contestation,111,0.842,0.404,52,15,0.682,0.114,0.13,0.125,0.091,0.062,0.1,4,-0.047,False,False,False,,True
faltered,3,social AND NOT culture AND NOT balance,social;culture;balance,100,0.842,0.395,49,11,0.524,0.083,0.109,0.104,0.045,0.0,0.133,3,-0.047,False,False,False,,True
faltered,3,property_tax AND NOT payroll_pit AND NOT culture,property_tax;payroll_pit;culture,100,0.842,0.378,39,11,0.611,0.083,0.065,0.146,0.045,0.0,0.067,3,-0.047,False,False,False,,True
faltered,3,single_tax AND NOT culture AND NOT balance,single_tax;culture;balance,100,0.842,0.375,43,12,0.75,0.091,0.152,0.083,0.045,0.0,0.133,2,-0.047,False,False,False,,False
faltered,3,local_tax_base AND extracurricular AND small,local_tax_base;extracurricular;small,111,0.842,0.37,39,12,0.6,0.091,0.109,0.042,0.091,0.188,0.067,3,-0.047,False,False,False,,True
faltered,3,NOT local_tax_base AND NOT culture AND education,local_tax_base;culture;education,001,0.842,0.363,34,10,0.667,0.076,0.087,0.042,0.091,0.125,0.1,4,-0.047,False,False,False,,True
faltered,3,NOT local_tax_base AND property_tax AND NOT balance,local_tax_base;property_tax;balance,010,0.842,0.36,33,9,0.5,0.068,0.087,0.083,0.0,0.062,0.1,3,-0.047,False,False,False,,True
faltered,3,local_tax_base AND NOT culture AND education,local_tax_base;culture;education,101,0.842,0.346,27,6,0.545,0.045,0.043,0.042,0.045,0.062,0.033,4,-0.047,False,False,False,,True
faltered,3,single_tax AND NOT autonomy AND NOT culture,single_tax;autonomy;culture,100,0.842,0.346,26,7,0.583,0.053,0.087,0.021,0.0,0.125,0.133,2,-0.047,False,False,False,,False
faltered,3,single_tax AND NOT payroll_pit AND NOT investment,single_tax;payroll_pit;investment,100,0.842,0.344,29,8,0.533,0.061,0.043,0.042,0.045,0.188,0.033,4,-0.047,False,False,False,,True
faltered,3,single_tax AND NOT payroll_pit AND NOT contestation,single_tax;payroll_pit;contestation,100,0.842,0.343,34,9,0.6,0.068,0.043,0.062,0.045,0.188,0.067,4,-0.047,False,False,False,,True
faltered,3,NOT autonomy AND NOT extracurricular AND balance,autonomy;extracurricular;balance,001,0.842,0.337,31,14,0.778,0.106,0.109,0.104,0.045,0.188,0.133,3,-0.047,False,False,False,,True
faltered,3,education AND contestation AND NOT balance,education;contestation;balance,110,0.842,0.337,28,5,0.417,0.038,0.022,0.042,0.091,0.0,0.033,3,-0.047,False,False,False,,True
faltered,3,NOT investment AND NOT culture AND education,investment;culture;education,001,0.842,0.335,24,8,0.8,0.061,0.022,0.042,0.091,0.188,0.0,3,-0.047,False,False,False,,True
faltered,3,NOT single_tax AND NOT investment AND education,single_tax;investment;education,001,0.842,0.33,17,5,0.625,0.038,0.043,0.021,0.045,0.062,0.067,4,-0.047,False,False,False,,True
faltered,3,NOT property_tax AND culture AND NOT balance,property_tax;culture;balance,010,0.842,0.321,27,5,0.556,0.038,0.022,0.021,0.091,0.062,0.033,4,-0.047,False,False,False,,True
faltered,3,NOT local_tax_base AND NOT culture AND small,local_tax_base;culture;small,001,0.842,0.314,25,6,0.545,0.045,0.043,0.062,0.045,0.0,0.067,3,-0.047,False,False,False,,True
faltered,3,property_tax AND social AND NOT balance,property_tax;social;balance,110,0.841,0.406,61,18,0.643,0.136,0.13,0.167,0.091,0.125,0.167,4,-0.048,False,False,False,,True
faltered,3,single_tax AND NOT payroll_pit AND NOT small,single_tax;payroll_pit;small,100,0.841,0.401,36,11,0.647,0.083,0.109,0.062,0.045,0.125,0.1,4,-0.048,False,False,False,,True
faltered,3,local_tax_base AND property_tax AND NOT autonomy,local_tax_base;property_tax;autonomy,110,0.841,0.372,47,17,0.63,0.129,0.087,0.167,0.136,0.125,0.067,4,-0.048,False,False,False,,True
faltered,3,local_tax_base AND NOT social AND culture,local_tax_base;social;culture,101,0.841,0.367,33,10,0.625,0.076,0.087,0.042,0.091,0.125,0.1,4,-0.048,False,False,False,,True
faltered,3,social AND NOT culture AND education,social;culture;education,101,0.841,0.367,32,9,0.75,0.068,0.087,0.042,0.045,0.125,0.1,4,-0.048,False,False,False,,True
faltered,3,autonomy AND NOT culture AND education,autonomy;culture;education,101,0.841,0.363,32,11,0.733,0.083,0.109,0.042,0.136,0.062,0.1,4,-0.048,False,False,False,,True
faltered,3,culture AND NOT balance AND NOT small,culture;balance;small,100,0.841,0.36,30,3,0.429,0.023,0.0,0.021,0.091,0.0,0.0,2,-0.048,False,False,False,,False
faltered,3,property_tax AND NOT culture AND NOT extracurricular,property_tax;culture;extracurricular,100,0.841,0.359,33,13,0.722,0.098,0.109,0.167,0.0,0.0,0.1,2,-0.048,False,False,False,,False
faltered,3,single_tax AND NOT autonomy AND NOT social,single_tax;autonomy;social,100,0.841,0.349,30,9,0.6,0.068,0.043,0.062,0.091,0.125,0.067,4,-0.048,False,False,False,,True
faltered,3,NOT local_tax_base AND property_tax AND NOT social,local_tax_base;property_tax;social,010,0.841,0.348,16,4,0.4,0.03,0.043,0.042,0.0,0.0,0.067,2,-0.048,False,False,False,,False
faltered,3,payroll_pit AND NOT culture AND NOT extracurricular,payroll_pit;culture;extracurricular,100,0.841,0.341,27,9,0.6,0.068,0.065,0.125,0.0,0.0,0.067,2,-0.048,False,False,False,,False
faltered,3,NOT culture AND extracurricular AND small,culture;extracurricular;small,011,0.841,0.336,21,5,0.625,0.038,0.065,0.0,0.045,0.062,0.067,3,-0.048,False,False,False,,True
faltered,3,single_tax AND NOT autonomy AND NOT contestation,single_tax;autonomy;contestation,100,0.841,0.334,31,12,0.6,0.091,0.043,0.083,0.091,0.25,0.067,3,-0.048,False,False,False,,True
faltered,3,NOT education AND NOT balance AND small,education;balance;small,001,0.841,0.328,31,11,0.647,0.083,0.043,0.146,0.0,0.125,0.067,3,-0.048,False,False,False,,True
faltered,3,NOT culture AND education AND small,culture;education;small,011,0.841,0.322,32,6,0.5,0.045,0.065,0.021,0.045,0.062,0.067,3,-0.048,False,False,False,,True
faltered,3,NOT investment AND NOT culture AND small,investment;culture;small,001,0.841,0.319,28,9,0.6,0.068,0.065,0.104,0.0,0.062,0.067,3,-0.048,False,False,False,,True
faltered,3,single_tax AND social AND NOT culture,single_tax;social;culture,110,0.84,0.414,49,15,0.682,0.114,0.196,0.042,0.091,0.125,0.267,3,-0.049,False,False,False,,True
faltered,3,local_tax_base AND single_tax AND NOT balance,local_tax_base;single_tax;balance,110,0.84,0.397,54,14,0.667,0.106,0.109,0.104,0.136,0.062,0.067,4,-0.049,False,False,False,,True
faltered,3,property_tax AND NOT extracurricular AND NOT small,property_tax;extracurricular;small,100,0.84,0.387,32,9,0.562,0.068,0.087,0.104,0.0,0.0,0.067,2,-0.049,False,False,False,,False
faltered,3,single_tax AND NOT extracurricular AND NOT small,single_tax;extracurricular;small,100,0.84,0.384,32,12,0.8,0.091,0.152,0.062,0.0,0.125,0.167,3,-0.049,False,False,False,,True
faltered,3,NOT property_tax AND single_tax AND education,property_tax;single_tax;education,011,0.84,0.374,39,12,0.6,0.091,0.022,0.083,0.136,0.25,0.033,3,-0.049,False,False,False,,True
faltered,3,single_tax AND NOT payroll_pit AND NOT social,single_tax;payroll_pit;social,100,0.84,0.373,40,11,0.579,0.083,0.065,0.083,0.091,0.125,0.067,4,-0.049,False,False,False,,True
faltered,3,single_tax AND NOT investment AND NOT education,single_tax;investment;education,100,0.84,0.363,35,11,0.611,0.083,0.13,0.062,0.091,0.0,0.1,3,-0.049,False,False,False,,True
faltered,3,single_tax AND NOT culture AND NOT extracurricular,single_tax;culture;extracurricular,100,0.84,0.358,35,12,0.75,0.091,0.152,0.083,0.0,0.062,0.167,3,-0.049,False,False,False,,True
faltered,3,NOT property_tax AND NOT social AND education,property_tax;social;education,001,0.84,0.354,30,7,0.583,0.053,0.0,0.042,0.182,0.062,0.0,3,-0.049,False,False,False,,True
faltered,3,local_tax_base AND NOT education AND small,local_tax_base;education;small,101,0.84,0.353,37,12,0.706,0.091,0.087,0.104,0.045,0.125,0.133,3,-0.049,False,False,False,,True
faltered,3,local_tax_base AND education AND NOT balance,local_tax_base;education;balance,110,0.84,0.351,43,9,0.5,0.068,0.043,0.062,0.136,0.062,0.033,4,-0.049,False,False,False,,True
faltered,3,property_tax AND NOT single_tax AND NOT investment,property_tax;single_tax;investment,100,0.84,0.349,30,8,0.571,0.061,0.043,0.083,0.091,0.0,0.067,3,-0.049,False,False,False,,True
faltered,3,NOT autonomy AND investment AND education,autonomy;investment;education,011,0.84,0.348,35,8,0.471,0.061,0.022,0.083,0.136,0.0,0.033,2,-0.049,False,False,False,,False
faltered,3,property_tax AND NOT investment AND NOT contestation,property_tax;investment;contestation,100,0.84,0.345,34,9,0.562,0.068,0.065,0.062,0.045,0.125,0.033,4,-0.049,False,False,False,,True
faltered,3,NOT autonomy AND education AND contestation,autonomy;education;contestation,011,0.84,0.344,34,9,0.6,0.068,0.087,0.021,0.091,0.125,0.1,3,-0.049,False,False,False,,True
faltered,3,NOT investment AND contestation AND small,investment;contestation;small,011,0.84,0.34,37,14,0.737,0.106,0.109,0.104,0.091,0.125,0.133,4,-0.049,False,False,False,,True
faltered,3,NOT social AND balance AND small,social;balance;small,011,0.84,0.339,28,11,0.846,0.083,0.087,0.062,0.136,0.062,0.133,4,-0.049,False,False,False,,True
faltered,3,NOT single_tax AND education AND NOT contestation,single_tax;education;contestation,010,0.84,0.334,27,6,0.5,0.045,0.0,0.042,0.136,0.062,0.0,3,-0.049,False,False,False,,True
faltered,3,culture AND NOT education AND NOT balance,culture;education;balance,100,0.84,0.333,24,3,0.5,0.023,0.022,0.0,0.045,0.062,0.033,3,-0.049,False,False,False,,True
faltered,3,NOT autonomy AND NOT contestation AND small,autonomy;contestation;small,001,0.84,0.326,31,8,0.444,0.061,0.043,0.042,0.091,0.125,0.067,4,-0.049,False,False,False,,True
faltered,3,NOT property_tax AND extracurricular AND small,property_tax;extracurricular;small,011,0.84,0.325,14,4,0.571,0.03,0.022,0.0,0.045,0.125,0.033,3,-0.049,False,False,False,,True
faltered,3,NOT single_tax AND extracurricular AND small,single_tax;extracurricular;small,011,0.84,0.325,14,4,0.571,0.03,0.043,0.0,0.045,0.062,0.067,3,-0.049,False,False,False,,True
faltered,3,NOT payroll_pit AND NOT contestation AND small,payroll_pit;contestation;small,001,0.84,0.32,29,4,0.267,0.03,0.022,0.0,0.045,0.125,0.033,3,-0.049,False,False,False,,True
faltered,3,NOT autonomy AND education AND NOT extracurricular,autonomy;education;extracurricular,010,0.84,0.314,29,9,0.6,0.068,0.043,0.062,0.091,0.125,0.067,4,-0.049,False,False,False,,True
faltered,3,NOT property_tax AND NOT balance AND small,property_tax;balance;small,001,0.84,0.312,28,7,0.467,0.053,0.043,0.062,0.0,0.125,0.067,3,-0.049,False,False,False,,True
faltered,3,NOT property_tax AND payroll_pit AND small,property_tax;payroll_pit;small,011,0.84,0.307,16,4,0.667,0.03,0.0,0.062,0.045,0.0,0.0,2,-0.049,False,False,False,,False
faltered,3,NOT payroll_pit AND education AND NOT balance,payroll_pit;education;balance,010,0.84,0.305,25,2,0.167,0.015,0.0,0.0,0.045,0.062,0.0,2,-0.049,False,False,False,,False
faltered,3,single_tax AND social AND NOT education,single_tax;social;education,110,0.839,0.429,54,17,0.739,0.129,0.283,0.042,0.091,0.0,0.3,2,-0.05,False,False,False,,False
faltered,3,property_tax AND payroll_pit AND NOT culture,property_tax;payroll_pit;culture,110,0.839,0.4,52,16,0.727,0.121,0.217,0.104,0.045,0.0,0.167,2,-0.05,False,False,False,,False
faltered,3,property_tax AND NOT payroll_pit AND NOT education,property_tax;payroll_pit;education,100,0.839,0.39,44,13,0.591,0.098,0.109,0.125,0.091,0.0,0.1,3,-0.05,False,False,False,,True
faltered,3,NOT culture AND education AND NOT small,culture;education;small,010,0.839,0.39,29,10,0.714,0.076,0.065,0.062,0.091,0.125,0.067,4,-0.05,False,False,False,,True
faltered,3,single_tax AND NOT education AND NOT balance,single_tax;education;balance,100,0.839,0.376,37,12,0.8,0.091,0.13,0.083,0.091,0.0,0.133,3,-0.05,False,False,False,,True
faltered,3,property_tax AND NOT payroll_pit AND NOT social,property_tax;payroll_pit;social,100,0.839,0.369,35,11,0.579,0.083,0.065,0.146,0.045,0.0,0.067,3,-0.05,False,False,False,,True
faltered,3,investment AND NOT culture AND education,investment;culture;education,101,0.839,0.364,37,8,0.5,0.061,0.109,0.042,0.045,0.0,0.133,3,-0.05,False,False,False,,True
faltered,3,local_tax_base AND NOT social AND education,local_tax_base;social;education,101,0.839,0.359,33,8,0.533,0.061,0.065,0.062,0.045,0.062,0.067,4,-0.05,False,False,False,,True
faltered,3,NOT payroll_pit AND investment AND culture,payroll_pit;investment;culture,011,0.839,0.359,36,8,0.444,0.061,0.065,0.021,0.136,0.062,0.067,3,-0.05,False,False,False,,True
faltered,3,NOT property_tax AND culture AND education,property_tax;culture;education,011,0.839,0.357,27,7,0.538,0.053,0.0,0.042,0.136,0.125,0.0,3,-0.05,False,False,False,,True
faltered,3,NOT property_tax AND single_tax AND NOT extracurricular,property_tax;single_tax;extracurricular,010,0.839,0.353,31,10,0.714,0.076,0.087,0.062,0.045,0.125,0.133,4,-0.05,False,False,False,,True
faltered,3,investment AND education AND NOT balance,investment;education;balance,110,0.839,0.353,37,6,0.375,0.045,0.0,0.083,0.091,0.0,0.0,2,-0.05,False,False,False,,False
faltered,3,single_tax AND NOT culture AND NOT contestation,single_tax;culture;contestation,100,0.839,0.352,36,9,0.529,0.068,0.087,0.062,0.045,0.062,0.1,4,-0.05,False,False,False,,True
faltered,3,NOT property_tax AND payroll_pit AND NOT contestation,property_tax;payroll_pit;contestation,010,0.839,0.351,34,13,0.619,0.098,0.087,0.083,0.136,0.125,0.067,4,-0.05,False,False,False,,True
faltered,3,property_tax AND NOT investment AND NOT balance,property_tax;investment;balance,100,0.839,0.343,35,11,0.688,0.083,0.065,0.104,0.045,0.125,0.067,4,-0.05,False,False,False,,True
faltered,3,NOT property_tax AND NOT education AND small,property_tax;education;small,001,0.839,0.336,23,8,0.533,0.061,0.065,0.062,0.0,0.125,0.1,3,-0.05,False,False,False,,True
faltered,3,NOT culture AND balance AND small,culture;balance;small,011,0.839,0.323,22,7,0.636,0.053,0.065,0.042,0.045,0.062,0.1,4,-0.05,False,False,False,,True
faltered,3,NOT property_tax AND NOT investment AND small,property_tax;investment;small,001,0.839,0.316,22,6,0.462,0.045,0.043,0.042,0.0,0.125,0.067,3,-0.05,False,False,False,,True
faltered,3,single_tax AND NOT payroll_pit AND NOT education,single_tax;payroll_pit;education,100,0.838,0.388,34,11,0.688,0.083,0.13,0.083,0.0,0.062,0.133,3,-0.051,False,False,False,,True
faltered,3,single_tax AND NOT payroll_pit AND extracurricular,single_tax;payroll_pit;extracurricular,101,0.838,0.384,33,8,0.471,0.061,0.043,0.062,0.045,0.125,0.033,4,-0.051,False,False,False,,True
faltered,3,NOT property_tax AND education AND balance,property_tax;education;balance,011,0.838,0.38,35,13,0.65,0.098,0.022,0.083,0.136,0.312,0.033,3,-0.051,False,False,False,,True
faltered,3,NOT culture AND education AND balance,culture;education;balance,011,0.838,0.378,37,14,0.7,0.106,0.109,0.083,0.091,0.188,0.133,4,-0.051,False,False,False,,True
faltered,3,NOT property_tax AND single_tax AND culture,property_tax;single_tax;culture,011,0.838,0.373,36,13,0.765,0.098,0.065,0.083,0.182,0.125,0.067,4,-0.051,False,False,False,,True
faltered,3,NOT social AND education AND NOT small,social;education;small,010,0.838,0.368,19,4,0.444,0.03,0.0,0.042,0.091,0.0,0.0,2,-0.051,False,False,False,,False
faltered,3,NOT social AND NOT extracurricular AND balance,social;extracurricular;balance,001,0.838,0.365,38,14,0.609,0.106,0.152,0.104,0.045,0.062,0.2,3,-0.051,False,False,False,,True
faltered,3,single_tax AND NOT autonomy AND balance,single_tax;autonomy;balance,101,0.838,0.364,34,15,0.789,0.114,0.13,0.062,0.045,0.312,0.133,3,-0.051,False,False,False,,True
faltered,3,local_tax_base AND payroll_pit AND NOT contestation,local_tax_base;payroll_pit;contestation,110,0.838,0.354,38,10,0.667,0.076,0.087,0.083,0.091,0.0,0.1,3,-0.051,False,False,False,,True
faltered,3,autonomy AND education AND NOT balance,autonomy;education;balance,110,0.838,0.353,32,5,0.417,0.038,0.022,0.042,0.045,0.062,0.0,4,-0.051,False,False,False,,True
faltered,3,property_tax AND NOT single_tax AND NOT balance,property_tax;single_tax;balance,100,0.838,0.347,36,12,0.706,0.091,0.043,0.188,0.045,0.0,0.033,1,-0.051,False,False,False,,False
faltered,3,NOT autonomy AND investment AND culture,autonomy;investment;culture,011,0.838,0.347,32,9,0.474,0.068,0.022,0.062,0.182,0.062,0.033,3,-0.051,False,False,False,,True
faltered,3,NOT payroll_pit AND NOT social AND education,payroll_pit;social;education,001,0.838,0.343,28,6,0.429,0.045,0.022,0.042,0.091,0.062,0.033,3,-0.051,False,False,False,,True
faltered,3,NOT investment AND social AND small,investment;social;small,011,0.838,0.338,33,11,0.55,0.083,0.087,0.062,0.045,0.188,0.1,4,-0.051,False,False,False,,True
faltered,3,NOT property_tax AND investment AND small,property_tax;investment;small,011,0.838,0.335,26,7,0.538,0.053,0.022,0.062,0.091,0.062,0.033,3,-0.051,False,False,False,,True
faltered,3,NOT property_tax AND NOT payroll_pit AND small,property_tax;payroll_pit;small,001,0.838,0.334,32,9,0.45,0.068,0.065,0.042,0.045,0.188,0.1,4,-0.051,False,False,False,,True
faltered,3,NOT social AND education AND NOT extracurricular,social;education;extracurricular,010,0.838,0.33,29,6,0.5,0.045,0.043,0.062,0.045,0.0,0.067,3,-0.051,False,False,False,,True
faltered,3,local_tax_base AND NOT single_tax AND education,local_tax_base;single_tax;education,101,0.838,0.323,17,3,0.333,0.023,0.022,0.021,0.045,0.0,0.033,3,-0.051,False,False,False,,True
faltered,3,NOT single_tax AND NOT investment AND small,single_tax;investment;small,001,0.838,0.313,22,9,0.6,0.068,0.065,0.104,0.0,0.062,0.1,3,-0.051,False,False,False,,True
faltered,3,local_tax_base AND property_tax AND NOT small,local_tax_base;property_tax;small,110,0.837,0.445,61,20,0.714,0.152,0.13,0.208,0.182,0.0,0.1,3,-0.052,False,False,False,,True
faltered,3,payroll_pit AND extracurricular AND NOT balance,payroll_pit;extracurricular;balance,110,0.837,0.403,56,16,0.696,0.121,0.152,0.083,0.227,0.0,0.167,3,-0.052,False,False,False,,True
faltered,3,property_tax AND NOT social AND NOT small,property_tax;social;small,100,0.837,0.401,32,11,0.611,0.083,0.087,0.125,0.045,0.0,0.067,3,-0.052,False,False,False,,True
faltered,3,NOT local_tax_base AND property_tax AND NOT education,local_tax_base;property_tax;education,010,0.837,0.39,46,12,0.571,0.091,0.196,0.062,0.0,0.0,0.167,2,-0.052,False,False,False,,False
faltered,3,local_tax_base AND social AND NOT culture,local_tax_base;social;culture,110,0.837,0.389,35,8,0.533,0.061,0.065,0.062,0.045,0.062,0.1,4,-0.052,False,False,False,,True
faltered,3,single_tax AND contestation AND NOT balance,single_tax;contestation;balance,110,0.837,0.385,43,12,0.706,0.091,0.109,0.083,0.136,0.0,0.1,3,-0.052,False,False,False,,True
faltered,3,single_tax AND NOT culture AND education,single_tax;culture;education,101,0.837,0.373,42,10,0.588,0.076,0.087,0.042,0.045,0.188,0.1,4,-0.052,False,False,False,,True
faltered,3,local_tax_base AND NOT property_tax AND single_tax,local_tax_base;property_tax;single_tax,101,0.837,0.372,36,10,0.625,0.076,0.065,0.083,0.045,0.125,0.1,4,-0.052,False,False,False,,True
faltered,3,NOT property_tax AND investment AND education,property_tax;investment;education,011,0.837,0.363,33,7,0.467,0.053,0.022,0.062,0.136,0.0,0.033,2,-0.052,False,False,False,,False
faltered,3,NOT payroll_pit AND culture AND contestation,payroll_pit;culture;contestation,011,0.837,0.363,29,8,0.471,0.061,0.109,0.0,0.136,0.0,0.1,2,-0.052,False,False,False,,False
faltered,3,NOT autonomy AND culture AND education,autonomy;culture;education,011,0.837,0.362,42,15,0.652,0.114,0.087,0.062,0.182,0.25,0.1,4,-0.052,False,False,False,,True
faltered,3,NOT property_tax AND single_tax AND NOT autonomy,property_tax;single_tax;autonomy,010,0.837,0.354,34,13,0.684,0.098,0.087,0.062,0.091,0.25,0.133,4,-0.052,False,False,False,,True
faltered,3,single_tax AND NOT payroll_pit AND NOT autonomy,single_tax;payroll_pit;autonomy,100,0.837,0.354,34,12,0.571,0.091,0.087,0.042,0.091,0.25,0.1,3,-0.052,False,False,False,,True
faltered,3,social AND NOT contestation AND NOT balance,social;contestation;balance,100,0.837,0.354,45,10,0.5,0.076,0.043,0.083,0.091,0.125,0.067,4,-0.052,False,False,False,,True
faltered,3,culture AND contestation AND NOT balance,culture;contestation;balance,110,0.837,0.353,33,6,0.462,0.045,0.043,0.042,0.091,0.0,0.067,3,-0.052,False,False,False,,True
faltered,3,single_tax AND NOT investment AND NOT contestation,single_tax;investment;contestation,100,0.837,0.352,41,15,0.652,0.114,0.109,0.083,0.091,0.25,0.067,4,-0.052,False,False,False,,True
faltered,3,investment AND NOT education AND small,investment;education;small,101,0.837,0.35,27,6,0.545,0.045,0.043,0.062,0.0,0.062,0.067,3,-0.052,False,False,False,,True
faltered,3,property_tax AND NOT single_tax AND NOT contestation,property_tax;single_tax;contestation,100,0.837,0.346,30,8,0.533,0.061,0.022,0.125,0.045,0.0,0.033,2,-0.052,False,False,False,,False
faltered,3,NOT investment AND education AND NOT contestation,investment;education;contestation,010,0.837,0.346,38,12,0.632,0.091,0.043,0.062,0.091,0.312,0.033,3,-0.052,False,False,False,,True
faltered,3,NOT property_tax AND NOT investment AND education,property_tax;investment;education,001,0.837,0.342,29,9,0.643,0.068,0.0,0.042,0.091,0.312,0.0,3,-0.052,False,False,False,,True
faltered,3,NOT social AND NOT contestation AND small,social;contestation;small,001,0.837,0.342,33,8,0.533,0.061,0.065,0.042,0.091,0.062,0.067,4,-0.052,False,False,False,,True
faltered,3,autonomy AND NOT culture AND small,autonomy;culture;small,101,0.837,0.339,34,10,0.714,0.076,0.065,0.104,0.045,0.062,0.067,4,-0.052,False,False,False,,True
faltered,3,NOT autonomy AND education AND NOT contestation,autonomy;education;contestation,010,0.837,0.338,37,11,0.579,0.083,0.022,0.083,0.091,0.25,0.033,3,-0.052,False,False,False,,True
faltered,3,NOT autonomy AND NOT investment AND small,autonomy;investment;small,001,0.837,0.328,33,12,0.632,0.091,0.13,0.042,0.0,0.25,0.167,2,-0.052,False,False,False,,False
faltered,3,NOT property_tax AND contestation AND small,property_tax;contestation;small,011,0.837,0.327,25,7,0.5,0.053,0.043,0.062,0.0,0.125,0.067,3,-0.052,False,False,False,,True
faltered,3,NOT single_tax AND NOT autonomy AND education,single_tax;autonomy;education,001,0.837,0.325,18,4,0.571,0.03,0.043,0.021,0.0,0.062,0.067,3,-0.052,False,False,False,,True
faltered,3,NOT autonomy AND culture AND NOT balance,autonomy;culture;balance,010,0.837,0.324,39,11,0.55,0.083,0.065,0.062,0.136,0.125,0.1,4,-0.052,False,False,False,,True
faltered,3,NOT single_tax AND education AND NOT balance,single_tax;education;balance,010,0.837,0.303,21,3,0.375,0.023,0.022,0.021,0.045,0.0,0.033,3,-0.052,False,False,False,,True
faltered,3,local_tax_base AND single_tax AND NOT social,local_tax_base;single_tax;social,110,0.836,0.398,54,15,0.652,0.114,0.13,0.104,0.091,0.125,0.1,4,-0.053,False,False,False,,True
faltered,3,NOT property_tax AND single_tax AND social,property_tax;single_tax;social,011,0.836,0.398,37,13,0.65,0.098,0.087,0.062,0.136,0.188,0.133,4,-0.053,False,False,False,,True
faltered,3,single_tax AND NOT contestation AND NOT small,single_tax;contestation;small,100,0.836,0.398,52,19,0.679,0.144,0.196,0.104,0.091,0.188,0.2,4,-0.053,False,False,False,,True
faltered,3,property_tax AND NOT investment AND NOT small,property_tax;investment;small,100,0.836,0.385,44,11,0.5,0.083,0.065,0.104,0.136,0.0,0.033,3,-0.053,False,False,False,,True
faltered,3,NOT investment AND education AND balance,investment;education;balance,011,0.836,0.379,39,16,0.727,0.121,0.065,0.104,0.091,0.375,0.067,4,-0.053,False,False,False,,True
faltered,3,NOT autonomy AND education AND extracurricular,autonomy;education;extracurricular,011,0.836,0.373,42,11,0.579,0.083,0.065,0.042,0.091,0.25,0.067,4,-0.053,False,False,False,,True
faltered,3,local_tax_base AND NOT autonomy AND culture,local_tax_base;autonomy;culture,101,0.836,0.365,42,18,0.72,0.136,0.13,0.083,0.182,0.25,0.1,4,-0.053,False,False,False,,True
faltered,3,NOT culture AND education AND contestation,culture;education;contestation,011,0.836,0.365,32,7,0.467,0.053,0.087,0.021,0.0,0.125,0.1,2,-0.053,False,False,False,,False
faltered,3,social AND education AND NOT balance,social;education;balance,110,0.836,0.363,46,10,0.5,0.076,0.043,0.083,0.091,0.125,0.067,4,-0.053,False,False,False,,True
faltered,3,property_tax AND NOT social AND culture,property_tax;social;culture,101,0.836,0.362,28,6,0.429,0.045,0.065,0.042,0.045,0.0,0.1,3,-0.053,False,False,False,,True
faltered,3,local_tax_base AND NOT payroll_pit AND education,local_tax_base;payroll_pit;education,101,0.836,0.355,29,7,0.412,0.053,0.022,0.042,0.091,0.125,0.033,3,-0.053,False,False,False,,True
faltered,3,NOT autonomy AND culture AND contestation,autonomy;culture;contestation,011,0.836,0.352,35,12,0.75,0.091,0.13,0.021,0.182,0.062,0.1,3,-0.053,False,False,False,,True
faltered,3,NOT property_tax AND payroll_pit AND NOT extracurricular,property_tax;payroll_pit;extracurricular,010,0.836,0.334,18,5,0.556,0.038,0.043,0.062,0.0,0.0,0.067,2,-0.053,False,False,False,,False
faltered,3,NOT social AND culture AND NOT balance,social;culture;balance,010,0.836,0.33,28,4,0.364,0.03,0.022,0.021,0.045,0.062,0.033,4,-0.053,False,False,False,,True
faltered,3,NOT property_tax AND balance AND small,property_tax;balance;small,011,0.836,0.324,20,6,0.545,0.045,0.022,0.042,0.091,0.062,0.033,3,-0.053,False,False,False,,True
faltered,3,NOT single_tax AND social AND small,single_tax;social;small,011,0.836,0.314,20,5,0.385,0.038,0.043,0.062,0.0,0.0,0.067,2,-0.053,False,False,False,,False
faltered,3,local_tax_base AND single_tax AND NOT small,local_tax_base;single_tax;small,110,0.835,0.431,51,16,0.696,0.121,0.152,0.125,0.091,0.062,0.133,4,-0.054,False,False,False,,True
faltered,3,local_tax_base AND payroll_pit AND investment,local_tax_base;payroll_pit;investment,111,0.835,0.412,56,14,0.636,0.106,0.109,0.146,0.091,0.0,0.1,3,-0.054,False,False,False,,True
faltered,3,local_tax_base AND payroll_pit AND balance,local_tax_base;payroll_pit;balance,111,0.835,0.411,49,14,0.609,0.106,0.152,0.083,0.091,0.062,0.167,4,-0.054,False,False,False,,True
faltered,3,single_tax AND NOT payroll_pit AND NOT culture,single_tax;payroll_pit;culture,100,0.835,0.384,38,10,0.625,0.076,0.109,0.062,0.0,0.125,0.133,3,-0.054,False,False,False,,True
faltered,3,property_tax AND NOT education AND NOT balance,property_tax;education;balance,100,0.835,0.382,48,17,0.773,0.129,0.13,0.208,0.045,0.0,0.1,2,-0.054,False,False,False,,False
faltered,3,NOT property_tax AND single_tax AND NOT payroll_pit,property_tax;single_tax;payroll_pit,010,0.835,0.381,42,12,0.632,0.091,0.065,0.083,0.091,0.188,0.1,4,-0.054,False,False,False,,True
faltered,3,property_tax AND NOT payroll_pit AND autonomy,property_tax;payroll_pit;autonomy,101,0.835,0.381,36,8,0.5,0.061,0.087,0.042,0.091,0.0,0.1,3,-0.054,False,False,False,,True
faltered,3,local_tax_base AND NOT property_tax AND autonomy,local_tax_base;property_tax;autonomy,101,0.835,0.378,29,4,0.364,0.03,0.022,0.042,0.0,0.062,0.033,3,-0.054,False,False,False,,True
faltered,3,property_tax AND NOT social AND balance,property_tax;social;balance,101,0.835,0.377,35,10,0.588,0.076,0.109,0.083,0.045,0.0,0.167,3,-0.054,False,False,False,,True
faltered,3,NOT property_tax AND social AND education,property_tax;social;education,011,0.835,0.366,32,9,0.529,0.068,0.022,0.062,0.045,0.25,0.033,3,-0.054,False,False,False,,True
faltered,3,NOT culture AND NOT extracurricular AND balance,culture;extracurricular;balance,001,0.835,0.363,36,12,0.545,0.091,0.13,0.104,0.0,0.062,0.2,3,-0.054,False,False,False,,True
faltered,3,single_tax AND NOT social AND NOT contestation,single_tax;social;contestation,100,0.835,0.362,39,11,0.579,0.083,0.109,0.083,0.045,0.062,0.1,4,-0.054,False,False,False,,True
faltered,3,NOT autonomy AND culture AND balance,autonomy;culture;balance,011,0.835,0.359,28,13,0.684,0.098,0.087,0.042,0.136,0.25,0.033,3,-0.054,False,False,False,,True
faltered,3,NOT property_tax AND education AND contestation,property_tax;education;contestation,011,0.835,0.357,29,7,0.467,0.053,0.022,0.042,0.091,0.125,0.033,3,-0.054,False,False,False,,True
faltered,3,single_tax AND NOT investment AND NOT culture,single_tax;investment;culture,100,0.835,0.354,38,8,0.533,0.061,0.043,0.042,0.045,0.188,0.033,4,-0.054,False,False,False,,True
faltered,3,NOT property_tax AND payroll_pit AND NOT balance,property_tax;payroll_pit;balance,010,0.835,0.349,35,9,0.643,0.068,0.022,0.083,0.182,0.0,0.033,2,-0.054,False,False,False,,False
faltered,3,NOT payroll_pit AND NOT culture AND education,payroll_pit;culture;education,001,0.835,0.349,29,4,0.4,0.03,0.0,0.042,0.0,0.125,0.0,2,-0.054,False,False,False,,False
faltered,3,NOT single_tax AND payroll_pit AND education,single_tax;payroll_pit;education,011,0.835,0.347,24,8,0.615,0.061,0.065,0.042,0.091,0.062,0.067,4,-0.054,False,False,False,,True
faltered,3,payroll_pit AND NOT investment AND NOT contestation,payroll_pit;investment;contestation,100,0.835,0.345,36,15,0.789,0.114,0.109,0.083,0.136,0.188,0.067,4,-0.054,False,False,False,,True
faltered,3,NOT single_tax AND payroll_pit AND NOT contestation,single_tax;payroll_pit;contestation,010,0.835,0.342,28,7,0.636,0.053,0.022,0.062,0.091,0.062,0.0,3,-0.054,False,False,False,,True
faltered,3,NOT payroll_pit AND NOT education AND small,payroll_pit;education;small,001,0.835,0.342,29,10,0.556,0.076,0.087,0.083,0.0,0.125,0.133,3,-0.054,False,False,False,,True
faltered,3,NOT education AND contestation AND small,education;contestation;small,011,0.835,0.341,31,12,0.706,0.091,0.087,0.125,0.045,0.062,0.133,3,-0.054,False,False,False,,True
faltered,3,NOT property_tax AND NOT social AND small,property_tax;social;small,001,0.835,0.338,36,13,0.65,0.098,0.065,0.104,0.091,0.188,0.1,4,-0.054,False,False,False,,True
faltered,3,NOT autonomy AND NOT culture AND education,autonomy;culture;education,001,0.835,0.336,29,5,0.455,0.038,0.022,0.042,0.0,0.125,0.033,3,-0.054,False,False,False,,True
faltered,3,NOT autonomy AND NOT social AND small,autonomy;social;small,001,0.835,0.332,34,12,0.6,0.091,0.087,0.104,0.045,0.125,0.133,3,-0.054,False,False,False,,True
faltered,3,investment AND extracurricular AND NOT balance,investment;extracurricular;balance,110,0.834,0.432,62,13,0.542,0.098,0.087,0.125,0.136,0.0,0.1,3,-0.055,False,False,False,,True
faltered,3,property_tax AND social AND NOT education,property_tax;social;education,110,0.834,0.425,69,18,0.6,0.136,0.261,0.104,0.045,0.0,0.233,2,-0.055,False,False,False,,False
faltered,3,social AND contestation AND NOT balance,social;contestation;balance,110,0.834,0.409,53,12,0.522,0.091,0.109,0.104,0.091,0.0,0.133,3,-0.055,False,False,False,,True
faltered,3,payroll_pit AND NOT contestation AND NOT small,payroll_pit;contestation;small,100,0.834,0.395,50,17,0.654,0.129,0.174,0.083,0.136,0.125,0.133,4,-0.055,False,False,False,,True
faltered,3,local_tax_base AND education AND contestation,local_tax_base;education;contestation,111,0.834,0.39,49,14,0.583,0.106,0.109,0.104,0.091,0.125,0.1,4,-0.055,False,False,False,,True
faltered,3,property_tax AND NOT culture AND balance,property_tax;culture;balance,101,0.834,0.387,43,9,0.5,0.068,0.13,0.042,0.045,0.0,0.133,3,-0.055,False,False,False,,True
faltered,3,local_tax_base AND property_tax AND NOT investment,local_tax_base;property_tax;investment,110,0.834,0.383,55,18,0.667,0.136,0.152,0.104,0.182,0.125,0.133,4,-0.055,False,False,False,,True
faltered,3,single_tax AND NOT autonomy AND extracurricular,single_tax;autonomy;extracurricular,101,0.834,0.374,39,12,0.571,0.091,0.087,0.062,0.091,0.188,0.067,4,-0.055,False,False,False,,True
faltered,3,NOT social AND education AND balance,social;education;balance,011,0.834,0.371,31,10,0.667,0.076,0.065,0.083,0.091,0.062,0.1,4,-0.055,False,False,False,,True
faltered,3,NOT single_tax AND education AND extracurricular,single_tax;education;extracurricular,011,0.834,0.369,29,9,0.75,0.068,0.065,0.042,0.136,0.062,0.067,4,-0.055,False,False,False,,True
faltered,3,NOT payroll_pit AND NOT extracurricular AND balance,payroll_pit;extracurricular;balance,001,0.834,0.365,45,16,0.552,0.121,0.174,0.104,0.045,0.125,0.2,3,-0.055,False,False,False,,True
faltered,3,NOT local_tax_base AND property_tax AND NOT single_tax,local_tax_base;property_tax;single_tax,010,0.834,0.363,32,8,0.471,0.061,0.109,0.062,0.0,0.0,0.1,2,-0.055,False,False,False,,False
faltered,3,NOT payroll_pit AND social AND NOT extracurricular,payroll_pit;social;extracurricular,010,0.834,0.362,34,7,0.368,0.053,0.087,0.042,0.0,0.062,0.1,3,-0.055,False,False,False,,True
faltered,3,extracurricular AND contestation AND small,extracurricular;contestation;small,111,0.834,0.36,33,13,0.812,0.098,0.13,0.062,0.136,0.062,0.133,4,-0.055,False,False,False,,True
faltered,3,NOT autonomy AND investment AND NOT contestation,autonomy;investment;contestation,010,0.834,0.357,48,13,0.464,0.098,0.043,0.125,0.136,0.125,0.067,3,-0.055,False,False,False,,True
faltered,3,NOT property_tax AND NOT single_tax AND education,property_tax;single_tax;education,001,0.834,0.349,23,4,0.444,0.03,0.0,0.021,0.091,0.062,0.0,3,-0.055,False,False,False,,True
faltered,3,NOT single_tax AND NOT culture AND education,single_tax;culture;education,001,0.834,0.349,19,6,0.667,0.045,0.043,0.042,0.091,0.0,0.033,3,-0.055,False,False,False,,True
faltered,3,local_tax_base AND NOT investment AND small,local_tax_base;investment;small,101,0.834,0.348,39,13,0.619,0.098,0.13,0.042,0.045,0.25,0.133,2,-0.055,False,False,False,,False
faltered,3,single_tax AND NOT autonomy AND NOT investment,single_tax;autonomy;investment,100,0.834,0.345,34,12,0.667,0.091,0.087,0.042,0.045,0.312,0.067,2,-0.055,False,False,False,,False
faltered,3,single_tax AND NOT investment AND NOT balance,single_tax;investment;balance,100,0.834,0.341,33,7,0.5,0.053,0.043,0.021,0.091,0.125,0.033,3,-0.055,False,False,False,,True
faltered,3,NOT autonomy AND NOT social AND education,autonomy;social;education,001,0.834,0.341,29,7,0.5,0.053,0.022,0.062,0.091,0.062,0.033,3,-0.055,False,False,False,,True
faltered,3,property_tax AND NOT single_tax AND education,property_tax;single_tax;education,101,0.834,0.339,25,7,0.467,0.053,0.087,0.042,0.045,0.0,0.1,3,-0.055,False,False,False,,True
faltered,3,NOT property_tax AND NOT autonomy AND small,property_tax;autonomy;small,001,0.834,0.328,31,9,0.5,0.068,0.065,0.062,0.045,0.125,0.1,4,-0.055,False,False,False,,True
faltered,3,NOT investment AND NOT social AND small,investment;social;small,001,0.834,0.327,33,10,0.667,0.076,0.087,0.062,0.045,0.125,0.1,4,-0.055,False,False,False,,True
faltered,3,single_tax AND investment AND NOT balance,single_tax;investment;balance,110,0.833,0.41,60,16,0.615,0.121,0.13,0.146,0.136,0.0,0.133,3,-0.056,False,False,False,,True
faltered,3,local_tax_base AND single_tax AND NOT education,local_tax_base;single_tax;education,110,0.833,0.402,49,15,0.682,0.114,0.174,0.104,0.045,0.062,0.167,3,-0.056,False,False,False,,True
faltered,3,property_tax AND single_tax AND NOT social,property_tax;single_tax;social,110,0.833,0.385,38,9,0.529,0.068,0.087,0.083,0.045,0.0,0.033,3,-0.056,False,False,False,,True
faltered,3,local_tax_base AND single_tax AND NOT autonomy,local_tax_base;single_tax;autonomy,110,0.833,0.378,50,18,0.643,0.136,0.13,0.104,0.136,0.25,0.133,4,-0.056,False,False,False,,True
faltered,3,local_tax_base AND NOT property_tax AND social,local_tax_base;property_tax;social,101,0.833,0.368,27,3,0.273,0.023,0.022,0.021,0.0,0.062,0.033,3,-0.056,False,False,False,,True
faltered,3,NOT local_tax_base AND single_tax AND NOT balance,local_tax_base;single_tax;balance,010,0.833,0.366,39,9,0.474,0.068,0.065,0.062,0.091,0.062,0.1,4,-0.056,False,False,False,,True
faltered,3,local_tax_base AND NOT autonomy AND education,local_tax_base;autonomy;education,101,0.833,0.365,44,13,0.565,0.098,0.065,0.083,0.136,0.188,0.067,4,-0.056,False,False,False,,True
faltered,3,NOT autonomy AND investment AND NOT extracurricular,autonomy;investment;extracurricular,010,0.833,0.36,53,16,0.571,0.121,0.109,0.146,0.091,0.125,0.167,4,-0.056,False,False,False,,True
faltered,3,property_tax AND NOT contestation AND NOT balance,property_tax;contestation;balance,100,0.833,0.356,48,12,0.522,0.091,0.065,0.125,0.045,0.125,0.067,3,-0.056,False,False,False,,True
faltered,3,local_tax_base AND NOT investment AND education,local_tax_base;investment;education,101,0.833,0.355,38,12,0.667,0.091,0.109,0.042,0.091,0.188,0.1,3,-0.056,False,False,False,,True
faltered,3,single_tax AND NOT contestation AND NOT balance,single_tax;contestation;balance,100,0.833,0.354,50,11,0.478,0.083,0.065,0.083,0.091,0.125,0.067,4,-0.056,False,False,False,,True
faltered,3,NOT investment AND social AND NOT balance,investment;social;balance,010,0.833,0.353,34,9,0.529,0.068,0.043,0.083,0.045,0.125,0.067,4,-0.056,False,False,False,,True
faltered,3,NOT culture AND NOT education AND small,culture;education;small,001,0.833,0.353,32,11,0.611,0.083,0.043,0.167,0.0,0.062,0.067,3,-0.056,False,False,False,,True
faltered,3,property_tax AND NOT investment AND small,property_tax;investment;small,101,0.833,0.35,44,15,0.682,0.114,0.13,0.083,0.091,0.188,0.133,4,-0.056,False,False,False,,True
faltered,3,NOT property_tax AND NOT autonomy AND education,property_tax;autonomy;education,001,0.833,0.347,35,9,0.6,0.068,0.022,0.042,0.091,0.25,0.033,3,-0.056,False,False,False,,True
faltered,3,investment AND NOT culture AND small,investment;culture;small,101,0.833,0.344,36,8,0.533,0.061,0.043,0.083,0.045,0.062,0.067,4,-0.056,False,False,False,,True
faltered,3,autonomy AND NOT investment AND small,autonomy;investment;small,101,0.833,0.341,33,9,0.562,0.068,0.043,0.083,0.091,0.062,0.033,4,-0.056,False,False,False,,True
faltered,3,NOT property_tax AND NOT culture AND small,property_tax;culture;small,001,0.833,0.34,33,9,0.45,0.068,0.043,0.083,0.045,0.125,0.067,4,-0.056,False,False,False,,True
faltered,3,NOT autonomy AND social AND NOT balance,autonomy;social;balance,010,0.833,0.338,38,8,0.421,0.061,0.043,0.062,0.091,0.062,0.067,4,-0.056,False,False,False,,True
faltered,3,payroll_pit AND NOT investment AND NOT social,payroll_pit;investment;social,100,0.833,0.337,25,6,0.75,0.045,0.043,0.021,0.136,0.0,0.0,2,-0.056,False,False,False,,False
faltered,3,NOT investment AND NOT social AND education,investment;social;education,001,0.833,0.333,24,5,0.556,0.038,0.043,0.0,0.091,0.062,0.033,3,-0.056,False,False,False,,True
faltered,3,property_tax AND NOT investment AND NOT extracurricular,property_tax;investment;extracurricular,100,0.833,0.325,31,9,0.6,0.068,0.043,0.104,0.0,0.125,0.067,3,-0.056,False,False,False,,True
faltered,3,NOT autonomy AND NOT culture AND small,autonomy;culture;small,001,0.833,0.321,30,7,0.438,0.053,0.043,0.083,0.0,0.062,0.067,3,-0.056,False,False,False,,True
faltered,3,NOT single_tax AND payroll_pit AND small,single_tax;payroll_pit;small,011,0.833,0.302,19,7,0.636,0.053,0.043,0.083,0.045,0.0,0.067,3,-0.056,False,False,False,,True
faltered,3,investment AND social AND NOT balance,investment;social;balance,110,0.832,0.424,64,13,0.5,0.098,0.109,0.104,0.136,0.0,0.133,3,-0.057,False,False,False,,True
faltered,3,local_tax_base AND NOT property_tax AND investment,local_tax_base;property_tax;investment,101,0.832,0.397,49,10,0.5,0.076,0.065,0.104,0.0,0.125,0.1,3,-0.057,False,False,False,,True
faltered,3,property_tax AND extracurricular AND NOT contestation,property_tax;extracurricular;contestation,110,0.832,0.395,50,15,0.6,0.114,0.13,0.104,0.091,0.125,0.1,4,-0.057,False,False,False,,True
faltered,3,property_tax AND contestation AND NOT balance,property_tax;contestation;balance,110,0.832,0.391,50,16,0.696,0.121,0.13,0.167,0.091,0.0,0.1,3,-0.057,False,False,False,,True
faltered,3,NOT property_tax AND education AND extracurricular,property_tax;education;extracurricular,011,0.832,0.386,41,11,0.579,0.083,0.0,0.062,0.182,0.25,0.0,3,-0.057,False,False,False,,True
faltered,3,single_tax AND culture AND NOT education,single_tax;culture;education,110,0.832,0.386,45,15,0.75,0.114,0.196,0.062,0.091,0.062,0.167,4,-0.057,False,False,False,,True
faltered,3,property_tax AND payroll_pit AND NOT social,property_tax;payroll_pit;social,110,0.832,0.381,37,9,0.562,0.068,0.109,0.062,0.045,0.0,0.1,3,-0.057,False,False,False,,True
faltered,3,local_tax_base AND autonomy AND NOT investment,local_tax_base;autonomy;investment,110,0.832,0.38,40,9,0.5,0.068,0.087,0.042,0.136,0.0,0.1,3,-0.057,False,False,False,,True
faltered,3,single_tax AND NOT social AND culture,single_tax;social;culture,101,0.832,0.376,42,12,0.6,0.091,0.065,0.104,0.136,0.062,0.067,4,-0.057,False,False,False,,True
faltered,3,NOT autonomy AND culture AND extracurricular,autonomy;culture;extracurricular,011,0.832,0.373,41,15,0.577,0.114,0.087,0.062,0.182,0.25,0.067,4,-0.057,False,False,False,,True
faltered,3,local_tax_base AND NOT contestation AND NOT balance,local_tax_base;contestation;balance,100,0.832,0.367,56,13,0.565,0.098,0.065,0.146,0.045,0.125,0.067,3,-0.057,False,False,False,,True
faltered,3,NOT property_tax AND NOT extracurricular AND balance,property_tax;extracurricular;balance,001,0.832,0.365,40,15,0.6,0.114,0.152,0.104,0.045,0.125,0.167,3,-0.057,False,False,False,,True
faltered,3,investment AND culture AND NOT balance,investment;culture;balance,110,0.832,0.363,40,7,0.389,0.053,0.022,0.083,0.091,0.0,0.033,2,-0.057,False,False,False,,False
faltered,3,NOT local_tax_base AND property_tax AND NOT contestation,local_tax_base;property_tax;contestation,010,0.832,0.36,33,8,0.444,0.061,0.087,0.042,0.0,0.125,0.067,3,-0.057,False,False,False,,True
faltered,3,local_tax_base AND NOT autonomy AND small,local_tax_base;autonomy;small,101,0.832,0.359,47,16,0.552,0.121,0.109,0.104,0.091,0.25,0.133,4,-0.057,False,False,False,,True
faltered,3,property_tax AND NOT social AND NOT extracurricular,property_tax;social;extracurricular,100,0.832,0.359,37,11,0.647,0.083,0.109,0.125,0.0,0.0,0.1,2,-0.057,False,False,False,,False
faltered,3,NOT autonomy AND social AND education,autonomy;social;education,011,0.832,0.357,42,13,0.65,0.098,0.087,0.042,0.091,0.312,0.1,3,-0.057,False,False,False,,True
faltered,3,NOT autonomy AND education AND small,autonomy;education;small,011,0.832,0.351,51,13,0.5,0.098,0.087,0.062,0.136,0.188,0.1,4,-0.057,False,False,False,,True
faltered,3,NOT payroll_pit AND NOT autonomy AND education,payroll_pit;autonomy;education,001,0.832,0.348,36,8,0.471,0.061,0.022,0.042,0.091,0.188,0.033,3,-0.057,False,False,False,,True
faltered,3,NOT autonomy AND NOT investment AND education,autonomy;investment;education,001,0.832,0.343,36,12,0.706,0.091,0.087,0.021,0.045,0.375,0.1,2,-0.057,False,False,False,,False
faltered,3,NOT social AND extracurricular AND small,social;extracurricular;small,011,0.832,0.341,23,8,0.667,0.061,0.065,0.021,0.091,0.125,0.067,3,-0.057,False,False,False,,True
faltered,3,NOT investment AND NOT contestation AND small,investment;contestation;small,001,0.832,0.327,29,7,0.438,0.053,0.065,0.021,0.0,0.188,0.067,2,-0.057,False,False,False,,False
faltered,3,NOT single_tax AND NOT contestation AND small,single_tax;contestation;small,001,0.832,0.316,25,4,0.308,0.03,0.022,0.021,0.045,0.062,0.033,4,-0.057,False,False,False,,True
faltered,3,NOT single_tax AND NOT autonomy AND small,single_tax;autonomy;small,001,0.832,0.312,24,8,0.533,0.061,0.087,0.062,0.0,0.062,0.133,3,-0.057,False,False,False,,True
faltered,3,property_tax AND NOT education AND extracurricular,property_tax;education;extracurricular,101,0.831,0.429,65,17,0.607,0.129,0.217,0.083,0.136,0.0,0.167,3,-0.058,False,False,False,,True
faltered,3,property_tax AND investment AND NOT culture,property_tax;investment;culture,110,0.831,0.42,61,20,0.714,0.152,0.261,0.167,0.0,0.0,0.233,2,-0.058,False,False,False,,False
faltered,3,local_tax_base AND culture AND NOT small,local_tax_base;culture;small,110,0.831,0.408,45,12,0.6,0.091,0.065,0.104,0.136,0.062,0.033,4,-0.058,False,False,False,,True
faltered,3,local_tax_base AND education AND extracurricular,local_tax_base;education;extracurricular,111,0.831,0.408,53,17,0.708,0.129,0.109,0.125,0.182,0.125,0.067,4,-0.058,False,False,False,,True
faltered,3,NOT property_tax AND single_tax AND investment,property_tax;single_tax;investment,011,0.831,0.404,52,15,0.577,0.114,0.109,0.125,0.136,0.062,0.167,4,-0.058,False,False,False,,True
faltered,3,NOT payroll_pit AND autonomy AND social,payroll_pit;autonomy;social,011,0.831,0.396,36,7,0.35,0.053,0.065,0.021,0.091,0.062,0.067,3,-0.058,False,False,False,,True
faltered,3,local_tax_base AND single_tax AND NOT culture,local_tax_base;single_tax;culture,110,0.831,0.39,45,14,0.7,0.106,0.174,0.083,0.045,0.062,0.167,3,-0.058,False,False,False,,True
faltered,3,property_tax AND NOT single_tax AND social,property_tax;single_tax;social,101,0.831,0.384,50,11,0.458,0.083,0.087,0.104,0.091,0.0,0.067,3,-0.058,False,False,False,,True
faltered,3,NOT autonomy AND investment AND balance,autonomy;investment;balance,011,0.831,0.372,39,12,0.5,0.091,0.065,0.104,0.136,0.062,0.1,4,-0.058,False,False,False,,True
faltered,3,payroll_pit AND NOT social AND education,payroll_pit;social;education,101,0.831,0.366,34,8,0.571,0.061,0.065,0.062,0.091,0.0,0.067,3,-0.058,False,False,False,,True
faltered,3,social AND NOT culture AND NOT contestation,social;culture;contestation,100,0.831,0.364,44,13,0.565,0.098,0.065,0.104,0.136,0.125,0.067,4,-0.058,False,False,False,,True
faltered,3,single_tax AND NOT social AND NOT extracurricular,single_tax;social;extracurricular,100,0.831,0.361,44,13,0.684,0.098,0.109,0.125,0.045,0.062,0.1,3,-0.058,False,False,False,,True
faltered,3,autonomy AND NOT education AND small,autonomy;education;small,101,0.831,0.353,35,9,0.6,0.068,0.043,0.104,0.045,0.062,0.067,4,-0.058,False,False,False,,True
faltered,3,NOT social AND NOT education AND small,social;education;small,001,0.831,0.351,33,12,0.667,0.091,0.065,0.125,0.045,0.125,0.1,3,-0.058,False,False,False,,True
faltered,3,payroll_pit AND NOT social AND NOT extracurricular,payroll_pit;social;extracurricular,100,0.831,0.341,29,8,0.615,0.061,0.065,0.104,0.0,0.0,0.067,2,-0.058,False,False,False,,False
faltered,3,NOT culture AND contestation AND small,culture;contestation;small,011,0.831,0.338,35,11,0.579,0.083,0.043,0.146,0.0,0.125,0.067,3,-0.058,False,False,False,,True
faltered,3,local_tax_base AND autonomy AND extracurricular,local_tax_base;autonomy;extracurricular,111,0.83,0.442,57,14,0.636,0.106,0.065,0.146,0.182,0.0,0.033,3,-0.059,False,False,False,,True
faltered,3,local_tax_base AND investment AND extracurricular,local_tax_base;investment;extracurricular,111,0.83,0.439,54,11,0.524,0.083,0.022,0.167,0.091,0.0,0.0,2,-0.059,False,False,False,,False
faltered,3,local_tax_base AND autonomy AND NOT balance,local_tax_base;autonomy;balance,110,0.83,0.406,51,12,0.8,0.091,0.087,0.125,0.045,0.062,0.033,3,-0.059,False,False,False,,True
faltered,3,NOT payroll_pit AND investment AND social,payroll_pit;investment;social,011,0.83,0.395,48,7,0.28,0.053,0.087,0.0,0.091,0.062,0.1,3,-0.059,False,False,False,,True
faltered,3,property_tax AND NOT social AND NOT education,property_tax;social;education,100,0.83,0.394,40,13,0.684,0.098,0.087,0.146,0.091,0.0,0.067,3,-0.059,False,False,False,,True
faltered,3,local_tax_base AND NOT autonomy AND investment,local_tax_base;autonomy;investment,101,0.83,0.389,52,14,0.519,0.106,0.065,0.167,0.091,0.062,0.1,4,-0.059,False,False,False,,True
faltered,3,NOT culture AND education AND extracurricular,culture;education;extracurricular,011,0.83,0.389,41,12,0.667,0.091,0.087,0.062,0.136,0.125,0.067,4,-0.059,False,False,False,,True
faltered,3,NOT contestation AND NOT balance AND NOT small,contestation;balance;small,000,0.83,0.382,52,10,0.625,0.076,0.043,0.104,0.091,0.062,0.067,4,-0.059,False,False,False,,True
faltered,3,single_tax AND NOT education AND NOT extracurricular,single_tax;education;extracurricular,100,0.83,0.376,37,11,0.733,0.083,0.152,0.062,0.0,0.062,0.167,3,-0.059,False,False,False,,True
faltered,3,NOT single_tax AND education AND NOT small,single_tax;education;small,010,0.83,0.375,24,6,0.545,0.045,0.022,0.042,0.091,0.062,0.0,3,-0.059,False,False,False,,True
faltered,3,single_tax AND NOT autonomy AND education,single_tax;autonomy;education,101,0.83,0.371,53,16,0.593,0.121,0.065,0.083,0.182,0.312,0.067,4,-0.059,False,False,False,,True
faltered,3,payroll_pit AND NOT extracurricular AND NOT small,payroll_pit;extracurricular;small,100,0.83,0.371,29,7,0.5,0.053,0.065,0.083,0.0,0.0,0.067,2,-0.059,False,False,False,,False
faltered,3,NOT property_tax AND social AND NOT balance,property_tax;social;balance,010,0.83,0.37,37,4,0.267,0.03,0.022,0.021,0.091,0.0,0.033,3,-0.059,False,False,False,,True
faltered,3,social AND contestation AND small,social;contestation;small,111,0.83,0.366,44,15,0.625,0.114,0.152,0.083,0.136,0.062,0.167,4,-0.059,False,False,False,,True
faltered,3,property_tax AND NOT social AND NOT balance,property_tax;social;balance,100,0.83,0.36,37,10,0.556,0.076,0.065,0.125,0.045,0.0,0.0,3,-0.059,False,False,False,,True
faltered,3,NOT local_tax_base AND property_tax AND NOT investment,local_tax_base;property_tax;investment,010,0.83,0.357,33,8,0.471,0.061,0.043,0.083,0.045,0.062,0.033,4,-0.059,False,False,False,,True
faltered,3,NOT single_tax AND NOT payroll_pit AND education,single_tax;payroll_pit;education,001,0.83,0.342,24,3,0.273,0.023,0.022,0.021,0.045,0.0,0.033,3,-0.059,False,False,False,,True
faltered,3,NOT local_tax_base AND NOT payroll_pit AND culture,local_tax_base;payroll_pit;culture,001,0.83,0.341,31,5,0.294,0.038,0.022,0.021,0.136,0.0,0.0,3,-0.059,False,False,False,,True
faltered,3,NOT autonomy AND NOT social AND culture,autonomy;social;culture,001,0.83,0.34,31,10,0.556,0.076,0.065,0.042,0.136,0.125,0.067,4,-0.059,False,False,False,,True
faltered,3,education AND NOT contestation AND NOT balance,education;contestation;balance,100,0.83,0.339,49,9,0.429,0.068,0.043,0.062,0.091,0.125,0.033,4,-0.059,False,False,False,,True
faltered,3,NOT culture AND NOT balance AND small,culture;balance;small,001,0.83,0.328,42,10,0.526,0.076,0.043,0.146,0.0,0.062,0.033,3,-0.059,False,False,False,,True
faltered,3,NOT social AND education AND NOT balance,social;education;balance,010,0.83,0.324,31,4,0.308,0.03,0.022,0.021,0.091,0.0,0.0,3,-0.059,False,False,False,,True
faltered,3,NOT local_tax_base AND NOT balance AND small,local_tax_base;balance;small,001,0.83,0.319,32,8,0.444,0.061,0.043,0.104,0.0,0.062,0.067,3,-0.059,False,False,False,,True
faltered,3,autonomy AND social AND NOT balance,autonomy;social;balance,110,0.829,0.433,60,14,0.583,0.106,0.109,0.125,0.091,0.062,0.133,4,-0.06,False,False,False,,True
faltered,3,social AND NOT balance AND NOT small,social;balance;small,100,0.829,0.427,57,11,0.5,0.083,0.109,0.083,0.091,0.0,0.133,3,-0.06,False,False,False,,True
faltered,3,payroll_pit AND social AND NOT culture,payroll_pit;social;culture,110,0.829,0.423,67,20,0.606,0.152,0.217,0.146,0.091,0.062,0.2,3,-0.06,False,False,False,,True
faltered,3,local_tax_base AND NOT balance AND NOT small,local_tax_base;balance;small,100,0.829,0.415,58,12,0.6,0.091,0.065,0.146,0.091,0.0,0.033,3,-0.06,False,False,False,,True
faltered,3,property_tax AND investment AND NOT balance,property_tax;investment;balance,110,0.829,0.411,63,17,0.567,0.129,0.13,0.188,0.091,0.0,0.1,3,-0.06,False,False,False,,True
faltered,3,payroll_pit AND social AND NOT balance,payroll_pit;social;balance,110,0.829,0.411,65,19,0.655,0.144,0.13,0.167,0.182,0.062,0.167,3,-0.06,False,False,False,,True
faltered,3,local_tax_base AND property_tax AND NOT balance,local_tax_base;property_tax;balance,110,0.829,0.404,65,19,0.679,0.144,0.109,0.208,0.136,0.062,0.067,3,-0.06,False,False,False,,True
faltered,3,social AND NOT education AND NOT balance,social;education;balance,100,0.829,0.403,52,12,0.522,0.091,0.109,0.104,0.091,0.0,0.133,3,-0.06,False,False,False,,True
faltered,3,property_tax AND NOT single_tax AND extracurricular,property_tax;single_tax;extracurricular,101,0.829,0.396,48,12,0.6,0.091,0.109,0.083,0.136,0.0,0.1,3,-0.06,False,False,False,,True
faltered,3,single_tax AND NOT investment AND NOT small,single_tax;investment;small,100,0.829,0.396,53,18,0.621,0.136,0.109,0.146,0.136,0.188,0.067,4,-0.06,False,False,False,,True
faltered,3,NOT property_tax AND single_tax AND payroll_pit,property_tax;single_tax;payroll_pit,011,0.829,0.393,49,15,0.577,0.114,0.109,0.104,0.136,0.125,0.133,4,-0.06,False,False,False,,True
faltered,3,property_tax AND NOT social AND extracurricular,property_tax;social;extracurricular,101,0.829,0.391,35,9,0.5,0.068,0.065,0.083,0.091,0.0,0.067,3,-0.06,False,False,False,,True
faltered,3,property_tax AND NOT investment AND balance,property_tax;investment;balance,101,0.829,0.381,53,15,0.536,0.114,0.13,0.083,0.182,0.062,0.1,4,-0.06,False,False,False,,True
faltered,3,property_tax AND NOT investment AND contestation,property_tax;investment;contestation,101,0.829,0.38,54,17,0.607,0.129,0.13,0.125,0.182,0.062,0.133,3,-0.06,False,False,False,,True
faltered,3,local_tax_base AND single_tax AND NOT investment,local_tax_base;single_tax;investment,110,0.829,0.379,52,17,0.63,0.129,0.152,0.083,0.136,0.188,0.133,4,-0.06,False,False,False,,True
faltered,3,social AND extracurricular AND small,social;extracurricular;small,111,0.829,0.377,43,12,0.571,0.091,0.109,0.062,0.091,0.125,0.1,4,-0.06,False,False,False,,True
faltered,3,payroll_pit AND NOT culture AND NOT balance,payroll_pit;culture;balance,100,0.829,0.375,54,17,0.739,0.129,0.13,0.167,0.136,0.0,0.1,3,-0.06,False,False,False,,True
faltered,3,NOT local_tax_base AND NOT payroll_pit AND social,local_tax_base;payroll_pit;social,001,0.829,0.373,39,8,0.333,0.061,0.022,0.042,0.136,0.125,0.0,3,-0.06,False,False,False,,True
faltered,3,local_tax_base AND NOT autonomy AND social,local_tax_base;autonomy;social,101,0.829,0.372,46,13,0.565,0.098,0.087,0.062,0.136,0.188,0.067,4,-0.06,False,False,False,,True
faltered,3,NOT property_tax AND single_tax AND NOT investment,property_tax;single_tax;investment,010,0.829,0.361,39,12,0.632,0.091,0.065,0.062,0.091,0.25,0.067,4,-0.06,False,False,False,,True
faltered,3,NOT autonomy AND culture AND NOT small,autonomy;culture;small,010,0.829,0.359,32,11,0.611,0.083,0.043,0.062,0.136,0.188,0.0,4,-0.06,False,False,False,,True
faltered,3,property_tax AND NOT social AND education,property_tax;social;education,101,0.829,0.358,32,7,0.438,0.053,0.087,0.062,0.0,0.0,0.1,2,-0.06,False,False,False,,False
faltered,3,single_tax AND NOT social AND small,single_tax;social;small,101,0.829,0.355,43,11,0.647,0.083,0.065,0.104,0.091,0.062,0.067,4,-0.06,False,False,False,,True
faltered,3,extracurricular AND NOT contestation AND small,extracurricular;contestation;small,101,0.829,0.354,33,7,0.412,0.053,0.043,0.021,0.045,0.188,0.033,3,-0.06,False,False,False,,True
faltered,3,single_tax AND NOT investment AND NOT social,single_tax;investment;social,100,0.829,0.35,35,7,0.467,0.053,0.065,0.021,0.091,0.062,0.033,3,-0.06,False,False,False,,True
faltered,3,NOT investment AND NOT extracurricular AND balance,investment;extracurricular;balance,001,0.829,0.343,34,10,0.588,0.076,0.087,0.083,0.0,0.125,0.1,3,-0.06,False,False,False,,True
faltered,3,contestation AND NOT balance AND small,contestation;balance;small,101,0.829,0.336,40,11,0.55,0.083,0.043,0.146,0.045,0.062,0.067,4,-0.06,False,False,False,,True
faltered,3,NOT payroll_pit AND NOT autonomy AND small,payroll_pit;autonomy;small,001,0.829,0.334,38,12,0.5,0.091,0.087,0.083,0.045,0.188,0.133,3,-0.06,False,False,False,,True
faltered,3,NOT payroll_pit AND culture AND NOT extracurricular,payroll_pit;culture;extracurricular,010,0.829,0.333,30,7,0.438,0.053,0.109,0.0,0.045,0.062,0.1,3,-0.06,False,False,False,,True
faltered,3,NOT autonomy AND culture AND NOT contestation,autonomy;culture;contestation,010,0.829,0.328,32,12,0.522,0.091,0.022,0.083,0.091,0.312,0.033,3,-0.06,False,False,False,,True
faltered,3,NOT local_tax_base AND NOT single_tax AND small,local_tax_base;single_tax;small,001,0.829,0.313,23,8,0.533,0.061,0.065,0.083,0.045,0.0,0.1,3,-0.06,False,False,False,,True
faltered,3,NOT autonomy AND NOT extracurricular AND small,autonomy;extracurricular;small,001,0.829,0.312,35,12,0.571,0.091,0.065,0.125,0.091,0.062,0.1,4,-0.06,False,False,False,,True
faltered,3,property_tax AND NOT culture AND extracurricular,property_tax;culture;extracurricular,101,0.828,0.418,58,14,0.636,0.106,0.174,0.083,0.091,0.0,0.133,3,-0.061,False,False,False,,True
faltered,3,local_tax_base AND payroll_pit AND education,local_tax_base;payroll_pit;education,111,0.828,0.408,64,18,0.643,0.136,0.174,0.125,0.136,0.062,0.167,3,-0.061,False,False,False,,True
faltered,3,local_tax_base AND NOT social AND balance,local_tax_base;social;balance,101,0.828,0.4,53,18,0.6,0.136,0.152,0.167,0.045,0.125,0.2,3,-0.061,False,False,False,,True
faltered,3,property_tax AND NOT education AND NOT extracurricular,property_tax;education;extracurricular,100,0.828,0.382,44,14,0.667,0.106,0.13,0.167,0.0,0.0,0.133,2,-0.061,False,False,False,,False
faltered,3,NOT social AND culture AND contestation,social;culture;contestation,011,0.828,0.374,35,9,0.5,0.068,0.087,0.042,0.136,0.0,0.1,3,-0.061,False,False,False,,True
faltered,3,local_tax_base AND NOT payroll_pit AND culture,local_tax_base;payroll_pit;culture,101,0.828,0.373,38,12,0.5,0.091,0.109,0.021,0.136,0.188,0.1,3,-0.061,False,False,False,,True
faltered,3,NOT payroll_pit AND social AND culture,payroll_pit;social;culture,011,0.828,0.36,34,7,0.333,0.053,0.065,0.0,0.136,0.062,0.033,3,-0.061,False,False,False,,True
faltered,3,NOT social AND education AND contestation,social;education;contestation,011,0.828,0.358,32,7,0.438,0.053,0.043,0.062,0.045,0.062,0.067,4,-0.061,False,False,False,,True
faltered,3,NOT social AND NOT culture AND education,social;culture;education,001,0.828,0.355,29,7,0.5,0.053,0.043,0.042,0.091,0.062,0.033,4,-0.061,False,False,False,,True
faltered,3,local_tax_base AND payroll_pit AND NOT extracurricular,local_tax_base;payroll_pit;extracurricular,110,0.828,0.351,42,10,0.588,0.076,0.109,0.062,0.045,0.062,0.133,4,-0.061,False,False,False,,True
faltered,3,local_tax_base AND NOT culture AND small,local_tax_base;culture;small,101,0.828,0.343,39,11,0.579,0.083,0.065,0.125,0.0,0.125,0.067,3,-0.061,False,False,False,,True
faltered,3,NOT autonomy AND NOT investment AND culture,autonomy;investment;culture,001,0.828,0.342,35,15,0.75,0.114,0.13,0.042,0.091,0.312,0.1,3,-0.061,False,False,False,,True
faltered,3,NOT single_tax AND education AND contestation,single_tax;education;contestation,011,0.828,0.34,21,5,0.417,0.038,0.087,0.021,0.0,0.0,0.1,2,-0.061,False,False,False,,False
faltered,3,NOT local_tax_base AND education AND NOT balance,local_tax_base;education;balance,010,0.828,0.338,34,5,0.333,0.038,0.022,0.042,0.045,0.062,0.033,4,-0.061,False,False,False,,True
faltered,3,NOT local_tax_base AND NOT autonomy AND culture,local_tax_base;autonomy;culture,001,0.828,0.336,25,6,0.429,0.045,0.022,0.021,0.091,0.125,0.033,2,-0.061,False,False,False,,False
faltered,3,NOT autonomy AND social AND NOT extracurricular,autonomy;social;extracurricular,010,0.828,0.328,29,8,0.5,0.061,0.043,0.062,0.045,0.125,0.067,4,-0.061,False,False,False,,True
faltered,3,property_tax AND NOT single_tax AND small,property_tax;single_tax;small,101,0.828,0.323,29,9,0.562,0.068,0.087,0.104,0.0,0.0,0.133,2,-0.061,False,False,False,,False
faltered,3,NOT local_tax_base AND NOT investment AND small,local_tax_base;investment;small,001,0.828,0.321,27,8,0.571,0.061,0.043,0.083,0.045,0.062,0.067,4,-0.061,False,False,False,,True
faltered,3,NOT local_tax_base AND NOT social AND small,local_tax_base;social;small,001,0.828,0.316,24,6,0.5,0.045,0.043,0.042,0.091,0.0,0.067,3,-0.061,False,False,False,,True
faltered,3,NOT single_tax AND education AND small,single_tax;education;small,011,0.828,0.312,24,5,0.385,0.038,0.065,0.021,0.045,0.0,0.1,3,-0.061,False,False,False,,True
faltered,3,local_tax_base AND culture AND contestation,local_tax_base;culture;contestation,111,0.827,0.411,62,20,0.625,0.152,0.217,0.104,0.182,0.062,0.2,3,-0.062,False,False,False,,True
faltered,3,single_tax AND NOT culture AND balance,single_tax;culture;balance,101,0.827,0.407,56,14,0.5,0.106,0.152,0.062,0.045,0.188,0.2,3,-0.062,False,False,False,,True
faltered,3,NOT local_tax_base AND single_tax AND NOT education,local_tax_base;single_tax;education,010,0.827,0.406,53,16,0.64,0.121,0.239,0.062,0.091,0.0,0.233,3,-0.062,False,False,False,,True
faltered,3,NOT property_tax AND single_tax AND contestation,property_tax;single_tax;contestation,011,0.827,0.4,48,12,0.571,0.091,0.087,0.062,0.136,0.125,0.133,4,-0.062,False,False,False,,True
faltered,3,NOT property_tax AND payroll_pit AND social,property_tax;payroll_pit;social,011,0.827,0.399,46,14,0.56,0.106,0.087,0.083,0.136,0.188,0.1,4,-0.062,False,False,False,,True
faltered,3,NOT local_tax_base AND social AND NOT balance,local_tax_base;social;balance,010,0.827,0.396,51,12,0.48,0.091,0.109,0.083,0.091,0.062,0.133,4,-0.062,False,False,False,,True
faltered,3,local_tax_base AND property_tax AND NOT culture,local_tax_base;property_tax;culture,110,0.827,0.395,52,17,0.739,0.129,0.13,0.188,0.091,0.0,0.1,3,-0.062,False,False,False,,True
faltered,3,property_tax AND NOT investment AND extracurricular,property_tax;investment;extracurricular,101,0.827,0.394,57,17,0.586,0.129,0.152,0.083,0.227,0.062,0.1,3,-0.062,False,False,False,,True
faltered,3,local_tax_base AND single_tax AND NOT payroll_pit,local_tax_base;single_tax;payroll_pit,110,0.827,0.393,49,14,0.56,0.106,0.13,0.083,0.045,0.188,0.133,3,-0.062,False,False,False,,True
faltered,3,property_tax AND single_tax AND NOT investment,property_tax;single_tax;investment,110,0.827,0.386,58,18,0.6,0.136,0.152,0.104,0.136,0.188,0.1,4,-0.062,False,False,False,,True
faltered,3,NOT education AND NOT extracurricular AND balance,education;extracurricular;balance,001,0.827,0.383,46,14,0.519,0.106,0.196,0.083,0.0,0.062,0.233,3,-0.062,False,False,False,,True
faltered,3,single_tax AND NOT extracurricular AND balance,single_tax;extracurricular;balance,101,0.827,0.379,48,16,0.667,0.121,0.174,0.062,0.091,0.188,0.267,4,-0.062,False,False,False,,True
faltered,3,property_tax AND culture AND NOT education,property_tax;culture;education,110,0.827,0.377,44,11,0.579,0.083,0.174,0.021,0.091,0.0,0.167,2,-0.062,False,False,False,,False
faltered,3,local_tax_base AND balance AND small,local_tax_base;balance;small,111,0.827,0.375,47,15,0.577,0.114,0.196,0.062,0.045,0.125,0.233,3,-0.062,False,False,False,,True
faltered,3,investment AND NOT contestation AND NOT balance,investment;contestation;balance,100,0.827,0.374,54,9,0.45,0.068,0.043,0.104,0.045,0.062,0.067,4,-0.062,False,False,False,,True
faltered,3,single_tax AND culture AND NOT balance,single_tax;culture;balance,110,0.827,0.371,50,11,0.458,0.083,0.022,0.083,0.182,0.125,0.033,3,-0.062,False,False,False,,True
faltered,3,property_tax AND education AND NOT balance,property_tax;education;balance,110,0.827,0.367,50,11,0.458,0.083,0.065,0.083,0.091,0.125,0.067,4,-0.062,False,False,False,,True
faltered,3,NOT property_tax AND payroll_pit AND culture,property_tax;payroll_pit;culture,011,0.827,0.365,29,9,0.643,0.068,0.065,0.042,0.091,0.125,0.067,4,-0.062,False,False,False,,True
faltered,3,NOT investment AND social AND NOT contestation,investment;social;contestation,010,0.827,0.361,50,18,0.621,0.136,0.065,0.104,0.182,0.375,0.067,3,-0.062,False,False,False,,True
faltered,3,NOT property_tax AND single_tax AND NOT contestation,property_tax;single_tax;contestation,010,0.827,0.358,43,15,0.625,0.114,0.087,0.125,0.091,0.188,0.1,4,-0.062,False,False,False,,True
faltered,3,NOT autonomy AND social AND culture,autonomy;social;culture,011,0.827,0.358,36,14,0.667,0.106,0.087,0.062,0.136,0.25,0.067,4,-0.062,False,False,False,,True
faltered,3,investment AND NOT balance AND small,investment;balance;small,101,0.827,0.357,50,11,0.458,0.083,0.022,0.146,0.091,0.062,0.033,3,-0.062,False,False,False,,True
faltered,3,autonomy AND NOT balance AND small,autonomy;balance;small,101,0.827,0.355,43,10,0.526,0.076,0.022,0.146,0.0,0.125,0.0,2,-0.062,False,False,False,,False
faltered,3,NOT single_tax AND social AND education,single_tax;social;education,011,0.827,0.352,30,6,0.429,0.045,0.043,0.042,0.045,0.062,0.033,4,-0.062,False,False,False,,True
faltered,3,single_tax AND NOT investment AND small,single_tax;investment;small,101,0.827,0.35,44,12,0.6,0.091,0.109,0.021,0.091,0.25,0.1,3,-0.062,False,False,False,,True
faltered,3,payroll_pit AND NOT investment AND NOT culture,payroll_pit;investment;culture,100,0.827,0.347,36,11,0.647,0.083,0.022,0.125,0.136,0.062,0.0,3,-0.062,False,False,False,,True
faltered,3,NOT single_tax AND payroll_pit AND NOT balance,single_tax;payroll_pit;balance,010,0.827,0.338,34,10,0.625,0.076,0.043,0.125,0.091,0.0,0.033,3,-0.062,False,False,False,,True
faltered,3,NOT autonomy AND NOT extracurricular AND NOT contestation,autonomy;extracurricular;contestation,000,0.827,0.332,45,14,0.583,0.106,0.065,0.125,0.091,0.188,0.1,4,-0.062,False,False,False,,True
faltered,3,autonomy AND extracurricular AND NOT balance,autonomy;extracurricular;balance,110,0.826,0.435,63,14,0.667,0.106,0.109,0.083,0.227,0.0,0.1,3,-0.063,False,False,False,,True
faltered,3,property_tax AND payroll_pit AND NOT education,property_tax;payroll_pit;education,110,0.826,0.416,65,18,0.667,0.136,0.239,0.125,0.045,0.0,0.2,2,-0.063,False,False,False,,False
faltered,3,property_tax AND NOT education AND balance,property_tax;education;balance,101,0.826,0.41,61,14,0.519,0.106,0.217,0.042,0.091,0.0,0.2,2,-0.063,False,False,False,,False
faltered,3,local_tax_base AND education AND balance,local_tax_base;education;balance,111,0.826,0.407,50,16,0.593,0.121,0.152,0.104,0.091,0.125,0.167,4,-0.063,False,False,False,,True
faltered,3,local_tax_base AND property_tax AND NOT social,local_tax_base;property_tax;social,110,0.826,0.403,56,16,0.64,0.121,0.13,0.167,0.091,0.0,0.1,3,-0.063,False,False,False,,True
faltered,3,payroll_pit AND NOT balance AND NOT small,payroll_pit;balance;small,100,0.826,0.401,52,14,0.667,0.106,0.109,0.104,0.182,0.0,0.1,3,-0.063,False,False,False,,True
faltered,3,single_tax AND NOT investment AND balance,single_tax;investment;balance,101,0.826,0.399,64,23,0.657,0.174,0.174,0.146,0.136,0.312,0.133,4,-0.063,False,False,False,,True
faltered,3,NOT payroll_pit AND social AND contestation,payroll_pit;social;contestation,011,0.826,0.399,42,7,0.333,0.053,0.065,0.042,0.045,0.062,0.067,4,-0.063,False,False,False,,True
faltered,3,NOT local_tax_base AND single_tax AND NOT culture,local_tax_base;single_tax;culture,010,0.826,0.397,54,12,0.5,0.091,0.13,0.062,0.045,0.125,0.167,3,-0.063,False,False,False,,True
faltered,3,local_tax_base AND extracurricular AND NOT contestation,local_tax_base;extracurricular;contestation,110,0.826,0.396,46,13,0.591,0.098,0.043,0.125,0.091,0.188,0.033,3,-0.063,False,False,False,,True
faltered,3,single_tax AND NOT social AND balance,single_tax;social;balance,101,0.826,0.396,49,14,0.583,0.106,0.109,0.104,0.091,0.125,0.133,4,-0.063,False,False,False,,True
faltered,3,investment AND NOT extracurricular AND balance,investment;extracurricular;balance,101,0.826,0.391,54,16,0.471,0.121,0.217,0.062,0.091,0.062,0.3,4,-0.063,False,False,False,,True
faltered,3,local_tax_base AND contestation AND small,local_tax_base;contestation;small,111,0.826,0.381,59,20,0.625,0.152,0.174,0.146,0.091,0.188,0.2,4,-0.063,False,False,False,,True
faltered,3,payroll_pit AND education AND NOT balance,payroll_pit;education;balance,110,0.826,0.373,52,12,0.571,0.091,0.065,0.104,0.136,0.062,0.067,4,-0.063,False,False,False,,True
faltered,3,autonomy AND extracurricular AND small,autonomy;extracurricular;small,111,0.826,0.373,36,12,0.706,0.091,0.087,0.083,0.136,0.062,0.067,4,-0.063,False,False,False,,True
faltered,3,NOT property_tax AND investment AND culture,property_tax;investment;culture,011,0.826,0.371,38,10,0.556,0.076,0.065,0.062,0.136,0.062,0.067,4,-0.063,False,False,False,,True
faltered,3,social AND NOT extracurricular AND NOT balance,social;extracurricular;balance,100,0.826,0.37,46,9,0.409,0.068,0.022,0.125,0.045,0.062,0.033,3,-0.063,False,False,False,,True
faltered,3,social AND culture AND NOT balance,social;culture;balance,110,0.826,0.369,49,11,0.5,0.083,0.043,0.083,0.136,0.125,0.067,4,-0.063,False,False,False,,True
faltered,3,NOT property_tax AND social AND NOT extracurricular,property_tax;social;extracurricular,010,0.826,0.368,32,6,0.375,0.045,0.065,0.042,0.0,0.062,0.067,3,-0.063,False,False,False,,True
faltered,3,local_tax_base AND NOT investment AND culture,local_tax_base;investment;culture,101,0.826,0.367,44,16,0.615,0.121,0.152,0.062,0.136,0.188,0.133,4,-0.063,False,False,False,,True
faltered,3,property_tax AND NOT single_tax AND NOT social,property_tax;single_tax;social,100,0.826,0.367,34,11,0.611,0.083,0.087,0.125,0.045,0.0,0.133,3,-0.063,False,False,False,,True
faltered,3,NOT autonomy AND investment AND social,autonomy;investment;social,011,0.826,0.366,42,6,0.273,0.045,0.043,0.021,0.136,0.0,0.067,2,-0.063,False,False,False,,False
faltered,3,single_tax AND NOT social AND NOT balance,single_tax;social;balance,100,0.826,0.362,43,9,0.5,0.068,0.065,0.104,0.045,0.0,0.0,3,-0.063,False,False,False,,True
faltered,3,NOT social AND culture AND education,social;culture;education,011,0.826,0.361,33,7,0.5,0.053,0.043,0.062,0.091,0.0,0.067,3,-0.063,False,False,False,,True
faltered,3,local_tax_base AND NOT payroll_pit AND small,local_tax_base;payroll_pit;small,101,0.826,0.358,45,13,0.481,0.098,0.087,0.104,0.0,0.25,0.133,3,-0.063,False,False,False,,True
faltered,3,NOT single_tax AND education AND balance,single_tax;education;balance,011,0.826,0.358,27,8,0.5,0.061,0.065,0.042,0.091,0.062,0.067,4,-0.063,False,False,False,,True
faltered,3,NOT local_tax_base AND NOT single_tax AND education,local_tax_base;single_tax;education,001,0.826,0.353,31,8,0.533,0.061,0.065,0.042,0.091,0.062,0.067,4,-0.063,False,False,False,,True
faltered,3,NOT local_tax_base AND NOT social AND education,local_tax_base;social;education,001,0.826,0.346,29,6,0.462,0.045,0.022,0.042,0.136,0.0,0.033,2,-0.063,False,False,False,,False
faltered,3,local_tax_base AND education AND NOT extracurricular,local_tax_base;education;extracurricular,110,0.826,0.345,40,8,0.381,0.061,0.087,0.042,0.045,0.062,0.133,4,-0.063,False,False,False,,True
faltered,3,NOT single_tax AND NOT social AND education,single_tax;social;education,001,0.826,0.334,18,5,0.5,0.038,0.043,0.021,0.091,0.0,0.067,3,-0.063,False,False,False,,True
faltered,3,single_tax AND NOT investment AND NOT extracurricular,single_tax;investment;extracurricular,100,0.826,0.322,27,5,0.5,0.038,0.022,0.021,0.0,0.188,0.033,3,-0.063,False,False,False,,True
faltered,3,NOT property_tax AND NOT extracurricular AND small,property_tax;extracurricular;small,001,0.826,0.32,34,9,0.474,0.068,0.043,0.104,0.045,0.062,0.067,4,-0.063,False,False,False,,True
faltered,3,NOT single_tax AND culture AND NOT balance,single_tax;culture;balance,010,0.826,0.315,27,4,0.444,0.03,0.043,0.021,0.0,0.062,0.067,3,-0.063,False,False,False,,True
faltered,3,NOT payroll_pit AND NOT balance AND small,payroll_pit;balance;small,001,0.826,0.315,37,8,0.381,0.061,0.043,0.062,0.0,0.188,0.067,3,-0.063,False,False,False,,True
faltered,3,local_tax_base AND social AND extracurricular,local_tax_base;social;extracurricular,111,0.825,0.442,62,18,0.621,0.136,0.109,0.146,0.182,0.125,0.067,4,-0.064,False,False,False,,True
faltered,3,property_tax AND investment AND NOT education,property_tax;investment;education,110,0.825,0.44,71,20,0.667,0.152,0.283,0.146,0.0,0.0,0.267,2,-0.064,False,False,False,,False
faltered,3,property_tax AND NOT culture AND NOT small,property_tax;culture;small,100,0.825,0.439,60,19,0.633,0.144,0.217,0.146,0.091,0.0,0.167,3,-0.064,False,False,False,,True
faltered,3,single_tax AND payroll_pit AND NOT culture,single_tax;payroll_pit;culture,110,0.825,0.412,61,16,0.571,0.121,0.196,0.083,0.091,0.062,0.2,4,-0.064,False,False,False,,True
faltered,3,social AND NOT extracurricular AND NOT small,social;extracurricular;small,100,0.825,0.411,46,9,0.429,0.068,0.087,0.083,0.0,0.062,0.1,3,-0.064,False,False,False,,True
faltered,3,local_tax_base AND NOT contestation AND NOT small,local_tax_base;contestation;small,100,0.825,0.409,58,19,0.679,0.144,0.087,0.229,0.091,0.125,0.133,4,-0.064,False,False,False,,True
faltered,3,NOT extracurricular AND balance AND NOT small,extracurricular;balance;small,010,0.825,0.398,46,15,0.536,0.114,0.174,0.104,0.0,0.125,0.2,3,-0.064,False,False,False,,True
faltered,3,property_tax AND NOT single_tax AND NOT culture,property_tax;single_tax;culture,100,0.825,0.39,47,15,0.625,0.114,0.087,0.208,0.045,0.0,0.067,2,-0.064,False,False,False,,False
faltered,3,property_tax AND NOT investment AND social,property_tax;investment;social,101,0.825,0.39,60,20,0.606,0.152,0.152,0.146,0.136,0.188,0.133,4,-0.064,False,False,False,,True
faltered,3,NOT extracurricular AND contestation AND balance,extracurricular;contestation;balance,011,0.825,0.382,45,14,0.56,0.106,0.152,0.104,0.045,0.062,0.2,3,-0.064,False,False,False,,True
faltered,3,property_tax AND NOT single_tax AND NOT payroll_pit,property_tax;single_tax;payroll_pit,100,0.825,0.378,43,12,0.522,0.091,0.065,0.125,0.136,0.0,0.1,3,-0.064,False,False,False,,True
faltered,3,local_tax_base AND NOT investment AND social,local_tax_base;investment;social,101,0.825,0.377,46,14,0.583,0.106,0.109,0.083,0.091,0.188,0.1,4,-0.064,False,False,False,,True
faltered,3,single_tax AND NOT social AND education,single_tax;social;education,101,0.825,0.376,44,9,0.5,0.068,0.043,0.083,0.091,0.062,0.033,4,-0.064,False,False,False,,True
faltered,3,local_tax_base AND NOT autonomy AND NOT contestation,local_tax_base;autonomy;contestation,100,0.825,0.366,49,16,0.571,0.121,0.043,0.188,0.045,0.25,0.067,2,-0.064,False,False,False,,False
faltered,3,NOT autonomy AND social AND contestation,autonomy;social;contestation,011,0.825,0.366,39,11,0.579,0.083,0.109,0.062,0.091,0.062,0.1,4,-0.064,False,False,False,,True
faltered,3,payroll_pit AND NOT social AND culture,payroll_pit;social;culture,101,0.825,0.365,35,8,0.5,0.061,0.087,0.062,0.045,0.0,0.1,3,-0.064,False,False,False,,True
faltered,3,investment AND NOT social AND education,investment;social;education,101,0.825,0.365,38,9,0.474,0.068,0.043,0.104,0.091,0.0,0.067,3,-0.064,False,False,False,,True
faltered,3,local_tax_base AND NOT property_tax AND NOT contestation,local_tax_base;property_tax;contestation,100,0.825,0.362,40,11,0.55,0.083,0.043,0.125,0.0,0.188,0.067,3,-0.064,False,False,False,,True
faltered,3,NOT investment AND education AND contestation,investment;education;contestation,011,0.825,0.361,41,12,0.6,0.091,0.087,0.062,0.091,0.188,0.1,4,-0.064,False,False,False,,True
faltered,3,education AND NOT extracurricular AND balance,education;extracurricular;balance,101,0.825,0.356,42,12,0.5,0.091,0.109,0.062,0.091,0.125,0.167,4,-0.064,False,False,False,,True
faltered,3,NOT single_tax AND payroll_pit AND NOT social,single_tax;payroll_pit;social,010,0.825,0.354,22,6,0.6,0.045,0.043,0.021,0.136,0.0,0.067,2,-0.064,False,False,False,,False
faltered,3,payroll_pit AND NOT social AND NOT balance,payroll_pit;social;balance,100,0.825,0.354,39,9,0.562,0.068,0.043,0.104,0.091,0.0,0.0,3,-0.064,False,False,False,,True
faltered,3,NOT payroll_pit AND NOT autonomy AND culture,payroll_pit;autonomy;culture,001,0.825,0.348,35,12,0.545,0.091,0.087,0.021,0.182,0.188,0.067,3,-0.064,False,False,False,,True
faltered,3,payroll_pit AND NOT contestation AND NOT balance,payroll_pit;contestation;balance,100,0.825,0.347,45,12,0.571,0.091,0.043,0.125,0.136,0.062,0.033,3,-0.064,False,False,False,,True
faltered,3,NOT property_tax AND NOT autonomy AND culture,property_tax;autonomy;culture,001,0.825,0.344,34,11,0.579,0.083,0.043,0.042,0.136,0.25,0.033,4,-0.064,False,False,False,,True
faltered,3,NOT payroll_pit AND NOT social AND small,payroll_pit;social;small,001,0.825,0.341,42,13,0.542,0.098,0.087,0.104,0.045,0.188,0.133,3,-0.064,False,False,False,,True
faltered,3,NOT contestation AND NOT balance AND small,contestation;balance;small,001,0.825,0.341,49,11,0.44,0.083,0.065,0.083,0.045,0.188,0.067,4,-0.064,False,False,False,,True
faltered,3,NOT social AND culture AND NOT extracurricular,social;culture;extracurricular,010,0.825,0.339,31,9,0.692,0.068,0.109,0.042,0.045,0.062,0.133,4,-0.064,False,False,False,,True
faltered,3,NOT local_tax_base AND contestation AND small,local_tax_base;contestation;small,011,0.825,0.334,28,9,0.643,0.068,0.065,0.083,0.091,0.0,0.1,3,-0.064,False,False,False,,True
faltered,3,education AND NOT extracurricular AND NOT balance,education;extracurricular;balance,100,0.825,0.316,36,5,0.312,0.038,0.0,0.062,0.045,0.062,0.0,3,-0.064,False,False,False,,True
faltered,3,NOT autonomy AND culture AND NOT extracurricular,autonomy;culture;extracurricular,010,0.825,0.313,26,9,0.692,0.068,0.065,0.042,0.091,0.125,0.067,4,-0.064,False,False,False,,True
faltered,3,NOT single_tax AND education AND NOT extracurricular,single_tax;education;extracurricular,010,0.825,0.311,19,2,0.167,0.015,0.022,0.021,0.0,0.0,0.033,2,-0.064,False,False,False,,False
faltered,3,NOT investment AND education AND NOT extracurricular,investment;education;extracurricular,010,0.825,0.305,27,5,0.417,0.038,0.022,0.021,0.0,0.188,0.033,3,-0.064,False,False,False,,True
faltered,3,local_tax_base AND property_tax AND extracurricular,local_tax_base;property_tax;extracurricular,111,0.824,0.445,75,23,0.657,0.174,0.13,0.208,0.273,0.062,0.067,3,-0.065,False,False,False,,True
faltered,3,local_tax_base AND social AND NOT small,local_tax_base;social;small,110,0.824,0.442,60,15,0.6,0.114,0.087,0.146,0.136,0.062,0.1,4,-0.065,False,False,False,,True
faltered,3,local_tax_base AND single_tax AND extracurricular,local_tax_base;single_tax;extracurricular,111,0.824,0.437,66,21,0.636,0.159,0.152,0.167,0.182,0.125,0.1,4,-0.065,False,False,False,,True
faltered,3,local_tax_base AND single_tax AND contestation,local_tax_base;single_tax;contestation,111,0.824,0.434,68,22,0.647,0.167,0.217,0.146,0.136,0.125,0.167,4,-0.065,False,False,False,,True
faltered,3,single_tax AND investment AND NOT culture,single_tax;investment;culture,110,0.824,0.426,61,18,0.621,0.136,0.261,0.104,0.045,0.0,0.3,2,-0.065,False,False,False,,False
faltered,3,single_tax AND NOT education AND balance,single_tax;education;balance,101,0.824,0.424,65,19,0.594,0.144,0.283,0.083,0.045,0.062,0.267,2,-0.065,False,False,False,,False
faltered,3,local_tax_base AND payroll_pit AND social,local_tax_base;payroll_pit;social,111,0.824,0.418,64,19,0.655,0.144,0.152,0.167,0.136,0.062,0.167,3,-0.065,False,False,False,,True
faltered,3,local_tax_base AND culture AND extracurricular,local_tax_base;culture;extracurricular,111,0.824,0.418,56,19,0.613,0.144,0.109,0.146,0.227,0.125,0.067,4,-0.065,False,False,False,,True
faltered,3,local_tax_base AND property_tax AND NOT education,local_tax_base;property_tax;education,110,0.824,0.417,63,19,0.679,0.144,0.152,0.188,0.136,0.0,0.133,3,-0.065,False,False,False,,True
faltered,3,property_tax AND education AND NOT small,property_tax;education;small,110,0.824,0.411,45,12,0.5,0.091,0.065,0.125,0.091,0.062,0.067,4,-0.065,False,False,False,,True
faltered,3,property_tax AND single_tax AND NOT balance,property_tax;single_tax;balance,110,0.824,0.405,62,16,0.552,0.121,0.152,0.104,0.091,0.125,0.133,4,-0.065,False,False,False,,True
faltered,3,local_tax_base AND autonomy AND education,local_tax_base;autonomy;education,111,0.824,0.392,49,12,0.545,0.091,0.13,0.083,0.091,0.0,0.133,3,-0.065,False,False,False,,True
faltered,3,social AND NOT education AND NOT contestation,social;education;contestation,100,0.824,0.383,54,16,0.533,0.121,0.174,0.062,0.182,0.062,0.133,4,-0.065,False,False,False,,True
faltered,3,property_tax AND NOT single_tax AND payroll_pit,property_tax;single_tax;payroll_pit,101,0.824,0.368,41,10,0.526,0.076,0.109,0.104,0.0,0.0,0.1,2,-0.065,False,False,False,,False
faltered,3,local_tax_base AND NOT social AND small,local_tax_base;social;small,101,0.824,0.366,52,16,0.64,0.121,0.109,0.146,0.045,0.188,0.133,3,-0.065,False,False,False,,True
faltered,3,NOT local_tax_base AND single_tax AND NOT extracurricular,local_tax_base;single_tax;extracurricular,010,0.824,0.347,37,10,0.556,0.076,0.043,0.083,0.091,0.125,0.067,4,-0.065,False,False,False,,True
faltered,3,NOT local_tax_base AND extracurricular AND small,local_tax_base;extracurricular;small,011,0.824,0.344,27,8,0.615,0.061,0.065,0.042,0.091,0.062,0.1,4,-0.065,False,False,False,,True
faltered,3,NOT investment AND NOT social AND culture,investment;social;culture,001,0.824,0.337,27,7,0.5,0.053,0.065,0.021,0.091,0.062,0.033,3,-0.065,False,False,False,,True
faltered,3,payroll_pit AND NOT social AND small,payroll_pit;social;small,101,0.824,0.332,34,9,0.692,0.068,0.065,0.083,0.091,0.0,0.067,3,-0.065,False,False,False,,True
faltered,3,NOT social AND culture AND small,social;culture;small,011,0.824,0.332,31,8,0.571,0.061,0.065,0.042,0.091,0.062,0.1,4,-0.065,False,False,False,,True
faltered,3,NOT autonomy AND culture AND NOT education,autonomy;culture;education,010,0.824,0.329,25,9,0.562,0.068,0.065,0.042,0.091,0.125,0.033,4,-0.065,False,False,False,,True
faltered,3,NOT single_tax AND NOT balance AND small,single_tax;balance;small,001,0.824,0.309,33,11,0.55,0.083,0.065,0.125,0.0,0.125,0.1,3,-0.065,False,False,False,,True
faltered,3,property_tax AND NOT culture AND NOT education,property_tax;culture;education,100,0.823,0.431,65,20,0.667,0.152,0.174,0.229,0.045,0.0,0.133,2,-0.066,False,False,False,,False
faltered,3,local_tax_base AND NOT extracurricular AND NOT small,local_tax_base;extracurricular;small,100,0.823,0.417,56,15,0.577,0.114,0.174,0.125,0.0,0.062,0.167,3,-0.066,False,False,False,,True
faltered,3,property_tax AND investment AND NOT social,property_tax;investment;social,110,0.823,0.401,44,14,0.583,0.106,0.13,0.167,0.0,0.0,0.133,2,-0.066,False,False,False,,False
faltered,3,social AND NOT education AND NOT extracurricular,social;education;extracurricular,100,0.823,0.4,47,10,0.455,0.076,0.109,0.104,0.0,0.0,0.133,2,-0.066,False,False,False,,False
faltered,3,single_tax AND NOT investment AND social,single_tax;investment;social,101,0.823,0.399,62,23,0.676,0.174,0.152,0.146,0.136,0.375,0.133,4,-0.066,False,False,False,,True
faltered,3,single_tax AND NOT social AND contestation,single_tax;social;contestation,101,0.823,0.398,53,12,0.522,0.091,0.065,0.125,0.091,0.062,0.033,4,-0.066,False,False,False,,True
faltered,3,education AND extracurricular AND NOT contestation,education;extracurricular;contestation,110,0.823,0.396,55,15,0.556,0.114,0.043,0.104,0.182,0.25,0.033,3,-0.066,False,False,False,,True
faltered,3,NOT autonomy AND social AND extracurricular,autonomy;social;extracurricular,011,0.823,0.395,51,14,0.5,0.106,0.087,0.042,0.182,0.25,0.067,3,-0.066,False,False,False,,True
faltered,3,property_tax AND NOT social AND contestation,property_tax;social;contestation,101,0.823,0.392,44,13,0.591,0.098,0.109,0.125,0.091,0.0,0.1,3,-0.066,False,False,False,,True
faltered,3,NOT investment AND education AND extracurricular,investment;education;extracurricular,011,0.823,0.391,52,19,0.704,0.144,0.109,0.104,0.182,0.312,0.1,4,-0.066,False,False,False,,True
faltered,3,NOT local_tax_base AND NOT property_tax AND education,local_tax_base;property_tax;education,001,0.823,0.381,47,13,0.565,0.098,0.022,0.083,0.182,0.25,0.033,3,-0.066,False,False,False,,True
faltered,3,local_tax_base AND NOT extracurricular AND balance,local_tax_base;extracurricular;balance,101,0.823,0.381,51,17,0.548,0.129,0.239,0.083,0.0,0.125,0.333,3,-0.066,False,False,False,,True
faltered,3,NOT payroll_pit AND culture AND extracurricular,payroll_pit;culture;extracurricular,011,0.823,0.379,39,10,0.4,0.076,0.022,0.042,0.227,0.125,0.0,3,-0.066,False,False,False,,True
faltered,3,contestation AND balance AND small,contestation;balance;small,111,0.823,0.372,47,18,0.692,0.136,0.196,0.083,0.136,0.125,0.233,4,-0.066,False,False,False,,True
faltered,3,local_tax_base AND social AND small,local_tax_base;social;small,111,0.823,0.371,52,13,0.464,0.098,0.152,0.042,0.091,0.125,0.167,3,-0.066,False,False,False,,True
faltered,3,property_tax AND NOT investment AND education,property_tax;investment;education,101,0.823,0.371,50,15,0.6,0.114,0.13,0.083,0.091,0.188,0.133,4,-0.066,False,False,False,,True
faltered,3,autonomy AND NOT investment AND education,autonomy;investment;education,101,0.823,0.368,43,12,0.545,0.091,0.043,0.104,0.136,0.125,0.033,3,-0.066,False,False,False,,True
faltered,3,local_tax_base AND education AND NOT contestation,local_tax_base;education;contestation,110,0.823,0.365,44,11,0.524,0.083,0.087,0.062,0.136,0.062,0.1,4,-0.066,False,False,False,,True
faltered,3,local_tax_base AND NOT balance AND small,local_tax_base;balance;small,101,0.823,0.362,57,14,0.519,0.106,0.065,0.125,0.091,0.188,0.067,4,-0.066,False,False,False,,True
faltered,3,autonomy AND NOT social AND education,autonomy;social;education,101,0.823,0.36,33,7,0.5,0.053,0.065,0.042,0.091,0.0,0.067,3,-0.066,False,False,False,,True
faltered,3,investment AND NOT social AND small,investment;social;small,101,0.823,0.36,43,12,0.545,0.091,0.065,0.125,0.091,0.062,0.1,4,-0.066,False,False,False,,True
faltered,3,NOT payroll_pit AND autonomy AND culture,payroll_pit;autonomy;culture,011,0.823,0.357,34,5,0.263,0.038,0.043,0.021,0.091,0.0,0.033,3,-0.066,False,False,False,,True
faltered,3,NOT payroll_pit AND NOT social AND culture,payroll_pit;social;culture,001,0.823,0.354,35,10,0.5,0.076,0.065,0.042,0.136,0.125,0.067,4,-0.066,False,False,False,,True
faltered,3,local_tax_base AND NOT investment AND NOT balance,local_tax_base;investment;balance,100,0.823,0.353,41,10,0.526,0.076,0.043,0.083,0.091,0.125,0.033,4,-0.066,False,False,False,,True
faltered,3,NOT payroll_pit AND social AND NOT contestation,payroll_pit;social;contestation,010,0.823,0.352,45,10,0.37,0.076,0.043,0.021,0.182,0.188,0.033,3,-0.066,False,False,False,,True
faltered,3,NOT social AND contestation AND small,social;contestation;small,011,0.823,0.351,43,14,0.636,0.106,0.087,0.146,0.045,0.125,0.133,3,-0.066,False,False,False,,True
faltered,3,culture AND NOT contestation AND NOT balance,culture;contestation;balance,100,0.823,0.334,44,9,0.45,0.068,0.022,0.062,0.091,0.188,0.033,3,-0.066,False,False,False,,True
faltered,3,NOT investment AND culture AND NOT balance,investment;culture;balance,010,0.823,0.33,37,8,0.533,0.061,0.043,0.021,0.091,0.188,0.067,3,-0.066,False,False,False,,True
faltered,3,NOT autonomy AND education AND NOT balance,autonomy;education;balance,010,0.823,0.325,45,9,0.429,0.068,0.043,0.062,0.136,0.062,0.067,4,-0.066,False,False,False,,True
faltered,3,NOT investment AND NOT balance AND small,investment;balance;small,001,0.823,0.324,39,11,0.524,0.083,0.087,0.083,0.0,0.188,0.1,3,-0.066,False,False,False,,True
faltered,3,NOT single_tax AND contestation AND small,single_tax;contestation;small,011,0.823,0.323,28,12,0.6,0.091,0.109,0.125,0.0,0.062,0.167,3,-0.066,False,False,False,,True
faltered,3,local_tax_base AND NOT single_tax AND small,local_tax_base;single_tax;small,101,0.823,0.322,30,8,0.444,0.061,0.065,0.062,0.0,0.125,0.1,3,-0.066,False,False,False,,True
faltered,3,local_tax_base AND extracurricular AND contestation,local_tax_base;extracurricular;contestation,111,0.822,0.444,66,17,0.548,0.129,0.109,0.125,0.227,0.062,0.067,3,-0.067,False,False,False,,True
faltered,3,single_tax AND investment AND NOT education,single_tax;investment;education,110,0.822,0.437,67,20,0.69,0.152,0.283,0.104,0.045,0.062,0.3,2,-0.067,False,False,False,,False
faltered,3,single_tax AND NOT culture AND NOT education,single_tax;culture;education,100,0.822,0.43,57,16,0.593,0.121,0.217,0.104,0.045,0.0,0.233,2,-0.067,False,False,False,,False
faltered,3,single_tax AND payroll_pit AND NOT education,single_tax;payroll_pit;education,110,0.822,0.425,68,20,0.645,0.152,0.283,0.083,0.136,0.0,0.267,3,-0.067,False,False,False,,True
faltered,3,local_tax_base AND social AND NOT education,local_tax_base;social;education,110,0.822,0.409,52,11,0.478,0.083,0.109,0.083,0.045,0.062,0.133,4,-0.067,False,False,False,,True
faltered,3,local_tax_base AND property_tax AND NOT payroll_pit,local_tax_base;property_tax;payroll_pit,110,0.822,0.405,57,17,0.548,0.129,0.13,0.146,0.136,0.062,0.133,3,-0.067,False,False,False,,True
faltered,3,local_tax_base AND NOT property_tax AND extracurricular,local_tax_base;property_tax;extracurricular,101,0.822,0.397,37,7,0.389,0.053,0.022,0.042,0.045,0.188,0.033,3,-0.067,False,False,False,,True
faltered,3,single_tax AND NOT social AND NOT education,single_tax;social;education,100,0.822,0.395,48,14,0.583,0.106,0.13,0.125,0.045,0.062,0.1,3,-0.067,False,False,False,,True
faltered,3,NOT autonomy AND investment AND extracurricular,autonomy;investment;extracurricular,011,0.822,0.393,45,9,0.36,0.068,0.0,0.104,0.182,0.0,0.0,2,-0.067,False,False,False,,False
faltered,3,payroll_pit AND NOT social AND balance,payroll_pit;social;balance,101,0.822,0.386,35,9,0.529,0.068,0.109,0.042,0.091,0.0,0.133,3,-0.067,False,False,False,,True
faltered,3,single_tax AND NOT investment AND contestation,single_tax;investment;contestation,101,0.822,0.384,56,15,0.577,0.114,0.109,0.083,0.136,0.188,0.1,4,-0.067,False,False,False,,True
faltered,3,NOT local_tax_base AND single_tax AND NOT investment,local_tax_base;single_tax;investment,010,0.822,0.374,45,13,0.591,0.098,0.065,0.083,0.091,0.25,0.033,4,-0.067,False,False,False,,True
faltered,3,single_tax AND education AND NOT balance,single_tax;education;balance,110,0.822,0.373,56,11,0.44,0.083,0.043,0.083,0.136,0.125,0.033,4,-0.067,False,False,False,,True
faltered,3,NOT payroll_pit AND culture AND balance,payroll_pit;culture;balance,011,0.822,0.373,42,13,0.433,0.098,0.109,0.042,0.227,0.062,0.067,3,-0.067,False,False,False,,True
faltered,3,property_tax AND culture AND NOT balance,property_tax;culture;balance,110,0.822,0.369,50,10,0.417,0.076,0.043,0.083,0.091,0.125,0.067,4,-0.067,False,False,False,,True
faltered,3,NOT investment AND NOT extracurricular AND NOT small,investment;extracurricular;small,000,0.822,0.369,32,9,0.6,0.068,0.043,0.125,0.0,0.062,0.033,3,-0.067,False,False,False,,True
faltered,3,NOT single_tax AND social AND NOT balance,single_tax;social;balance,010,0.822,0.366,48,8,0.381,0.061,0.043,0.125,0.0,0.0,0.033,2,-0.067,False,False,False,,False
faltered,3,local_tax_base AND NOT property_tax AND NOT balance,local_tax_base;property_tax;balance,100,0.822,0.365,50,7,0.368,0.053,0.022,0.062,0.045,0.125,0.033,3,-0.067,False,False,False,,True
faltered,3,NOT autonomy AND extracurricular AND NOT balance,autonomy;extracurricular;balance,010,0.822,0.364,50,10,0.435,0.076,0.043,0.062,0.136,0.125,0.067,4,-0.067,False,False,False,,True
faltered,3,payroll_pit AND NOT investment AND NOT education,payroll_pit;investment;education,100,0.822,0.359,44,12,0.571,0.091,0.087,0.104,0.136,0.0,0.067,3,-0.067,False,False,False,,True
faltered,3,NOT local_tax_base AND NOT autonomy AND social,local_tax_base;autonomy;social,001,0.822,0.354,34,9,0.429,0.068,0.043,0.042,0.091,0.188,0.067,4,-0.067,False,False,False,,True
faltered,3,local_tax_base AND NOT investment AND NOT contestation,local_tax_base;investment;contestation,100,0.822,0.352,42,12,0.571,0.091,0.065,0.104,0.045,0.188,0.067,3,-0.067,False,False,False,,True
faltered,3,property_tax AND NOT social AND small,property_tax;social;small,101,0.822,0.349,40,9,0.529,0.068,0.087,0.083,0.045,0.0,0.1,3,-0.067,False,False,False,,True
faltered,3,NOT single_tax AND investment AND education,single_tax;investment;education,011,0.822,0.345,31,6,0.375,0.045,0.043,0.042,0.091,0.0,0.033,3,-0.067,False,False,False,,True
faltered,3,NOT payroll_pit AND NOT culture AND small,payroll_pit;culture;small,001,0.822,0.342,40,9,0.45,0.068,0.043,0.104,0.0,0.125,0.067,3,-0.067,False,False,False,,True
faltered,3,NOT autonomy AND social AND NOT contestation,autonomy;social;contestation,010,0.822,0.339,41,11,0.44,0.083,0.022,0.042,0.136,0.312,0.033,3,-0.067,False,False,False,,True
faltered,3,payroll_pit AND NOT investment AND NOT balance,payroll_pit;investment;balance,100,0.822,0.338,37,11,0.786,0.083,0.065,0.083,0.136,0.062,0.067,4,-0.067,False,False,False,,True
faltered,3,NOT investment AND culture AND small,investment;culture;small,011,0.822,0.338,38,12,0.6,0.091,0.109,0.021,0.091,0.25,0.133,3,-0.067,False,False,False,,True
faltered,3,NOT autonomy AND NOT contestation AND NOT balance,autonomy;contestation;balance,000,0.822,0.335,49,12,0.522,0.091,0.065,0.104,0.045,0.188,0.1,3,-0.067,False,False,False,,True
faltered,3,NOT property_tax AND NOT single_tax AND small,property_tax;single_tax;small,001,0.822,0.321,24,7,0.412,0.053,0.043,0.042,0.045,0.125,0.067,4,-0.067,False,False,False,,True
faltered,3,NOT single_tax AND balance AND small,single_tax;balance;small,011,0.822,0.312,20,5,0.385,0.038,0.065,0.021,0.045,0.0,0.1,3,-0.067,False,False,False,,True
faltered,3,local_tax_base AND investment AND NOT small,local_tax_base;investment;small,110,0.821,0.464,70,17,0.607,0.129,0.13,0.188,0.045,0.062,0.133,2,-0.068,False,False,False,,False
faltered,3,single_tax AND NOT education AND extracurricular,single_tax;education;extracurricular,101,0.821,0.434,65,20,0.625,0.152,0.261,0.104,0.136,0.0,0.233,3,-0.068,False,False,False,,True
faltered,3,local_tax_base AND payroll_pit AND autonomy,local_tax_base;payroll_pit;autonomy,111,0.821,0.429,66,17,0.654,0.129,0.174,0.146,0.091,0.0,0.167,3,-0.068,False,False,False,,True
faltered,3,single_tax AND NOT culture AND contestation,single_tax;culture;contestation,101,0.821,0.423,63,17,0.63,0.129,0.217,0.083,0.045,0.125,0.233,3,-0.068,False,False,False,,True
faltered,3,local_tax_base AND investment AND NOT balance,local_tax_base;investment;balance,110,0.821,0.419,74,16,0.571,0.121,0.087,0.188,0.091,0.062,0.067,4,-0.068,False,False,False,,True
faltered,3,local_tax_base AND NOT social AND extracurricular,local_tax_base;social;extracurricular,101,0.821,0.416,50,12,0.5,0.091,0.043,0.104,0.136,0.125,0.033,3,-0.068,False,False,False,,True
faltered,3,single_tax AND investment AND NOT social,single_tax;investment;social,110,0.821,0.407,57,16,0.593,0.121,0.109,0.188,0.045,0.062,0.1,3,-0.068,False,False,False,,True
faltered,3,payroll_pit AND extracurricular AND NOT contestation,payroll_pit;extracurricular;contestation,110,0.821,0.406,59,20,0.645,0.152,0.196,0.083,0.182,0.188,0.133,4,-0.068,False,False,False,,True
faltered,3,payroll_pit AND NOT culture AND balance,payroll_pit;culture;balance,101,0.821,0.403,52,13,0.481,0.098,0.152,0.062,0.091,0.062,0.133,4,-0.068,False,False,False,,True
faltered,3,local_tax_base AND NOT payroll_pit AND social,local_tax_base;payroll_pit;social,101,0.821,0.397,48,9,0.375,0.068,0.087,0.021,0.091,0.125,0.1,3,-0.068,False,False,False,,True
faltered,3,property_tax AND NOT single_tax AND investment,property_tax;single_tax;investment,101,0.821,0.391,54,14,0.5,0.106,0.13,0.146,0.045,0.0,0.133,2,-0.068,False,False,False,,False
faltered,3,education AND NOT contestation AND balance,education;contestation;balance,101,0.821,0.385,46,14,0.538,0.106,0.043,0.083,0.182,0.25,0.067,3,-0.068,False,False,False,,True
faltered,3,local_tax_base AND NOT social AND NOT contestation,local_tax_base;social;contestation,100,0.821,0.384,53,16,0.593,0.121,0.109,0.188,0.0,0.125,0.133,3,-0.068,False,False,False,,True
faltered,3,payroll_pit AND culture AND NOT education,payroll_pit;culture;education,110,0.821,0.382,45,12,0.632,0.091,0.196,0.021,0.091,0.0,0.2,2,-0.068,False,False,False,,False
faltered,3,local_tax_base AND NOT property_tax AND balance,local_tax_base;property_tax;balance,101,0.821,0.379,42,14,0.538,0.106,0.109,0.125,0.0,0.188,0.133,3,-0.068,False,False,False,,True
faltered,3,NOT autonomy AND extracurricular AND NOT contestation,autonomy;extracurricular;contestation,010,0.821,0.376,51,13,0.433,0.098,0.022,0.104,0.091,0.312,0.033,3,-0.068,False,False,False,,True
faltered,3,local_tax_base AND culture AND NOT education,local_tax_base;culture;education,110,0.821,0.373,44,11,0.55,0.083,0.109,0.042,0.091,0.125,0.1,4,-0.068,False,False,False,,True
faltered,3,investment AND extracurricular AND small,investment;extracurricular;small,111,0.821,0.37,37,9,0.5,0.068,0.065,0.062,0.091,0.062,0.067,4,-0.068,False,False,False,,True
faltered,3,local_tax_base AND payroll_pit AND small,local_tax_base;payroll_pit;small,111,0.821,0.368,59,16,0.615,0.121,0.174,0.083,0.136,0.062,0.167,4,-0.068,False,False,False,,True
faltered,3,payroll_pit AND NOT education AND NOT extracurricular,payroll_pit;education;extracurricular,100,0.821,0.362,37,9,0.529,0.068,0.065,0.125,0.0,0.0,0.067,2,-0.068,False,False,False,,False
faltered,3,single_tax AND NOT extracurricular AND NOT balance,single_tax;extracurricular;balance,100,0.821,0.357,48,10,0.526,0.076,0.065,0.104,0.045,0.062,0.033,4,-0.068,False,False,False,,True
faltered,3,NOT local_tax_base AND NOT extracurricular AND balance,local_tax_base;extracurricular;balance,001,0.821,0.356,37,9,0.45,0.068,0.065,0.062,0.091,0.062,0.067,4,-0.068,False,False,False,,True
faltered,3,NOT local_tax_base AND NOT payroll_pit AND NOT extracurricular,local_tax_base;payroll_pit;extracurricular,000,0.821,0.355,36,9,0.45,0.068,0.065,0.062,0.045,0.125,0.067,4,-0.068,False,False,False,,True
faltered,3,NOT property_tax AND payroll_pit AND NOT investment,property_tax;payroll_pit;investment,010,0.821,0.349,36,12,0.667,0.091,0.043,0.083,0.136,0.188,0.033,3,-0.068,False,False,False,,True
faltered,3,NOT social AND culture AND NOT contestation,social;culture;contestation,010,0.821,0.346,35,9,0.5,0.068,0.065,0.062,0.045,0.125,0.067,4,-0.068,False,False,False,,True
faltered,3,payroll_pit AND NOT balance AND small,payroll_pit;balance;small,101,0.821,0.345,52,14,0.583,0.106,0.065,0.167,0.091,0.062,0.067,4,-0.068,False,False,False,,True
faltered,3,NOT social AND education AND small,social;education;small,011,0.821,0.342,43,10,0.526,0.076,0.087,0.062,0.091,0.062,0.1,4,-0.068,False,False,False,,True
faltered,3,education AND NOT extracurricular AND contestation,education;extracurricular;contestation,101,0.821,0.342,38,9,0.45,0.068,0.065,0.083,0.045,0.062,0.1,4,-0.068,False,False,False,,True
faltered,3,NOT single_tax AND NOT education AND small,single_tax;education;small,001,0.821,0.34,29,11,0.55,0.083,0.065,0.125,0.0,0.125,0.1,3,-0.068,False,False,False,,True
faltered,3,NOT payroll_pit AND NOT investment AND culture,payroll_pit;investment;culture,001,0.821,0.336,33,9,0.391,0.068,0.065,0.021,0.136,0.125,0.033,3,-0.068,False,False,False,,True
faltered,3,NOT payroll_pit AND culture AND NOT contestation,payroll_pit;culture;contestation,010,0.821,0.334,40,9,0.375,0.068,0.022,0.042,0.136,0.188,0.0,3,-0.068,False,False,False,,True
faltered,3,NOT investment AND education AND NOT balance,investment;education;balance,010,0.821,0.327,40,8,0.471,0.061,0.065,0.021,0.091,0.125,0.067,3,-0.068,False,False,False,,True
faltered,3,NOT payroll_pit AND NOT extracurricular AND small,payroll_pit;extracurricular;small,001,0.821,0.325,41,11,0.458,0.083,0.087,0.104,0.045,0.062,0.133,4,-0.068,False,False,False,,True
faltered,3,NOT autonomy AND NOT balance AND small,autonomy;balance;small,001,0.821,0.323,46,12,0.462,0.091,0.087,0.083,0.091,0.125,0.133,4,-0.068,False,False,False,,True
faltered,3,social AND NOT contestation AND NOT small,social;contestation;small,100,0.82,0.42,70,23,0.59,0.174,0.174,0.104,0.273,0.25,0.133,4,-0.069,False,False,False,,True
faltered,3,NOT property_tax AND single_tax AND NOT culture,property_tax;single_tax;culture,010,0.82,0.405,55,14,0.5,0.106,0.109,0.104,0.045,0.188,0.167,3,-0.069,False,False,False,,True
faltered,3,NOT payroll_pit AND investment AND balance,payroll_pit;investment;balance,011,0.82,0.399,59,16,0.421,0.121,0.109,0.104,0.182,0.125,0.133,4,-0.069,False,False,False,,True
faltered,3,investment AND NOT culture AND NOT contestation,investment;culture;contestation,100,0.82,0.397,63,15,0.469,0.114,0.13,0.125,0.091,0.062,0.167,4,-0.069,False,False,False,,True
faltered,3,local_tax_base AND NOT investment AND contestation,local_tax_base;investment;contestation,101,0.82,0.39,56,17,0.548,0.129,0.152,0.083,0.182,0.125,0.133,4,-0.069,False,False,False,,True
faltered,3,NOT autonomy AND investment AND contestation,autonomy;investment;contestation,011,0.82,0.384,50,12,0.48,0.091,0.065,0.125,0.136,0.0,0.1,3,-0.069,False,False,False,,True
faltered,3,NOT property_tax AND single_tax AND NOT social,property_tax;single_tax;social,010,0.82,0.383,54,14,0.56,0.106,0.087,0.125,0.091,0.125,0.1,4,-0.069,False,False,False,,True
faltered,3,property_tax AND extracurricular AND small,property_tax;extracurricular;small,111,0.82,0.382,52,16,0.615,0.121,0.152,0.083,0.136,0.125,0.133,4,-0.069,False,False,False,,True
faltered,3,NOT investment AND social AND education,investment;social;education,011,0.82,0.38,55,19,0.633,0.144,0.087,0.125,0.091,0.438,0.1,4,-0.069,False,False,False,,True
faltered,3,NOT social AND education AND extracurricular,social;education;extracurricular,011,0.82,0.374,33,8,0.5,0.061,0.043,0.042,0.136,0.062,0.033,4,-0.069,False,False,False,,True
faltered,3,NOT autonomy AND social AND balance,autonomy;social;balance,011,0.82,0.371,42,14,0.56,0.106,0.087,0.042,0.136,0.312,0.067,3,-0.069,False,False,False,,True
faltered,3,NOT property_tax AND culture AND contestation,property_tax;culture;contestation,011,0.82,0.37,31,6,0.429,0.045,0.043,0.021,0.136,0.0,0.033,2,-0.069,False,False,False,,False
faltered,3,NOT local_tax_base AND education AND NOT contestation,local_tax_base;education;contestation,010,0.82,0.369,51,12,0.462,0.091,0.0,0.083,0.136,0.312,0.0,3,-0.069,False,False,False,,True
faltered,3,local_tax_base AND NOT single_tax AND social,local_tax_base;single_tax;social,101,0.82,0.368,41,6,0.333,0.045,0.022,0.042,0.091,0.062,0.033,3,-0.069,False,False,False,,True
faltered,3,NOT culture AND NOT extracurricular AND NOT contestation,culture;extracurricular;contestation,000,0.82,0.367,56,16,0.552,0.121,0.152,0.146,0.0,0.125,0.233,3,-0.069,False,False,False,,True
faltered,3,NOT education AND NOT contestation AND NOT balance,education;contestation;balance,000,0.82,0.361,52,12,0.6,0.091,0.065,0.125,0.045,0.125,0.1,3,-0.069,False,False,False,,True
faltered,3,single_tax AND NOT balance AND small,single_tax;balance;small,101,0.82,0.358,56,11,0.44,0.083,0.043,0.104,0.091,0.125,0.033,4,-0.069,False,False,False,,True
faltered,3,NOT investment AND NOT culture AND NOT extracurricular,investment;culture;extracurricular,000,0.82,0.354,38,13,0.65,0.098,0.043,0.208,0.0,0.062,0.067,2,-0.069,False,False,False,,False
faltered,3,local_tax_base AND NOT investment AND NOT extracurricular,local_tax_base;investment;extracurricular,100,0.82,0.349,40,10,0.5,0.076,0.087,0.104,0.0,0.062,0.1,3,-0.069,False,False,False,,True
faltered,3,NOT autonomy AND NOT contestation AND balance,autonomy;contestation;balance,001,0.82,0.348,47,15,0.484,0.114,0.022,0.125,0.136,0.312,0.033,3,-0.069,False,False,False,,True
faltered,3,NOT investment AND education AND small,investment;education;small,011,0.82,0.346,44,11,0.55,0.083,0.109,0.021,0.045,0.25,0.1,3,-0.069,False,False,False,,True
faltered,3,NOT single_tax AND payroll_pit AND NOT investment,single_tax;payroll_pit;investment,010,0.82,0.343,30,9,0.643,0.068,0.022,0.104,0.091,0.062,0.033,3,-0.069,False,False,False,,True
faltered,3,NOT local_tax_base AND property_tax AND NOT extracurricular,local_tax_base;property_tax;extracurricular,010,0.82,0.341,35,8,0.421,0.061,0.0,0.125,0.045,0.062,0.0,3,-0.069,False,False,False,,True
faltered,3,NOT investment AND NOT contestation AND NOT balance,investment;contestation;balance,000,0.82,0.335,47,12,0.571,0.091,0.065,0.083,0.091,0.188,0.067,4,-0.069,False,False,False,,True
faltered,3,NOT property_tax AND culture AND NOT extracurricular,property_tax;culture;extracurricular,010,0.82,0.332,26,7,0.583,0.053,0.087,0.021,0.045,0.062,0.067,3,-0.069,False,False,False,,True
faltered,3,payroll_pit AND NOT investment AND small,payroll_pit;investment;small,101,0.82,0.332,39,13,0.722,0.098,0.109,0.083,0.091,0.125,0.1,4,-0.069,False,False,False,,True
faltered,3,NOT single_tax AND payroll_pit AND NOT extracurricular,single_tax;payroll_pit;extracurricular,010,0.82,0.328,23,5,0.385,0.038,0.0,0.104,0.0,0.0,0.0,1,-0.069,False,False,False,,False
faltered,3,NOT local_tax_base AND NOT property_tax AND small,local_tax_base;property_tax;small,001,0.82,0.325,24,5,0.417,0.038,0.022,0.042,0.091,0.0,0.033,3,-0.069,False,False,False,,True
faltered,3,property_tax AND single_tax AND NOT small,property_tax;single_tax;small,110,0.819,0.461,73,22,0.611,0.167,0.283,0.146,0.045,0.062,0.233,2,-0.07,False,False,False,,False
faltered,3,local_tax_base AND single_tax AND payroll_pit,local_tax_base;single_tax;payroll_pit,111,0.819,0.442,76,23,0.697,0.174,0.217,0.167,0.182,0.062,0.2,3,-0.07,False,False,False,,True
faltered,3,single_tax AND education AND NOT small,single_tax;education;small,110,0.819,0.429,58,17,0.548,0.129,0.065,0.146,0.136,0.25,0.1,4,-0.07,False,False,False,,True
faltered,3,single_tax AND NOT education AND contestation,single_tax;education;contestation,101,0.819,0.427,61,16,0.615,0.121,0.217,0.083,0.091,0.0,0.2,3,-0.07,False,False,False,,True
faltered,3,NOT payroll_pit AND social AND extracurricular,payroll_pit;social;extracurricular,011,0.819,0.418,53,10,0.345,0.076,0.022,0.021,0.227,0.188,0.0,2,-0.07,False,False,False,,False
faltered,3,property_tax AND NOT culture AND contestation,property_tax;culture;contestation,101,0.819,0.415,61,16,0.593,0.121,0.196,0.125,0.045,0.0,0.133,2,-0.07,False,False,False,,False
faltered,3,investment AND education AND NOT small,investment;education;small,110,0.819,0.415,47,10,0.435,0.076,0.065,0.083,0.091,0.062,0.067,4,-0.07,False,False,False,,True
faltered,3,NOT property_tax AND single_tax AND autonomy,property_tax;single_tax;autonomy,011,0.819,0.412,57,14,0.538,0.106,0.087,0.125,0.136,0.062,0.1,4,-0.07,False,False,False,,True
faltered,3,NOT property_tax AND single_tax AND NOT education,property_tax;single_tax;education,010,0.819,0.407,52,15,0.6,0.114,0.152,0.104,0.091,0.062,0.2,4,-0.07,False,False,False,,True
faltered,3,NOT local_tax_base AND NOT property_tax AND single_tax,local_tax_base;property_tax;single_tax,001,0.819,0.405,55,17,0.586,0.129,0.109,0.104,0.182,0.188,0.133,4,-0.07,False,False,False,,True
faltered,3,single_tax AND NOT social AND NOT small,single_tax;social;small,100,0.819,0.404,49,12,0.48,0.091,0.109,0.104,0.045,0.062,0.067,3,-0.07,False,False,False,,True
faltered,3,single_tax AND extracurricular AND NOT contestation,single_tax;extracurricular;contestation,110,0.819,0.404,60,19,0.594,0.144,0.174,0.125,0.091,0.188,0.133,4,-0.07,False,False,False,,True
faltered,3,investment AND NOT social AND NOT contestation,investment;social;contestation,100,0.819,0.403,64,16,0.516,0.121,0.109,0.146,0.091,0.125,0.167,4,-0.07,False,False,False,,True
faltered,3,single_tax AND NOT contestation AND balance,single_tax;contestation;balance,101,0.819,0.4,59,21,0.636,0.159,0.217,0.104,0.091,0.25,0.233,4,-0.07,False,False,False,,True
faltered,3,local_tax_base AND contestation AND NOT balance,local_tax_base;contestation;balance,110,0.819,0.398,59,13,0.542,0.098,0.065,0.125,0.136,0.062,0.033,4,-0.07,False,False,False,,True
faltered,3,NOT property_tax AND payroll_pit AND investment,property_tax;payroll_pit;investment,011,0.819,0.398,47,11,0.458,0.083,0.087,0.083,0.136,0.0,0.1,3,-0.07,False,False,False,,True
faltered,3,local_tax_base AND NOT property_tax AND contestation,local_tax_base;property_tax;contestation,101,0.819,0.396,52,10,0.4,0.076,0.087,0.062,0.045,0.125,0.1,4,-0.07,False,False,False,,True
faltered,3,local_tax_base AND investment AND education,local_tax_base;investment;education,111,0.819,0.395,55,13,0.481,0.098,0.087,0.125,0.136,0.0,0.1,3,-0.07,False,False,False,,True
faltered,3,local_tax_base AND NOT culture AND balance,local_tax_base;culture;balance,101,0.819,0.395,50,16,0.593,0.121,0.13,0.146,0.045,0.125,0.2,3,-0.07,False,False,False,,True
faltered,3,NOT extracurricular AND NOT contestation AND NOT small,extracurricular;contestation;small,000,0.819,0.389,54,15,0.536,0.114,0.152,0.104,0.0,0.188,0.2,3,-0.07,False,False,False,,True
faltered,3,property_tax AND NOT social AND NOT culture,property_tax;social;culture,100,0.819,0.387,44,14,0.667,0.106,0.109,0.167,0.045,0.0,0.067,2,-0.07,False,False,False,,False
faltered,3,NOT autonomy AND social AND NOT small,autonomy;social;small,010,0.819,0.387,49,14,0.519,0.106,0.065,0.083,0.136,0.25,0.067,4,-0.07,False,False,False,,True
faltered,3,payroll_pit AND NOT social AND NOT education,payroll_pit;social;education,100,0.819,0.385,40,10,0.526,0.076,0.087,0.083,0.091,0.0,0.067,3,-0.07,False,False,False,,True
faltered,3,local_tax_base AND autonomy AND small,local_tax_base;autonomy;small,111,0.819,0.383,57,13,0.542,0.098,0.152,0.083,0.045,0.062,0.167,3,-0.07,False,False,False,,True
faltered,3,payroll_pit AND NOT social AND NOT culture,payroll_pit;social;culture,100,0.819,0.381,39,10,0.588,0.076,0.065,0.083,0.136,0.0,0.033,3,-0.07,False,False,False,,True
faltered,3,NOT investment AND social AND NOT culture,investment;social;culture,010,0.819,0.378,44,13,0.565,0.098,0.0,0.167,0.091,0.188,0.0,3,-0.07,False,False,False,,True
faltered,3,local_tax_base AND NOT culture AND NOT contestation,local_tax_base;culture;contestation,100,0.819,0.376,55,18,0.667,0.136,0.13,0.208,0.045,0.062,0.167,2,-0.07,False,False,False,,False
faltered,3,investment AND NOT social AND culture,investment;social;culture,101,0.819,0.375,43,11,0.5,0.083,0.087,0.083,0.091,0.062,0.133,4,-0.07,False,False,False,,True
faltered,3,NOT property_tax AND social AND NOT contestation,property_tax;social;contestation,010,0.819,0.369,51,14,0.452,0.106,0.065,0.062,0.182,0.25,0.033,4,-0.07,False,False,False,,True
faltered,3,autonomy AND NOT investment AND NOT contestation,autonomy;investment;contestation,100,0.819,0.365,49,16,0.615,0.121,0.13,0.104,0.182,0.062,0.067,4,-0.07,False,False,False,,True
faltered,3,NOT investment AND NOT contestation AND balance,investment;contestation;balance,001,0.819,0.365,50,18,0.581,0.136,0.109,0.125,0.136,0.25,0.067,4,-0.07,False,False,False,,True
faltered,3,NOT local_tax_base AND NOT investment AND education,local_tax_base;investment;education,001,0.819,0.361,41,12,0.571,0.091,0.022,0.083,0.091,0.312,0.033,3,-0.07,False,False,False,,True
faltered,3,NOT property_tax AND NOT social AND culture,property_tax;social;culture,001,0.819,0.359,42,12,0.545,0.091,0.087,0.062,0.136,0.125,0.067,4,-0.07,False,False,False,,True
faltered,3,culture AND education AND NOT balance,culture;education;balance,110,0.819,0.359,53,12,0.444,0.091,0.043,0.104,0.136,0.125,0.067,3,-0.07,False,False,False,,True
faltered,3,NOT autonomy AND NOT investment AND social,autonomy;investment;social,001,0.819,0.354,38,16,0.727,0.121,0.087,0.083,0.091,0.375,0.067,4,-0.07,False,False,False,,True
faltered,3,property_tax AND NOT single_tax AND culture,property_tax;single_tax;culture,101,0.819,0.352,37,7,0.389,0.053,0.087,0.021,0.091,0.0,0.133,2,-0.07,False,False,False,,False
faltered,3,culture AND NOT education AND NOT contestation,culture;education;contestation,100,0.819,0.352,44,14,0.583,0.106,0.174,0.042,0.091,0.125,0.133,3,-0.07,False,False,False,,True
faltered,3,NOT local_tax_base AND NOT contestation AND NOT balance,local_tax_base;contestation;balance,000,0.819,0.35,45,8,0.444,0.061,0.043,0.042,0.091,0.125,0.067,4,-0.07,False,False,False,,True
faltered,3,NOT investment AND culture AND NOT contestation,investment;culture;contestation,010,0.819,0.347,40,13,0.52,0.098,0.087,0.042,0.091,0.312,0.067,3,-0.07,False,False,False,,True
faltered,3,local_tax_base AND NOT single_tax AND culture,local_tax_base;single_tax;culture,101,0.819,0.342,30,7,0.438,0.053,0.087,0.0,0.091,0.062,0.1,3,-0.07,False,False,False,,True
faltered,3,NOT education AND NOT extracurricular AND small,education;extracurricular;small,001,0.819,0.341,40,13,0.619,0.098,0.087,0.167,0.0,0.062,0.133,3,-0.07,False,False,False,,True
faltered,3,NOT local_tax_base AND culture AND NOT balance,local_tax_base;culture;balance,010,0.819,0.34,35,5,0.294,0.038,0.022,0.042,0.045,0.062,0.033,4,-0.07,False,False,False,,True
faltered,3,culture AND NOT balance AND small,culture;balance;small,101,0.819,0.339,47,12,0.462,0.091,0.065,0.083,0.091,0.188,0.1,4,-0.07,False,False,False,,True
faltered,3,NOT single_tax AND NOT autonomy AND culture,single_tax;autonomy;culture,001,0.819,0.329,27,8,0.533,0.061,0.087,0.0,0.091,0.125,0.1,3,-0.07,False,False,False,,True
faltered,3,NOT single_tax AND investment AND small,single_tax;investment;small,011,0.819,0.329,31,7,0.389,0.053,0.065,0.042,0.045,0.062,0.1,4,-0.07,False,False,False,,True
faltered,3,NOT culture AND NOT extracurricular AND small,culture;extracurricular;small,001,0.819,0.329,43,12,0.545,0.091,0.043,0.188,0.0,0.062,0.067,2,-0.07,False,False,False,,False
faltered,3,NOT investment AND NOT extracurricular AND NOT contestation,investment;extracurricular;contestation,000,0.819,0.324,31,8,0.533,0.061,0.043,0.083,0.0,0.125,0.067,3,-0.07,False,False,False,,True
faltered,3,payroll_pit AND NOT investment AND NOT extracurricular,payroll_pit;investment;extracurricular,100,0.819,0.312,27,7,0.636,0.053,0.022,0.083,0.0,0.125,0.033,2,-0.07,False,False,False,,False
faltered,3,NOT single_tax AND culture AND small,single_tax;culture;small,011,0.819,0.305,21,6,0.429,0.045,0.087,0.021,0.0,0.062,0.133,2,-0.07,False,False,False,,False
faltered,3,investment AND social AND NOT culture,investment;social;culture,110,0.818,0.447,76,17,0.459,0.129,0.261,0.042,0.091,0.062,0.267,2,-0.071,False,False,False,,False
faltered,3,payroll_pit AND social AND NOT education,payroll_pit;social;education,110,0.818,0.441,79,20,0.588,0.152,0.261,0.125,0.091,0.0,0.233,3,-0.071,False,False,False,,True
faltered,3,local_tax_base AND social AND contestation,local_tax_base;social;contestation,111,0.818,0.433,62,16,0.516,0.121,0.174,0.104,0.091,0.062,0.167,4,-0.071,False,False,False,,True
faltered,3,payroll_pit AND education AND NOT small,payroll_pit;education;small,110,0.818,0.43,61,19,0.559,0.144,0.087,0.167,0.136,0.25,0.1,4,-0.071,False,False,False,,True
faltered,3,single_tax AND autonomy AND NOT balance,single_tax;autonomy;balance,110,0.818,0.416,61,15,0.652,0.114,0.152,0.104,0.091,0.062,0.133,4,-0.071,False,False,False,,True
faltered,3,local_tax_base AND autonomy AND NOT social,local_tax_base;autonomy;social,110,0.818,0.413,57,13,0.619,0.098,0.13,0.083,0.091,0.062,0.1,4,-0.071,False,False,False,,True
faltered,3,NOT local_tax_base AND NOT payroll_pit AND investment,local_tax_base;payroll_pit;investment,001,0.818,0.393,58,11,0.367,0.083,0.043,0.062,0.182,0.125,0.033,4,-0.071,False,False,False,,True
faltered,3,property_tax AND NOT single_tax AND contestation,property_tax;single_tax;contestation,101,0.818,0.387,54,14,0.519,0.106,0.152,0.104,0.091,0.0,0.167,3,-0.071,False,False,False,,True
faltered,3,NOT payroll_pit AND investment AND NOT contestation,payroll_pit;investment;contestation,010,0.818,0.384,66,15,0.441,0.114,0.109,0.104,0.136,0.125,0.133,4,-0.071,False,False,False,,True
faltered,3,NOT social AND culture AND balance,social;culture;balance,011,0.818,0.383,42,14,0.56,0.106,0.13,0.083,0.136,0.062,0.133,4,-0.071,False,False,False,,True
faltered,3,local_tax_base AND NOT autonomy AND balance,local_tax_base;autonomy;balance,101,0.818,0.38,46,20,0.69,0.152,0.152,0.167,0.045,0.25,0.133,3,-0.071,False,False,False,,True
faltered,3,NOT property_tax AND payroll_pit AND NOT social,property_tax;payroll_pit;social,010,0.818,0.368,37,9,0.529,0.068,0.043,0.083,0.136,0.0,0.033,3,-0.071,False,False,False,,True
faltered,3,NOT autonomy AND NOT social AND NOT contestation,autonomy;social;contestation,000,0.818,0.368,55,16,0.552,0.121,0.065,0.188,0.045,0.188,0.1,3,-0.071,False,False,False,,True
faltered,3,NOT social AND NOT extracurricular AND NOT contestation,social;extracurricular;contestation,000,0.818,0.368,56,16,0.571,0.121,0.152,0.125,0.045,0.125,0.233,3,-0.071,False,False,False,,True
faltered,3,local_tax_base AND NOT autonomy AND NOT extracurricular,local_tax_base;autonomy;extracurricular,100,0.818,0.366,55,18,0.6,0.136,0.109,0.208,0.045,0.125,0.133,3,-0.071,False,False,False,,True
faltered,3,NOT property_tax AND NOT payroll_pit AND culture,property_tax;payroll_pit;culture,001,0.818,0.363,46,11,0.423,0.083,0.065,0.042,0.182,0.125,0.033,4,-0.071,False,False,False,,True
faltered,3,NOT payroll_pit AND NOT investment AND social,payroll_pit;investment;social,001,0.818,0.362,39,10,0.435,0.076,0.022,0.062,0.136,0.188,0.0,3,-0.071,False,False,False,,True
faltered,3,local_tax_base AND NOT contestation AND small,local_tax_base;contestation;small,101,0.818,0.361,45,9,0.429,0.068,0.087,0.042,0.045,0.125,0.1,4,-0.071,False,False,False,,True
faltered,3,NOT culture AND NOT contestation AND NOT balance,culture;contestation;balance,000,0.818,0.361,57,12,0.571,0.091,0.087,0.125,0.045,0.062,0.1,3,-0.071,False,False,False,,True
faltered,3,NOT property_tax AND NOT contestation AND NOT balance,property_tax;contestation;balance,000,0.818,0.352,53,9,0.5,0.068,0.043,0.062,0.091,0.125,0.067,4,-0.071,False,False,False,,True
faltered,3,NOT extracurricular AND NOT contestation AND balance,extracurricular;contestation;balance,001,0.818,0.35,43,12,0.462,0.091,0.152,0.042,0.045,0.125,0.2,2,-0.071,False,False,False,,False
faltered,3,NOT local_tax_base AND NOT autonomy AND NOT contestation,local_tax_base;autonomy;contestation,000,0.818,0.348,47,11,0.423,0.083,0.043,0.042,0.136,0.25,0.067,4,-0.071,False,False,False,,True
faltered,3,NOT single_tax AND culture AND education,single_tax;culture;education,011,0.818,0.344,29,5,0.333,0.038,0.043,0.021,0.045,0.062,0.067,4,-0.071,False,False,False,,True
faltered,3,NOT investment AND social AND NOT extracurricular,investment;social;extracurricular,010,0.818,0.34,35,9,0.474,0.068,0.022,0.104,0.0,0.188,0.033,2,-0.071,False,False,False,,False
faltered,3,local_tax_base AND autonomy AND NOT small,local_tax_base;autonomy;small,110,0.817,0.458,66,15,0.556,0.114,0.13,0.125,0.136,0.0,0.133,3,-0.072,False,False,False,,True
faltered,3,local_tax_base AND single_tax AND balance,local_tax_base;single_tax;balance,111,0.817,0.438,71,23,0.622,0.174,0.239,0.146,0.091,0.188,0.267,4,-0.072,False,False,False,,True
faltered,3,local_tax_base AND investment AND balance,local_tax_base;investment;balance,111,0.817,0.432,61,17,0.531,0.129,0.174,0.146,0.045,0.062,0.233,2,-0.072,False,False,False,,False
faltered,3,local_tax_base AND NOT education AND extracurricular,local_tax_base;education;extracurricular,101,0.817,0.43,59,13,0.448,0.098,0.043,0.125,0.136,0.125,0.033,3,-0.072,False,False,False,,True
faltered,3,NOT property_tax AND single_tax AND NOT small,property_tax;single_tax;small,010,0.817,0.43,67,21,0.583,0.159,0.152,0.125,0.182,0.25,0.2,4,-0.072,False,False,False,,True
faltered,3,extracurricular AND contestation AND NOT balance,extracurricular;contestation;balance,110,0.817,0.426,72,16,0.552,0.121,0.109,0.104,0.273,0.0,0.133,3,-0.072,False,False,False,,True
faltered,3,payroll_pit AND investment AND NOT balance,payroll_pit;investment;balance,110,0.817,0.409,67,17,0.548,0.129,0.109,0.188,0.136,0.0,0.1,3,-0.072,False,False,False,,True
faltered,3,NOT payroll_pit AND social AND balance,payroll_pit;social;balance,011,0.817,0.394,54,14,0.412,0.106,0.087,0.042,0.227,0.188,0.067,3,-0.072,False,False,False,,True
faltered,3,payroll_pit AND contestation AND NOT balance,payroll_pit;contestation;balance,110,0.817,0.393,59,16,0.667,0.121,0.13,0.146,0.136,0.0,0.133,3,-0.072,False,False,False,,True
faltered,3,investment AND culture AND NOT education,investment;culture;education,110,0.817,0.393,52,11,0.524,0.083,0.174,0.021,0.045,0.062,0.2,3,-0.072,False,False,False,,True
faltered,3,local_tax_base AND single_tax AND NOT contestation,local_tax_base;single_tax;contestation,110,0.817,0.387,57,15,0.625,0.114,0.13,0.104,0.091,0.125,0.167,4,-0.072,False,False,False,,True
faltered,3,NOT single_tax AND payroll_pit AND investment,single_tax;payroll_pit;investment,011,0.817,0.384,45,9,0.429,0.068,0.109,0.062,0.045,0.0,0.067,3,-0.072,False,False,False,,True
faltered,3,property_tax AND NOT contestation AND balance,property_tax;contestation;balance,101,0.817,0.382,48,13,0.542,0.098,0.152,0.062,0.091,0.062,0.167,4,-0.072,False,False,False,,True
faltered,3,local_tax_base AND NOT investment AND NOT social,local_tax_base;investment;social,100,0.817,0.38,52,15,0.536,0.114,0.109,0.104,0.136,0.125,0.1,4,-0.072,False,False,False,,True
faltered,3,payroll_pit AND NOT investment AND education,payroll_pit;investment;education,101,0.817,0.38,54,19,0.704,0.144,0.109,0.125,0.136,0.312,0.1,4,-0.072,False,False,False,,True
faltered,3,local_tax_base AND NOT property_tax AND NOT extracurricular,local_tax_base;property_tax;extracurricular,100,0.817,0.378,55,14,0.519,0.106,0.109,0.146,0.0,0.125,0.133,3,-0.072,False,False,False,,True
faltered,3,NOT autonomy AND contestation AND balance,autonomy;contestation;balance,011,0.817,0.377,45,16,0.667,0.121,0.152,0.104,0.091,0.125,0.133,4,-0.072,False,False,False,,True
faltered,3,single_tax AND NOT extracurricular AND contestation,single_tax;extracurricular;contestation,101,0.817,0.376,47,13,0.684,0.098,0.13,0.104,0.045,0.062,0.133,3,-0.072,False,False,False,,True
faltered,3,NOT local_tax_base AND single_tax AND NOT contestation,local_tax_base;single_tax;contestation,010,0.817,0.373,52,17,0.531,0.129,0.152,0.083,0.091,0.25,0.133,4,-0.072,False,False,False,,True
faltered,3,NOT property_tax AND social AND culture,property_tax;social;culture,011,0.817,0.373,33,8,0.444,0.061,0.043,0.021,0.136,0.125,0.033,3,-0.072,False,False,False,,True
faltered,3,NOT social AND culture AND NOT education,social;culture;education,010,0.817,0.367,37,11,0.5,0.083,0.109,0.042,0.091,0.125,0.1,4,-0.072,False,False,False,,True
faltered,3,autonomy AND NOT investment AND NOT balance,autonomy;investment;balance,100,0.817,0.366,40,9,0.562,0.068,0.022,0.062,0.182,0.062,0.0,3,-0.072,False,False,False,,True
faltered,3,property_tax AND NOT extracurricular AND NOT balance,property_tax;extracurricular;balance,100,0.817,0.365,53,15,0.6,0.114,0.065,0.208,0.045,0.062,0.033,3,-0.072,False,False,False,,True
faltered,3,NOT autonomy AND social AND NOT culture,autonomy;social;culture,010,0.817,0.363,44,8,0.348,0.061,0.043,0.042,0.091,0.125,0.067,4,-0.072,False,False,False,,True
faltered,3,autonomy AND culture AND NOT balance,autonomy;culture;balance,110,0.817,0.363,38,4,0.308,0.03,0.0,0.042,0.045,0.062,0.0,3,-0.072,False,False,False,,True
faltered,3,autonomy AND NOT social AND small,autonomy;social;small,101,0.817,0.354,42,10,0.588,0.076,0.065,0.083,0.091,0.062,0.067,4,-0.072,False,False,False,,True
faltered,3,NOT payroll_pit AND NOT contestation AND NOT balance,payroll_pit;contestation;balance,000,0.817,0.351,56,9,0.45,0.068,0.065,0.062,0.0,0.188,0.1,3,-0.072,False,False,False,,True
faltered,3,NOT property_tax AND culture AND NOT contestation,property_tax;culture;contestation,010,0.817,0.346,44,14,0.538,0.106,0.087,0.062,0.136,0.25,0.067,4,-0.072,False,False,False,,True
faltered,3,NOT local_tax_base AND property_tax AND small,local_tax_base;property_tax;small,011,0.817,0.342,41,12,0.545,0.091,0.065,0.104,0.091,0.125,0.1,4,-0.072,False,False,False,,True
faltered,3,NOT single_tax AND NOT culture AND small,single_tax;culture;small,001,0.817,0.334,32,10,0.526,0.076,0.043,0.125,0.045,0.062,0.067,4,-0.072,False,False,False,,True
faltered,3,property_tax AND autonomy AND NOT balance,property_tax;autonomy;balance,110,0.816,0.422,65,18,0.667,0.136,0.152,0.188,0.045,0.062,0.1,2,-0.073,False,False,False,,False
faltered,3,property_tax AND NOT single_tax AND NOT small,property_tax;single_tax;small,100,0.816,0.415,55,13,0.5,0.098,0.087,0.125,0.136,0.0,0.067,3,-0.073,False,False,False,,True
faltered,3,NOT property_tax AND single_tax AND balance,property_tax;single_tax;balance,011,0.816,0.406,60,20,0.588,0.152,0.152,0.125,0.091,0.312,0.2,4,-0.073,False,False,False,,True
faltered,3,local_tax_base AND NOT investment AND NOT small,local_tax_base;investment;small,100,0.816,0.404,59,16,0.516,0.121,0.087,0.146,0.182,0.062,0.067,4,-0.073,False,False,False,,True
faltered,3,local_tax_base AND social AND education,local_tax_base;social;education,111,0.816,0.403,60,17,0.567,0.129,0.13,0.104,0.182,0.125,0.133,4,-0.073,False,False,False,,True
faltered,3,single_tax AND NOT investment AND culture,single_tax;investment;culture,101,0.816,0.387,59,22,0.647,0.167,0.174,0.125,0.182,0.25,0.133,4,-0.073,False,False,False,,True
faltered,3,NOT autonomy AND NOT contestation AND NOT small,autonomy;contestation;small,000,0.816,0.384,65,19,0.528,0.144,0.043,0.188,0.091,0.375,0.067,3,-0.073,False,False,False,,True
faltered,3,local_tax_base AND social AND NOT extracurricular,local_tax_base;social;extracurricular,110,0.816,0.383,50,10,0.417,0.076,0.13,0.042,0.045,0.062,0.2,4,-0.073,False,False,False,,True
faltered,3,investment AND contestation AND small,investment;contestation;small,111,0.816,0.381,50,15,0.556,0.114,0.13,0.125,0.091,0.062,0.167,4,-0.073,False,False,False,,True
faltered,3,property_tax AND NOT investment AND culture,property_tax;investment;culture,101,0.816,0.379,58,19,0.594,0.144,0.174,0.104,0.136,0.188,0.167,4,-0.073,False,False,False,,True
faltered,3,payroll_pit AND NOT education AND NOT balance,payroll_pit;education;balance,100,0.816,0.378,52,16,0.667,0.121,0.109,0.167,0.136,0.0,0.1,3,-0.073,False,False,False,,True
faltered,3,extracurricular AND balance AND small,extracurricular;balance;small,111,0.816,0.374,38,13,0.684,0.098,0.109,0.062,0.136,0.125,0.1,4,-0.073,False,False,False,,True
faltered,3,local_tax_base AND social AND NOT contestation,local_tax_base;social;contestation,110,0.816,0.371,50,12,0.545,0.091,0.065,0.083,0.136,0.125,0.1,4,-0.073,False,False,False,,True
faltered,3,NOT payroll_pit AND autonomy AND NOT investment,payroll_pit;autonomy;investment,010,0.816,0.371,41,6,0.316,0.045,0.043,0.042,0.091,0.0,0.033,3,-0.073,False,False,False,,True
faltered,3,NOT local_tax_base AND NOT autonomy AND investment,local_tax_base;autonomy;investment,001,0.816,0.366,46,11,0.423,0.083,0.043,0.083,0.182,0.062,0.067,4,-0.073,False,False,False,,True
faltered,3,property_tax AND NOT balance AND small,property_tax;balance;small,101,0.816,0.363,61,15,0.5,0.114,0.065,0.167,0.091,0.125,0.067,4,-0.073,False,False,False,,True
faltered,3,NOT investment AND NOT extracurricular AND contestation,investment;extracurricular;contestation,001,0.816,0.356,38,11,0.55,0.083,0.065,0.146,0.0,0.062,0.067,3,-0.073,False,False,False,,True
faltered,3,NOT social AND NOT culture AND small,social;culture;small,001,0.816,0.353,45,14,0.609,0.106,0.087,0.146,0.045,0.125,0.1,3,-0.073,False,False,False,,True
faltered,3,NOT autonomy AND NOT extracurricular AND contestation,autonomy;extracurricular;contestation,001,0.816,0.352,41,14,0.636,0.106,0.109,0.167,0.0,0.062,0.133,3,-0.073,False,False,False,,True
faltered,3,NOT investment AND NOT social AND NOT extracurricular,investment;social;extracurricular,000,0.816,0.35,34,10,0.625,0.076,0.087,0.125,0.0,0.0,0.1,2,-0.073,False,False,False,,False
faltered,3,property_tax AND NOT single_tax AND NOT extracurricular,property_tax;single_tax;extracurricular,100,0.816,0.349,36,10,0.455,0.076,0.065,0.146,0.0,0.0,0.1,2,-0.073,False,False,False,,False
faltered,3,NOT single_tax AND autonomy AND education,single_tax;autonomy;education,011,0.816,0.345,30,7,0.412,0.053,0.043,0.042,0.136,0.0,0.033,3,-0.073,False,False,False,,True
faltered,3,NOT local_tax_base AND NOT autonomy AND NOT extracurricular,local_tax_base;autonomy;extracurricular,000,0.816,0.33,31,10,0.625,0.076,0.065,0.083,0.045,0.125,0.1,4,-0.073,False,False,False,,True
faltered,3,NOT local_tax_base AND education AND NOT extracurricular,local_tax_base;education;extracurricular,010,0.816,0.33,38,9,0.474,0.068,0.022,0.083,0.091,0.125,0.033,3,-0.073,False,False,False,,True
faltered,3,local_tax_base AND extracurricular AND NOT small,local_tax_base;extracurricular;small,110,0.815,0.468,73,18,0.545,0.136,0.043,0.208,0.227,0.062,0.033,2,-0.074,False,False,False,,False
faltered,3,local_tax_base AND property_tax AND payroll_pit,local_tax_base;property_tax;payroll_pit,111,0.815,0.443,84,24,0.667,0.182,0.217,0.188,0.182,0.062,0.2,3,-0.074,False,False,False,,True
faltered,3,local_tax_base AND investment AND NOT social,local_tax_base;investment;social,110,0.815,0.427,69,19,0.613,0.144,0.13,0.229,0.0,0.125,0.133,3,-0.074,False,False,False,,True
faltered,3,local_tax_base AND NOT social AND contestation,local_tax_base;social;contestation,101,0.815,0.425,68,18,0.562,0.136,0.13,0.146,0.136,0.125,0.1,4,-0.074,False,False,False,,True
faltered,3,NOT property_tax AND investment AND social,property_tax;investment;social,011,0.815,0.42,54,10,0.345,0.076,0.109,0.021,0.136,0.062,0.1,3,-0.074,False,False,False,,True
faltered,3,local_tax_base AND payroll_pit AND culture,local_tax_base;payroll_pit;culture,111,0.815,0.416,72,18,0.6,0.136,0.152,0.146,0.136,0.062,0.167,3,-0.074,False,False,False,,True
faltered,3,local_tax_base AND autonomy AND NOT culture,local_tax_base;autonomy;culture,110,0.815,0.411,55,16,0.727,0.121,0.152,0.125,0.091,0.062,0.133,4,-0.074,False,False,False,,True
faltered,3,property_tax AND payroll_pit AND NOT balance,property_tax;payroll_pit;balance,110,0.815,0.407,69,19,0.613,0.144,0.152,0.188,0.091,0.062,0.133,3,-0.074,False,False,False,,True
faltered,3,single_tax AND autonomy AND NOT investment,single_tax;autonomy;investment,110,0.815,0.401,63,18,0.581,0.136,0.13,0.125,0.182,0.125,0.1,4,-0.074,False,False,False,,True
faltered,3,local_tax_base AND investment AND NOT contestation,local_tax_base;investment;contestation,110,0.815,0.399,61,16,0.571,0.121,0.109,0.167,0.091,0.062,0.167,4,-0.074,False,False,False,,True
faltered,3,NOT property_tax AND payroll_pit AND NOT culture,property_tax;payroll_pit;culture,010,0.815,0.396,54,14,0.5,0.106,0.065,0.125,0.182,0.062,0.067,4,-0.074,False,False,False,,True
faltered,3,payroll_pit AND NOT social AND NOT small,payroll_pit;social;small,100,0.815,0.396,40,9,0.45,0.068,0.087,0.062,0.091,0.0,0.067,3,-0.074,False,False,False,,True
faltered,3,single_tax AND payroll_pit AND NOT social,single_tax;payroll_pit;social,110,0.815,0.393,52,12,0.522,0.091,0.109,0.125,0.045,0.0,0.067,2,-0.074,False,False,False,,False
faltered,3,NOT single_tax AND payroll_pit AND social,single_tax;payroll_pit;social,011,0.815,0.392,53,12,0.48,0.091,0.087,0.146,0.0,0.062,0.033,3,-0.074,False,False,False,,True
faltered,3,local_tax_base AND NOT education AND NOT contestation,local_tax_base;education;contestation,100,0.815,0.386,59,17,0.607,0.129,0.087,0.208,0.0,0.188,0.133,3,-0.074,False,False,False,,True
faltered,3,property_tax AND contestation AND small,property_tax;contestation;small,111,0.815,0.385,62,22,0.688,0.167,0.196,0.167,0.182,0.062,0.233,3,-0.074,False,False,False,,True
faltered,3,NOT property_tax AND NOT extracurricular AND NOT contestation,property_tax;extracurricular;contestation,000,0.815,0.363,57,15,0.5,0.114,0.13,0.104,0.045,0.188,0.167,3,-0.074,False,False,False,,True
faltered,3,NOT investment AND contestation AND NOT balance,investment;contestation;balance,010,0.815,0.354,39,8,0.471,0.061,0.022,0.083,0.136,0.0,0.033,2,-0.074,False,False,False,,False
faltered,3,NOT contestation AND balance AND small,contestation;balance;small,011,0.815,0.348,33,6,0.375,0.045,0.043,0.021,0.091,0.062,0.067,3,-0.074,False,False,False,,True
faltered,3,autonomy AND NOT investment AND NOT extracurricular,autonomy;investment;extracurricular,100,0.815,0.346,36,7,0.412,0.053,0.043,0.083,0.0,0.062,0.067,3,-0.074,False,False,False,,True
faltered,3,NOT local_tax_base AND balance AND small,local_tax_base;balance;small,011,0.815,0.342,33,9,0.562,0.068,0.043,0.042,0.182,0.062,0.067,4,-0.074,False,False,False,,True
faltered,3,NOT single_tax AND autonomy AND small,single_tax;autonomy;small,011,0.815,0.323,29,8,0.444,0.061,0.043,0.083,0.045,0.062,0.067,4,-0.074,False,False,False,,True
faltered,3,property_tax AND NOT education AND NOT small,property_tax;education;small,100,0.814,0.465,83,23,0.605,0.174,0.304,0.146,0.091,0.0,0.233,3,-0.075,False,False,False,,True
faltered,3,local_tax_base AND investment AND contestation,local_tax_base;investment;contestation,111,0.814,0.454,74,17,0.531,0.129,0.152,0.167,0.045,0.062,0.133,2,-0.075,False,False,False,,False
faltered,3,investment AND NOT extracurricular AND NOT small,investment;extracurricular;small,100,0.814,0.441,71,18,0.486,0.136,0.217,0.125,0.0,0.125,0.233,3,-0.075,False,False,False,,True
faltered,3,local_tax_base AND single_tax AND social,local_tax_base;single_tax;social,111,0.814,0.44,71,22,0.629,0.167,0.217,0.146,0.136,0.125,0.233,4,-0.075,False,False,False,,True
faltered,3,local_tax_base AND contestation AND balance,local_tax_base;contestation;balance,111,0.814,0.436,71,21,0.538,0.159,0.239,0.125,0.091,0.125,0.233,4,-0.075,False,False,False,,True
faltered,3,NOT payroll_pit AND investment AND extracurricular,payroll_pit;investment;extracurricular,011,0.814,0.435,64,11,0.367,0.083,0.0,0.125,0.182,0.062,0.0,3,-0.075,False,False,False,,True
faltered,3,social AND education AND NOT small,social;education;small,110,0.814,0.432,63,19,0.576,0.144,0.087,0.146,0.136,0.312,0.1,4,-0.075,False,False,False,,True
faltered,3,payroll_pit AND NOT education AND balance,payroll_pit;education;balance,101,0.814,0.423,67,14,0.483,0.106,0.239,0.042,0.045,0.0,0.2,1,-0.075,False,False,False,,False
faltered,3,investment AND NOT education AND NOT contestation,investment;education;contestation,100,0.814,0.415,76,19,0.487,0.144,0.217,0.125,0.045,0.125,0.233,3,-0.075,False,False,False,,True
faltered,3,NOT autonomy AND investment AND NOT small,autonomy;investment;small,010,0.814,0.411,66,17,0.486,0.129,0.087,0.167,0.136,0.125,0.133,4,-0.075,False,False,False,,True
faltered,3,single_tax AND payroll_pit AND NOT balance,single_tax;payroll_pit;balance,110,0.814,0.408,70,18,0.621,0.136,0.13,0.146,0.182,0.062,0.133,3,-0.075,False,False,False,,True
faltered,3,single_tax AND NOT investment AND extracurricular,single_tax;investment;extracurricular,101,0.814,0.408,70,25,0.641,0.189,0.196,0.146,0.227,0.25,0.133,4,-0.075,False,False,False,,True
faltered,3,property_tax AND NOT single_tax AND NOT education,property_tax;single_tax;education,100,0.814,0.407,59,15,0.556,0.114,0.087,0.188,0.091,0.0,0.1,3,-0.075,False,False,False,,True
faltered,3,local_tax_base AND NOT single_tax AND extracurricular,local_tax_base;single_tax;extracurricular,101,0.814,0.403,46,9,0.45,0.068,0.0,0.083,0.136,0.125,0.0,3,-0.075,False,False,False,,True
faltered,3,single_tax AND payroll_pit AND NOT investment,single_tax;payroll_pit;investment,110,0.814,0.396,68,22,0.647,0.167,0.174,0.125,0.182,0.25,0.133,4,-0.075,False,False,False,,True
faltered,3,payroll_pit AND NOT investment AND balance,payroll_pit;investment;balance,101,0.814,0.394,61,20,0.588,0.152,0.13,0.146,0.136,0.25,0.1,4,-0.075,False,False,False,,True
faltered,3,local_tax_base AND investment AND small,local_tax_base;investment;small,111,0.814,0.392,65,16,0.5,0.121,0.13,0.146,0.091,0.062,0.167,4,-0.075,False,False,False,,True
faltered,3,single_tax AND NOT social AND NOT culture,single_tax;social;culture,100,0.814,0.391,50,11,0.5,0.083,0.109,0.104,0.0,0.062,0.067,3,-0.075,False,False,False,,True
faltered,3,payroll_pit AND NOT investment AND NOT small,payroll_pit;investment;small,100,0.814,0.391,59,18,0.6,0.136,0.087,0.146,0.182,0.188,0.067,4,-0.075,False,False,False,,True
faltered,3,NOT payroll_pit AND culture AND NOT small,payroll_pit;culture;small,010,0.814,0.39,50,11,0.407,0.083,0.065,0.042,0.227,0.062,0.0,4,-0.075,False,False,False,,True
faltered,3,NOT payroll_pit AND autonomy AND NOT balance,payroll_pit;autonomy;balance,010,0.814,0.383,45,6,0.429,0.045,0.043,0.042,0.045,0.062,0.033,4,-0.075,False,False,False,,True
faltered,3,NOT social AND culture AND NOT small,social;culture;small,010,0.814,0.383,39,10,0.455,0.076,0.087,0.062,0.091,0.062,0.067,4,-0.075,False,False,False,,True
faltered,3,NOT social AND NOT contestation AND balance,social;contestation;balance,001,0.814,0.382,55,17,0.515,0.129,0.152,0.146,0.091,0.062,0.167,3,-0.075,False,False,False,,True
faltered,3,local_tax_base AND property_tax AND NOT single_tax,local_tax_base;property_tax;single_tax,110,0.814,0.377,52,14,0.56,0.106,0.065,0.167,0.136,0.0,0.1,3,-0.075,False,False,False,,True
faltered,3,culture AND extracurricular AND small,culture;extracurricular;small,111,0.814,0.377,45,15,0.6,0.114,0.109,0.083,0.136,0.188,0.1,4,-0.075,False,False,False,,True
faltered,3,NOT investment AND extracurricular AND NOT balance,investment;extracurricular;balance,010,0.814,0.374,51,11,0.55,0.083,0.065,0.021,0.227,0.125,0.067,3,-0.075,False,False,False,,True
faltered,3,NOT autonomy AND NOT extracurricular AND NOT small,autonomy;extracurricular;small,000,0.814,0.373,51,16,0.64,0.121,0.109,0.167,0.0,0.188,0.133,3,-0.075,False,False,False,,True
faltered,3,autonomy AND NOT contestation AND NOT balance,autonomy;contestation;balance,100,0.814,0.367,52,9,0.5,0.068,0.043,0.083,0.091,0.062,0.033,4,-0.075,False,False,False,,True
faltered,3,NOT local_tax_base AND single_tax AND NOT social,local_tax_base;single_tax;social,010,0.814,0.365,38,8,0.421,0.061,0.043,0.104,0.045,0.0,0.033,3,-0.075,False,False,False,,True
faltered,3,culture AND NOT extracurricular AND NOT small,culture;extracurricular;small,100,0.814,0.365,34,6,0.462,0.045,0.065,0.042,0.0,0.062,0.033,3,-0.075,False,False,False,,True
faltered,3,NOT social AND NOT contestation AND NOT balance,social;contestation;balance,000,0.814,0.362,56,11,0.524,0.083,0.065,0.104,0.045,0.125,0.067,4,-0.075,False,False,False,,True
faltered,3,NOT payroll_pit AND NOT extracurricular AND NOT contestation,payroll_pit;extracurricular;contestation,000,0.814,0.361,59,15,0.484,0.114,0.152,0.083,0.045,0.188,0.2,3,-0.075,False,False,False,,True
faltered,3,NOT autonomy AND social AND NOT education,autonomy;social;education,010,0.814,0.356,38,9,0.375,0.068,0.043,0.062,0.136,0.062,0.033,4,-0.075,False,False,False,,True
faltered,3,NOT local_tax_base AND NOT contestation AND small,local_tax_base;contestation;small,001,0.814,0.333,37,8,0.4,0.061,0.022,0.062,0.091,0.125,0.033,3,-0.075,False,False,False,,True
faltered,3,NOT extracurricular AND balance AND small,extracurricular;balance;small,011,0.814,0.333,42,11,0.478,0.083,0.13,0.042,0.091,0.062,0.2,4,-0.075,False,False,False,,True
faltered,3,education AND NOT extracurricular AND NOT contestation,education;extracurricular;contestation,100,0.814,0.328,40,8,0.4,0.061,0.043,0.042,0.091,0.125,0.067,4,-0.075,False,False,False,,True
faltered,3,investment AND social AND NOT education,investment;social;education,110,0.813,0.465,86,18,0.462,0.136,0.283,0.042,0.091,0.062,0.267,2,-0.076,False,False,False,,False
faltered,3,single_tax AND NOT culture AND NOT small,single_tax;culture;small,100,0.813,0.447,67,19,0.576,0.144,0.239,0.083,0.091,0.125,0.267,4,-0.076,False,False,False,,True
faltered,3,local_tax_base AND single_tax AND investment,local_tax_base;single_tax;investment,111,0.813,0.446,73,20,0.645,0.152,0.196,0.167,0.091,0.062,0.2,3,-0.076,False,False,False,,True
faltered,3,local_tax_base AND autonomy AND contestation,local_tax_base;autonomy;contestation,111,0.813,0.446,69,16,0.533,0.121,0.152,0.125,0.091,0.062,0.133,4,-0.076,False,False,False,,True
faltered,3,investment AND NOT contestation AND NOT small,investment;contestation;small,100,0.813,0.441,80,20,0.476,0.152,0.217,0.125,0.091,0.125,0.233,4,-0.076,False,False,False,,True
faltered,3,local_tax_base AND NOT culture AND extracurricular,local_tax_base;culture;extracurricular,101,0.813,0.423,56,11,0.5,0.083,0.043,0.104,0.091,0.125,0.033,4,-0.076,False,False,False,,True
faltered,3,NOT payroll_pit AND autonomy AND contestation,payroll_pit;autonomy;contestation,011,0.813,0.419,51,6,0.3,0.045,0.043,0.021,0.045,0.125,0.033,3,-0.076,False,False,False,,True
faltered,3,NOT payroll_pit AND contestation AND balance,payroll_pit;contestation;balance,011,0.813,0.409,61,14,0.452,0.106,0.13,0.083,0.091,0.125,0.133,4,-0.076,False,False,False,,True
faltered,3,local_tax_base AND NOT property_tax AND NOT social,local_tax_base;property_tax;social,100,0.813,0.406,65,18,0.529,0.136,0.109,0.167,0.045,0.25,0.133,3,-0.076,False,False,False,,True
faltered,3,local_tax_base AND single_tax AND small,local_tax_base;single_tax;small,111,0.813,0.405,74,21,0.6,0.159,0.196,0.125,0.136,0.188,0.2,4,-0.076,False,False,False,,True
faltered,3,local_tax_base AND NOT investment AND extracurricular,local_tax_base;investment;extracurricular,101,0.813,0.4,58,19,0.594,0.144,0.13,0.083,0.227,0.25,0.1,4,-0.076,False,False,False,,True
faltered,3,payroll_pit AND NOT contestation AND balance,payroll_pit;contestation;balance,101,0.813,0.398,58,18,0.581,0.136,0.217,0.062,0.091,0.188,0.2,3,-0.076,False,False,False,,True
faltered,3,NOT payroll_pit AND extracurricular AND NOT balance,payroll_pit;extracurricular;balance,010,0.813,0.394,57,8,0.381,0.061,0.0,0.062,0.136,0.125,0.0,3,-0.076,False,False,False,,True
faltered,3,local_tax_base AND single_tax AND NOT extracurricular,local_tax_base;single_tax;extracurricular,110,0.813,0.388,59,16,0.64,0.121,0.196,0.083,0.045,0.125,0.233,3,-0.076,False,False,False,,True
faltered,3,payroll_pit AND NOT social AND contestation,payroll_pit;social;contestation,101,0.813,0.387,45,10,0.526,0.076,0.065,0.104,0.091,0.0,0.067,3,-0.076,False,False,False,,True
faltered,3,local_tax_base AND NOT investment AND balance,local_tax_base;investment;balance,101,0.813,0.385,57,19,0.576,0.144,0.174,0.104,0.136,0.188,0.167,4,-0.076,False,False,False,,True
faltered,3,property_tax AND payroll_pit AND NOT investment,property_tax;payroll_pit;investment,110,0.813,0.385,62,19,0.633,0.144,0.152,0.146,0.136,0.125,0.133,4,-0.076,False,False,False,,True
faltered,3,NOT single_tax AND payroll_pit AND NOT culture,single_tax;payroll_pit;culture,010,0.813,0.385,45,14,0.636,0.106,0.087,0.146,0.136,0.0,0.033,3,-0.076,False,False,False,,True
faltered,3,single_tax AND contestation AND small,single_tax;contestation;small,111,0.813,0.382,59,17,0.654,0.129,0.13,0.104,0.182,0.125,0.133,4,-0.076,False,False,False,,True
faltered,3,NOT payroll_pit AND autonomy AND NOT extracurricular,payroll_pit;autonomy;extracurricular,010,0.813,0.377,43,8,0.348,0.061,0.13,0.021,0.0,0.062,0.133,2,-0.076,False,False,False,,False
faltered,3,NOT property_tax AND NOT single_tax AND payroll_pit,property_tax;single_tax;payroll_pit,001,0.813,0.371,34,8,0.5,0.061,0.022,0.062,0.136,0.062,0.0,3,-0.076,False,False,False,,True
faltered,3,payroll_pit AND culture AND NOT balance,payroll_pit;culture;balance,110,0.813,0.368,50,11,0.5,0.083,0.043,0.104,0.136,0.062,0.067,4,-0.076,False,False,False,,True
faltered,3,payroll_pit AND NOT extracurricular AND balance,payroll_pit;extracurricular;balance,101,0.813,0.364,43,10,0.455,0.076,0.13,0.042,0.045,0.062,0.2,4,-0.076,False,False,False,,True
faltered,3,NOT autonomy AND investment AND NOT balance,autonomy;investment;balance,010,0.813,0.362,59,13,0.448,0.098,0.043,0.146,0.136,0.062,0.067,3,-0.076,False,False,False,,True
faltered,3,investment AND education AND NOT extracurricular,investment;education;extracurricular,110,0.813,0.361,51,12,0.429,0.091,0.087,0.104,0.136,0.0,0.133,3,-0.076,False,False,False,,True
faltered,3,property_tax AND investment AND NOT small,property_tax;investment;small,110,0.812,0.48,84,24,0.6,0.182,0.304,0.167,0.045,0.062,0.267,2,-0.077,False,False,False,,False
faltered,3,local_tax_base AND property_tax AND contestation,local_tax_base;property_tax;contestation,111,0.812,0.444,78,24,0.632,0.182,0.217,0.188,0.182,0.062,0.167,3,-0.077,False,False,False,,True
faltered,3,local_tax_base AND NOT social AND NOT small,local_tax_base;social;small,100,0.812,0.439,69,18,0.529,0.136,0.13,0.188,0.091,0.062,0.1,3,-0.077,False,False,False,,True
faltered,3,property_tax AND autonomy AND NOT culture,property_tax;autonomy;culture,110,0.812,0.433,72,22,0.733,0.167,0.283,0.146,0.091,0.0,0.233,3,-0.077,False,False,False,,True
faltered,3,NOT property_tax AND autonomy AND social,property_tax;autonomy;social,011,0.812,0.43,58,15,0.455,0.114,0.087,0.104,0.182,0.125,0.067,4,-0.077,False,False,False,,True
faltered,3,social AND NOT culture AND balance,social;culture;balance,101,0.812,0.426,71,19,0.487,0.144,0.152,0.104,0.136,0.25,0.133,4,-0.077,False,False,False,,True
faltered,3,social AND extracurricular AND NOT contestation,social;extracurricular;contestation,110,0.812,0.42,72,23,0.561,0.174,0.152,0.104,0.273,0.312,0.133,4,-0.077,False,False,False,,True
faltered,3,investment AND extracurricular AND NOT contestation,investment;extracurricular;contestation,110,0.812,0.419,61,13,0.433,0.098,0.087,0.104,0.136,0.062,0.067,4,-0.077,False,False,False,,True
faltered,3,NOT property_tax AND single_tax AND extracurricular,property_tax;single_tax;extracurricular,011,0.812,0.415,60,17,0.548,0.129,0.087,0.125,0.182,0.188,0.1,4,-0.077,False,False,False,,True
faltered,3,property_tax AND autonomy AND NOT social,property_tax;autonomy;social,110,0.812,0.411,52,14,0.609,0.106,0.152,0.104,0.091,0.0,0.133,3,-0.077,False,False,False,,True
faltered,3,NOT payroll_pit AND investment AND NOT extracurricular,payroll_pit;investment;extracurricular,010,0.812,0.404,73,19,0.5,0.144,0.196,0.125,0.045,0.188,0.233,3,-0.077,False,False,False,,True
faltered,3,local_tax_base AND NOT autonomy AND extracurricular,local_tax_base;autonomy;extracurricular,101,0.812,0.401,55,16,0.516,0.121,0.087,0.104,0.136,0.25,0.067,4,-0.077,False,False,False,,True
faltered,3,payroll_pit AND NOT social AND extracurricular,payroll_pit;social;extracurricular,101,0.812,0.401,45,10,0.5,0.076,0.087,0.042,0.182,0.0,0.067,3,-0.077,False,False,False,,True
faltered,3,payroll_pit AND investment AND NOT social,payroll_pit;investment;social,110,0.812,0.398,49,12,0.48,0.091,0.109,0.125,0.045,0.0,0.133,2,-0.077,False,False,False,,False
faltered,3,property_tax AND autonomy AND NOT investment,property_tax;autonomy;investment,110,0.812,0.397,58,14,0.519,0.106,0.087,0.104,0.182,0.062,0.067,4,-0.077,False,False,False,,True
faltered,3,social AND NOT extracurricular AND contestation,social;extracurricular;contestation,101,0.812,0.393,49,12,0.462,0.091,0.109,0.104,0.045,0.062,0.167,3,-0.077,False,False,False,,True
faltered,3,NOT autonomy AND investment AND NOT social,autonomy;investment;social,010,0.812,0.392,56,19,0.613,0.144,0.065,0.229,0.136,0.125,0.1,3,-0.077,False,False,False,,True
faltered,3,NOT investment AND NOT contestation AND NOT small,investment;contestation;small,000,0.812,0.392,68,23,0.639,0.174,0.109,0.188,0.227,0.25,0.067,4,-0.077,False,False,False,,True
faltered,3,culture AND NOT contestation AND NOT small,culture;contestation;small,100,0.812,0.389,57,17,0.567,0.129,0.174,0.062,0.136,0.188,0.133,3,-0.077,False,False,False,,True
faltered,3,single_tax AND NOT investment AND education,single_tax;investment;education,101,0.812,0.387,62,19,0.613,0.144,0.087,0.104,0.136,0.438,0.067,4,-0.077,False,False,False,,True
faltered,3,NOT local_tax_base AND NOT payroll_pit AND autonomy,local_tax_base;payroll_pit;autonomy,001,0.812,0.382,43,5,0.25,0.038,0.043,0.021,0.045,0.062,0.0,4,-0.077,False,False,False,,True
faltered,3,NOT investment AND culture AND education,investment;culture;education,011,0.812,0.381,55,16,0.552,0.121,0.109,0.083,0.091,0.312,0.133,4,-0.077,False,False,False,,True
faltered,3,NOT culture AND NOT contestation AND balance,culture;contestation;balance,001,0.812,0.379,63,20,0.526,0.152,0.13,0.167,0.182,0.125,0.133,4,-0.077,False,False,False,,True
faltered,3,local_tax_base AND NOT contestation AND balance,local_tax_base;contestation;balance,101,0.812,0.377,47,15,0.577,0.114,0.109,0.125,0.091,0.125,0.167,4,-0.077,False,False,False,,True
faltered,3,NOT autonomy AND NOT social AND balance,autonomy;social;balance,001,0.812,0.377,50,17,0.567,0.129,0.087,0.188,0.091,0.125,0.1,4,-0.077,False,False,False,,True
faltered,3,NOT local_tax_base AND NOT culture AND NOT extracurricular,local_tax_base;culture;extracurricular,000,0.812,0.376,45,12,0.48,0.091,0.065,0.146,0.0,0.125,0.1,3,-0.077,False,False,False,,True
faltered,3,NOT property_tax AND autonomy AND NOT extracurricular,property_tax;autonomy;extracurricular,010,0.812,0.376,36,6,0.3,0.045,0.065,0.042,0.0,0.062,0.067,3,-0.077,False,False,False,,True
faltered,3,culture AND contestation AND small,culture;contestation;small,111,0.812,0.371,52,18,0.667,0.136,0.196,0.083,0.182,0.062,0.233,3,-0.077,False,False,False,,True
faltered,3,property_tax AND NOT extracurricular AND balance,property_tax;extracurricular;balance,101,0.812,0.367,48,11,0.423,0.083,0.152,0.042,0.045,0.062,0.233,4,-0.077,False,False,False,,True
faltered,3,NOT local_tax_base AND NOT autonomy AND contestation,local_tax_base;autonomy;contestation,001,0.812,0.366,40,10,0.526,0.076,0.043,0.125,0.091,0.0,0.067,3,-0.077,False,False,False,,True
faltered,3,NOT local_tax_base AND NOT payroll_pit AND NOT contestation,local_tax_base;payroll_pit;contestation,000,0.812,0.363,62,12,0.364,0.091,0.087,0.042,0.182,0.125,0.067,3,-0.077,False,False,False,,True
faltered,3,NOT single_tax AND social AND NOT contestation,single_tax;social;contestation,010,0.812,0.362,49,11,0.393,0.083,0.043,0.062,0.182,0.125,0.0,4,-0.077,False,False,False,,True
faltered,3,NOT autonomy AND NOT education AND NOT contestation,autonomy;education;contestation,000,0.812,0.358,59,16,0.457,0.121,0.065,0.146,0.091,0.25,0.1,4,-0.077,False,False,False,,True
faltered,3,NOT payroll_pit AND NOT investment AND NOT extracurricular,payroll_pit;investment;extracurricular,000,0.812,0.354,42,12,0.5,0.091,0.087,0.146,0.0,0.062,0.1,3,-0.077,False,False,False,,True
faltered,3,NOT local_tax_base AND social AND small,local_tax_base;social;small,011,0.812,0.346,41,11,0.5,0.083,0.043,0.104,0.091,0.125,0.067,4,-0.077,False,False,False,,True
faltered,3,NOT social AND NOT balance AND small,social;balance;small,001,0.812,0.339,48,11,0.458,0.083,0.065,0.125,0.0,0.125,0.067,3,-0.077,False,False,False,,True
faltered,3,NOT single_tax AND NOT payroll_pit AND small,single_tax;payroll_pit;small,001,0.812,0.329,34,9,0.409,0.068,0.087,0.062,0.0,0.125,0.133,3,-0.077,False,False,False,,True
faltered,3,NOT single_tax AND NOT social AND small,single_tax;social;small,001,0.812,0.327,33,11,0.55,0.083,0.087,0.083,0.045,0.125,0.133,4,-0.077,False,False,False,,True
faltered,3,NOT investment AND NOT extracurricular AND small,investment;extracurricular;small,001,0.812,0.309,37,10,0.5,0.076,0.065,0.104,0.0,0.125,0.1,3,-0.077,False,False,False,,True
faltered,3,single_tax AND NOT education AND NOT small,single_tax;education;small,100,0.811,0.466,82,26,0.634,0.197,0.37,0.125,0.091,0.062,0.333,2,-0.078,False,False,False,,False
faltered,3,autonomy AND social AND NOT culture,autonomy;social;culture,110,0.811,0.456,76,22,0.595,0.167,0.217,0.167,0.091,0.125,0.2,4,-0.078,False,False,False,,True
faltered,3,education AND balance AND NOT small,education;balance;small,110,0.811,0.441,63,20,0.541,0.152,0.087,0.167,0.136,0.312,0.1,4,-0.078,False,False,False,,True
faltered,3,local_tax_base AND investment AND social,local_tax_base;investment;social,111,0.811,0.434,66,14,0.483,0.106,0.13,0.104,0.136,0.0,0.167,3,-0.078,False,False,False,,True
faltered,3,local_tax_base AND single_tax AND education,local_tax_base;single_tax;education,111,0.811,0.431,76,22,0.611,0.167,0.174,0.146,0.182,0.188,0.167,4,-0.078,False,False,False,,True
faltered,3,property_tax AND NOT education AND contestation,property_tax;education;contestation,101,0.811,0.428,75,20,0.571,0.152,0.217,0.146,0.136,0.0,0.167,3,-0.078,False,False,False,,True
faltered,3,single_tax AND NOT culture AND extracurricular,single_tax;culture;extracurricular,101,0.811,0.428,64,14,0.5,0.106,0.152,0.062,0.091,0.125,0.167,4,-0.078,False,False,False,,True
faltered,3,NOT payroll_pit AND autonomy AND extracurricular,payroll_pit;autonomy;extracurricular,011,0.811,0.428,57,8,0.364,0.061,0.022,0.062,0.136,0.062,0.0,3,-0.078,False,False,False,,True
faltered,3,payroll_pit AND investment AND NOT culture,payroll_pit;investment;culture,110,0.811,0.425,70,19,0.576,0.144,0.261,0.104,0.091,0.0,0.233,3,-0.078,False,False,False,,True
faltered,3,NOT extracurricular AND contestation AND NOT small,extracurricular;contestation;small,010,0.811,0.425,49,12,0.5,0.091,0.109,0.146,0.0,0.0,0.067,2,-0.078,False,False,False,,False
faltered,3,local_tax_base AND investment AND NOT culture,local_tax_base;investment;culture,110,0.811,0.424,69,19,0.594,0.144,0.152,0.229,0.0,0.062,0.167,2,-0.078,False,False,False,,False
faltered,3,local_tax_base AND culture AND education,local_tax_base;culture;education,111,0.811,0.415,66,19,0.559,0.144,0.152,0.125,0.182,0.125,0.167,4,-0.078,False,False,False,,True
faltered,3,local_tax_base AND NOT education AND balance,local_tax_base;education;balance,101,0.811,0.413,68,20,0.526,0.152,0.196,0.146,0.091,0.125,0.233,4,-0.078,False,False,False,,True
faltered,3,NOT payroll_pit AND social AND NOT culture,payroll_pit;social;culture,010,0.811,0.408,53,10,0.37,0.076,0.043,0.062,0.091,0.188,0.067,4,-0.078,False,False,False,,True
faltered,3,single_tax AND investment AND NOT extracurricular,single_tax;investment;extracurricular,110,0.811,0.405,69,21,0.636,0.159,0.217,0.146,0.136,0.062,0.267,3,-0.078,False,False,False,,True
faltered,3,NOT property_tax AND investment AND NOT extracurricular,property_tax;investment;extracurricular,010,0.811,0.401,67,17,0.486,0.129,0.152,0.125,0.045,0.188,0.2,3,-0.078,False,False,False,,True
faltered,3,autonomy AND contestation AND small,autonomy;contestation;small,111,0.811,0.378,53,17,0.63,0.129,0.13,0.146,0.136,0.062,0.167,3,-0.078,False,False,False,,True
faltered,3,property_tax AND NOT single_tax AND balance,property_tax;single_tax;balance,101,0.811,0.374,48,10,0.4,0.076,0.13,0.042,0.091,0.0,0.167,3,-0.078,False,False,False,,True
faltered,3,NOT autonomy AND NOT culture AND NOT contestation,autonomy;culture;contestation,000,0.811,0.37,64,15,0.484,0.114,0.065,0.146,0.091,0.188,0.1,4,-0.078,False,False,False,,True
faltered,3,NOT investment AND NOT education AND NOT extracurricular,investment;education;extracurricular,000,0.811,0.367,42,14,0.609,0.106,0.087,0.208,0.0,0.0,0.1,2,-0.078,False,False,False,,False
faltered,3,local_tax_base AND NOT property_tax AND NOT investment,local_tax_base;property_tax;investment,100,0.811,0.366,43,11,0.44,0.083,0.065,0.083,0.045,0.188,0.067,4,-0.078,False,False,False,,True
faltered,3,local_tax_base AND NOT extracurricular AND NOT contestation,local_tax_base;extracurricular;contestation,100,0.811,0.365,57,15,0.556,0.114,0.13,0.146,0.045,0.062,0.2,3,-0.078,False,False,False,,True
faltered,3,NOT local_tax_base AND NOT autonomy AND balance,local_tax_base;autonomy;balance,001,0.811,0.363,46,11,0.423,0.083,0.022,0.062,0.182,0.188,0.033,3,-0.078,False,False,False,,True
faltered,3,culture AND NOT education AND NOT extracurricular,culture;education;extracurricular,100,0.811,0.353,36,7,0.538,0.053,0.13,0.0,0.0,0.062,0.133,2,-0.078,False,False,False,,False
faltered,3,NOT single_tax AND payroll_pit AND culture,single_tax;payroll_pit;culture,011,0.811,0.351,30,4,0.308,0.03,0.043,0.021,0.0,0.062,0.067,3,-0.078,False,False,False,,True
faltered,3,NOT autonomy AND NOT investment AND NOT contestation,autonomy;investment;contestation,000,0.811,0.345,48,14,0.538,0.106,0.043,0.104,0.045,0.375,0.067,2,-0.078,False,False,False,,False
faltered,3,education AND NOT balance AND small,education;balance;small,101,0.811,0.343,58,11,0.393,0.083,0.065,0.083,0.091,0.125,0.067,4,-0.078,False,False,False,,True
faltered,3,local_tax_base AND single_tax AND autonomy,local_tax_base;single_tax;autonomy,111,0.81,0.449,75,19,0.633,0.144,0.217,0.146,0.091,0.0,0.2,3,-0.079,False,False,False,,True
faltered,3,single_tax AND culture AND NOT small,single_tax;culture;small,110,0.81,0.439,73,24,0.615,0.182,0.196,0.188,0.136,0.188,0.167,4,-0.079,False,False,False,,True
faltered,3,NOT payroll_pit AND investment AND contestation,payroll_pit;investment;contestation,011,0.81,0.432,71,15,0.441,0.114,0.087,0.146,0.091,0.125,0.1,4,-0.079,False,False,False,,True
faltered,3,culture AND education AND NOT small,culture;education;small,110,0.81,0.413,53,13,0.464,0.098,0.022,0.125,0.136,0.188,0.033,3,-0.079,False,False,False,,True
faltered,3,NOT local_tax_base AND education AND NOT small,local_tax_base;education;small,010,0.81,0.411,56,15,0.455,0.114,0.065,0.104,0.091,0.312,0.067,4,-0.079,False,False,False,,True
faltered,3,investment AND social AND NOT extracurricular,investment;social;extracurricular,110,0.81,0.409,61,12,0.387,0.091,0.152,0.062,0.091,0.0,0.2,3,-0.079,False,False,False,,True
faltered,3,NOT social AND extracurricular AND NOT contestation,social;extracurricular;contestation,010,0.81,0.409,55,12,0.462,0.091,0.065,0.125,0.091,0.062,0.0,4,-0.079,False,False,False,,True
faltered,3,NOT single_tax AND payroll_pit AND extracurricular,single_tax;payroll_pit;extracurricular,011,0.81,0.404,52,13,0.591,0.098,0.13,0.062,0.136,0.062,0.1,4,-0.079,False,False,False,,True
faltered,3,single_tax AND NOT social AND extracurricular,single_tax;social;extracurricular,101,0.81,0.401,48,10,0.435,0.076,0.065,0.083,0.091,0.062,0.033,4,-0.079,False,False,False,,True
faltered,3,NOT property_tax AND payroll_pit AND balance,property_tax;payroll_pit;balance,011,0.81,0.396,48,14,0.5,0.106,0.109,0.083,0.091,0.188,0.1,4,-0.079,False,False,False,,True
faltered,3,local_tax_base AND property_tax AND NOT contestation,local_tax_base;property_tax;contestation,110,0.81,0.391,63,17,0.586,0.129,0.13,0.146,0.136,0.062,0.167,3,-0.079,False,False,False,,True
faltered,3,social AND NOT extracurricular AND balance,social;extracurricular;balance,101,0.81,0.384,50,12,0.429,0.091,0.152,0.042,0.045,0.125,0.2,2,-0.079,False,False,False,,False
faltered,3,property_tax AND NOT extracurricular AND contestation,property_tax;extracurricular;contestation,101,0.81,0.383,55,16,0.552,0.121,0.13,0.167,0.045,0.062,0.133,3,-0.079,False,False,False,,True
faltered,3,NOT education AND NOT extracurricular AND NOT contestation,education;extracurricular;contestation,000,0.81,0.381,63,17,0.531,0.129,0.174,0.146,0.0,0.125,0.233,3,-0.079,False,False,False,,True
faltered,3,NOT property_tax AND autonomy AND culture,property_tax;autonomy;culture,011,0.81,0.375,41,9,0.429,0.068,0.087,0.042,0.136,0.0,0.067,3,-0.079,False,False,False,,True
faltered,3,NOT payroll_pit AND culture AND NOT education,payroll_pit;culture;education,010,0.81,0.374,47,12,0.444,0.091,0.109,0.042,0.136,0.125,0.067,3,-0.079,False,False,False,,True
faltered,3,local_tax_base AND NOT autonomy AND NOT balance,local_tax_base;autonomy;balance,100,0.81,0.37,64,14,0.438,0.106,0.043,0.146,0.136,0.125,0.067,3,-0.079,False,False,False,,True
faltered,3,education AND contestation AND small,education;contestation;small,111,0.81,0.37,56,17,0.586,0.129,0.152,0.104,0.136,0.125,0.167,4,-0.079,False,False,False,,True
faltered,3,NOT payroll_pit AND autonomy AND NOT contestation,payroll_pit;autonomy;contestation,010,0.81,0.363,49,10,0.4,0.076,0.109,0.062,0.091,0.0,0.1,3,-0.079,False,False,False,,True
faltered,3,NOT single_tax AND NOT extracurricular AND balance,single_tax;extracurricular;balance,001,0.81,0.354,40,10,0.37,0.076,0.13,0.083,0.0,0.0,0.133,2,-0.079,False,False,False,,False
faltered,3,single_tax AND NOT extracurricular AND NOT contestation,single_tax;extracurricular;contestation,100,0.81,0.349,49,13,0.542,0.098,0.109,0.062,0.091,0.188,0.167,4,-0.079,False,False,False,,True
faltered,3,NOT property_tax AND NOT investment AND culture,property_tax;investment;culture,001,0.81,0.348,37,10,0.455,0.076,0.065,0.021,0.136,0.188,0.033,3,-0.079,False,False,False,,True
faltered,3,property_tax AND NOT extracurricular AND NOT contestation,property_tax;extracurricular;contestation,100,0.81,0.347,46,10,0.455,0.076,0.087,0.083,0.045,0.062,0.133,4,-0.079,False,False,False,,True
faltered,3,NOT autonomy AND NOT investment AND NOT extracurricular,autonomy;investment;extracurricular,000,0.81,0.331,33,12,0.667,0.091,0.065,0.146,0.0,0.125,0.067,3,-0.079,False,False,False,,True
faltered,3,education AND extracurricular AND NOT small,education;extracurricular;small,110,0.809,0.445,67,19,0.543,0.144,0.065,0.146,0.227,0.25,0.067,3,-0.08,False,False,False,,True
faltered,3,local_tax_base AND balance AND NOT small,local_tax_base;balance;small,110,0.809,0.443,71,21,0.538,0.159,0.152,0.188,0.136,0.125,0.167,4,-0.08,False,False,False,,True
faltered,3,NOT payroll_pit AND social AND NOT small,payroll_pit;social;small,010,0.809,0.436,70,15,0.395,0.114,0.087,0.062,0.227,0.188,0.067,4,-0.08,False,False,False,,True
faltered,3,NOT payroll_pit AND autonomy AND investment,payroll_pit;autonomy;investment,011,0.809,0.421,59,10,0.385,0.076,0.109,0.042,0.045,0.125,0.1,4,-0.08,False,False,False,,True
faltered,3,NOT local_tax_base AND extracurricular AND NOT balance,local_tax_base;extracurricular;balance,010,0.809,0.418,68,13,0.52,0.098,0.109,0.062,0.227,0.0,0.133,3,-0.08,False,False,False,,True
faltered,3,NOT single_tax AND investment AND social,single_tax;investment;social,011,0.809,0.415,69,11,0.324,0.083,0.109,0.062,0.091,0.062,0.033,4,-0.08,False,False,False,,True
faltered,3,property_tax AND investment AND NOT contestation,property_tax;investment;contestation,110,0.809,0.399,62,16,0.516,0.121,0.152,0.125,0.091,0.062,0.2,4,-0.08,False,False,False,,True
faltered,3,NOT payroll_pit AND autonomy AND balance,payroll_pit;autonomy;balance,011,0.809,0.398,55,10,0.323,0.076,0.109,0.042,0.091,0.062,0.1,4,-0.08,False,False,False,,True
faltered,3,NOT payroll_pit AND NOT extracurricular AND contestation,payroll_pit;extracurricular;contestation,001,0.809,0.398,56,16,0.516,0.121,0.13,0.188,0.0,0.062,0.133,3,-0.08,False,False,False,,True
faltered,3,NOT autonomy AND investment AND NOT culture,autonomy;investment;culture,010,0.809,0.394,66,16,0.471,0.121,0.087,0.188,0.091,0.062,0.133,4,-0.08,False,False,False,,True
faltered,3,NOT property_tax AND payroll_pit AND contestation,property_tax;payroll_pit;contestation,011,0.809,0.393,49,10,0.476,0.076,0.043,0.083,0.136,0.062,0.067,4,-0.08,False,False,False,,True
faltered,3,NOT investment AND extracurricular AND NOT contestation,investment;extracurricular;contestation,010,0.809,0.39,66,22,0.595,0.167,0.13,0.125,0.227,0.312,0.067,4,-0.08,False,False,False,,True
faltered,3,local_tax_base AND NOT autonomy AND contestation,local_tax_base;autonomy;contestation,101,0.809,0.387,61,18,0.545,0.136,0.152,0.125,0.136,0.125,0.133,4,-0.08,False,False,False,,True
faltered,3,local_tax_base AND education AND small,local_tax_base;education;small,111,0.809,0.385,67,17,0.472,0.129,0.174,0.083,0.091,0.188,0.167,4,-0.08,False,False,False,,True
faltered,3,local_tax_base AND culture AND small,local_tax_base;culture;small,111,0.809,0.384,65,18,0.529,0.136,0.196,0.062,0.136,0.188,0.233,3,-0.08,False,False,False,,True
faltered,3,NOT local_tax_base AND culture AND NOT education,local_tax_base;culture;education,010,0.809,0.381,48,13,0.5,0.098,0.196,0.021,0.136,0.0,0.167,2,-0.08,False,False,False,,False
faltered,3,NOT social AND culture AND extracurricular,social;culture;extracurricular,011,0.809,0.381,39,9,0.391,0.068,0.043,0.062,0.136,0.062,0.033,4,-0.08,False,False,False,,True
faltered,3,NOT autonomy AND NOT social AND NOT extracurricular,autonomy;social;extracurricular,000,0.809,0.373,57,20,0.667,0.152,0.13,0.229,0.045,0.125,0.167,3,-0.08,False,False,False,,True
faltered,3,NOT single_tax AND social AND NOT extracurricular,single_tax;social;extracurricular,010,0.809,0.366,44,8,0.308,0.061,0.043,0.125,0.0,0.0,0.033,2,-0.08,False,False,False,,False
faltered,3,NOT investment AND NOT culture AND NOT contestation,investment;culture;contestation,000,0.809,0.361,57,17,0.63,0.129,0.087,0.167,0.136,0.125,0.067,4,-0.08,False,False,False,,True
faltered,3,local_tax_base AND NOT single_tax AND NOT contestation,local_tax_base;single_tax;contestation,100,0.809,0.36,46,13,0.52,0.098,0.043,0.167,0.045,0.125,0.067,2,-0.08,False,False,False,,False
faltered,3,NOT investment AND culture AND NOT education,investment;culture;education,010,0.809,0.354,40,13,0.52,0.098,0.13,0.042,0.182,0.062,0.067,3,-0.08,False,False,False,,True
faltered,3,NOT local_tax_base AND NOT extracurricular AND NOT contestation,local_tax_base;extracurricular;contestation,000,0.809,0.351,46,10,0.4,0.076,0.087,0.042,0.045,0.188,0.1,4,-0.08,False,False,False,,True
faltered,3,NOT single_tax AND NOT contestation AND NOT balance,single_tax;contestation;balance,000,0.809,0.345,51,10,0.556,0.076,0.043,0.104,0.045,0.125,0.067,4,-0.08,False,False,False,,True
faltered,3,NOT social AND NOT extracurricular AND small,social;extracurricular;small,001,0.809,0.342,53,14,0.56,0.106,0.087,0.167,0.045,0.062,0.133,3,-0.08,False,False,False,,True
faltered,3,NOT investment AND NOT extracurricular AND NOT balance,investment;extracurricular;balance,000,0.809,0.326,35,9,0.5,0.068,0.022,0.146,0.0,0.062,0.033,2,-0.08,False,False,False,,False
faltered,3,single_tax AND social AND NOT small,single_tax;social;small,110,0.808,0.489,91,31,0.66,0.235,0.326,0.167,0.182,0.25,0.367,4,-0.081,False,False,False,,True
faltered,3,local_tax_base AND contestation AND NOT small,local_tax_base;contestation;small,110,0.808,0.457,71,14,0.452,0.106,0.13,0.104,0.136,0.0,0.067,3,-0.081,False,False,False,,True
faltered,3,social AND NOT culture AND contestation,social;culture;contestation,101,0.808,0.451,76,17,0.459,0.129,0.196,0.104,0.045,0.125,0.2,3,-0.081,False,False,False,,True
faltered,3,payroll_pit AND NOT education AND extracurricular,payroll_pit;education;extracurricular,101,0.808,0.447,82,21,0.583,0.159,0.283,0.083,0.182,0.0,0.233,3,-0.081,False,False,False,,True
faltered,3,local_tax_base AND single_tax AND culture,local_tax_base;single_tax;culture,111,0.808,0.437,80,23,0.605,0.174,0.174,0.167,0.182,0.188,0.167,4,-0.081,False,False,False,,True
faltered,3,single_tax AND autonomy AND NOT culture,single_tax;autonomy;culture,110,0.808,0.433,73,19,0.594,0.144,0.217,0.125,0.091,0.062,0.2,3,-0.081,False,False,False,,True
faltered,3,autonomy AND education AND NOT small,autonomy;education;small,110,0.808,0.426,62,16,0.471,0.121,0.065,0.146,0.182,0.125,0.067,4,-0.081,False,False,False,,True
faltered,3,investment AND NOT culture AND balance,investment;culture;balance,101,0.808,0.426,66,17,0.425,0.129,0.217,0.083,0.091,0.062,0.233,3,-0.081,False,False,False,,True
faltered,3,NOT social AND contestation AND balance,social;contestation;balance,011,0.808,0.417,58,13,0.464,0.098,0.109,0.104,0.091,0.062,0.133,4,-0.081,False,False,False,,True
faltered,3,local_tax_base AND NOT autonomy AND NOT small,local_tax_base;autonomy;small,100,0.808,0.406,63,18,0.562,0.136,0.087,0.208,0.091,0.125,0.067,4,-0.081,False,False,False,,True
faltered,3,local_tax_base AND NOT extracurricular AND contestation,local_tax_base;extracurricular;contestation,101,0.808,0.406,64,17,0.531,0.129,0.196,0.125,0.0,0.125,0.2,3,-0.081,False,False,False,,True
faltered,3,culture AND NOT education AND extracurricular,culture;education;extracurricular,101,0.808,0.405,56,17,0.515,0.129,0.174,0.062,0.227,0.062,0.133,2,-0.081,False,False,False,,False
faltered,3,NOT extracurricular AND NOT balance AND NOT small,extracurricular;balance;small,000,0.808,0.404,57,12,0.5,0.091,0.087,0.146,0.0,0.062,0.067,3,-0.081,False,False,False,,True
faltered,3,NOT social AND extracurricular AND NOT balance,social;extracurricular;balance,010,0.808,0.403,61,11,0.478,0.083,0.022,0.083,0.227,0.062,0.0,3,-0.081,False,False,False,,True
faltered,3,property_tax AND single_tax AND NOT contestation,property_tax;single_tax;contestation,110,0.808,0.402,66,17,0.531,0.129,0.196,0.062,0.091,0.188,0.2,3,-0.081,False,False,False,,True
faltered,3,NOT investment AND culture AND extracurricular,investment;culture;extracurricular,011,0.808,0.401,64,23,0.59,0.174,0.174,0.104,0.273,0.25,0.133,4,-0.081,False,False,False,,True
faltered,3,NOT property_tax AND culture AND extracurricular,property_tax;culture;extracurricular,011,0.808,0.392,49,13,0.464,0.098,0.043,0.062,0.227,0.188,0.033,3,-0.081,False,False,False,,True
faltered,3,NOT property_tax AND culture AND balance,property_tax;culture;balance,011,0.808,0.39,48,15,0.484,0.114,0.109,0.062,0.182,0.188,0.067,4,-0.081,False,False,False,,True
faltered,3,culture AND NOT education AND contestation,culture;education;contestation,101,0.808,0.389,48,10,0.455,0.076,0.13,0.021,0.136,0.0,0.133,2,-0.081,False,False,False,,False
faltered,3,autonomy AND NOT culture AND NOT contestation,autonomy;culture;contestation,100,0.808,0.382,56,17,0.607,0.129,0.152,0.146,0.136,0.0,0.133,3,-0.081,False,False,False,,True
faltered,3,NOT local_tax_base AND social AND NOT extracurricular,local_tax_base;social;extracurricular,010,0.808,0.373,46,11,0.423,0.083,0.043,0.125,0.045,0.125,0.033,4,-0.081,False,False,False,,True
faltered,3,NOT single_tax AND culture AND contestation,single_tax;culture;contestation,011,0.808,0.366,39,9,0.45,0.068,0.13,0.021,0.091,0.0,0.167,2,-0.081,False,False,False,,False
faltered,3,investment AND NOT contestation AND small,investment;contestation;small,101,0.808,0.366,53,10,0.4,0.076,0.043,0.083,0.136,0.062,0.067,4,-0.081,False,False,False,,True
faltered,3,NOT investment AND NOT social AND NOT contestation,investment;social;contestation,000,0.808,0.356,47,12,0.522,0.091,0.109,0.104,0.045,0.062,0.067,3,-0.081,False,False,False,,True
faltered,3,NOT local_tax_base AND investment AND small,local_tax_base;investment;small,011,0.808,0.347,38,9,0.45,0.068,0.043,0.062,0.136,0.062,0.067,4,-0.081,False,False,False,,True
faltered,3,local_tax_base AND property_tax AND single_tax,local_tax_base;property_tax;single_tax,111,0.807,0.461,89,27,0.643,0.205,0.283,0.167,0.182,0.125,0.233,4,-0.082,False,False,False,,True
faltered,3,local_tax_base AND property_tax AND social,local_tax_base;property_tax;social,111,0.807,0.445,85,25,0.595,0.189,0.217,0.167,0.227,0.125,0.233,4,-0.082,False,False,False,,True
faltered,3,payroll_pit AND investment AND NOT education,payroll_pit;investment;education,110,0.807,0.438,75,18,0.562,0.136,0.261,0.104,0.045,0.0,0.233,2,-0.082,False,False,False,,False
faltered,3,local_tax_base AND property_tax AND balance,local_tax_base;property_tax;balance,111,0.807,0.436,76,22,0.564,0.167,0.239,0.125,0.182,0.062,0.267,3,-0.082,False,False,False,,True
faltered,3,property_tax AND culture AND NOT small,property_tax;culture;small,110,0.807,0.426,68,16,0.5,0.121,0.152,0.125,0.091,0.062,0.133,4,-0.082,False,False,False,,True
faltered,3,local_tax_base AND property_tax AND education,local_tax_base;property_tax;education,111,0.807,0.424,78,22,0.564,0.167,0.196,0.146,0.182,0.125,0.2,4,-0.082,False,False,False,,True
faltered,3,autonomy AND NOT extracurricular AND NOT small,autonomy;extracurricular;small,100,0.807,0.42,52,11,0.407,0.083,0.152,0.083,0.0,0.0,0.133,2,-0.082,False,False,False,,False
faltered,3,NOT education AND extracurricular AND NOT contestation,education;extracurricular;contestation,010,0.807,0.42,72,20,0.5,0.152,0.174,0.125,0.182,0.125,0.1,4,-0.082,False,False,False,,True
faltered,3,local_tax_base AND investment AND culture,local_tax_base;investment;culture,111,0.807,0.414,66,14,0.5,0.106,0.109,0.104,0.136,0.062,0.133,4,-0.082,False,False,False,,True
faltered,3,NOT culture AND extracurricular AND NOT contestation,culture;extracurricular;contestation,010,0.807,0.411,64,16,0.533,0.121,0.065,0.146,0.227,0.062,0.0,4,-0.082,False,False,False,,True
faltered,3,education AND contestation AND NOT small,education;contestation;small,110,0.807,0.411,51,13,0.481,0.098,0.087,0.104,0.091,0.125,0.1,4,-0.082,False,False,False,,True
faltered,3,payroll_pit AND NOT investment AND extracurricular,payroll_pit;investment;extracurricular,101,0.807,0.405,71,24,0.649,0.182,0.174,0.146,0.273,0.188,0.133,4,-0.082,False,False,False,,True
faltered,3,payroll_pit AND NOT investment AND social,payroll_pit;investment;social,101,0.807,0.401,73,25,0.625,0.189,0.152,0.208,0.136,0.312,0.167,4,-0.082,False,False,False,,True
faltered,3,local_tax_base AND NOT single_tax AND investment,local_tax_base;single_tax;investment,101,0.807,0.395,62,13,0.448,0.098,0.065,0.167,0.045,0.062,0.1,3,-0.082,False,False,False,,True
faltered,3,property_tax AND social AND NOT contestation,property_tax;social;contestation,110,0.807,0.393,68,18,0.529,0.136,0.152,0.104,0.136,0.188,0.167,4,-0.082,False,False,False,,True
faltered,3,NOT investment AND culture AND balance,investment;culture;balance,011,0.807,0.393,58,21,0.538,0.159,0.196,0.104,0.182,0.188,0.133,4,-0.082,False,False,False,,True
faltered,3,investment AND NOT extracurricular AND NOT contestation,investment;extracurricular;contestation,100,0.807,0.386,72,17,0.459,0.129,0.174,0.104,0.091,0.125,0.233,4,-0.082,False,False,False,,True
faltered,3,NOT local_tax_base AND NOT social AND NOT contestation,local_tax_base;social;contestation,000,0.807,0.38,58,12,0.444,0.091,0.109,0.062,0.136,0.062,0.1,4,-0.082,False,False,False,,True
faltered,3,NOT single_tax AND payroll_pit AND balance,single_tax;payroll_pit;balance,011,0.807,0.38,41,8,0.421,0.061,0.087,0.042,0.045,0.062,0.067,4,-0.082,False,False,False,,True
faltered,3,local_tax_base AND NOT investment AND NOT culture,local_tax_base;investment;culture,100,0.807,0.377,54,13,0.5,0.098,0.065,0.125,0.091,0.125,0.067,4,-0.082,False,False,False,,True
faltered,3,payroll_pit AND extracurricular AND small,payroll_pit;extracurricular;small,111,0.807,0.374,48,16,0.696,0.121,0.152,0.083,0.182,0.062,0.133,4,-0.082,False,False,False,,True
faltered,3,autonomy AND NOT social AND culture,autonomy;social;culture,101,0.807,0.374,39,8,0.444,0.061,0.087,0.062,0.045,0.0,0.1,3,-0.082,False,False,False,,True
faltered,3,NOT payroll_pit AND NOT autonomy AND social,payroll_pit;autonomy;social,001,0.807,0.371,51,10,0.357,0.076,0.043,0.042,0.136,0.188,0.033,4,-0.082,False,False,False,,True
faltered,3,payroll_pit AND NOT extracurricular AND contestation,payroll_pit;extracurricular;contestation,101,0.807,0.367,47,12,0.522,0.091,0.087,0.125,0.045,0.062,0.1,3,-0.082,False,False,False,,True
faltered,3,NOT single_tax AND investment AND culture,single_tax;investment;culture,011,0.807,0.363,40,7,0.333,0.053,0.087,0.021,0.091,0.0,0.1,2,-0.082,False,False,False,,False
faltered,3,NOT single_tax AND NOT autonomy AND social,single_tax;autonomy;social,001,0.807,0.354,44,8,0.348,0.061,0.022,0.042,0.136,0.125,0.033,3,-0.082,False,False,False,,True
faltered,3,NOT local_tax_base AND NOT social AND culture,local_tax_base;social;culture,001,0.807,0.353,37,8,0.4,0.061,0.065,0.062,0.091,0.0,0.067,3,-0.082,False,False,False,,True
faltered,3,payroll_pit AND NOT extracurricular AND NOT balance,payroll_pit;extracurricular;balance,100,0.807,0.35,48,12,0.545,0.091,0.022,0.188,0.045,0.062,0.0,2,-0.082,False,False,False,,False
faltered,3,NOT extracurricular AND NOT contestation AND NOT balance,extracurricular;contestation;balance,000,0.807,0.349,60,13,0.5,0.098,0.065,0.146,0.045,0.125,0.1,3,-0.082,False,False,False,,True
faltered,3,NOT local_tax_base AND single_tax AND small,local_tax_base;single_tax;small,011,0.807,0.347,42,9,0.474,0.068,0.022,0.062,0.136,0.125,0.033,3,-0.082,False,False,False,,True
faltered,3,NOT single_tax AND NOT social AND culture,single_tax;social;culture,001,0.807,0.344,28,6,0.375,0.045,0.087,0.0,0.045,0.062,0.1,3,-0.082,False,False,False,,True
faltered,3,NOT single_tax AND NOT investment AND culture,single_tax;investment;culture,001,0.807,0.34,36,7,0.35,0.053,0.065,0.0,0.091,0.125,0.067,3,-0.082,False,False,False,,True
faltered,3,NOT local_tax_base AND NOT autonomy AND NOT balance,local_tax_base;autonomy;balance,000,0.807,0.335,41,10,0.526,0.076,0.065,0.104,0.045,0.062,0.1,4,-0.082,False,False,False,,True
faltered,3,property_tax AND social AND NOT small,property_tax;social;small,110,0.806,0.478,96,24,0.545,0.182,0.283,0.146,0.136,0.062,0.233,3,-0.083,False,False,False,,True
faltered,3,NOT local_tax_base AND social AND NOT culture,local_tax_base;social;culture,010,0.806,0.441,85,22,0.489,0.167,0.196,0.146,0.136,0.188,0.167,4,-0.083,False,False,False,,True
faltered,3,investment AND NOT social AND balance,investment;social;balance,101,0.806,0.416,57,17,0.515,0.129,0.13,0.146,0.136,0.062,0.2,3,-0.083,False,False,False,,True
faltered,3,NOT social AND NOT extracurricular AND contestation,social;extracurricular;contestation,001,0.806,0.404,54,16,0.571,0.121,0.109,0.208,0.0,0.062,0.067,3,-0.083,False,False,False,,True
faltered,3,NOT property_tax AND payroll_pit AND NOT education,property_tax;payroll_pit;education,010,0.806,0.401,54,12,0.462,0.091,0.109,0.083,0.136,0.0,0.1,3,-0.083,False,False,False,,True
faltered,3,local_tax_base AND NOT autonomy AND NOT social,local_tax_base;autonomy;social,100,0.806,0.399,64,21,0.553,0.159,0.109,0.25,0.045,0.188,0.133,3,-0.083,False,False,False,,True
faltered,3,NOT autonomy AND extracurricular AND contestation,autonomy;extracurricular;contestation,011,0.806,0.398,60,14,0.467,0.106,0.087,0.083,0.227,0.062,0.067,4,-0.083,False,False,False,,True
faltered,3,single_tax AND balance AND small,single_tax;balance;small,111,0.806,0.397,60,19,0.655,0.144,0.174,0.083,0.182,0.188,0.2,4,-0.083,False,False,False,,True
faltered,3,autonomy AND NOT culture AND NOT extracurricular,autonomy;culture;extracurricular,100,0.806,0.394,52,14,0.5,0.106,0.13,0.146,0.0,0.062,0.133,3,-0.083,False,False,False,,True
faltered,3,NOT single_tax AND investment AND NOT contestation,single_tax;investment;contestation,010,0.806,0.391,65,13,0.382,0.098,0.087,0.104,0.136,0.062,0.067,4,-0.083,False,False,False,,True
faltered,3,local_tax_base AND NOT investment AND NOT education,local_tax_base;investment;education,100,0.806,0.388,60,17,0.5,0.129,0.109,0.146,0.136,0.125,0.1,4,-0.083,False,False,False,,True
faltered,3,single_tax AND extracurricular AND small,single_tax;extracurricular;small,111,0.806,0.386,52,16,0.615,0.121,0.13,0.083,0.136,0.188,0.1,4,-0.083,False,False,False,,True
faltered,3,NOT local_tax_base AND NOT payroll_pit AND balance,local_tax_base;payroll_pit;balance,001,0.806,0.383,63,13,0.361,0.098,0.043,0.083,0.227,0.125,0.0,3,-0.083,False,False,False,,True
faltered,3,NOT property_tax AND culture AND NOT education,property_tax;culture;education,010,0.806,0.379,48,13,0.481,0.098,0.13,0.042,0.136,0.125,0.1,3,-0.083,False,False,False,,True
faltered,3,NOT single_tax AND payroll_pit AND contestation,single_tax;payroll_pit;contestation,011,0.806,0.379,47,11,0.458,0.083,0.109,0.104,0.045,0.0,0.1,3,-0.083,False,False,False,,True
faltered,3,NOT investment AND culture AND contestation,investment;culture;contestation,011,0.806,0.378,55,16,0.552,0.121,0.152,0.083,0.182,0.062,0.133,4,-0.083,False,False,False,,True
faltered,3,NOT local_tax_base AND NOT extracurricular AND contestation,local_tax_base;extracurricular;contestation,001,0.806,0.377,39,11,0.5,0.083,0.022,0.188,0.045,0.0,0.033,2,-0.083,False,False,False,,False
faltered,3,NOT autonomy AND NOT culture AND NOT extracurricular,autonomy;culture;extracurricular,000,0.806,0.371,60,19,0.576,0.144,0.109,0.25,0.0,0.125,0.167,3,-0.083,False,False,False,,True
faltered,3,NOT local_tax_base AND NOT investment AND NOT contestation,local_tax_base;investment;contestation,000,0.806,0.366,55,18,0.581,0.136,0.109,0.104,0.182,0.25,0.067,4,-0.083,False,False,False,,True
faltered,3,payroll_pit AND contestation AND small,payroll_pit;contestation;small,111,0.806,0.365,57,18,0.667,0.136,0.152,0.125,0.182,0.062,0.167,3,-0.083,False,False,False,,True
faltered,3,NOT local_tax_base AND NOT social AND NOT extracurricular,local_tax_base;social;extracurricular,000,0.806,0.364,39,10,0.476,0.076,0.065,0.104,0.045,0.062,0.1,4,-0.083,False,False,False,,True
faltered,3,culture AND NOT extracurricular AND NOT balance,culture;extracurricular;balance,100,0.806,0.331,42,6,0.375,0.045,0.022,0.062,0.045,0.062,0.033,3,-0.083,False,False,False,,True
faltered,3,single_tax AND investment AND NOT small,single_tax;investment;small,110,0.805,0.484,87,25,0.581,0.189,0.326,0.125,0.091,0.125,0.367,3,-0.084,False,False,False,,True
faltered,3,investment AND NOT education AND balance,investment;education;balance,101,0.805,0.446,78,19,0.442,0.144,0.261,0.062,0.091,0.125,0.267,3,-0.084,False,False,False,,True
faltered,3,local_tax_base AND investment AND NOT education,local_tax_base;investment;education,110,0.805,0.444,80,20,0.606,0.152,0.174,0.208,0.0,0.125,0.2,3,-0.084,False,False,False,,True
faltered,3,local_tax_base AND NOT payroll_pit AND extracurricular,local_tax_base;payroll_pit;extracurricular,101,0.805,0.433,64,15,0.455,0.114,0.043,0.104,0.182,0.25,0.033,3,-0.084,False,False,False,,True
faltered,3,payroll_pit AND NOT culture AND NOT education,payroll_pit;culture;education,100,0.805,0.431,74,18,0.529,0.136,0.152,0.188,0.091,0.0,0.1,3,-0.084,False,False,False,,True
faltered,3,NOT culture AND extracurricular AND NOT balance,culture;extracurricular;balance,010,0.805,0.429,78,15,0.556,0.114,0.109,0.104,0.227,0.0,0.1,3,-0.084,False,False,False,,True
faltered,3,NOT education AND extracurricular AND NOT balance,education;extracurricular;balance,010,0.805,0.427,72,15,0.556,0.114,0.087,0.104,0.227,0.062,0.1,4,-0.084,False,False,False,,True
faltered,3,NOT property_tax AND payroll_pit AND NOT small,property_tax;payroll_pit;small,010,0.805,0.426,67,19,0.528,0.144,0.13,0.104,0.227,0.188,0.133,4,-0.084,False,False,False,,True
faltered,3,local_tax_base AND investment AND NOT extracurricular,local_tax_base;investment;extracurricular,110,0.805,0.424,81,22,0.564,0.167,0.239,0.167,0.045,0.125,0.3,3,-0.084,False,False,False,,True
faltered,3,investment AND NOT extracurricular AND contestation,investment;extracurricular;contestation,101,0.805,0.422,65,17,0.5,0.129,0.152,0.167,0.045,0.062,0.167,2,-0.084,False,False,False,,False
faltered,3,NOT property_tax AND payroll_pit AND extracurricular,property_tax;payroll_pit;extracurricular,011,0.805,0.417,65,18,0.545,0.136,0.087,0.104,0.273,0.188,0.067,4,-0.084,False,False,False,,True
faltered,3,investment AND NOT culture AND NOT extracurricular,investment;culture;extracurricular,100,0.805,0.417,74,20,0.488,0.152,0.196,0.188,0.0,0.125,0.233,3,-0.084,False,False,False,,True
faltered,3,single_tax AND autonomy AND NOT social,single_tax;autonomy;social,110,0.805,0.412,62,14,0.519,0.106,0.13,0.146,0.045,0.0,0.067,2,-0.084,False,False,False,,False
faltered,3,NOT culture AND NOT extracurricular AND contestation,culture;extracurricular;contestation,001,0.805,0.408,56,17,0.531,0.129,0.087,0.25,0.0,0.062,0.067,2,-0.084,False,False,False,,False
faltered,3,local_tax_base AND NOT culture AND NOT extracurricular,local_tax_base;culture;extracurricular,100,0.805,0.401,67,21,0.583,0.159,0.174,0.25,0.0,0.062,0.2,2,-0.084,False,False,False,,False
faltered,3,single_tax AND investment AND NOT contestation,single_tax;investment;contestation,110,0.805,0.401,68,17,0.515,0.129,0.174,0.104,0.091,0.125,0.233,4,-0.084,False,False,False,,True
faltered,3,NOT property_tax AND investment AND NOT contestation,property_tax;investment;contestation,010,0.805,0.396,71,14,0.389,0.106,0.109,0.083,0.136,0.125,0.1,4,-0.084,False,False,False,,True
faltered,3,local_tax_base AND property_tax AND NOT extracurricular,local_tax_base;property_tax;extracurricular,110,0.805,0.395,66,18,0.562,0.136,0.217,0.125,0.045,0.062,0.267,2,-0.084,False,False,False,,False
faltered,3,NOT local_tax_base AND NOT autonomy AND extracurricular,local_tax_base;autonomy;extracurricular,001,0.805,0.395,56,11,0.379,0.083,0.022,0.083,0.182,0.125,0.033,3,-0.084,False,False,False,,True
faltered,3,local_tax_base AND NOT property_tax AND NOT autonomy,local_tax_base;property_tax;autonomy,100,0.805,0.392,63,17,0.5,0.129,0.109,0.146,0.045,0.25,0.133,3,-0.084,False,False,False,,True
faltered,3,NOT property_tax AND NOT extracurricular AND contestation,property_tax;extracurricular;contestation,001,0.805,0.391,48,12,0.48,0.091,0.087,0.146,0.0,0.062,0.1,3,-0.084,False,False,False,,True
faltered,3,education AND extracurricular AND small,education;extracurricular;small,111,0.805,0.389,57,17,0.607,0.129,0.152,0.083,0.136,0.188,0.133,4,-0.084,False,False,False,,True
faltered,3,NOT local_tax_base AND NOT culture AND NOT contestation,local_tax_base;culture;contestation,000,0.805,0.388,65,14,0.438,0.106,0.087,0.083,0.182,0.125,0.067,4,-0.084,False,False,False,,True
faltered,3,NOT investment AND culture AND NOT small,investment;culture;small,010,0.805,0.388,57,17,0.5,0.129,0.13,0.104,0.182,0.125,0.067,4,-0.084,False,False,False,,True
faltered,3,NOT autonomy AND investment AND NOT education,autonomy;investment;education,010,0.805,0.384,63,17,0.472,0.129,0.087,0.167,0.136,0.125,0.133,4,-0.084,False,False,False,,True
faltered,3,investment AND education AND NOT contestation,investment;education;contestation,110,0.805,0.378,57,11,0.393,0.083,0.043,0.083,0.182,0.062,0.067,4,-0.084,False,False,False,,True
faltered,3,local_tax_base AND NOT single_tax AND balance,local_tax_base;single_tax;balance,101,0.805,0.376,47,13,0.464,0.098,0.109,0.104,0.091,0.062,0.133,4,-0.084,False,False,False,,True
faltered,3,local_tax_base AND NOT single_tax AND NOT investment,local_tax_base;single_tax;investment,100,0.805,0.367,46,12,0.48,0.091,0.065,0.104,0.091,0.125,0.067,4,-0.084,False,False,False,,True
faltered,3,local_tax_base AND culture AND NOT contestation,local_tax_base;culture;contestation,110,0.805,0.367,48,10,0.455,0.076,0.043,0.062,0.091,0.188,0.067,4,-0.084,False,False,False,,True
faltered,3,NOT single_tax AND NOT investment AND NOT extracurricular,single_tax;investment;extracurricular,000,0.805,0.356,42,14,0.56,0.106,0.087,0.208,0.0,0.0,0.1,2,-0.084,False,False,False,,False
faltered,3,NOT extracurricular AND NOT contestation AND small,extracurricular;contestation;small,001,0.805,0.332,49,10,0.417,0.076,0.065,0.083,0.091,0.062,0.1,4,-0.084,False,False,False,,True
faltered,3,payroll_pit AND NOT culture AND extracurricular,payroll_pit;culture;extracurricular,101,0.804,0.44,79,21,0.6,0.159,0.217,0.104,0.227,0.062,0.167,3,-0.085,False,False,False,,True
faltered,3,NOT local_tax_base AND property_tax AND NOT small,local_tax_base;property_tax;small,010,0.804,0.429,67,15,0.441,0.114,0.239,0.062,0.0,0.062,0.2,3,-0.085,False,False,False,,True
faltered,3,local_tax_base AND culture AND balance,local_tax_base;culture;balance,111,0.804,0.425,68,20,0.526,0.152,0.217,0.104,0.136,0.125,0.2,4,-0.085,False,False,False,,True
faltered,3,local_tax_base AND NOT social AND NOT extracurricular,local_tax_base;social;extracurricular,100,0.804,0.402,71,22,0.629,0.167,0.196,0.229,0.0,0.125,0.2,3,-0.085,False,False,False,,True
faltered,3,NOT local_tax_base AND NOT extracurricular AND NOT small,local_tax_base;extracurricular;small,000,0.804,0.4,47,12,0.462,0.091,0.087,0.125,0.0,0.125,0.1,3,-0.085,False,False,False,,True
faltered,3,NOT property_tax AND NOT autonomy AND investment,property_tax;autonomy;investment,001,0.804,0.399,76,19,0.475,0.144,0.109,0.167,0.182,0.125,0.167,4,-0.085,False,False,False,,True
faltered,3,social AND culture AND NOT education,social;culture;education,110,0.804,0.396,55,13,0.542,0.098,0.196,0.021,0.136,0.0,0.167,2,-0.085,False,False,False,,False
faltered,3,autonomy AND NOT investment AND NOT culture,autonomy;investment;culture,100,0.804,0.395,61,15,0.6,0.114,0.065,0.146,0.182,0.062,0.033,4,-0.085,False,False,False,,True
faltered,3,NOT local_tax_base AND investment AND NOT extracurricular,local_tax_base;investment;extracurricular,010,0.804,0.386,56,12,0.375,0.091,0.087,0.104,0.091,0.062,0.1,4,-0.085,False,False,False,,True
faltered,3,NOT autonomy AND NOT culture AND balance,autonomy;culture;balance,001,0.804,0.386,64,18,0.5,0.136,0.087,0.188,0.091,0.188,0.133,4,-0.085,False,False,False,,True
faltered,3,NOT single_tax AND culture AND extracurricular,single_tax;culture;extracurricular,011,0.804,0.384,43,8,0.348,0.061,0.043,0.0,0.182,0.125,0.067,3,-0.085,False,False,False,,True
faltered,3,NOT property_tax AND NOT investment AND social,property_tax;investment;social,001,0.804,0.382,52,15,0.5,0.114,0.022,0.125,0.136,0.312,0.033,3,-0.085,False,False,False,,True
faltered,3,NOT property_tax AND NOT autonomy AND NOT contestation,property_tax;autonomy;contestation,000,0.804,0.378,73,19,0.5,0.144,0.065,0.125,0.136,0.438,0.1,3,-0.085,False,False,False,,True
faltered,3,autonomy AND NOT investment AND NOT social,autonomy;investment;social,100,0.804,0.378,47,10,0.556,0.076,0.087,0.042,0.182,0.0,0.033,3,-0.085,False,False,False,,True
faltered,3,NOT property_tax AND NOT autonomy AND social,property_tax;autonomy;social,001,0.804,0.369,48,10,0.385,0.076,0.043,0.042,0.091,0.25,0.067,4,-0.085,False,False,False,,True
faltered,3,NOT autonomy AND NOT investment AND balance,autonomy;investment;balance,001,0.804,0.368,53,19,0.613,0.144,0.109,0.125,0.091,0.375,0.067,4,-0.085,False,False,False,,True
faltered,3,local_tax_base AND culture AND NOT extracurricular,local_tax_base;culture;extracurricular,110,0.804,0.364,54,11,0.478,0.083,0.152,0.021,0.045,0.125,0.2,3,-0.085,False,False,False,,True
faltered,3,NOT single_tax AND NOT extracurricular AND NOT contestation,single_tax;extracurricular;contestation,000,0.804,0.359,54,12,0.429,0.091,0.109,0.125,0.0,0.062,0.133,3,-0.085,False,False,False,,True
faltered,3,social AND NOT extracurricular AND NOT contestation,social;extracurricular;contestation,100,0.804,0.354,47,9,0.375,0.068,0.065,0.062,0.045,0.125,0.067,4,-0.085,False,False,False,,True
faltered,3,NOT property_tax AND NOT investment AND NOT extracurricular,property_tax;investment;extracurricular,000,0.804,0.351,38,10,0.5,0.076,0.065,0.125,0.0,0.062,0.067,3,-0.085,False,False,False,,True
faltered,3,NOT autonomy AND contestation AND NOT balance,autonomy;contestation;balance,010,0.804,0.347,56,12,0.429,0.091,0.043,0.146,0.136,0.0,0.067,2,-0.085,False,False,False,,False
faltered,3,NOT local_tax_base AND NOT investment AND NOT extracurricular,local_tax_base;investment;extracurricular,000,0.804,0.338,29,9,0.6,0.068,0.022,0.125,0.0,0.125,0.033,2,-0.085,False,False,False,,False
faltered,3,local_tax_base AND extracurricular AND balance,local_tax_base;extracurricular;balance,111,0.803,0.441,67,19,0.559,0.144,0.109,0.167,0.182,0.125,0.067,4,-0.086,False,False,False,,True
faltered,3,NOT investment AND social AND extracurricular,investment;social;extracurricular,011,0.803,0.433,77,26,0.591,0.197,0.152,0.167,0.273,0.312,0.133,4,-0.086,False,False,False,,True
faltered,3,local_tax_base AND social AND balance,local_tax_base;social;balance,111,0.803,0.43,65,18,0.514,0.136,0.196,0.083,0.136,0.125,0.2,4,-0.086,False,False,False,,True
faltered,3,local_tax_base AND NOT property_tax AND NOT small,local_tax_base;property_tax;small,100,0.803,0.429,68,13,0.419,0.098,0.087,0.125,0.045,0.125,0.1,3,-0.086,False,False,False,,True
faltered,3,NOT payroll_pit AND NOT extracurricular AND NOT small,payroll_pit;extracurricular;small,000,0.803,0.428,74,20,0.526,0.152,0.196,0.167,0.0,0.188,0.2,3,-0.086,False,False,False,,True
faltered,3,autonomy AND extracurricular AND NOT contestation,autonomy;extracurricular;contestation,110,0.803,0.426,76,22,0.595,0.167,0.196,0.125,0.273,0.062,0.1,3,-0.086,False,False,False,,True
faltered,3,NOT property_tax AND social AND contestation,property_tax;social;contestation,011,0.803,0.421,55,11,0.393,0.083,0.065,0.083,0.091,0.125,0.1,4,-0.086,False,False,False,,True
faltered,3,NOT property_tax AND investment AND balance,property_tax;investment;balance,011,0.803,0.419,66,17,0.405,0.129,0.13,0.083,0.227,0.125,0.133,4,-0.086,False,False,False,,True
faltered,3,NOT payroll_pit AND social AND NOT education,payroll_pit;social;education,010,0.803,0.419,64,14,0.368,0.106,0.109,0.062,0.182,0.125,0.1,4,-0.086,False,False,False,,True
faltered,3,NOT social AND NOT extracurricular AND NOT small,social;extracurricular;small,000,0.803,0.418,57,18,0.581,0.136,0.174,0.167,0.0,0.125,0.167,3,-0.086,False,False,False,,True
faltered,3,local_tax_base AND NOT payroll_pit AND autonomy,local_tax_base;payroll_pit;autonomy,101,0.803,0.414,57,11,0.44,0.083,0.109,0.062,0.091,0.062,0.133,4,-0.086,False,False,False,,True
faltered,3,NOT property_tax AND NOT payroll_pit AND social,property_tax;payroll_pit;social,001,0.803,0.403,60,11,0.324,0.083,0.043,0.062,0.136,0.188,0.033,4,-0.086,False,False,False,,True
faltered,3,NOT property_tax AND culture AND NOT small,property_tax;culture;small,010,0.803,0.403,60,16,0.471,0.121,0.109,0.062,0.227,0.188,0.067,4,-0.086,False,False,False,,True
faltered,3,local_tax_base AND NOT social AND NOT balance,local_tax_base;social;balance,100,0.803,0.397,68,16,0.552,0.121,0.087,0.167,0.091,0.125,0.033,4,-0.086,False,False,False,,True
faltered,3,NOT single_tax AND payroll_pit AND NOT education,single_tax;payroll_pit;education,010,0.803,0.397,51,10,0.455,0.076,0.065,0.125,0.045,0.0,0.033,3,-0.086,False,False,False,,True
faltered,3,culture AND extracurricular AND NOT contestation,culture;extracurricular;contestation,110,0.803,0.397,63,19,0.514,0.144,0.152,0.083,0.136,0.312,0.133,4,-0.086,False,False,False,,True
faltered,3,NOT local_tax_base AND payroll_pit AND NOT balance,local_tax_base;payroll_pit;balance,010,0.803,0.394,63,17,0.548,0.129,0.109,0.146,0.182,0.062,0.133,3,-0.086,False,False,False,,True
faltered,3,local_tax_base AND NOT payroll_pit AND NOT contestation,local_tax_base;payroll_pit;contestation,100,0.803,0.392,65,18,0.529,0.136,0.087,0.188,0.045,0.25,0.133,3,-0.086,False,False,False,,True
faltered,3,NOT local_tax_base AND social AND NOT contestation,local_tax_base;social;contestation,010,0.803,0.392,69,20,0.465,0.152,0.152,0.083,0.182,0.312,0.1,4,-0.086,False,False,False,,True
faltered,3,NOT investment AND social AND NOT education,investment;social;education,010,0.803,0.392,57,16,0.485,0.121,0.087,0.146,0.182,0.062,0.067,4,-0.086,False,False,False,,True
faltered,3,property_tax AND balance AND small,property_tax;balance;small,111,0.803,0.384,60,18,0.581,0.136,0.217,0.062,0.136,0.125,0.267,3,-0.086,False,False,False,,True
faltered,3,payroll_pit AND NOT investment AND culture,payroll_pit;investment;culture,101,0.803,0.384,62,20,0.645,0.152,0.174,0.104,0.136,0.25,0.167,4,-0.086,False,False,False,,True
faltered,3,local_tax_base AND autonomy AND NOT contestation,local_tax_base;autonomy;contestation,110,0.803,0.383,54,12,0.571,0.091,0.13,0.083,0.091,0.0,0.167,3,-0.086,False,False,False,,True
faltered,3,payroll_pit AND NOT investment AND contestation,payroll_pit;investment;contestation,101,0.803,0.381,62,16,0.552,0.121,0.087,0.146,0.136,0.125,0.1,4,-0.086,False,False,False,,True
faltered,3,autonomy AND education AND NOT contestation,autonomy;education;contestation,110,0.803,0.378,58,12,0.429,0.091,0.065,0.062,0.182,0.125,0.067,4,-0.086,False,False,False,,True
faltered,3,NOT investment AND NOT social AND balance,investment;social;balance,001,0.803,0.378,56,13,0.464,0.098,0.13,0.104,0.045,0.062,0.1,3,-0.086,False,False,False,,True
faltered,3,NOT single_tax AND NOT investment AND social,single_tax;investment;social,001,0.803,0.376,50,12,0.414,0.091,0.022,0.125,0.136,0.125,0.033,3,-0.086,False,False,False,,True
faltered,3,NOT investment AND NOT balance AND NOT small,investment;balance;small,000,0.803,0.37,47,9,0.529,0.068,0.0,0.083,0.227,0.0,0.0,2,-0.086,False,False,False,,False
faltered,3,NOT autonomy AND NOT education AND NOT extracurricular,autonomy;education;extracurricular,000,0.803,0.366,57,19,0.613,0.144,0.13,0.229,0.0,0.125,0.167,3,-0.086,False,False,False,,True
faltered,3,NOT investment AND NOT education AND NOT contestation,investment;education;contestation,000,0.803,0.365,59,18,0.545,0.136,0.13,0.146,0.136,0.125,0.1,4,-0.086,False,False,False,,True
faltered,3,extracurricular AND NOT balance AND NOT small,extracurricular;balance;small,100,0.802,0.455,85,17,0.567,0.129,0.087,0.125,0.318,0.0,0.1,3,-0.087,False,False,False,,True
faltered,3,NOT property_tax AND social AND NOT culture,property_tax;social;culture,010,0.802,0.432,73,17,0.415,0.129,0.087,0.125,0.136,0.25,0.1,4,-0.087,False,False,False,,True
faltered,3,local_tax_base AND NOT culture AND contestation,local_tax_base;culture;contestation,101,0.802,0.424,68,14,0.452,0.106,0.087,0.146,0.045,0.125,0.067,3,-0.087,False,False,False,,True
faltered,3,payroll_pit AND NOT culture AND contestation,payroll_pit;culture;contestation,101,0.802,0.423,73,19,0.559,0.144,0.217,0.125,0.091,0.062,0.2,3,-0.087,False,False,False,,True
faltered,3,investment AND NOT social AND NOT extracurricular,investment;social;extracurricular,100,0.802,0.415,76,22,0.55,0.167,0.174,0.208,0.045,0.188,0.2,3,-0.087,False,False,False,,True
faltered,3,local_tax_base AND property_tax AND small,local_tax_base;property_tax;small,111,0.802,0.406,80,21,0.538,0.159,0.217,0.125,0.136,0.125,0.233,4,-0.087,False,False,False,,True
faltered,3,NOT property_tax AND extracurricular AND NOT balance,property_tax;extracurricular;balance,010,0.802,0.404,68,11,0.478,0.083,0.022,0.062,0.273,0.062,0.033,3,-0.087,False,False,False,,True
faltered,3,NOT payroll_pit AND NOT autonomy AND investment,payroll_pit;autonomy;investment,001,0.802,0.403,78,20,0.476,0.152,0.087,0.208,0.182,0.125,0.133,4,-0.087,False,False,False,,True
faltered,3,NOT local_tax_base AND NOT payroll_pit AND contestation,local_tax_base;payroll_pit;contestation,001,0.802,0.401,54,9,0.375,0.068,0.0,0.125,0.091,0.062,0.0,3,-0.087,False,False,False,,True
faltered,3,single_tax AND social AND NOT contestation,single_tax;social;contestation,110,0.802,0.4,70,21,0.568,0.159,0.174,0.104,0.136,0.312,0.2,4,-0.087,False,False,False,,True
faltered,3,payroll_pit AND education AND NOT contestation,payroll_pit;education;contestation,110,0.802,0.395,66,18,0.514,0.136,0.087,0.125,0.182,0.25,0.1,4,-0.087,False,False,False,,True
faltered,3,NOT local_tax_base AND NOT education AND NOT extracurricular,local_tax_base;education;extracurricular,000,0.802,0.389,47,12,0.429,0.091,0.087,0.146,0.0,0.062,0.1,3,-0.087,False,False,False,,True
faltered,3,autonomy AND NOT social AND NOT contestation,autonomy;social;contestation,100,0.802,0.388,56,12,0.48,0.091,0.152,0.062,0.091,0.0,0.133,3,-0.087,False,False,False,,True
faltered,3,single_tax AND social AND NOT extracurricular,single_tax;social;extracurricular,110,0.802,0.384,52,13,0.542,0.098,0.13,0.042,0.091,0.188,0.2,3,-0.087,False,False,False,,True
faltered,3,NOT local_tax_base AND NOT autonomy AND NOT social,local_tax_base;autonomy;social,000,0.802,0.372,53,12,0.5,0.091,0.043,0.125,0.136,0.062,0.067,3,-0.087,False,False,False,,True
faltered,3,single_tax AND NOT contestation AND small,single_tax;contestation;small,101,0.802,0.372,57,13,0.464,0.098,0.087,0.083,0.091,0.188,0.1,4,-0.087,False,False,False,,True
faltered,3,NOT property_tax AND NOT investment AND NOT contestation,property_tax;investment;contestation,000,0.802,0.365,63,21,0.583,0.159,0.109,0.146,0.182,0.312,0.1,4,-0.087,False,False,False,,True
faltered,3,NOT investment AND NOT education AND NOT balance,investment;education;balance,000,0.802,0.359,46,12,0.571,0.091,0.022,0.146,0.136,0.062,0.033,3,-0.087,False,False,False,,True
faltered,3,NOT autonomy AND NOT extracurricular AND NOT balance,autonomy;extracurricular;balance,000,0.802,0.339,55,14,0.5,0.106,0.065,0.188,0.045,0.062,0.1,3,-0.087,False,False,False,,True
faltered,3,payroll_pit AND NOT extracurricular AND NOT contestation,payroll_pit;extracurricular;contestation,100,0.802,0.335,44,10,0.476,0.076,0.065,0.104,0.045,0.062,0.1,4,-0.087,False,False,False,,True
faltered,3,NOT local_tax_base AND NOT extracurricular AND small,local_tax_base;extracurricular;small,001,0.802,0.311,38,9,0.429,0.068,0.022,0.104,0.091,0.062,0.033,3,-0.087,False,False,False,,True
faltered,3,social AND NOT culture AND extracurricular,social;culture;extracurricular,101,0.801,0.469,87,20,0.476,0.152,0.174,0.104,0.182,0.188,0.133,4,-0.088,False,False,False,,True
faltered,3,property_tax AND payroll_pit AND NOT small,property_tax;payroll_pit;small,110,0.801,0.467,93,24,0.558,0.182,0.283,0.188,0.045,0.062,0.233,2,-0.088,False,False,False,,False
faltered,3,social AND NOT culture AND NOT education,social;culture;education,100,0.801,0.467,88,21,0.438,0.159,0.174,0.167,0.136,0.125,0.167,4,-0.088,False,False,False,,True
faltered,3,single_tax AND autonomy AND NOT education,single_tax;autonomy;education,110,0.801,0.457,89,24,0.632,0.182,0.326,0.125,0.136,0.0,0.3,3,-0.088,False,False,False,,True
faltered,3,NOT local_tax_base AND social AND NOT education,local_tax_base;social;education,010,0.801,0.453,91,23,0.469,0.174,0.261,0.104,0.227,0.062,0.2,3,-0.088,False,False,False,,True
faltered,3,local_tax_base AND autonomy AND social,local_tax_base;autonomy;social,111,0.801,0.439,66,15,0.5,0.114,0.152,0.125,0.091,0.0,0.2,3,-0.088,False,False,False,,True
faltered,3,property_tax AND investment AND NOT extracurricular,property_tax;investment;extracurricular,110,0.801,0.405,70,17,0.472,0.129,0.174,0.146,0.091,0.0,0.2,3,-0.088,False,False,False,,True
faltered,3,local_tax_base AND NOT culture AND NOT balance,local_tax_base;culture;balance,100,0.801,0.398,73,16,0.516,0.121,0.087,0.208,0.045,0.062,0.033,3,-0.088,False,False,False,,True
faltered,3,education AND balance AND small,education;balance;small,111,0.801,0.394,62,19,0.576,0.144,0.174,0.083,0.182,0.188,0.2,4,-0.088,False,False,False,,True
faltered,3,property_tax AND education AND NOT contestation,property_tax;education;contestation,110,0.801,0.384,62,14,0.424,0.106,0.087,0.083,0.136,0.188,0.1,4,-0.088,False,False,False,,True
faltered,3,local_tax_base AND NOT single_tax AND autonomy,local_tax_base;single_tax;autonomy,101,0.801,0.383,48,9,0.429,0.068,0.065,0.062,0.091,0.062,0.1,4,-0.088,False,False,False,,True
faltered,3,NOT property_tax AND autonomy AND NOT contestation,property_tax;autonomy;contestation,010,0.801,0.383,61,16,0.471,0.121,0.152,0.104,0.182,0.0,0.1,3,-0.088,False,False,False,,True
faltered,3,local_tax_base AND NOT autonomy AND NOT investment,local_tax_base;autonomy;investment,100,0.801,0.376,58,20,0.588,0.152,0.13,0.146,0.091,0.312,0.1,4,-0.088,False,False,False,,True
faltered,3,culture AND NOT extracurricular AND balance,culture;extracurricular;balance,101,0.801,0.375,52,14,0.483,0.106,0.174,0.042,0.091,0.125,0.2,3,-0.088,False,False,False,,True
faltered,3,NOT autonomy AND NOT investment AND contestation,autonomy;investment;contestation,001,0.801,0.365,51,16,0.593,0.121,0.13,0.125,0.091,0.125,0.1,4,-0.088,False,False,False,,True
faltered,3,culture AND NOT extracurricular AND contestation,culture;extracurricular;contestation,101,0.801,0.362,47,11,0.5,0.083,0.13,0.062,0.045,0.062,0.167,4,-0.088,False,False,False,,True
faltered,3,NOT investment AND NOT culture AND NOT balance,investment;culture;balance,000,0.801,0.354,49,12,0.522,0.091,0.043,0.146,0.136,0.0,0.033,2,-0.088,False,False,False,,False
faltered,3,social AND NOT contestation AND small,social;contestation;small,101,0.801,0.351,49,9,0.346,0.068,0.043,0.062,0.045,0.188,0.067,4,-0.088,False,False,False,,True
faltered,3,NOT culture AND NOT extracurricular AND NOT small,culture;extracurricular;small,000,0.8,0.439,69,21,0.538,0.159,0.196,0.208,0.0,0.125,0.233,3,-0.089,False,False,False,,True
faltered,3,local_tax_base AND autonomy AND balance,local_tax_base;autonomy;balance,111,0.8,0.436,72,16,0.444,0.121,0.196,0.083,0.136,0.0,0.267,3,-0.089,False,False,False,,True
faltered,3,investment AND culture AND NOT small,investment;culture;small,110,0.8,0.436,71,15,0.469,0.114,0.13,0.083,0.136,0.125,0.133,4,-0.089,False,False,False,,True
faltered,3,investment AND culture AND contestation,investment;culture;contestation,111,0.8,0.432,68,17,0.5,0.129,0.13,0.125,0.182,0.062,0.167,3,-0.089,False,False,False,,True
faltered,3,local_tax_base AND NOT payroll_pit AND investment,local_tax_base;payroll_pit;investment,101,0.8,0.431,79,19,0.5,0.144,0.152,0.188,0.045,0.125,0.2,3,-0.089,False,False,False,,True
faltered,3,local_tax_base AND NOT property_tax AND NOT culture,local_tax_base;property_tax;culture,100,0.8,0.418,71,15,0.429,0.114,0.087,0.167,0.0,0.188,0.133,3,-0.089,False,False,False,,True
faltered,3,investment AND education AND contestation,investment;education;contestation,111,0.8,0.416,66,18,0.5,0.136,0.152,0.146,0.136,0.062,0.167,3,-0.089,False,False,False,,True
faltered,3,NOT investment AND social AND contestation,investment;social;contestation,011,0.8,0.407,62,17,0.5,0.129,0.109,0.167,0.091,0.125,0.1,4,-0.089,False,False,False,,True
faltered,3,NOT single_tax AND extracurricular AND NOT balance,single_tax;extracurricular;balance,010,0.8,0.399,68,11,0.478,0.083,0.043,0.083,0.182,0.062,0.033,4,-0.089,False,False,False,,True
faltered,3,NOT payroll_pit AND extracurricular AND NOT contestation,payroll_pit;extracurricular;contestation,010,0.8,0.399,68,15,0.417,0.114,0.022,0.146,0.182,0.188,0.0,3,-0.089,False,False,False,,True
faltered,3,local_tax_base AND NOT single_tax AND contestation,local_tax_base;single_tax;contestation,101,0.8,0.396,62,12,0.414,0.091,0.087,0.104,0.091,0.062,0.1,4,-0.089,False,False,False,,True
faltered,3,autonomy AND NOT extracurricular AND balance,autonomy;extracurricular;balance,101,0.8,0.387,57,12,0.364,0.091,0.196,0.042,0.045,0.0,0.267,1,-0.089,False,False,False,,False
faltered,3,investment AND balance AND small,investment;balance;small,111,0.8,0.384,53,14,0.5,0.106,0.152,0.062,0.136,0.062,0.2,4,-0.089,False,False,False,,True
faltered,3,NOT property_tax AND NOT autonomy AND NOT extracurricular,property_tax;autonomy;extracurricular,000,0.8,0.373,69,21,0.6,0.159,0.152,0.208,0.045,0.188,0.2,3,-0.089,False,False,False,,True
faltered,3,single_tax AND education AND NOT extracurricular,single_tax;education;extracurricular,110,0.8,0.364,59,15,0.536,0.114,0.087,0.104,0.136,0.188,0.133,4,-0.089,False,False,False,,True
faltered,3,NOT single_tax AND NOT payroll_pit AND culture,single_tax;payroll_pit;culture,001,0.8,0.363,46,10,0.357,0.076,0.109,0.0,0.182,0.062,0.1,3,-0.089,False,False,False,,True
faltered,3,autonomy AND NOT contestation AND small,autonomy;contestation;small,101,0.8,0.36,51,9,0.391,0.068,0.065,0.062,0.045,0.125,0.067,4,-0.089,False,False,False,,True
faltered,3,NOT local_tax_base AND NOT payroll_pit AND NOT balance,local_tax_base;payroll_pit;balance,000,0.8,0.359,53,8,0.381,0.061,0.043,0.083,0.045,0.062,0.067,4,-0.089,False,False,False,,True
faltered,3,NOT local_tax_base AND NOT extracurricular AND NOT balance,local_tax_base;extracurricular;balance,000,0.8,0.359,48,12,0.444,0.091,0.043,0.167,0.0,0.125,0.067,2,-0.089,False,False,False,,False
faltered,3,NOT single_tax AND NOT investment AND NOT contestation,single_tax;investment;contestation,000,0.8,0.358,56,15,0.517,0.114,0.065,0.125,0.136,0.188,0.067,4,-0.089,False,False,False,,True
faltered,3,NOT local_tax_base AND autonomy AND small,local_tax_base;autonomy;small,011,0.8,0.354,47,13,0.5,0.098,0.043,0.125,0.136,0.125,0.067,3,-0.089,False,False,False,,True
faltered,3,NOT investment AND culture AND NOT extracurricular,investment;culture;extracurricular,010,0.8,0.319,31,6,0.4,0.045,0.065,0.021,0.0,0.125,0.067,2,-0.089,False,False,False,,False
faltered,3,social AND NOT education AND extracurricular,social;education;extracurricular,101,0.799,0.48,96,24,0.48,0.182,0.261,0.083,0.273,0.125,0.2,3,-0.09,False,False,False,,True
faltered,3,NOT single_tax AND investment AND extracurricular,single_tax;investment;extracurricular,011,0.799,0.458,82,17,0.459,0.129,0.109,0.125,0.227,0.062,0.067,3,-0.09,False,False,False,,True
faltered,3,NOT property_tax AND investment AND contestation,property_tax;investment;contestation,011,0.799,0.45,77,17,0.459,0.129,0.087,0.146,0.182,0.125,0.133,4,-0.09,False,False,False,,True
faltered,3,NOT single_tax AND social AND extracurricular,single_tax;social;extracurricular,011,0.799,0.442,75,15,0.405,0.114,0.087,0.062,0.227,0.188,0.033,4,-0.09,False,False,False,,True
faltered,3,NOT local_tax_base AND property_tax AND extracurricular,local_tax_base;property_tax;extracurricular,011,0.799,0.433,73,19,0.514,0.144,0.304,0.042,0.045,0.125,0.3,2,-0.09,False,False,False,,False
faltered,3,NOT local_tax_base AND extracurricular AND NOT contestation,local_tax_base;extracurricular;contestation,010,0.799,0.425,81,22,0.489,0.167,0.174,0.104,0.273,0.188,0.1,4,-0.09,False,False,False,,True
faltered,3,NOT property_tax AND social AND balance,property_tax;social;balance,011,0.799,0.42,69,21,0.477,0.159,0.109,0.125,0.182,0.375,0.1,4,-0.09,False,False,False,,True
faltered,3,NOT investment AND social AND balance,investment;social;balance,011,0.799,0.418,78,26,0.565,0.197,0.13,0.188,0.227,0.375,0.1,4,-0.09,False,False,False,,True
faltered,3,NOT local_tax_base AND investment AND NOT balance,local_tax_base;investment;balance,010,0.799,0.415,71,15,0.455,0.114,0.109,0.146,0.091,0.062,0.133,4,-0.09,False,False,False,,True
faltered,3,local_tax_base AND NOT payroll_pit AND balance,local_tax_base;payroll_pit;balance,101,0.799,0.412,69,22,0.524,0.167,0.196,0.167,0.091,0.188,0.233,4,-0.09,False,False,False,,True
faltered,3,NOT single_tax AND extracurricular AND NOT contestation,single_tax;extracurricular;contestation,010,0.799,0.409,67,16,0.457,0.121,0.043,0.104,0.273,0.188,0.0,3,-0.09,False,False,False,,True
faltered,3,culture AND NOT education AND balance,culture;education;balance,101,0.799,0.409,68,21,0.525,0.159,0.283,0.062,0.182,0.062,0.233,2,-0.09,False,False,False,,False
faltered,3,NOT local_tax_base AND NOT education AND NOT contestation,local_tax_base;education;contestation,000,0.799,0.4,76,20,0.455,0.152,0.261,0.062,0.182,0.062,0.2,2,-0.09,False,False,False,,False
faltered,3,single_tax AND education AND NOT contestation,single_tax;education;contestation,110,0.799,0.399,68,17,0.486,0.129,0.087,0.104,0.136,0.312,0.1,4,-0.09,False,False,False,,True
faltered,3,NOT investment AND NOT social AND contestation,investment;social;contestation,001,0.799,0.391,61,12,0.462,0.091,0.065,0.083,0.182,0.062,0.067,4,-0.09,False,False,False,,True
faltered,3,local_tax_base AND NOT extracurricular AND NOT balance,local_tax_base;extracurricular;balance,100,0.799,0.39,70,15,0.536,0.114,0.087,0.188,0.045,0.062,0.067,3,-0.09,False,False,False,,True
faltered,3,autonomy AND NOT social AND NOT extracurricular,autonomy;social;extracurricular,100,0.799,0.39,53,12,0.462,0.091,0.13,0.104,0.0,0.062,0.133,3,-0.09,False,False,False,,True
faltered,3,local_tax_base AND NOT autonomy AND NOT education,local_tax_base;autonomy;education,100,0.799,0.386,66,21,0.553,0.159,0.13,0.229,0.045,0.188,0.133,3,-0.09,False,False,False,,True
faltered,3,NOT payroll_pit AND NOT autonomy AND NOT extracurricular,payroll_pit;autonomy;extracurricular,000,0.799,0.382,72,23,0.59,0.174,0.152,0.25,0.045,0.188,0.2,3,-0.09,False,False,False,,True
faltered,3,investment AND social AND small,investment;social;small,111,0.799,0.382,60,13,0.433,0.098,0.109,0.083,0.136,0.062,0.133,4,-0.09,False,False,False,,True
faltered,3,social AND balance AND small,social;balance;small,111,0.799,0.378,52,13,0.448,0.098,0.152,0.042,0.091,0.125,0.167,3,-0.09,False,False,False,,True
faltered,3,NOT single_tax AND NOT autonomy AND NOT contestation,single_tax;autonomy;contestation,000,0.799,0.363,65,15,0.441,0.114,0.043,0.146,0.091,0.25,0.067,3,-0.09,False,False,False,,True
faltered,3,NOT payroll_pit AND NOT investment AND NOT contestation,payroll_pit;investment;contestation,000,0.799,0.354,61,15,0.455,0.114,0.065,0.125,0.091,0.25,0.067,4,-0.09,False,False,False,,True
faltered,3,NOT single_tax AND culture AND NOT contestation,single_tax;culture;contestation,010,0.799,0.334,37,5,0.238,0.038,0.022,0.0,0.091,0.125,0.0,3,-0.09,False,False,False,,True
faltered,3,NOT single_tax AND NOT extracurricular AND small,single_tax;extracurricular;small,001,0.799,0.319,39,12,0.462,0.091,0.087,0.146,0.0,0.062,0.133,3,-0.09,False,False,False,,True
faltered,3,property_tax AND extracurricular AND NOT small,property_tax;extracurricular;small,110,0.798,0.481,96,26,0.565,0.197,0.283,0.167,0.182,0.062,0.233,3,-0.091,False,False,False,,True
faltered,3,property_tax AND balance AND NOT small,property_tax;balance;small,110,0.798,0.462,91,22,0.478,0.167,0.239,0.146,0.136,0.062,0.2,3,-0.091,False,False,False,,True
faltered,3,extracurricular AND NOT contestation AND NOT small,extracurricular;contestation;small,100,0.798,0.459,94,28,0.56,0.212,0.174,0.208,0.318,0.188,0.1,4,-0.091,False,False,False,,True
faltered,3,local_tax_base AND autonomy AND NOT education,local_tax_base;autonomy;education,110,0.798,0.44,74,16,0.552,0.121,0.152,0.125,0.091,0.062,0.167,4,-0.091,False,False,False,,True
faltered,3,autonomy AND NOT contestation AND NOT small,autonomy;contestation;small,100,0.798,0.435,83,24,0.571,0.182,0.283,0.125,0.227,0.0,0.233,3,-0.091,False,False,False,,True
faltered,3,NOT social AND NOT contestation AND NOT small,social;contestation;small,000,0.798,0.427,78,20,0.513,0.152,0.152,0.208,0.045,0.125,0.167,3,-0.091,False,False,False,,True
faltered,3,NOT local_tax_base AND property_tax AND investment,local_tax_base;property_tax;investment,011,0.798,0.425,75,19,0.487,0.144,0.261,0.083,0.045,0.125,0.267,3,-0.091,False,False,False,,True
faltered,3,local_tax_base AND NOT education AND NOT balance,local_tax_base;education;balance,100,0.798,0.405,72,17,0.586,0.129,0.087,0.208,0.045,0.125,0.067,3,-0.091,False,False,False,,True
faltered,3,NOT education AND NOT contestation AND balance,education;contestation;balance,001,0.798,0.4,83,25,0.481,0.189,0.283,0.146,0.136,0.125,0.233,4,-0.091,False,False,False,,True
faltered,3,property_tax AND payroll_pit AND NOT contestation,property_tax;payroll_pit;contestation,110,0.798,0.398,69,17,0.548,0.129,0.174,0.104,0.091,0.125,0.167,4,-0.091,False,False,False,,True
faltered,3,NOT property_tax AND autonomy AND NOT balance,property_tax;autonomy;balance,010,0.798,0.394,61,9,0.429,0.068,0.022,0.062,0.182,0.062,0.033,3,-0.091,False,False,False,,True
faltered,3,NOT local_tax_base AND NOT property_tax AND NOT extracurricular,local_tax_base;property_tax;extracurricular,000,0.798,0.388,50,13,0.464,0.098,0.109,0.104,0.045,0.125,0.133,3,-0.091,False,False,False,,True
faltered,3,NOT payroll_pit AND NOT contestation AND balance,payroll_pit;contestation;balance,001,0.798,0.371,71,21,0.447,0.159,0.109,0.167,0.227,0.188,0.1,4,-0.091,False,False,False,,True
faltered,3,local_tax_base AND NOT extracurricular AND small,local_tax_base;extracurricular;small,101,0.798,0.357,65,17,0.515,0.129,0.152,0.146,0.045,0.125,0.233,3,-0.091,False,False,False,,True
faltered,3,NOT local_tax_base AND NOT autonomy AND NOT investment,local_tax_base;autonomy;investment,000,0.798,0.354,41,10,0.526,0.076,0.043,0.083,0.045,0.188,0.067,4,-0.091,False,False,False,,True
faltered,3,NOT local_tax_base AND education AND small,local_tax_base;education;small,011,0.798,0.352,53,13,0.52,0.098,0.065,0.083,0.182,0.125,0.1,4,-0.091,False,False,False,,True
faltered,3,NOT extracurricular AND contestation AND small,extracurricular;contestation;small,011,0.798,0.343,54,16,0.533,0.121,0.109,0.167,0.045,0.125,0.167,3,-0.091,False,False,False,,True
faltered,3,property_tax AND investment AND extracurricular,property_tax;investment;extracurricular,111,0.797,0.47,91,25,0.581,0.189,0.283,0.167,0.091,0.125,0.267,3,-0.092,False,False,False,,True
faltered,3,social AND NOT education AND balance,social;education;balance,101,0.797,0.449,91,22,0.449,0.167,0.261,0.083,0.182,0.125,0.2,3,-0.092,False,False,False,,True
faltered,3,local_tax_base AND property_tax AND culture,local_tax_base;property_tax;culture,111,0.797,0.44,89,24,0.545,0.182,0.217,0.146,0.227,0.125,0.233,4,-0.092,False,False,False,,True
faltered,3,NOT culture AND NOT contestation AND NOT small,culture;contestation;small,000,0.797,0.439,91,26,0.542,0.197,0.152,0.25,0.182,0.188,0.167,4,-0.092,False,False,False,,True
faltered,3,local_tax_base AND NOT payroll_pit AND contestation,local_tax_base;payroll_pit;contestation,101,0.797,0.431,78,19,0.463,0.144,0.174,0.125,0.136,0.125,0.167,4,-0.092,False,False,False,,True
faltered,3,NOT local_tax_base AND property_tax AND single_tax,local_tax_base;property_tax;single_tax,011,0.797,0.424,76,19,0.487,0.144,0.196,0.104,0.091,0.188,0.2,4,-0.092,False,False,False,,True
faltered,3,local_tax_base AND NOT education AND NOT extracurricular,local_tax_base;education;extracurricular,100,0.797,0.422,81,24,0.632,0.182,0.239,0.229,0.0,0.125,0.267,3,-0.092,False,False,False,,True
faltered,3,NOT property_tax AND payroll_pit AND autonomy,property_tax;payroll_pit;autonomy,011,0.797,0.422,71,19,0.528,0.144,0.109,0.146,0.273,0.062,0.1,3,-0.092,False,False,False,,True
faltered,3,autonomy AND NOT social AND balance,autonomy;social;balance,101,0.797,0.418,63,13,0.419,0.098,0.174,0.062,0.091,0.0,0.2,3,-0.092,False,False,False,,True
faltered,3,autonomy AND NOT investment AND social,autonomy;investment;social,101,0.797,0.417,74,19,0.463,0.144,0.087,0.188,0.182,0.125,0.1,4,-0.092,False,False,False,,True
faltered,3,NOT payroll_pit AND NOT social AND balance,payroll_pit;social;balance,001,0.797,0.414,78,21,0.477,0.159,0.152,0.208,0.091,0.125,0.167,4,-0.092,False,False,False,,True
faltered,3,NOT payroll_pit AND investment AND NOT balance,payroll_pit;investment;balance,010,0.797,0.405,78,14,0.467,0.106,0.087,0.146,0.045,0.125,0.1,3,-0.092,False,False,False,,True
faltered,3,NOT single_tax AND NOT payroll_pit AND social,single_tax;payroll_pit;social,001,0.797,0.404,66,11,0.289,0.083,0.043,0.042,0.227,0.125,0.033,4,-0.092,False,False,False,,True
faltered,3,NOT local_tax_base AND NOT investment AND social,local_tax_base;investment;social,001,0.797,0.403,66,21,0.538,0.159,0.065,0.188,0.182,0.312,0.067,3,-0.092,False,False,False,,True
faltered,3,NOT local_tax_base AND investment AND NOT contestation,local_tax_base;investment;contestation,010,0.797,0.402,72,14,0.359,0.106,0.152,0.042,0.136,0.125,0.133,3,-0.092,False,False,False,,True
faltered,3,payroll_pit AND social AND NOT contestation,payroll_pit;social;contestation,110,0.797,0.401,74,22,0.579,0.167,0.174,0.146,0.136,0.25,0.167,4,-0.092,False,False,False,,True
faltered,3,NOT investment AND NOT culture AND balance,investment;culture;balance,001,0.797,0.396,76,18,0.514,0.136,0.065,0.188,0.091,0.25,0.067,3,-0.092,False,False,False,,True
faltered,3,NOT payroll_pit AND NOT investment AND contestation,payroll_pit;investment;contestation,001,0.797,0.39,61,13,0.419,0.098,0.087,0.104,0.136,0.062,0.067,4,-0.092,False,False,False,,True
faltered,3,local_tax_base AND NOT property_tax AND NOT single_tax,local_tax_base;property_tax;single_tax,100,0.797,0.389,56,11,0.379,0.083,0.065,0.104,0.0,0.188,0.067,3,-0.092,False,False,False,,True
faltered,3,NOT single_tax AND NOT autonomy AND investment,single_tax;autonomy;investment,001,0.797,0.382,66,14,0.4,0.106,0.043,0.167,0.136,0.062,0.067,3,-0.092,False,False,False,,True
faltered,3,NOT autonomy AND NOT balance AND NOT small,autonomy;balance;small,000,0.797,0.371,59,12,0.48,0.091,0.022,0.167,0.091,0.062,0.033,3,-0.092,False,False,False,,True
faltered,3,property_tax AND NOT contestation AND small,property_tax;contestation;small,101,0.797,0.367,59,11,0.379,0.083,0.087,0.062,0.045,0.188,0.1,4,-0.092,False,False,False,,True
faltered,3,investment AND NOT extracurricular AND small,investment;extracurricular;small,101,0.797,0.363,66,16,0.471,0.121,0.109,0.146,0.136,0.062,0.167,4,-0.092,False,False,False,,True
faltered,3,NOT property_tax AND NOT single_tax AND culture,property_tax;single_tax;culture,001,0.797,0.359,39,7,0.304,0.053,0.065,0.0,0.091,0.125,0.033,3,-0.092,False,False,False,,True
faltered,3,NOT investment AND NOT social AND NOT balance,investment;social;balance,000,0.797,0.356,52,11,0.524,0.083,0.043,0.083,0.182,0.062,0.033,4,-0.092,False,False,False,,True
faltered,3,NOT local_tax_base AND culture AND small,local_tax_base;culture;small,011,0.797,0.343,40,11,0.478,0.083,0.043,0.083,0.136,0.125,0.067,4,-0.092,False,False,False,,True
faltered,3,NOT single_tax AND culture AND NOT extracurricular,single_tax;culture;extracurricular,010,0.797,0.329,33,6,0.333,0.045,0.109,0.021,0.0,0.0,0.1,1,-0.092,False,False,False,,False
faltered,3,single_tax AND payroll_pit AND NOT small,single_tax;payroll_pit;small,110,0.796,0.487,104,32,0.582,0.242,0.326,0.208,0.182,0.188,0.333,4,-0.093,False,False,False,,True
faltered,3,property_tax AND autonomy AND NOT education,property_tax;autonomy;education,110,0.796,0.46,93,24,0.632,0.182,0.326,0.146,0.091,0.0,0.3,3,-0.093,False,False,False,,True
faltered,3,local_tax_base AND NOT culture AND NOT small,local_tax_base;culture;small,100,0.796,0.458,84,21,0.538,0.159,0.152,0.229,0.091,0.062,0.167,3,-0.093,False,False,False,,True
faltered,3,NOT local_tax_base AND single_tax AND NOT small,local_tax_base;single_tax;small,010,0.796,0.456,89,27,0.551,0.205,0.283,0.146,0.136,0.25,0.3,4,-0.093,False,False,False,,True
faltered,3,payroll_pit AND NOT culture AND NOT small,payroll_pit;culture;small,100,0.796,0.451,82,22,0.55,0.167,0.217,0.146,0.182,0.062,0.167,3,-0.093,False,False,False,,True
faltered,3,NOT property_tax AND social AND extracurricular,property_tax;social;extracurricular,011,0.796,0.45,74,19,0.442,0.144,0.065,0.104,0.273,0.312,0.067,3,-0.093,False,False,False,,True
faltered,3,local_tax_base AND NOT education AND contestation,local_tax_base;education;contestation,101,0.796,0.438,81,20,0.513,0.152,0.196,0.146,0.136,0.062,0.167,3,-0.093,False,False,False,,True
faltered,3,NOT local_tax_base AND NOT contestation AND NOT small,local_tax_base;contestation;small,000,0.796,0.431,90,24,0.48,0.182,0.239,0.083,0.227,0.25,0.167,3,-0.093,False,False,False,,True
faltered,3,NOT investment AND social AND NOT small,investment;social;small,010,0.796,0.428,79,24,0.558,0.182,0.087,0.208,0.227,0.312,0.067,3,-0.093,False,False,False,,True
faltered,3,NOT education AND NOT extracurricular AND contestation,education;extracurricular;contestation,001,0.796,0.424,65,19,0.559,0.144,0.152,0.229,0.0,0.062,0.133,2,-0.093,False,False,False,,False
faltered,3,NOT single_tax AND social AND NOT culture,single_tax;social;culture,010,0.796,0.423,71,15,0.395,0.114,0.065,0.167,0.091,0.125,0.0,4,-0.093,False,False,False,,True
faltered,3,single_tax AND payroll_pit AND NOT contestation,single_tax;payroll_pit;contestation,110,0.796,0.408,75,23,0.561,0.174,0.239,0.125,0.136,0.188,0.233,4,-0.093,False,False,False,,True
faltered,3,NOT autonomy AND extracurricular AND balance,autonomy;extracurricular;balance,011,0.796,0.4,61,17,0.459,0.129,0.065,0.125,0.182,0.25,0.033,4,-0.093,False,False,False,,True
faltered,3,local_tax_base AND autonomy AND NOT extracurricular,local_tax_base;autonomy;extracurricular,110,0.796,0.398,66,14,0.483,0.106,0.217,0.062,0.0,0.062,0.267,3,-0.093,False,False,False,,True
faltered,3,payroll_pit AND investment AND NOT contestation,payroll_pit;investment;contestation,110,0.796,0.397,67,15,0.455,0.114,0.152,0.104,0.091,0.062,0.167,4,-0.093,False,False,False,,True
faltered,3,local_tax_base AND NOT autonomy AND NOT culture,local_tax_base;autonomy;culture,100,0.796,0.394,68,16,0.444,0.121,0.065,0.229,0.0,0.125,0.1,3,-0.093,False,False,False,,True
faltered,3,NOT autonomy AND NOT social AND contestation,autonomy;social;contestation,001,0.796,0.392,62,17,0.515,0.129,0.087,0.188,0.136,0.062,0.1,3,-0.093,False,False,False,,True
faltered,3,NOT investment AND social AND culture,investment;social;culture,011,0.796,0.391,68,22,0.55,0.167,0.174,0.104,0.182,0.312,0.167,4,-0.093,False,False,False,,True
faltered,3,payroll_pit AND investment AND NOT extracurricular,payroll_pit;investment;extracurricular,110,0.796,0.39,64,15,0.455,0.114,0.13,0.146,0.091,0.0,0.167,3,-0.093,False,False,False,,True
faltered,3,NOT autonomy AND NOT investment AND extracurricular,autonomy;investment;extracurricular,001,0.796,0.39,66,18,0.514,0.136,0.109,0.083,0.136,0.375,0.1,4,-0.093,False,False,False,,True
faltered,3,culture AND balance AND small,culture;balance;small,111,0.796,0.389,58,17,0.548,0.129,0.174,0.062,0.182,0.125,0.2,3,-0.093,False,False,False,,True
faltered,3,NOT local_tax_base AND NOT property_tax AND culture,local_tax_base;property_tax;culture,001,0.796,0.388,54,14,0.467,0.106,0.087,0.062,0.227,0.125,0.067,4,-0.093,False,False,False,,True
faltered,3,NOT extracurricular AND contestation AND NOT balance,extracurricular;contestation;balance,010,0.796,0.388,58,14,0.483,0.106,0.065,0.208,0.0,0.062,0.033,3,-0.093,False,False,False,,True
faltered,3,property_tax AND social AND NOT extracurricular,property_tax;social;extracurricular,110,0.796,0.385,64,15,0.441,0.114,0.109,0.125,0.091,0.125,0.167,4,-0.093,False,False,False,,True
faltered,3,social AND education AND NOT contestation,social;education;contestation,110,0.796,0.385,65,16,0.457,0.121,0.043,0.104,0.136,0.375,0.067,3,-0.093,False,False,False,,True
faltered,3,NOT local_tax_base AND NOT autonomy AND NOT culture,local_tax_base;autonomy;culture,000,0.796,0.381,62,15,0.484,0.114,0.065,0.146,0.136,0.125,0.1,4,-0.093,False,False,False,,True
faltered,3,NOT single_tax AND social AND culture,single_tax;social;culture,011,0.796,0.37,48,8,0.32,0.061,0.065,0.021,0.136,0.062,0.067,3,-0.093,False,False,False,,True
faltered,3,payroll_pit AND NOT contestation AND small,payroll_pit;contestation;small,101,0.796,0.356,53,13,0.5,0.098,0.087,0.104,0.091,0.125,0.1,4,-0.093,False,False,False,,True
faltered,3,NOT payroll_pit AND NOT investment AND NOT balance,payroll_pit;investment;balance,000,0.796,0.346,49,9,0.375,0.068,0.022,0.083,0.091,0.125,0.033,3,-0.093,False,False,False,,True
faltered,3,NOT autonomy AND NOT investment AND NOT balance,autonomy;investment;balance,000,0.796,0.335,46,11,0.5,0.083,0.065,0.104,0.045,0.125,0.1,4,-0.093,False,False,False,,True
faltered,3,investment AND social AND NOT small,investment;social;small,110,0.795,0.516,111,25,0.463,0.189,0.326,0.083,0.182,0.125,0.3,3,-0.094,False,False,False,,True
faltered,3,investment AND NOT education AND extracurricular,investment;education;extracurricular,101,0.795,0.499,100,22,0.489,0.167,0.217,0.146,0.182,0.062,0.2,3,-0.094,False,False,False,,True
faltered,3,social AND NOT culture AND NOT small,social;culture;small,100,0.795,0.49,101,27,0.509,0.205,0.239,0.167,0.182,0.25,0.233,4,-0.094,False,False,False,,True
faltered,3,single_tax AND balance AND NOT small,single_tax;balance;small,110,0.795,0.483,103,31,0.544,0.235,0.304,0.208,0.091,0.312,0.3,3,-0.094,False,False,False,,True
faltered,3,single_tax AND investment AND contestation,single_tax;investment;contestation,111,0.795,0.479,91,26,0.591,0.197,0.261,0.188,0.182,0.062,0.267,3,-0.094,False,False,False,,True
faltered,3,social AND NOT education AND contestation,social;education;contestation,101,0.795,0.465,89,18,0.429,0.136,0.196,0.125,0.091,0.062,0.2,3,-0.094,False,False,False,,True
faltered,3,investment AND contestation AND NOT balance,investment;contestation;balance,110,0.795,0.446,91,22,0.537,0.167,0.152,0.229,0.136,0.062,0.133,3,-0.094,False,False,False,,True
faltered,3,NOT payroll_pit AND extracurricular AND contestation,payroll_pit;extracurricular;contestation,011,0.795,0.442,76,12,0.353,0.091,0.043,0.062,0.227,0.125,0.033,3,-0.094,False,False,False,,True
faltered,3,NOT local_tax_base AND property_tax AND social,local_tax_base;property_tax;social,011,0.795,0.44,92,23,0.5,0.174,0.261,0.125,0.091,0.188,0.233,4,-0.094,False,False,False,,True
faltered,3,payroll_pit AND culture AND NOT small,payroll_pit;culture;small,110,0.795,0.438,78,21,0.538,0.159,0.196,0.146,0.091,0.188,0.2,4,-0.094,False,False,False,,True
faltered,3,NOT culture AND contestation AND balance,culture;contestation;balance,011,0.795,0.438,79,15,0.405,0.114,0.152,0.104,0.0,0.188,0.167,3,-0.094,False,False,False,,True
faltered,3,investment AND NOT education AND NOT extracurricular,investment;education;extracurricular,100,0.795,0.437,86,22,0.512,0.167,0.239,0.167,0.0,0.188,0.267,3,-0.094,False,False,False,,True
faltered,3,NOT contestation AND balance AND NOT small,contestation;balance;small,010,0.795,0.437,96,33,0.532,0.25,0.283,0.208,0.227,0.312,0.233,4,-0.094,False,False,False,,True
faltered,3,NOT investment AND contestation AND balance,investment;contestation;balance,011,0.795,0.421,84,21,0.488,0.159,0.152,0.167,0.136,0.188,0.133,4,-0.094,False,False,False,,True
faltered,3,NOT single_tax AND social AND contestation,single_tax;social;contestation,011,0.795,0.418,70,12,0.343,0.091,0.087,0.125,0.045,0.062,0.067,3,-0.094,False,False,False,,True
faltered,3,payroll_pit AND autonomy AND NOT social,payroll_pit;autonomy;social,110,0.795,0.416,65,17,0.567,0.129,0.152,0.125,0.182,0.0,0.133,3,-0.094,False,False,False,,True
faltered,3,NOT property_tax AND extracurricular AND NOT contestation,property_tax;extracurricular;contestation,010,0.795,0.414,77,20,0.476,0.152,0.087,0.125,0.273,0.25,0.033,4,-0.094,False,False,False,,True
faltered,3,NOT single_tax AND payroll_pit AND NOT small,single_tax;payroll_pit;small,010,0.795,0.413,56,11,0.458,0.083,0.087,0.083,0.091,0.062,0.033,4,-0.094,False,False,False,,True
faltered,3,investment AND NOT extracurricular AND NOT balance,investment;extracurricular;balance,100,0.795,0.413,83,18,0.486,0.136,0.109,0.208,0.045,0.125,0.1,3,-0.094,False,False,False,,True
faltered,3,autonomy AND NOT education AND NOT contestation,autonomy;education;contestation,100,0.795,0.41,76,21,0.568,0.159,0.283,0.125,0.091,0.0,0.233,3,-0.094,False,False,False,,True
faltered,3,NOT single_tax AND investment AND balance,single_tax;investment;balance,011,0.795,0.408,65,15,0.375,0.114,0.152,0.062,0.182,0.062,0.133,4,-0.094,False,False,False,,True
faltered,3,NOT autonomy AND contestation AND NOT small,autonomy;contestation;small,010,0.795,0.408,67,16,0.485,0.121,0.087,0.167,0.182,0.0,0.067,3,-0.094,False,False,False,,True
faltered,3,social AND NOT contestation AND balance,social;contestation;balance,101,0.795,0.406,74,22,0.489,0.167,0.174,0.083,0.227,0.312,0.133,3,-0.094,False,False,False,,True
faltered,3,property_tax AND NOT single_tax AND autonomy,property_tax;single_tax;autonomy,101,0.795,0.404,64,14,0.483,0.106,0.13,0.125,0.091,0.0,0.133,3,-0.094,False,False,False,,True
faltered,3,NOT local_tax_base AND payroll_pit AND NOT contestation,local_tax_base;payroll_pit;contestation,010,0.795,0.396,65,20,0.541,0.152,0.174,0.104,0.136,0.25,0.133,4,-0.094,False,False,False,,True
faltered,3,autonomy AND NOT extracurricular AND NOT balance,autonomy;extracurricular;balance,100,0.795,0.395,63,13,0.481,0.098,0.065,0.167,0.0,0.125,0.033,3,-0.094,False,False,False,,True
faltered,3,NOT local_tax_base AND payroll_pit AND NOT investment,local_tax_base;payroll_pit;investment,010,0.795,0.393,64,20,0.606,0.152,0.087,0.167,0.182,0.25,0.067,4,-0.094,False,False,False,,True
faltered,3,local_tax_base AND NOT payroll_pit AND NOT investment,local_tax_base;payroll_pit;investment,100,0.795,0.391,64,18,0.486,0.136,0.109,0.125,0.136,0.25,0.1,4,-0.094,False,False,False,,True
faltered,3,NOT property_tax AND autonomy AND NOT investment,property_tax;autonomy;investment,010,0.795,0.39,63,15,0.469,0.114,0.087,0.125,0.182,0.062,0.067,4,-0.094,False,False,False,,True
faltered,3,NOT local_tax_base AND payroll_pit AND NOT social,local_tax_base;payroll_pit;social,010,0.795,0.384,48,12,0.48,0.091,0.087,0.104,0.136,0.0,0.1,3,-0.094,False,False,False,,True
faltered,3,NOT payroll_pit AND NOT autonomy AND NOT contestation,payroll_pit;autonomy;contestation,000,0.795,0.384,78,20,0.476,0.152,0.065,0.167,0.136,0.375,0.1,3,-0.094,False,False,False,,True
faltered,3,payroll_pit AND balance AND small,payroll_pit;balance;small,111,0.795,0.38,58,17,0.586,0.129,0.174,0.062,0.182,0.125,0.2,3,-0.094,False,False,False,,True
faltered,3,local_tax_base AND NOT single_tax AND NOT balance,local_tax_base;single_tax;balance,100,0.795,0.365,61,12,0.462,0.091,0.022,0.167,0.045,0.125,0.033,2,-0.094,False,False,False,,False
faltered,3,social AND NOT extracurricular AND small,social;extracurricular;small,101,0.795,0.334,50,12,0.414,0.091,0.087,0.083,0.091,0.125,0.133,4,-0.094,False,False,False,,True
faltered,3,single_tax AND social AND contestation,single_tax;social;contestation,111,0.794,0.48,94,29,0.617,0.22,0.304,0.146,0.227,0.188,0.333,4,-0.095,False,False,False,,True
faltered,3,NOT property_tax AND investment AND extracurricular,property_tax;investment;extracurricular,011,0.794,0.462,81,14,0.368,0.106,0.043,0.104,0.273,0.062,0.033,3,-0.095,False,False,False,,True
faltered,3,local_tax_base AND property_tax AND investment,local_tax_base;property_tax;investment,111,0.794,0.455,86,23,0.575,0.174,0.196,0.229,0.136,0.0,0.2,3,-0.095,False,False,False,,True
faltered,3,autonomy AND NOT culture AND balance,autonomy;culture;balance,101,0.794,0.434,78,17,0.436,0.129,0.196,0.083,0.091,0.125,0.167,4,-0.095,False,False,False,,True
faltered,3,education AND extracurricular AND contestation,education;extracurricular;contestation,111,0.794,0.428,69,21,0.583,0.159,0.174,0.125,0.182,0.188,0.167,4,-0.095,False,False,False,,True
faltered,3,payroll_pit AND autonomy AND NOT balance,payroll_pit;autonomy;balance,110,0.794,0.427,81,21,0.618,0.159,0.13,0.208,0.182,0.062,0.1,3,-0.095,False,False,False,,True
faltered,3,NOT property_tax AND NOT extracurricular AND NOT small,property_tax;extracurricular;small,000,0.794,0.425,71,18,0.5,0.136,0.174,0.146,0.0,0.188,0.2,3,-0.095,False,False,False,,True
faltered,3,autonomy AND NOT investment AND balance,autonomy;investment;balance,101,0.794,0.419,81,20,0.465,0.152,0.152,0.167,0.182,0.062,0.133,3,-0.095,False,False,False,,True
faltered,3,NOT payroll_pit AND autonomy AND NOT social,payroll_pit;autonomy;social,010,0.794,0.417,64,9,0.36,0.068,0.087,0.062,0.045,0.062,0.067,4,-0.095,False,False,False,,True
faltered,3,local_tax_base AND autonomy AND culture,local_tax_base;autonomy;culture,111,0.794,0.416,68,12,0.414,0.091,0.13,0.083,0.091,0.0,0.167,3,-0.095,False,False,False,,True
faltered,3,NOT property_tax AND NOT social AND NOT extracurricular,property_tax;social;extracurricular,000,0.794,0.403,73,21,0.538,0.159,0.152,0.208,0.045,0.188,0.2,3,-0.095,False,False,False,,True
faltered,3,NOT autonomy AND NOT social AND extracurricular,autonomy;social;extracurricular,001,0.794,0.401,60,13,0.406,0.098,0.022,0.146,0.136,0.125,0.033,3,-0.095,False,False,False,,True
faltered,3,investment AND social AND NOT contestation,investment;social;contestation,110,0.794,0.401,69,14,0.389,0.106,0.152,0.062,0.136,0.062,0.133,4,-0.095,False,False,False,,True
faltered,3,NOT local_tax_base AND property_tax AND education,local_tax_base;property_tax;education,011,0.794,0.396,62,15,0.429,0.114,0.109,0.104,0.091,0.188,0.133,4,-0.095,False,False,False,,True
faltered,3,property_tax AND single_tax AND NOT extracurricular,property_tax;single_tax;extracurricular,110,0.794,0.387,65,16,0.552,0.121,0.152,0.104,0.091,0.125,0.167,4,-0.095,False,False,False,,True
faltered,3,autonomy AND balance AND small,autonomy;balance;small,111,0.794,0.386,61,16,0.516,0.121,0.174,0.062,0.182,0.062,0.233,4,-0.095,False,False,False,,True
faltered,3,NOT local_tax_base AND NOT single_tax AND culture,local_tax_base;single_tax;culture,001,0.794,0.365,46,7,0.28,0.053,0.065,0.021,0.091,0.062,0.067,3,-0.095,False,False,False,,True
faltered,3,social AND education AND NOT extracurricular,social;education;extracurricular,110,0.794,0.353,49,11,0.393,0.083,0.065,0.062,0.091,0.188,0.1,4,-0.095,False,False,False,,True
faltered,3,property_tax AND social AND extracurricular,property_tax;social;extracurricular,111,0.793,0.495,113,33,0.611,0.25,0.37,0.167,0.227,0.188,0.3,4,-0.096,False,False,False,,True
faltered,3,investment AND NOT culture AND extracurricular,investment;culture;extracurricular,101,0.793,0.486,97,21,0.5,0.159,0.196,0.146,0.182,0.062,0.167,3,-0.096,False,False,False,,True
faltered,3,local_tax_base AND autonomy AND investment,local_tax_base;autonomy;investment,111,0.793,0.461,83,19,0.576,0.144,0.196,0.167,0.045,0.062,0.2,2,-0.096,False,False,False,,False
faltered,3,investment AND NOT social AND extracurricular,investment;social;extracurricular,101,0.793,0.445,62,13,0.464,0.098,0.043,0.167,0.136,0.0,0.067,2,-0.096,False,False,False,,False
faltered,3,NOT local_tax_base AND NOT property_tax AND social,local_tax_base;property_tax;social,001,0.793,0.441,79,22,0.458,0.167,0.109,0.125,0.273,0.312,0.1,4,-0.096,False,False,False,,True
faltered,3,NOT property_tax AND social AND NOT education,property_tax;social;education,010,0.793,0.438,74,16,0.381,0.121,0.109,0.083,0.227,0.125,0.1,4,-0.096,False,False,False,,True
faltered,3,autonomy AND contestation AND NOT balance,autonomy;contestation;balance,110,0.793,0.438,74,18,0.6,0.136,0.13,0.167,0.136,0.062,0.1,3,-0.096,False,False,False,,True
faltered,3,local_tax_base AND NOT single_tax AND NOT small,local_tax_base;single_tax;small,100,0.793,0.437,78,17,0.472,0.129,0.065,0.208,0.136,0.062,0.067,3,-0.096,False,False,False,,True
faltered,3,payroll_pit AND NOT education AND contestation,payroll_pit;education;contestation,101,0.793,0.43,82,18,0.5,0.136,0.174,0.146,0.136,0.0,0.167,3,-0.096,False,False,False,,True
faltered,3,social AND education AND contestation,social;education;contestation,111,0.793,0.428,75,23,0.575,0.174,0.196,0.146,0.182,0.188,0.2,4,-0.096,False,False,False,,True
faltered,3,property_tax AND education AND contestation,property_tax;education;contestation,111,0.793,0.424,78,23,0.561,0.174,0.217,0.167,0.136,0.125,0.233,4,-0.096,False,False,False,,True
faltered,3,local_tax_base AND NOT property_tax AND NOT education,local_tax_base;property_tax;education,100,0.793,0.422,77,18,0.462,0.136,0.13,0.167,0.0,0.25,0.167,3,-0.096,False,False,False,,True
faltered,3,local_tax_base AND social AND culture,local_tax_base;social;culture,111,0.793,0.422,77,20,0.526,0.152,0.174,0.125,0.182,0.125,0.167,4,-0.096,False,False,False,,True
faltered,3,autonomy AND NOT investment AND contestation,autonomy;investment;contestation,101,0.793,0.417,72,13,0.394,0.098,0.043,0.125,0.182,0.062,0.067,3,-0.096,False,False,False,,True
faltered,3,single_tax AND autonomy AND NOT contestation,single_tax;autonomy;contestation,110,0.793,0.41,78,20,0.556,0.152,0.239,0.104,0.091,0.125,0.233,4,-0.096,False,False,False,,True
faltered,3,NOT social AND NOT culture AND NOT contestation,social;culture;contestation,000,0.793,0.41,76,19,0.528,0.144,0.152,0.188,0.091,0.062,0.167,3,-0.096,False,False,False,,True
faltered,3,autonomy AND NOT extracurricular AND contestation,autonomy;extracurricular;contestation,101,0.793,0.409,62,14,0.438,0.106,0.109,0.146,0.045,0.062,0.1,3,-0.096,False,False,False,,True
faltered,3,NOT single_tax AND social AND balance,single_tax;social;balance,011,0.793,0.408,71,15,0.357,0.114,0.087,0.062,0.227,0.188,0.033,4,-0.096,False,False,False,,True
faltered,3,NOT autonomy AND balance AND NOT small,autonomy;balance;small,010,0.793,0.406,73,23,0.523,0.174,0.109,0.188,0.182,0.312,0.1,4,-0.096,False,False,False,,True
faltered,3,NOT local_tax_base AND NOT autonomy AND NOT small,local_tax_base;autonomy;small,000,0.793,0.403,69,17,0.459,0.129,0.043,0.146,0.182,0.25,0.067,3,-0.096,False,False,False,,True
faltered,3,NOT local_tax_base AND NOT contestation AND balance,local_tax_base;contestation;balance,001,0.793,0.401,82,24,0.462,0.182,0.217,0.104,0.227,0.25,0.133,4,-0.096,False,False,False,,True
faltered,3,property_tax AND social AND small,property_tax;social;small,111,0.793,0.399,81,24,0.545,0.182,0.196,0.146,0.182,0.25,0.233,4,-0.096,False,False,False,,True
faltered,3,NOT property_tax AND NOT contestation AND balance,property_tax;contestation;balance,001,0.793,0.389,81,26,0.481,0.197,0.174,0.167,0.227,0.312,0.133,4,-0.096,False,False,False,,True
faltered,3,local_tax_base AND NOT single_tax AND NOT autonomy,local_tax_base;single_tax;autonomy,100,0.793,0.376,60,16,0.485,0.121,0.065,0.208,0.045,0.125,0.067,3,-0.096,False,False,False,,True
faltered,3,investment AND culture AND NOT extracurricular,investment;culture;extracurricular,110,0.793,0.376,63,14,0.467,0.106,0.13,0.083,0.136,0.062,0.167,4,-0.096,False,False,False,,True
faltered,3,NOT local_tax_base AND NOT investment AND culture,local_tax_base;investment;culture,001,0.793,0.37,51,13,0.464,0.098,0.087,0.062,0.136,0.188,0.067,4,-0.096,False,False,False,,True
faltered,3,education AND NOT contestation AND small,education;contestation;small,101,0.793,0.369,64,13,0.406,0.098,0.087,0.062,0.136,0.188,0.1,4,-0.096,False,False,False,,True
faltered,3,NOT single_tax AND NOT autonomy AND NOT extracurricular,single_tax;autonomy;extracurricular,000,0.793,0.36,59,17,0.548,0.129,0.109,0.229,0.0,0.062,0.133,2,-0.096,False,False,False,,False
faltered,3,NOT extracurricular AND NOT balance AND small,extracurricular;balance;small,001,0.793,0.338,61,15,0.484,0.114,0.043,0.208,0.045,0.125,0.067,2,-0.096,False,False,False,,False
faltered,3,investment AND social AND contestation,investment;social;contestation,111,0.792,0.498,102,24,0.5,0.182,0.283,0.104,0.182,0.125,0.3,4,-0.097,False,False,False,,True
faltered,3,NOT local_tax_base AND single_tax AND social,local_tax_base;single_tax;social,011,0.792,0.453,93,28,0.571,0.212,0.261,0.104,0.227,0.375,0.3,3,-0.097,False,False,False,,True
faltered,3,NOT property_tax AND autonomy AND investment,property_tax;autonomy;investment,011,0.792,0.445,72,12,0.364,0.091,0.087,0.062,0.136,0.125,0.067,4,-0.097,False,False,False,,True
faltered,3,extracurricular AND NOT contestation AND balance,extracurricular;contestation;balance,101,0.792,0.429,86,27,0.519,0.205,0.174,0.188,0.273,0.25,0.1,4,-0.097,False,False,False,,True
faltered,3,NOT local_tax_base AND property_tax AND balance,local_tax_base;property_tax;balance,011,0.792,0.418,75,18,0.474,0.136,0.217,0.083,0.091,0.125,0.2,4,-0.097,False,False,False,,True
faltered,3,NOT social AND NOT education AND NOT contestation,social;education;contestation,000,0.792,0.416,81,21,0.5,0.159,0.174,0.208,0.0,0.188,0.2,3,-0.097,False,False,False,,True
faltered,3,NOT property_tax AND NOT payroll_pit AND autonomy,property_tax;payroll_pit;autonomy,001,0.792,0.415,64,8,0.276,0.061,0.065,0.042,0.045,0.125,0.033,4,-0.097,False,False,False,,True
faltered,3,local_tax_base AND NOT payroll_pit AND NOT extracurricular,local_tax_base;payroll_pit;extracurricular,100,0.792,0.414,79,22,0.524,0.167,0.217,0.208,0.0,0.125,0.267,3,-0.097,False,False,False,,True
faltered,3,property_tax AND autonomy AND NOT contestation,property_tax;autonomy;contestation,110,0.792,0.41,73,17,0.548,0.129,0.196,0.083,0.091,0.125,0.2,4,-0.097,False,False,False,,True
faltered,3,NOT investment AND NOT culture AND contestation,investment;culture;contestation,001,0.792,0.402,68,13,0.419,0.098,0.022,0.167,0.091,0.125,0.033,3,-0.097,False,False,False,,True
faltered,3,single_tax AND investment AND small,single_tax;investment;small,111,0.792,0.401,72,18,0.529,0.136,0.109,0.167,0.182,0.062,0.133,3,-0.097,False,False,False,,True
faltered,3,local_tax_base AND NOT payroll_pit AND NOT balance,local_tax_base;payroll_pit;balance,100,0.792,0.398,74,15,0.455,0.114,0.065,0.146,0.091,0.188,0.067,4,-0.097,False,False,False,,True
faltered,3,single_tax AND culture AND NOT contestation,single_tax;culture;contestation,110,0.792,0.397,73,23,0.59,0.174,0.196,0.125,0.136,0.312,0.2,4,-0.097,False,False,False,,True
faltered,3,NOT local_tax_base AND NOT single_tax AND NOT contestation,local_tax_base;single_tax;contestation,000,0.792,0.393,75,15,0.395,0.114,0.109,0.062,0.227,0.125,0.067,4,-0.097,False,False,False,,True
faltered,3,local_tax_base AND NOT single_tax AND NOT extracurricular,local_tax_base;single_tax;extracurricular,100,0.792,0.377,62,16,0.471,0.121,0.13,0.188,0.0,0.062,0.167,3,-0.097,False,False,False,,True
faltered,3,NOT local_tax_base AND culture AND NOT contestation,local_tax_base;culture;contestation,010,0.792,0.372,62,18,0.474,0.136,0.174,0.062,0.136,0.25,0.133,3,-0.097,False,False,False,,True
faltered,3,NOT local_tax_base AND payroll_pit AND NOT extracurricular,local_tax_base;payroll_pit;extracurricular,010,0.792,0.36,49,12,0.444,0.091,0.043,0.167,0.045,0.062,0.067,2,-0.097,False,False,False,,False
faltered,3,property_tax AND education AND NOT extracurricular,property_tax;education;extracurricular,110,0.792,0.354,57,12,0.4,0.091,0.087,0.083,0.091,0.125,0.133,4,-0.097,False,False,False,,True
faltered,3,NOT local_tax_base AND NOT investment AND NOT balance,local_tax_base;investment;balance,000,0.792,0.352,45,10,0.526,0.076,0.043,0.083,0.136,0.062,0.067,4,-0.097,False,False,False,,True
faltered,3,autonomy AND education AND NOT extracurricular,autonomy;education;extracurricular,110,0.792,0.346,49,8,0.32,0.061,0.065,0.062,0.045,0.062,0.1,4,-0.097,False,False,False,,True
faltered,3,single_tax AND contestation AND NOT small,single_tax;contestation;small,110,0.791,0.476,88,24,0.545,0.182,0.239,0.167,0.136,0.125,0.233,4,-0.098,False,False,False,,True
faltered,3,property_tax AND contestation AND NOT small,property_tax;contestation;small,110,0.791,0.469,91,21,0.477,0.159,0.239,0.146,0.091,0.062,0.167,3,-0.098,False,False,False,,True
faltered,3,investment AND NOT balance AND NOT small,investment;balance;small,100,0.791,0.469,95,20,0.541,0.152,0.174,0.188,0.091,0.062,0.167,3,-0.098,False,False,False,,True
faltered,3,property_tax AND extracurricular AND contestation,property_tax;extracurricular;contestation,111,0.791,0.468,98,27,0.574,0.205,0.304,0.146,0.227,0.062,0.267,3,-0.098,False,False,False,,True
faltered,3,NOT property_tax AND social AND NOT small,property_tax;social;small,010,0.791,0.467,94,25,0.472,0.189,0.13,0.146,0.273,0.375,0.133,4,-0.098,False,False,False,,True
faltered,3,NOT payroll_pit AND autonomy AND NOT small,payroll_pit;autonomy;small,010,0.791,0.456,79,13,0.371,0.098,0.13,0.062,0.136,0.062,0.1,4,-0.098,False,False,False,,True
faltered,3,NOT local_tax_base AND single_tax AND investment,local_tax_base;single_tax;investment,011,0.791,0.44,86,23,0.5,0.174,0.239,0.125,0.182,0.125,0.3,4,-0.098,False,False,False,,True
faltered,3,local_tax_base AND NOT social AND NOT education,local_tax_base;social;education,100,0.791,0.439,88,26,0.591,0.197,0.174,0.271,0.091,0.188,0.167,3,-0.098,False,False,False,,True
faltered,3,education AND contestation AND balance,education;contestation;balance,111,0.791,0.438,79,25,0.568,0.189,0.217,0.167,0.136,0.25,0.233,4,-0.098,False,False,False,,True
faltered,3,investment AND education AND extracurricular,investment;education;extracurricular,111,0.791,0.431,72,17,0.472,0.129,0.109,0.125,0.182,0.125,0.1,4,-0.098,False,False,False,,True
faltered,3,NOT local_tax_base AND education AND extracurricular,local_tax_base;education;extracurricular,011,0.791,0.425,71,19,0.487,0.144,0.109,0.104,0.182,0.312,0.133,4,-0.098,False,False,False,,True
faltered,3,NOT property_tax AND contestation AND balance,property_tax;contestation;balance,011,0.791,0.421,66,15,0.441,0.114,0.087,0.125,0.091,0.188,0.1,4,-0.098,False,False,False,,True
faltered,3,NOT property_tax AND investment AND NOT balance,property_tax;investment;balance,010,0.791,0.413,82,14,0.452,0.106,0.065,0.146,0.091,0.125,0.1,4,-0.098,False,False,False,,True
faltered,3,autonomy AND social AND NOT contestation,autonomy;social;contestation,110,0.791,0.413,78,21,0.525,0.159,0.196,0.125,0.182,0.125,0.167,4,-0.098,False,False,False,,True
faltered,3,investment AND NOT contestation AND balance,investment;contestation;balance,101,0.791,0.413,79,21,0.447,0.159,0.217,0.104,0.182,0.125,0.233,4,-0.098,False,False,False,,True
faltered,3,autonomy AND NOT social AND NOT balance,autonomy;social;balance,100,0.791,0.406,66,13,0.542,0.098,0.065,0.125,0.136,0.062,0.0,4,-0.098,False,False,False,,True
faltered,3,autonomy AND culture AND NOT education,autonomy;culture;education,110,0.791,0.406,67,15,0.5,0.114,0.239,0.021,0.136,0.0,0.233,2,-0.098,False,False,False,,False
faltered,3,NOT property_tax AND NOT social AND NOT contestation,property_tax;social;contestation,000,0.791,0.404,83,21,0.512,0.159,0.152,0.167,0.136,0.188,0.167,4,-0.098,False,False,False,,True
faltered,3,NOT payroll_pit AND NOT social AND NOT contestation,payroll_pit;social;contestation,000,0.791,0.402,82,20,0.5,0.152,0.13,0.208,0.045,0.188,0.167,3,-0.098,False,False,False,,True
faltered,3,autonomy AND social AND small,autonomy;social;small,111,0.791,0.388,62,16,0.485,0.121,0.13,0.125,0.091,0.125,0.167,4,-0.098,False,False,False,,True
faltered,3,autonomy AND NOT investment AND culture,autonomy;investment;culture,101,0.791,0.381,60,14,0.412,0.106,0.109,0.083,0.182,0.062,0.1,4,-0.098,False,False,False,,True
faltered,3,NOT single_tax AND autonomy AND NOT contestation,single_tax;autonomy;contestation,010,0.791,0.377,56,13,0.448,0.098,0.109,0.083,0.182,0.0,0.067,3,-0.098,False,False,False,,True
faltered,3,NOT single_tax AND culture AND NOT education,single_tax;culture;education,010,0.791,0.376,47,9,0.346,0.068,0.109,0.0,0.136,0.062,0.1,3,-0.098,False,False,False,,True
faltered,3,NOT local_tax_base AND NOT single_tax AND NOT extracurricular,local_tax_base;single_tax;extracurricular,000,0.791,0.375,48,11,0.379,0.083,0.065,0.146,0.0,0.062,0.067,3,-0.098,False,False,False,,True
faltered,3,autonomy AND social AND NOT education,autonomy;social;education,110,0.79,0.486,105,25,0.521,0.189,0.326,0.125,0.136,0.062,0.3,3,-0.099,False,False,False,,True
faltered,3,property_tax AND investment AND contestation,property_tax;investment;contestation,111,0.79,0.478,99,26,0.542,0.197,0.304,0.188,0.091,0.062,0.267,2,-0.099,False,False,False,,False
faltered,3,property_tax AND social AND contestation,property_tax;social;contestation,111,0.79,0.476,109,30,0.556,0.227,0.326,0.188,0.182,0.125,0.3,4,-0.099,False,False,False,,True
faltered,3,investment AND contestation AND balance,investment;contestation;balance,111,0.79,0.475,85,21,0.477,0.159,0.239,0.104,0.136,0.125,0.267,4,-0.099,False,False,False,,True
faltered,3,NOT education AND NOT extracurricular AND NOT small,education;extracurricular;small,000,0.79,0.459,88,23,0.511,0.174,0.239,0.208,0.0,0.125,0.233,3,-0.099,False,False,False,,True
faltered,3,autonomy AND investment AND NOT balance,autonomy;investment;balance,110,0.79,0.456,86,18,0.562,0.136,0.152,0.188,0.045,0.062,0.133,2,-0.099,False,False,False,,False
faltered,3,investment AND NOT social AND contestation,investment;social;contestation,101,0.79,0.448,74,19,0.514,0.144,0.109,0.229,0.091,0.062,0.1,3,-0.099,False,False,False,,True
faltered,3,autonomy AND NOT investment AND extracurricular,autonomy;investment;extracurricular,101,0.79,0.436,85,22,0.524,0.167,0.13,0.146,0.364,0.062,0.067,3,-0.099,False,False,False,,True
faltered,3,NOT autonomy AND extracurricular AND NOT small,autonomy;extracurricular;small,010,0.79,0.434,81,19,0.432,0.144,0.022,0.188,0.273,0.188,0.0,3,-0.099,False,False,False,,True
faltered,3,NOT local_tax_base AND single_tax AND contestation,local_tax_base;single_tax;contestation,011,0.79,0.433,79,19,0.528,0.144,0.152,0.125,0.182,0.125,0.2,4,-0.099,False,False,False,,True
faltered,3,NOT single_tax AND autonomy AND social,single_tax;autonomy;social,011,0.79,0.426,75,15,0.375,0.114,0.109,0.146,0.091,0.062,0.033,4,-0.099,False,False,False,,True
faltered,3,NOT social AND NOT culture AND balance,social;culture;balance,001,0.79,0.424,71,16,0.444,0.121,0.13,0.167,0.045,0.062,0.167,3,-0.099,False,False,False,,True
faltered,3,NOT property_tax AND NOT culture AND NOT extracurricular,property_tax;culture;extracurricular,000,0.79,0.417,79,20,0.465,0.152,0.13,0.229,0.0,0.188,0.2,3,-0.099,False,False,False,,True
faltered,3,NOT local_tax_base AND property_tax AND contestation,local_tax_base;property_tax;contestation,011,0.79,0.416,75,19,0.5,0.144,0.217,0.125,0.091,0.062,0.233,3,-0.099,False,False,False,,True
faltered,3,payroll_pit AND autonomy AND NOT investment,payroll_pit;autonomy;investment,110,0.79,0.411,80,23,0.575,0.174,0.13,0.188,0.273,0.125,0.1,4,-0.099,False,False,False,,True
faltered,3,local_tax_base AND NOT single_tax AND NOT social,local_tax_base;single_tax;social,100,0.79,0.404,67,19,0.528,0.144,0.109,0.229,0.045,0.125,0.133,3,-0.099,False,False,False,,True
faltered,3,NOT local_tax_base AND NOT single_tax AND payroll_pit,local_tax_base;single_tax;payroll_pit,001,0.79,0.403,61,16,0.516,0.121,0.13,0.125,0.136,0.062,0.1,4,-0.099,False,False,False,,True
faltered,3,NOT single_tax AND NOT social AND NOT contestation,single_tax;social;contestation,000,0.79,0.397,72,17,0.486,0.129,0.109,0.167,0.091,0.125,0.133,4,-0.099,False,False,False,,True
faltered,3,NOT single_tax AND investment AND NOT extracurricular,single_tax;investment;extracurricular,010,0.79,0.395,68,13,0.342,0.098,0.109,0.125,0.0,0.125,0.133,3,-0.099,False,False,False,,True
faltered,3,culture AND NOT contestation AND balance,culture;contestation;balance,101,0.79,0.395,66,19,0.475,0.144,0.196,0.062,0.136,0.25,0.167,3,-0.099,False,False,False,,True
faltered,3,NOT local_tax_base AND education AND contestation,local_tax_base;education;contestation,011,0.79,0.391,58,16,0.5,0.121,0.13,0.104,0.136,0.125,0.167,4,-0.099,False,False,False,,True
faltered,3,NOT local_tax_base AND autonomy AND NOT extracurricular,local_tax_base;autonomy;extracurricular,010,0.79,0.379,54,11,0.355,0.083,0.043,0.146,0.045,0.062,0.033,4,-0.099,False,False,False,,True
faltered,3,local_tax_base AND NOT education AND NOT small,local_tax_base;education;small,100,0.789,0.481,103,25,0.5,0.189,0.196,0.25,0.091,0.125,0.167,3,-0.1,False,False,False,,True
faltered,3,NOT payroll_pit AND investment AND NOT small,payroll_pit;investment;small,010,0.789,0.477,105,23,0.451,0.174,0.152,0.188,0.182,0.188,0.167,4,-0.1,False,False,False,,True
faltered,3,payroll_pit AND NOT education AND NOT small,payroll_pit;education;small,100,0.789,0.471,99,24,0.533,0.182,0.326,0.125,0.136,0.0,0.267,3,-0.1,False,False,False,,True
faltered,3,property_tax AND single_tax AND contestation,property_tax;single_tax;contestation,111,0.789,0.468,99,29,0.592,0.22,0.283,0.208,0.182,0.125,0.233,4,-0.1,False,False,False,,True
faltered,3,NOT local_tax_base AND single_tax AND balance,local_tax_base;single_tax;balance,011,0.789,0.445,92,27,0.551,0.205,0.239,0.146,0.182,0.312,0.233,4,-0.1,False,False,False,,True
faltered,3,autonomy AND NOT social AND contestation,autonomy;social;contestation,101,0.789,0.441,73,14,0.467,0.106,0.087,0.125,0.136,0.062,0.067,4,-0.1,False,False,False,,True
faltered,3,culture AND NOT education AND NOT small,culture;education;small,100,0.789,0.428,75,19,0.5,0.144,0.239,0.062,0.182,0.062,0.167,2,-0.1,False,False,False,,False
faltered,3,NOT property_tax AND autonomy AND balance,property_tax;autonomy;balance,011,0.789,0.426,74,18,0.409,0.136,0.152,0.125,0.136,0.125,0.1,4,-0.1,False,False,False,,True
faltered,3,autonomy AND NOT education AND NOT extracurricular,autonomy;education;extracurricular,100,0.789,0.425,71,17,0.486,0.129,0.196,0.146,0.0,0.062,0.2,2,-0.1,False,False,False,,False
faltered,3,NOT local_tax_base AND education AND balance,local_tax_base;education;balance,011,0.789,0.42,75,23,0.535,0.174,0.109,0.146,0.227,0.375,0.133,4,-0.1,False,False,False,,True
faltered,3,NOT local_tax_base AND NOT single_tax AND social,local_tax_base;single_tax;social,001,0.789,0.419,78,17,0.378,0.129,0.109,0.146,0.136,0.125,0.033,4,-0.1,False,False,False,,True
faltered,3,NOT single_tax AND contestation AND balance,single_tax;contestation;balance,011,0.789,0.412,65,13,0.382,0.098,0.13,0.083,0.091,0.062,0.133,4,-0.1,False,False,False,,True
faltered,3,autonomy AND investment AND small,autonomy;investment;small,111,0.789,0.399,71,17,0.5,0.129,0.152,0.125,0.091,0.125,0.2,4,-0.1,False,False,False,,True
faltered,3,single_tax AND social AND small,single_tax;social;small,111,0.789,0.398,73,19,0.514,0.144,0.152,0.083,0.182,0.25,0.167,4,-0.1,False,False,False,,True
faltered,3,NOT local_tax_base AND NOT social AND balance,local_tax_base;social;balance,001,0.789,0.395,60,12,0.387,0.091,0.109,0.083,0.136,0.0,0.1,3,-0.1,False,False,False,,True
faltered,3,culture AND education AND NOT contestation,culture;education;contestation,110,0.789,0.393,66,14,0.389,0.106,0.043,0.083,0.136,0.312,0.067,3,-0.1,False,False,False,,True
faltered,3,NOT autonomy AND NOT education AND balance,autonomy;education;balance,001,0.789,0.376,66,20,0.476,0.152,0.109,0.188,0.182,0.125,0.1,4,-0.1,False,False,False,,True
faltered,3,NOT single_tax AND culture AND balance,single_tax;culture;balance,011,0.789,0.375,49,10,0.312,0.076,0.109,0.0,0.182,0.062,0.1,3,-0.1,False,False,False,,True
faltered,3,NOT property_tax AND NOT extracurricular AND NOT balance,property_tax;extracurricular;balance,000,0.789,0.373,65,12,0.4,0.091,0.065,0.146,0.0,0.125,0.1,3,-0.1,False,False,False,,True
faltered,3,autonomy AND NOT extracurricular AND NOT contestation,autonomy;extracurricular;contestation,100,0.789,0.364,58,11,0.393,0.083,0.152,0.062,0.0,0.062,0.2,3,-0.1,False,False,False,,True
faltered,3,NOT local_tax_base AND payroll_pit AND small,local_tax_base;payroll_pit;small,011,0.789,0.358,51,15,0.556,0.114,0.065,0.146,0.136,0.125,0.1,4,-0.1,False,False,False,,True
faltered,3,NOT single_tax AND NOT investment AND NOT balance,single_tax;investment;balance,000,0.789,0.352,53,13,0.542,0.098,0.043,0.146,0.136,0.062,0.067,3,-0.1,False,False,False,,True
faltered,3,single_tax AND NOT extracurricular AND small,single_tax;extracurricular;small,101,0.789,0.351,64,14,0.5,0.106,0.087,0.104,0.136,0.125,0.133,4,-0.1,False,False,False,,True
faltered,3,NOT local_tax_base AND culture AND NOT extracurricular,local_tax_base;culture;extracurricular,010,0.789,0.338,40,9,0.409,0.068,0.043,0.083,0.091,0.062,0.033,4,-0.1,False,False,False,,True
faltered,3,investment AND social AND extracurricular,investment;social;extracurricular,111,0.788,0.507,110,26,0.491,0.197,0.283,0.104,0.227,0.188,0.233,4,-0.101,False,False,False,,True
faltered,3,single_tax AND contestation AND balance,single_tax;contestation;balance,111,0.788,0.475,104,29,0.547,0.22,0.261,0.188,0.182,0.25,0.267,4,-0.101,False,False,False,,True
faltered,3,local_tax_base AND NOT payroll_pit AND NOT small,local_tax_base;payroll_pit;small,100,0.788,0.467,98,24,0.5,0.182,0.174,0.208,0.182,0.125,0.167,4,-0.101,False,False,False,,True
faltered,3,social AND education AND extracurricular,social;education;extracurricular,111,0.788,0.464,91,28,0.596,0.212,0.174,0.188,0.227,0.375,0.167,4,-0.101,False,False,False,,True
faltered,3,autonomy AND NOT balance AND NOT small,autonomy;balance;small,100,0.788,0.455,83,17,0.586,0.129,0.152,0.104,0.227,0.0,0.133,3,-0.101,False,False,False,,True
faltered,3,autonomy AND NOT social AND extracurricular,autonomy;social;extracurricular,101,0.788,0.452,76,14,0.483,0.106,0.109,0.083,0.227,0.0,0.067,3,-0.101,False,False,False,,True
faltered,3,property_tax AND education AND extracurricular,property_tax;education;extracurricular,111,0.788,0.45,83,25,0.568,0.189,0.217,0.167,0.182,0.188,0.2,4,-0.101,False,False,False,,True
faltered,3,NOT payroll_pit AND investment AND NOT social,payroll_pit;investment;social,010,0.788,0.442,89,23,0.535,0.174,0.109,0.25,0.136,0.188,0.133,4,-0.101,False,False,False,,True
faltered,3,single_tax AND culture AND contestation,single_tax;culture;contestation,111,0.788,0.441,84,24,0.558,0.182,0.152,0.188,0.273,0.125,0.133,4,-0.101,False,False,False,,True
faltered,3,culture AND extracurricular AND contestation,culture;extracurricular;contestation,111,0.788,0.441,76,22,0.537,0.167,0.152,0.146,0.318,0.062,0.133,3,-0.101,False,False,False,,True
faltered,3,single_tax AND education AND contestation,single_tax;education;contestation,111,0.788,0.438,86,25,0.568,0.189,0.152,0.188,0.227,0.25,0.167,4,-0.101,False,False,False,,True
faltered,3,NOT local_tax_base AND payroll_pit AND NOT culture,local_tax_base;payroll_pit;culture,010,0.788,0.43,88,23,0.535,0.174,0.217,0.167,0.182,0.062,0.2,3,-0.101,False,False,False,,True
faltered,3,NOT local_tax_base AND NOT property_tax AND payroll_pit,local_tax_base;property_tax;payroll_pit,001,0.788,0.429,77,22,0.537,0.167,0.13,0.146,0.273,0.188,0.133,4,-0.101,False,False,False,,True
faltered,3,NOT local_tax_base AND NOT payroll_pit AND extracurricular,local_tax_base;payroll_pit;extracurricular,001,0.788,0.426,80,12,0.324,0.091,0.022,0.104,0.227,0.062,0.0,3,-0.101,False,False,False,,True
faltered,3,NOT single_tax AND NOT culture AND NOT contestation,single_tax;culture;contestation,000,0.788,0.413,84,23,0.548,0.174,0.13,0.229,0.182,0.125,0.133,4,-0.101,False,False,False,,True
faltered,3,NOT local_tax_base AND NOT investment AND balance,local_tax_base;investment;balance,001,0.788,0.408,77,20,0.488,0.152,0.087,0.188,0.136,0.25,0.033,4,-0.101,False,False,False,,True
faltered,3,NOT local_tax_base AND contestation AND NOT balance,local_tax_base;contestation;balance,010,0.788,0.407,71,17,0.5,0.129,0.109,0.188,0.136,0.0,0.133,3,-0.101,False,False,False,,True
faltered,3,property_tax AND investment AND small,property_tax;investment;small,111,0.788,0.401,77,18,0.462,0.136,0.152,0.146,0.136,0.062,0.2,3,-0.101,False,False,False,,True
faltered,3,NOT autonomy AND NOT education AND extracurricular,autonomy;education;extracurricular,001,0.788,0.399,69,16,0.39,0.121,0.043,0.146,0.227,0.125,0.033,3,-0.101,False,False,False,,True
faltered,3,NOT property_tax AND NOT autonomy AND balance,property_tax;autonomy;balance,001,0.788,0.394,73,23,0.523,0.174,0.109,0.167,0.182,0.375,0.133,4,-0.101,False,False,False,,True
faltered,3,NOT autonomy AND NOT investment AND NOT small,autonomy;investment;small,000,0.788,0.394,66,18,0.529,0.136,0.043,0.188,0.136,0.25,0.0,3,-0.101,False,False,False,,True
faltered,3,NOT autonomy AND NOT culture AND contestation,autonomy;culture;contestation,001,0.788,0.393,66,16,0.444,0.121,0.065,0.229,0.045,0.062,0.1,3,-0.101,False,False,False,,True
faltered,3,NOT payroll_pit AND NOT investment AND balance,payroll_pit;investment;balance,001,0.788,0.386,73,19,0.475,0.144,0.13,0.146,0.136,0.188,0.1,4,-0.101,False,False,False,,True
faltered,3,NOT payroll_pit AND NOT extracurricular AND NOT balance,payroll_pit;extracurricular;balance,000,0.788,0.382,70,15,0.455,0.114,0.109,0.167,0.0,0.125,0.133,3,-0.101,False,False,False,,True
faltered,3,NOT local_tax_base AND NOT autonomy AND NOT education,local_tax_base;autonomy;education,000,0.788,0.375,60,14,0.412,0.106,0.043,0.146,0.182,0.062,0.067,3,-0.101,False,False,False,,True
faltered,3,NOT local_tax_base AND NOT payroll_pit AND NOT investment,local_tax_base;payroll_pit;investment,000,0.788,0.372,58,10,0.37,0.076,0.043,0.104,0.091,0.062,0.033,4,-0.101,False,False,False,,True
faltered,3,NOT single_tax AND NOT autonomy AND balance,single_tax;autonomy;balance,001,0.788,0.372,58,16,0.444,0.121,0.043,0.167,0.182,0.125,0.033,3,-0.101,False,False,False,,True
faltered,3,payroll_pit AND education AND NOT extracurricular,payroll_pit;education;extracurricular,110,0.788,0.357,54,13,0.481,0.098,0.087,0.104,0.091,0.125,0.133,4,-0.101,False,False,False,,True
faltered,3,culture AND NOT contestation AND small,culture;contestation;small,101,0.788,0.355,53,11,0.367,0.083,0.043,0.062,0.091,0.25,0.067,4,-0.101,False,False,False,,True
faltered,3,NOT autonomy AND NOT education AND NOT balance,autonomy;education;balance,000,0.788,0.352,60,15,0.5,0.114,0.065,0.188,0.045,0.125,0.1,3,-0.101,False,False,False,,True
faltered,3,payroll_pit AND social AND NOT small,payroll_pit;social;small,110,0.787,0.505,120,34,0.576,0.258,0.326,0.229,0.182,0.25,0.3,4,-0.102,False,False,False,,True
faltered,3,single_tax AND extracurricular AND NOT small,single_tax;extracurricular;small,110,0.787,0.493,108,31,0.544,0.235,0.283,0.208,0.227,0.188,0.267,4,-0.102,False,False,False,,True
faltered,3,payroll_pit AND investment AND NOT small,payroll_pit;investment;small,110,0.787,0.489,101,25,0.51,0.189,0.326,0.146,0.091,0.062,0.3,2,-0.102,False,False,False,,False
faltered,3,property_tax AND single_tax AND balance,property_tax;single_tax;balance,111,0.787,0.477,103,30,0.577,0.227,0.326,0.167,0.182,0.188,0.3,4,-0.102,False,False,False,,True
faltered,3,single_tax AND investment AND extracurricular,single_tax;investment;extracurricular,111,0.787,0.475,90,22,0.5,0.167,0.217,0.146,0.136,0.125,0.233,4,-0.102,False,False,False,,True
faltered,3,NOT education AND contestation AND balance,education;contestation;balance,011,0.787,0.45,90,17,0.395,0.129,0.174,0.104,0.136,0.062,0.167,3,-0.102,False,False,False,,True
faltered,3,culture AND contestation AND NOT small,culture;contestation;small,110,0.787,0.433,71,15,0.417,0.114,0.087,0.125,0.182,0.062,0.067,4,-0.102,False,False,False,,True
faltered,3,NOT payroll_pit AND autonomy AND NOT culture,payroll_pit;autonomy;culture,010,0.787,0.43,66,11,0.423,0.083,0.109,0.062,0.045,0.125,0.1,4,-0.102,False,False,False,,True
faltered,3,NOT payroll_pit AND NOT contestation AND NOT small,payroll_pit;contestation;small,000,0.787,0.429,98,26,0.5,0.197,0.152,0.229,0.182,0.25,0.167,4,-0.102,False,False,False,,True
faltered,3,NOT property_tax AND NOT culture AND NOT contestation,property_tax;culture;contestation,000,0.787,0.417,90,21,0.457,0.159,0.13,0.167,0.182,0.188,0.133,4,-0.102,False,False,False,,True
faltered,3,investment AND NOT social AND NOT balance,investment;social;balance,100,0.787,0.416,81,18,0.514,0.136,0.087,0.229,0.045,0.125,0.067,3,-0.102,False,False,False,,True
faltered,3,NOT property_tax AND NOT single_tax AND social,property_tax;single_tax;social,001,0.787,0.411,69,12,0.308,0.091,0.043,0.083,0.136,0.188,0.0,3,-0.102,False,False,False,,True
faltered,3,NOT social AND contestation AND NOT balance,social;contestation;balance,010,0.787,0.405,77,18,0.514,0.136,0.065,0.208,0.182,0.062,0.033,2,-0.102,False,False,False,,False
faltered,3,NOT local_tax_base AND investment AND education,local_tax_base;investment;education,011,0.787,0.399,68,16,0.432,0.121,0.109,0.104,0.182,0.125,0.133,4,-0.102,False,False,False,,True
faltered,3,NOT single_tax AND autonomy AND NOT investment,single_tax;autonomy;investment,010,0.787,0.388,58,11,0.393,0.083,0.043,0.104,0.182,0.0,0.033,3,-0.102,False,False,False,,True
faltered,3,NOT local_tax_base AND NOT payroll_pit AND NOT autonomy,local_tax_base;payroll_pit;autonomy,000,0.787,0.385,73,16,0.432,0.121,0.043,0.146,0.227,0.125,0.067,3,-0.102,False,False,False,,True
faltered,3,payroll_pit AND social AND NOT extracurricular,payroll_pit;social;extracurricular,110,0.787,0.381,62,14,0.452,0.106,0.087,0.125,0.091,0.125,0.133,4,-0.102,False,False,False,,True
faltered,3,NOT single_tax AND NOT contestation AND balance,single_tax;contestation;balance,001,0.787,0.378,70,18,0.4,0.136,0.109,0.125,0.227,0.125,0.067,4,-0.102,False,False,False,,True
faltered,3,NOT autonomy AND NOT social AND NOT balance,autonomy;social;balance,000,0.787,0.367,67,16,0.5,0.121,0.065,0.188,0.091,0.125,0.1,4,-0.102,False,False,False,,True
faltered,3,NOT property_tax AND NOT investment AND NOT balance,property_tax;investment;balance,000,0.787,0.35,51,9,0.409,0.068,0.022,0.062,0.182,0.062,0.033,3,-0.102,False,False,False,,True
faltered,3,single_tax AND social AND extracurricular,single_tax;social;extracurricular,111,0.786,0.504,112,37,0.617,0.28,0.348,0.208,0.273,0.312,0.333,4,-0.103,False,False,False,,True
faltered,3,property_tax AND autonomy AND NOT small,property_tax;autonomy;small,110,0.786,0.502,110,28,0.549,0.212,0.348,0.167,0.136,0.062,0.3,3,-0.103,False,False,False,,True
faltered,3,property_tax AND single_tax AND extracurricular,property_tax;single_tax;extracurricular,111,0.786,0.482,100,30,0.577,0.227,0.326,0.167,0.182,0.188,0.267,4,-0.103,False,False,False,,True
faltered,3,single_tax AND investment AND balance,single_tax;investment;balance,111,0.786,0.477,99,27,0.529,0.205,0.304,0.146,0.136,0.188,0.367,4,-0.103,False,False,False,,True
faltered,3,property_tax AND contestation AND balance,property_tax;contestation;balance,111,0.786,0.46,103,27,0.509,0.205,0.304,0.146,0.182,0.125,0.3,4,-0.103,False,False,False,,True
faltered,3,NOT local_tax_base AND payroll_pit AND NOT education,local_tax_base;payroll_pit;education,010,0.786,0.441,93,23,0.523,0.174,0.304,0.125,0.136,0.0,0.267,3,-0.103,False,False,False,,True
faltered,3,NOT social AND NOT education AND balance,social;education;balance,001,0.786,0.432,82,20,0.435,0.152,0.196,0.167,0.091,0.062,0.2,3,-0.103,False,False,False,,True
faltered,3,local_tax_base AND NOT property_tax AND NOT payroll_pit,local_tax_base;property_tax;payroll_pit,100,0.786,0.43,86,20,0.455,0.152,0.13,0.167,0.045,0.312,0.167,3,-0.103,False,False,False,,True
faltered,3,NOT payroll_pit AND NOT culture AND balance,payroll_pit;culture;balance,001,0.786,0.43,90,22,0.458,0.167,0.13,0.208,0.091,0.25,0.167,4,-0.103,False,False,False,,True
faltered,3,culture AND education AND contestation,culture;education;contestation,111,0.786,0.421,75,23,0.561,0.174,0.152,0.188,0.227,0.125,0.167,4,-0.103,False,False,False,,True
faltered,3,NOT payroll_pit AND NOT social AND NOT extracurricular,payroll_pit;social;extracurricular,000,0.786,0.415,81,24,0.558,0.182,0.196,0.229,0.045,0.188,0.233,3,-0.103,False,False,False,,True
faltered,3,NOT property_tax AND NOT payroll_pit AND NOT extracurricular,property_tax;payroll_pit;extracurricular,000,0.786,0.41,87,22,0.478,0.167,0.174,0.188,0.045,0.25,0.2,3,-0.103,False,False,False,,True
faltered,3,autonomy AND social AND NOT extracurricular,autonomy;social;extracurricular,110,0.786,0.41,67,13,0.382,0.098,0.13,0.104,0.045,0.062,0.167,3,-0.103,False,False,False,,True
faltered,3,NOT local_tax_base AND NOT payroll_pit AND NOT social,local_tax_base;payroll_pit;social,000,0.786,0.407,77,13,0.394,0.098,0.065,0.125,0.136,0.062,0.067,4,-0.103,False,False,False,,True
faltered,3,NOT autonomy AND NOT culture AND extracurricular,autonomy;culture;extracurricular,001,0.786,0.407,70,12,0.353,0.091,0.022,0.125,0.136,0.125,0.033,3,-0.103,False,False,False,,True
faltered,3,NOT payroll_pit AND NOT autonomy AND balance,payroll_pit;autonomy;balance,001,0.786,0.399,77,25,0.532,0.189,0.13,0.208,0.227,0.25,0.133,4,-0.103,False,False,False,,True
faltered,3,NOT single_tax AND NOT investment AND contestation,single_tax;investment;contestation,001,0.786,0.398,67,14,0.412,0.106,0.065,0.167,0.136,0.0,0.067,3,-0.103,False,False,False,,True
faltered,3,NOT single_tax AND culture AND NOT small,single_tax;culture;small,010,0.786,0.396,55,8,0.296,0.061,0.065,0.0,0.182,0.062,0.033,3,-0.103,False,False,False,,True
faltered,3,NOT single_tax AND NOT extracurricular AND contestation,single_tax;extracurricular;contestation,001,0.786,0.39,56,15,0.429,0.114,0.087,0.208,0.0,0.062,0.1,3,-0.103,False,False,False,,True
faltered,3,payroll_pit AND investment AND small,payroll_pit;investment;small,111,0.786,0.388,71,18,0.514,0.136,0.13,0.146,0.182,0.062,0.167,3,-0.103,False,False,False,,True
faltered,3,property_tax AND culture AND NOT contestation,property_tax;culture;contestation,110,0.786,0.385,66,14,0.412,0.106,0.13,0.062,0.091,0.188,0.133,4,-0.103,False,False,False,,True
faltered,3,payroll_pit AND balance AND NOT small,payroll_pit;balance;small,110,0.785,0.488,108,29,0.5,0.22,0.304,0.188,0.091,0.25,0.267,3,-0.104,False,False,False,,True
faltered,3,local_tax_base AND property_tax AND autonomy,local_tax_base;property_tax;autonomy,111,0.785,0.466,94,24,0.6,0.182,0.261,0.167,0.182,0.0,0.267,3,-0.104,False,False,False,,True
faltered,3,NOT property_tax AND NOT payroll_pit AND investment,property_tax;payroll_pit;investment,001,0.785,0.445,101,20,0.408,0.152,0.109,0.146,0.182,0.25,0.133,4,-0.104,False,False,False,,True
faltered,3,investment AND culture AND extracurricular,investment;culture;extracurricular,111,0.785,0.44,75,18,0.462,0.136,0.13,0.125,0.182,0.125,0.133,4,-0.104,False,False,False,,True
faltered,3,property_tax AND culture AND contestation,property_tax;culture;contestation,111,0.785,0.437,92,27,0.551,0.205,0.239,0.188,0.227,0.125,0.267,4,-0.104,False,False,False,,True
faltered,3,NOT culture AND NOT education AND NOT contestation,culture;education;contestation,000,0.785,0.426,91,23,0.479,0.174,0.174,0.229,0.091,0.125,0.2,4,-0.104,False,False,False,,True
faltered,3,local_tax_base AND NOT payroll_pit AND NOT autonomy,local_tax_base;payroll_pit;autonomy,100,0.785,0.418,86,26,0.52,0.197,0.152,0.25,0.091,0.312,0.167,3,-0.104,False,False,False,,True
faltered,3,NOT property_tax AND NOT social AND balance,property_tax;social;balance,001,0.785,0.413,78,20,0.455,0.152,0.152,0.167,0.136,0.125,0.133,4,-0.104,False,False,False,,True
faltered,3,autonomy AND NOT investment AND NOT education,autonomy;investment;education,100,0.785,0.412,78,17,0.459,0.129,0.13,0.125,0.227,0.0,0.1,3,-0.104,False,False,False,,True
faltered,3,NOT local_tax_base AND autonomy AND NOT contestation,local_tax_base;autonomy;contestation,010,0.785,0.408,80,21,0.477,0.159,0.217,0.104,0.182,0.125,0.133,4,-0.104,False,False,False,,True
faltered,3,NOT single_tax AND NOT social AND balance,single_tax;social;balance,001,0.785,0.405,64,16,0.432,0.121,0.152,0.146,0.091,0.0,0.167,3,-0.104,False,False,False,,True
faltered,3,NOT culture AND NOT extracurricular AND NOT balance,culture;extracurricular;balance,000,0.785,0.4,76,21,0.538,0.159,0.109,0.292,0.0,0.125,0.1,3,-0.104,False,False,False,,True
faltered,3,NOT autonomy AND NOT education AND contestation,autonomy;education;contestation,001,0.785,0.385,67,19,0.514,0.144,0.109,0.229,0.136,0.0,0.1,3,-0.104,False,False,False,,True
faltered,3,NOT single_tax AND autonomy AND NOT extracurricular,single_tax;autonomy;extracurricular,010,0.785,0.377,51,10,0.312,0.076,0.087,0.104,0.0,0.062,0.1,3,-0.104,False,False,False,,True
faltered,3,NOT autonomy AND NOT investment AND NOT social,autonomy;investment;social,000,0.785,0.372,61,14,0.452,0.106,0.087,0.146,0.045,0.125,0.1,3,-0.104,False,False,False,,True
faltered,3,investment AND extracurricular AND contestation,investment;extracurricular;contestation,111,0.784,0.515,111,26,0.51,0.197,0.239,0.167,0.227,0.125,0.233,4,-0.105,False,False,False,,True
faltered,3,single_tax AND investment AND social,single_tax;investment;social,111,0.784,0.487,102,27,0.54,0.205,0.326,0.104,0.227,0.125,0.4,4,-0.105,False,False,False,,True
faltered,3,payroll_pit AND autonomy AND NOT culture,payroll_pit;autonomy;culture,110,0.784,0.452,100,29,0.604,0.22,0.261,0.229,0.227,0.062,0.2,3,-0.105,False,False,False,,True
faltered,3,NOT social AND extracurricular AND contestation,social;extracurricular;contestation,011,0.784,0.448,81,15,0.429,0.114,0.065,0.104,0.273,0.062,0.1,4,-0.105,False,False,False,,True
faltered,3,NOT property_tax AND autonomy AND contestation,property_tax;autonomy;contestation,011,0.784,0.441,74,11,0.355,0.083,0.022,0.083,0.136,0.188,0.033,3,-0.105,False,False,False,,True
faltered,3,autonomy AND NOT investment AND NOT small,autonomy;investment;small,100,0.784,0.437,88,20,0.465,0.152,0.13,0.146,0.273,0.062,0.1,3,-0.105,False,False,False,,True
faltered,3,autonomy AND education AND contestation,autonomy;education;contestation,111,0.784,0.419,73,21,0.512,0.159,0.152,0.188,0.136,0.125,0.167,4,-0.105,False,False,False,,True
faltered,3,local_tax_base AND NOT single_tax AND NOT culture,local_tax_base;single_tax;culture,100,0.784,0.418,78,18,0.474,0.136,0.043,0.271,0.045,0.125,0.067,2,-0.105,False,False,False,,False
faltered,3,NOT property_tax AND NOT autonomy AND extracurricular,property_tax;autonomy;extracurricular,001,0.784,0.416,76,16,0.39,0.121,0.022,0.104,0.227,0.312,0.033,3,-0.105,False,False,False,,True
faltered,3,NOT payroll_pit AND NOT culture AND NOT contestation,payroll_pit;culture;contestation,000,0.784,0.41,87,21,0.488,0.159,0.152,0.188,0.091,0.188,0.2,4,-0.105,False,False,False,,True
faltered,3,single_tax AND autonomy AND small,single_tax;autonomy;small,111,0.784,0.406,75,18,0.562,0.136,0.152,0.125,0.136,0.125,0.167,4,-0.105,False,False,False,,True
faltered,3,NOT single_tax AND NOT autonomy AND extracurricular,single_tax;autonomy;extracurricular,001,0.784,0.402,72,15,0.385,0.114,0.022,0.125,0.227,0.188,0.033,3,-0.105,False,False,False,,True
faltered,3,single_tax AND autonomy AND NOT extracurricular,single_tax;autonomy;extracurricular,110,0.784,0.399,69,15,0.536,0.114,0.174,0.104,0.045,0.062,0.2,3,-0.105,False,False,False,,True
faltered,3,investment AND culture AND small,investment;culture;small,111,0.784,0.386,67,17,0.459,0.129,0.13,0.125,0.182,0.062,0.167,3,-0.105,False,False,False,,True
faltered,3,NOT local_tax_base AND NOT social AND NOT balance,local_tax_base;social;balance,000,0.784,0.378,65,13,0.481,0.098,0.043,0.146,0.136,0.062,0.067,3,-0.105,False,False,False,,True
faltered,3,education AND extracurricular AND balance,education;extracurricular;balance,111,0.783,0.458,83,27,0.587,0.205,0.152,0.188,0.227,0.375,0.133,4,-0.106,False,False,False,,True
faltered,3,property_tax AND culture AND extracurricular,property_tax;culture;extracurricular,111,0.783,0.454,90,28,0.56,0.212,0.261,0.167,0.227,0.188,0.233,4,-0.106,False,False,False,,True
faltered,3,social AND culture AND NOT small,social;culture;small,110,0.783,0.451,89,22,0.5,0.167,0.174,0.125,0.227,0.188,0.133,4,-0.106,False,False,False,,True
faltered,3,autonomy AND education AND extracurricular,autonomy;education;extracurricular,111,0.783,0.445,82,25,0.568,0.189,0.152,0.188,0.273,0.188,0.133,4,-0.106,False,False,False,,True
faltered,3,local_tax_base AND NOT social AND NOT culture,local_tax_base;social;culture,100,0.783,0.435,88,24,0.558,0.182,0.152,0.292,0.045,0.125,0.133,3,-0.106,False,False,False,,True
faltered,3,NOT single_tax AND NOT extracurricular AND NOT small,single_tax;extracurricular;small,000,0.783,0.423,71,15,0.405,0.114,0.109,0.188,0.0,0.062,0.1,3,-0.106,False,False,False,,True
faltered,3,NOT local_tax_base AND investment AND NOT social,local_tax_base;investment;social,010,0.783,0.419,69,16,0.432,0.121,0.087,0.146,0.182,0.062,0.133,4,-0.106,False,False,False,,True
faltered,3,autonomy AND NOT contestation AND balance,autonomy;contestation;balance,101,0.783,0.417,82,24,0.511,0.182,0.304,0.104,0.182,0.062,0.267,3,-0.106,False,False,False,,True
faltered,3,NOT local_tax_base AND NOT property_tax AND NOT contestation,local_tax_base;property_tax;contestation,000,0.783,0.413,94,24,0.462,0.182,0.174,0.104,0.318,0.25,0.133,4,-0.106,False,False,False,,True
faltered,3,NOT investment AND NOT social AND extracurricular,investment;social;extracurricular,001,0.783,0.405,74,14,0.424,0.106,0.087,0.062,0.227,0.125,0.033,4,-0.106,False,False,False,,True
faltered,3,NOT single_tax AND autonomy AND NOT balance,single_tax;autonomy;balance,010,0.783,0.393,65,12,0.48,0.091,0.022,0.146,0.136,0.062,0.0,3,-0.106,False,False,False,,True
faltered,3,payroll_pit AND social AND small,payroll_pit;social;small,111,0.783,0.393,76,22,0.55,0.167,0.174,0.146,0.182,0.188,0.2,4,-0.106,False,False,False,,True
faltered,3,investment AND education AND small,investment;education;small,111,0.783,0.389,76,19,0.463,0.144,0.13,0.146,0.227,0.062,0.167,3,-0.106,False,False,False,,True
faltered,3,culture AND NOT extracurricular AND NOT contestation,culture;extracurricular;contestation,100,0.783,0.334,47,9,0.391,0.068,0.065,0.042,0.091,0.125,0.067,4,-0.106,False,False,False,,True
faltered,3,property_tax AND extracurricular AND balance,property_tax;extracurricular;balance,111,0.782,0.475,103,29,0.569,0.22,0.304,0.167,0.227,0.125,0.233,4,-0.107,False,False,False,,True
faltered,3,property_tax AND investment AND balance,property_tax;investment;balance,111,0.782,0.465,98,25,0.51,0.189,0.326,0.125,0.091,0.125,0.367,3,-0.107,False,False,False,,True
faltered,3,NOT payroll_pit AND NOT social AND contestation,payroll_pit;social;contestation,001,0.782,0.446,90,21,0.477,0.159,0.109,0.208,0.182,0.125,0.1,4,-0.107,False,False,False,,True
faltered,3,NOT property_tax AND investment AND NOT social,property_tax;investment;social,010,0.782,0.445,94,21,0.477,0.159,0.087,0.208,0.182,0.188,0.133,4,-0.107,False,False,False,,True
faltered,3,NOT single_tax AND investment AND contestation,single_tax;investment;contestation,011,0.782,0.441,85,17,0.415,0.129,0.13,0.146,0.091,0.125,0.133,4,-0.107,False,False,False,,True
faltered,3,payroll_pit AND education AND contestation,payroll_pit;education;contestation,111,0.782,0.438,85,26,0.591,0.197,0.217,0.188,0.182,0.188,0.233,4,-0.107,False,False,False,,True
faltered,3,NOT investment AND extracurricular AND contestation,investment;extracurricular;contestation,011,0.782,0.429,85,18,0.45,0.136,0.109,0.104,0.273,0.125,0.1,4,-0.107,False,False,False,,True
faltered,3,NOT payroll_pit AND NOT culture AND NOT extracurricular,payroll_pit;culture;extracurricular,000,0.782,0.425,85,24,0.522,0.182,0.174,0.271,0.0,0.188,0.233,3,-0.107,False,False,False,,True
faltered,3,NOT autonomy AND NOT social AND NOT small,autonomy;social;small,000,0.782,0.422,83,21,0.5,0.159,0.065,0.271,0.136,0.125,0.067,3,-0.107,False,False,False,,True
faltered,3,NOT local_tax_base AND autonomy AND NOT balance,local_tax_base;autonomy;balance,010,0.782,0.416,75,15,0.455,0.114,0.087,0.125,0.182,0.062,0.1,4,-0.107,False,False,False,,True
faltered,3,NOT single_tax AND payroll_pit AND autonomy,single_tax;payroll_pit;autonomy,011,0.782,0.409,69,16,0.516,0.121,0.109,0.167,0.136,0.0,0.067,3,-0.107,False,False,False,,True
faltered,3,NOT local_tax_base AND NOT investment AND NOT culture,local_tax_base;investment;culture,000,0.782,0.395,71,17,0.531,0.129,0.043,0.208,0.136,0.125,0.033,3,-0.107,False,False,False,,True
faltered,3,single_tax AND payroll_pit AND NOT extracurricular,single_tax;payroll_pit;extracurricular,110,0.782,0.383,68,17,0.548,0.129,0.152,0.125,0.091,0.125,0.2,4,-0.107,False,False,False,,True
faltered,3,NOT local_tax_base AND NOT investment AND NOT social,local_tax_base;investment;social,000,0.782,0.374,56,9,0.429,0.068,0.065,0.083,0.091,0.0,0.033,3,-0.107,False,False,False,,True
faltered,3,single_tax AND autonomy AND NOT small,single_tax;autonomy;small,110,0.781,0.506,115,32,0.552,0.242,0.348,0.208,0.182,0.125,0.333,4,-0.108,False,False,False,,True
faltered,3,investment AND balance AND NOT small,investment;balance;small,110,0.781,0.5,111,28,0.444,0.212,0.304,0.146,0.182,0.188,0.3,4,-0.108,False,False,False,,True
faltered,3,single_tax AND extracurricular AND contestation,single_tax;extracurricular;contestation,111,0.781,0.477,100,28,0.549,0.212,0.239,0.167,0.273,0.188,0.233,4,-0.108,False,False,False,,True
faltered,3,investment AND NOT social AND NOT small,investment;social;small,100,0.781,0.477,95,23,0.5,0.174,0.152,0.25,0.091,0.125,0.167,4,-0.108,False,False,False,,True
faltered,3,culture AND extracurricular AND NOT small,culture;extracurricular;small,110,0.781,0.461,94,26,0.491,0.197,0.196,0.146,0.318,0.188,0.167,4,-0.108,False,False,False,,True
faltered,3,NOT education AND NOT contestation AND NOT small,education;contestation;small,000,0.781,0.459,117,33,0.524,0.25,0.326,0.229,0.182,0.188,0.3,4,-0.108,False,False,False,,True
faltered,3,NOT local_tax_base AND single_tax AND extracurricular,local_tax_base;single_tax;extracurricular,011,0.781,0.457,94,26,0.52,0.197,0.261,0.125,0.182,0.25,0.267,4,-0.108,False,False,False,,True
faltered,3,culture AND contestation AND balance,culture;contestation;balance,111,0.781,0.454,90,27,0.54,0.205,0.239,0.167,0.273,0.125,0.233,4,-0.108,False,False,False,,True
faltered,3,NOT social AND extracurricular AND balance,social;extracurricular;balance,011,0.781,0.439,75,16,0.421,0.121,0.109,0.146,0.136,0.062,0.1,4,-0.108,False,False,False,,True
faltered,3,autonomy AND NOT culture AND NOT balance,autonomy;culture;balance,100,0.781,0.435,88,23,0.657,0.174,0.174,0.208,0.182,0.062,0.133,3,-0.108,False,False,False,,True
faltered,3,NOT payroll_pit AND extracurricular AND balance,payroll_pit;extracurricular;balance,011,0.781,0.434,87,19,0.388,0.144,0.065,0.146,0.273,0.188,0.033,3,-0.108,False,False,False,,True
faltered,3,NOT local_tax_base AND NOT culture AND balance,local_tax_base;culture;balance,001,0.781,0.427,92,19,0.396,0.144,0.152,0.125,0.136,0.188,0.1,4,-0.108,False,False,False,,True
faltered,3,NOT property_tax AND NOT education AND NOT extracurricular,property_tax;education;extracurricular,000,0.781,0.424,84,22,0.489,0.167,0.196,0.208,0.0,0.188,0.233,3,-0.108,False,False,False,,True
faltered,3,NOT local_tax_base AND single_tax AND education,local_tax_base;single_tax;education,011,0.781,0.416,78,20,0.465,0.152,0.065,0.146,0.182,0.375,0.1,3,-0.108,False,False,False,,True
faltered,3,NOT investment AND NOT education AND contestation,investment;education;contestation,001,0.781,0.413,82,17,0.425,0.129,0.087,0.188,0.182,0.0,0.067,3,-0.108,False,False,False,,True
faltered,3,NOT local_tax_base AND NOT culture AND NOT balance,local_tax_base;culture;balance,000,0.781,0.41,81,20,0.571,0.152,0.13,0.188,0.182,0.062,0.167,3,-0.108,False,False,False,,True
faltered,3,NOT payroll_pit AND NOT investment AND extracurricular,payroll_pit;investment;extracurricular,001,0.781,0.406,80,16,0.4,0.121,0.065,0.083,0.227,0.25,0.033,4,-0.108,False,False,False,,True
faltered,3,NOT local_tax_base AND NOT investment AND contestation,local_tax_base;investment;contestation,001,0.781,0.402,67,12,0.414,0.091,0.022,0.167,0.091,0.062,0.033,3,-0.108,False,False,False,,True
faltered,3,NOT local_tax_base AND property_tax AND culture,local_tax_base;property_tax;culture,011,0.781,0.399,69,17,0.436,0.129,0.152,0.104,0.091,0.188,0.167,4,-0.108,False,False,False,,True
faltered,3,NOT property_tax AND NOT autonomy AND contestation,property_tax;autonomy;contestation,001,0.781,0.395,72,18,0.474,0.136,0.109,0.188,0.136,0.062,0.133,3,-0.108,False,False,False,,True
faltered,3,NOT social AND NOT extracurricular AND NOT balance,social;extracurricular;balance,000,0.781,0.388,72,18,0.545,0.136,0.109,0.229,0.0,0.125,0.1,3,-0.108,False,False,False,,True
faltered,3,NOT single_tax AND NOT autonomy AND contestation,single_tax;autonomy;contestation,001,0.781,0.383,66,17,0.472,0.129,0.087,0.208,0.136,0.0,0.1,3,-0.108,False,False,False,,True
faltered,3,NOT single_tax AND autonomy AND culture,single_tax;autonomy;culture,011,0.781,0.365,49,6,0.231,0.045,0.065,0.021,0.091,0.0,0.067,2,-0.108,False,False,False,,False
faltered,3,NOT autonomy AND NOT culture AND NOT balance,autonomy;culture;balance,000,0.781,0.359,66,13,0.419,0.098,0.043,0.188,0.045,0.062,0.067,2,-0.108,False,False,False,,False
faltered,3,education AND NOT extracurricular AND small,education;extracurricular;small,101,0.781,0.335,63,13,0.394,0.098,0.087,0.083,0.136,0.125,0.133,4,-0.108,False,False,False,,True
faltered,3,social AND NOT education AND NOT small,social;education;small,100,0.78,0.516,127,30,0.469,0.227,0.326,0.146,0.273,0.125,0.267,4,-0.109,False,False,False,,True
faltered,3,property_tax AND investment AND social,property_tax;investment;social,111,0.78,0.483,117,28,0.509,0.212,0.326,0.146,0.182,0.125,0.333,4,-0.109,False,False,False,,True
faltered,3,single_tax AND education AND balance,single_tax;education;balance,111,0.78,0.47,98,31,0.574,0.235,0.196,0.208,0.227,0.438,0.233,4,-0.109,False,False,False,,True
faltered,3,culture AND balance AND NOT small,culture;balance;small,110,0.78,0.465,98,29,0.492,0.22,0.261,0.167,0.227,0.25,0.2,4,-0.109,False,False,False,,True
faltered,3,NOT single_tax AND social AND NOT small,single_tax;social;small,010,0.78,0.46,99,18,0.36,0.136,0.087,0.125,0.227,0.188,0.0,4,-0.109,False,False,False,,True
faltered,3,NOT payroll_pit AND autonomy AND NOT education,payroll_pit;autonomy;education,010,0.78,0.453,85,15,0.395,0.114,0.152,0.083,0.091,0.125,0.133,4,-0.109,False,False,False,,True
faltered,3,autonomy AND investment AND NOT social,autonomy;investment;social,110,0.78,0.451,82,16,0.432,0.121,0.152,0.146,0.045,0.062,0.167,3,-0.109,False,False,False,,True
faltered,3,local_tax_base AND NOT payroll_pit AND NOT social,local_tax_base;payroll_pit;social,100,0.78,0.445,95,28,0.549,0.212,0.174,0.292,0.091,0.25,0.2,3,-0.109,False,False,False,,True
faltered,3,NOT single_tax AND social AND NOT education,single_tax;social;education,010,0.78,0.439,89,17,0.347,0.129,0.087,0.146,0.182,0.125,0.033,4,-0.109,False,False,False,,True
faltered,3,NOT single_tax AND NOT contestation AND NOT small,single_tax;contestation;small,000,0.78,0.436,96,24,0.48,0.182,0.13,0.208,0.227,0.188,0.1,4,-0.109,False,False,False,,True
faltered,3,autonomy AND investment AND NOT extracurricular,autonomy;investment;extracurricular,110,0.78,0.433,84,18,0.419,0.136,0.217,0.125,0.045,0.062,0.233,2,-0.109,False,False,False,,False
faltered,3,payroll_pit AND autonomy AND NOT contestation,payroll_pit;autonomy;contestation,110,0.78,0.421,85,23,0.575,0.174,0.239,0.125,0.182,0.125,0.2,4,-0.109,False,False,False,,True
faltered,3,NOT payroll_pit AND NOT autonomy AND contestation,payroll_pit;autonomy;contestation,001,0.78,0.403,81,22,0.489,0.167,0.13,0.229,0.182,0.062,0.133,3,-0.109,False,False,False,,True
faltered,3,payroll_pit AND culture AND NOT contestation,payroll_pit;culture;contestation,110,0.78,0.395,70,19,0.528,0.144,0.196,0.083,0.091,0.25,0.2,4,-0.109,False,False,False,,True
faltered,3,NOT payroll_pit AND contestation AND NOT balance,payroll_pit;contestation;balance,010,0.78,0.391,71,14,0.412,0.106,0.043,0.167,0.136,0.062,0.033,3,-0.109,False,False,False,,True
faltered,3,NOT single_tax AND NOT investment AND balance,single_tax;investment;balance,001,0.78,0.389,70,16,0.41,0.121,0.087,0.146,0.136,0.125,0.067,4,-0.109,False,False,False,,True
faltered,3,autonomy AND education AND small,autonomy;education;small,111,0.78,0.385,69,17,0.486,0.129,0.152,0.104,0.136,0.125,0.167,4,-0.109,False,False,False,,True
faltered,3,single_tax AND culture AND NOT extracurricular,single_tax;culture;extracurricular,110,0.78,0.372,61,14,0.519,0.106,0.087,0.083,0.136,0.188,0.133,4,-0.109,False,False,False,,True
faltered,3,property_tax AND NOT extracurricular AND small,property_tax;extracurricular;small,101,0.78,0.353,69,17,0.486,0.129,0.13,0.146,0.091,0.125,0.2,4,-0.109,False,False,False,,True
faltered,3,social AND extracurricular AND contestation,social;extracurricular;contestation,111,0.779,0.517,115,29,0.518,0.22,0.283,0.167,0.227,0.188,0.233,4,-0.11,False,False,False,,True
faltered,3,NOT local_tax_base AND investment AND social,local_tax_base;investment;social,011,0.779,0.47,105,24,0.436,0.182,0.304,0.062,0.182,0.188,0.267,3,-0.11,False,False,False,,True
faltered,3,autonomy AND NOT education AND balance,autonomy;education;balance,101,0.779,0.466,107,22,0.415,0.167,0.348,0.062,0.091,0.062,0.3,2,-0.11,False,False,False,,False
faltered,3,local_tax_base AND NOT culture AND NOT education,local_tax_base;culture;education,100,0.779,0.458,96,26,0.553,0.197,0.174,0.312,0.045,0.125,0.2,3,-0.11,False,False,False,,True
faltered,3,NOT payroll_pit AND NOT social AND extracurricular,payroll_pit;social;extracurricular,001,0.779,0.451,91,17,0.415,0.129,0.043,0.188,0.182,0.125,0.033,3,-0.11,False,False,False,,True
faltered,3,property_tax AND education AND balance,property_tax;education;balance,111,0.779,0.448,90,26,0.52,0.197,0.239,0.167,0.182,0.188,0.267,4,-0.11,False,False,False,,True
faltered,3,NOT property_tax AND NOT contestation AND NOT small,property_tax;contestation;small,000,0.779,0.441,111,29,0.483,0.22,0.196,0.188,0.227,0.375,0.167,4,-0.11,False,False,False,,True
faltered,3,NOT payroll_pit AND NOT education AND NOT extracurricular,payroll_pit;education;extracurricular,000,0.779,0.435,91,27,0.551,0.205,0.261,0.25,0.0,0.188,0.3,3,-0.11,False,False,False,,True
faltered,3,NOT social AND NOT education AND NOT extracurricular,social;education;extracurricular,000,0.779,0.428,81,26,0.591,0.197,0.217,0.271,0.0,0.188,0.233,3,-0.11,False,False,False,,True
faltered,3,NOT local_tax_base AND single_tax AND culture,local_tax_base;single_tax;culture,011,0.779,0.418,77,24,0.545,0.182,0.174,0.146,0.227,0.25,0.167,4,-0.11,False,False,False,,True
faltered,3,NOT payroll_pit AND NOT education AND NOT contestation,payroll_pit;education;contestation,000,0.779,0.412,98,25,0.455,0.189,0.174,0.208,0.136,0.25,0.2,4,-0.11,False,False,False,,True
faltered,3,NOT property_tax AND NOT single_tax AND NOT contestation,property_tax;single_tax;contestation,000,0.779,0.409,91,20,0.417,0.152,0.13,0.104,0.227,0.25,0.1,4,-0.11,False,False,False,,True
faltered,3,investment AND culture AND NOT contestation,investment;culture;contestation,110,0.779,0.384,70,15,0.429,0.114,0.13,0.083,0.136,0.125,0.133,4,-0.11,False,False,False,,True
faltered,3,social AND balance AND NOT small,social;balance;small,110,0.778,0.514,133,38,0.507,0.288,0.304,0.208,0.318,0.438,0.233,4,-0.111,False,False,False,,True
faltered,3,property_tax AND single_tax AND investment,property_tax;single_tax;investment,111,0.778,0.485,107,28,0.549,0.212,0.326,0.167,0.136,0.125,0.333,4,-0.111,False,False,False,,True
faltered,3,single_tax AND culture AND extracurricular,single_tax;culture;extracurricular,111,0.778,0.467,96,33,0.6,0.25,0.261,0.229,0.273,0.25,0.2,4,-0.111,False,False,False,,True
faltered,3,NOT payroll_pit AND investment AND NOT culture,payroll_pit;investment;culture,010,0.778,0.457,101,22,0.44,0.167,0.13,0.229,0.091,0.188,0.167,4,-0.111,False,False,False,,True
faltered,3,NOT social AND balance AND NOT small,social;balance;small,010,0.778,0.446,85,19,0.396,0.144,0.174,0.188,0.045,0.062,0.167,2,-0.111,False,False,False,,False
faltered,3,NOT investment AND extracurricular AND balance,investment;extracurricular;balance,011,0.778,0.44,100,29,0.509,0.22,0.174,0.208,0.273,0.312,0.1,4,-0.111,False,False,False,,True
faltered,3,local_tax_base AND NOT single_tax AND NOT education,local_tax_base;single_tax;education,100,0.778,0.433,91,22,0.489,0.167,0.109,0.25,0.091,0.188,0.133,4,-0.111,False,False,False,,True
faltered,3,NOT local_tax_base AND culture AND NOT small,local_tax_base;culture;small,010,0.778,0.427,83,20,0.435,0.152,0.196,0.083,0.182,0.188,0.167,4,-0.111,False,False,False,,True
faltered,3,autonomy AND investment AND NOT contestation,autonomy;investment;contestation,110,0.778,0.424,85,17,0.436,0.129,0.217,0.083,0.091,0.062,0.233,3,-0.111,False,False,False,,True
faltered,3,NOT payroll_pit AND NOT autonomy AND extracurricular,payroll_pit;autonomy;extracurricular,001,0.778,0.421,87,19,0.396,0.144,0.043,0.146,0.273,0.25,0.033,3,-0.111,False,False,False,,True
faltered,3,NOT investment AND NOT social AND NOT small,investment;social;small,000,0.778,0.412,75,14,0.412,0.106,0.087,0.125,0.182,0.0,0.033,3,-0.111,False,False,False,,True
faltered,3,NOT investment AND NOT education AND balance,investment;education;balance,001,0.778,0.412,95,23,0.442,0.174,0.196,0.188,0.182,0.062,0.133,3,-0.111,False,False,False,,True
faltered,3,social AND education AND small,social;education;small,111,0.778,0.395,77,20,0.476,0.152,0.152,0.104,0.182,0.25,0.167,4,-0.111,False,False,False,,True
faltered,3,NOT local_tax_base AND NOT single_tax AND NOT autonomy,local_tax_base;single_tax;autonomy,000,0.778,0.385,71,16,0.432,0.121,0.065,0.146,0.182,0.125,0.1,4,-0.111,False,False,False,,True
faltered,3,culture AND education AND NOT extracurricular,culture;education;extracurricular,110,0.778,0.355,58,13,0.406,0.098,0.065,0.104,0.136,0.125,0.1,4,-0.111,False,False,False,,True
faltered,3,investment AND NOT culture AND contestation,investment;culture;contestation,101,0.777,0.484,108,26,0.51,0.197,0.261,0.208,0.091,0.125,0.233,3,-0.112,False,False,False,,True
faltered,3,single_tax AND culture AND balance,single_tax;culture;balance,111,0.777,0.479,107,36,0.621,0.273,0.326,0.229,0.227,0.312,0.3,4,-0.112,False,False,False,,True
faltered,3,NOT culture AND NOT education AND balance,culture;education;balance,001,0.777,0.463,105,21,0.382,0.159,0.174,0.188,0.091,0.125,0.167,4,-0.112,False,False,False,,True
faltered,3,investment AND NOT culture AND NOT balance,investment;culture;balance,100,0.777,0.447,105,24,0.558,0.182,0.174,0.25,0.091,0.125,0.167,4,-0.112,False,False,False,,True
faltered,3,NOT culture AND NOT education AND NOT extracurricular,culture;education;extracurricular,000,0.777,0.447,92,29,0.547,0.22,0.196,0.375,0.0,0.125,0.233,3,-0.112,False,False,False,,True
faltered,3,investment AND education AND balance,investment;education;balance,111,0.777,0.443,86,23,0.479,0.174,0.196,0.146,0.227,0.125,0.233,4,-0.112,False,False,False,,True
faltered,3,NOT investment AND contestation AND NOT small,investment;contestation;small,010,0.777,0.437,86,15,0.366,0.114,0.065,0.146,0.182,0.062,0.033,4,-0.112,False,False,False,,True
faltered,3,NOT single_tax AND NOT culture AND balance,single_tax;culture;balance,001,0.777,0.432,86,21,0.447,0.159,0.13,0.208,0.136,0.125,0.1,4,-0.112,False,False,False,,True
faltered,3,NOT property_tax AND NOT education AND NOT contestation,property_tax;education;contestation,000,0.777,0.421,101,26,0.448,0.197,0.217,0.167,0.182,0.25,0.2,4,-0.112,False,False,False,,True
faltered,3,NOT social AND NOT culture AND NOT extracurricular,social;culture;extracurricular,000,0.777,0.419,79,23,0.535,0.174,0.152,0.292,0.0,0.125,0.167,3,-0.112,False,False,False,,True
faltered,3,NOT local_tax_base AND social AND education,local_tax_base;social;education,011,0.777,0.418,80,22,0.489,0.167,0.109,0.146,0.136,0.438,0.133,4,-0.112,False,False,False,,True
faltered,3,property_tax AND autonomy AND small,property_tax;autonomy;small,111,0.777,0.412,87,22,0.524,0.167,0.196,0.167,0.136,0.125,0.233,4,-0.112,False,False,False,,True
faltered,3,NOT education AND NOT extracurricular AND NOT balance,education;extracurricular;balance,000,0.777,0.412,82,22,0.564,0.167,0.13,0.292,0.0,0.125,0.133,3,-0.112,False,False,False,,True
faltered,3,NOT property_tax AND NOT payroll_pit AND NOT contestation,property_tax;payroll_pit;contestation,000,0.777,0.407,100,22,0.431,0.167,0.13,0.146,0.182,0.312,0.133,4,-0.112,False,False,False,,True
faltered,3,NOT property_tax AND NOT investment AND balance,property_tax;investment;balance,001,0.777,0.401,81,24,0.522,0.182,0.13,0.208,0.091,0.375,0.1,4,-0.112,False,False,False,,True
faltered,3,NOT single_tax AND NOT social AND NOT extracurricular,single_tax;social;extracurricular,000,0.777,0.398,66,19,0.514,0.144,0.152,0.208,0.0,0.125,0.2,3,-0.112,False,False,False,,True
faltered,3,NOT single_tax AND NOT extracurricular AND NOT balance,single_tax;extracurricular;balance,000,0.777,0.376,70,17,0.472,0.129,0.065,0.25,0.0,0.125,0.1,3,-0.112,False,False,False,,True
faltered,3,NOT autonomy AND NOT investment AND NOT education,autonomy;investment;education,000,0.777,0.37,63,18,0.5,0.136,0.087,0.208,0.091,0.125,0.067,4,-0.112,False,False,False,,True
faltered,3,autonomy AND NOT extracurricular AND small,autonomy;extracurricular;small,101,0.777,0.352,68,14,0.424,0.106,0.109,0.125,0.045,0.125,0.167,3,-0.112,False,False,False,,True
faltered,3,investment AND NOT education AND contestation,investment;education;contestation,101,0.776,0.495,110,25,0.51,0.189,0.239,0.188,0.136,0.125,0.233,4,-0.113,False,False,False,,True
faltered,3,single_tax AND social AND balance,single_tax;social;balance,111,0.776,0.494,114,36,0.581,0.273,0.37,0.188,0.182,0.375,0.367,4,-0.113,False,False,False,,True
faltered,3,payroll_pit AND investment AND extracurricular,payroll_pit;investment;extracurricular,111,0.776,0.49,108,28,0.549,0.212,0.326,0.146,0.182,0.125,0.3,4,-0.113,False,False,False,,True
faltered,3,investment AND social AND balance,investment;social;balance,111,0.776,0.484,107,25,0.431,0.189,0.326,0.062,0.182,0.188,0.3,3,-0.113,False,False,False,,True
faltered,3,payroll_pit AND autonomy AND NOT education,payroll_pit;autonomy;education,110,0.776,0.476,116,29,0.569,0.22,0.348,0.188,0.182,0.0,0.3,3,-0.113,False,False,False,,True
faltered,3,NOT local_tax_base AND investment AND NOT education,local_tax_base;investment;education,010,0.776,0.469,106,24,0.436,0.182,0.283,0.104,0.182,0.125,0.267,4,-0.113,False,False,False,,True
faltered,3,NOT local_tax_base AND investment AND NOT culture,local_tax_base;investment;culture,010,0.776,0.457,102,22,0.431,0.167,0.239,0.104,0.182,0.125,0.233,4,-0.113,False,False,False,,True
faltered,3,culture AND education AND extracurricular,culture;education;extracurricular,111,0.776,0.452,83,24,0.533,0.182,0.13,0.167,0.227,0.312,0.133,4,-0.113,False,False,False,,True
faltered,3,NOT property_tax AND NOT culture AND balance,property_tax;culture;balance,001,0.776,0.441,99,26,0.456,0.197,0.152,0.229,0.136,0.312,0.167,4,-0.113,False,False,False,,True
faltered,3,NOT social AND NOT balance AND NOT small,social;balance;small,000,0.776,0.426,85,18,0.562,0.136,0.065,0.188,0.227,0.062,0.033,2,-0.113,False,False,False,,False
faltered,3,NOT property_tax AND autonomy AND NOT social,property_tax;autonomy;social,010,0.776,0.425,77,12,0.375,0.091,0.087,0.083,0.136,0.062,0.067,4,-0.113,False,False,False,,True
faltered,3,NOT local_tax_base AND autonomy AND NOT investment,local_tax_base;autonomy;investment,010,0.776,0.413,81,20,0.488,0.152,0.087,0.188,0.227,0.125,0.033,4,-0.113,False,False,False,,True
faltered,3,NOT local_tax_base AND investment AND culture,local_tax_base;investment;culture,011,0.776,0.408,72,18,0.439,0.136,0.152,0.104,0.182,0.125,0.167,4,-0.113,False,False,False,,True
faltered,3,NOT single_tax AND investment AND NOT balance,single_tax;investment;balance,010,0.776,0.406,85,15,0.429,0.114,0.065,0.188,0.045,0.125,0.067,3,-0.113,False,False,False,,True
faltered,3,NOT property_tax AND NOT investment AND contestation,property_tax;investment;contestation,001,0.776,0.397,69,12,0.375,0.091,0.043,0.125,0.091,0.125,0.033,3,-0.113,False,False,False,,True
faltered,3,social AND culture AND small,social;culture;small,111,0.776,0.392,74,21,0.488,0.159,0.174,0.104,0.182,0.25,0.2,4,-0.113,False,False,False,,True
faltered,3,NOT property_tax AND NOT autonomy AND NOT balance,property_tax;autonomy;balance,000,0.776,0.362,72,14,0.438,0.106,0.065,0.146,0.091,0.125,0.1,4,-0.113,False,False,False,,True
faltered,3,property_tax AND payroll_pit AND extracurricular,property_tax;payroll_pit;extracurricular,111,0.775,0.492,114,34,0.618,0.258,0.413,0.188,0.182,0.125,0.367,3,-0.114,False,False,False,,True
faltered,3,payroll_pit AND investment AND contestation,payroll_pit;investment;contestation,111,0.775,0.483,105,28,0.549,0.212,0.304,0.188,0.182,0.062,0.3,3,-0.114,False,False,False,,True
faltered,3,NOT single_tax AND autonomy AND extracurricular,single_tax;autonomy;extracurricular,011,0.775,0.458,91,17,0.472,0.129,0.13,0.083,0.273,0.062,0.067,3,-0.114,False,False,False,,True
faltered,3,contestation AND NOT balance AND NOT small,contestation;balance;small,100,0.775,0.447,90,19,0.5,0.144,0.13,0.167,0.227,0.0,0.1,3,-0.114,False,False,False,,True
faltered,3,NOT single_tax AND autonomy AND investment,single_tax;autonomy;investment,011,0.775,0.439,84,16,0.4,0.121,0.174,0.083,0.091,0.125,0.133,4,-0.114,False,False,False,,True
faltered,3,NOT local_tax_base AND NOT single_tax AND investment,local_tax_base;single_tax;investment,001,0.775,0.435,88,17,0.37,0.129,0.152,0.083,0.182,0.125,0.1,4,-0.114,False,False,False,,True
faltered,3,NOT single_tax AND investment AND NOT social,single_tax;investment;social,010,0.775,0.435,81,19,0.463,0.144,0.109,0.188,0.136,0.125,0.167,4,-0.114,False,False,False,,True
faltered,3,NOT local_tax_base AND NOT payroll_pit AND NOT culture,local_tax_base;payroll_pit;culture,000,0.775,0.426,85,16,0.4,0.121,0.065,0.146,0.136,0.188,0.067,4,-0.114,False,False,False,,True
faltered,3,property_tax AND single_tax AND small,property_tax;single_tax;small,111,0.775,0.421,92,24,0.533,0.182,0.196,0.125,0.227,0.25,0.2,4,-0.114,False,False,False,,True
faltered,3,NOT local_tax_base AND NOT social AND contestation,local_tax_base;social;contestation,001,0.775,0.42,67,13,0.419,0.098,0.043,0.167,0.136,0.0,0.067,2,-0.114,False,False,False,,False
faltered,3,NOT single_tax AND NOT education AND NOT contestation,single_tax;education;contestation,000,0.775,0.42,94,22,0.431,0.167,0.152,0.188,0.136,0.188,0.133,4,-0.114,False,False,False,,True
faltered,3,NOT local_tax_base AND NOT property_tax AND NOT autonomy,local_tax_base;property_tax;autonomy,000,0.775,0.405,82,20,0.476,0.152,0.065,0.167,0.227,0.25,0.1,3,-0.114,False,False,False,,True
faltered,3,NOT local_tax_base AND culture AND contestation,local_tax_base;culture;contestation,011,0.775,0.402,61,13,0.419,0.098,0.065,0.104,0.182,0.062,0.1,4,-0.114,False,False,False,,True
faltered,3,NOT payroll_pit AND NOT investment AND NOT social,payroll_pit;investment;social,000,0.775,0.402,83,18,0.439,0.136,0.13,0.167,0.091,0.125,0.133,4,-0.114,False,False,False,,True
faltered,3,NOT property_tax AND NOT single_tax AND NOT extracurricular,property_tax;single_tax;extracurricular,000,0.775,0.399,74,17,0.415,0.129,0.13,0.188,0.0,0.125,0.133,3,-0.114,False,False,False,,True
faltered,3,social AND culture AND NOT contestation,social;culture;contestation,110,0.775,0.392,75,19,0.452,0.144,0.152,0.062,0.182,0.312,0.133,3,-0.114,False,False,False,,True
faltered,3,property_tax AND payroll_pit AND NOT extracurricular,property_tax;payroll_pit;extracurricular,110,0.775,0.383,73,17,0.486,0.129,0.109,0.167,0.091,0.125,0.133,4,-0.114,False,False,False,,True
faltered,3,NOT autonomy AND NOT investment AND NOT culture,autonomy;investment;culture,000,0.775,0.372,64,15,0.455,0.114,0.043,0.188,0.045,0.188,0.067,2,-0.114,False,False,False,,False
faltered,3,payroll_pit AND social AND extracurricular,payroll_pit;social;extracurricular,111,0.774,0.52,134,42,0.618,0.318,0.413,0.25,0.273,0.312,0.367,4,-0.115,False,False,False,,True
faltered,3,autonomy AND NOT culture AND extracurricular,autonomy;culture;extracurricular,101,0.774,0.493,114,26,0.565,0.197,0.239,0.146,0.273,0.125,0.167,4,-0.115,False,False,False,,True
faltered,3,social AND contestation AND balance,social;contestation;balance,111,0.774,0.489,111,29,0.492,0.22,0.283,0.167,0.182,0.25,0.267,4,-0.115,False,False,False,,True
faltered,3,property_tax AND payroll_pit AND contestation,property_tax;payroll_pit;contestation,111,0.774,0.476,118,34,0.576,0.258,0.348,0.25,0.182,0.125,0.333,3,-0.115,False,False,False,,True
faltered,3,social AND culture AND extracurricular,social;culture;extracurricular,111,0.774,0.474,100,32,0.582,0.242,0.261,0.167,0.318,0.312,0.233,4,-0.115,False,False,False,,True
faltered,3,NOT culture AND extracurricular AND balance,culture;extracurricular;balance,011,0.774,0.471,106,23,0.434,0.174,0.152,0.167,0.182,0.25,0.1,4,-0.115,False,False,False,,True
faltered,3,single_tax AND investment AND education,single_tax;investment;education,111,0.774,0.447,92,23,0.479,0.174,0.152,0.188,0.227,0.125,0.2,4,-0.115,False,False,False,,True
faltered,3,NOT investment AND balance AND NOT small,investment;balance;small,010,0.774,0.447,107,29,0.483,0.22,0.174,0.25,0.182,0.312,0.1,4,-0.115,False,False,False,,True
faltered,3,NOT autonomy AND NOT culture AND NOT small,autonomy;culture;small,000,0.774,0.441,100,24,0.471,0.182,0.087,0.292,0.136,0.188,0.133,3,-0.115,False,False,False,,True
faltered,3,NOT local_tax_base AND culture AND extracurricular,local_tax_base;culture;extracurricular,011,0.774,0.433,83,22,0.468,0.167,0.196,0.083,0.227,0.25,0.2,3,-0.115,False,False,False,,True
faltered,3,NOT local_tax_base AND NOT balance AND NOT small,local_tax_base;balance;small,000,0.774,0.431,84,17,0.5,0.129,0.109,0.125,0.227,0.062,0.133,3,-0.115,False,False,False,,True
faltered,3,NOT property_tax AND NOT payroll_pit AND balance,property_tax;payroll_pit;balance,001,0.774,0.425,99,27,0.45,0.205,0.152,0.208,0.227,0.312,0.133,4,-0.115,False,False,False,,True
faltered,3,NOT single_tax AND NOT payroll_pit AND autonomy,single_tax;payroll_pit;autonomy,001,0.774,0.424,73,11,0.297,0.083,0.109,0.021,0.136,0.125,0.1,3,-0.115,False,False,False,,True
faltered,3,payroll_pit AND NOT extracurricular AND small,payroll_pit;extracurricular;small,101,0.774,0.333,62,15,0.5,0.114,0.087,0.146,0.091,0.125,0.133,4,-0.115,False,False,False,,True
faltered,3,NOT local_tax_base AND social AND NOT small,local_tax_base;social;small,010,0.773,0.506,130,34,0.472,0.258,0.326,0.146,0.273,0.375,0.267,4,-0.116,False,False,False,,True
faltered,3,payroll_pit AND social AND contestation,payroll_pit;social;contestation,111,0.773,0.495,122,34,0.557,0.258,0.326,0.229,0.227,0.188,0.333,4,-0.116,False,False,False,,True
faltered,3,single_tax AND extracurricular AND balance,single_tax;extracurricular;balance,111,0.773,0.493,115,34,0.548,0.258,0.304,0.229,0.182,0.312,0.233,4,-0.116,False,False,False,,True
faltered,3,NOT local_tax_base AND social AND contestation,local_tax_base;social;contestation,011,0.773,0.472,102,25,0.49,0.189,0.217,0.167,0.182,0.188,0.233,4,-0.116,False,False,False,,True
faltered,3,NOT social AND contestation AND NOT small,social;contestation;small,010,0.773,0.47,92,17,0.415,0.129,0.087,0.167,0.227,0.0,0.033,3,-0.116,False,False,False,,True
faltered,3,payroll_pit AND education AND extracurricular,payroll_pit;education;extracurricular,111,0.773,0.466,97,31,0.596,0.235,0.217,0.208,0.273,0.312,0.2,4,-0.116,False,False,False,,True
faltered,3,NOT property_tax AND autonomy AND extracurricular,property_tax;autonomy;extracurricular,011,0.773,0.463,99,21,0.467,0.159,0.109,0.146,0.318,0.125,0.067,4,-0.116,False,False,False,,True
faltered,3,autonomy AND NOT social AND NOT small,autonomy;social;small,100,0.773,0.463,87,16,0.421,0.121,0.174,0.104,0.136,0.0,0.133,3,-0.116,False,False,False,,True
faltered,3,NOT single_tax AND extracurricular AND contestation,single_tax;extracurricular;contestation,011,0.773,0.459,96,16,0.4,0.121,0.109,0.104,0.227,0.062,0.1,4,-0.116,False,False,False,,True
faltered,3,single_tax AND investment AND culture,single_tax;investment;culture,111,0.773,0.453,98,25,0.521,0.189,0.174,0.188,0.227,0.188,0.2,4,-0.116,False,False,False,,True
faltered,3,social AND culture AND contestation,social;culture;contestation,111,0.773,0.445,88,24,0.533,0.182,0.196,0.167,0.227,0.125,0.2,4,-0.116,False,False,False,,True
faltered,3,property_tax AND investment AND education,property_tax;investment;education,111,0.773,0.437,90,22,0.449,0.167,0.174,0.167,0.182,0.125,0.2,4,-0.116,False,False,False,,True
faltered,3,NOT local_tax_base AND NOT investment AND extracurricular,local_tax_base;investment;extracurricular,001,0.773,0.431,93,21,0.467,0.159,0.109,0.146,0.273,0.188,0.067,4,-0.116,False,False,False,,True
faltered,3,investment AND social AND education,investment;social;education,111,0.773,0.431,85,20,0.444,0.152,0.152,0.125,0.227,0.125,0.167,4,-0.116,False,False,False,,True
faltered,3,NOT single_tax AND NOT culture AND NOT extracurricular,single_tax;culture;extracurricular,000,0.773,0.413,77,21,0.467,0.159,0.087,0.312,0.0,0.125,0.133,3,-0.116,False,False,False,,True
faltered,3,NOT autonomy AND NOT social AND NOT education,autonomy;social;education,000,0.773,0.411,88,26,0.542,0.197,0.13,0.312,0.091,0.188,0.167,3,-0.116,False,False,False,,True
faltered,3,investment AND extracurricular AND NOT small,investment;extracurricular;small,110,0.772,0.55,135,30,0.476,0.227,0.261,0.208,0.273,0.125,0.233,4,-0.117,False,False,False,,True
faltered,3,property_tax AND single_tax AND social,property_tax;single_tax;social,111,0.772,0.5,127,37,0.578,0.28,0.391,0.188,0.227,0.312,0.4,4,-0.117,False,False,False,,True
faltered,3,NOT property_tax AND investment AND NOT small,property_tax;investment;small,010,0.772,0.499,122,24,0.4,0.182,0.174,0.167,0.227,0.188,0.2,4,-0.117,False,False,False,,True
faltered,3,property_tax AND autonomy AND extracurricular,property_tax;autonomy;extracurricular,111,0.772,0.498,113,31,0.585,0.235,0.348,0.167,0.227,0.125,0.3,4,-0.117,False,False,False,,True
faltered,3,single_tax AND autonomy AND contestation,single_tax;autonomy;contestation,111,0.772,0.494,112,30,0.556,0.227,0.261,0.229,0.227,0.125,0.267,4,-0.117,False,False,False,,True
faltered,3,NOT property_tax AND investment AND NOT culture,property_tax;investment;culture,010,0.772,0.472,110,21,0.382,0.159,0.13,0.167,0.182,0.188,0.167,4,-0.117,False,False,False,,True
faltered,3,NOT payroll_pit AND investment AND NOT education,payroll_pit;investment;education,010,0.772,0.468,111,26,0.464,0.197,0.196,0.208,0.136,0.25,0.233,4,-0.117,False,False,False,,True
faltered,3,autonomy AND culture AND NOT small,autonomy;culture;small,110,0.772,0.454,96,21,0.438,0.159,0.217,0.125,0.182,0.062,0.2,3,-0.117,False,False,False,,True
faltered,3,NOT single_tax AND NOT social AND extracurricular,single_tax;social;extracurricular,001,0.772,0.451,88,17,0.447,0.129,0.065,0.146,0.273,0.062,0.067,3,-0.117,False,False,False,,True
faltered,3,autonomy AND NOT education AND NOT balance,autonomy;education;balance,100,0.772,0.45,94,22,0.611,0.167,0.152,0.208,0.182,0.062,0.133,3,-0.117,False,False,False,,True
faltered,3,NOT property_tax AND NOT single_tax AND investment,property_tax;single_tax;investment,001,0.772,0.447,96,16,0.34,0.121,0.087,0.104,0.182,0.188,0.067,4,-0.117,False,False,False,,True
faltered,3,NOT property_tax AND NOT social AND contestation,property_tax;social;contestation,001,0.772,0.444,91,18,0.439,0.136,0.065,0.188,0.182,0.125,0.067,3,-0.117,False,False,False,,True
faltered,3,NOT investment AND NOT education AND extracurricular,investment;education;extracurricular,001,0.772,0.428,99,21,0.42,0.159,0.13,0.125,0.318,0.125,0.067,4,-0.117,False,False,False,,True
faltered,3,NOT single_tax AND autonomy AND NOT social,single_tax;autonomy;social,010,0.772,0.419,67,12,0.429,0.091,0.109,0.042,0.182,0.062,0.133,3,-0.117,False,False,False,,True
faltered,3,NOT local_tax_base AND NOT education AND NOT balance,local_tax_base;education;balance,000,0.772,0.413,82,20,0.541,0.152,0.13,0.188,0.182,0.062,0.167,3,-0.117,False,False,False,,True
faltered,3,NOT single_tax AND NOT autonomy AND NOT investment,single_tax;autonomy;investment,000,0.772,0.373,65,18,0.514,0.136,0.087,0.188,0.091,0.188,0.1,4,-0.117,False,False,False,,True
faltered,3,social AND extracurricular AND NOT small,social;extracurricular;small,110,0.771,0.546,144,40,0.526,0.303,0.326,0.208,0.409,0.375,0.267,4,-0.118,False,False,False,,True
faltered,3,NOT local_tax_base AND social AND extracurricular,local_tax_base;social;extracurricular,011,0.771,0.505,125,34,0.5,0.258,0.326,0.125,0.318,0.375,0.3,3,-0.118,False,False,False,,True
faltered,3,single_tax AND payroll_pit AND balance,single_tax;payroll_pit;balance,111,0.771,0.502,125,38,0.559,0.288,0.391,0.208,0.227,0.312,0.4,4,-0.118,False,False,False,,True
faltered,3,property_tax AND social AND balance,property_tax;social;balance,111,0.771,0.476,116,30,0.5,0.227,0.348,0.125,0.227,0.188,0.3,4,-0.118,False,False,False,,True
faltered,3,payroll_pit AND contestation AND balance,payroll_pit;contestation;balance,111,0.771,0.473,108,28,0.5,0.212,0.261,0.188,0.182,0.188,0.267,4,-0.118,False,False,False,,True
faltered,3,NOT local_tax_base AND NOT property_tax AND investment,local_tax_base;property_tax;investment,001,0.771,0.461,99,21,0.396,0.159,0.13,0.125,0.318,0.125,0.133,4,-0.118,False,False,False,,True
faltered,3,investment AND NOT education AND NOT balance,investment;education;balance,100,0.771,0.454,108,25,0.556,0.189,0.196,0.25,0.091,0.125,0.2,3,-0.118,False,False,False,,True
faltered,3,NOT local_tax_base AND NOT education AND balance,local_tax_base;education;balance,001,0.771,0.443,105,22,0.386,0.167,0.261,0.104,0.182,0.062,0.167,3,-0.118,False,False,False,,True
faltered,3,NOT investment AND NOT culture AND extracurricular,investment;culture;extracurricular,001,0.771,0.421,87,17,0.447,0.129,0.065,0.125,0.227,0.188,0.033,4,-0.118,False,False,False,,True
faltered,3,NOT single_tax AND autonomy AND balance,single_tax;autonomy;balance,011,0.771,0.414,77,15,0.349,0.114,0.196,0.042,0.136,0.062,0.167,3,-0.118,False,False,False,,True
faltered,3,NOT single_tax AND NOT investment AND extracurricular,single_tax;investment;extracurricular,001,0.771,0.413,81,15,0.395,0.114,0.043,0.083,0.273,0.188,0.033,3,-0.118,False,False,False,,True
faltered,3,NOT investment AND NOT social AND NOT culture,investment;social;culture,000,0.771,0.407,81,17,0.486,0.129,0.109,0.167,0.136,0.062,0.1,3,-0.118,False,False,False,,True
faltered,3,NOT property_tax AND contestation AND NOT balance,property_tax;contestation;balance,010,0.771,0.398,80,14,0.4,0.106,0.043,0.146,0.182,0.062,0.067,3,-0.118,False,False,False,,True
faltered,3,NOT single_tax AND NOT investment AND NOT social,single_tax;investment;social,000,0.771,0.396,73,17,0.5,0.129,0.109,0.167,0.136,0.062,0.1,3,-0.118,False,False,False,,True
faltered,3,property_tax AND culture AND NOT extracurricular,property_tax;culture;extracurricular,110,0.771,0.369,68,13,0.394,0.098,0.109,0.083,0.091,0.125,0.167,4,-0.118,False,False,False,,True
faltered,3,autonomy AND NOT education AND extracurricular,autonomy;education;extracurricular,101,0.77,0.512,130,27,0.5,0.205,0.304,0.125,0.273,0.062,0.233,3,-0.119,False,False,False,,True
faltered,3,payroll_pit AND extracurricular AND NOT small,payroll_pit;extracurricular;small,110,0.77,0.511,131,36,0.554,0.273,0.348,0.208,0.273,0.25,0.3,4,-0.119,False,False,False,,True
faltered,3,investment AND NOT social AND NOT education,investment;social;education,100,0.77,0.47,100,26,0.531,0.197,0.174,0.271,0.091,0.188,0.2,3,-0.119,False,False,False,,True
faltered,3,single_tax AND education AND extracurricular,single_tax;education;extracurricular,111,0.77,0.467,95,27,0.529,0.205,0.152,0.188,0.227,0.375,0.133,4,-0.119,False,False,False,,True
faltered,3,payroll_pit AND education AND balance,payroll_pit;education;balance,111,0.77,0.466,99,32,0.552,0.242,0.239,0.208,0.227,0.375,0.267,4,-0.119,False,False,False,,True
faltered,3,social AND education AND balance,social;education;balance,111,0.77,0.458,94,29,0.527,0.22,0.196,0.167,0.227,0.438,0.2,4,-0.119,False,False,False,,True
faltered,3,NOT local_tax_base AND NOT payroll_pit AND NOT small,local_tax_base;payroll_pit;small,000,0.77,0.45,102,19,0.38,0.144,0.065,0.167,0.227,0.188,0.033,3,-0.119,False,False,False,,True
faltered,3,payroll_pit AND culture AND contestation,payroll_pit;culture;contestation,111,0.77,0.44,94,25,0.543,0.189,0.174,0.208,0.227,0.125,0.2,4,-0.119,False,False,False,,True
faltered,3,NOT culture AND contestation AND NOT balance,culture;contestation;balance,010,0.77,0.433,97,24,0.533,0.182,0.13,0.271,0.182,0.062,0.1,3,-0.119,False,False,False,,True
faltered,3,NOT property_tax AND NOT autonomy AND NOT social,property_tax;autonomy;social,000,0.77,0.424,97,27,0.54,0.205,0.13,0.271,0.182,0.25,0.167,4,-0.119,False,False,False,,True
faltered,3,NOT local_tax_base AND autonomy AND education,local_tax_base;autonomy;education,011,0.77,0.415,82,21,0.447,0.159,0.087,0.167,0.227,0.25,0.1,4,-0.119,False,False,False,,True
faltered,3,NOT investment AND NOT social AND NOT education,investment;social;education,000,0.77,0.41,84,19,0.475,0.144,0.13,0.188,0.136,0.062,0.1,3,-0.119,False,False,False,,True
faltered,3,payroll_pit AND autonomy AND small,payroll_pit;autonomy;small,111,0.77,0.404,83,23,0.575,0.174,0.174,0.188,0.182,0.125,0.2,4,-0.119,False,False,False,,True
faltered,3,autonomy AND culture AND NOT contestation,autonomy;culture;contestation,110,0.77,0.39,78,16,0.432,0.121,0.196,0.042,0.136,0.125,0.167,3,-0.119,False,False,False,,True
faltered,3,NOT payroll_pit AND NOT autonomy AND NOT balance,payroll_pit;autonomy;balance,000,0.77,0.372,82,17,0.425,0.129,0.065,0.188,0.091,0.188,0.1,4,-0.119,False,False,False,,True
faltered,3,culture AND NOT extracurricular AND small,culture;extracurricular;small,101,0.77,0.337,60,14,0.438,0.106,0.13,0.062,0.136,0.125,0.2,4,-0.119,False,False,False,,True
faltered,3,NOT local_tax_base AND investment AND extracurricular,local_tax_base;investment;extracurricular,011,0.769,0.502,118,28,0.467,0.212,0.304,0.104,0.273,0.188,0.3,3,-0.12,False,False,False,,True
faltered,3,payroll_pit AND investment AND social,payroll_pit;investment;social,111,0.769,0.499,123,31,0.525,0.235,0.348,0.167,0.227,0.125,0.333,4,-0.12,False,False,False,,True
faltered,3,single_tax AND payroll_pit AND contestation,single_tax;payroll_pit;contestation,111,0.769,0.488,120,33,0.589,0.25,0.283,0.229,0.273,0.188,0.3,4,-0.12,False,False,False,,True
faltered,3,property_tax AND payroll_pit AND balance,property_tax;payroll_pit;balance,111,0.769,0.483,118,32,0.542,0.242,0.37,0.167,0.182,0.188,0.367,4,-0.12,False,False,False,,True
faltered,3,payroll_pit AND contestation AND NOT small,payroll_pit;contestation;small,110,0.769,0.483,110,26,0.491,0.197,0.239,0.208,0.136,0.125,0.233,4,-0.12,False,False,False,,True
faltered,3,NOT social AND NOT education AND extracurricular,social;education;extracurricular,001,0.769,0.474,103,19,0.422,0.144,0.087,0.188,0.227,0.062,0.067,3,-0.12,False,False,False,,True
faltered,3,NOT local_tax_base AND social AND balance,local_tax_base;social;balance,011,0.769,0.471,120,33,0.478,0.25,0.261,0.167,0.273,0.438,0.2,4,-0.12,False,False,False,,True
faltered,3,investment AND NOT social AND NOT culture,investment;social;culture,100,0.769,0.462,95,24,0.522,0.182,0.13,0.292,0.091,0.125,0.133,4,-0.12,False,False,False,,True
faltered,3,investment AND culture AND balance,investment;culture;balance,111,0.769,0.462,98,25,0.49,0.189,0.239,0.125,0.227,0.188,0.267,4,-0.12,False,False,False,,True
faltered,3,NOT local_tax_base AND property_tax AND autonomy,local_tax_base;property_tax;autonomy,011,0.769,0.454,103,26,0.491,0.197,0.283,0.167,0.091,0.188,0.267,3,-0.12,False,False,False,,True
faltered,3,culture AND education AND balance,culture;education;balance,111,0.769,0.453,88,25,0.5,0.189,0.152,0.167,0.227,0.312,0.167,4,-0.12,False,False,False,,True
faltered,3,NOT single_tax AND NOT payroll_pit AND investment,single_tax;payroll_pit;investment,001,0.769,0.448,105,21,0.389,0.159,0.109,0.188,0.182,0.188,0.133,4,-0.12,False,False,False,,True
faltered,3,NOT autonomy AND NOT social AND NOT culture,autonomy;social;culture,000,0.769,0.421,86,23,0.523,0.174,0.087,0.333,0.045,0.125,0.133,2,-0.12,False,False,False,,False
faltered,3,property_tax AND payroll_pit AND small,property_tax;payroll_pit;small,111,0.769,0.413,94,27,0.574,0.205,0.239,0.167,0.227,0.188,0.267,4,-0.12,False,False,False,,True
faltered,3,NOT single_tax AND NOT payroll_pit AND NOT extracurricular,single_tax;payroll_pit;extracurricular,000,0.769,0.412,87,22,0.44,0.167,0.196,0.229,0.0,0.125,0.233,3,-0.12,False,False,False,,True
faltered,3,property_tax AND education AND small,property_tax;education;small,111,0.769,0.411,95,25,0.5,0.189,0.239,0.125,0.182,0.25,0.267,4,-0.12,False,False,False,,True
faltered,3,property_tax AND autonomy AND NOT extracurricular,property_tax;autonomy;extracurricular,110,0.769,0.407,84,19,0.475,0.144,0.196,0.167,0.045,0.062,0.233,2,-0.12,False,False,False,,False
faltered,3,NOT single_tax AND NOT payroll_pit AND NOT contestation,single_tax;payroll_pit;contestation,000,0.769,0.403,93,21,0.404,0.159,0.13,0.167,0.182,0.188,0.133,4,-0.12,False,False,False,,True
faltered,3,NOT property_tax AND NOT autonomy AND NOT investment,property_tax;autonomy;investment,000,0.769,0.383,69,18,0.5,0.136,0.065,0.146,0.091,0.375,0.067,3,-0.12,False,False,False,,True
faltered,3,social AND contestation AND NOT small,social;contestation;small,110,0.768,0.516,120,26,0.448,0.197,0.239,0.188,0.136,0.188,0.233,4,-0.121,False,False,False,,True
faltered,3,autonomy AND investment AND NOT culture,autonomy;investment;culture,110,0.768,0.481,105,25,0.51,0.189,0.304,0.146,0.091,0.125,0.267,3,-0.121,False,False,False,,True
faltered,3,NOT local_tax_base AND investment AND contestation,local_tax_base;investment;contestation,011,0.768,0.479,102,26,0.491,0.197,0.239,0.167,0.227,0.125,0.267,4,-0.121,False,False,False,,True
faltered,3,local_tax_base AND NOT payroll_pit AND NOT culture,local_tax_base;payroll_pit;culture,100,0.768,0.456,105,25,0.49,0.189,0.152,0.292,0.045,0.188,0.2,3,-0.121,False,False,False,,True
faltered,3,NOT local_tax_base AND property_tax AND payroll_pit,local_tax_base;property_tax;payroll_pit,011,0.768,0.454,103,27,0.5,0.205,0.304,0.167,0.091,0.188,0.3,3,-0.121,False,False,False,,True
faltered,3,payroll_pit AND investment AND education,payroll_pit;investment;education,111,0.768,0.449,97,25,0.481,0.189,0.196,0.188,0.227,0.125,0.233,4,-0.121,False,False,False,,True
faltered,3,autonomy AND NOT social AND NOT culture,autonomy;social;culture,100,0.768,0.449,90,18,0.486,0.136,0.152,0.125,0.182,0.062,0.1,3,-0.121,False,False,False,,True
faltered,3,NOT local_tax_base AND NOT social AND extracurricular,local_tax_base;social;extracurricular,001,0.768,0.442,86,15,0.405,0.114,0.087,0.125,0.227,0.0,0.067,3,-0.121,False,False,False,,True
faltered,3,NOT investment AND NOT culture AND NOT small,investment;culture;small,000,0.768,0.44,97,21,0.488,0.159,0.043,0.229,0.227,0.188,0.033,3,-0.121,False,False,False,,True
faltered,3,NOT payroll_pit AND NOT education AND balance,payroll_pit;education;balance,001,0.768,0.439,106,28,0.424,0.212,0.217,0.208,0.227,0.188,0.2,4,-0.121,False,False,False,,True
faltered,3,NOT local_tax_base AND culture AND balance,local_tax_base;culture;balance,011,0.768,0.434,88,26,0.5,0.197,0.217,0.125,0.273,0.25,0.2,4,-0.121,False,False,False,,True
faltered,3,NOT single_tax AND NOT social AND contestation,single_tax;social;contestation,001,0.768,0.434,82,19,0.475,0.144,0.109,0.188,0.182,0.062,0.133,3,-0.121,False,False,False,,True
faltered,3,NOT single_tax AND NOT education AND NOT extracurricular,single_tax;education;extracurricular,000,0.768,0.429,91,25,0.49,0.189,0.174,0.312,0.0,0.125,0.2,3,-0.121,False,False,False,,True
faltered,3,NOT local_tax_base AND NOT single_tax AND balance,local_tax_base;single_tax;balance,001,0.768,0.416,88,18,0.353,0.136,0.13,0.104,0.227,0.125,0.067,4,-0.121,False,False,False,,True
faltered,3,single_tax AND culture AND small,single_tax;culture;small,111,0.768,0.413,84,23,0.535,0.174,0.152,0.125,0.273,0.25,0.167,4,-0.121,False,False,False,,True
faltered,3,single_tax AND autonomy AND extracurricular,single_tax;autonomy;extracurricular,111,0.767,0.505,121,35,0.565,0.265,0.326,0.229,0.273,0.188,0.3,4,-0.122,False,False,False,,True
faltered,3,NOT culture AND balance AND NOT small,culture;balance;small,010,0.767,0.486,120,28,0.438,0.212,0.217,0.229,0.136,0.25,0.2,4,-0.122,False,False,False,,True
faltered,3,payroll_pit AND investment AND balance,payroll_pit;investment;balance,111,0.767,0.481,105,26,0.491,0.197,0.348,0.104,0.136,0.125,0.367,4,-0.122,False,False,False,,True
faltered,3,NOT property_tax AND investment AND NOT education,property_tax;investment;education,010,0.767,0.479,115,24,0.414,0.182,0.174,0.167,0.182,0.25,0.2,4,-0.122,False,False,False,,True
faltered,3,NOT payroll_pit AND contestation AND NOT small,payroll_pit;contestation;small,010,0.767,0.475,102,17,0.37,0.129,0.087,0.146,0.227,0.062,0.033,3,-0.122,False,False,False,,True
faltered,3,payroll_pit AND culture AND extracurricular,payroll_pit;culture;extracurricular,111,0.767,0.465,100,31,0.585,0.235,0.283,0.188,0.227,0.25,0.267,4,-0.122,False,False,False,,True
faltered,3,NOT payroll_pit AND balance AND NOT small,payroll_pit;balance;small,010,0.767,0.455,110,28,0.431,0.212,0.174,0.208,0.273,0.25,0.133,4,-0.122,False,False,False,,True
faltered,3,NOT property_tax AND autonomy AND NOT culture,property_tax;autonomy;culture,010,0.767,0.453,94,18,0.409,0.136,0.087,0.146,0.182,0.188,0.067,4,-0.122,False,False,False,,True
faltered,3,NOT single_tax AND extracurricular AND balance,single_tax;extracurricular;balance,011,0.767,0.451,95,21,0.404,0.159,0.109,0.125,0.318,0.188,0.067,4,-0.122,False,False,False,,True
faltered,3,local_tax_base AND NOT single_tax AND NOT payroll_pit,local_tax_base;single_tax;payroll_pit,100,0.767,0.441,94,23,0.46,0.174,0.13,0.229,0.136,0.188,0.167,4,-0.122,False,False,False,,True
faltered,3,NOT payroll_pit AND NOT investment AND NOT small,payroll_pit;investment;small,000,0.767,0.429,95,20,0.426,0.152,0.087,0.188,0.227,0.125,0.033,4,-0.122,False,False,False,,True
faltered,3,NOT property_tax AND NOT single_tax AND balance,property_tax;single_tax;balance,001,0.767,0.422,87,21,0.389,0.159,0.109,0.167,0.227,0.188,0.033,4,-0.122,False,False,False,,True
faltered,3,NOT local_tax_base AND NOT investment AND NOT education,local_tax_base;investment;education,000,0.767,0.405,81,18,0.462,0.136,0.109,0.188,0.182,0.0,0.067,3,-0.122,False,False,False,,True
faltered,3,autonomy AND culture AND small,autonomy;culture;small,111,0.767,0.385,70,16,0.444,0.121,0.13,0.104,0.136,0.125,0.167,4,-0.122,False,False,False,,True
faltered,3,autonomy AND social AND NOT small,autonomy;social;small,110,0.766,0.543,141,35,0.5,0.265,0.348,0.208,0.273,0.188,0.3,4,-0.123,False,False,False,,True
faltered,3,culture AND extracurricular AND balance,culture;extracurricular;balance,111,0.766,0.473,104,32,0.525,0.242,0.261,0.188,0.318,0.25,0.2,4,-0.123,False,False,False,,True
faltered,3,NOT social AND NOT culture AND extracurricular,social;culture;extracurricular,001,0.766,0.471,97,18,0.474,0.136,0.087,0.167,0.227,0.062,0.067,3,-0.123,False,False,False,,True
faltered,3,NOT payroll_pit AND NOT culture AND extracurricular,payroll_pit;culture;extracurricular,001,0.766,0.468,105,17,0.378,0.129,0.043,0.167,0.182,0.188,0.033,3,-0.123,False,False,False,,True
faltered,3,NOT social AND NOT education AND contestation,social;education;contestation,001,0.766,0.466,103,24,0.511,0.182,0.13,0.25,0.227,0.062,0.1,3,-0.123,False,False,False,,True
faltered,3,autonomy AND education AND balance,autonomy;education;balance,111,0.766,0.457,99,28,0.491,0.212,0.196,0.208,0.273,0.188,0.233,4,-0.123,False,False,False,,True
faltered,3,NOT local_tax_base AND NOT payroll_pit AND NOT education,local_tax_base;payroll_pit;education,000,0.766,0.434,94,19,0.38,0.144,0.087,0.167,0.227,0.125,0.067,4,-0.123,False,False,False,,True
faltered,3,autonomy AND investment AND education,autonomy;investment;education,111,0.766,0.432,88,21,0.447,0.159,0.174,0.146,0.182,0.125,0.2,4,-0.123,False,False,False,,True
faltered,3,NOT payroll_pit AND NOT balance AND NOT small,payroll_pit;balance;small,000,0.766,0.43,90,15,0.455,0.114,0.065,0.167,0.136,0.062,0.067,4,-0.123,False,False,False,,True
faltered,3,NOT local_tax_base AND autonomy AND NOT social,local_tax_base;autonomy;social,010,0.766,0.417,72,13,0.382,0.098,0.109,0.104,0.136,0.0,0.1,3,-0.123,False,False,False,,True
faltered,3,property_tax AND culture AND small,property_tax;culture;small,111,0.766,0.408,90,25,0.49,0.189,0.217,0.125,0.227,0.25,0.267,4,-0.123,False,False,False,,True
faltered,3,NOT local_tax_base AND NOT single_tax AND NOT balance,local_tax_base;single_tax;balance,000,0.766,0.389,77,16,0.485,0.121,0.087,0.167,0.136,0.062,0.1,4,-0.123,False,False,False,,True
faltered,3,single_tax AND autonomy AND balance,single_tax;autonomy;balance,111,0.765,0.506,129,35,0.522,0.265,0.348,0.229,0.227,0.188,0.367,4,-0.124,False,False,False,,True
faltered,3,payroll_pit AND extracurricular AND contestation,payroll_pit;extracurricular;contestation,111,0.765,0.49,120,32,0.561,0.242,0.304,0.208,0.273,0.125,0.3,4,-0.124,False,False,False,,True
faltered,3,NOT education AND extracurricular AND balance,education;extracurricular;balance,011,0.765,0.489,127,28,0.412,0.212,0.261,0.167,0.273,0.125,0.167,4,-0.124,False,False,False,,True
faltered,3,NOT single_tax AND investment AND NOT culture,single_tax;investment;culture,010,0.765,0.466,110,23,0.426,0.174,0.13,0.229,0.136,0.188,0.1,4,-0.124,False,False,False,,True
faltered,3,property_tax AND social AND education,property_tax;social;education,111,0.765,0.46,108,30,0.517,0.227,0.217,0.188,0.273,0.312,0.233,4,-0.124,False,False,False,,True
faltered,3,NOT local_tax_base AND investment AND balance,local_tax_base;investment;balance,011,0.765,0.457,103,25,0.424,0.189,0.283,0.062,0.273,0.188,0.267,3,-0.124,False,False,False,,True
faltered,3,NOT single_tax AND autonomy AND contestation,single_tax;autonomy;contestation,011,0.765,0.437,86,14,0.359,0.106,0.109,0.104,0.091,0.125,0.1,4,-0.124,False,False,False,,True
faltered,3,investment AND culture AND education,investment;culture;education,111,0.765,0.43,86,21,0.438,0.159,0.087,0.188,0.273,0.125,0.1,4,-0.124,False,False,False,,True
faltered,3,NOT single_tax AND NOT payroll_pit AND balance,single_tax;payroll_pit;balance,001,0.765,0.424,94,23,0.383,0.174,0.152,0.167,0.273,0.125,0.133,4,-0.124,False,False,False,,True
faltered,3,NOT property_tax AND NOT investment AND extracurricular,property_tax;investment;extracurricular,001,0.765,0.422,94,23,0.479,0.174,0.087,0.146,0.273,0.375,0.067,3,-0.124,False,False,False,,True
faltered,3,NOT single_tax AND NOT investment AND NOT culture,single_tax;investment;culture,000,0.765,0.421,87,22,0.512,0.167,0.065,0.292,0.182,0.062,0.067,2,-0.124,False,False,False,,False
faltered,3,NOT local_tax_base AND culture AND education,local_tax_base;culture;education,011,0.765,0.404,75,18,0.419,0.136,0.043,0.146,0.182,0.312,0.067,3,-0.124,False,False,False,,True
faltered,3,NOT property_tax AND NOT investment AND NOT social,property_tax;investment;social,000,0.765,0.399,80,18,0.474,0.136,0.13,0.146,0.136,0.125,0.1,4,-0.124,False,False,False,,True
faltered,3,payroll_pit AND autonomy AND NOT extracurricular,payroll_pit;autonomy;extracurricular,110,0.765,0.398,77,17,0.459,0.129,0.13,0.188,0.045,0.062,0.167,2,-0.124,False,False,False,,False
faltered,3,NOT local_tax_base AND NOT single_tax AND NOT investment,local_tax_base;single_tax;investment,000,0.765,0.397,77,17,0.447,0.129,0.065,0.188,0.182,0.062,0.067,3,-0.124,False,False,False,,True
faltered,3,NOT single_tax AND NOT autonomy AND NOT balance,single_tax;autonomy;balance,000,0.765,0.351,73,16,0.471,0.121,0.087,0.188,0.045,0.125,0.133,3,-0.124,False,False,False,,True
faltered,3,autonomy AND social AND extracurricular,autonomy;social;extracurricular,111,0.764,0.532,136,38,0.551,0.288,0.348,0.229,0.318,0.25,0.3,4,-0.125,False,False,False,,True
faltered,3,social AND extracurricular AND balance,social;extracurricular;balance,111,0.764,0.519,135,39,0.513,0.295,0.304,0.208,0.364,0.438,0.2,4,-0.125,False,False,False,,True
faltered,3,autonomy AND investment AND NOT education,autonomy;investment;education,110,0.764,0.51,123,27,0.519,0.205,0.37,0.146,0.045,0.125,0.333,3,-0.125,False,False,False,,True
faltered,3,payroll_pit AND extracurricular AND balance,payroll_pit;extracurricular;balance,111,0.764,0.503,123,36,0.554,0.273,0.348,0.208,0.227,0.312,0.267,4,-0.125,False,False,False,,True
faltered,3,NOT education AND extracurricular AND contestation,education;extracurricular;contestation,011,0.764,0.503,127,23,0.418,0.174,0.174,0.146,0.318,0.062,0.167,3,-0.125,False,False,False,,True
faltered,3,NOT culture AND extracurricular AND contestation,culture;extracurricular;contestation,011,0.764,0.495,120,22,0.44,0.167,0.196,0.125,0.182,0.188,0.2,4,-0.125,False,False,False,,True
faltered,3,NOT single_tax AND investment AND NOT small,single_tax;investment;small,010,0.764,0.492,119,23,0.404,0.174,0.152,0.208,0.182,0.125,0.1,4,-0.125,False,False,False,,True
faltered,3,property_tax AND payroll_pit AND investment,property_tax;payroll_pit;investment,111,0.764,0.491,125,32,0.533,0.242,0.37,0.208,0.136,0.125,0.367,4,-0.125,False,False,False,,True
faltered,3,autonomy AND NOT culture AND contestation,autonomy;culture;contestation,101,0.764,0.482,110,23,0.5,0.174,0.217,0.146,0.136,0.188,0.167,4,-0.125,False,False,False,,True
faltered,3,NOT property_tax AND extracurricular AND contestation,property_tax;extracurricular;contestation,011,0.764,0.464,98,17,0.386,0.129,0.043,0.125,0.273,0.188,0.067,3,-0.125,False,False,False,,True
faltered,3,property_tax AND culture AND balance,property_tax;culture;balance,111,0.764,0.463,108,31,0.525,0.235,0.326,0.167,0.227,0.188,0.333,4,-0.125,False,False,False,,True
faltered,3,autonomy AND NOT social AND NOT education,autonomy;social;education,100,0.764,0.463,96,19,0.463,0.144,0.174,0.146,0.136,0.062,0.133,3,-0.125,False,False,False,,True
faltered,3,autonomy AND culture AND contestation,autonomy;culture;contestation,111,0.764,0.439,88,21,0.447,0.159,0.152,0.188,0.182,0.062,0.2,3,-0.125,False,False,False,,True
faltered,3,NOT investment AND NOT culture AND NOT education,investment;culture;education,000,0.764,0.435,101,22,0.458,0.167,0.087,0.292,0.136,0.062,0.1,3,-0.125,False,False,False,,True
faltered,3,NOT payroll_pit AND NOT investment AND NOT culture,payroll_pit;investment;culture,000,0.764,0.415,89,19,0.463,0.144,0.087,0.208,0.091,0.188,0.1,4,-0.125,False,False,False,,True
faltered,3,NOT local_tax_base AND NOT property_tax AND NOT balance,local_tax_base;property_tax;balance,000,0.764,0.405,83,16,0.471,0.121,0.065,0.146,0.227,0.062,0.1,4,-0.125,False,False,False,,True
faltered,3,payroll_pit AND culture AND NOT extracurricular,payroll_pit;culture;extracurricular,110,0.764,0.367,64,13,0.448,0.098,0.087,0.104,0.091,0.125,0.133,4,-0.125,False,False,False,,True
faltered,3,investment AND contestation AND NOT small,investment;contestation;small,110,0.763,0.535,126,28,0.483,0.212,0.261,0.208,0.182,0.125,0.233,4,-0.126,False,False,False,,True
faltered,3,autonomy AND investment AND extracurricular,autonomy;investment;extracurricular,111,0.763,0.526,127,30,0.536,0.227,0.326,0.167,0.182,0.188,0.3,4,-0.126,False,False,False,,True
faltered,3,NOT payroll_pit AND NOT education AND extracurricular,payroll_pit;education;extracurricular,001,0.763,0.477,117,22,0.373,0.167,0.065,0.188,0.318,0.188,0.033,3,-0.126,False,False,False,,True
faltered,3,NOT local_tax_base AND single_tax AND autonomy,local_tax_base;single_tax;autonomy,011,0.763,0.468,115,31,0.517,0.235,0.283,0.188,0.227,0.25,0.3,4,-0.126,False,False,False,,True
faltered,3,local_tax_base AND NOT payroll_pit AND NOT education,local_tax_base;payroll_pit;education,100,0.763,0.466,114,30,0.517,0.227,0.239,0.271,0.091,0.25,0.267,3,-0.126,False,False,False,,True
faltered,3,NOT payroll_pit AND NOT culture AND contestation,payroll_pit;culture;contestation,001,0.763,0.461,103,20,0.417,0.152,0.065,0.25,0.091,0.188,0.067,3,-0.126,False,False,False,,True
faltered,3,NOT property_tax AND NOT social AND extracurricular,property_tax;social;extracurricular,001,0.763,0.457,101,18,0.419,0.136,0.065,0.146,0.273,0.125,0.033,3,-0.126,False,False,False,,True
faltered,3,NOT property_tax AND NOT autonomy AND NOT small,property_tax;autonomy;small,000,0.763,0.45,114,28,0.483,0.212,0.109,0.25,0.227,0.375,0.133,4,-0.126,False,False,False,,True
faltered,3,NOT property_tax AND NOT payroll_pit AND contestation,property_tax;payroll_pit;contestation,001,0.763,0.447,97,19,0.396,0.144,0.087,0.188,0.136,0.188,0.1,4,-0.126,False,False,False,,True
faltered,3,property_tax AND investment AND culture,property_tax;investment;culture,111,0.763,0.447,100,22,0.431,0.167,0.196,0.146,0.182,0.125,0.233,4,-0.126,False,False,False,,True
faltered,3,NOT payroll_pit AND NOT autonomy AND NOT social,payroll_pit;autonomy;social,000,0.763,0.436,108,32,0.542,0.242,0.152,0.354,0.182,0.25,0.2,4,-0.126,False,False,False,,True
faltered,3,NOT autonomy AND NOT culture AND NOT education,autonomy;culture;education,000,0.763,0.427,101,26,0.464,0.197,0.109,0.333,0.136,0.125,0.167,4,-0.126,False,False,False,,True
faltered,3,NOT single_tax AND NOT autonomy AND NOT social,single_tax;autonomy;social,000,0.763,0.407,87,24,0.511,0.182,0.109,0.312,0.091,0.125,0.133,4,-0.126,False,False,False,,True
faltered,3,NOT payroll_pit AND NOT autonomy AND NOT investment,payroll_pit;autonomy;investment,000,0.763,0.389,81,22,0.489,0.167,0.109,0.188,0.136,0.312,0.1,4,-0.126,False,False,False,,True
faltered,3,social AND culture AND NOT extracurricular,social;culture;extracurricular,110,0.763,0.369,63,11,0.344,0.083,0.087,0.062,0.091,0.125,0.1,4,-0.126,False,False,False,,True
faltered,3,autonomy AND investment AND social,autonomy;investment;social,111,0.762,0.525,129,32,0.516,0.242,0.391,0.146,0.182,0.188,0.367,4,-0.127,False,False,False,,True
faltered,3,single_tax AND payroll_pit AND extracurricular,single_tax;payroll_pit;extracurricular,111,0.762,0.508,127,39,0.591,0.295,0.37,0.229,0.318,0.25,0.333,4,-0.127,False,False,False,,True
faltered,3,contestation AND balance AND NOT small,contestation;balance;small,110,0.762,0.504,122,24,0.393,0.182,0.196,0.188,0.136,0.188,0.167,4,-0.127,False,False,False,,True
faltered,3,payroll_pit AND social AND balance,payroll_pit;social;balance,111,0.762,0.5,131,37,0.529,0.28,0.37,0.208,0.182,0.375,0.333,4,-0.127,False,False,False,,True
faltered,3,investment AND extracurricular AND balance,investment;extracurricular;balance,111,0.762,0.5,110,26,0.456,0.197,0.239,0.146,0.227,0.188,0.2,4,-0.127,False,False,False,,True
faltered,3,NOT payroll_pit AND extracurricular AND NOT small,payroll_pit;extracurricular;small,010,0.762,0.497,126,23,0.383,0.174,0.043,0.208,0.409,0.125,0.0,3,-0.127,False,False,False,,True
faltered,3,NOT single_tax AND NOT payroll_pit AND extracurricular,single_tax;payroll_pit;extracurricular,001,0.762,0.47,111,19,0.358,0.144,0.022,0.146,0.364,0.188,0.0,3,-0.127,False,False,False,,True
faltered,3,NOT local_tax_base AND NOT culture AND contestation,local_tax_base;culture;contestation,001,0.762,0.465,108,25,0.49,0.189,0.196,0.229,0.136,0.125,0.2,4,-0.127,False,False,False,,True
faltered,3,NOT property_tax AND NOT payroll_pit AND extracurricular,property_tax;payroll_pit;extracurricular,001,0.762,0.461,110,19,0.358,0.144,0.043,0.146,0.273,0.25,0.033,3,-0.127,False,False,False,,True
faltered,3,NOT social AND NOT culture AND contestation,social;culture;contestation,001,0.762,0.461,100,22,0.489,0.167,0.087,0.271,0.136,0.125,0.067,4,-0.127,False,False,False,,True
faltered,3,NOT local_tax_base AND contestation AND balance,local_tax_base;contestation;balance,011,0.762,0.455,98,21,0.438,0.159,0.152,0.146,0.182,0.188,0.167,4,-0.127,False,False,False,,True
faltered,3,NOT autonomy AND NOT education AND NOT small,autonomy;education;small,000,0.762,0.439,112,28,0.459,0.212,0.109,0.312,0.227,0.188,0.1,4,-0.127,False,False,False,,True
faltered,3,NOT local_tax_base AND NOT social AND NOT culture,local_tax_base;social;culture,000,0.762,0.436,88,17,0.447,0.129,0.087,0.167,0.182,0.062,0.1,3,-0.127,False,False,False,,True
faltered,3,NOT local_tax_base AND NOT investment AND NOT small,local_tax_base;investment;small,000,0.762,0.434,95,22,0.478,0.167,0.087,0.188,0.227,0.25,0.033,4,-0.127,False,False,False,,True
faltered,3,NOT local_tax_base AND payroll_pit AND education,local_tax_base;payroll_pit;education,011,0.762,0.432,87,26,0.51,0.197,0.13,0.188,0.227,0.375,0.167,4,-0.127,False,False,False,,True
faltered,3,NOT local_tax_base AND social AND culture,local_tax_base;social;culture,011,0.762,0.426,86,23,0.469,0.174,0.174,0.104,0.227,0.312,0.167,4,-0.127,False,False,False,,True
faltered,3,single_tax AND autonomy AND social,single_tax;autonomy;social,111,0.761,0.517,128,36,0.571,0.273,0.37,0.188,0.273,0.25,0.433,4,-0.128,False,False,False,,True
faltered,3,property_tax AND autonomy AND contestation,property_tax;autonomy;contestation,111,0.761,0.494,124,33,0.532,0.25,0.348,0.25,0.182,0.062,0.333,3,-0.128,False,False,False,,True
faltered,3,NOT social AND extracurricular AND NOT small,social;extracurricular;small,010,0.761,0.493,113,19,0.388,0.144,0.065,0.208,0.273,0.0,0.033,2,-0.128,False,False,False,,False
faltered,3,NOT single_tax AND investment AND NOT education,single_tax;investment;education,010,0.761,0.481,119,24,0.407,0.182,0.174,0.208,0.136,0.188,0.167,4,-0.128,False,False,False,,True
faltered,3,autonomy AND culture AND extracurricular,autonomy;culture;extracurricular,111,0.761,0.458,98,26,0.5,0.197,0.217,0.167,0.273,0.125,0.2,4,-0.128,False,False,False,,True
faltered,3,investment AND social AND culture,investment;social;culture,111,0.761,0.447,95,21,0.447,0.159,0.174,0.125,0.227,0.125,0.167,4,-0.128,False,False,False,,True
faltered,3,NOT property_tax AND NOT autonomy AND NOT culture,property_tax;autonomy;culture,000,0.761,0.439,111,26,0.456,0.197,0.13,0.271,0.136,0.25,0.2,4,-0.128,False,False,False,,True
faltered,3,single_tax AND education AND small,single_tax;education;small,111,0.761,0.421,96,25,0.521,0.189,0.174,0.146,0.227,0.312,0.167,4,-0.128,False,False,False,,True
faltered,3,payroll_pit AND education AND small,payroll_pit;education;small,111,0.761,0.412,90,25,0.556,0.189,0.217,0.146,0.227,0.188,0.233,4,-0.128,False,False,False,,True
faltered,3,culture AND education AND small,culture;education;small,111,0.761,0.412,88,24,0.49,0.182,0.174,0.146,0.227,0.25,0.2,4,-0.128,False,False,False,,True
faltered,3,NOT property_tax AND NOT social AND NOT balance,property_tax;social;balance,000,0.761,0.405,96,19,0.5,0.144,0.065,0.188,0.182,0.188,0.1,3,-0.128,False,False,False,,True
faltered,3,NOT single_tax AND contestation AND NOT balance,single_tax;contestation;balance,010,0.761,0.395,87,18,0.439,0.136,0.065,0.229,0.136,0.062,0.067,2,-0.128,False,False,False,,False
faltered,3,investment AND NOT culture AND NOT small,investment;culture;small,100,0.76,0.529,135,33,0.485,0.25,0.348,0.25,0.136,0.125,0.333,4,-0.129,False,False,False,,True
faltered,3,autonomy AND social AND contestation,autonomy;social;contestation,111,0.76,0.516,125,30,0.476,0.227,0.283,0.208,0.182,0.188,0.3,4,-0.129,False,False,False,,True
faltered,3,single_tax AND social AND education,single_tax;social;education,111,0.76,0.47,110,33,0.541,0.25,0.196,0.208,0.273,0.5,0.233,4,-0.129,False,False,False,,True
faltered,3,NOT investment AND extracurricular AND NOT small,investment;extracurricular;small,010,0.76,0.467,122,29,0.468,0.22,0.13,0.208,0.409,0.25,0.067,4,-0.129,False,False,False,,True
faltered,3,single_tax AND autonomy AND education,single_tax;autonomy;education,111,0.76,0.461,101,26,0.5,0.197,0.174,0.208,0.182,0.25,0.2,4,-0.129,False,False,False,,True
faltered,3,NOT local_tax_base AND NOT property_tax AND NOT payroll_pit,local_tax_base;property_tax;payroll_pit,000,0.76,0.447,111,21,0.382,0.159,0.087,0.167,0.273,0.188,0.067,4,-0.129,False,False,False,,True
faltered,3,NOT local_tax_base AND NOT property_tax AND balance,local_tax_base;property_tax;balance,001,0.76,0.446,105,27,0.435,0.205,0.152,0.167,0.318,0.312,0.1,4,-0.129,False,False,False,,True
faltered,3,NOT property_tax AND NOT single_tax AND autonomy,property_tax;single_tax;autonomy,001,0.76,0.426,78,13,0.333,0.098,0.087,0.062,0.182,0.125,0.033,4,-0.129,False,False,False,,True
faltered,3,NOT payroll_pit AND NOT investment AND NOT education,payroll_pit;investment;education,000,0.76,0.422,97,23,0.442,0.174,0.13,0.229,0.182,0.125,0.1,4,-0.129,False,False,False,,True
faltered,3,NOT property_tax AND NOT investment AND NOT culture,property_tax;investment;culture,000,0.76,0.421,95,23,0.5,0.174,0.087,0.25,0.136,0.25,0.1,3,-0.129,False,False,False,,True
faltered,3,single_tax AND payroll_pit AND small,single_tax;payroll_pit;small,111,0.76,0.413,91,24,0.571,0.182,0.196,0.146,0.227,0.188,0.2,4,-0.129,False,False,False,,True
faltered,3,NOT local_tax_base AND investment AND NOT small,local_tax_base;investment;small,010,0.759,0.515,136,31,0.431,0.235,0.348,0.146,0.227,0.188,0.333,4,-0.13,False,False,False,,True
faltered,3,NOT local_tax_base AND NOT culture AND extracurricular,local_tax_base;culture;extracurricular,001,0.759,0.494,128,27,0.466,0.205,0.217,0.167,0.318,0.125,0.167,4,-0.13,False,False,False,,True
faltered,3,NOT local_tax_base AND single_tax AND payroll_pit,local_tax_base;single_tax;payroll_pit,011,0.759,0.47,119,33,0.516,0.25,0.304,0.188,0.227,0.312,0.333,4,-0.13,False,False,False,,True
faltered,3,NOT payroll_pit AND NOT autonomy AND NOT small,payroll_pit;autonomy;small,000,0.759,0.455,121,30,0.476,0.227,0.109,0.312,0.273,0.25,0.1,3,-0.13,False,False,False,,True
faltered,3,NOT education AND contestation AND NOT balance,education;contestation;balance,010,0.759,0.436,102,25,0.543,0.189,0.152,0.271,0.182,0.062,0.133,3,-0.13,False,False,False,,True
faltered,3,NOT local_tax_base AND NOT single_tax AND NOT payroll_pit,local_tax_base;single_tax;payroll_pit,000,0.759,0.432,104,18,0.34,0.136,0.087,0.146,0.227,0.125,0.067,4,-0.13,False,False,False,,True
faltered,3,NOT local_tax_base AND NOT single_tax AND NOT social,local_tax_base;single_tax;social,000,0.759,0.426,87,17,0.436,0.129,0.109,0.125,0.227,0.062,0.133,3,-0.13,False,False,False,,True
faltered,3,NOT payroll_pit AND NOT social AND NOT balance,payroll_pit;social;balance,000,0.759,0.413,94,20,0.5,0.152,0.087,0.208,0.136,0.188,0.1,4,-0.13,False,False,False,,True
faltered,3,autonomy AND culture AND NOT extracurricular,autonomy;culture;extracurricular,110,0.759,0.371,68,11,0.344,0.083,0.13,0.062,0.045,0.062,0.167,4,-0.13,False,False,False,,True
faltered,3,single_tax AND autonomy AND investment,single_tax;autonomy;investment,111,0.758,0.511,127,32,0.542,0.242,0.37,0.208,0.136,0.125,0.4,4,-0.131,False,False,False,,True
faltered,3,extracurricular AND contestation AND balance,extracurricular;contestation;balance,111,0.758,0.508,124,28,0.452,0.212,0.239,0.167,0.227,0.25,0.2,4,-0.131,False,False,False,,True
faltered,3,NOT single_tax AND NOT autonomy AND NOT small,single_tax;autonomy;small,000,0.758,0.437,107,24,0.436,0.182,0.043,0.292,0.227,0.188,0.033,3,-0.131,False,False,False,,True
faltered,3,NOT local_tax_base AND NOT property_tax AND NOT investment,local_tax_base;property_tax;investment,000,0.758,0.413,89,22,0.512,0.167,0.087,0.188,0.227,0.25,0.067,4,-0.131,False,False,False,,True
faltered,3,investment AND NOT education AND NOT small,investment;education;small,100,0.757,0.554,159,38,0.494,0.288,0.413,0.25,0.182,0.188,0.4,4,-0.132,False,False,False,,True
faltered,3,autonomy AND investment AND contestation,autonomy;investment;contestation,111,0.757,0.526,126,31,0.517,0.235,0.326,0.208,0.136,0.188,0.3,4,-0.132,False,False,False,,True
faltered,3,investment AND NOT culture AND NOT education,investment;culture;education,100,0.757,0.516,134,33,0.493,0.25,0.283,0.292,0.136,0.188,0.267,4,-0.132,False,False,False,,True
faltered,3,NOT local_tax_base AND autonomy AND social,local_tax_base;autonomy;social,011,0.757,0.504,137,36,0.493,0.273,0.326,0.208,0.273,0.312,0.267,4,-0.132,False,False,False,,True
faltered,3,single_tax AND payroll_pit AND investment,single_tax;payroll_pit;investment,111,0.757,0.501,127,34,0.54,0.258,0.348,0.229,0.227,0.125,0.4,3,-0.132,False,False,False,,True
faltered,3,autonomy AND contestation AND balance,autonomy;contestation;balance,111,0.757,0.493,124,26,0.413,0.197,0.239,0.167,0.182,0.188,0.267,4,-0.132,False,False,False,,True
faltered,3,NOT local_tax_base AND payroll_pit AND social,local_tax_base;payroll_pit;social,011,0.757,0.492,132,37,0.529,0.28,0.348,0.208,0.227,0.375,0.333,4,-0.132,False,False,False,,True
faltered,3,NOT payroll_pit AND NOT education AND contestation,payroll_pit;education;contestation,001,0.757,0.472,110,24,0.453,0.182,0.152,0.229,0.182,0.125,0.133,4,-0.132,False,False,False,,True
faltered,3,autonomy AND social AND education,autonomy;social;education,111,0.757,0.452,98,26,0.473,0.197,0.152,0.208,0.227,0.25,0.167,4,-0.132,False,False,False,,True
faltered,3,NOT single_tax AND NOT education AND balance,single_tax;education;balance,001,0.757,0.449,108,23,0.365,0.174,0.174,0.167,0.227,0.125,0.133,4,-0.132,False,False,False,,True
faltered,3,NOT property_tax AND NOT education AND balance,property_tax;education;balance,001,0.757,0.448,112,28,0.412,0.212,0.239,0.208,0.182,0.188,0.2,4,-0.132,False,False,False,,True
faltered,3,NOT single_tax AND NOT investment AND NOT small,single_tax;investment;small,000,0.757,0.441,101,20,0.417,0.152,0.065,0.188,0.273,0.125,0.033,3,-0.132,False,False,False,,True
faltered,3,NOT property_tax AND NOT payroll_pit AND NOT investment,property_tax;payroll_pit;investment,000,0.757,0.415,96,21,0.42,0.159,0.109,0.188,0.136,0.25,0.1,4,-0.132,False,False,False,,True
faltered,3,single_tax AND payroll_pit AND social,single_tax;payroll_pit;social,111,0.756,0.521,143,44,0.595,0.333,0.413,0.229,0.364,0.375,0.467,4,-0.133,False,False,False,,True
faltered,3,NOT single_tax AND NOT culture AND extracurricular,single_tax;culture;extracurricular,001,0.756,0.488,120,24,0.462,0.182,0.109,0.208,0.318,0.125,0.033,4,-0.133,False,False,False,,True
faltered,3,payroll_pit AND culture AND balance,payroll_pit;culture;balance,111,0.756,0.477,114,33,0.55,0.25,0.326,0.188,0.182,0.312,0.333,4,-0.133,False,False,False,,True
faltered,3,NOT local_tax_base AND NOT education AND contestation,local_tax_base;education;contestation,001,0.756,0.47,111,22,0.44,0.167,0.13,0.229,0.182,0.062,0.133,3,-0.133,False,False,False,,True
faltered,3,NOT local_tax_base AND NOT single_tax AND contestation,local_tax_base;single_tax;contestation,001,0.756,0.435,90,19,0.413,0.144,0.109,0.208,0.136,0.062,0.1,3,-0.133,False,False,False,,True
faltered,3,NOT single_tax AND NOT autonomy AND NOT culture,single_tax;autonomy;culture,000,0.756,0.424,104,24,0.436,0.182,0.043,0.354,0.136,0.125,0.067,3,-0.133,False,False,False,,True
faltered,3,NOT single_tax AND NOT payroll_pit AND NOT investment,single_tax;payroll_pit;investment,000,0.756,0.415,93,20,0.408,0.152,0.109,0.188,0.182,0.125,0.1,4,-0.133,False,False,False,,True
faltered,3,payroll_pit AND culture AND small,payroll_pit;culture;small,111,0.756,0.402,86,23,0.535,0.174,0.174,0.146,0.227,0.188,0.2,4,-0.133,False,False,False,,True
faltered,3,autonomy AND balance AND NOT small,autonomy;balance;small,110,0.755,0.524,145,34,0.43,0.258,0.37,0.208,0.182,0.188,0.3,4,-0.134,False,False,False,,True
faltered,3,property_tax AND single_tax AND autonomy,property_tax;single_tax;autonomy,111,0.755,0.512,133,36,0.562,0.273,0.413,0.208,0.182,0.188,0.4,4,-0.134,False,False,False,,True
faltered,3,NOT local_tax_base AND NOT education AND extracurricular,local_tax_base;education;extracurricular,001,0.755,0.503,140,30,0.455,0.227,0.304,0.146,0.364,0.062,0.233,3,-0.134,False,False,False,,True
faltered,3,autonomy AND NOT education AND contestation,autonomy;education;contestation,101,0.755,0.502,125,23,0.442,0.174,0.217,0.146,0.182,0.125,0.2,4,-0.134,False,False,False,,True
faltered,3,NOT local_tax_base AND NOT single_tax AND extracurricular,local_tax_base;single_tax;extracurricular,001,0.755,0.471,117,23,0.418,0.174,0.152,0.125,0.364,0.125,0.1,4,-0.134,False,False,False,,True
faltered,3,NOT local_tax_base AND NOT property_tax AND autonomy,local_tax_base;property_tax;autonomy,001,0.755,0.462,106,23,0.426,0.174,0.152,0.146,0.318,0.125,0.1,4,-0.134,False,False,False,,True
faltered,3,NOT local_tax_base AND autonomy AND NOT culture,local_tax_base;autonomy;culture,010,0.755,0.461,111,24,0.462,0.182,0.217,0.167,0.182,0.125,0.167,4,-0.134,False,False,False,,True
faltered,3,NOT local_tax_base AND NOT property_tax AND contestation,local_tax_base;property_tax;contestation,001,0.755,0.459,94,19,0.432,0.144,0.043,0.208,0.227,0.125,0.067,3,-0.134,False,False,False,,True
faltered,3,NOT property_tax AND extracurricular AND balance,property_tax;extracurricular;balance,011,0.755,0.459,107,26,0.413,0.197,0.109,0.188,0.273,0.375,0.067,4,-0.134,False,False,False,,True
faltered,3,NOT single_tax AND NOT payroll_pit AND contestation,single_tax;payroll_pit;contestation,001,0.755,0.454,105,20,0.392,0.152,0.087,0.208,0.182,0.125,0.1,4,-0.134,False,False,False,,True
faltered,3,NOT single_tax AND autonomy AND NOT culture,single_tax;autonomy;culture,010,0.755,0.452,93,21,0.5,0.159,0.152,0.167,0.182,0.125,0.1,4,-0.134,False,False,False,,True
faltered,3,payroll_pit AND investment AND culture,payroll_pit;investment;culture,111,0.755,0.451,102,24,0.471,0.182,0.196,0.188,0.182,0.125,0.233,4,-0.134,False,False,False,,True
faltered,3,autonomy AND investment AND NOT small,autonomy;investment;small,110,0.754,0.55,140,31,0.477,0.235,0.391,0.167,0.136,0.125,0.333,4,-0.135,False,False,False,,True
faltered,3,property_tax AND payroll_pit AND social,property_tax;payroll_pit;social,111,0.754,0.514,150,42,0.568,0.318,0.413,0.292,0.227,0.25,0.4,4,-0.135,False,False,False,,True
faltered,3,NOT property_tax AND autonomy AND NOT small,property_tax;autonomy;small,010,0.754,0.486,118,23,0.404,0.174,0.174,0.146,0.273,0.125,0.133,4,-0.135,False,False,False,,True
faltered,3,property_tax AND single_tax AND education,property_tax;single_tax;education,111,0.754,0.475,115,30,0.508,0.227,0.217,0.208,0.227,0.312,0.233,4,-0.135,False,False,False,,True
faltered,3,property_tax AND autonomy AND education,property_tax;autonomy;education,111,0.754,0.452,104,26,0.473,0.197,0.217,0.188,0.182,0.188,0.233,4,-0.135,False,False,False,,True
faltered,3,NOT local_tax_base AND NOT social AND NOT education,local_tax_base;social;education,000,0.754,0.441,96,19,0.422,0.144,0.13,0.188,0.136,0.062,0.133,3,-0.135,False,False,False,,True
faltered,3,NOT property_tax AND NOT autonomy AND NOT education,property_tax;autonomy;education,000,0.754,0.429,110,28,0.459,0.212,0.152,0.271,0.182,0.25,0.2,4,-0.135,False,False,False,,True
faltered,3,autonomy AND extracurricular AND contestation,autonomy;extracurricular;contestation,111,0.753,0.526,136,30,0.492,0.227,0.261,0.188,0.273,0.188,0.267,4,-0.136,False,False,False,,True
faltered,3,NOT local_tax_base AND payroll_pit AND NOT small,local_tax_base;payroll_pit;small,010,0.753,0.492,129,34,0.5,0.258,0.37,0.167,0.227,0.25,0.333,4,-0.136,False,False,False,,True
faltered,3,NOT payroll_pit AND NOT social AND NOT small,payroll_pit;social;small,000,0.753,0.489,130,28,0.467,0.212,0.152,0.312,0.182,0.125,0.133,4,-0.136,False,False,False,,True
faltered,3,NOT property_tax AND balance AND NOT small,property_tax;balance;small,010,0.753,0.478,127,35,0.455,0.265,0.239,0.25,0.227,0.438,0.2,4,-0.136,False,False,False,,True
faltered,3,NOT property_tax AND autonomy AND NOT education,property_tax;autonomy;education,010,0.753,0.469,108,20,0.392,0.152,0.174,0.125,0.182,0.125,0.133,4,-0.136,False,False,False,,True
faltered,3,NOT single_tax AND balance AND NOT small,single_tax;balance;small,010,0.753,0.469,115,26,0.394,0.197,0.174,0.188,0.273,0.188,0.1,4,-0.136,False,False,False,,True
faltered,3,NOT culture AND NOT balance AND NOT small,culture;balance;small,000,0.753,0.468,112,26,0.553,0.197,0.174,0.25,0.227,0.062,0.167,3,-0.136,False,False,False,,True
faltered,3,NOT social AND NOT education AND NOT balance,social;education;balance,000,0.753,0.429,102,25,0.581,0.189,0.109,0.292,0.136,0.188,0.1,4,-0.136,False,False,False,,True
faltered,3,NOT single_tax AND NOT social AND NOT balance,single_tax;social;balance,000,0.753,0.399,90,20,0.526,0.152,0.065,0.208,0.182,0.188,0.1,3,-0.136,False,False,False,,True
faltered,3,payroll_pit AND autonomy AND NOT small,payroll_pit;autonomy;small,110,0.752,0.53,149,38,0.521,0.288,0.391,0.25,0.273,0.125,0.333,3,-0.137,False,False,False,,True
faltered,3,property_tax AND autonomy AND balance,property_tax;autonomy;balance,111,0.752,0.493,132,32,0.485,0.242,0.391,0.146,0.227,0.125,0.433,4,-0.137,False,False,False,,True
faltered,3,single_tax AND social AND culture,single_tax;social;culture,111,0.752,0.477,115,35,0.565,0.265,0.283,0.208,0.273,0.375,0.267,4,-0.137,False,False,False,,True
faltered,3,payroll_pit AND social AND education,payroll_pit;social;education,111,0.752,0.476,117,36,0.554,0.273,0.239,0.25,0.273,0.438,0.267,4,-0.137,False,False,False,,True
faltered,3,social AND culture AND balance,social;culture;balance,111,0.752,0.476,114,32,0.492,0.242,0.304,0.146,0.273,0.312,0.267,4,-0.137,False,False,False,,True
faltered,3,NOT investment AND NOT education AND NOT small,investment;education;small,000,0.752,0.458,119,25,0.431,0.189,0.152,0.229,0.273,0.062,0.067,3,-0.137,False,False,False,,True
faltered,3,NOT local_tax_base AND NOT social AND NOT small,local_tax_base;social;small,000,0.752,0.454,101,19,0.413,0.144,0.109,0.188,0.182,0.062,0.1,3,-0.137,False,False,False,,True
faltered,3,NOT culture AND NOT education AND extracurricular,culture;education;extracurricular,001,0.751,0.525,143,26,0.419,0.197,0.174,0.208,0.273,0.125,0.133,4,-0.138,False,False,False,,True
faltered,3,autonomy AND investment AND balance,autonomy;investment;balance,111,0.751,0.502,125,30,0.448,0.227,0.391,0.104,0.182,0.188,0.4,3,-0.138,False,False,False,,True
faltered,3,property_tax AND autonomy AND investment,property_tax;autonomy;investment,111,0.75,0.514,139,36,0.545,0.273,0.457,0.229,0.091,0.125,0.467,2,-0.139,False,False,False,,False
faltered,3,property_tax AND payroll_pit AND education,property_tax;payroll_pit;education,111,0.75,0.478,122,33,0.524,0.25,0.283,0.229,0.227,0.25,0.3,4,-0.139,False,False,False,,True
faltered,3,NOT property_tax AND NOT single_tax AND extracurricular,property_tax;single_tax;extracurricular,001,0.75,0.473,115,20,0.364,0.152,0.043,0.125,0.364,0.25,0.0,3,-0.139,False,False,False,,True
faltered,3,NOT property_tax AND NOT investment AND NOT small,property_tax;investment;small,000,0.75,0.443,110,27,0.491,0.205,0.109,0.229,0.273,0.312,0.067,4,-0.139,False,False,False,,True
faltered,3,NOT single_tax AND NOT investment AND NOT education,single_tax;investment;education,000,0.75,0.432,106,24,0.436,0.182,0.087,0.271,0.227,0.125,0.067,3,-0.139,False,False,False,,True
faltered,3,NOT social AND NOT culture AND NOT balance,social;culture;balance,000,0.75,0.431,105,25,0.556,0.189,0.109,0.292,0.182,0.125,0.067,4,-0.139,False,False,False,,True
faltered,3,NOT education AND balance AND NOT small,education;balance;small,010,0.749,0.516,155,37,0.43,0.28,0.391,0.229,0.227,0.188,0.3,4,-0.14,False,False,False,,True
faltered,3,autonomy AND social AND balance,autonomy;social;balance,111,0.749,0.515,143,37,0.468,0.28,0.37,0.208,0.273,0.25,0.333,4,-0.14,False,False,False,,True
faltered,3,property_tax AND autonomy AND social,property_tax;autonomy;social,111,0.749,0.513,145,36,0.514,0.273,0.391,0.229,0.182,0.188,0.4,4,-0.14,False,False,False,,True
faltered,3,NOT property_tax AND NOT culture AND extracurricular,property_tax;culture;extracurricular,001,0.749,0.492,126,24,0.414,0.182,0.087,0.188,0.318,0.25,0.067,3,-0.14,False,False,False,,True
faltered,3,property_tax AND single_tax AND culture,property_tax;single_tax;culture,111,0.749,0.479,121,34,0.523,0.258,0.283,0.229,0.227,0.312,0.267,4,-0.14,False,False,False,,True
faltered,3,NOT local_tax_base AND payroll_pit AND balance,local_tax_base;payroll_pit;balance,011,0.749,0.472,117,32,0.5,0.242,0.326,0.167,0.182,0.312,0.3,4,-0.14,False,False,False,,True
faltered,3,NOT payroll_pit AND NOT autonomy AND NOT culture,payroll_pit;autonomy;culture,000,0.749,0.45,124,30,0.462,0.227,0.109,0.375,0.136,0.25,0.167,3,-0.14,False,False,False,,True
faltered,3,NOT local_tax_base AND NOT single_tax AND autonomy,local_tax_base;single_tax;autonomy,001,0.749,0.435,94,18,0.383,0.136,0.152,0.125,0.182,0.062,0.067,3,-0.14,False,False,False,,True
faltered,3,NOT property_tax AND NOT culture AND NOT balance,property_tax;culture;balance,000,0.749,0.429,106,18,0.409,0.136,0.065,0.188,0.182,0.125,0.1,3,-0.14,False,False,False,,True
faltered,3,NOT property_tax AND NOT single_tax AND NOT investment,property_tax;single_tax;investment,000,0.749,0.413,93,21,0.429,0.159,0.087,0.208,0.182,0.188,0.067,4,-0.14,False,False,False,,True
faltered,3,NOT local_tax_base AND balance AND NOT small,local_tax_base;balance;small,010,0.748,0.503,147,36,0.429,0.273,0.326,0.208,0.227,0.375,0.233,4,-0.141,False,False,False,,True
faltered,3,NOT local_tax_base AND autonomy AND NOT education,local_tax_base;autonomy;education,010,0.748,0.481,127,28,0.467,0.212,0.348,0.146,0.182,0.062,0.267,3,-0.141,False,False,False,,True
faltered,3,NOT property_tax AND NOT culture AND contestation,property_tax;culture;contestation,001,0.748,0.475,115,23,0.418,0.174,0.087,0.25,0.136,0.25,0.133,3,-0.141,False,False,False,,True
faltered,3,payroll_pit AND autonomy AND education,payroll_pit;autonomy;education,111,0.748,0.474,116,32,0.516,0.242,0.217,0.25,0.273,0.25,0.233,4,-0.141,False,False,False,,True
faltered,3,autonomy AND investment AND culture,autonomy;investment;culture,111,0.748,0.457,106,23,0.46,0.174,0.239,0.146,0.136,0.125,0.267,4,-0.141,False,False,False,,True
faltered,3,NOT property_tax AND NOT balance AND NOT small,property_tax;balance;small,000,0.748,0.438,105,16,0.421,0.121,0.043,0.146,0.273,0.062,0.067,3,-0.141,False,False,False,,True
faltered,3,NOT property_tax AND NOT investment AND NOT education,property_tax;investment;education,000,0.748,0.424,103,24,0.444,0.182,0.152,0.229,0.182,0.125,0.133,4,-0.141,False,False,False,,True
faltered,3,NOT property_tax AND NOT payroll_pit AND NOT balance,property_tax;payroll_pit;balance,000,0.748,0.406,98,14,0.359,0.106,0.065,0.125,0.091,0.188,0.1,4,-0.141,False,False,False,,True
faltered,3,NOT local_tax_base AND extracurricular AND contestation,local_tax_base;extracurricular;contestation,011,0.747,0.506,130,27,0.45,0.205,0.239,0.146,0.273,0.188,0.267,4,-0.142,False,False,False,,True
faltered,3,NOT local_tax_base AND payroll_pit AND extracurricular,local_tax_base;payroll_pit;extracurricular,011,0.747,0.495,131,37,0.544,0.28,0.391,0.146,0.318,0.312,0.367,4,-0.142,False,False,False,,True
faltered,3,NOT local_tax_base AND payroll_pit AND investment,local_tax_base;payroll_pit;investment,011,0.747,0.472,116,29,0.468,0.22,0.348,0.146,0.182,0.125,0.367,4,-0.142,False,False,False,,True
faltered,3,NOT local_tax_base AND NOT property_tax AND NOT social,local_tax_base;property_tax;social,000,0.747,0.447,109,21,0.438,0.159,0.109,0.188,0.273,0.062,0.1,3,-0.142,False,False,False,,True
faltered,3,NOT payroll_pit AND NOT autonomy AND NOT education,payroll_pit;autonomy;education,000,0.747,0.441,123,34,0.486,0.258,0.174,0.354,0.227,0.25,0.2,4,-0.142,False,False,False,,True
faltered,3,NOT local_tax_base AND autonomy AND culture,local_tax_base;autonomy;culture,011,0.747,0.43,98,25,0.455,0.189,0.217,0.146,0.227,0.188,0.2,4,-0.142,False,False,False,,True
faltered,3,NOT single_tax AND NOT autonomy AND NOT education,single_tax;autonomy;education,000,0.747,0.425,113,28,0.444,0.212,0.087,0.333,0.227,0.188,0.1,3,-0.142,False,False,False,,True
faltered,3,property_tax AND single_tax AND payroll_pit,property_tax;single_tax;payroll_pit,111,0.746,0.522,146,41,0.577,0.311,0.413,0.25,0.273,0.25,0.4,4,-0.143,False,False,False,,True
faltered,3,NOT single_tax AND NOT education AND extracurricular,single_tax;education;extracurricular,001,0.746,0.501,134,23,0.365,0.174,0.087,0.167,0.364,0.188,0.033,3,-0.143,False,False,False,,True
faltered,3,property_tax AND social AND culture,property_tax;social;culture,111,0.746,0.473,130,35,0.507,0.265,0.304,0.208,0.273,0.312,0.3,4,-0.143,False,False,False,,True
faltered,3,NOT local_tax_base AND payroll_pit AND culture,local_tax_base;payroll_pit;culture,011,0.746,0.433,92,26,0.5,0.197,0.217,0.146,0.182,0.312,0.233,4,-0.143,False,False,False,,True
faltered,3,NOT payroll_pit AND NOT culture AND NOT balance,payroll_pit;culture;balance,000,0.746,0.426,100,19,0.442,0.144,0.087,0.229,0.091,0.125,0.1,4,-0.143,False,False,False,,True
faltered,3,autonomy AND extracurricular AND balance,autonomy;extracurricular;balance,111,0.745,0.529,149,38,0.494,0.288,0.348,0.229,0.318,0.25,0.267,4,-0.144,False,False,False,,True
faltered,3,single_tax AND culture AND education,single_tax;culture;education,111,0.745,0.475,112,32,0.516,0.242,0.152,0.25,0.318,0.375,0.167,4,-0.144,False,False,False,,True
faltered,3,property_tax AND culture AND education,property_tax;culture;education,111,0.745,0.463,114,30,0.469,0.227,0.196,0.229,0.227,0.312,0.233,4,-0.144,False,False,False,,True
faltered,3,NOT payroll_pit AND NOT education AND NOT balance,payroll_pit;education;balance,000,0.745,0.431,102,21,0.5,0.159,0.109,0.229,0.091,0.188,0.133,4,-0.144,False,False,False,,True
faltered,3,autonomy AND NOT culture AND NOT education,autonomy;culture;education,100,0.744,0.514,134,29,0.492,0.22,0.261,0.25,0.136,0.125,0.2,4,-0.145,False,False,False,,True
faltered,3,NOT local_tax_base AND NOT property_tax AND extracurricular,local_tax_base;property_tax;extracurricular,001,0.744,0.5,138,30,0.441,0.227,0.109,0.208,0.5,0.25,0.067,3,-0.145,False,False,False,,True
faltered,3,NOT single_tax AND autonomy AND NOT small,single_tax;autonomy;small,010,0.744,0.481,113,19,0.38,0.144,0.174,0.104,0.227,0.062,0.1,3,-0.145,False,False,False,,True
faltered,3,NOT education AND NOT balance AND NOT small,education;balance;small,000,0.744,0.478,123,26,0.531,0.197,0.174,0.25,0.227,0.062,0.167,3,-0.145,False,False,False,,True
faltered,3,single_tax AND autonomy AND culture,single_tax;autonomy;culture,111,0.744,0.476,117,31,0.534,0.235,0.283,0.208,0.227,0.188,0.3,4,-0.145,False,False,False,,True
faltered,3,NOT property_tax AND NOT payroll_pit AND NOT social,property_tax;payroll_pit;social,000,0.744,0.473,137,30,0.462,0.227,0.174,0.271,0.182,0.312,0.2,4,-0.145,False,False,False,,True
faltered,3,NOT local_tax_base AND payroll_pit AND contestation,local_tax_base;payroll_pit;contestation,011,0.744,0.462,115,29,0.5,0.22,0.261,0.208,0.227,0.125,0.3,4,-0.145,False,False,False,,True
faltered,3,NOT single_tax AND NOT balance AND NOT small,single_tax;balance;small,000,0.744,0.434,105,17,0.436,0.129,0.043,0.208,0.182,0.062,0.033,2,-0.145,False,False,False,,False
faltered,3,NOT social AND NOT culture AND NOT small,social;culture;small,000,0.743,0.507,131,27,0.466,0.205,0.152,0.312,0.182,0.062,0.133,3,-0.146,False,False,False,,True
faltered,3,NOT local_tax_base AND extracurricular AND balance,local_tax_base;extracurricular;balance,011,0.743,0.501,143,36,0.45,0.273,0.304,0.188,0.318,0.375,0.233,4,-0.146,False,False,False,,True
faltered,3,NOT single_tax AND NOT social AND NOT small,single_tax;social;small,000,0.743,0.488,121,25,0.455,0.189,0.13,0.271,0.227,0.062,0.133,3,-0.146,False,False,False,,True
faltered,3,NOT property_tax AND NOT payroll_pit AND NOT autonomy,property_tax;payroll_pit;autonomy,000,0.743,0.453,133,33,0.471,0.25,0.152,0.292,0.273,0.375,0.2,4,-0.146,False,False,False,,True
faltered,3,NOT property_tax AND NOT single_tax AND contestation,property_tax;single_tax;contestation,001,0.743,0.443,98,17,0.354,0.129,0.043,0.208,0.136,0.125,0.033,3,-0.146,False,False,False,,True
faltered,3,NOT property_tax AND NOT education AND NOT balance,property_tax;education;balance,000,0.743,0.429,106,20,0.455,0.152,0.087,0.188,0.182,0.188,0.133,4,-0.146,False,False,False,,True
faltered,3,NOT property_tax AND NOT single_tax AND NOT autonomy,property_tax;single_tax;autonomy,000,0.743,0.427,111,24,0.421,0.182,0.087,0.25,0.182,0.25,0.1,3,-0.146,False,False,False,,True
faltered,3,NOT property_tax AND NOT education AND extracurricular,property_tax;education;extracurricular,001,0.742,0.496,134,26,0.388,0.197,0.13,0.188,0.364,0.188,0.1,4,-0.147,False,False,False,,True
faltered,3,NOT local_tax_base AND autonomy AND balance,local_tax_base;autonomy;balance,011,0.742,0.483,134,34,0.459,0.258,0.348,0.188,0.227,0.25,0.267,4,-0.147,False,False,False,,True
faltered,3,NOT single_tax AND autonomy AND NOT education,single_tax;autonomy;education,010,0.742,0.475,112,20,0.392,0.152,0.174,0.146,0.136,0.125,0.133,4,-0.147,False,False,False,,True
faltered,3,NOT single_tax AND NOT culture AND contestation,single_tax;culture;contestation,001,0.742,0.467,113,22,0.4,0.167,0.065,0.292,0.136,0.125,0.033,3,-0.147,False,False,False,,True
faltered,3,autonomy AND culture AND education,autonomy;culture;education,111,0.742,0.441,99,22,0.407,0.167,0.109,0.208,0.182,0.188,0.133,4,-0.147,False,False,False,,True
faltered,3,extracurricular AND balance AND NOT small,extracurricular;balance;small,110,0.741,0.553,172,42,0.442,0.318,0.304,0.292,0.364,0.375,0.2,4,-0.148,False,False,False,,True
faltered,3,autonomy AND NOT culture AND NOT small,autonomy;culture;small,100,0.741,0.518,132,30,0.5,0.227,0.304,0.188,0.227,0.125,0.233,4,-0.148,False,False,False,,True
faltered,3,NOT property_tax AND contestation AND NOT small,property_tax;contestation;small,010,0.741,0.495,121,22,0.4,0.167,0.087,0.208,0.273,0.125,0.1,4,-0.148,False,False,False,,True
faltered,3,single_tax AND payroll_pit AND education,single_tax;payroll_pit;education,111,0.741,0.493,127,36,0.545,0.273,0.239,0.271,0.273,0.375,0.267,4,-0.148,False,False,False,,True
faltered,3,NOT property_tax AND NOT education AND contestation,property_tax;education;contestation,001,0.741,0.477,117,22,0.407,0.167,0.109,0.229,0.182,0.125,0.133,4,-0.148,False,False,False,,True
faltered,3,NOT local_tax_base AND NOT single_tax AND NOT culture,local_tax_base;single_tax;culture,000,0.741,0.464,119,27,0.458,0.205,0.152,0.25,0.273,0.125,0.1,4,-0.148,False,False,False,,True
faltered,3,social AND culture AND education,social;culture;education,111,0.741,0.457,108,30,0.476,0.227,0.152,0.208,0.273,0.438,0.167,4,-0.148,False,False,False,,True
faltered,3,NOT culture AND extracurricular AND NOT small,culture;extracurricular;small,010,0.74,0.55,163,33,0.458,0.25,0.196,0.271,0.364,0.188,0.133,4,-0.149,False,False,False,,True
faltered,3,payroll_pit AND autonomy AND extracurricular,payroll_pit;autonomy;extracurricular,111,0.74,0.534,155,44,0.579,0.333,0.435,0.25,0.409,0.188,0.367,4,-0.149,False,False,False,,True
faltered,3,NOT single_tax AND extracurricular AND NOT small,single_tax;extracurricular;small,010,0.74,0.523,149,28,0.412,0.212,0.109,0.208,0.455,0.188,0.033,4,-0.149,False,False,False,,True
faltered,3,NOT culture AND NOT education AND contestation,culture;education;contestation,001,0.74,0.517,144,32,0.478,0.242,0.196,0.354,0.182,0.125,0.167,4,-0.149,False,False,False,,True
faltered,3,NOT local_tax_base AND autonomy AND investment,local_tax_base;autonomy;investment,011,0.74,0.494,128,29,0.439,0.22,0.348,0.125,0.182,0.188,0.333,4,-0.149,False,False,False,,True
faltered,3,payroll_pit AND autonomy AND contestation,payroll_pit;autonomy;contestation,111,0.739,0.511,147,38,0.521,0.288,0.326,0.312,0.273,0.125,0.333,3,-0.15,False,False,False,,True
faltered,3,autonomy AND culture AND balance,autonomy;culture;balance,111,0.739,0.481,128,33,0.465,0.25,0.348,0.188,0.273,0.125,0.367,4,-0.15,False,False,False,,True
faltered,3,autonomy AND extracurricular AND NOT small,autonomy;extracurricular;small,110,0.738,0.569,176,40,0.494,0.303,0.37,0.229,0.409,0.188,0.3,4,-0.151,False,False,False,,True
faltered,3,payroll_pit AND autonomy AND balance,payroll_pit;autonomy;balance,111,0.738,0.524,151,40,0.506,0.303,0.435,0.229,0.273,0.188,0.433,4,-0.151,False,False,False,,True
faltered,3,NOT single_tax AND contestation AND NOT small,single_tax;contestation;small,010,0.738,0.488,124,19,0.345,0.144,0.087,0.188,0.227,0.062,0.033,3,-0.151,False,False,False,,True
faltered,3,NOT local_tax_base AND NOT culture AND NOT education,local_tax_base;culture;education,000,0.737,0.494,139,29,0.426,0.22,0.196,0.271,0.227,0.125,0.167,4,-0.152,False,False,False,,True
faltered,3,NOT property_tax AND NOT social AND NOT culture,property_tax;social;culture,000,0.737,0.483,132,27,0.45,0.205,0.13,0.292,0.182,0.188,0.167,4,-0.152,False,False,False,,True
faltered,3,NOT single_tax AND NOT social AND NOT culture,single_tax;social;culture,000,0.737,0.483,126,30,0.508,0.227,0.13,0.354,0.227,0.125,0.167,4,-0.152,False,False,False,,True
faltered,3,NOT single_tax AND NOT payroll_pit AND NOT autonomy,single_tax;payroll_pit;autonomy,000,0.737,0.44,125,30,0.455,0.227,0.109,0.354,0.227,0.188,0.133,3,-0.152,False,False,False,,True
faltered,3,extracurricular AND contestation AND NOT small,extracurricular;contestation;small,110,0.736,0.557,163,31,0.413,0.235,0.217,0.208,0.364,0.188,0.2,4,-0.153,False,False,False,,True
faltered,3,NOT social AND NOT education AND NOT small,social;education;small,000,0.736,0.518,151,33,0.465,0.25,0.239,0.333,0.182,0.125,0.2,4,-0.153,False,False,False,,True
faltered,3,NOT property_tax AND NOT social AND NOT small,property_tax;social;small,000,0.736,0.49,138,26,0.419,0.197,0.152,0.25,0.227,0.125,0.133,4,-0.153,False,False,False,,True
faltered,3,NOT payroll_pit AND NOT social AND NOT culture,payroll_pit;social;culture,000,0.736,0.489,137,31,0.484,0.235,0.174,0.375,0.091,0.188,0.2,3,-0.153,False,False,False,,True
faltered,3,NOT single_tax AND NOT culture AND NOT balance,single_tax;culture;balance,000,0.736,0.429,111,24,0.48,0.182,0.065,0.312,0.182,0.125,0.067,3,-0.153,False,False,False,,True
faltered,3,autonomy AND contestation AND NOT small,autonomy;contestation;small,110,0.735,0.54,145,27,0.409,0.205,0.239,0.188,0.182,0.188,0.2,4,-0.154,False,False,False,,True
faltered,3,NOT payroll_pit AND NOT culture AND NOT small,payroll_pit;culture;small,000,0.735,0.519,150,32,0.451,0.242,0.174,0.333,0.182,0.25,0.2,4,-0.154,False,False,False,,True
faltered,3,NOT payroll_pit AND NOT social AND NOT education,payroll_pit;social;education,000,0.735,0.492,144,35,0.5,0.265,0.217,0.375,0.136,0.25,0.233,4,-0.154,False,False,False,,True
faltered,3,NOT property_tax AND NOT single_tax AND NOT social,property_tax;single_tax;social,000,0.735,0.461,120,25,0.439,0.189,0.13,0.229,0.227,0.188,0.133,4,-0.154,False,False,False,,True
faltered,3,NOT education AND extracurricular AND NOT small,education;extracurricular;small,010,0.734,0.573,190,40,0.444,0.303,0.326,0.271,0.455,0.125,0.233,3,-0.155,False,False,False,,True
faltered,3,payroll_pit AND autonomy AND social,payroll_pit;autonomy;social,111,0.734,0.544,167,44,0.53,0.333,0.413,0.312,0.273,0.25,0.4,4,-0.155,False,False,False,,True
faltered,3,NOT culture AND contestation AND NOT small,culture;contestation;small,010,0.734,0.526,141,28,0.444,0.212,0.239,0.229,0.182,0.125,0.2,4,-0.155,False,False,False,,True
faltered,3,NOT local_tax_base AND contestation AND NOT small,local_tax_base;contestation;small,010,0.734,0.514,141,29,0.426,0.22,0.196,0.25,0.227,0.188,0.2,4,-0.155,False,False,False,,True
faltered,3,single_tax AND payroll_pit AND culture,single_tax;payroll_pit;culture,111,0.734,0.496,134,40,0.58,0.303,0.326,0.271,0.318,0.312,0.333,4,-0.155,False,False,False,,True
faltered,3,NOT local_tax_base AND NOT property_tax AND NOT culture,local_tax_base;property_tax;culture,000,0.734,0.484,134,29,0.439,0.22,0.13,0.25,0.318,0.25,0.133,4,-0.155,False,False,False,,True
faltered,3,NOT single_tax AND NOT education AND contestation,single_tax;education;contestation,001,0.734,0.482,131,26,0.413,0.197,0.109,0.292,0.227,0.125,0.1,4,-0.155,False,False,False,,True
faltered,3,payroll_pit AND social AND culture,payroll_pit;social;culture,111,0.734,0.481,129,36,0.545,0.273,0.283,0.229,0.273,0.375,0.3,4,-0.155,False,False,False,,True
faltered,3,NOT single_tax AND NOT payroll_pit AND NOT balance,single_tax;payroll_pit;balance,000,0.734,0.412,104,18,0.419,0.136,0.065,0.208,0.091,0.188,0.1,3,-0.155,False,False,False,,True
faltered,3,autonomy AND NOT education AND NOT small,autonomy;education;small,100,0.733,0.554,166,35,0.473,0.265,0.457,0.167,0.227,0.062,0.367,3,-0.156,False,False,False,,True
faltered,3,NOT local_tax_base AND NOT culture AND NOT small,local_tax_base;culture;small,000,0.733,0.513,148,33,0.458,0.25,0.239,0.25,0.273,0.25,0.2,4,-0.156,False,False,False,,True
faltered,3,NOT single_tax AND NOT education AND NOT balance,single_tax;education;balance,000,0.733,0.437,117,25,0.49,0.189,0.087,0.312,0.136,0.188,0.1,3,-0.156,False,False,False,,True
faltered,3,NOT property_tax AND extracurricular AND NOT small,property_tax;extracurricular;small,010,0.732,0.529,161,33,0.418,0.25,0.109,0.25,0.5,0.312,0.067,3,-0.157,False,False,False,,True
faltered,3,payroll_pit AND autonomy AND investment,payroll_pit;autonomy;investment,111,0.732,0.528,152,38,0.521,0.288,0.435,0.25,0.182,0.125,0.433,3,-0.157,False,False,False,,True
faltered,3,NOT local_tax_base AND autonomy AND contestation,local_tax_base;autonomy;contestation,011,0.732,0.488,129,28,0.444,0.212,0.217,0.208,0.227,0.188,0.233,4,-0.157,False,False,False,,True
faltered,3,property_tax AND payroll_pit AND culture,property_tax;payroll_pit;culture,111,0.732,0.482,135,35,0.515,0.265,0.304,0.25,0.227,0.25,0.333,4,-0.157,False,False,False,,True
faltered,3,NOT culture AND NOT education AND NOT balance,culture;education;balance,000,0.732,0.473,130,34,0.567,0.258,0.196,0.396,0.182,0.125,0.2,3,-0.157,False,False,False,,True
faltered,3,single_tax AND payroll_pit AND autonomy,single_tax;payroll_pit;autonomy,111,0.731,0.54,163,45,0.549,0.341,0.457,0.271,0.318,0.25,0.467,4,-0.158,False,False,False,,True
faltered,3,property_tax AND payroll_pit AND autonomy,property_tax;payroll_pit;autonomy,111,0.731,0.529,161,42,0.545,0.318,0.457,0.292,0.182,0.188,0.433,4,-0.158,False,False,False,,True
faltered,3,NOT local_tax_base AND autonomy AND extracurricular,local_tax_base;autonomy;extracurricular,011,0.731,0.521,155,38,0.5,0.288,0.391,0.167,0.364,0.25,0.333,4,-0.158,False,False,False,,True
faltered,3,NOT single_tax AND NOT payroll_pit AND NOT social,single_tax;payroll_pit;social,000,0.731,0.474,132,30,0.462,0.227,0.174,0.333,0.136,0.188,0.2,4,-0.158,False,False,False,,True
faltered,3,payroll_pit AND culture AND education,payroll_pit;culture;education,111,0.731,0.473,119,32,0.508,0.242,0.174,0.271,0.227,0.375,0.2,4,-0.158,False,False,False,,True
faltered,3,NOT property_tax AND NOT single_tax AND NOT balance,property_tax;single_tax;balance,000,0.731,0.401,102,16,0.381,0.121,0.065,0.146,0.136,0.188,0.1,4,-0.158,False,False,False,,True
faltered,3,NOT single_tax AND NOT social AND NOT education,single_tax;social;education,000,0.73,0.491,136,31,0.477,0.235,0.174,0.333,0.182,0.188,0.2,4,-0.159,False,False,False,,True
faltered,3,NOT property_tax AND NOT social AND NOT education,property_tax;social;education,000,0.73,0.485,144,32,0.457,0.242,0.217,0.312,0.136,0.25,0.233,4,-0.159,False,False,False,,True
faltered,3,NOT education AND contestation AND NOT small,education;contestation;small,010,0.728,0.547,161,30,0.417,0.227,0.239,0.25,0.273,0.062,0.167,3,-0.161,False,False,False,,True
faltered,3,property_tax AND autonomy AND culture,property_tax;autonomy;culture,111,0.728,0.467,125,28,0.444,0.212,0.261,0.188,0.182,0.188,0.3,4,-0.161,False,False,False,,True
faltered,3,NOT social AND NOT culture AND NOT education,social;culture;education,000,0.727,0.51,147,34,0.507,0.258,0.196,0.417,0.136,0.125,0.2,3,-0.162,False,False,False,,True
faltered,3,NOT local_tax_base AND NOT single_tax AND NOT education,local_tax_base;single_tax;education,000,0.727,0.475,134,26,0.377,0.197,0.152,0.229,0.273,0.125,0.1,4,-0.162,False,False,False,,True
faltered,3,autonomy AND social AND culture,autonomy;social;culture,111,0.727,0.472,127,29,0.439,0.22,0.261,0.167,0.273,0.188,0.267,4,-0.162,False,False,False,,True
faltered,3,NOT local_tax_base AND extracurricular AND NOT small,local_tax_base;extracurricular;small,010,0.726,0.559,184,41,0.446,0.311,0.348,0.208,0.455,0.312,0.267,4,-0.163,False,False,False,,True
faltered,3,NOT property_tax AND NOT payroll_pit AND NOT culture,property_tax;payroll_pit;culture,000,0.725,0.497,151,30,0.411,0.227,0.152,0.292,0.136,0.375,0.2,4,-0.164,False,False,False,,True
faltered,3,NOT local_tax_base AND autonomy AND NOT small,local_tax_base;autonomy;small,010,0.724,0.527,162,36,0.444,0.273,0.391,0.188,0.273,0.188,0.3,4,-0.165,False,False,False,,True
faltered,3,NOT local_tax_base AND NOT single_tax AND NOT small,local_tax_base;single_tax;small,000,0.724,0.493,142,26,0.377,0.197,0.152,0.188,0.318,0.188,0.067,4,-0.165,False,False,False,,True
faltered,3,NOT local_tax_base AND NOT property_tax AND NOT education,local_tax_base;property_tax;education,000,0.723,0.49,141,30,0.411,0.227,0.196,0.229,0.364,0.125,0.167,4,-0.166,False,False,False,,True
faltered,3,NOT local_tax_base AND NOT education AND NOT small,local_tax_base;education;small,000,0.722,0.534,175,38,0.447,0.288,0.37,0.229,0.364,0.125,0.3,3,-0.167,False,False,False,,True
faltered,3,NOT local_tax_base AND NOT property_tax AND NOT small,local_tax_base;property_tax;small,000,0.722,0.522,164,38,0.452,0.288,0.196,0.271,0.455,0.375,0.167,4,-0.167,False,False,False,,True
faltered,3,NOT single_tax AND NOT payroll_pit AND NOT small,single_tax;payroll_pit;small,000,0.722,0.519,164,32,0.395,0.242,0.13,0.312,0.364,0.188,0.1,4,-0.167,False,False,False,,True
faltered,3,NOT property_tax AND NOT payroll_pit AND NOT small,property_tax;payroll_pit;small,000,0.722,0.511,165,32,0.405,0.242,0.152,0.292,0.273,0.312,0.133,4,-0.167,False,False,False,,True
faltered,3,NOT payroll_pit AND NOT education AND NOT small,payroll_pit;education;small,000,0.721,0.537,179,39,0.433,0.295,0.239,0.354,0.318,0.25,0.2,4,-0.168,False,False,False,,True
faltered,3,NOT single_tax AND NOT payroll_pit AND NOT culture,single_tax;payroll_pit;culture,000,0.72,0.5,152,31,0.413,0.235,0.109,0.375,0.182,0.25,0.133,3,-0.169,False,False,False,,True
faltered,3,payroll_pit AND autonomy AND culture,payroll_pit;autonomy;culture,111,0.72,0.482,132,32,0.492,0.242,0.304,0.208,0.227,0.188,0.333,4,-0.169,False,False,False,,True
faltered,3,NOT local_tax_base AND NOT property_tax AND NOT single_tax,local_tax_base;property_tax;single_tax,000,0.719,0.472,133,26,0.388,0.197,0.109,0.208,0.364,0.188,0.067,4,-0.17,False,False,False,,True
faltered,3,NOT single_tax AND NOT culture AND NOT small,single_tax;culture;small,000,0.718,0.532,165,35,0.449,0.265,0.152,0.396,0.273,0.188,0.1,4,-0.171,False,False,False,,True
faltered,3,NOT payroll_pit AND NOT culture AND NOT education,payroll_pit;culture;education,000,0.716,0.519,161,37,0.457,0.28,0.217,0.396,0.182,0.25,0.267,4,-0.173,False,False,False,,True
faltered,3,NOT property_tax AND NOT single_tax AND NOT culture,property_tax;single_tax;culture,000,0.716,0.496,150,30,0.411,0.227,0.109,0.312,0.273,0.25,0.1,3,-0.173,False,False,False,,True
faltered,3,NOT property_tax AND NOT culture AND NOT small,property_tax;culture;small,000,0.715,0.535,172,35,0.432,0.265,0.174,0.333,0.273,0.312,0.2,4,-0.174,False,False,False,,True
faltered,3,NOT property_tax AND NOT payroll_pit AND NOT education,property_tax;payroll_pit;education,000,0.713,0.504,164,36,0.419,0.273,0.217,0.312,0.227,0.375,0.233,4,-0.176,False,False,False,,True
faltered,3,NOT property_tax AND NOT single_tax AND NOT payroll_pit,property_tax;single_tax;payroll_pit,000,0.713,0.485,155,29,0.362,0.22,0.152,0.25,0.227,0.312,0.133,4,-0.176,False,False,False,,True
faltered,3,NOT property_tax AND NOT culture AND NOT education,property_tax;culture;education,000,0.71,0.526,170,35,0.412,0.265,0.196,0.354,0.227,0.25,0.233,4,-0.179,False,False,False,,True
faltered,3,NOT property_tax AND NOT single_tax AND NOT small,property_tax;single_tax;small,000,0.709,0.517,165,30,0.38,0.227,0.13,0.271,0.318,0.25,0.067,4,-0.18,False,False,False,,True
faltered,3,NOT single_tax AND NOT culture AND NOT education,single_tax;culture;education,000,0.708,0.534,178,39,0.443,0.295,0.152,0.479,0.227,0.25,0.133,4,-0.181,False,False,False,,True
faltered,3,NOT local_tax_base AND payroll_pit AND autonomy,local_tax_base;payroll_pit;autonomy,011,0.708,0.518,166,44,0.506,0.333,0.391,0.292,0.364,0.25,0.367,4,-0.181,False,False,False,,True
faltered,3,NOT single_tax AND NOT payroll_pit AND NOT education,single_tax;payroll_pit;education,000,0.708,0.517,174,38,0.413,0.288,0.196,0.354,0.318,0.312,0.2,4,-0.181,False,False,False,,True
faltered,3,NOT culture AND NOT education AND NOT small,culture;education;small,000,0.705,0.582,203,44,0.454,0.333,0.326,0.417,0.273,0.188,0.3,4,-0.184,False,False,False,,True
faltered,3,NOT property_tax AND NOT single_tax AND NOT education,property_tax;single_tax;education,000,0.7,0.506,166,33,0.379,0.25,0.174,0.292,0.273,0.312,0.133,4,-0.189,False,False,False,,True
faltered,3,NOT single_tax AND NOT education AND NOT small,single_tax;education;small,000,0.699,0.554,196,37,0.394,0.28,0.196,0.354,0.364,0.188,0.133,4,-0.19,False,False,False,,True
faltered,3,NOT property_tax AND NOT education AND NOT small,property_tax;education;small,000,0.699,0.551,195,40,0.412,0.303,0.261,0.333,0.364,0.25,0.233,4,-0.19,False,False,False,,True
held_up,1,small,small,1,0.711,0.541,169,41,0.471,0.311,0.256,0.383,0.2,0.381,0.333,4,-0.018,False,False,False,,True
held_up,1,NOT extracurricular,extracurricular,0,0.71,0.598,206,53,0.5,0.402,0.462,0.383,0.4,0.333,0.556,4,-0.019,False,False,False,,True
held_up,1,NOT investment,investment,0,0.696,0.603,220,53,0.473,0.402,0.385,0.404,0.48,0.333,0.444,4,-0.033,False,False,False,,True
held_up,1,NOT social,social,0,0.694,0.662,246,58,0.496,0.439,0.436,0.468,0.36,0.476,0.444,4,-0.035,False,False,False,,True
held_up,1,NOT autonomy,autonomy,0,0.687,0.555,197,51,0.481,0.386,0.231,0.468,0.4,0.476,0.259,4,-0.042,False,False,False,,True
held_up,1,NOT single_tax,single_tax,0,0.683,0.682,273,79,0.572,0.598,0.436,0.617,0.8,0.619,0.519,4,-0.046,False,False,False,,True
held_up,1,NOT balance,balance,0,0.683,0.625,231,48,0.485,0.364,0.385,0.447,0.24,0.286,0.37,4,-0.046,False,False,False,,True
held_up,1,NOT contestation,contestation,0,0.683,0.602,230,59,0.496,0.447,0.359,0.511,0.56,0.333,0.37,4,-0.046,False,False,False,,True
held_up,1,education,education,1,0.676,0.592,202,50,0.485,0.379,0.462,0.404,0.2,0.381,0.519,4,-0.053,False,False,False,,True
held_up,1,NOT property_tax,property_tax,0,0.675,0.686,280,77,0.546,0.583,0.487,0.66,0.68,0.476,0.444,4,-0.054,False,False,False,,True
held_up,1,NOT local_tax_base,local_tax_base,0,0.673,0.712,296,82,0.539,0.621,0.59,0.702,0.56,0.571,0.519,4,-0.056,False,False,False,,True
held_up,1,NOT payroll_pit,payroll_pit,0,0.672,0.649,259,74,0.561,0.561,0.436,0.574,0.76,0.524,0.519,4,-0.057,False,False,False,,True
held_up,1,culture,culture,1,0.67,0.626,233,62,0.504,0.47,0.538,0.426,0.4,0.524,0.63,4,-0.059,False,False,False,,True
held_up,1,local_tax_base,local_tax_base,1,0.659,0.621,233,50,0.446,0.379,0.41,0.298,0.44,0.429,0.481,4,-0.07,False,False,False,,True
held_up,1,social,social,1,0.658,0.688,283,74,0.503,0.561,0.564,0.532,0.64,0.524,0.556,4,-0.071,False,False,False,,True
held_up,1,payroll_pit,payroll_pit,1,0.65,0.673,270,58,0.439,0.439,0.564,0.426,0.24,0.476,0.481,4,-0.079,False,False,False,,True
held_up,1,NOT education,education,0,0.649,0.73,327,82,0.509,0.621,0.538,0.596,0.8,0.619,0.481,4,-0.08,False,False,False,,True
held_up,1,contestation,contestation,1,0.649,0.726,299,73,0.503,0.553,0.641,0.489,0.44,0.667,0.63,4,-0.08,False,False,False,,True
held_up,1,balance,balance,1,0.649,0.704,298,84,0.509,0.636,0.615,0.553,0.76,0.714,0.63,4,-0.08,False,False,False,,True
held_up,1,property_tax,property_tax,1,0.649,0.638,249,55,0.447,0.417,0.513,0.34,0.32,0.524,0.556,4,-0.08,False,False,False,,True
held_up,1,NOT culture,culture,0,0.646,0.688,296,70,0.496,0.53,0.462,0.574,0.6,0.476,0.37,4,-0.083,False,False,False,,True
held_up,1,autonomy,autonomy,1,0.643,0.766,332,81,0.513,0.614,0.769,0.532,0.6,0.524,0.741,4,-0.086,False,False,False,,True
held_up,1,single_tax,single_tax,1,0.643,0.644,256,53,0.421,0.402,0.564,0.383,0.2,0.381,0.481,3,-0.086,False,False,False,,True
held_up,1,extracurricular,extracurricular,1,0.641,0.741,323,79,0.5,0.598,0.538,0.617,0.6,0.667,0.444,4,-0.088,False,False,False,,True
held_up,1,investment,investment,1,0.641,0.726,309,79,0.52,0.598,0.615,0.596,0.52,0.667,0.556,4,-0.088,False,False,False,,True
held_up,1,NOT small,small,0,0.633,0.784,360,91,0.514,0.689,0.744,0.617,0.8,0.619,0.667,4,-0.096,False,False,False,,True
held_up,2,NOT single_tax AND small,single_tax;small,01,0.814,0.385,53,17,0.515,0.129,0.128,0.128,0.12,0.143,0.185,4,-0.026,False,False,False,,True
held_up,2,NOT single_tax AND education,single_tax;education,01,0.812,0.401,48,13,0.542,0.098,0.128,0.128,0.04,0.048,0.185,2,-0.028,False,False,False,,False
held_up,2,NOT property_tax AND small,property_tax;small,01,0.809,0.38,48,13,0.5,0.098,0.103,0.128,0.04,0.095,0.148,3,-0.031,False,False,False,,True
held_up,2,payroll_pit AND NOT social,payroll_pit;social,10,0.806,0.455,74,15,0.455,0.114,0.128,0.149,0.04,0.095,0.037,3,-0.034,False,False,False,,True
held_up,2,NOT education AND small,education;small,01,0.806,0.392,49,10,0.385,0.076,0.051,0.085,0.08,0.095,0.074,4,-0.034,False,False,False,,True
held_up,2,NOT single_tax AND payroll_pit,single_tax;payroll_pit,01,0.805,0.448,75,17,0.486,0.129,0.103,0.106,0.08,0.286,0.111,4,-0.035,False,False,False,,True
held_up,2,NOT single_tax AND culture,single_tax;culture,01,0.805,0.436,76,27,0.659,0.205,0.179,0.213,0.24,0.19,0.259,4,-0.035,False,False,False,,True
held_up,2,NOT local_tax_base AND NOT extracurricular,local_tax_base;extracurricular,00,0.802,0.454,85,26,0.553,0.197,0.231,0.234,0.16,0.095,0.222,3,-0.038,False,False,False,,True
held_up,2,NOT payroll_pit AND education,payroll_pit;education,01,0.8,0.384,51,15,0.625,0.114,0.128,0.106,0.04,0.19,0.185,3,-0.04,False,False,False,,True
held_up,2,NOT local_tax_base AND small,local_tax_base;small,01,0.799,0.406,65,17,0.5,0.129,0.103,0.191,0.12,0.048,0.148,3,-0.041,False,False,False,,True
held_up,2,payroll_pit AND NOT autonomy,payroll_pit;autonomy,10,0.799,0.372,38,6,0.316,0.045,0.026,0.085,0.0,0.048,0.0,3,-0.041,False,False,False,,True
held_up,2,NOT investment AND NOT extracurricular,investment;extracurricular,00,0.798,0.413,69,16,0.457,0.121,0.128,0.085,0.16,0.143,0.185,4,-0.042,False,False,False,,True
held_up,2,NOT property_tax AND culture,property_tax;culture,01,0.797,0.432,75,20,0.5,0.152,0.154,0.128,0.12,0.238,0.185,4,-0.043,False,False,False,,True
held_up,2,NOT payroll_pit AND small,payroll_pit;small,01,0.796,0.377,59,19,0.559,0.144,0.103,0.149,0.12,0.238,0.148,4,-0.044,False,False,False,,True
held_up,2,NOT payroll_pit AND autonomy,payroll_pit;autonomy,01,0.795,0.494,100,29,0.644,0.22,0.231,0.191,0.36,0.095,0.259,3,-0.045,False,False,False,,True
held_up,2,NOT payroll_pit AND culture,payroll_pit;culture,01,0.795,0.41,69,24,0.585,0.182,0.154,0.149,0.24,0.238,0.185,4,-0.045,False,False,False,,True
held_up,2,NOT property_tax AND payroll_pit,property_tax;payroll_pit,01,0.794,0.454,83,19,0.452,0.144,0.128,0.149,0.08,0.238,0.0,4,-0.046,False,False,False,,True
held_up,2,NOT social AND culture,social;culture,01,0.793,0.429,70,18,0.5,0.136,0.128,0.106,0.08,0.286,0.148,4,-0.047,False,False,False,,True
held_up,2,single_tax AND NOT payroll_pit,single_tax;payroll_pit,10,0.793,0.415,61,12,0.414,0.091,0.103,0.064,0.04,0.19,0.111,3,-0.047,False,False,False,,True
held_up,2,NOT culture AND small,culture;small,01,0.793,0.39,64,13,0.433,0.098,0.077,0.128,0.04,0.143,0.111,3,-0.047,False,False,False,,True
held_up,2,NOT payroll_pit AND social,payroll_pit;social,01,0.792,0.456,87,31,0.646,0.235,0.128,0.255,0.44,0.143,0.111,4,-0.048,False,False,False,,True
held_up,2,NOT property_tax AND education,property_tax;education,01,0.792,0.409,62,13,0.448,0.098,0.154,0.106,0.0,0.095,0.148,3,-0.048,False,False,False,,True
held_up,2,NOT social AND education,social;education,01,0.791,0.416,62,14,0.5,0.106,0.128,0.128,0.04,0.095,0.111,3,-0.049,False,False,False,,True
held_up,2,NOT extracurricular AND NOT small,extracurricular;small,00,0.79,0.497,103,25,0.481,0.189,0.282,0.149,0.24,0.048,0.296,3,-0.05,False,False,False,,True
held_up,2,NOT culture AND education,culture;education,01,0.79,0.408,61,10,0.385,0.076,0.077,0.128,0.0,0.048,0.074,3,-0.05,False,False,False,,True
held_up,2,autonomy AND NOT social,autonomy;social,10,0.788,0.543,129,29,0.527,0.22,0.282,0.234,0.16,0.143,0.222,4,-0.052,False,False,False,,True
held_up,2,NOT single_tax AND NOT extracurricular,single_tax;extracurricular,00,0.788,0.478,110,36,0.571,0.273,0.333,0.234,0.32,0.19,0.444,4,-0.052,False,False,False,,True
held_up,2,NOT investment AND NOT balance,investment;balance,00,0.788,0.434,86,18,0.474,0.136,0.154,0.106,0.16,0.143,0.185,4,-0.052,False,False,False,,True
held_up,2,culture AND NOT balance,culture;balance,10,0.788,0.415,77,18,0.545,0.136,0.154,0.191,0.04,0.095,0.185,3,-0.052,False,False,False,,True
held_up,2,NOT local_tax_base AND NOT social,local_tax_base;social,00,0.787,0.518,125,33,0.569,0.25,0.231,0.298,0.2,0.238,0.148,4,-0.053,False,False,False,,True
held_up,2,culture AND NOT education,culture;education,10,0.787,0.453,92,22,0.478,0.167,0.154,0.149,0.2,0.19,0.185,4,-0.053,False,False,False,,True
held_up,2,education AND NOT balance,education;balance,10,0.785,0.406,77,19,0.576,0.144,0.128,0.234,0.04,0.095,0.148,3,-0.055,False,False,False,,True
held_up,2,NOT single_tax AND social,single_tax;social,01,0.784,0.493,119,40,0.635,0.303,0.205,0.298,0.52,0.238,0.222,4,-0.056,False,False,False,,True
held_up,2,NOT property_tax AND NOT extracurricular,property_tax;extracurricular,00,0.784,0.465,105,28,0.509,0.212,0.282,0.213,0.24,0.048,0.333,3,-0.056,False,False,False,,True
held_up,2,property_tax AND NOT payroll_pit,property_tax;payroll_pit,10,0.783,0.407,62,16,0.485,0.121,0.077,0.064,0.16,0.286,0.074,4,-0.057,False,False,False,,True
held_up,2,social AND NOT extracurricular,social;extracurricular,10,0.782,0.468,96,29,0.58,0.22,0.205,0.234,0.2,0.238,0.259,4,-0.058,False,False,False,,True
held_up,2,property_tax AND NOT social,property_tax;social,10,0.782,0.444,72,15,0.429,0.114,0.103,0.106,0.04,0.238,0.111,3,-0.058,False,False,False,,True
held_up,2,NOT local_tax_base AND NOT payroll_pit,local_tax_base;payroll_pit,00,0.781,0.473,116,36,0.632,0.273,0.179,0.362,0.32,0.19,0.222,4,-0.059,False,False,False,,True
held_up,2,single_tax AND NOT social,single_tax;social,10,0.78,0.456,92,19,0.452,0.144,0.205,0.149,0.08,0.095,0.148,4,-0.06,False,False,False,,True
held_up,2,payroll_pit AND NOT extracurricular,payroll_pit;extracurricular,10,0.78,0.445,91,22,0.5,0.167,0.179,0.191,0.08,0.19,0.148,3,-0.06,False,False,False,,True
held_up,2,NOT local_tax_base AND NOT autonomy,local_tax_base;autonomy,00,0.78,0.432,87,24,0.533,0.182,0.051,0.277,0.16,0.238,0.074,3,-0.06,False,False,False,,True
held_up,2,NOT social AND small,social;small,01,0.78,0.409,76,15,0.405,0.114,0.077,0.149,0.08,0.143,0.111,4,-0.06,False,False,False,,True
held_up,2,NOT property_tax AND social,property_tax;social,01,0.779,0.491,106,34,0.576,0.258,0.154,0.298,0.36,0.238,0.111,4,-0.061,False,False,False,,True
held_up,2,NOT investment AND NOT social,investment;social,00,0.779,0.468,108,25,0.51,0.189,0.154,0.213,0.24,0.143,0.222,4,-0.061,False,False,False,,True
held_up,2,property_tax AND NOT single_tax,property_tax;single_tax,10,0.779,0.44,84,20,0.476,0.152,0.154,0.085,0.16,0.286,0.185,4,-0.061,False,False,False,,True
held_up,2,balance AND small,balance;small,11,0.779,0.433,80,18,0.429,0.136,0.154,0.085,0.12,0.238,0.222,4,-0.061,False,False,False,,True
held_up,2,education AND NOT extracurricular,education;extracurricular,10,0.778,0.406,78,23,0.575,0.174,0.179,0.191,0.12,0.19,0.259,4,-0.062,False,False,False,,True
held_up,2,NOT extracurricular AND balance,extracurricular;balance,01,0.777,0.436,88,25,0.49,0.189,0.231,0.106,0.24,0.238,0.296,4,-0.063,False,False,False,,True
held_up,2,NOT property_tax AND autonomy,property_tax;autonomy,01,0.776,0.533,135,38,0.585,0.288,0.308,0.298,0.32,0.19,0.222,4,-0.064,False,False,False,,True
held_up,2,NOT contestation AND small,contestation;small,01,0.776,0.421,82,24,0.585,0.182,0.128,0.255,0.16,0.143,0.185,4,-0.064,False,False,False,,True
held_up,2,autonomy AND NOT investment,autonomy;investment,10,0.775,0.493,121,30,0.508,0.227,0.256,0.213,0.28,0.143,0.296,4,-0.065,False,False,False,,True
held_up,2,education AND NOT small,education;small,10,0.775,0.466,82,19,0.452,0.144,0.256,0.106,0.08,0.095,0.259,4,-0.065,False,False,False,,True
held_up,2,autonomy AND small,autonomy;small,11,0.775,0.464,104,24,0.48,0.182,0.179,0.149,0.2,0.238,0.259,4,-0.065,False,False,False,,True
held_up,2,local_tax_base AND NOT property_tax,local_tax_base;property_tax,10,0.775,0.452,92,24,0.533,0.182,0.179,0.17,0.28,0.095,0.222,4,-0.065,False,False,False,,True
held_up,2,NOT property_tax AND single_tax,property_tax;single_tax,01,0.775,0.451,91,18,0.4,0.136,0.205,0.128,0.04,0.143,0.111,3,-0.065,False,False,False,,True
held_up,2,autonomy AND NOT extracurricular,autonomy;extracurricular,10,0.774,0.503,120,35,0.583,0.265,0.359,0.191,0.24,0.286,0.407,4,-0.066,False,False,False,,True
held_up,2,social AND NOT balance,social;balance,10,0.774,0.464,98,21,0.488,0.159,0.179,0.234,0.04,0.095,0.148,3,-0.066,False,False,False,,True
held_up,2,culture AND NOT extracurricular,culture;extracurricular,10,0.774,0.441,94,25,0.556,0.189,0.179,0.191,0.2,0.19,0.259,4,-0.066,False,False,False,,True
held_up,2,NOT autonomy AND NOT extracurricular,autonomy;extracurricular,00,0.774,0.406,86,18,0.391,0.136,0.103,0.191,0.16,0.048,0.148,3,-0.066,False,False,False,,True
held_up,2,NOT social AND contestation,social;contestation,01,0.773,0.535,135,32,0.508,0.242,0.256,0.277,0.12,0.286,0.259,3,-0.067,False,False,False,,True
held_up,2,NOT local_tax_base AND NOT balance,local_tax_base;balance,00,0.773,0.488,116,27,0.519,0.205,0.205,0.277,0.16,0.095,0.185,3,-0.067,False,False,False,,True
held_up,2,NOT extracurricular AND NOT contestation,extracurricular;contestation,00,0.772,0.436,103,27,0.519,0.205,0.231,0.213,0.24,0.095,0.259,3,-0.068,False,False,False,,True
held_up,2,NOT single_tax AND autonomy,single_tax;autonomy,01,0.771,0.543,142,41,0.603,0.311,0.282,0.255,0.44,0.333,0.333,4,-0.069,False,False,False,,True
held_up,2,NOT extracurricular AND NOT balance,extracurricular;balance,00,0.771,0.475,118,28,0.509,0.212,0.231,0.277,0.16,0.095,0.259,3,-0.069,False,False,False,,True
held_up,2,NOT autonomy AND contestation,autonomy;contestation,01,0.771,0.449,101,24,0.462,0.182,0.154,0.191,0.16,0.238,0.148,4,-0.069,False,False,False,,True
held_up,2,NOT autonomy AND social,autonomy;social,01,0.771,0.419,80,22,0.5,0.167,0.077,0.234,0.2,0.143,0.037,3,-0.069,False,False,False,,True
held_up,2,single_tax AND NOT autonomy,single_tax;autonomy,10,0.771,0.396,66,13,0.361,0.098,0.077,0.106,0.04,0.19,0.074,3,-0.069,False,False,False,,True
held_up,2,NOT autonomy AND culture,autonomy;culture,01,0.771,0.392,67,15,0.385,0.114,0.077,0.149,0.0,0.238,0.074,3,-0.069,False,False,False,,True
held_up,2,NOT local_tax_base AND NOT investment,local_tax_base;investment,00,0.77,0.487,122,30,0.5,0.227,0.231,0.234,0.24,0.19,0.259,4,-0.07,False,False,False,,True
held_up,2,payroll_pit AND NOT balance,payroll_pit;balance,10,0.77,0.457,104,17,0.378,0.129,0.103,0.213,0.08,0.048,0.037,3,-0.07,False,False,False,,True
held_up,2,NOT extracurricular AND small,extracurricular;small,01,0.77,0.421,103,28,0.519,0.212,0.179,0.234,0.16,0.286,0.259,4,-0.07,False,False,False,,True
held_up,2,NOT balance AND small,balance;small,01,0.77,0.406,89,23,0.511,0.174,0.103,0.298,0.08,0.143,0.111,3,-0.07,False,False,False,,True
held_up,2,property_tax AND NOT autonomy,property_tax;autonomy,10,0.77,0.369,52,12,0.4,0.091,0.051,0.106,0.04,0.19,0.037,3,-0.07,False,False,False,,True
held_up,2,NOT social AND extracurricular,social;extracurricular,01,0.769,0.546,136,34,0.557,0.258,0.179,0.319,0.16,0.381,0.148,4,-0.071,False,False,False,,True
held_up,2,NOT investment AND NOT education,investment;education,00,0.769,0.502,141,38,0.521,0.288,0.205,0.298,0.48,0.19,0.222,4,-0.071,False,False,False,,True
held_up,2,NOT single_tax AND NOT investment,single_tax;investment,00,0.769,0.484,123,34,0.54,0.258,0.154,0.277,0.44,0.19,0.185,4,-0.071,False,False,False,,True
held_up,2,NOT extracurricular AND contestation,extracurricular;contestation,01,0.769,0.479,103,26,0.481,0.197,0.231,0.17,0.16,0.238,0.296,4,-0.071,False,False,False,,True
held_up,2,NOT investment AND small,investment;small,01,0.769,0.384,66,14,0.4,0.106,0.051,0.149,0.04,0.19,0.074,2,-0.071,False,False,False,,False
held_up,2,social AND small,social;small,11,0.768,0.439,93,26,0.52,0.197,0.179,0.234,0.12,0.238,0.222,4,-0.072,False,False,False,,True
held_up,2,payroll_pit AND NOT investment,payroll_pit;investment,10,0.768,0.438,98,17,0.354,0.129,0.179,0.128,0.04,0.143,0.185,3,-0.072,False,False,False,,True
held_up,2,extracurricular AND small,extracurricular;small,11,0.768,0.42,66,13,0.394,0.098,0.077,0.149,0.04,0.095,0.074,3,-0.072,False,False,False,,True
held_up,2,NOT autonomy AND small,autonomy;small,01,0.768,0.373,65,17,0.459,0.129,0.077,0.234,0.0,0.143,0.074,3,-0.072,False,False,False,,True
held_up,2,NOT payroll_pit AND extracurricular,payroll_pit;extracurricular,01,0.767,0.532,144,43,0.614,0.326,0.154,0.383,0.44,0.381,0.111,3,-0.073,False,False,False,,True
held_up,2,single_tax AND NOT balance,single_tax;balance,10,0.767,0.447,93,17,0.425,0.129,0.103,0.213,0.04,0.095,0.074,3,-0.073,False,False,False,,True
held_up,2,culture AND NOT small,culture;small,10,0.766,0.51,128,34,0.515,0.258,0.359,0.17,0.24,0.286,0.407,4,-0.074,False,False,False,,True
held_up,2,NOT local_tax_base AND culture,local_tax_base;culture,01,0.766,0.497,123,38,0.551,0.288,0.359,0.298,0.2,0.238,0.444,4,-0.074,False,False,False,,True
held_up,2,payroll_pit AND NOT education,payroll_pit;education,10,0.766,0.489,119,23,0.434,0.174,0.231,0.128,0.08,0.286,0.148,3,-0.074,False,False,False,,True
held_up,2,NOT social AND NOT extracurricular,social;extracurricular,00,0.766,0.473,110,24,0.429,0.182,0.256,0.149,0.2,0.095,0.296,4,-0.074,False,False,False,,True
held_up,2,local_tax_base AND NOT single_tax,local_tax_base;single_tax,10,0.766,0.465,108,29,0.537,0.22,0.205,0.17,0.4,0.143,0.259,4,-0.074,False,False,False,,True
held_up,2,NOT payroll_pit AND NOT extracurricular,payroll_pit;extracurricular,00,0.766,0.465,115,31,0.5,0.235,0.282,0.191,0.32,0.143,0.407,4,-0.074,False,False,False,,True
held_up,2,autonomy AND NOT contestation,autonomy;contestation,10,0.765,0.502,134,32,0.492,0.242,0.282,0.234,0.32,0.095,0.259,3,-0.075,False,False,False,,True
held_up,2,extracurricular AND NOT balance,extracurricular;balance,10,0.765,0.485,113,20,0.455,0.152,0.154,0.17,0.08,0.19,0.111,4,-0.075,False,False,False,,True
held_up,2,contestation AND small,contestation;small,11,0.765,0.424,87,17,0.37,0.129,0.128,0.128,0.04,0.238,0.148,3,-0.075,False,False,False,,True
held_up,2,NOT investment AND contestation,investment;contestation,01,0.764,0.489,123,31,0.517,0.235,0.256,0.213,0.24,0.238,0.333,4,-0.076,False,False,False,,True
held_up,2,NOT local_tax_base AND education,local_tax_base;education,01,0.764,0.472,109,30,0.517,0.227,0.308,0.255,0.16,0.095,0.333,3,-0.076,False,False,False,,True
held_up,2,NOT single_tax AND NOT contestation,single_tax;contestation,00,0.764,0.464,121,35,0.556,0.265,0.179,0.298,0.4,0.19,0.259,4,-0.076,False,False,False,,True
held_up,2,NOT property_tax AND NOT balance,property_tax;balance,00,0.763,0.492,133,30,0.566,0.227,0.308,0.234,0.2,0.095,0.333,3,-0.077,False,False,False,,True
held_up,2,NOT contestation AND NOT balance,contestation;balance,00,0.763,0.429,101,20,0.488,0.152,0.128,0.234,0.08,0.095,0.148,4,-0.077,False,False,False,,True
held_up,2,autonomy AND NOT balance,autonomy;balance,10,0.762,0.52,126,21,0.438,0.159,0.179,0.17,0.16,0.095,0.148,4,-0.078,False,False,False,,True
held_up,2,NOT social AND NOT balance,social;balance,00,0.762,0.499,133,27,0.482,0.205,0.205,0.213,0.2,0.19,0.222,4,-0.078,False,False,False,,True
held_up,2,NOT investment AND NOT culture,investment;culture,00,0.762,0.478,125,28,0.483,0.212,0.154,0.213,0.32,0.19,0.148,4,-0.078,False,False,False,,True
held_up,2,single_tax AND NOT education,single_tax;education,10,0.762,0.472,102,16,0.34,0.121,0.231,0.106,0.04,0.048,0.148,2,-0.078,False,False,False,,False
held_up,2,NOT payroll_pit AND NOT investment,payroll_pit;investment,00,0.762,0.47,122,36,0.562,0.273,0.205,0.277,0.44,0.19,0.259,4,-0.078,False,False,False,,True
held_up,2,investment AND small,investment;small,11,0.762,0.453,103,27,0.519,0.205,0.205,0.234,0.16,0.19,0.259,4,-0.078,False,False,False,,True
held_up,2,NOT property_tax AND NOT investment,property_tax;investment,00,0.761,0.489,132,35,0.515,0.265,0.231,0.277,0.44,0.095,0.222,3,-0.079,False,False,False,,True
held_up,2,NOT social AND balance,social;balance,01,0.761,0.486,113,31,0.508,0.235,0.231,0.255,0.16,0.286,0.222,4,-0.079,False,False,False,,True
held_up,2,NOT autonomy AND extracurricular,autonomy;extracurricular,01,0.761,0.468,111,33,0.55,0.25,0.128,0.277,0.24,0.429,0.111,4,-0.079,False,False,False,,True
held_up,2,NOT investment AND culture,investment;culture,01,0.761,0.433,95,25,0.463,0.189,0.231,0.191,0.16,0.143,0.296,4,-0.079,False,False,False,,True
held_up,2,NOT local_tax_base AND property_tax,local_tax_base;property_tax,01,0.76,0.475,108,29,0.518,0.22,0.282,0.213,0.16,0.19,0.296,4,-0.08,False,False,False,,True
held_up,2,NOT culture AND NOT extracurricular,culture;extracurricular,00,0.76,0.472,112,28,0.459,0.212,0.282,0.191,0.2,0.143,0.296,4,-0.08,False,False,False,,True
held_up,2,NOT investment AND social,investment;social,01,0.76,0.469,112,28,0.444,0.212,0.231,0.191,0.24,0.19,0.222,4,-0.08,False,False,False,,True
held_up,2,NOT autonomy AND NOT education,autonomy;education,00,0.76,0.466,126,37,0.514,0.28,0.154,0.298,0.4,0.333,0.185,4,-0.08,False,False,False,,True
held_up,2,NOT social AND NOT contestation,social;contestation,00,0.76,0.464,111,26,0.481,0.197,0.179,0.191,0.24,0.19,0.185,4,-0.08,False,False,False,,True
held_up,2,NOT autonomy AND NOT balance,autonomy;balance,00,0.76,0.424,105,27,0.529,0.205,0.205,0.277,0.08,0.19,0.222,3,-0.08,False,False,False,,True
held_up,2,NOT education AND NOT extracurricular,education;extracurricular,00,0.759,0.501,128,30,0.455,0.227,0.282,0.191,0.28,0.143,0.296,4,-0.081,False,False,False,,True
held_up,2,property_tax AND NOT balance,property_tax;balance,10,0.759,0.447,98,18,0.391,0.136,0.077,0.213,0.04,0.19,0.037,3,-0.081,False,False,False,,True
held_up,2,NOT single_tax AND extracurricular,single_tax;extracurricular,01,0.758,0.561,163,43,0.573,0.326,0.103,0.383,0.48,0.429,0.074,3,-0.082,False,False,False,,True
held_up,2,NOT education AND NOT contestation,education;contestation,00,0.758,0.48,135,35,0.486,0.265,0.231,0.255,0.44,0.143,0.222,4,-0.082,False,False,False,,True
held_up,2,NOT local_tax_base AND NOT contestation,local_tax_base;contestation,00,0.758,0.473,127,38,0.543,0.288,0.179,0.362,0.4,0.19,0.111,4,-0.082,False,False,False,,True
held_up,2,property_tax AND NOT extracurricular,property_tax;extracurricular,10,0.758,0.448,101,25,0.49,0.189,0.179,0.17,0.16,0.286,0.222,4,-0.082,False,False,False,,True
held_up,2,NOT autonomy AND NOT investment,autonomy;investment,00,0.758,0.434,99,23,0.434,0.174,0.128,0.191,0.2,0.19,0.148,4,-0.082,False,False,False,,True
held_up,2,NOT single_tax AND contestation,single_tax;contestation,01,0.757,0.544,152,44,0.587,0.333,0.256,0.319,0.4,0.429,0.259,4,-0.083,False,False,False,,True
held_up,2,NOT single_tax AND balance,single_tax;balance,01,0.757,0.504,135,48,0.608,0.364,0.154,0.383,0.6,0.429,0.222,3,-0.083,False,False,False,,True
held_up,2,single_tax AND NOT culture,single_tax;culture,10,0.757,0.46,99,18,0.409,0.136,0.205,0.17,0.04,0.048,0.111,2,-0.083,False,False,False,,False
held_up,2,NOT payroll_pit AND NOT contestation,payroll_pit;contestation,00,0.757,0.455,127,37,0.552,0.28,0.179,0.298,0.44,0.238,0.259,4,-0.083,False,False,False,,True
held_up,2,NOT social AND NOT small,social;small,00,0.756,0.579,170,43,0.537,0.326,0.359,0.319,0.28,0.333,0.333,4,-0.084,False,False,False,,True
held_up,2,autonomy AND education,autonomy;education,11,0.756,0.514,131,36,0.522,0.273,0.385,0.234,0.2,0.238,0.444,4,-0.084,False,False,False,,True
held_up,2,contestation AND NOT balance,contestation;balance,10,0.756,0.503,130,28,0.483,0.212,0.256,0.213,0.16,0.19,0.222,4,-0.084,False,False,False,,True
held_up,2,single_tax AND NOT investment,single_tax;investment,10,0.756,0.432,97,19,0.388,0.144,0.231,0.128,0.04,0.143,0.259,3,-0.084,False,False,False,,True
held_up,2,NOT investment AND education,investment;education,01,0.756,0.41,79,15,0.385,0.114,0.179,0.106,0.0,0.143,0.222,3,-0.084,False,False,False,,True
held_up,2,NOT payroll_pit AND contestation,payroll_pit;contestation,01,0.755,0.514,132,37,0.569,0.28,0.256,0.277,0.32,0.286,0.259,4,-0.085,False,False,False,,True
held_up,2,investment AND NOT extracurricular,investment;extracurricular,10,0.755,0.502,137,37,0.521,0.28,0.333,0.298,0.24,0.19,0.37,4,-0.085,False,False,False,,True
held_up,2,single_tax AND NOT extracurricular,single_tax;extracurricular,10,0.755,0.441,96,17,0.395,0.129,0.128,0.149,0.08,0.143,0.111,4,-0.085,False,False,False,,True
held_up,2,local_tax_base AND NOT investment,local_tax_base;investment,10,0.755,0.44,98,23,0.442,0.174,0.154,0.17,0.24,0.143,0.185,4,-0.085,False,False,False,,True
held_up,2,social AND NOT education,social;education,10,0.754,0.525,143,38,0.528,0.288,0.231,0.255,0.48,0.238,0.148,4,-0.086,False,False,False,,True
held_up,2,NOT local_tax_base AND single_tax,local_tax_base;single_tax,01,0.754,0.503,131,32,0.471,0.242,0.359,0.255,0.16,0.095,0.259,3,-0.086,False,False,False,,True
held_up,2,NOT contestation AND balance,contestation;balance,01,0.754,0.477,129,39,0.5,0.295,0.231,0.277,0.48,0.238,0.222,4,-0.086,False,False,False,,True
held_up,2,NOT investment AND NOT contestation,investment;contestation,00,0.754,0.424,97,22,0.423,0.167,0.128,0.191,0.24,0.095,0.111,4,-0.086,False,False,False,,True
held_up,2,NOT property_tax AND contestation,property_tax;contestation,01,0.753,0.544,146,40,0.58,0.303,0.231,0.383,0.28,0.286,0.222,4,-0.087,False,False,False,,True
held_up,2,investment AND NOT social,investment;social,10,0.753,0.53,138,33,0.485,0.25,0.282,0.255,0.12,0.333,0.222,3,-0.087,False,False,False,,True
held_up,2,NOT property_tax AND NOT contestation,property_tax;contestation,00,0.753,0.468,134,37,0.514,0.28,0.256,0.277,0.4,0.19,0.222,4,-0.087,False,False,False,,True
held_up,2,payroll_pit AND NOT culture,payroll_pit;culture,10,0.753,0.464,106,20,0.4,0.152,0.179,0.149,0.08,0.19,0.037,4,-0.087,False,False,False,,True
held_up,2,NOT autonomy AND investment,autonomy;investment,01,0.753,0.435,98,28,0.528,0.212,0.103,0.277,0.2,0.286,0.111,3,-0.087,False,False,False,,True
held_up,2,education AND NOT contestation,education;contestation,10,0.753,0.432,95,24,0.511,0.182,0.128,0.255,0.12,0.19,0.148,4,-0.087,False,False,False,,True
held_up,2,property_tax AND NOT investment,property_tax;investment,10,0.753,0.419,88,18,0.409,0.136,0.154,0.128,0.04,0.238,0.222,3,-0.087,False,False,False,,True
held_up,2,NOT autonomy AND education,autonomy;education,01,0.753,0.39,71,14,0.412,0.106,0.077,0.17,0.0,0.143,0.074,3,-0.087,False,False,False,,True
held_up,2,NOT single_tax AND investment,single_tax;investment,01,0.752,0.528,150,45,0.6,0.341,0.282,0.34,0.36,0.429,0.333,4,-0.088,False,False,False,,True
held_up,2,social AND NOT culture,social;culture,10,0.752,0.491,120,30,0.5,0.227,0.154,0.213,0.32,0.286,0.074,4,-0.088,False,False,False,,True
held_up,2,education AND contestation,education;contestation,11,0.752,0.471,107,26,0.464,0.197,0.333,0.149,0.08,0.19,0.37,3,-0.088,False,False,False,,True
held_up,2,local_tax_base AND payroll_pit,local_tax_base;payroll_pit,11,0.752,0.439,90,12,0.324,0.091,0.154,0.085,0.0,0.095,0.185,3,-0.088,False,False,False,,True
held_up,2,NOT investment AND NOT small,investment;small,00,0.751,0.527,154,39,0.506,0.295,0.333,0.255,0.44,0.143,0.37,3,-0.089,False,False,False,,True
held_up,2,local_tax_base AND NOT small,local_tax_base;small,10,0.751,0.518,129,26,0.441,0.197,0.256,0.106,0.36,0.095,0.296,3,-0.089,False,False,False,,True
held_up,2,social AND NOT contestation,social;contestation,10,0.751,0.466,119,33,0.508,0.25,0.179,0.319,0.32,0.143,0.185,4,-0.089,False,False,False,,True
held_up,2,culture AND NOT contestation,culture;contestation,10,0.751,0.45,110,32,0.533,0.242,0.128,0.319,0.24,0.286,0.148,4,-0.089,False,False,False,,True
held_up,2,NOT autonomy AND NOT contestation,autonomy;contestation,00,0.751,0.409,96,27,0.5,0.205,0.077,0.277,0.24,0.238,0.111,3,-0.089,False,False,False,,True
held_up,2,NOT payroll_pit AND investment,payroll_pit;investment,01,0.75,0.501,137,38,0.559,0.288,0.231,0.298,0.32,0.333,0.259,4,-0.09,False,False,False,,True
held_up,2,NOT payroll_pit AND balance,payroll_pit;balance,01,0.75,0.483,132,43,0.551,0.326,0.154,0.34,0.6,0.286,0.185,3,-0.09,False,False,False,,True
held_up,2,NOT autonomy AND NOT culture,autonomy;culture,00,0.75,0.473,130,36,0.537,0.273,0.154,0.319,0.4,0.238,0.185,4,-0.09,False,False,False,,True
held_up,2,payroll_pit AND NOT contestation,payroll_pit;contestation,10,0.75,0.449,103,22,0.423,0.167,0.179,0.213,0.12,0.095,0.111,4,-0.09,False,False,False,,True
held_up,2,NOT single_tax AND NOT social,single_tax;social,00,0.749,0.542,154,39,0.52,0.295,0.231,0.319,0.28,0.381,0.296,4,-0.091,False,False,False,,True
held_up,2,NOT single_tax AND NOT balance,single_tax;balance,00,0.749,0.49,138,31,0.525,0.235,0.282,0.234,0.2,0.19,0.296,4,-0.091,False,False,False,,True
held_up,2,local_tax_base AND social,local_tax_base;social,11,0.749,0.485,112,25,0.472,0.189,0.205,0.128,0.28,0.19,0.185,4,-0.091,False,False,False,,True
held_up,2,NOT autonomy AND NOT social,autonomy;social,00,0.749,0.464,117,29,0.468,0.22,0.154,0.234,0.2,0.333,0.222,4,-0.091,False,False,False,,True
held_up,2,local_tax_base AND NOT balance,local_tax_base;balance,10,0.749,0.462,115,21,0.447,0.159,0.179,0.17,0.08,0.19,0.185,4,-0.091,False,False,False,,True
held_up,2,property_tax AND NOT culture,property_tax;culture,10,0.749,0.441,91,13,0.325,0.098,0.128,0.043,0.04,0.238,0.111,2,-0.091,False,False,False,,False
held_up,2,property_tax AND NOT contestation,property_tax;contestation,10,0.749,0.441,96,22,0.468,0.167,0.103,0.234,0.16,0.143,0.148,4,-0.091,False,False,False,,True
held_up,2,NOT local_tax_base AND NOT single_tax,local_tax_base;single_tax,00,0.748,0.545,165,50,0.595,0.379,0.231,0.447,0.4,0.476,0.259,4,-0.092,False,False,False,,True
held_up,2,NOT balance AND NOT small,balance;small,00,0.748,0.531,142,25,0.463,0.189,0.282,0.149,0.16,0.143,0.259,4,-0.092,False,False,False,,True
held_up,2,NOT contestation AND NOT small,contestation;small,00,0.748,0.505,148,35,0.449,0.265,0.231,0.255,0.4,0.19,0.185,4,-0.092,False,False,False,,True
held_up,2,culture AND contestation,culture;contestation,11,0.748,0.496,123,30,0.476,0.227,0.41,0.106,0.16,0.238,0.481,3,-0.092,False,False,False,,True
held_up,2,NOT autonomy AND NOT small,autonomy;small,00,0.748,0.483,132,34,0.493,0.258,0.154,0.234,0.4,0.333,0.185,4,-0.092,False,False,False,,True
held_up,2,NOT property_tax AND extracurricular,property_tax;extracurricular,01,0.747,0.571,175,49,0.57,0.371,0.205,0.447,0.44,0.429,0.111,4,-0.093,False,False,False,,True
held_up,2,NOT single_tax AND NOT autonomy,single_tax;autonomy,00,0.747,0.471,131,38,0.543,0.288,0.154,0.362,0.36,0.286,0.185,4,-0.093,False,False,False,,True
held_up,2,single_tax AND NOT contestation,single_tax;contestation,10,0.747,0.449,109,24,0.429,0.182,0.179,0.213,0.16,0.143,0.111,4,-0.093,False,False,False,,True
held_up,2,NOT property_tax AND investment,property_tax;investment,01,0.746,0.526,148,42,0.575,0.318,0.256,0.383,0.24,0.381,0.222,4,-0.094,False,False,False,,True
held_up,2,local_tax_base AND NOT contestation,local_tax_base;contestation,10,0.746,0.447,103,21,0.429,0.159,0.179,0.149,0.16,0.143,0.259,4,-0.094,False,False,False,,True
held_up,2,local_tax_base AND autonomy,local_tax_base;autonomy,11,0.745,0.512,123,23,0.451,0.174,0.231,0.106,0.2,0.19,0.296,4,-0.095,False,False,False,,True
held_up,2,NOT culture AND NOT contestation,culture;contestation,00,0.745,0.455,120,27,0.458,0.205,0.231,0.191,0.32,0.048,0.222,3,-0.095,False,False,False,,True
held_up,2,payroll_pit AND small,payroll_pit;small,11,0.745,0.449,110,22,0.415,0.167,0.154,0.234,0.08,0.143,0.185,3,-0.095,False,False,False,,True
held_up,2,NOT property_tax AND NOT social,property_tax;social,00,0.744,0.546,174,43,0.524,0.326,0.333,0.362,0.32,0.238,0.333,4,-0.096,False,False,False,,True
held_up,2,NOT payroll_pit AND NOT balance,payroll_pit;balance,00,0.744,0.478,127,31,0.574,0.235,0.282,0.234,0.16,0.238,0.333,4,-0.096,False,False,False,,True
held_up,2,property_tax AND NOT education,property_tax;education,10,0.744,0.465,109,18,0.367,0.136,0.205,0.043,0.12,0.238,0.185,3,-0.096,False,False,False,,True
held_up,2,culture AND small,culture;small,11,0.744,0.448,105,28,0.491,0.212,0.179,0.255,0.16,0.238,0.222,4,-0.096,False,False,False,,True
held_up,2,NOT autonomy AND balance,autonomy;balance,01,0.744,0.429,92,24,0.436,0.182,0.026,0.191,0.32,0.286,0.037,3,-0.096,False,False,False,,True
held_up,2,NOT culture AND balance,culture;balance,01,0.743,0.503,142,40,0.533,0.303,0.231,0.319,0.4,0.286,0.185,4,-0.097,False,False,False,,True
held_up,2,local_tax_base AND extracurricular,local_tax_base;extracurricular,11,0.743,0.495,112,23,0.434,0.174,0.179,0.149,0.2,0.19,0.148,4,-0.097,False,False,False,,True
held_up,2,NOT education AND balance,education;balance,01,0.742,0.539,173,53,0.558,0.402,0.282,0.383,0.6,0.429,0.259,4,-0.098,False,False,False,,True
held_up,2,investment AND NOT contestation,investment;contestation,10,0.742,0.486,133,37,0.552,0.28,0.231,0.319,0.32,0.238,0.259,4,-0.098,False,False,False,,True
held_up,2,local_tax_base AND NOT social,local_tax_base;social,10,0.742,0.48,121,25,0.424,0.189,0.205,0.17,0.16,0.238,0.296,4,-0.098,False,False,False,,True
held_up,2,NOT investment AND balance,investment;balance,01,0.742,0.48,134,35,0.473,0.265,0.231,0.298,0.32,0.19,0.259,4,-0.098,False,False,False,,True
held_up,2,local_tax_base AND NOT autonomy,local_tax_base;autonomy,10,0.742,0.445,110,27,0.443,0.205,0.179,0.191,0.24,0.238,0.185,4,-0.098,False,False,False,,True
held_up,2,NOT social AND NOT education,social;education,00,0.741,0.579,184,44,0.494,0.333,0.308,0.34,0.32,0.381,0.333,4,-0.099,False,False,False,,True
held_up,2,property_tax AND NOT small,property_tax;small,10,0.741,0.513,128,27,0.435,0.205,0.359,0.085,0.16,0.238,0.37,3,-0.099,False,False,False,,True
held_up,2,extracurricular AND NOT contestation,extracurricular;contestation,10,0.741,0.491,127,32,0.478,0.242,0.128,0.298,0.32,0.238,0.111,4,-0.099,False,False,False,,True
held_up,2,investment AND education,investment;education,11,0.741,0.49,123,35,0.547,0.265,0.282,0.298,0.2,0.238,0.296,4,-0.099,False,False,False,,True
held_up,2,local_tax_base AND small,local_tax_base;small,11,0.741,0.433,104,24,0.453,0.182,0.154,0.191,0.08,0.333,0.185,3,-0.099,False,False,False,,True
held_up,2,single_tax AND NOT small,single_tax;small,10,0.74,0.528,140,29,0.403,0.22,0.436,0.128,0.12,0.143,0.333,4,-0.1,False,False,False,,True
held_up,2,NOT property_tax AND balance,property_tax;balance,01,0.74,0.511,147,47,0.534,0.356,0.179,0.426,0.48,0.381,0.111,4,-0.1,False,False,False,,True
held_up,2,local_tax_base AND NOT extracurricular,local_tax_base;extracurricular,10,0.74,0.466,121,27,0.458,0.205,0.231,0.149,0.24,0.238,0.333,4,-0.1,False,False,False,,True
held_up,2,NOT local_tax_base AND contestation,local_tax_base;contestation,01,0.739,0.573,169,44,0.537,0.333,0.41,0.34,0.16,0.381,0.407,3,-0.101,False,False,False,,True
held_up,2,education AND balance,education;balance,11,0.739,0.503,125,31,0.443,0.235,0.333,0.17,0.16,0.286,0.37,4,-0.101,False,False,False,,True
held_up,2,investment AND culture,investment;culture,11,0.738,0.513,138,37,0.536,0.28,0.308,0.234,0.24,0.381,0.333,4,-0.102,False,False,False,,True
held_up,2,local_tax_base AND balance,local_tax_base;balance,11,0.738,0.486,118,29,0.446,0.22,0.231,0.128,0.36,0.238,0.296,4,-0.102,False,False,False,,True
held_up,2,NOT investment AND extracurricular,investment;extracurricular,01,0.737,0.508,151,37,0.481,0.28,0.256,0.319,0.32,0.19,0.259,4,-0.103,False,False,False,,True
held_up,2,NOT property_tax AND NOT autonomy,property_tax;autonomy,00,0.737,0.486,145,39,0.513,0.295,0.179,0.362,0.36,0.286,0.222,4,-0.103,False,False,False,,True
held_up,2,local_tax_base AND NOT culture,local_tax_base;culture,10,0.737,0.483,123,26,0.448,0.197,0.231,0.17,0.24,0.143,0.296,4,-0.103,False,False,False,,True
held_up,2,NOT education AND extracurricular,education;extracurricular,01,0.736,0.592,199,52,0.547,0.394,0.256,0.404,0.52,0.476,0.185,4,-0.104,False,False,False,,True
held_up,2,NOT social AND NOT culture,social;culture,00,0.736,0.569,176,40,0.494,0.303,0.308,0.362,0.28,0.19,0.296,4,-0.104,False,False,False,,True
held_up,2,investment AND NOT balance,investment;balance,10,0.736,0.511,145,30,0.492,0.227,0.231,0.34,0.08,0.143,0.185,3,-0.104,False,False,False,,True
held_up,2,local_tax_base AND NOT education,local_tax_base;education,10,0.735,0.503,140,30,0.448,0.227,0.256,0.149,0.4,0.143,0.296,4,-0.105,False,False,False,,True
held_up,2,local_tax_base AND education,local_tax_base;education,11,0.735,0.435,93,20,0.444,0.152,0.154,0.149,0.04,0.286,0.185,3,-0.105,False,False,False,,True
held_up,2,NOT local_tax_base AND NOT property_tax,local_tax_base;property_tax,00,0.734,0.575,188,53,0.552,0.402,0.308,0.489,0.4,0.381,0.222,4,-0.106,False,False,False,,True
held_up,2,property_tax AND small,property_tax;small,11,0.734,0.457,121,28,0.459,0.212,0.154,0.255,0.16,0.286,0.185,4,-0.106,False,False,False,,True
held_up,2,NOT local_tax_base AND investment,local_tax_base;investment,01,0.733,0.567,174,52,0.565,0.394,0.359,0.468,0.32,0.381,0.259,4,-0.107,False,False,False,,True
held_up,2,NOT local_tax_base AND NOT education,local_tax_base;education,00,0.733,0.567,187,52,0.553,0.394,0.282,0.447,0.4,0.476,0.185,4,-0.107,False,False,False,,True
held_up,2,payroll_pit AND NOT small,payroll_pit;small,10,0.733,0.548,160,36,0.456,0.273,0.41,0.191,0.16,0.333,0.296,4,-0.107,False,False,False,,True
held_up,2,education AND small,education;small,11,0.731,0.452,120,31,0.508,0.235,0.205,0.298,0.12,0.286,0.259,4,-0.109,False,False,False,,True
held_up,2,NOT culture AND extracurricular,culture;extracurricular,01,0.73,0.578,184,42,0.525,0.318,0.179,0.383,0.4,0.333,0.074,4,-0.11,False,False,False,,True
held_up,2,autonomy AND culture,autonomy;culture,11,0.73,0.553,166,47,0.56,0.356,0.462,0.277,0.4,0.286,0.556,4,-0.11,False,False,False,,True
held_up,2,NOT payroll_pit AND NOT social,payroll_pit;social,00,0.73,0.538,172,43,0.512,0.326,0.308,0.319,0.32,0.381,0.407,4,-0.11,False,False,False,,True
held_up,2,single_tax AND small,single_tax;small,11,0.73,0.457,116,24,0.444,0.182,0.128,0.255,0.08,0.238,0.148,3,-0.11,False,False,False,,True
held_up,2,investment AND balance,investment;balance,11,0.729,0.56,164,49,0.538,0.371,0.385,0.255,0.44,0.524,0.37,4,-0.111,False,False,False,,True
held_up,2,contestation AND balance,contestation;balance,11,0.729,0.558,169,45,0.517,0.341,0.385,0.277,0.28,0.476,0.407,4,-0.111,False,False,False,,True
held_up,2,property_tax AND balance,property_tax;balance,11,0.729,0.52,151,37,0.481,0.28,0.436,0.128,0.28,0.333,0.519,3,-0.111,False,False,False,,True
held_up,2,local_tax_base AND NOT payroll_pit,local_tax_base;payroll_pit,10,0.729,0.508,143,38,0.507,0.288,0.256,0.213,0.44,0.333,0.296,4,-0.111,False,False,False,,True
held_up,2,local_tax_base AND contestation,local_tax_base;contestation,11,0.729,0.499,130,29,0.46,0.22,0.231,0.149,0.28,0.286,0.222,4,-0.111,False,False,False,,True
held_up,2,local_tax_base AND culture,local_tax_base;culture,11,0.729,0.456,110,24,0.444,0.182,0.179,0.128,0.2,0.286,0.185,4,-0.111,False,False,False,,True
held_up,2,NOT property_tax AND NOT single_tax,property_tax;single_tax,00,0.728,0.572,189,59,0.615,0.447,0.282,0.532,0.64,0.333,0.333,4,-0.112,False,False,False,,True
held_up,2,payroll_pit AND balance,payroll_pit;balance,11,0.728,0.554,166,41,0.471,0.311,0.462,0.213,0.16,0.429,0.444,4,-0.112,False,False,False,,True
held_up,2,NOT local_tax_base AND balance,local_tax_base;balance,01,0.728,0.552,180,55,0.55,0.417,0.385,0.426,0.4,0.476,0.333,4,-0.112,False,False,False,,True
held_up,2,NOT local_tax_base AND social,local_tax_base;social,01,0.728,0.546,171,49,0.521,0.371,0.359,0.404,0.36,0.333,0.37,4,-0.112,False,False,False,,True
held_up,2,culture AND balance,culture;balance,11,0.727,0.532,156,44,0.489,0.333,0.385,0.234,0.36,0.429,0.444,4,-0.113,False,False,False,,True
held_up,2,NOT education AND NOT balance,education;balance,00,0.727,0.523,154,29,0.439,0.22,0.256,0.213,0.2,0.19,0.222,4,-0.113,False,False,False,,True
held_up,2,autonomy AND balance,autonomy;balance,11,0.726,0.605,206,60,0.545,0.455,0.59,0.362,0.44,0.429,0.593,4,-0.114,False,False,False,,True
held_up,2,NOT payroll_pit AND NOT small,payroll_pit;small,00,0.726,0.586,200,55,0.561,0.417,0.333,0.426,0.64,0.286,0.37,4,-0.114,False,False,False,,True
held_up,2,single_tax AND balance,single_tax;balance,11,0.726,0.538,163,36,0.419,0.273,0.462,0.17,0.16,0.286,0.407,4,-0.114,False,False,False,,True
held_up,2,social AND balance,social;balance,11,0.724,0.569,185,53,0.51,0.402,0.385,0.298,0.6,0.429,0.407,4,-0.116,False,False,False,,True
held_up,2,NOT culture AND contestation,culture;contestation,01,0.723,0.566,176,43,0.524,0.326,0.231,0.383,0.28,0.429,0.148,4,-0.117,False,False,False,,True
held_up,2,investment AND social,investment;social,11,0.723,0.564,171,46,0.548,0.348,0.333,0.34,0.4,0.333,0.333,4,-0.117,False,False,False,,True
held_up,2,NOT local_tax_base AND NOT culture,local_tax_base;culture,00,0.723,0.541,173,44,0.53,0.333,0.231,0.404,0.36,0.333,0.074,4,-0.117,False,False,False,,True
held_up,2,NOT payroll_pit AND NOT autonomy,payroll_pit;autonomy,00,0.723,0.494,159,45,0.517,0.341,0.205,0.383,0.4,0.429,0.259,4,-0.117,False,False,False,,True
held_up,2,autonomy AND NOT culture,autonomy;culture,10,0.722,0.552,166,34,0.459,0.258,0.308,0.255,0.2,0.238,0.185,4,-0.118,False,False,False,,True
held_up,2,payroll_pit AND contestation,payroll_pit;contestation,11,0.722,0.545,167,36,0.45,0.273,0.385,0.213,0.12,0.381,0.37,3,-0.118,False,False,False,,True
held_up,2,social AND education,social;education,11,0.722,0.508,140,36,0.48,0.273,0.333,0.277,0.16,0.286,0.407,4,-0.118,False,False,False,,True
held_up,2,social AND NOT small,social;small,10,0.721,0.584,190,48,0.495,0.364,0.385,0.298,0.52,0.286,0.333,4,-0.119,False,False,False,,True
held_up,2,investment AND extracurricular,investment;extracurricular,11,0.721,0.582,172,42,0.519,0.318,0.282,0.298,0.28,0.476,0.185,4,-0.119,False,False,False,,True
held_up,2,culture AND extracurricular,culture;extracurricular,11,0.721,0.515,139,37,0.474,0.28,0.359,0.234,0.2,0.333,0.37,4,-0.119,False,False,False,,True
held_up,2,local_tax_base AND investment,local_tax_base;investment,11,0.721,0.51,135,27,0.45,0.205,0.256,0.128,0.2,0.286,0.296,4,-0.119,False,False,False,,True
held_up,2,NOT single_tax AND NOT small,single_tax;small,00,0.72,0.621,220,62,0.59,0.47,0.308,0.489,0.68,0.476,0.333,4,-0.12,False,False,False,,True
held_up,2,NOT local_tax_base AND autonomy,local_tax_base;autonomy,01,0.719,0.61,209,58,0.542,0.439,0.538,0.426,0.4,0.333,0.444,4,-0.121,False,False,False,,True
held_up,2,social AND contestation,social;contestation,11,0.719,0.556,164,41,0.5,0.311,0.385,0.213,0.32,0.381,0.37,4,-0.121,False,False,False,,True
held_up,2,NOT single_tax AND NOT payroll_pit,single_tax;payroll_pit,00,0.718,0.57,198,62,0.602,0.47,0.333,0.511,0.72,0.333,0.407,4,-0.122,False,False,False,,True
held_up,2,single_tax AND contestation,single_tax;contestation,11,0.718,0.522,147,29,0.414,0.22,0.385,0.17,0.04,0.238,0.37,3,-0.122,False,False,False,,True
held_up,2,autonomy AND NOT education,autonomy;education,10,0.717,0.598,201,45,0.506,0.341,0.385,0.298,0.4,0.286,0.296,4,-0.123,False,False,False,,True
held_up,2,NOT education AND contestation,education;contestation,01,0.717,0.584,192,47,0.528,0.356,0.308,0.34,0.36,0.476,0.259,4,-0.123,False,False,False,,True
held_up,2,NOT property_tax AND NOT payroll_pit,property_tax;payroll_pit,00,0.717,0.559,197,58,0.586,0.439,0.359,0.511,0.6,0.238,0.444,4,-0.123,False,False,False,,True
held_up,2,extracurricular AND contestation,extracurricular;contestation,11,0.716,0.601,196,47,0.516,0.356,0.41,0.319,0.28,0.429,0.333,4,-0.124,False,False,False,,True
held_up,2,social AND culture,social;culture,11,0.716,0.54,163,44,0.506,0.333,0.41,0.319,0.32,0.238,0.481,4,-0.124,False,False,False,,True
held_up,2,NOT culture AND NOT balance,culture;balance,00,0.716,0.51,154,30,0.455,0.227,0.231,0.255,0.2,0.19,0.185,4,-0.124,False,False,False,,True
held_up,2,education AND extracurricular,education;extracurricular,11,0.716,0.496,124,27,0.429,0.205,0.282,0.213,0.08,0.19,0.259,3,-0.124,False,False,False,,True
held_up,2,NOT local_tax_base AND extracurricular,local_tax_base;extracurricular,01,0.715,0.604,211,56,0.533,0.424,0.359,0.468,0.4,0.476,0.296,4,-0.125,False,False,False,,True
held_up,2,investment AND contestation,investment;contestation,11,0.715,0.58,176,42,0.494,0.318,0.385,0.277,0.2,0.429,0.296,4,-0.125,False,False,False,,True
held_up,2,autonomy AND contestation,autonomy;contestation,11,0.714,0.61,198,49,0.527,0.371,0.487,0.298,0.28,0.429,0.481,4,-0.126,False,False,False,,True
held_up,2,NOT property_tax AND NOT education,property_tax;education,00,0.714,0.603,218,64,0.571,0.485,0.333,0.553,0.68,0.381,0.296,4,-0.126,False,False,False,,True
held_up,2,investment AND NOT education,investment;education,10,0.714,0.57,186,44,0.5,0.333,0.333,0.298,0.32,0.429,0.259,4,-0.126,False,False,False,,True
held_up,2,NOT local_tax_base AND payroll_pit,local_tax_base;payroll_pit,01,0.714,0.564,180,46,0.484,0.348,0.41,0.34,0.24,0.381,0.296,4,-0.126,False,False,False,,True
held_up,2,property_tax AND contestation,property_tax;contestation,11,0.714,0.516,153,33,0.434,0.25,0.41,0.106,0.16,0.381,0.407,3,-0.126,False,False,False,,True
held_up,2,payroll_pit AND investment,payroll_pit;investment,11,0.713,0.559,172,41,0.488,0.311,0.385,0.298,0.2,0.333,0.296,4,-0.127,False,False,False,,True
held_up,2,NOT property_tax AND NOT culture,property_tax;culture,00,0.712,0.582,205,57,0.564,0.432,0.333,0.532,0.56,0.238,0.259,4,-0.128,False,False,False,,True
held_up,2,NOT payroll_pit AND NOT culture,payroll_pit;culture,00,0.712,0.565,190,50,0.549,0.379,0.282,0.426,0.52,0.286,0.333,4,-0.128,False,False,False,,True
held_up,2,local_tax_base AND single_tax,local_tax_base;single_tax,11,0.712,0.479,125,21,0.362,0.159,0.205,0.128,0.04,0.286,0.222,3,-0.128,False,False,False,,True
held_up,2,NOT single_tax AND NOT education,single_tax;education,00,0.711,0.613,225,66,0.579,0.5,0.308,0.489,0.76,0.571,0.333,4,-0.129,False,False,False,,True
held_up,2,NOT single_tax AND NOT culture,single_tax;culture,00,0.711,0.576,197,52,0.536,0.394,0.256,0.404,0.56,0.429,0.259,4,-0.129,False,False,False,,True
held_up,2,NOT property_tax AND NOT small,property_tax;small,00,0.71,0.623,232,64,0.557,0.485,0.385,0.532,0.64,0.381,0.296,4,-0.13,False,False,False,,True
held_up,2,investment AND NOT culture,investment;culture,10,0.71,0.545,171,42,0.506,0.318,0.308,0.362,0.28,0.286,0.222,4,-0.13,False,False,False,,True
held_up,2,NOT local_tax_base AND NOT small,local_tax_base;small,00,0.709,0.624,231,65,0.551,0.492,0.487,0.511,0.44,0.524,0.37,4,-0.131,False,False,False,,True
held_up,2,autonomy AND extracurricular,autonomy;extracurricular,11,0.709,0.619,212,46,0.469,0.348,0.41,0.34,0.36,0.238,0.333,4,-0.131,False,False,False,,True
held_up,2,property_tax AND investment,property_tax;investment,11,0.709,0.538,161,37,0.468,0.28,0.359,0.213,0.28,0.286,0.333,4,-0.131,False,False,False,,True
held_up,2,property_tax AND education,property_tax;education,11,0.709,0.499,140,37,0.5,0.28,0.308,0.298,0.2,0.286,0.37,4,-0.131,False,False,False,,True
held_up,2,balance AND NOT small,balance;small,10,0.708,0.604,218,66,0.537,0.5,0.462,0.468,0.64,0.476,0.407,4,-0.132,False,False,False,,True
held_up,2,payroll_pit AND education,payroll_pit;education,11,0.708,0.522,151,35,0.443,0.265,0.333,0.298,0.16,0.19,0.333,4,-0.132,False,False,False,,True
held_up,2,autonomy AND social,autonomy;social,11,0.706,0.605,203,52,0.505,0.394,0.487,0.298,0.44,0.381,0.519,4,-0.134,False,False,False,,True
held_up,2,NOT payroll_pit AND NOT education,payroll_pit;education,00,0.706,0.583,208,59,0.546,0.447,0.308,0.468,0.72,0.333,0.333,4,-0.134,False,False,False,,True
held_up,2,culture AND education,culture;education,11,0.706,0.506,141,40,0.519,0.303,0.385,0.277,0.2,0.333,0.444,4,-0.134,False,False,False,,True
held_up,2,contestation AND NOT small,contestation;small,10,0.705,0.634,212,56,0.566,0.424,0.513,0.362,0.4,0.429,0.481,4,-0.135,False,False,False,,True
held_up,2,single_tax AND extracurricular,single_tax;extracurricular,11,0.705,0.54,160,36,0.434,0.273,0.436,0.234,0.12,0.238,0.37,3,-0.135,False,False,False,,True
held_up,2,property_tax AND extracurricular,property_tax;extracurricular,11,0.705,0.517,148,30,0.417,0.227,0.333,0.17,0.16,0.238,0.333,4,-0.135,False,False,False,,True
held_up,2,single_tax AND autonomy,single_tax;autonomy,11,0.704,0.58,190,40,0.444,0.303,0.487,0.277,0.16,0.19,0.407,4,-0.136,False,False,False,,True
held_up,2,single_tax AND investment,single_tax;investment,11,0.704,0.537,159,34,0.442,0.258,0.333,0.255,0.16,0.238,0.222,4,-0.136,False,False,False,,True
held_up,2,extracurricular AND NOT small,extracurricular;small,10,0.703,0.663,257,66,0.528,0.5,0.462,0.468,0.56,0.571,0.37,4,-0.137,False,False,False,,True
held_up,2,autonomy AND investment,autonomy;investment,11,0.703,0.63,211,51,0.515,0.386,0.513,0.319,0.32,0.381,0.444,4,-0.137,False,False,False,,True
held_up,2,investment AND NOT small,investment;small,10,0.703,0.611,206,52,0.52,0.394,0.41,0.362,0.36,0.476,0.296,4,-0.137,False,False,False,,True
held_up,2,extracurricular AND balance,extracurricular;balance,11,0.703,0.603,210,59,0.518,0.447,0.385,0.447,0.52,0.476,0.333,4,-0.137,False,False,False,,True
held_up,2,autonomy AND NOT small,autonomy;small,10,0.702,0.643,228,57,0.528,0.432,0.59,0.383,0.4,0.286,0.481,4,-0.138,False,False,False,,True
held_up,2,social AND extracurricular,social;extracurricular,11,0.702,0.576,187,45,0.464,0.341,0.359,0.298,0.44,0.286,0.296,4,-0.138,False,False,False,,True
held_up,2,payroll_pit AND culture,payroll_pit;culture,11,0.702,0.536,164,38,0.463,0.288,0.385,0.277,0.16,0.286,0.444,4,-0.138,False,False,False,,True
held_up,2,single_tax AND social,single_tax;social,11,0.701,0.54,164,34,0.405,0.258,0.359,0.234,0.12,0.286,0.333,3,-0.139,False,False,False,,True
held_up,2,property_tax AND social,property_tax;social,11,0.699,0.534,177,40,0.455,0.303,0.41,0.234,0.28,0.286,0.444,4,-0.141,False,False,False,,True
held_up,2,property_tax AND culture,property_tax;culture,11,0.697,0.513,158,42,0.506,0.318,0.385,0.298,0.28,0.286,0.444,4,-0.143,False,False,False,,True
held_up,2,payroll_pit AND extracurricular,payroll_pit;extracurricular,11,0.696,0.557,179,36,0.409,0.273,0.385,0.234,0.16,0.286,0.333,4,-0.144,False,False,False,,True
held_up,2,single_tax AND education,single_tax;education,11,0.696,0.514,154,37,0.468,0.28,0.333,0.277,0.16,0.333,0.333,4,-0.144,False,False,False,,True
held_up,2,property_tax AND autonomy,property_tax;autonomy,11,0.695,0.58,197,43,0.462,0.326,0.462,0.234,0.28,0.333,0.519,4,-0.145,False,False,False,,True
held_up,2,local_tax_base AND property_tax,local_tax_base;property_tax,11,0.695,0.493,141,26,0.388,0.197,0.231,0.128,0.16,0.333,0.259,4,-0.145,False,False,False,,True
held_up,2,payroll_pit AND social,payroll_pit;social,11,0.693,0.567,196,43,0.434,0.326,0.436,0.277,0.2,0.381,0.444,4,-0.147,False,False,False,,True
held_up,2,single_tax AND culture,single_tax;culture,11,0.693,0.517,157,35,0.427,0.265,0.359,0.213,0.16,0.333,0.37,4,-0.147,False,False,False,,True
held_up,2,NOT culture AND NOT small,culture;small,00,0.69,0.626,232,57,0.514,0.432,0.385,0.447,0.56,0.333,0.259,4,-0.15,False,False,False,,True
held_up,2,payroll_pit AND autonomy,payroll_pit;autonomy,11,0.688,0.626,232,52,0.46,0.394,0.538,0.34,0.24,0.429,0.481,4,-0.152,False,False,False,,True
held_up,2,property_tax AND single_tax,property_tax;single_tax,11,0.688,0.53,165,35,0.432,0.265,0.359,0.255,0.16,0.238,0.37,4,-0.152,False,False,False,,True
held_up,2,property_tax AND payroll_pit,property_tax;payroll_pit,11,0.686,0.548,187,39,0.433,0.295,0.436,0.277,0.16,0.238,0.481,4,-0.154,False,False,False,,True
held_up,2,NOT education AND NOT small,education;small,00,0.685,0.673,278,72,0.533,0.545,0.487,0.511,0.72,0.524,0.407,4,-0.155,False,False,False,,True
held_up,2,NOT culture AND NOT education,culture;education,00,0.684,0.62,235,60,0.522,0.455,0.385,0.447,0.6,0.429,0.296,4,-0.156,False,False,False,,True
held_up,2,single_tax AND payroll_pit,single_tax;payroll_pit,11,0.679,0.564,195,41,0.423,0.311,0.462,0.319,0.16,0.19,0.37,4,-0.161,False,False,False,,True
held_up,3,payroll_pit AND NOT autonomy AND NOT education,payroll_pit;autonomy;education,100,0.863,0.312,3,1,0.5,0.008,0.0,0.0,0.0,0.048,0.0,1,-0.026,False,False,False,,False
held_up,3,NOT single_tax AND payroll_pit AND NOT extracurricular,single_tax;payroll_pit;extracurricular,010,0.861,0.344,23,8,0.615,0.061,0.103,0.043,0.0,0.095,0.111,3,-0.028,False,False,False,,True
held_up,3,NOT single_tax AND payroll_pit AND small,single_tax;payroll_pit;small,011,0.86,0.311,19,4,0.364,0.03,0.051,0.021,0.0,0.048,0.074,3,-0.029,False,False,False,,True
held_up,3,NOT property_tax AND payroll_pit AND small,property_tax;payroll_pit;small,011,0.858,0.314,16,2,0.333,0.015,0.0,0.021,0.0,0.048,0.0,2,-0.031,False,False,False,,False
held_up,3,NOT single_tax AND payroll_pit AND NOT autonomy,single_tax;payroll_pit;autonomy,010,0.858,0.313,6,2,0.5,0.015,0.0,0.021,0.0,0.048,0.0,2,-0.031,False,False,False,,False
held_up,3,NOT single_tax AND payroll_pit AND NOT social,single_tax;payroll_pit;social,010,0.857,0.368,22,4,0.4,0.03,0.0,0.043,0.0,0.095,0.0,2,-0.032,False,False,False,,False
held_up,3,NOT property_tax AND payroll_pit AND NOT extracurricular,property_tax;payroll_pit;extracurricular,010,0.856,0.341,18,4,0.444,0.03,0.051,0.021,0.0,0.048,0.0,3,-0.033,False,False,False,,True
held_up,3,NOT payroll_pit AND autonomy AND education,payroll_pit;autonomy;education,011,0.856,0.333,15,6,0.857,0.045,0.077,0.021,0.04,0.048,0.111,3,-0.033,False,False,False,,True
held_up,3,payroll_pit AND NOT education AND small,payroll_pit;education;small,101,0.856,0.322,20,2,0.25,0.015,0.0,0.021,0.0,0.048,0.0,2,-0.033,False,False,False,,False
held_up,3,local_tax_base AND NOT single_tax AND payroll_pit,local_tax_base;single_tax;payroll_pit,101,0.855,0.323,14,2,0.5,0.015,0.026,0.021,0.0,0.0,0.037,2,-0.034,False,False,False,,False
held_up,3,NOT property_tax AND social AND small,property_tax;social;small,011,0.855,0.317,12,6,1.0,0.045,0.026,0.064,0.0,0.095,0.037,3,-0.034,False,False,False,,True
held_up,3,payroll_pit AND NOT autonomy AND NOT culture,payroll_pit;autonomy;culture,100,0.855,0.316,6,1,0.5,0.008,0.0,0.021,0.0,0.0,0.0,1,-0.034,False,False,False,,False
held_up,3,payroll_pit AND NOT autonomy AND NOT extracurricular,payroll_pit;autonomy;extracurricular,100,0.855,0.298,14,2,0.286,0.015,0.0,0.043,0.0,0.0,0.0,1,-0.034,False,False,False,,False
held_up,3,NOT single_tax AND autonomy AND education,single_tax;autonomy;education,011,0.853,0.36,30,10,0.588,0.076,0.128,0.064,0.04,0.048,0.185,4,-0.036,False,False,False,,True
held_up,3,NOT single_tax AND autonomy AND small,single_tax;autonomy;small,011,0.852,0.338,29,10,0.556,0.076,0.103,0.0,0.12,0.143,0.148,3,-0.037,False,False,False,,True
held_up,3,NOT education AND extracurricular AND small,education;extracurricular;small,011,0.852,0.33,9,2,0.4,0.015,0.0,0.021,0.04,0.0,0.0,2,-0.037,False,False,False,,False
held_up,3,payroll_pit AND NOT autonomy AND NOT social,payroll_pit;autonomy;social,100,0.852,0.321,9,2,0.667,0.015,0.0,0.021,0.0,0.048,0.0,2,-0.037,False,False,False,,False
held_up,3,NOT local_tax_base AND NOT education AND small,local_tax_base;education;small,001,0.852,0.317,12,5,0.556,0.038,0.026,0.043,0.04,0.048,0.037,4,-0.037,False,False,False,,True
held_up,3,NOT property_tax AND extracurricular AND small,property_tax;extracurricular;small,011,0.851,0.329,14,3,0.429,0.023,0.0,0.043,0.0,0.048,0.0,2,-0.038,False,False,False,,False
held_up,3,NOT single_tax AND extracurricular AND small,single_tax;extracurricular;small,011,0.851,0.329,14,3,0.429,0.023,0.0,0.043,0.04,0.0,0.0,2,-0.038,False,False,False,,False
held_up,3,NOT single_tax AND balance AND small,single_tax;balance;small,011,0.851,0.323,20,8,0.615,0.061,0.077,0.021,0.08,0.095,0.111,3,-0.038,False,False,False,,True
held_up,3,NOT single_tax AND culture AND small,single_tax;culture;small,011,0.851,0.317,21,8,0.571,0.061,0.077,0.043,0.08,0.048,0.111,4,-0.038,False,False,False,,True
held_up,3,NOT single_tax AND education AND NOT balance,single_tax;education;balance,010,0.851,0.308,21,5,0.625,0.038,0.051,0.064,0.0,0.0,0.074,2,-0.038,False,False,False,,False
held_up,3,NOT local_tax_base AND NOT payroll_pit AND small,local_tax_base;payroll_pit;small,001,0.851,0.291,14,5,0.714,0.038,0.051,0.043,0.04,0.0,0.074,3,-0.038,False,False,False,,True
held_up,3,NOT local_tax_base AND property_tax AND NOT social,local_tax_base;property_tax;social,010,0.85,0.352,16,6,0.6,0.045,0.026,0.064,0.04,0.048,0.0,4,-0.039,False,False,False,,True
held_up,3,autonomy AND NOT social AND education,autonomy;social;education,101,0.849,0.372,33,7,0.5,0.053,0.077,0.043,0.04,0.048,0.037,4,-0.04,False,False,False,,True
held_up,3,payroll_pit AND NOT social AND NOT balance,payroll_pit;social;balance,100,0.849,0.364,39,7,0.438,0.053,0.026,0.106,0.04,0.0,0.0,2,-0.04,False,False,False,,False
held_up,3,NOT property_tax AND autonomy AND small,property_tax;autonomy;small,011,0.849,0.327,17,4,0.5,0.03,0.051,0.0,0.04,0.048,0.074,3,-0.04,False,False,False,,True
held_up,3,NOT local_tax_base AND NOT social AND small,local_tax_base;social;small,001,0.849,0.324,24,6,0.5,0.045,0.026,0.064,0.08,0.0,0.037,3,-0.04,False,False,False,,True
held_up,3,payroll_pit AND NOT investment AND NOT extracurricular,payroll_pit;investment;extracurricular,100,0.849,0.323,27,4,0.364,0.03,0.0,0.043,0.0,0.095,0.0,2,-0.04,False,False,False,,False
held_up,3,NOT payroll_pit AND autonomy AND small,payroll_pit;autonomy;small,011,0.849,0.322,21,7,0.7,0.053,0.051,0.0,0.12,0.095,0.074,3,-0.04,False,False,False,,True
held_up,3,payroll_pit AND NOT social AND NOT education,payroll_pit;social;education,100,0.848,0.398,40,9,0.474,0.068,0.077,0.085,0.0,0.095,0.037,3,-0.041,False,False,False,,True
held_up,3,NOT single_tax AND payroll_pit AND NOT balance,single_tax;payroll_pit;balance,010,0.848,0.346,34,6,0.375,0.045,0.051,0.043,0.04,0.048,0.037,4,-0.041,False,False,False,,True
held_up,3,payroll_pit AND NOT investment AND NOT social,payroll_pit;investment;social,100,0.848,0.342,25,2,0.25,0.015,0.026,0.021,0.0,0.0,0.037,2,-0.041,False,False,False,,False
held_up,3,NOT local_tax_base AND NOT property_tax AND small,local_tax_base;property_tax;small,001,0.848,0.336,24,7,0.583,0.053,0.051,0.064,0.04,0.048,0.074,4,-0.041,False,False,False,,True
held_up,3,culture AND NOT education AND NOT balance,culture;education;balance,100,0.848,0.336,24,3,0.5,0.023,0.051,0.021,0.0,0.0,0.074,2,-0.041,False,False,False,,False
held_up,3,NOT single_tax AND education AND contestation,single_tax;education;contestation,011,0.847,0.348,21,7,0.583,0.053,0.077,0.064,0.04,0.0,0.111,3,-0.042,False,False,False,,True
held_up,3,payroll_pit AND NOT social AND NOT extracurricular,payroll_pit;social;extracurricular,100,0.847,0.348,29,5,0.385,0.038,0.051,0.043,0.04,0.0,0.0,3,-0.042,False,False,False,,True
held_up,3,social AND NOT education AND small,social;education;small,101,0.847,0.326,16,4,0.5,0.03,0.0,0.043,0.04,0.048,0.0,3,-0.042,False,False,False,,True
held_up,3,NOT property_tax AND culture AND NOT balance,property_tax;culture;balance,010,0.847,0.323,27,4,0.444,0.03,0.103,0.0,0.0,0.0,0.148,1,-0.042,False,False,False,,False
held_up,3,NOT property_tax AND culture AND small,property_tax;culture;small,011,0.847,0.313,15,2,0.333,0.015,0.026,0.021,0.0,0.0,0.037,2,-0.042,False,False,False,,False
held_up,3,payroll_pit AND NOT social AND NOT small,payroll_pit;social;small,100,0.846,0.411,40,11,0.55,0.083,0.128,0.085,0.0,0.095,0.037,3,-0.043,False,False,False,,True
held_up,3,payroll_pit AND NOT extracurricular AND NOT small,payroll_pit;extracurricular;small,100,0.846,0.378,29,7,0.5,0.053,0.103,0.043,0.0,0.048,0.037,3,-0.043,False,False,False,,True
held_up,3,autonomy AND education AND NOT balance,autonomy;education;balance,110,0.846,0.356,32,7,0.583,0.053,0.051,0.085,0.04,0.0,0.074,3,-0.043,False,False,False,,True
held_up,3,NOT single_tax AND culture AND NOT extracurricular,single_tax;culture;extracurricular,010,0.846,0.349,33,12,0.667,0.091,0.154,0.043,0.12,0.048,0.222,3,-0.043,False,False,False,,True
held_up,3,NOT property_tax AND payroll_pit AND NOT autonomy,property_tax;payroll_pit;autonomy,010,0.846,0.323,12,2,0.333,0.015,0.0,0.021,0.0,0.048,0.0,2,-0.043,False,False,False,,False
held_up,3,NOT single_tax AND education AND NOT extracurricular,single_tax;education;extracurricular,010,0.846,0.32,19,10,0.833,0.076,0.128,0.064,0.04,0.048,0.185,4,-0.043,False,False,False,,True
held_up,3,NOT single_tax AND social AND small,single_tax;social;small,011,0.846,0.318,20,8,0.615,0.061,0.077,0.043,0.08,0.048,0.111,4,-0.043,False,False,False,,True
held_up,3,NOT local_tax_base AND single_tax AND NOT social,local_tax_base;single_tax;social,010,0.845,0.378,38,11,0.579,0.083,0.128,0.106,0.04,0.0,0.037,2,-0.044,False,False,False,,False
held_up,3,autonomy AND culture AND NOT balance,autonomy;culture;balance,110,0.845,0.375,38,9,0.692,0.068,0.077,0.106,0.04,0.0,0.111,3,-0.044,False,False,False,,True
held_up,3,culture AND NOT education AND small,culture;education;small,101,0.845,0.321,17,3,0.375,0.023,0.0,0.043,0.04,0.0,0.0,2,-0.044,False,False,False,,False
held_up,3,NOT property_tax AND education AND NOT balance,property_tax;education;balance,010,0.845,0.318,27,6,0.667,0.045,0.103,0.043,0.0,0.0,0.148,2,-0.044,False,False,False,,False
held_up,3,NOT single_tax AND NOT social AND education,single_tax;social;education,001,0.844,0.341,18,5,0.5,0.038,0.026,0.064,0.0,0.048,0.037,3,-0.045,False,False,False,,True
held_up,3,NOT single_tax AND culture AND NOT balance,single_tax;culture;balance,010,0.844,0.322,27,5,0.556,0.038,0.103,0.021,0.0,0.0,0.148,2,-0.045,False,False,False,,False
held_up,3,local_tax_base AND NOT property_tax AND payroll_pit,local_tax_base;property_tax;payroll_pit,101,0.844,0.319,6,0,0.0,0.0,0.0,0.0,0.0,0.0,0.0,4,-0.045,False,False,False,,True
held_up,3,NOT local_tax_base AND property_tax AND NOT payroll_pit,local_tax_base;property_tax;payroll_pit,010,0.844,0.31,5,2,1.0,0.015,0.0,0.021,0.0,0.048,0.0,2,-0.045,False,False,False,,False
held_up,3,NOT local_tax_base AND NOT social AND culture,local_tax_base;social;culture,001,0.843,0.369,37,12,0.6,0.091,0.103,0.064,0.08,0.143,0.111,4,-0.046,False,False,False,,True
held_up,3,NOT property_tax AND payroll_pit AND NOT balance,property_tax;payroll_pit;balance,010,0.843,0.353,35,5,0.357,0.038,0.026,0.043,0.04,0.048,0.0,4,-0.046,False,False,False,,True
held_up,3,NOT investment AND NOT extracurricular AND NOT balance,investment;extracurricular;balance,000,0.843,0.34,35,9,0.5,0.068,0.077,0.064,0.08,0.048,0.111,4,-0.046,False,False,False,,True
held_up,3,NOT education AND balance AND small,education;balance;small,011,0.843,0.331,18,4,0.444,0.03,0.026,0.021,0.04,0.048,0.037,4,-0.046,False,False,False,,True
held_up,3,social AND NOT culture AND small,social;culture;small,101,0.843,0.315,19,4,0.571,0.03,0.0,0.043,0.0,0.095,0.0,2,-0.046,False,False,False,,False
held_up,3,payroll_pit AND NOT culture AND small,payroll_pit;culture;small,101,0.843,0.311,24,2,0.2,0.015,0.0,0.021,0.0,0.048,0.0,2,-0.046,False,False,False,,False
held_up,3,NOT property_tax AND autonomy AND NOT extracurricular,property_tax;autonomy;extracurricular,010,0.842,0.389,36,14,0.7,0.106,0.205,0.064,0.08,0.048,0.222,3,-0.047,False,False,False,,True
held_up,3,NOT local_tax_base AND NOT social AND education,local_tax_base;social;education,001,0.842,0.353,29,7,0.538,0.053,0.077,0.064,0.04,0.0,0.037,3,-0.047,False,False,False,,True
held_up,3,NOT single_tax AND payroll_pit AND education,single_tax;payroll_pit;education,011,0.842,0.35,24,5,0.385,0.038,0.051,0.064,0.0,0.0,0.074,2,-0.047,False,False,False,,False
held_up,3,NOT payroll_pit AND education AND contestation,payroll_pit;education;contestation,011,0.842,0.336,22,8,0.667,0.061,0.103,0.043,0.04,0.048,0.148,4,-0.047,False,False,False,,True
held_up,3,NOT culture AND balance AND small,culture;balance;small,011,0.842,0.324,22,4,0.364,0.03,0.026,0.021,0.0,0.095,0.037,3,-0.047,False,False,False,,True
held_up,3,NOT single_tax AND autonomy AND NOT extracurricular,single_tax;autonomy;extracurricular,010,0.841,0.404,51,22,0.688,0.167,0.256,0.085,0.16,0.19,0.333,4,-0.048,False,False,False,,True
held_up,3,NOT local_tax_base AND NOT social AND NOT extracurricular,local_tax_base;social;extracurricular,000,0.841,0.38,39,11,0.524,0.083,0.103,0.106,0.08,0.0,0.074,3,-0.048,False,False,False,,True
held_up,3,NOT property_tax AND payroll_pit AND NOT social,property_tax;payroll_pit;social,010,0.841,0.379,37,8,0.471,0.061,0.077,0.064,0.0,0.095,0.0,3,-0.048,False,False,False,,True
held_up,3,autonomy AND NOT investment AND NOT balance,autonomy;investment;balance,100,0.841,0.376,40,7,0.438,0.053,0.051,0.043,0.12,0.0,0.074,3,-0.048,False,False,False,,True
held_up,3,NOT property_tax AND autonomy AND education,property_tax;autonomy;education,011,0.841,0.359,27,7,0.5,0.053,0.103,0.043,0.0,0.048,0.074,3,-0.048,False,False,False,,True
held_up,3,NOT single_tax AND NOT social AND culture,single_tax;social;culture,001,0.841,0.358,28,10,0.625,0.076,0.051,0.064,0.04,0.19,0.074,4,-0.048,False,False,False,,True
held_up,3,autonomy AND NOT investment AND NOT extracurricular,autonomy;investment;extracurricular,100,0.841,0.357,36,10,0.588,0.076,0.077,0.043,0.12,0.095,0.111,4,-0.048,False,False,False,,True
held_up,3,payroll_pit AND NOT culture AND NOT extracurricular,payroll_pit;culture;extracurricular,100,0.841,0.341,27,6,0.4,0.045,0.077,0.021,0.0,0.095,0.0,2,-0.048,False,False,False,,False
held_up,3,NOT property_tax AND culture AND NOT extracurricular,property_tax;culture;extracurricular,010,0.841,0.34,26,5,0.417,0.038,0.077,0.021,0.04,0.0,0.111,3,-0.048,False,False,False,,True
held_up,3,education AND contestation AND NOT balance,education;contestation;balance,110,0.841,0.336,28,7,0.583,0.053,0.103,0.064,0.0,0.0,0.111,2,-0.048,False,False,False,,False
held_up,3,NOT local_tax_base AND single_tax AND NOT payroll_pit,local_tax_base;single_tax;payroll_pit,010,0.841,0.331,12,1,0.25,0.008,0.026,0.0,0.0,0.0,0.037,1,-0.048,False,False,False,,False
held_up,3,education AND NOT extracurricular AND NOT balance,education;extracurricular;balance,100,0.841,0.323,36,11,0.688,0.083,0.077,0.128,0.04,0.048,0.111,3,-0.048,False,False,False,,True
held_up,3,NOT single_tax AND NOT contestation AND small,single_tax;contestation;small,001,0.841,0.32,25,9,0.692,0.068,0.077,0.064,0.08,0.048,0.111,4,-0.048,False,False,False,,True
held_up,3,NOT payroll_pit AND education AND NOT balance,payroll_pit;education;balance,010,0.841,0.305,25,10,0.833,0.076,0.103,0.085,0.0,0.095,0.148,3,-0.048,False,False,False,,True
held_up,3,autonomy AND NOT investment AND NOT social,autonomy;investment;social,100,0.84,0.395,47,8,0.444,0.061,0.051,0.064,0.12,0.0,0.074,3,-0.049,False,False,False,,True
held_up,3,payroll_pit AND NOT social AND NOT culture,payroll_pit;social;culture,100,0.84,0.39,39,7,0.412,0.053,0.077,0.085,0.0,0.0,0.0,2,-0.049,False,False,False,,False
held_up,3,NOT local_tax_base AND culture AND NOT balance,local_tax_base;culture;balance,010,0.84,0.349,35,12,0.706,0.091,0.128,0.128,0.04,0.0,0.185,2,-0.049,False,False,False,,False
held_up,3,NOT social AND culture AND NOT balance,social;culture;balance,010,0.84,0.331,28,7,0.636,0.053,0.051,0.064,0.04,0.048,0.074,4,-0.049,False,False,False,,True
held_up,3,NOT local_tax_base AND NOT extracurricular AND small,local_tax_base;extracurricular;small,001,0.84,0.325,38,12,0.571,0.091,0.077,0.106,0.12,0.048,0.111,4,-0.049,False,False,False,,True
held_up,3,NOT local_tax_base AND NOT single_tax AND small,local_tax_base;single_tax;small,001,0.84,0.317,23,7,0.467,0.053,0.077,0.043,0.04,0.048,0.111,4,-0.049,False,False,False,,True
held_up,3,NOT local_tax_base AND NOT payroll_pit AND autonomy,local_tax_base;payroll_pit;autonomy,001,0.839,0.395,43,15,0.75,0.114,0.128,0.128,0.16,0.0,0.148,3,-0.05,False,False,False,,True
held_up,3,NOT single_tax AND autonomy AND culture,single_tax;autonomy;culture,011,0.839,0.392,49,20,0.769,0.152,0.154,0.128,0.24,0.095,0.222,4,-0.05,False,False,False,,True
held_up,3,autonomy AND NOT social AND culture,autonomy;social;culture,101,0.839,0.389,39,10,0.556,0.076,0.077,0.064,0.08,0.095,0.074,4,-0.05,False,False,False,,True
held_up,3,NOT single_tax AND payroll_pit AND culture,single_tax;payroll_pit;culture,011,0.839,0.363,30,9,0.692,0.068,0.077,0.085,0.0,0.095,0.111,3,-0.05,False,False,False,,True
held_up,3,education AND NOT balance AND NOT small,education;balance;small,100,0.839,0.341,19,2,0.4,0.015,0.051,0.0,0.0,0.0,0.074,1,-0.05,False,False,False,,False
held_up,3,single_tax AND NOT autonomy AND NOT education,single_tax;autonomy;education,100,0.839,0.328,13,2,0.222,0.015,0.0,0.0,0.04,0.048,0.0,2,-0.05,False,False,False,,False
held_up,3,NOT social AND education AND NOT balance,social;education;balance,010,0.839,0.328,31,9,0.692,0.068,0.051,0.106,0.04,0.048,0.074,4,-0.05,False,False,False,,True
held_up,3,NOT payroll_pit AND extracurricular AND small,payroll_pit;extracurricular;small,011,0.839,0.322,18,6,0.6,0.045,0.0,0.064,0.04,0.095,0.0,3,-0.05,False,False,False,,True
held_up,3,NOT single_tax AND education AND small,single_tax;education;small,011,0.839,0.316,24,8,0.615,0.061,0.077,0.064,0.04,0.048,0.111,4,-0.05,False,False,False,,True
held_up,3,culture AND NOT extracurricular AND NOT small,culture;extracurricular;small,100,0.838,0.375,34,7,0.538,0.053,0.077,0.043,0.08,0.0,0.111,3,-0.051,False,False,False,,True
held_up,3,NOT single_tax AND payroll_pit AND NOT investment,single_tax;payroll_pit;investment,010,0.838,0.351,30,5,0.357,0.038,0.0,0.043,0.04,0.095,0.0,3,-0.051,False,False,False,,True
held_up,3,culture AND NOT extracurricular AND NOT balance,culture;extracurricular;balance,100,0.838,0.344,42,10,0.625,0.076,0.077,0.106,0.04,0.048,0.111,4,-0.051,False,False,False,,True
held_up,3,NOT single_tax AND investment AND small,single_tax;investment;small,011,0.838,0.336,31,11,0.611,0.083,0.103,0.064,0.08,0.095,0.148,4,-0.051,False,False,False,,True
held_up,3,single_tax AND NOT payroll_pit AND NOT balance,single_tax;payroll_pit;balance,100,0.838,0.331,23,6,0.545,0.045,0.051,0.043,0.0,0.095,0.074,3,-0.051,False,False,False,,True
held_up,3,NOT local_tax_base AND NOT culture AND small,local_tax_base;culture;small,001,0.838,0.313,25,5,0.455,0.038,0.026,0.043,0.04,0.048,0.037,4,-0.051,False,False,False,,True
held_up,3,NOT payroll_pit AND social AND small,payroll_pit;social;small,011,0.838,0.305,17,8,0.8,0.061,0.026,0.064,0.08,0.095,0.037,3,-0.051,False,False,False,,True
held_up,3,NOT local_tax_base AND payroll_pit AND NOT social,local_tax_base;payroll_pit;social,010,0.837,0.405,48,13,0.52,0.098,0.103,0.128,0.04,0.095,0.0,3,-0.052,False,False,False,,True
held_up,3,NOT payroll_pit AND autonomy AND NOT investment,payroll_pit;autonomy;investment,010,0.837,0.38,41,13,0.684,0.098,0.077,0.085,0.24,0.0,0.111,3,-0.052,False,False,False,,True
held_up,3,NOT investment AND NOT education AND NOT balance,investment;education;balance,000,0.837,0.374,46,9,0.429,0.068,0.051,0.043,0.16,0.048,0.037,4,-0.052,False,False,False,,True
held_up,3,single_tax AND NOT payroll_pit AND autonomy,single_tax;payroll_pit;autonomy,101,0.837,0.373,27,3,0.375,0.023,0.051,0.021,0.0,0.0,0.037,2,-0.052,False,False,False,,False
held_up,3,NOT local_tax_base AND NOT investment AND NOT balance,local_tax_base;investment;balance,000,0.837,0.372,45,9,0.474,0.068,0.077,0.043,0.12,0.048,0.111,4,-0.052,False,False,False,,True
held_up,3,NOT social AND education AND NOT small,social;education;small,010,0.837,0.367,19,5,0.556,0.038,0.103,0.021,0.0,0.0,0.074,2,-0.052,False,False,False,,False
held_up,3,NOT local_tax_base AND NOT payroll_pit AND NOT extracurricular,local_tax_base;payroll_pit;extracurricular,000,0.837,0.361,36,11,0.55,0.083,0.103,0.106,0.08,0.0,0.148,3,-0.052,False,False,False,,True
held_up,3,NOT local_tax_base AND culture AND NOT extracurricular,local_tax_base;culture;extracurricular,010,0.837,0.359,40,13,0.591,0.098,0.128,0.128,0.08,0.0,0.185,3,-0.052,False,False,False,,True
held_up,3,NOT local_tax_base AND single_tax AND NOT extracurricular,local_tax_base;single_tax;extracurricular,010,0.837,0.352,37,8,0.444,0.061,0.051,0.085,0.08,0.0,0.0,3,-0.052,False,False,False,,True
held_up,3,NOT local_tax_base AND NOT investment AND NOT extracurricular,local_tax_base;investment;extracurricular,000,0.837,0.352,29,6,0.4,0.045,0.077,0.021,0.04,0.048,0.111,3,-0.052,False,False,False,,True
held_up,3,NOT single_tax AND investment AND education,single_tax;investment;education,011,0.837,0.351,31,10,0.625,0.076,0.077,0.106,0.04,0.048,0.111,4,-0.052,False,False,False,,True
held_up,3,NOT culture AND extracurricular AND small,culture;extracurricular;small,011,0.837,0.334,21,3,0.375,0.023,0.0,0.043,0.0,0.048,0.0,2,-0.052,False,False,False,,False
held_up,3,single_tax AND NOT education AND small,single_tax;education;small,101,0.837,0.329,20,1,0.167,0.008,0.0,0.021,0.0,0.0,0.0,1,-0.052,False,False,False,,False
held_up,3,NOT property_tax AND NOT single_tax AND small,property_tax;single_tax;small,001,0.837,0.327,24,10,0.588,0.076,0.077,0.106,0.04,0.048,0.111,4,-0.052,False,False,False,,True
held_up,3,single_tax AND NOT investment AND NOT extracurricular,single_tax;investment;extracurricular,100,0.837,0.326,27,5,0.5,0.038,0.026,0.043,0.0,0.095,0.037,3,-0.052,False,False,False,,True
held_up,3,NOT culture AND education AND NOT balance,culture;education;balance,010,0.837,0.317,24,4,0.667,0.03,0.026,0.064,0.0,0.0,0.037,2,-0.052,False,False,False,,False
held_up,3,payroll_pit AND NOT social AND contestation,payroll_pit;social;contestation,101,0.836,0.398,45,9,0.474,0.068,0.077,0.106,0.0,0.048,0.037,3,-0.053,False,False,False,,True
held_up,3,NOT payroll_pit AND autonomy AND NOT extracurricular,payroll_pit;autonomy;extracurricular,010,0.836,0.387,43,15,0.652,0.114,0.179,0.043,0.16,0.095,0.259,3,-0.053,False,False,False,,True
held_up,3,NOT payroll_pit AND autonomy AND NOT contestation,payroll_pit;autonomy;contestation,010,0.836,0.374,49,15,0.6,0.114,0.103,0.106,0.2,0.048,0.148,3,-0.053,False,False,False,,True
held_up,3,NOT property_tax AND social AND NOT balance,property_tax;social;balance,010,0.836,0.372,37,11,0.733,0.083,0.103,0.106,0.04,0.048,0.111,3,-0.053,False,False,False,,True
held_up,3,NOT investment AND contestation AND NOT balance,investment;contestation;balance,010,0.836,0.363,39,9,0.529,0.068,0.103,0.021,0.12,0.048,0.111,3,-0.053,False,False,False,,True
held_up,3,culture AND NOT balance AND NOT small,culture;balance;small,100,0.836,0.358,30,4,0.571,0.03,0.103,0.0,0.0,0.0,0.148,1,-0.053,False,False,False,,False
held_up,3,NOT property_tax AND education AND contestation,property_tax;education;contestation,011,0.836,0.357,29,8,0.533,0.061,0.103,0.064,0.0,0.048,0.111,3,-0.053,False,False,False,,True
held_up,3,autonomy AND NOT education AND small,autonomy;education;small,101,0.836,0.355,35,6,0.4,0.045,0.026,0.021,0.08,0.095,0.037,3,-0.053,False,False,False,,True
held_up,3,NOT social AND extracurricular AND small,social;extracurricular;small,011,0.836,0.343,23,4,0.333,0.03,0.0,0.064,0.0,0.048,0.0,2,-0.053,False,False,False,,False
held_up,3,NOT payroll_pit AND culture AND NOT extracurricular,payroll_pit;culture;extracurricular,010,0.836,0.336,30,9,0.562,0.068,0.077,0.021,0.12,0.095,0.111,3,-0.053,False,False,False,,True
held_up,3,payroll_pit AND NOT autonomy AND NOT small,payroll_pit;autonomy;small,100,0.836,0.332,11,1,0.167,0.008,0.0,0.0,0.0,0.048,0.0,1,-0.053,False,False,False,,False
held_up,3,NOT autonomy AND social AND NOT extracurricular,autonomy;social;extracurricular,010,0.836,0.331,29,8,0.5,0.061,0.026,0.106,0.04,0.048,0.037,3,-0.053,False,False,False,,True
held_up,3,local_tax_base AND NOT single_tax AND education,local_tax_base;single_tax;education,101,0.836,0.322,17,6,0.667,0.045,0.051,0.043,0.04,0.048,0.074,4,-0.053,False,False,False,,True
held_up,3,NOT local_tax_base AND property_tax AND NOT autonomy,local_tax_base;property_tax;autonomy,010,0.836,0.297,5,2,0.667,0.015,0.0,0.021,0.0,0.048,0.0,2,-0.053,False,False,False,,False
held_up,3,NOT single_tax AND social AND NOT extracurricular,single_tax;social;extracurricular,010,0.835,0.378,44,18,0.692,0.136,0.179,0.106,0.16,0.095,0.222,4,-0.054,False,False,False,,True
held_up,3,payroll_pit AND NOT education AND NOT extracurricular,payroll_pit;education;extracurricular,100,0.835,0.368,37,8,0.471,0.061,0.103,0.043,0.0,0.095,0.037,3,-0.054,False,False,False,,True
held_up,3,NOT payroll_pit AND social AND NOT balance,payroll_pit;social;balance,010,0.835,0.353,33,11,0.786,0.083,0.103,0.128,0.0,0.048,0.111,3,-0.054,False,False,False,,True
held_up,3,NOT local_tax_base AND education AND NOT balance,local_tax_base;education;balance,010,0.835,0.341,34,10,0.667,0.076,0.077,0.128,0.04,0.0,0.111,3,-0.054,False,False,False,,True
held_up,3,NOT local_tax_base AND NOT autonomy AND NOT extracurricular,local_tax_base;autonomy;extracurricular,000,0.835,0.337,31,6,0.375,0.045,0.0,0.106,0.04,0.0,0.0,2,-0.054,False,False,False,,False
held_up,3,NOT investment AND culture AND NOT extracurricular,investment;culture;extracurricular,010,0.835,0.333,31,9,0.6,0.068,0.077,0.043,0.08,0.095,0.111,4,-0.054,False,False,False,,True
held_up,3,NOT local_tax_base AND single_tax AND NOT autonomy,local_tax_base;single_tax;autonomy,010,0.835,0.325,16,3,0.375,0.023,0.026,0.043,0.0,0.0,0.037,2,-0.054,False,False,False,,False
held_up,3,NOT payroll_pit AND education AND NOT extracurricular,payroll_pit;education;extracurricular,010,0.835,0.311,24,9,0.692,0.068,0.103,0.043,0.04,0.095,0.148,4,-0.054,False,False,False,,True
held_up,3,payroll_pit AND NOT autonomy AND NOT balance,payroll_pit;autonomy;balance,100,0.835,0.306,23,4,0.364,0.03,0.026,0.064,0.0,0.0,0.0,2,-0.054,False,False,False,,False
held_up,3,NOT local_tax_base AND NOT autonomy AND small,local_tax_base;autonomy;small,001,0.835,0.301,18,4,0.5,0.03,0.0,0.085,0.0,0.0,0.0,1,-0.054,False,False,False,,False
held_up,3,NOT local_tax_base AND autonomy AND NOT social,local_tax_base;autonomy;social,010,0.834,0.454,72,21,0.618,0.159,0.179,0.191,0.16,0.048,0.074,3,-0.055,False,False,False,,True
held_up,3,autonomy AND NOT social AND NOT extracurricular,autonomy;social;extracurricular,100,0.834,0.407,53,14,0.538,0.106,0.179,0.064,0.08,0.095,0.185,4,-0.055,False,False,False,,True
held_up,3,NOT local_tax_base AND NOT extracurricular AND NOT balance,local_tax_base;extracurricular;balance,000,0.834,0.374,48,15,0.556,0.114,0.128,0.17,0.08,0.0,0.111,3,-0.055,False,False,False,,True
held_up,3,NOT property_tax AND NOT investment AND NOT balance,property_tax;investment;balance,000,0.834,0.371,51,13,0.591,0.098,0.154,0.043,0.16,0.048,0.185,2,-0.055,False,False,False,,False
held_up,3,NOT payroll_pit AND autonomy AND culture,payroll_pit;autonomy;culture,011,0.834,0.362,34,14,0.737,0.106,0.103,0.064,0.24,0.048,0.111,3,-0.055,False,False,False,,True
held_up,3,NOT payroll_pit AND social AND NOT extracurricular,payroll_pit;social;extracurricular,010,0.834,0.362,34,12,0.632,0.091,0.077,0.085,0.16,0.048,0.111,4,-0.055,False,False,False,,True
held_up,3,NOT single_tax AND social AND education,single_tax;social;education,011,0.834,0.355,30,8,0.571,0.061,0.103,0.064,0.04,0.0,0.148,3,-0.055,False,False,False,,True
held_up,3,NOT property_tax AND single_tax AND NOT balance,property_tax;single_tax;balance,010,0.834,0.347,31,4,0.364,0.03,0.077,0.021,0.0,0.0,0.074,2,-0.055,False,False,False,,False
held_up,3,education AND NOT extracurricular AND NOT small,education;extracurricular;small,100,0.834,0.34,15,3,0.429,0.023,0.051,0.021,0.0,0.0,0.074,2,-0.055,False,False,False,,False
held_up,3,NOT local_tax_base AND contestation AND small,local_tax_base;contestation;small,011,0.834,0.338,28,5,0.357,0.038,0.026,0.064,0.0,0.048,0.037,3,-0.055,False,False,False,,True
held_up,3,NOT property_tax AND balance AND small,property_tax;balance;small,011,0.834,0.323,20,5,0.455,0.038,0.026,0.043,0.0,0.095,0.037,3,-0.055,False,False,False,,True
held_up,3,NOT education AND NOT contestation AND small,education;contestation;small,001,0.834,0.321,18,5,0.556,0.038,0.026,0.043,0.08,0.0,0.037,3,-0.055,False,False,False,,True
held_up,3,NOT local_tax_base AND NOT payroll_pit AND education,local_tax_base;payroll_pit;education,001,0.834,0.317,22,5,0.714,0.038,0.077,0.043,0.0,0.0,0.111,2,-0.055,False,False,False,,False
held_up,3,autonomy AND NOT extracurricular AND NOT small,autonomy;extracurricular;small,100,0.833,0.434,52,16,0.593,0.121,0.231,0.085,0.08,0.048,0.222,3,-0.056,False,False,False,,True
held_up,3,NOT payroll_pit AND autonomy AND social,payroll_pit;autonomy;social,011,0.833,0.397,36,13,0.65,0.098,0.077,0.085,0.24,0.0,0.074,3,-0.056,False,False,False,,True
held_up,3,NOT single_tax AND payroll_pit AND contestation,single_tax;payroll_pit;contestation,011,0.833,0.392,47,13,0.542,0.098,0.077,0.064,0.08,0.238,0.074,4,-0.056,False,False,False,,True
held_up,3,local_tax_base AND NOT property_tax AND autonomy,local_tax_base;property_tax;autonomy,101,0.833,0.377,29,7,0.636,0.053,0.051,0.064,0.08,0.0,0.074,3,-0.056,False,False,False,,True
held_up,3,NOT social AND culture AND NOT education,social;culture;education,010,0.833,0.374,37,11,0.5,0.083,0.077,0.064,0.04,0.19,0.111,3,-0.056,False,False,False,,True
held_up,3,social AND NOT extracurricular AND NOT balance,social;extracurricular;balance,100,0.833,0.372,46,13,0.591,0.098,0.128,0.149,0.0,0.048,0.148,2,-0.056,False,False,False,,False
held_up,3,NOT property_tax AND social AND NOT extracurricular,property_tax;social;extracurricular,010,0.833,0.371,32,10,0.625,0.076,0.077,0.085,0.08,0.048,0.111,4,-0.056,False,False,False,,True
held_up,3,NOT local_tax_base AND single_tax AND NOT balance,local_tax_base;single_tax;balance,010,0.833,0.366,39,10,0.526,0.076,0.051,0.149,0.04,0.0,0.037,3,-0.056,False,False,False,,True
held_up,3,single_tax AND NOT payroll_pit AND contestation,single_tax;payroll_pit;contestation,101,0.833,0.365,27,6,0.429,0.045,0.077,0.021,0.0,0.095,0.074,2,-0.056,False,False,False,,False
held_up,3,autonomy AND NOT social AND small,autonomy;social;small,101,0.833,0.36,42,7,0.412,0.053,0.026,0.043,0.08,0.095,0.037,3,-0.056,False,False,False,,True
held_up,3,NOT social AND education AND contestation,social;education;contestation,011,0.833,0.36,32,9,0.562,0.068,0.128,0.085,0.0,0.0,0.111,2,-0.056,False,False,False,,False
held_up,3,NOT single_tax AND culture AND education,single_tax;culture;education,011,0.833,0.35,29,10,0.667,0.076,0.103,0.085,0.04,0.048,0.148,4,-0.056,False,False,False,,True
held_up,3,investment AND NOT education AND small,investment;education;small,101,0.833,0.348,27,5,0.455,0.038,0.051,0.021,0.04,0.048,0.074,4,-0.056,False,False,False,,True
held_up,3,autonomy AND NOT culture AND small,autonomy;culture;small,101,0.833,0.337,34,4,0.286,0.03,0.026,0.0,0.04,0.095,0.037,3,-0.056,False,False,False,,True
held_up,3,NOT local_tax_base AND payroll_pit AND NOT autonomy,local_tax_base;payroll_pit;autonomy,010,0.833,0.327,14,3,0.375,0.023,0.0,0.043,0.0,0.048,0.0,2,-0.056,False,False,False,,False
held_up,3,NOT single_tax AND contestation AND small,single_tax;contestation;small,011,0.833,0.327,28,8,0.4,0.061,0.051,0.064,0.04,0.095,0.074,4,-0.056,False,False,False,,True
held_up,3,property_tax AND NOT single_tax AND small,property_tax;single_tax;small,101,0.833,0.325,29,7,0.438,0.053,0.051,0.021,0.08,0.095,0.074,3,-0.056,False,False,False,,True
held_up,3,NOT autonomy AND culture AND NOT extracurricular,autonomy;culture;extracurricular,010,0.833,0.316,26,4,0.308,0.03,0.0,0.064,0.0,0.048,0.0,2,-0.056,False,False,False,,False
held_up,3,NOT culture AND education AND NOT extracurricular,culture;education;extracurricular,010,0.833,0.313,20,4,0.5,0.03,0.051,0.043,0.0,0.0,0.074,2,-0.056,False,False,False,,False
held_up,3,NOT investment AND education AND NOT extracurricular,investment;education;extracurricular,010,0.833,0.308,27,7,0.583,0.053,0.077,0.043,0.0,0.095,0.111,3,-0.056,False,False,False,,True
held_up,3,NOT single_tax AND payroll_pit AND investment,single_tax;payroll_pit;investment,011,0.832,0.39,45,12,0.571,0.091,0.103,0.064,0.04,0.19,0.111,3,-0.057,False,False,False,,True
held_up,3,NOT property_tax AND NOT single_tax AND payroll_pit,property_tax;single_tax;payroll_pit,001,0.832,0.38,34,8,0.5,0.061,0.0,0.043,0.08,0.19,0.0,3,-0.057,False,False,False,,True
held_up,3,NOT property_tax AND culture AND contestation,property_tax;culture;contestation,011,0.832,0.375,31,8,0.571,0.061,0.103,0.021,0.04,0.095,0.148,3,-0.057,False,False,False,,True
held_up,3,local_tax_base AND payroll_pit AND NOT education,local_tax_base;payroll_pit;education,110,0.832,0.354,26,2,0.222,0.015,0.051,0.0,0.0,0.0,0.074,1,-0.057,False,False,False,,False
held_up,3,NOT single_tax AND culture AND NOT contestation,single_tax;culture;contestation,010,0.832,0.347,37,16,0.762,0.121,0.051,0.17,0.12,0.143,0.074,3,-0.057,False,False,False,,True
held_up,3,NOT single_tax AND payroll_pit AND NOT contestation,single_tax;payroll_pit;contestation,010,0.832,0.341,28,4,0.364,0.03,0.026,0.043,0.0,0.048,0.037,3,-0.057,False,False,False,,True
held_up,3,property_tax AND NOT single_tax AND education,property_tax;single_tax;education,101,0.832,0.339,25,8,0.533,0.061,0.077,0.064,0.04,0.048,0.111,4,-0.057,False,False,False,,True
held_up,3,NOT single_tax AND NOT social AND small,single_tax;social;small,001,0.832,0.335,33,9,0.45,0.068,0.051,0.085,0.04,0.095,0.074,4,-0.057,False,False,False,,True
held_up,3,payroll_pit AND NOT autonomy AND contestation,payroll_pit;autonomy;contestation,101,0.832,0.328,20,1,0.143,0.008,0.026,0.0,0.0,0.0,0.0,1,-0.057,False,False,False,,False
held_up,3,NOT property_tax AND contestation AND small,property_tax;contestation;small,011,0.832,0.325,25,7,0.5,0.053,0.051,0.064,0.0,0.095,0.074,3,-0.057,False,False,False,,True
held_up,3,NOT payroll_pit AND culture AND NOT balance,payroll_pit;culture;balance,010,0.832,0.314,27,7,0.636,0.053,0.103,0.021,0.0,0.095,0.148,2,-0.057,False,False,False,,False
held_up,3,NOT property_tax AND NOT balance AND small,property_tax;balance;small,001,0.832,0.309,28,8,0.533,0.061,0.077,0.085,0.04,0.0,0.111,3,-0.057,False,False,False,,True
held_up,3,NOT payroll_pit AND culture AND small,payroll_pit;culture;small,011,0.832,0.303,19,8,0.571,0.061,0.026,0.043,0.08,0.143,0.037,3,-0.057,False,False,False,,True
held_up,3,autonomy AND NOT social AND NOT balance,autonomy;social;balance,100,0.831,0.427,66,11,0.458,0.083,0.077,0.085,0.12,0.048,0.037,4,-0.058,False,False,False,,True
held_up,3,single_tax AND NOT social AND NOT small,single_tax;social;small,100,0.831,0.41,49,13,0.52,0.098,0.179,0.085,0.04,0.048,0.111,2,-0.058,False,False,False,,False
held_up,3,NOT local_tax_base AND NOT social AND NOT balance,local_tax_base;social;balance,000,0.831,0.401,65,14,0.519,0.106,0.103,0.128,0.12,0.048,0.074,3,-0.058,False,False,False,,True
held_up,3,NOT single_tax AND payroll_pit AND balance,single_tax;payroll_pit;balance,011,0.831,0.392,41,11,0.579,0.083,0.051,0.064,0.04,0.238,0.074,3,-0.058,False,False,False,,True
held_up,3,payroll_pit AND NOT social AND balance,payroll_pit;social;balance,101,0.831,0.389,35,8,0.471,0.061,0.103,0.043,0.0,0.095,0.037,3,-0.058,False,False,False,,True
held_up,3,NOT investment AND NOT balance AND NOT small,investment;balance;small,000,0.831,0.383,47,8,0.471,0.061,0.103,0.0,0.12,0.048,0.111,3,-0.058,False,False,False,,True
held_up,3,NOT property_tax AND NOT single_tax AND culture,property_tax;single_tax;culture,001,0.831,0.374,39,16,0.696,0.121,0.103,0.128,0.12,0.143,0.148,4,-0.058,False,False,False,,True
held_up,3,NOT single_tax AND investment AND culture,single_tax;investment;culture,011,0.831,0.373,40,14,0.667,0.106,0.103,0.085,0.08,0.19,0.148,4,-0.058,False,False,False,,True
held_up,3,NOT investment AND NOT social AND NOT balance,investment;social;balance,000,0.831,0.371,52,10,0.476,0.076,0.077,0.043,0.12,0.095,0.111,4,-0.058,False,False,False,,True
held_up,3,single_tax AND NOT social AND NOT balance,single_tax;social;balance,100,0.831,0.364,43,9,0.5,0.068,0.077,0.085,0.04,0.048,0.074,4,-0.058,False,False,False,,True
held_up,3,culture AND NOT education AND NOT extracurricular,culture;education;extracurricular,100,0.831,0.361,36,6,0.462,0.045,0.051,0.043,0.08,0.0,0.074,3,-0.058,False,False,False,,True
held_up,3,payroll_pit AND NOT extracurricular AND NOT balance,payroll_pit;extracurricular;balance,100,0.831,0.36,48,10,0.455,0.076,0.077,0.128,0.04,0.0,0.037,3,-0.058,False,False,False,,True
held_up,3,autonomy AND NOT culture AND education,autonomy;culture;education,101,0.831,0.359,32,4,0.267,0.03,0.051,0.043,0.0,0.0,0.037,2,-0.058,False,False,False,,False
held_up,3,NOT property_tax AND payroll_pit AND NOT investment,property_tax;payroll_pit;investment,010,0.831,0.353,36,6,0.333,0.045,0.051,0.043,0.04,0.048,0.0,4,-0.058,False,False,False,,True
held_up,3,NOT local_tax_base AND balance AND small,local_tax_base;balance;small,011,0.831,0.348,33,7,0.438,0.053,0.077,0.043,0.04,0.048,0.111,4,-0.058,False,False,False,,True
held_up,3,NOT local_tax_base AND extracurricular AND small,local_tax_base;extracurricular;small,011,0.831,0.347,27,5,0.385,0.038,0.026,0.085,0.0,0.0,0.037,2,-0.058,False,False,False,,False
held_up,3,NOT local_tax_base AND NOT payroll_pit AND culture,local_tax_base;payroll_pit;culture,001,0.831,0.341,31,12,0.706,0.091,0.128,0.106,0.04,0.048,0.185,3,-0.058,False,False,False,,True
held_up,3,NOT investment AND NOT social AND culture,investment;social;culture,001,0.831,0.34,27,7,0.5,0.053,0.077,0.043,0.04,0.048,0.111,4,-0.058,False,False,False,,True
held_up,3,local_tax_base AND payroll_pit AND NOT culture,local_tax_base;payroll_pit;culture,110,0.831,0.334,18,0,0.0,0.0,0.0,0.0,0.0,0.0,0.0,4,-0.058,False,False,False,,True
held_up,3,NOT payroll_pit AND social AND education,payroll_pit;social;education,011,0.831,0.334,23,7,0.7,0.053,0.051,0.043,0.04,0.095,0.074,4,-0.058,False,False,False,,True
held_up,3,NOT autonomy AND culture AND NOT education,autonomy;culture;education,010,0.831,0.331,25,7,0.438,0.053,0.026,0.064,0.0,0.143,0.037,2,-0.058,False,False,False,,False
held_up,3,NOT property_tax AND education AND NOT extracurricular,property_tax;education;extracurricular,010,0.831,0.317,21,5,0.5,0.038,0.077,0.043,0.0,0.0,0.111,2,-0.058,False,False,False,,False
held_up,3,NOT payroll_pit AND balance AND small,payroll_pit;balance;small,011,0.831,0.314,22,6,0.462,0.045,0.026,0.021,0.08,0.095,0.037,3,-0.058,False,False,False,,True
held_up,3,NOT autonomy AND NOT education AND small,autonomy;education;small,001,0.831,0.304,14,4,0.364,0.03,0.026,0.064,0.0,0.0,0.037,2,-0.058,False,False,False,,False
held_up,3,NOT property_tax AND autonomy AND NOT balance,property_tax;autonomy;balance,010,0.83,0.41,61,12,0.571,0.091,0.128,0.064,0.12,0.048,0.111,4,-0.059,False,False,False,,True
held_up,3,NOT local_tax_base AND autonomy AND NOT extracurricular,local_tax_base;autonomy;extracurricular,010,0.83,0.398,54,20,0.645,0.152,0.231,0.128,0.12,0.095,0.222,4,-0.059,False,False,False,,True
held_up,3,NOT local_tax_base AND NOT single_tax AND NOT extracurricular,local_tax_base;single_tax;extracurricular,000,0.83,0.393,48,18,0.621,0.136,0.179,0.149,0.08,0.095,0.222,4,-0.059,False,False,False,,True
held_up,3,NOT payroll_pit AND autonomy AND NOT balance,payroll_pit;autonomy;balance,010,0.83,0.39,45,8,0.571,0.061,0.103,0.021,0.08,0.048,0.111,3,-0.059,False,False,False,,True
held_up,3,NOT social AND culture AND NOT small,social;culture;small,010,0.83,0.39,39,12,0.545,0.091,0.128,0.043,0.04,0.19,0.148,2,-0.059,False,False,False,,False
held_up,3,NOT local_tax_base AND NOT extracurricular AND contestation,local_tax_base;extracurricular;contestation,001,0.83,0.388,39,11,0.5,0.083,0.128,0.085,0.0,0.095,0.148,3,-0.059,False,False,False,,True
held_up,3,single_tax AND NOT payroll_pit AND extracurricular,single_tax;payroll_pit;extracurricular,101,0.83,0.38,33,9,0.529,0.068,0.051,0.064,0.04,0.143,0.037,4,-0.059,False,False,False,,True
held_up,3,NOT single_tax AND social AND NOT balance,single_tax;social;balance,010,0.83,0.369,48,13,0.619,0.098,0.154,0.106,0.04,0.048,0.148,2,-0.059,False,False,False,,False
held_up,3,NOT investment AND NOT culture AND NOT balance,investment;culture;balance,000,0.83,0.367,49,11,0.478,0.083,0.077,0.064,0.16,0.048,0.074,4,-0.059,False,False,False,,True
held_up,3,payroll_pit AND NOT investment AND NOT education,payroll_pit;investment;education,100,0.83,0.362,44,9,0.429,0.068,0.103,0.043,0.04,0.095,0.111,4,-0.059,False,False,False,,True
held_up,3,NOT single_tax AND NOT investment AND culture,single_tax;investment;culture,001,0.83,0.35,36,13,0.65,0.098,0.077,0.128,0.16,0.0,0.111,3,-0.059,False,False,False,,True
held_up,3,NOT education AND contestation AND small,education;contestation;small,011,0.83,0.338,31,5,0.294,0.038,0.026,0.043,0.0,0.095,0.037,3,-0.059,False,False,False,,True
held_up,3,payroll_pit AND NOT social AND small,payroll_pit;social;small,101,0.83,0.334,34,4,0.308,0.03,0.0,0.064,0.04,0.0,0.0,2,-0.059,False,False,False,,False
held_up,3,NOT single_tax AND NOT extracurricular AND small,single_tax;extracurricular;small,001,0.83,0.331,39,14,0.538,0.106,0.128,0.085,0.08,0.143,0.185,4,-0.059,False,False,False,,True
held_up,3,payroll_pit AND NOT autonomy AND NOT investment,payroll_pit;autonomy;investment,100,0.83,0.314,18,0,0.0,0.0,0.0,0.0,0.0,0.0,0.0,4,-0.059,False,False,False,,True
held_up,3,property_tax AND NOT autonomy AND NOT education,property_tax;autonomy;education,100,0.83,0.31,16,4,0.364,0.03,0.026,0.0,0.04,0.095,0.037,3,-0.059,False,False,False,,True
held_up,3,payroll_pit AND NOT social AND extracurricular,payroll_pit;social;extracurricular,101,0.829,0.409,45,10,0.5,0.076,0.077,0.106,0.0,0.095,0.037,3,-0.06,False,False,False,,True
held_up,3,NOT local_tax_base AND NOT property_tax AND NOT extracurricular,local_tax_base;property_tax;extracurricular,000,0.829,0.402,50,15,0.536,0.114,0.154,0.128,0.08,0.048,0.148,3,-0.06,False,False,False,,True
held_up,3,NOT property_tax AND autonomy AND culture,property_tax;autonomy;culture,011,0.829,0.384,41,12,0.571,0.091,0.103,0.064,0.12,0.095,0.111,4,-0.06,False,False,False,,True
held_up,3,NOT local_tax_base AND NOT payroll_pit AND NOT balance,local_tax_base;payroll_pit;balance,000,0.829,0.372,53,13,0.619,0.098,0.128,0.106,0.08,0.048,0.148,3,-0.06,False,False,False,,True
held_up,3,local_tax_base AND NOT property_tax AND social,local_tax_base;property_tax;social,101,0.829,0.367,27,8,0.727,0.061,0.051,0.043,0.12,0.048,0.037,4,-0.06,False,False,False,,True
held_up,3,property_tax AND NOT social AND NOT balance,property_tax;social;balance,100,0.829,0.359,37,8,0.444,0.061,0.0,0.085,0.04,0.143,0.0,3,-0.06,False,False,False,,True
held_up,3,NOT local_tax_base AND investment AND small,local_tax_base;investment;small,011,0.829,0.356,38,11,0.55,0.083,0.077,0.128,0.08,0.0,0.111,3,-0.06,False,False,False,,True
held_up,3,single_tax AND NOT payroll_pit AND social,single_tax;payroll_pit;social,101,0.829,0.355,21,4,0.4,0.03,0.026,0.021,0.0,0.095,0.0,3,-0.06,False,False,False,,True
held_up,3,culture AND contestation AND NOT balance,culture;contestation;balance,110,0.829,0.349,33,7,0.538,0.053,0.128,0.043,0.0,0.0,0.148,2,-0.06,False,False,False,,False
held_up,3,NOT local_tax_base AND property_tax AND NOT extracurricular,local_tax_base;property_tax;extracurricular,010,0.829,0.345,35,11,0.579,0.083,0.077,0.106,0.08,0.048,0.074,4,-0.06,False,False,False,,True
held_up,3,NOT social AND culture AND NOT extracurricular,social;culture;extracurricular,010,0.829,0.341,31,4,0.308,0.03,0.026,0.021,0.04,0.048,0.037,4,-0.06,False,False,False,,True
held_up,3,NOT single_tax AND NOT payroll_pit AND small,single_tax;payroll_pit;small,001,0.829,0.336,34,13,0.591,0.098,0.077,0.106,0.12,0.095,0.111,4,-0.06,False,False,False,,True
held_up,3,property_tax AND NOT education AND small,property_tax;education;small,101,0.829,0.332,26,3,0.273,0.023,0.0,0.021,0.04,0.048,0.0,3,-0.06,False,False,False,,True
held_up,3,NOT payroll_pit AND investment AND education,payroll_pit;investment;education,011,0.829,0.331,26,8,0.667,0.061,0.026,0.085,0.04,0.095,0.037,3,-0.06,False,False,False,,True
held_up,3,NOT property_tax AND education AND small,property_tax;education;small,011,0.829,0.316,25,6,0.545,0.045,0.051,0.064,0.0,0.048,0.074,3,-0.06,False,False,False,,True
held_up,3,NOT payroll_pit AND NOT contestation AND small,payroll_pit;contestation;small,001,0.829,0.316,29,11,0.733,0.083,0.051,0.085,0.08,0.143,0.074,4,-0.06,False,False,False,,True
held_up,3,NOT single_tax AND NOT investment AND small,single_tax;investment;small,001,0.829,0.309,22,6,0.4,0.045,0.026,0.064,0.04,0.048,0.037,4,-0.06,False,False,False,,True
held_up,3,NOT single_tax AND autonomy AND NOT social,single_tax;autonomy;social,010,0.828,0.45,67,16,0.571,0.121,0.128,0.106,0.12,0.143,0.148,4,-0.061,False,False,False,,True
held_up,3,payroll_pit AND autonomy AND NOT social,payroll_pit;autonomy;social,110,0.828,0.434,65,13,0.433,0.098,0.128,0.128,0.04,0.048,0.037,2,-0.061,False,False,False,,False
held_up,3,single_tax AND NOT social AND NOT education,single_tax;social;education,100,0.828,0.398,48,10,0.417,0.076,0.103,0.085,0.04,0.048,0.074,4,-0.061,False,False,False,,True
held_up,3,NOT social AND culture AND extracurricular,social;culture;extracurricular,011,0.828,0.39,39,14,0.609,0.106,0.103,0.085,0.04,0.238,0.111,3,-0.061,False,False,False,,True
held_up,3,NOT single_tax AND culture AND contestation,single_tax;culture;contestation,011,0.828,0.375,39,11,0.55,0.083,0.128,0.043,0.12,0.048,0.185,4,-0.061,False,False,False,,True
held_up,3,NOT single_tax AND education AND extracurricular,single_tax;education;extracurricular,011,0.828,0.366,29,3,0.25,0.023,0.0,0.064,0.0,0.0,0.0,1,-0.061,False,False,False,,False
held_up,3,NOT property_tax AND NOT social AND culture,property_tax;social;culture,001,0.828,0.363,42,10,0.455,0.076,0.077,0.043,0.04,0.19,0.111,4,-0.061,False,False,False,,True
held_up,3,NOT local_tax_base AND NOT extracurricular AND balance,local_tax_base;extracurricular;balance,001,0.828,0.359,37,11,0.55,0.083,0.103,0.064,0.08,0.095,0.111,4,-0.061,False,False,False,,True
held_up,3,NOT property_tax AND payroll_pit AND education,property_tax;payroll_pit;education,011,0.828,0.359,29,5,0.312,0.038,0.051,0.043,0.0,0.048,0.0,3,-0.061,False,False,False,,True
held_up,3,NOT investment AND NOT social AND NOT extracurricular,investment;social;extracurricular,000,0.828,0.355,34,6,0.375,0.045,0.077,0.021,0.08,0.0,0.111,2,-0.061,False,False,False,,False
held_up,3,NOT social AND NOT culture AND education,social;culture;education,001,0.828,0.355,29,7,0.5,0.053,0.077,0.085,0.0,0.0,0.074,2,-0.061,False,False,False,,False
held_up,3,NOT contestation AND balance AND small,contestation;balance;small,011,0.828,0.354,33,10,0.625,0.076,0.103,0.064,0.08,0.048,0.148,4,-0.061,False,False,False,,True
held_up,3,payroll_pit AND NOT investment AND NOT culture,payroll_pit;investment;culture,100,0.828,0.347,36,6,0.353,0.045,0.051,0.021,0.04,0.095,0.037,3,-0.061,False,False,False,,True
held_up,3,NOT investment AND social AND NOT extracurricular,investment;social;extracurricular,010,0.828,0.345,35,10,0.526,0.076,0.051,0.064,0.08,0.143,0.074,4,-0.061,False,False,False,,True
held_up,3,NOT single_tax AND NOT payroll_pit AND education,single_tax;payroll_pit;education,001,0.828,0.341,24,8,0.727,0.061,0.077,0.064,0.04,0.048,0.111,4,-0.061,False,False,False,,True
held_up,3,payroll_pit AND NOT investment AND NOT balance,payroll_pit;investment;balance,100,0.828,0.341,37,3,0.214,0.023,0.0,0.043,0.04,0.0,0.0,2,-0.061,False,False,False,,False
held_up,3,NOT local_tax_base AND education AND NOT extracurricular,local_tax_base;education;extracurricular,010,0.828,0.335,38,10,0.526,0.076,0.077,0.106,0.08,0.0,0.111,3,-0.061,False,False,False,,True
held_up,3,payroll_pit AND NOT autonomy AND balance,payroll_pit;autonomy;balance,101,0.828,0.335,15,2,0.25,0.015,0.0,0.021,0.0,0.048,0.0,2,-0.061,False,False,False,,False
held_up,3,NOT single_tax AND NOT autonomy AND culture,single_tax;autonomy;culture,001,0.828,0.333,27,7,0.467,0.053,0.026,0.085,0.0,0.095,0.037,2,-0.061,False,False,False,,False
held_up,3,NOT investment AND NOT extracurricular AND NOT contestation,investment;extracurricular;contestation,000,0.828,0.327,31,7,0.467,0.053,0.051,0.043,0.08,0.048,0.074,4,-0.061,False,False,False,,True
held_up,3,local_tax_base AND NOT single_tax AND small,local_tax_base;single_tax;small,101,0.828,0.324,30,10,0.556,0.076,0.051,0.085,0.08,0.095,0.074,4,-0.061,False,False,False,,True
held_up,3,property_tax AND NOT autonomy AND NOT culture,property_tax;autonomy;culture,100,0.828,0.314,19,5,0.5,0.038,0.026,0.021,0.04,0.095,0.037,4,-0.061,False,False,False,,True
held_up,3,NOT single_tax AND NOT balance AND small,single_tax;balance;small,001,0.828,0.31,33,9,0.45,0.068,0.051,0.106,0.04,0.048,0.074,4,-0.061,False,False,False,,True
held_up,3,NOT payroll_pit AND autonomy AND extracurricular,payroll_pit;autonomy;extracurricular,011,0.827,0.436,57,14,0.636,0.106,0.051,0.149,0.2,0.0,0.0,2,-0.062,False,False,False,,False
held_up,3,NOT local_tax_base AND NOT extracurricular AND NOT small,local_tax_base;extracurricular;small,000,0.827,0.412,47,14,0.538,0.106,0.154,0.128,0.04,0.048,0.111,2,-0.062,False,False,False,,False
held_up,3,NOT single_tax AND autonomy AND NOT investment,single_tax;autonomy;investment,010,0.827,0.407,58,17,0.607,0.129,0.077,0.106,0.28,0.095,0.111,4,-0.062,False,False,False,,True
held_up,3,NOT local_tax_base AND NOT investment AND NOT social,local_tax_base;investment;social,000,0.827,0.396,56,12,0.571,0.091,0.051,0.085,0.16,0.095,0.074,4,-0.062,False,False,False,,True
held_up,3,NOT local_tax_base AND payroll_pit AND NOT extracurricular,local_tax_base;payroll_pit;extracurricular,010,0.827,0.376,49,15,0.556,0.114,0.128,0.128,0.08,0.095,0.074,4,-0.062,False,False,False,,True
held_up,3,NOT single_tax AND education AND NOT small,single_tax;education;small,010,0.827,0.374,24,5,0.455,0.038,0.051,0.064,0.0,0.0,0.074,2,-0.062,False,False,False,,False
held_up,3,autonomy AND NOT contestation AND small,autonomy;contestation;small,101,0.827,0.373,51,14,0.609,0.106,0.128,0.085,0.16,0.048,0.185,3,-0.062,False,False,False,,True
held_up,3,payroll_pit AND NOT extracurricular AND balance,payroll_pit;extracurricular;balance,101,0.827,0.37,43,12,0.545,0.091,0.103,0.064,0.04,0.19,0.111,3,-0.062,False,False,False,,True
held_up,3,NOT property_tax AND payroll_pit AND culture,property_tax;payroll_pit;culture,011,0.827,0.365,29,5,0.357,0.038,0.026,0.021,0.0,0.143,0.0,3,-0.062,False,False,False,,True
held_up,3,NOT single_tax AND NOT extracurricular AND balance,single_tax;extracurricular;balance,001,0.827,0.362,40,17,0.63,0.129,0.154,0.064,0.2,0.143,0.222,3,-0.062,False,False,False,,True
held_up,3,NOT culture AND education AND contestation,culture;education;contestation,011,0.827,0.361,32,8,0.533,0.061,0.077,0.085,0.0,0.048,0.074,3,-0.062,False,False,False,,True
held_up,3,NOT local_tax_base AND property_tax AND NOT balance,local_tax_base;property_tax;balance,010,0.827,0.353,33,9,0.5,0.068,0.051,0.128,0.04,0.0,0.037,3,-0.062,False,False,False,,True
held_up,3,NOT investment AND social AND NOT balance,investment;social;balance,010,0.827,0.35,34,8,0.471,0.061,0.077,0.064,0.04,0.048,0.074,4,-0.062,False,False,False,,True
held_up,3,NOT property_tax AND NOT single_tax AND education,property_tax;single_tax;education,001,0.827,0.346,23,5,0.556,0.038,0.051,0.064,0.0,0.0,0.074,2,-0.062,False,False,False,,False
held_up,3,NOT single_tax AND NOT culture AND education,single_tax;culture;education,001,0.827,0.346,19,3,0.333,0.023,0.026,0.043,0.0,0.0,0.037,2,-0.062,False,False,False,,False
held_up,3,single_tax AND NOT autonomy AND NOT culture,single_tax;autonomy;culture,100,0.827,0.34,26,5,0.417,0.038,0.026,0.043,0.04,0.048,0.037,4,-0.062,False,False,False,,True
held_up,3,payroll_pit AND NOT autonomy AND investment,payroll_pit;autonomy;investment,101,0.827,0.329,20,6,0.545,0.045,0.026,0.085,0.0,0.048,0.0,3,-0.062,False,False,False,,True
held_up,3,NOT education AND NOT balance AND small,education;balance;small,001,0.827,0.323,31,6,0.353,0.045,0.026,0.064,0.04,0.048,0.037,4,-0.062,False,False,False,,True
held_up,3,NOT property_tax AND NOT contestation AND small,property_tax;contestation;small,001,0.827,0.316,23,6,0.5,0.045,0.051,0.064,0.04,0.0,0.074,3,-0.062,False,False,False,,True
held_up,3,NOT property_tax AND NOT investment AND small,property_tax;investment;small,001,0.827,0.312,22,7,0.538,0.053,0.051,0.064,0.04,0.048,0.074,4,-0.062,False,False,False,,True
held_up,3,NOT single_tax AND NOT autonomy AND small,single_tax;autonomy;small,001,0.827,0.31,24,7,0.467,0.053,0.026,0.128,0.0,0.0,0.037,1,-0.062,False,False,False,,False
held_up,3,NOT payroll_pit AND autonomy AND NOT social,payroll_pit;autonomy;social,010,0.826,0.434,64,16,0.64,0.121,0.154,0.106,0.12,0.095,0.185,4,-0.063,False,False,False,,True
held_up,3,NOT payroll_pit AND autonomy AND balance,payroll_pit;autonomy;balance,011,0.826,0.406,55,21,0.677,0.159,0.128,0.17,0.28,0.048,0.148,3,-0.063,False,False,False,,True
held_up,3,NOT payroll_pit AND social AND contestation,payroll_pit;social;contestation,011,0.826,0.399,42,14,0.667,0.106,0.077,0.106,0.2,0.048,0.037,3,-0.063,False,False,False,,True
held_up,3,NOT property_tax AND NOT extracurricular AND NOT balance,property_tax;extracurricular;balance,000,0.826,0.39,65,18,0.6,0.136,0.179,0.17,0.12,0.0,0.222,3,-0.063,False,False,False,,True
held_up,3,NOT local_tax_base AND NOT single_tax AND culture,local_tax_base;single_tax;culture,001,0.826,0.379,46,18,0.72,0.136,0.154,0.17,0.04,0.143,0.222,3,-0.063,False,False,False,,True
held_up,3,single_tax AND NOT extracurricular AND NOT small,single_tax;extracurricular;small,100,0.826,0.377,32,3,0.2,0.023,0.077,0.0,0.0,0.0,0.037,1,-0.063,False,False,False,,False
held_up,3,NOT social AND education AND extracurricular,social;education;extracurricular,011,0.826,0.377,33,8,0.5,0.061,0.077,0.085,0.0,0.048,0.037,3,-0.063,False,False,False,,True
held_up,3,autonomy AND NOT contestation AND NOT balance,autonomy;contestation;balance,100,0.826,0.372,52,9,0.5,0.068,0.077,0.085,0.08,0.0,0.074,3,-0.063,False,False,False,,True
held_up,3,NOT investment AND NOT extracurricular AND NOT small,investment;extracurricular;small,000,0.826,0.37,32,6,0.4,0.045,0.077,0.0,0.12,0.0,0.111,2,-0.063,False,False,False,,False
held_up,3,investment AND culture AND NOT balance,investment;culture;balance,110,0.826,0.361,40,11,0.611,0.083,0.077,0.149,0.04,0.0,0.074,2,-0.063,False,False,False,,False
held_up,3,NOT single_tax AND education AND balance,single_tax;education;balance,011,0.826,0.358,27,8,0.5,0.061,0.077,0.064,0.04,0.048,0.111,4,-0.063,False,False,False,,True
held_up,3,NOT local_tax_base AND NOT single_tax AND education,local_tax_base;single_tax;education,001,0.826,0.353,31,7,0.467,0.053,0.077,0.085,0.0,0.0,0.111,2,-0.063,False,False,False,,False
held_up,3,property_tax AND NOT single_tax AND NOT extracurricular,property_tax;single_tax;extracurricular,100,0.826,0.353,36,12,0.545,0.091,0.154,0.021,0.08,0.143,0.185,3,-0.063,False,False,False,,True
held_up,3,single_tax AND NOT investment AND NOT social,single_tax;investment;social,100,0.826,0.349,35,8,0.533,0.061,0.077,0.064,0.04,0.048,0.111,4,-0.063,False,False,False,,True
held_up,3,payroll_pit AND NOT social AND NOT contestation,payroll_pit;social;contestation,100,0.826,0.347,29,6,0.429,0.045,0.051,0.043,0.04,0.048,0.0,4,-0.063,False,False,False,,True
held_up,3,investment AND education AND NOT balance,investment;education;balance,110,0.826,0.347,37,10,0.625,0.076,0.026,0.17,0.04,0.0,0.0,2,-0.063,False,False,False,,False
held_up,3,social AND NOT extracurricular AND small,social;extracurricular;small,101,0.826,0.347,50,17,0.586,0.129,0.103,0.149,0.08,0.19,0.148,4,-0.063,False,False,False,,True
held_up,3,NOT single_tax AND NOT education AND small,single_tax;education;small,001,0.826,0.343,29,9,0.45,0.068,0.051,0.064,0.08,0.095,0.074,4,-0.063,False,False,False,,True
held_up,3,NOT local_tax_base AND NOT contestation AND small,local_tax_base;contestation;small,001,0.826,0.338,37,12,0.6,0.091,0.077,0.128,0.12,0.0,0.111,3,-0.063,False,False,False,,True
held_up,3,NOT local_tax_base AND NOT autonomy AND culture,local_tax_base;autonomy;culture,001,0.826,0.335,25,8,0.571,0.061,0.051,0.085,0.0,0.095,0.074,3,-0.063,False,False,False,,True
held_up,3,single_tax AND NOT payroll_pit AND NOT extracurricular,single_tax;payroll_pit;extracurricular,100,0.826,0.335,28,3,0.25,0.023,0.051,0.0,0.0,0.048,0.074,2,-0.063,False,False,False,,False
held_up,3,NOT property_tax AND investment AND small,property_tax;investment;small,011,0.826,0.33,26,6,0.462,0.045,0.051,0.064,0.0,0.048,0.074,3,-0.063,False,False,False,,True
held_up,3,single_tax AND NOT culture AND small,single_tax;culture;small,101,0.826,0.325,32,4,0.364,0.03,0.026,0.043,0.0,0.048,0.037,3,-0.063,False,False,False,,True
held_up,3,NOT property_tax AND single_tax AND small,property_tax;single_tax;small,011,0.826,0.323,24,3,0.333,0.023,0.026,0.021,0.0,0.048,0.037,3,-0.063,False,False,False,,True
held_up,3,property_tax AND NOT payroll_pit AND education,property_tax;payroll_pit;education,101,0.826,0.315,18,7,0.636,0.053,0.026,0.043,0.04,0.143,0.037,3,-0.063,False,False,False,,True
held_up,3,single_tax AND NOT autonomy AND NOT extracurricular,single_tax;autonomy;extracurricular,100,0.826,0.313,27,4,0.267,0.03,0.026,0.043,0.0,0.048,0.037,3,-0.063,False,False,False,,True
held_up,3,autonomy AND NOT social AND balance,autonomy;social;balance,101,0.825,0.433,63,18,0.581,0.136,0.205,0.149,0.04,0.095,0.185,3,-0.064,False,False,False,,True
held_up,3,NOT social AND extracurricular AND NOT balance,social;extracurricular;balance,010,0.825,0.411,61,12,0.522,0.091,0.103,0.085,0.04,0.143,0.111,3,-0.064,False,False,False,,True
held_up,3,autonomy AND NOT social AND NOT contestation,autonomy;social;contestation,100,0.825,0.4,56,13,0.52,0.098,0.128,0.085,0.12,0.048,0.111,3,-0.064,False,False,False,,True
held_up,3,NOT single_tax AND autonomy AND NOT contestation,single_tax;autonomy;contestation,010,0.825,0.393,56,16,0.552,0.121,0.103,0.128,0.2,0.048,0.148,3,-0.064,False,False,False,,True
held_up,3,NOT property_tax AND social AND culture,property_tax;social;culture,011,0.825,0.376,33,10,0.556,0.076,0.077,0.085,0.08,0.048,0.074,4,-0.064,False,False,False,,True
held_up,3,NOT local_tax_base AND NOT payroll_pit AND social,local_tax_base;payroll_pit;social,001,0.825,0.371,39,16,0.667,0.121,0.051,0.191,0.16,0.048,0.074,2,-0.064,False,False,False,,False
held_up,3,NOT property_tax AND investment AND culture,property_tax;investment;culture,011,0.825,0.371,38,8,0.444,0.061,0.026,0.043,0.0,0.238,0.037,2,-0.064,False,False,False,,False
held_up,3,payroll_pit AND NOT social AND education,payroll_pit;social;education,101,0.825,0.364,34,6,0.429,0.045,0.051,0.064,0.04,0.0,0.0,3,-0.064,False,False,False,,True
held_up,3,NOT property_tax AND social AND education,property_tax;social;education,011,0.825,0.361,32,8,0.471,0.061,0.077,0.064,0.0,0.095,0.074,3,-0.064,False,False,False,,True
held_up,3,autonomy AND education AND NOT extracurricular,autonomy;education;extracurricular,110,0.825,0.361,49,17,0.68,0.129,0.154,0.106,0.12,0.143,0.222,4,-0.064,False,False,False,,True
held_up,3,NOT payroll_pit AND NOT investment AND NOT balance,payroll_pit;investment;balance,000,0.825,0.359,49,15,0.625,0.114,0.154,0.064,0.12,0.143,0.185,4,-0.064,False,False,False,,True
held_up,3,NOT payroll_pit AND social AND culture,payroll_pit;social;culture,011,0.825,0.359,34,14,0.667,0.106,0.077,0.106,0.2,0.048,0.074,3,-0.064,False,False,False,,True
held_up,3,NOT local_tax_base AND single_tax AND small,local_tax_base;single_tax;small,011,0.825,0.355,42,10,0.526,0.076,0.026,0.149,0.08,0.0,0.037,2,-0.064,False,False,False,,False
held_up,3,local_tax_base AND NOT single_tax AND culture,local_tax_base;single_tax;culture,101,0.825,0.345,30,9,0.562,0.068,0.026,0.043,0.2,0.048,0.037,3,-0.064,False,False,False,,True
held_up,3,NOT payroll_pit AND NOT culture AND education,payroll_pit;culture;education,001,0.825,0.345,29,6,0.6,0.045,0.051,0.064,0.0,0.048,0.074,3,-0.064,False,False,False,,True
held_up,3,NOT local_tax_base AND NOT autonomy AND NOT balance,local_tax_base;autonomy;balance,000,0.825,0.343,41,9,0.474,0.068,0.051,0.128,0.0,0.048,0.074,3,-0.064,False,False,False,,True
held_up,3,local_tax_base AND payroll_pit AND NOT social,local_tax_base;payroll_pit;social,110,0.825,0.342,26,2,0.25,0.015,0.026,0.021,0.0,0.0,0.037,2,-0.064,False,False,False,,False
held_up,3,NOT payroll_pit AND NOT social AND education,payroll_pit;social;education,001,0.825,0.337,28,8,0.571,0.061,0.077,0.064,0.0,0.095,0.111,3,-0.064,False,False,False,,True
held_up,3,property_tax AND single_tax AND NOT payroll_pit,property_tax;single_tax;payroll_pit,110,0.825,0.335,19,5,0.5,0.038,0.026,0.043,0.0,0.095,0.0,3,-0.064,False,False,False,,True
held_up,3,NOT culture AND contestation AND small,culture;contestation;small,011,0.825,0.335,35,8,0.421,0.061,0.051,0.064,0.0,0.143,0.074,3,-0.064,False,False,False,,True
held_up,3,NOT investment AND NOT social AND education,investment;social;education,001,0.825,0.33,24,4,0.444,0.03,0.051,0.021,0.0,0.048,0.074,3,-0.064,False,False,False,,True
held_up,3,NOT single_tax AND NOT investment AND education,single_tax;investment;education,001,0.825,0.323,17,3,0.375,0.023,0.051,0.021,0.0,0.0,0.074,2,-0.064,False,False,False,,False
held_up,3,property_tax AND NOT investment AND NOT extracurricular,property_tax;investment;extracurricular,100,0.825,0.322,31,6,0.4,0.045,0.026,0.043,0.04,0.095,0.037,4,-0.064,False,False,False,,True
held_up,3,NOT local_tax_base AND NOT balance AND small,local_tax_base;balance;small,001,0.825,0.318,32,10,0.556,0.076,0.026,0.149,0.08,0.0,0.037,2,-0.064,False,False,False,,False
held_up,3,property_tax AND NOT single_tax AND NOT autonomy,property_tax;single_tax;autonomy,100,0.825,0.314,20,5,0.385,0.038,0.026,0.021,0.04,0.095,0.037,4,-0.064,False,False,False,,True
held_up,3,payroll_pit AND NOT autonomy AND NOT contestation,payroll_pit;autonomy;contestation,100,0.825,0.304,18,5,0.417,0.038,0.0,0.085,0.0,0.048,0.0,2,-0.064,False,False,False,,False
held_up,3,NOT property_tax AND autonomy AND NOT social,property_tax;autonomy;social,010,0.824,0.451,77,20,0.625,0.152,0.205,0.17,0.12,0.048,0.148,3,-0.065,False,False,False,,True
held_up,3,NOT single_tax AND payroll_pit AND NOT education,single_tax;payroll_pit;education,010,0.824,0.407,51,12,0.545,0.091,0.051,0.043,0.08,0.286,0.037,3,-0.065,False,False,False,,True
held_up,3,payroll_pit AND investment AND NOT social,payroll_pit;investment;social,110,0.824,0.404,49,13,0.52,0.098,0.103,0.128,0.04,0.095,0.0,3,-0.065,False,False,False,,True
held_up,3,NOT local_tax_base AND NOT education AND NOT extracurricular,local_tax_base;education;extracurricular,000,0.824,0.399,47,16,0.571,0.121,0.154,0.128,0.08,0.095,0.111,4,-0.065,False,False,False,,True
held_up,3,NOT local_tax_base AND investment AND NOT extracurricular,local_tax_base;investment;extracurricular,010,0.824,0.395,56,20,0.625,0.152,0.154,0.213,0.12,0.048,0.111,3,-0.065,False,False,False,,True
held_up,3,single_tax AND NOT social AND NOT culture,single_tax;social;culture,100,0.824,0.395,50,11,0.5,0.083,0.128,0.106,0.04,0.0,0.074,2,-0.065,False,False,False,,False
held_up,3,property_tax AND NOT social AND NOT small,property_tax;social;small,100,0.824,0.394,32,7,0.389,0.053,0.103,0.021,0.0,0.095,0.111,2,-0.065,False,False,False,,False
held_up,3,NOT single_tax AND culture AND extracurricular,single_tax;culture;extracurricular,011,0.824,0.393,43,15,0.652,0.114,0.026,0.17,0.12,0.143,0.037,3,-0.065,False,False,False,,True
held_up,3,property_tax AND NOT social AND extracurricular,property_tax;social;extracurricular,101,0.824,0.388,35,9,0.5,0.068,0.051,0.085,0.0,0.143,0.037,3,-0.065,False,False,False,,True
held_up,3,NOT single_tax AND social AND culture,single_tax;social;culture,011,0.824,0.383,48,17,0.68,0.129,0.128,0.149,0.2,0.0,0.185,3,-0.065,False,False,False,,True
held_up,3,NOT social AND culture AND contestation,social;culture;contestation,011,0.824,0.372,35,9,0.5,0.068,0.128,0.043,0.0,0.095,0.148,3,-0.065,False,False,False,,True
held_up,3,property_tax AND NOT single_tax AND payroll_pit,property_tax;single_tax;payroll_pit,101,0.824,0.368,41,9,0.474,0.068,0.103,0.064,0.0,0.095,0.111,3,-0.065,False,False,False,,True
held_up,3,NOT single_tax AND NOT investment AND NOT balance,single_tax;investment;balance,000,0.824,0.368,53,11,0.458,0.083,0.103,0.043,0.16,0.048,0.111,4,-0.065,False,False,False,,True
held_up,3,property_tax AND NOT single_tax AND NOT social,property_tax;single_tax;social,100,0.824,0.366,34,7,0.389,0.053,0.051,0.021,0.0,0.19,0.074,2,-0.065,False,False,False,,False
held_up,3,payroll_pit AND NOT social AND culture,payroll_pit;social;culture,101,0.824,0.365,35,8,0.5,0.061,0.051,0.064,0.04,0.095,0.037,4,-0.065,False,False,False,,True
held_up,3,NOT property_tax AND NOT investment AND NOT extracurricular,property_tax;investment;extracurricular,000,0.824,0.36,38,10,0.5,0.076,0.103,0.043,0.12,0.048,0.148,4,-0.065,False,False,False,,True
held_up,3,single_tax AND NOT extracurricular AND NOT balance,single_tax;extracurricular;balance,100,0.824,0.359,48,9,0.474,0.068,0.051,0.106,0.04,0.048,0.037,4,-0.065,False,False,False,,True
held_up,3,NOT local_tax_base AND culture AND small,local_tax_base;culture;small,011,0.824,0.355,40,12,0.522,0.091,0.077,0.149,0.08,0.0,0.111,3,-0.065,False,False,False,,True
held_up,3,NOT local_tax_base AND NOT contestation AND NOT balance,local_tax_base;contestation;balance,000,0.824,0.352,45,10,0.556,0.076,0.051,0.128,0.08,0.0,0.037,3,-0.065,False,False,False,,True
held_up,3,NOT property_tax AND culture AND education,property_tax;culture;education,011,0.824,0.35,27,6,0.462,0.045,0.103,0.021,0.0,0.048,0.111,2,-0.065,False,False,False,,False
held_up,3,NOT social AND NOT education AND small,social;education;small,001,0.824,0.348,33,6,0.333,0.045,0.051,0.043,0.04,0.048,0.074,4,-0.065,False,False,False,,True
held_up,3,property_tax AND NOT single_tax AND NOT balance,property_tax;single_tax;balance,100,0.824,0.341,36,5,0.294,0.038,0.051,0.021,0.0,0.095,0.037,3,-0.065,False,False,False,,True
held_up,3,NOT single_tax AND NOT culture AND small,single_tax;culture;small,001,0.824,0.337,32,9,0.474,0.068,0.051,0.085,0.04,0.095,0.074,4,-0.065,False,False,False,,True
held_up,3,NOT property_tax AND NOT education AND small,property_tax;education;small,001,0.824,0.33,23,7,0.467,0.053,0.051,0.064,0.04,0.048,0.074,4,-0.065,False,False,False,,True
held_up,3,property_tax AND NOT autonomy AND NOT social,property_tax;autonomy;social,100,0.824,0.322,20,6,0.5,0.045,0.026,0.043,0.0,0.143,0.037,3,-0.065,False,False,False,,True
held_up,3,NOT local_tax_base AND NOT investment AND small,local_tax_base;investment;small,001,0.824,0.319,27,6,0.429,0.045,0.026,0.064,0.04,0.048,0.037,4,-0.065,False,False,False,,True
held_up,3,NOT property_tax AND NOT extracurricular AND small,property_tax;extracurricular;small,001,0.824,0.319,34,10,0.526,0.076,0.103,0.085,0.04,0.048,0.148,4,-0.065,False,False,False,,True
held_up,3,NOT autonomy AND NOT culture AND small,autonomy;culture;small,001,0.824,0.318,30,9,0.562,0.068,0.051,0.128,0.0,0.048,0.074,3,-0.065,False,False,False,,True
held_up,3,NOT culture AND education AND small,culture;education;small,011,0.824,0.315,32,6,0.5,0.045,0.026,0.085,0.0,0.048,0.037,3,-0.065,False,False,False,,True
held_up,3,NOT single_tax AND payroll_pit AND NOT small,single_tax;payroll_pit;small,010,0.823,0.427,56,13,0.542,0.098,0.051,0.085,0.08,0.238,0.037,4,-0.066,False,False,False,,True
held_up,3,single_tax AND autonomy AND NOT social,single_tax;autonomy;social,110,0.823,0.421,62,13,0.481,0.098,0.154,0.128,0.04,0.0,0.074,2,-0.066,False,False,False,,False
held_up,3,NOT extracurricular AND NOT balance AND NOT small,extracurricular;balance;small,000,0.823,0.411,57,12,0.5,0.091,0.154,0.085,0.08,0.0,0.148,3,-0.066,False,False,False,,True
held_up,3,NOT property_tax AND payroll_pit AND contestation,property_tax;payroll_pit;contestation,011,0.823,0.399,49,11,0.524,0.083,0.026,0.106,0.08,0.143,0.0,3,-0.066,False,False,False,,True
held_up,3,local_tax_base AND NOT single_tax AND autonomy,local_tax_base;single_tax;autonomy,101,0.823,0.393,48,12,0.571,0.091,0.077,0.043,0.2,0.095,0.111,3,-0.066,False,False,False,,True
held_up,3,payroll_pit AND NOT education AND NOT balance,payroll_pit;education;balance,100,0.823,0.381,52,8,0.333,0.061,0.077,0.064,0.04,0.048,0.037,4,-0.066,False,False,False,,True
held_up,3,NOT local_tax_base AND social AND NOT extracurricular,local_tax_base;social;extracurricular,010,0.823,0.38,46,15,0.577,0.114,0.128,0.128,0.08,0.095,0.148,4,-0.066,False,False,False,,True
held_up,3,NOT local_tax_base AND autonomy AND small,local_tax_base;autonomy;small,011,0.823,0.364,47,13,0.5,0.098,0.103,0.106,0.12,0.048,0.148,3,-0.066,False,False,False,,True
held_up,3,NOT single_tax AND NOT investment AND NOT extracurricular,single_tax;investment;extracurricular,000,0.823,0.364,42,11,0.44,0.083,0.103,0.043,0.16,0.048,0.148,4,-0.066,False,False,False,,True
held_up,3,NOT autonomy AND social AND NOT education,autonomy;social;education,010,0.823,0.36,38,15,0.625,0.114,0.051,0.149,0.2,0.048,0.037,2,-0.066,False,False,False,,False
held_up,3,NOT payroll_pit AND culture AND contestation,payroll_pit;culture;contestation,011,0.823,0.357,29,9,0.529,0.068,0.128,0.0,0.12,0.048,0.148,3,-0.066,False,False,False,,True
held_up,3,NOT autonomy AND contestation AND NOT balance,autonomy;contestation;balance,010,0.823,0.355,56,16,0.571,0.121,0.154,0.128,0.08,0.095,0.148,4,-0.066,False,False,False,,True
held_up,3,NOT property_tax AND single_tax AND NOT extracurricular,property_tax;single_tax;extracurricular,010,0.823,0.347,31,4,0.286,0.03,0.103,0.0,0.0,0.0,0.074,1,-0.066,False,False,False,,False
held_up,3,NOT property_tax AND NOT social AND education,property_tax;social;education,001,0.823,0.347,30,5,0.417,0.038,0.077,0.043,0.0,0.0,0.074,2,-0.066,False,False,False,,False
held_up,3,local_tax_base AND NOT property_tax AND culture,local_tax_base;property_tax;culture,101,0.823,0.338,21,4,0.4,0.03,0.0,0.021,0.08,0.048,0.0,3,-0.066,False,False,False,,True
held_up,3,NOT social AND balance AND small,social;balance;small,011,0.823,0.332,28,2,0.154,0.015,0.026,0.0,0.0,0.048,0.037,2,-0.066,False,False,False,,False
held_up,3,property_tax AND NOT culture AND small,property_tax;culture;small,101,0.823,0.322,31,2,0.2,0.015,0.0,0.021,0.0,0.048,0.0,2,-0.066,False,False,False,,False
held_up,3,NOT single_tax AND NOT autonomy AND education,single_tax;autonomy;education,001,0.823,0.32,18,3,0.429,0.023,0.0,0.064,0.0,0.0,0.0,1,-0.066,False,False,False,,False
held_up,3,NOT investment AND NOT extracurricular AND small,investment;extracurricular;small,001,0.823,0.313,37,10,0.5,0.076,0.051,0.085,0.04,0.143,0.074,4,-0.066,False,False,False,,True
held_up,3,property_tax AND NOT payroll_pit AND small,property_tax;payroll_pit;small,101,0.823,0.31,27,8,0.571,0.061,0.0,0.043,0.08,0.19,0.0,3,-0.066,False,False,False,,True
held_up,3,single_tax AND NOT social AND extracurricular,single_tax;social;extracurricular,101,0.822,0.407,48,13,0.565,0.098,0.103,0.128,0.04,0.095,0.074,3,-0.067,False,False,False,,True
held_up,3,NOT property_tax AND autonomy AND NOT investment,property_tax;autonomy;investment,010,0.822,0.403,63,17,0.531,0.129,0.128,0.106,0.24,0.048,0.111,3,-0.067,False,False,False,,True
held_up,3,single_tax AND NOT payroll_pit AND NOT small,single_tax;payroll_pit;small,100,0.822,0.391,36,6,0.353,0.045,0.077,0.021,0.04,0.048,0.074,3,-0.067,False,False,False,,True
held_up,3,NOT single_tax AND culture AND NOT education,single_tax;culture;education,010,0.822,0.391,47,17,0.654,0.129,0.077,0.128,0.2,0.143,0.111,4,-0.067,False,False,False,,True
held_up,3,local_tax_base AND NOT single_tax AND social,local_tax_base;single_tax;social,101,0.822,0.369,41,12,0.667,0.091,0.077,0.043,0.28,0.0,0.074,2,-0.067,False,False,False,,False
held_up,3,single_tax AND NOT payroll_pit AND NOT social,single_tax;payroll_pit;social,100,0.822,0.365,40,8,0.421,0.061,0.077,0.043,0.04,0.095,0.111,4,-0.067,False,False,False,,True
held_up,3,NOT payroll_pit AND NOT investment AND social,payroll_pit;investment;social,001,0.822,0.363,39,13,0.565,0.098,0.077,0.085,0.2,0.048,0.074,3,-0.067,False,False,False,,True
held_up,3,property_tax AND NOT single_tax AND culture,property_tax;single_tax;culture,101,0.822,0.354,37,11,0.611,0.083,0.077,0.085,0.12,0.048,0.111,4,-0.067,False,False,False,,True
held_up,3,NOT property_tax AND NOT investment AND culture,property_tax;investment;culture,001,0.822,0.353,37,12,0.545,0.091,0.128,0.085,0.12,0.0,0.148,3,-0.067,False,False,False,,True
held_up,3,NOT payroll_pit AND NOT social AND culture,payroll_pit;social;culture,001,0.822,0.353,35,10,0.5,0.076,0.077,0.043,0.04,0.19,0.111,4,-0.067,False,False,False,,True
held_up,3,NOT payroll_pit AND education AND extracurricular,payroll_pit;education;extracurricular,011,0.822,0.351,27,6,0.545,0.045,0.026,0.064,0.0,0.095,0.037,3,-0.067,False,False,False,,True
held_up,3,NOT local_tax_base AND social AND small,local_tax_base;social;small,011,0.822,0.35,41,11,0.5,0.083,0.077,0.128,0.04,0.048,0.111,3,-0.067,False,False,False,,True
held_up,3,property_tax AND NOT payroll_pit AND balance,property_tax;payroll_pit;balance,101,0.822,0.35,33,10,0.556,0.076,0.077,0.021,0.16,0.095,0.074,3,-0.067,False,False,False,,True
held_up,3,property_tax AND NOT payroll_pit AND social,property_tax;payroll_pit;social,101,0.822,0.341,27,8,0.571,0.061,0.026,0.043,0.16,0.048,0.0,3,-0.067,False,False,False,,True
held_up,3,single_tax AND NOT autonomy AND NOT social,single_tax;autonomy;social,100,0.822,0.341,30,6,0.4,0.045,0.051,0.021,0.04,0.095,0.074,3,-0.067,False,False,False,,True
held_up,3,investment AND NOT culture AND small,investment;culture;small,101,0.822,0.339,36,7,0.467,0.053,0.051,0.064,0.0,0.095,0.074,3,-0.067,False,False,False,,True
held_up,3,autonomy AND NOT investment AND small,autonomy;investment;small,101,0.822,0.337,33,7,0.438,0.053,0.026,0.064,0.04,0.095,0.037,3,-0.067,False,False,False,,True
held_up,3,single_tax AND NOT investment AND NOT balance,single_tax;investment;balance,100,0.822,0.335,33,7,0.5,0.053,0.051,0.064,0.0,0.095,0.074,3,-0.067,False,False,False,,True
held_up,3,property_tax AND NOT investment AND NOT social,property_tax;investment;social,100,0.822,0.333,28,5,0.455,0.038,0.051,0.021,0.0,0.095,0.074,3,-0.067,False,False,False,,True
held_up,3,property_tax AND NOT payroll_pit AND NOT balance,property_tax;payroll_pit;balance,100,0.822,0.327,29,6,0.4,0.045,0.0,0.043,0.0,0.19,0.0,2,-0.067,False,False,False,,False
held_up,3,NOT single_tax AND education AND NOT contestation,single_tax;education;contestation,010,0.822,0.327,27,6,0.5,0.045,0.051,0.064,0.0,0.048,0.074,3,-0.067,False,False,False,,True
held_up,3,NOT social AND education AND NOT extracurricular,social;education;extracurricular,010,0.822,0.323,29,6,0.5,0.045,0.051,0.043,0.04,0.048,0.074,4,-0.067,False,False,False,,True
held_up,3,NOT investment AND NOT education AND small,investment;education;small,001,0.822,0.312,22,5,0.333,0.038,0.0,0.064,0.04,0.048,0.0,3,-0.067,False,False,False,,True
held_up,3,autonomy AND NOT social AND contestation,autonomy;social;contestation,101,0.821,0.459,73,16,0.533,0.121,0.154,0.149,0.04,0.095,0.111,3,-0.068,False,False,False,,True
held_up,3,NOT payroll_pit AND autonomy AND contestation,payroll_pit;autonomy;contestation,011,0.821,0.423,51,14,0.7,0.106,0.128,0.085,0.16,0.048,0.111,3,-0.068,False,False,False,,True
held_up,3,NOT single_tax AND culture AND NOT small,single_tax;culture;small,010,0.821,0.413,55,19,0.704,0.144,0.103,0.17,0.16,0.143,0.148,4,-0.068,False,False,False,,True
held_up,3,NOT single_tax AND NOT extracurricular AND contestation,single_tax;extracurricular;contestation,001,0.821,0.407,56,20,0.571,0.152,0.179,0.128,0.16,0.143,0.222,4,-0.068,False,False,False,,True
held_up,3,payroll_pit AND NOT balance AND NOT small,payroll_pit;balance;small,100,0.821,0.398,52,7,0.333,0.053,0.077,0.043,0.04,0.048,0.037,4,-0.068,False,False,False,,True
held_up,3,autonomy AND NOT extracurricular AND balance,autonomy;extracurricular;balance,101,0.821,0.397,57,21,0.636,0.159,0.205,0.085,0.16,0.238,0.259,4,-0.068,False,False,False,,True
held_up,3,NOT single_tax AND payroll_pit AND social,single_tax;payroll_pit;social,011,0.821,0.394,53,13,0.52,0.098,0.103,0.064,0.08,0.19,0.111,4,-0.068,False,False,False,,True
held_up,3,NOT payroll_pit AND investment AND social,payroll_pit;investment;social,011,0.821,0.391,48,18,0.72,0.136,0.051,0.17,0.24,0.095,0.037,3,-0.068,False,False,False,,True
held_up,3,NOT single_tax AND NOT investment AND social,single_tax;investment;social,001,0.821,0.384,50,17,0.586,0.129,0.077,0.128,0.24,0.095,0.074,4,-0.068,False,False,False,,True
held_up,3,NOT local_tax_base AND NOT culture AND NOT extracurricular,local_tax_base;culture;extracurricular,000,0.821,0.38,45,13,0.52,0.098,0.103,0.106,0.08,0.095,0.037,4,-0.068,False,False,False,,True
held_up,3,property_tax AND payroll_pit AND NOT social,property_tax;payroll_pit;social,110,0.821,0.375,37,7,0.438,0.053,0.051,0.085,0.04,0.0,0.037,3,-0.068,False,False,False,,True
held_up,3,single_tax AND NOT education AND NOT balance,single_tax;education;balance,100,0.821,0.368,37,3,0.2,0.023,0.026,0.043,0.0,0.0,0.0,2,-0.068,False,False,False,,False
held_up,3,social AND NOT culture AND NOT extracurricular,social;culture;extracurricular,100,0.821,0.367,33,8,0.444,0.061,0.051,0.064,0.04,0.095,0.037,4,-0.068,False,False,False,,True
held_up,3,local_tax_base AND NOT property_tax AND NOT balance,local_tax_base;property_tax;balance,100,0.821,0.364,50,12,0.632,0.091,0.154,0.085,0.08,0.0,0.185,3,-0.068,False,False,False,,True
held_up,3,property_tax AND NOT payroll_pit AND extracurricular,property_tax;payroll_pit;extracurricular,101,0.821,0.363,34,9,0.529,0.068,0.026,0.064,0.08,0.143,0.0,3,-0.068,False,False,False,,True
held_up,3,single_tax AND NOT payroll_pit AND investment,single_tax;payroll_pit;investment,101,0.821,0.359,32,5,0.357,0.038,0.051,0.021,0.0,0.095,0.037,3,-0.068,False,False,False,,True
held_up,3,NOT local_tax_base AND property_tax AND NOT single_tax,local_tax_base;property_tax;single_tax,010,0.821,0.357,32,9,0.529,0.068,0.077,0.064,0.0,0.143,0.074,3,-0.068,False,False,False,,True
held_up,3,NOT payroll_pit AND investment AND culture,payroll_pit;investment;culture,011,0.821,0.351,36,10,0.556,0.076,0.051,0.064,0.08,0.143,0.037,4,-0.068,False,False,False,,True
held_up,3,NOT property_tax AND NOT autonomy AND culture,property_tax;autonomy;culture,001,0.821,0.342,34,8,0.421,0.061,0.051,0.064,0.0,0.143,0.074,3,-0.068,False,False,False,,True
held_up,3,property_tax AND NOT single_tax AND NOT contestation,property_tax;single_tax;contestation,100,0.821,0.339,30,7,0.467,0.053,0.051,0.064,0.04,0.048,0.074,4,-0.068,False,False,False,,True
held_up,3,NOT payroll_pit AND NOT education AND small,payroll_pit;education;small,001,0.821,0.336,29,8,0.444,0.061,0.051,0.064,0.08,0.048,0.074,4,-0.068,False,False,False,,True
held_up,3,NOT social AND culture AND small,social;culture;small,011,0.821,0.33,31,6,0.429,0.045,0.0,0.064,0.04,0.095,0.0,3,-0.068,False,False,False,,True
held_up,3,NOT payroll_pit AND culture AND education,payroll_pit;culture;education,011,0.821,0.329,22,9,0.643,0.068,0.077,0.043,0.04,0.143,0.111,4,-0.068,False,False,False,,True
held_up,3,local_tax_base AND NOT property_tax AND education,local_tax_base;property_tax;education,101,0.821,0.322,15,3,0.5,0.023,0.026,0.021,0.0,0.048,0.037,3,-0.068,False,False,False,,True
held_up,3,NOT payroll_pit AND NOT balance AND small,payroll_pit;balance;small,001,0.821,0.313,37,13,0.619,0.098,0.077,0.128,0.04,0.143,0.111,3,-0.068,False,False,False,,True
held_up,3,property_tax AND NOT autonomy AND NOT extracurricular,property_tax;autonomy;extracurricular,100,0.821,0.296,17,4,0.364,0.03,0.026,0.043,0.0,0.048,0.037,3,-0.068,False,False,False,,True
held_up,3,autonomy AND NOT social AND NOT small,autonomy;social;small,100,0.82,0.492,87,22,0.579,0.167,0.256,0.191,0.08,0.048,0.185,2,-0.069,False,False,False,,False
held_up,3,NOT property_tax AND NOT payroll_pit AND autonomy,property_tax;payroll_pit;autonomy,001,0.82,0.43,64,21,0.724,0.159,0.179,0.17,0.24,0.0,0.222,3,-0.069,False,False,False,,True
held_up,3,NOT single_tax AND investment AND NOT extracurricular,single_tax;investment;extracurricular,010,0.82,0.41,68,25,0.658,0.189,0.231,0.191,0.16,0.143,0.296,4,-0.069,False,False,False,,True
held_up,3,NOT single_tax AND payroll_pit AND extracurricular,single_tax;payroll_pit;extracurricular,011,0.82,0.409,52,9,0.409,0.068,0.0,0.064,0.08,0.19,0.0,3,-0.069,False,False,False,,True
held_up,3,social AND NOT extracurricular AND NOT small,social;extracurricular;small,100,0.82,0.409,46,12,0.571,0.091,0.103,0.085,0.12,0.048,0.111,4,-0.069,False,False,False,,True
held_up,3,NOT single_tax AND culture AND balance,single_tax;culture;balance,011,0.82,0.39,49,22,0.688,0.167,0.077,0.191,0.24,0.19,0.111,3,-0.069,False,False,False,,True
held_up,3,property_tax AND NOT single_tax AND balance,property_tax;single_tax;balance,101,0.82,0.378,48,15,0.6,0.114,0.103,0.064,0.16,0.19,0.148,4,-0.069,False,False,False,,True
held_up,3,autonomy AND NOT extracurricular AND NOT contestation,autonomy;extracurricular;contestation,100,0.82,0.378,58,17,0.607,0.129,0.179,0.106,0.16,0.048,0.185,3,-0.069,False,False,False,,True
held_up,3,payroll_pit AND NOT extracurricular AND contestation,payroll_pit;extracurricular;contestation,101,0.82,0.373,47,11,0.478,0.083,0.103,0.064,0.0,0.19,0.111,3,-0.069,False,False,False,,True
held_up,3,NOT investment AND NOT education AND NOT extracurricular,investment;education;extracurricular,000,0.82,0.371,42,9,0.391,0.068,0.051,0.043,0.16,0.048,0.074,4,-0.069,False,False,False,,True
held_up,3,property_tax AND NOT social AND balance,property_tax;social;balance,101,0.82,0.37,35,7,0.412,0.053,0.103,0.021,0.0,0.095,0.111,2,-0.069,False,False,False,,False
held_up,3,NOT investment AND culture AND NOT education,investment;culture;education,010,0.82,0.359,40,12,0.48,0.091,0.077,0.106,0.16,0.0,0.111,3,-0.069,False,False,False,,True
held_up,3,NOT payroll_pit AND NOT investment AND NOT extracurricular,payroll_pit;investment;extracurricular,000,0.82,0.357,42,12,0.5,0.091,0.128,0.043,0.16,0.048,0.185,3,-0.069,False,False,False,,True
held_up,3,NOT local_tax_base AND NOT extracurricular AND NOT contestation,local_tax_base;extracurricular;contestation,000,0.82,0.356,46,15,0.6,0.114,0.103,0.149,0.16,0.0,0.074,3,-0.069,False,False,False,,True
held_up,3,NOT property_tax AND investment AND education,property_tax;investment;education,011,0.82,0.355,33,8,0.533,0.061,0.026,0.106,0.0,0.095,0.0,2,-0.069,False,False,False,,False
held_up,3,single_tax AND NOT investment AND NOT education,single_tax;investment;education,100,0.82,0.355,35,7,0.389,0.053,0.103,0.043,0.04,0.0,0.111,3,-0.069,False,False,False,,True
held_up,3,NOT payroll_pit AND education AND NOT small,payroll_pit;education;small,010,0.82,0.354,21,4,0.5,0.03,0.077,0.021,0.0,0.0,0.111,2,-0.069,False,False,False,,False
held_up,3,NOT investment AND NOT culture AND NOT extracurricular,investment;culture;extracurricular,000,0.82,0.354,38,7,0.35,0.053,0.051,0.043,0.08,0.048,0.074,4,-0.069,False,False,False,,True
held_up,3,culture AND NOT education AND NOT contestation,culture;education;contestation,100,0.82,0.353,44,10,0.417,0.076,0.0,0.106,0.12,0.095,0.0,3,-0.069,False,False,False,,True
held_up,3,autonomy AND NOT balance AND small,autonomy;balance;small,101,0.82,0.352,43,9,0.474,0.068,0.026,0.106,0.08,0.048,0.037,3,-0.069,False,False,False,,True
held_up,3,single_tax AND NOT investment AND NOT culture,single_tax;investment;culture,100,0.82,0.348,38,7,0.467,0.053,0.077,0.064,0.04,0.0,0.074,3,-0.069,False,False,False,,True
held_up,3,NOT autonomy AND NOT extracurricular AND NOT balance,autonomy;extracurricular;balance,000,0.82,0.346,55,14,0.5,0.106,0.077,0.17,0.08,0.048,0.111,3,-0.069,False,False,False,,True
held_up,3,payroll_pit AND NOT extracurricular AND NOT contestation,payroll_pit;extracurricular;contestation,100,0.82,0.342,44,11,0.524,0.083,0.077,0.128,0.08,0.0,0.037,3,-0.069,False,False,False,,True
held_up,3,single_tax AND NOT payroll_pit AND NOT investment,single_tax;payroll_pit;investment,100,0.82,0.335,29,7,0.467,0.053,0.051,0.043,0.04,0.095,0.074,4,-0.069,False,False,False,,True
held_up,3,NOT payroll_pit AND investment AND small,payroll_pit;investment;small,011,0.82,0.326,32,10,0.588,0.076,0.051,0.064,0.08,0.143,0.074,4,-0.069,False,False,False,,True
held_up,3,NOT culture AND NOT contestation AND small,culture;contestation;small,001,0.82,0.318,29,5,0.455,0.038,0.026,0.064,0.04,0.0,0.037,3,-0.069,False,False,False,,True
held_up,3,single_tax AND NOT payroll_pit AND small,single_tax;payroll_pit;small,101,0.82,0.308,25,6,0.5,0.045,0.026,0.043,0.0,0.143,0.037,3,-0.069,False,False,False,,True
held_up,3,autonomy AND NOT social AND extracurricular,autonomy;social;extracurricular,101,0.819,0.47,76,15,0.517,0.114,0.103,0.17,0.08,0.048,0.037,3,-0.07,False,False,False,,True
held_up,3,NOT single_tax AND autonomy AND balance,single_tax;autonomy;balance,011,0.819,0.439,77,28,0.651,0.212,0.128,0.213,0.32,0.238,0.185,4,-0.07,False,False,False,,True
held_up,3,NOT single_tax AND extracurricular AND NOT balance,single_tax;extracurricular;balance,010,0.819,0.408,68,12,0.522,0.091,0.103,0.064,0.08,0.143,0.074,4,-0.07,False,False,False,,True
held_up,3,autonomy AND NOT culture AND NOT extracurricular,autonomy;culture;extracurricular,100,0.819,0.4,52,14,0.5,0.106,0.179,0.064,0.04,0.143,0.148,3,-0.07,False,False,False,,True
held_up,3,NOT property_tax AND payroll_pit AND investment,property_tax;payroll_pit;investment,011,0.819,0.398,47,13,0.542,0.098,0.077,0.106,0.04,0.19,0.0,3,-0.07,False,False,False,,True
held_up,3,NOT property_tax AND NOT extracurricular AND contestation,property_tax;extracurricular;contestation,001,0.819,0.398,48,13,0.52,0.098,0.103,0.128,0.08,0.048,0.148,3,-0.07,False,False,False,,True
held_up,3,single_tax AND NOT payroll_pit AND NOT education,single_tax;payroll_pit;education,100,0.819,0.379,34,5,0.312,0.038,0.051,0.021,0.04,0.048,0.037,4,-0.07,False,False,False,,True
held_up,3,investment AND NOT social AND culture,investment;social;culture,101,0.819,0.376,43,11,0.5,0.083,0.051,0.064,0.04,0.238,0.037,3,-0.07,False,False,False,,True
held_up,3,NOT single_tax AND NOT payroll_pit AND culture,single_tax;payroll_pit;culture,001,0.819,0.372,46,18,0.643,0.136,0.103,0.128,0.24,0.095,0.148,4,-0.07,False,False,False,,True
held_up,3,single_tax AND NOT payroll_pit AND balance,single_tax;payroll_pit;balance,101,0.819,0.368,38,6,0.333,0.045,0.051,0.021,0.04,0.095,0.037,3,-0.07,False,False,False,,True
held_up,3,social AND culture AND NOT balance,social;culture;balance,110,0.819,0.366,49,11,0.5,0.083,0.103,0.128,0.0,0.048,0.111,3,-0.07,False,False,False,,True
held_up,3,NOT culture AND NOT extracurricular AND balance,culture;extracurricular;balance,001,0.819,0.356,36,10,0.455,0.076,0.128,0.021,0.08,0.095,0.148,3,-0.07,False,False,False,,True
held_up,3,social AND education AND NOT balance,social;education;balance,110,0.819,0.355,46,10,0.5,0.076,0.077,0.128,0.0,0.048,0.074,3,-0.07,False,False,False,,True
held_up,3,property_tax AND NOT social AND education,property_tax;social;education,101,0.819,0.353,32,9,0.562,0.068,0.051,0.085,0.04,0.095,0.037,4,-0.07,False,False,False,,True
held_up,3,payroll_pit AND NOT culture AND education,payroll_pit;culture;education,101,0.819,0.353,32,4,0.25,0.03,0.026,0.064,0.0,0.0,0.0,2,-0.07,False,False,False,,False
held_up,3,payroll_pit AND NOT education AND NOT contestation,payroll_pit;education;contestation,100,0.819,0.353,37,5,0.294,0.038,0.077,0.021,0.0,0.048,0.0,3,-0.07,False,False,False,,True
held_up,3,single_tax AND NOT culture AND NOT extracurricular,single_tax;culture;extracurricular,100,0.819,0.349,35,4,0.25,0.03,0.103,0.0,0.0,0.0,0.074,1,-0.07,False,False,False,,False
held_up,3,NOT social AND culture AND NOT contestation,social;culture;contestation,010,0.819,0.345,35,9,0.5,0.068,0.0,0.064,0.08,0.19,0.0,3,-0.07,False,False,False,,True
held_up,3,NOT property_tax AND payroll_pit AND NOT contestation,property_tax;payroll_pit;contestation,010,0.819,0.342,34,8,0.381,0.061,0.103,0.043,0.0,0.095,0.0,3,-0.07,False,False,False,,True
held_up,3,payroll_pit AND NOT autonomy AND extracurricular,payroll_pit;autonomy;extracurricular,101,0.819,0.341,24,4,0.333,0.03,0.026,0.043,0.0,0.048,0.0,3,-0.07,False,False,False,,True
held_up,3,education AND NOT extracurricular AND contestation,education;extracurricular;contestation,101,0.819,0.341,38,11,0.55,0.083,0.128,0.064,0.04,0.095,0.185,3,-0.07,False,False,False,,True
held_up,3,property_tax AND NOT culture AND education,property_tax;culture;education,101,0.819,0.34,26,3,0.3,0.023,0.026,0.043,0.0,0.0,0.037,2,-0.07,False,False,False,,False
held_up,3,local_tax_base AND NOT culture AND education,local_tax_base;culture;education,101,0.819,0.336,27,5,0.455,0.038,0.051,0.043,0.0,0.048,0.074,3,-0.07,False,False,False,,True
held_up,3,NOT payroll_pit AND NOT investment AND culture,payroll_pit;investment;culture,001,0.819,0.336,33,14,0.609,0.106,0.103,0.085,0.16,0.095,0.148,4,-0.07,False,False,False,,True
held_up,3,NOT autonomy AND NOT social AND culture,autonomy;social;culture,001,0.819,0.336,31,8,0.444,0.061,0.051,0.043,0.0,0.19,0.074,3,-0.07,False,False,False,,True
held_up,3,property_tax AND NOT payroll_pit AND NOT extracurricular,property_tax;payroll_pit;extracurricular,100,0.819,0.335,28,7,0.438,0.053,0.051,0.0,0.08,0.143,0.074,3,-0.07,False,False,False,,True
held_up,3,NOT extracurricular AND balance AND small,extracurricular;balance;small,011,0.819,0.335,42,12,0.522,0.091,0.103,0.043,0.08,0.19,0.148,3,-0.07,False,False,False,,True
held_up,3,NOT property_tax AND NOT culture AND small,property_tax;culture;small,001,0.819,0.334,33,11,0.55,0.083,0.077,0.106,0.04,0.095,0.111,3,-0.07,False,False,False,,True
held_up,3,NOT payroll_pit AND culture AND NOT contestation,payroll_pit;culture;contestation,010,0.819,0.333,40,15,0.625,0.114,0.026,0.149,0.12,0.19,0.037,3,-0.07,False,False,False,,True
held_up,3,NOT payroll_pit AND education AND small,payroll_pit;education;small,011,0.819,0.306,30,11,0.688,0.083,0.051,0.085,0.04,0.19,0.074,3,-0.07,False,False,False,,True
held_up,3,NOT local_tax_base AND NOT social AND contestation,local_tax_base;social;contestation,001,0.818,0.443,67,18,0.581,0.136,0.154,0.17,0.04,0.143,0.111,3,-0.071,False,False,False,,True
held_up,3,NOT social AND NOT extracurricular AND NOT small,social;extracurricular;small,000,0.818,0.426,57,13,0.419,0.098,0.179,0.064,0.12,0.0,0.185,3,-0.071,False,False,False,,True
held_up,3,NOT payroll_pit AND autonomy AND investment,payroll_pit;autonomy;investment,011,0.818,0.425,59,16,0.615,0.121,0.154,0.106,0.12,0.095,0.148,4,-0.071,False,False,False,,True
held_up,3,autonomy AND NOT extracurricular AND NOT balance,autonomy;extracurricular;balance,100,0.818,0.406,63,14,0.519,0.106,0.154,0.106,0.08,0.048,0.148,3,-0.071,False,False,False,,True
held_up,3,single_tax AND NOT social AND contestation,single_tax;social;contestation,101,0.818,0.396,53,11,0.478,0.083,0.128,0.106,0.0,0.048,0.111,3,-0.071,False,False,False,,True
held_up,3,NOT payroll_pit AND extracurricular AND NOT balance,payroll_pit;extracurricular;balance,010,0.818,0.396,57,13,0.619,0.098,0.128,0.085,0.04,0.143,0.111,3,-0.071,False,False,False,,True
held_up,3,social AND NOT extracurricular AND contestation,social;extracurricular;contestation,101,0.818,0.396,49,14,0.538,0.106,0.128,0.064,0.08,0.19,0.148,4,-0.071,False,False,False,,True
held_up,3,local_tax_base AND NOT property_tax AND extracurricular,local_tax_base;property_tax;extracurricular,101,0.818,0.395,37,11,0.611,0.083,0.051,0.085,0.12,0.095,0.037,4,-0.071,False,False,False,,True
held_up,3,NOT property_tax AND autonomy AND NOT contestation,property_tax;autonomy;contestation,010,0.818,0.391,61,18,0.529,0.136,0.205,0.106,0.16,0.048,0.148,3,-0.071,False,False,False,,True
held_up,3,NOT local_tax_base AND NOT payroll_pit AND NOT investment,local_tax_base;payroll_pit;investment,000,0.818,0.386,58,17,0.63,0.129,0.103,0.128,0.2,0.095,0.148,4,-0.071,False,False,False,,True
held_up,3,NOT property_tax AND single_tax AND NOT social,property_tax;single_tax;social,010,0.818,0.383,54,11,0.44,0.083,0.154,0.064,0.04,0.048,0.111,3,-0.071,False,False,False,,True
held_up,3,single_tax AND NOT payroll_pit AND NOT culture,single_tax;payroll_pit;culture,100,0.818,0.376,38,6,0.375,0.045,0.051,0.043,0.04,0.048,0.074,4,-0.071,False,False,False,,True
held_up,3,autonomy AND extracurricular AND small,autonomy;extracurricular;small,111,0.818,0.369,36,5,0.294,0.038,0.051,0.043,0.04,0.0,0.074,3,-0.071,False,False,False,,True
held_up,3,NOT local_tax_base AND NOT autonomy AND contestation,local_tax_base;autonomy;contestation,001,0.818,0.368,40,9,0.474,0.068,0.051,0.106,0.0,0.095,0.074,3,-0.071,False,False,False,,True
held_up,3,NOT single_tax AND social AND NOT contestation,single_tax;social;contestation,010,0.818,0.365,49,17,0.607,0.129,0.077,0.149,0.24,0.048,0.111,3,-0.071,False,False,False,,True
held_up,3,NOT local_tax_base AND NOT autonomy AND NOT investment,local_tax_base;autonomy;investment,000,0.818,0.363,41,9,0.474,0.068,0.026,0.085,0.08,0.095,0.037,3,-0.071,False,False,False,,True
held_up,3,NOT investment AND NOT extracurricular AND contestation,investment;extracurricular;contestation,001,0.818,0.357,38,9,0.45,0.068,0.077,0.043,0.08,0.095,0.111,4,-0.071,False,False,False,,True
held_up,3,social AND NOT culture AND education,social;culture;education,101,0.818,0.357,32,3,0.25,0.023,0.0,0.043,0.0,0.048,0.0,2,-0.071,False,False,False,,False
held_up,3,NOT local_tax_base AND property_tax AND small,local_tax_base;property_tax;small,011,0.818,0.343,41,10,0.455,0.076,0.051,0.128,0.08,0.0,0.074,3,-0.071,False,False,False,,True
held_up,3,NOT payroll_pit AND NOT culture AND small,payroll_pit;culture;small,001,0.818,0.34,40,11,0.55,0.083,0.077,0.106,0.04,0.095,0.111,3,-0.071,False,False,False,,True
held_up,3,NOT extracurricular AND NOT contestation AND small,extracurricular;contestation;small,001,0.818,0.337,49,14,0.583,0.106,0.077,0.128,0.12,0.095,0.111,4,-0.071,False,False,False,,True
held_up,3,NOT autonomy AND NOT investment AND NOT extracurricular,autonomy;investment;extracurricular,000,0.818,0.334,33,6,0.333,0.045,0.051,0.043,0.04,0.048,0.074,4,-0.071,False,False,False,,True
held_up,3,NOT autonomy AND NOT culture AND education,autonomy;culture;education,001,0.818,0.329,29,6,0.545,0.045,0.026,0.085,0.0,0.048,0.037,3,-0.071,False,False,False,,True
held_up,3,NOT investment AND NOT culture AND education,investment;culture;education,001,0.818,0.325,24,2,0.2,0.015,0.026,0.021,0.0,0.0,0.037,2,-0.071,False,False,False,,False
held_up,3,NOT local_tax_base AND NOT autonomy AND education,local_tax_base;autonomy;education,001,0.818,0.324,27,4,0.364,0.03,0.026,0.064,0.0,0.0,0.037,2,-0.071,False,False,False,,False
held_up,3,NOT investment AND balance AND small,investment;balance;small,011,0.818,0.324,27,4,0.286,0.03,0.0,0.043,0.0,0.095,0.0,2,-0.071,False,False,False,,False
held_up,3,NOT payroll_pit AND contestation AND small,payroll_pit;contestation;small,011,0.818,0.321,30,8,0.421,0.061,0.051,0.064,0.04,0.095,0.074,4,-0.071,False,False,False,,True
held_up,3,NOT investment AND NOT social AND small,investment;social;small,001,0.818,0.321,33,5,0.333,0.038,0.026,0.043,0.04,0.048,0.037,4,-0.071,False,False,False,,True
held_up,3,NOT investment AND NOT culture AND small,investment;culture;small,001,0.818,0.31,28,6,0.4,0.045,0.026,0.064,0.04,0.048,0.037,4,-0.071,False,False,False,,True
held_up,3,NOT single_tax AND NOT payroll_pit AND autonomy,single_tax;payroll_pit;autonomy,001,0.817,0.447,73,26,0.703,0.197,0.179,0.17,0.36,0.095,0.222,3,-0.072,False,False,False,,True
held_up,3,NOT extracurricular AND contestation AND NOT small,extracurricular;contestation;small,010,0.817,0.428,49,12,0.5,0.091,0.128,0.064,0.12,0.048,0.148,4,-0.072,False,False,False,,True
held_up,3,social AND NOT extracurricular AND balance,social;extracurricular;balance,101,0.817,0.387,50,16,0.571,0.121,0.077,0.085,0.2,0.19,0.111,4,-0.072,False,False,False,,True
held_up,3,NOT payroll_pit AND culture AND extracurricular,payroll_pit;culture;extracurricular,011,0.817,0.376,39,15,0.6,0.114,0.077,0.128,0.12,0.143,0.074,4,-0.072,False,False,False,,True
held_up,3,NOT social AND education AND balance,social;education;balance,011,0.817,0.364,31,5,0.333,0.038,0.077,0.021,0.0,0.048,0.037,3,-0.072,False,False,False,,True
held_up,3,NOT autonomy AND social AND NOT culture,autonomy;social;culture,010,0.817,0.363,44,15,0.652,0.114,0.051,0.128,0.2,0.095,0.037,3,-0.072,False,False,False,,True
held_up,3,social AND education AND NOT extracurricular,social;education;extracurricular,110,0.817,0.362,49,17,0.607,0.129,0.128,0.149,0.08,0.143,0.185,4,-0.072,False,False,False,,True
held_up,3,investment AND NOT social AND education,investment;social;education,101,0.817,0.361,38,10,0.526,0.076,0.077,0.106,0.04,0.048,0.037,4,-0.072,False,False,False,,True
held_up,3,NOT single_tax AND NOT autonomy AND social,single_tax;autonomy;social,001,0.817,0.359,44,15,0.652,0.114,0.051,0.149,0.2,0.048,0.037,2,-0.072,False,False,False,,False
held_up,3,NOT social AND NOT extracurricular AND balance,social;extracurricular;balance,001,0.817,0.355,38,9,0.391,0.068,0.154,0.021,0.04,0.048,0.185,3,-0.072,False,False,False,,True
held_up,3,NOT autonomy AND culture AND NOT small,autonomy;culture;small,010,0.817,0.354,32,7,0.389,0.053,0.051,0.043,0.0,0.143,0.074,3,-0.072,False,False,False,,True
held_up,3,property_tax AND NOT social AND NOT extracurricular,property_tax;social;extracurricular,100,0.817,0.352,37,6,0.353,0.045,0.051,0.021,0.04,0.095,0.074,3,-0.072,False,False,False,,True
held_up,3,single_tax AND NOT autonomy AND NOT small,single_tax;autonomy;small,100,0.817,0.351,25,3,0.214,0.023,0.026,0.0,0.04,0.048,0.037,3,-0.072,False,False,False,,True
held_up,3,NOT culture AND NOT education AND small,culture;education;small,001,0.817,0.346,32,7,0.389,0.053,0.051,0.043,0.04,0.095,0.074,4,-0.072,False,False,False,,True
held_up,3,single_tax AND NOT autonomy AND contestation,single_tax;autonomy;contestation,101,0.817,0.343,35,5,0.312,0.038,0.077,0.0,0.0,0.095,0.074,2,-0.072,False,False,False,,False
held_up,3,single_tax AND NOT culture AND NOT contestation,single_tax;culture;contestation,100,0.817,0.343,36,8,0.471,0.061,0.103,0.064,0.04,0.0,0.037,3,-0.072,False,False,False,,True
held_up,3,NOT payroll_pit AND education AND balance,payroll_pit;education;balance,011,0.817,0.34,26,5,0.417,0.038,0.026,0.021,0.04,0.095,0.037,4,-0.072,False,False,False,,True
held_up,3,NOT education AND NOT extracurricular AND small,education;extracurricular;small,001,0.817,0.34,40,8,0.381,0.061,0.051,0.064,0.04,0.095,0.074,4,-0.072,False,False,False,,True
held_up,3,NOT investment AND NOT extracurricular AND balance,investment;extracurricular;balance,001,0.817,0.338,34,7,0.412,0.053,0.051,0.021,0.08,0.095,0.074,3,-0.072,False,False,False,,True
held_up,3,single_tax AND NOT payroll_pit AND NOT contestation,single_tax;payroll_pit;contestation,100,0.817,0.333,34,6,0.4,0.045,0.026,0.043,0.04,0.095,0.037,4,-0.072,False,False,False,,True
held_up,3,NOT autonomy AND social AND NOT balance,autonomy;social;balance,010,0.817,0.332,38,11,0.579,0.083,0.077,0.149,0.0,0.048,0.037,3,-0.072,False,False,False,,True
held_up,3,NOT property_tax AND NOT social AND small,property_tax;social;small,001,0.817,0.331,36,7,0.35,0.053,0.077,0.064,0.04,0.0,0.111,3,-0.072,False,False,False,,True
held_up,3,single_tax AND NOT payroll_pit AND education,single_tax;payroll_pit;education,101,0.817,0.331,27,7,0.538,0.053,0.051,0.043,0.0,0.143,0.074,3,-0.072,False,False,False,,True
held_up,3,NOT property_tax AND NOT autonomy AND small,property_tax;autonomy;small,001,0.817,0.321,31,9,0.5,0.068,0.051,0.128,0.0,0.048,0.074,3,-0.072,False,False,False,,True
held_up,3,NOT single_tax AND payroll_pit AND autonomy,single_tax;payroll_pit;autonomy,011,0.816,0.426,69,15,0.484,0.114,0.103,0.085,0.08,0.238,0.111,4,-0.073,False,False,False,,True
held_up,3,NOT payroll_pit AND social AND extracurricular,payroll_pit;social;extracurricular,011,0.816,0.417,53,19,0.655,0.144,0.051,0.17,0.28,0.095,0.0,3,-0.073,False,False,False,,True
held_up,3,NOT property_tax AND extracurricular AND NOT balance,property_tax;extracurricular;balance,010,0.816,0.41,68,12,0.522,0.091,0.128,0.064,0.08,0.095,0.111,4,-0.073,False,False,False,,True
held_up,3,NOT single_tax AND autonomy AND NOT balance,single_tax;autonomy;balance,010,0.816,0.409,65,13,0.52,0.098,0.154,0.043,0.12,0.095,0.148,3,-0.073,False,False,False,,True
held_up,3,NOT investment AND social AND NOT education,investment;social;education,010,0.816,0.398,57,17,0.515,0.129,0.103,0.106,0.24,0.095,0.074,4,-0.073,False,False,False,,True
held_up,3,NOT single_tax AND payroll_pit AND NOT culture,single_tax;payroll_pit;culture,010,0.816,0.387,45,8,0.364,0.061,0.026,0.021,0.08,0.19,0.0,2,-0.073,False,False,False,,False
held_up,3,single_tax AND NOT balance AND NOT small,single_tax;balance;small,100,0.816,0.385,37,3,0.2,0.023,0.051,0.021,0.0,0.0,0.037,2,-0.073,False,False,False,,False
held_up,3,NOT local_tax_base AND culture AND NOT education,local_tax_base;culture;education,010,0.816,0.384,48,13,0.5,0.098,0.077,0.128,0.04,0.143,0.111,3,-0.073,False,False,False,,True
held_up,3,payroll_pit AND culture AND NOT education,payroll_pit;culture;education,110,0.816,0.38,45,7,0.368,0.053,0.077,0.043,0.0,0.095,0.111,3,-0.073,False,False,False,,True
held_up,3,NOT local_tax_base AND NOT property_tax AND education,local_tax_base;property_tax;education,001,0.816,0.377,47,10,0.435,0.076,0.128,0.085,0.0,0.048,0.111,3,-0.073,False,False,False,,True
held_up,3,local_tax_base AND payroll_pit AND NOT small,local_tax_base;payroll_pit;small,110,0.816,0.377,31,2,0.182,0.015,0.051,0.0,0.0,0.0,0.074,1,-0.073,False,False,False,,False
held_up,3,property_tax AND NOT extracurricular AND NOT small,property_tax;extracurricular;small,100,0.816,0.376,32,7,0.438,0.053,0.103,0.021,0.04,0.048,0.111,3,-0.073,False,False,False,,True
held_up,3,NOT payroll_pit AND culture AND NOT education,payroll_pit;culture;education,010,0.816,0.376,47,15,0.556,0.114,0.077,0.106,0.2,0.095,0.074,4,-0.073,False,False,False,,True
held_up,3,local_tax_base AND autonomy AND NOT investment,local_tax_base;autonomy;investment,110,0.816,0.373,40,9,0.5,0.068,0.051,0.064,0.12,0.048,0.074,4,-0.073,False,False,False,,True
held_up,3,culture AND NOT extracurricular AND contestation,culture;extracurricular;contestation,101,0.816,0.368,47,11,0.5,0.083,0.128,0.043,0.08,0.095,0.185,4,-0.073,False,False,False,,True
held_up,3,NOT property_tax AND NOT payroll_pit AND culture,property_tax;payroll_pit;culture,001,0.816,0.363,46,15,0.577,0.114,0.128,0.106,0.12,0.095,0.185,4,-0.073,False,False,False,,True
held_up,3,social AND NOT contestation AND small,social;contestation;small,101,0.816,0.357,49,17,0.654,0.129,0.103,0.213,0.08,0.048,0.148,3,-0.073,False,False,False,,True
held_up,3,single_tax AND NOT social AND NOT extracurricular,single_tax;social;extracurricular,100,0.816,0.354,44,6,0.316,0.045,0.103,0.021,0.04,0.0,0.074,2,-0.073,False,False,False,,False
held_up,3,investment AND NOT culture AND education,investment;culture;education,101,0.816,0.354,37,8,0.5,0.061,0.051,0.106,0.0,0.048,0.037,3,-0.073,False,False,False,,True
held_up,3,NOT local_tax_base AND NOT autonomy AND social,local_tax_base;autonomy;social,001,0.816,0.351,34,12,0.571,0.091,0.0,0.17,0.12,0.048,0.0,3,-0.073,False,False,False,,True
held_up,3,NOT property_tax AND NOT investment AND education,property_tax;investment;education,001,0.816,0.334,29,5,0.357,0.038,0.128,0.0,0.0,0.0,0.148,1,-0.073,False,False,False,,False
held_up,3,payroll_pit AND NOT culture AND NOT contestation,payroll_pit;culture;contestation,100,0.816,0.334,33,5,0.312,0.038,0.077,0.043,0.0,0.0,0.0,2,-0.073,False,False,False,,False
held_up,3,property_tax AND NOT autonomy AND NOT small,property_tax;autonomy;small,100,0.816,0.328,18,4,0.364,0.03,0.026,0.0,0.04,0.095,0.037,3,-0.073,False,False,False,,True
held_up,3,NOT payroll_pit AND NOT extracurricular AND small,payroll_pit;extracurricular;small,001,0.816,0.323,41,13,0.542,0.098,0.103,0.085,0.08,0.143,0.148,4,-0.073,False,False,False,,True
held_up,3,payroll_pit AND NOT autonomy AND small,payroll_pit;autonomy;small,101,0.816,0.305,27,5,0.385,0.038,0.026,0.085,0.0,0.0,0.0,2,-0.073,False,False,False,,False
held_up,3,NOT payroll_pit AND NOT investment AND small,payroll_pit;investment;small,001,0.816,0.305,27,9,0.529,0.068,0.051,0.085,0.04,0.095,0.074,4,-0.073,False,False,False,,True
held_up,3,NOT autonomy AND education AND NOT extracurricular,autonomy;education;extracurricular,010,0.816,0.305,29,6,0.4,0.045,0.026,0.085,0.0,0.048,0.037,3,-0.073,False,False,False,,True
held_up,3,local_tax_base AND NOT single_tax AND extracurricular,local_tax_base;single_tax;extracurricular,101,0.815,0.403,46,11,0.55,0.083,0.051,0.085,0.16,0.048,0.037,4,-0.074,False,False,False,,True
held_up,3,NOT property_tax AND culture AND extracurricular,property_tax;culture;extracurricular,011,0.815,0.396,49,15,0.536,0.114,0.077,0.106,0.08,0.238,0.074,4,-0.074,False,False,False,,True
held_up,3,social AND NOT education AND NOT extracurricular,social;education;extracurricular,100,0.815,0.395,47,12,0.545,0.091,0.077,0.085,0.12,0.095,0.074,4,-0.074,False,False,False,,True
held_up,3,NOT single_tax AND NOT extracurricular AND NOT balance,single_tax;extracurricular;balance,000,0.815,0.394,70,19,0.528,0.144,0.179,0.17,0.12,0.048,0.222,3,-0.074,False,False,False,,True
held_up,3,NOT extracurricular AND balance AND NOT small,extracurricular;balance;small,010,0.815,0.393,46,13,0.464,0.098,0.128,0.064,0.16,0.048,0.148,3,-0.074,False,False,False,,True
held_up,3,NOT local_tax_base AND social AND NOT balance,local_tax_base;social;balance,010,0.815,0.39,51,13,0.52,0.098,0.103,0.149,0.04,0.048,0.111,2,-0.074,False,False,False,,False
held_up,3,NOT local_tax_base AND NOT social AND NOT contestation,local_tax_base;social;contestation,000,0.815,0.383,58,15,0.556,0.114,0.077,0.128,0.16,0.095,0.037,4,-0.074,False,False,False,,True
held_up,3,NOT property_tax AND culture AND NOT education,property_tax;culture;education,010,0.815,0.383,48,14,0.519,0.106,0.051,0.106,0.12,0.19,0.074,3,-0.074,False,False,False,,True
held_up,3,property_tax AND NOT balance AND NOT small,property_tax;balance;small,100,0.815,0.381,37,3,0.188,0.023,0.051,0.0,0.0,0.048,0.037,2,-0.074,False,False,False,,False
held_up,3,NOT investment AND extracurricular AND NOT balance,investment;extracurricular;balance,010,0.815,0.375,51,9,0.45,0.068,0.077,0.043,0.08,0.095,0.074,4,-0.074,False,False,False,,True
held_up,3,investment AND extracurricular AND small,investment;extracurricular;small,111,0.815,0.368,37,9,0.5,0.068,0.077,0.085,0.04,0.048,0.074,4,-0.074,False,False,False,,True
held_up,3,NOT education AND NOT contestation AND NOT balance,education;contestation;balance,000,0.815,0.359,52,8,0.4,0.061,0.103,0.064,0.04,0.0,0.111,3,-0.074,False,False,False,,True
held_up,3,property_tax AND NOT social AND culture,property_tax;social;culture,101,0.815,0.353,28,8,0.571,0.061,0.051,0.064,0.04,0.095,0.037,4,-0.074,False,False,False,,True
held_up,3,NOT autonomy AND NOT extracurricular AND contestation,autonomy;extracurricular;contestation,001,0.815,0.351,41,8,0.364,0.061,0.051,0.085,0.08,0.0,0.074,3,-0.074,False,False,False,,True
held_up,3,extracurricular AND contestation AND small,extracurricular;contestation;small,111,0.815,0.351,33,3,0.188,0.023,0.026,0.021,0.0,0.048,0.0,3,-0.074,False,False,False,,True
held_up,3,NOT property_tax AND NOT contestation AND NOT balance,property_tax;contestation;balance,000,0.815,0.35,53,9,0.5,0.068,0.128,0.064,0.04,0.0,0.148,3,-0.074,False,False,False,,True
held_up,3,NOT payroll_pit AND social AND NOT contestation,payroll_pit;social;contestation,010,0.815,0.349,45,17,0.63,0.129,0.051,0.149,0.24,0.095,0.074,3,-0.074,False,False,False,,True
held_up,3,NOT extracurricular AND NOT contestation AND balance,extracurricular;contestation;balance,001,0.815,0.349,43,14,0.538,0.106,0.128,0.085,0.16,0.048,0.148,3,-0.074,False,False,False,,True
held_up,3,culture AND NOT extracurricular AND NOT contestation,culture;extracurricular;contestation,100,0.815,0.348,47,14,0.609,0.106,0.051,0.149,0.12,0.095,0.074,3,-0.074,False,False,False,,True
held_up,3,extracurricular AND NOT contestation AND small,extracurricular;contestation;small,101,0.815,0.348,33,10,0.588,0.076,0.051,0.128,0.04,0.048,0.074,4,-0.074,False,False,False,,True
held_up,3,local_tax_base AND NOT investment AND NOT extracurricular,local_tax_base;investment;extracurricular,100,0.815,0.347,40,10,0.5,0.076,0.051,0.064,0.12,0.095,0.074,4,-0.074,False,False,False,,True
held_up,3,single_tax AND NOT payroll_pit AND culture,single_tax;payroll_pit;culture,101,0.815,0.335,23,6,0.462,0.045,0.051,0.021,0.0,0.143,0.037,2,-0.074,False,False,False,,False
held_up,3,NOT culture AND NOT extracurricular AND small,culture;extracurricular;small,001,0.815,0.328,43,10,0.455,0.076,0.077,0.085,0.04,0.095,0.111,4,-0.074,False,False,False,,True
held_up,3,property_tax AND NOT payroll_pit AND NOT contestation,property_tax;payroll_pit;contestation,100,0.815,0.321,27,8,0.5,0.061,0.026,0.064,0.04,0.143,0.037,3,-0.074,False,False,False,,True
held_up,3,NOT social AND extracurricular AND contestation,social;extracurricular;contestation,011,0.814,0.466,81,20,0.571,0.152,0.154,0.17,0.04,0.238,0.111,3,-0.075,False,False,False,,True
held_up,3,NOT single_tax AND autonomy AND social,single_tax;autonomy;social,011,0.814,0.439,75,25,0.625,0.189,0.154,0.149,0.32,0.19,0.185,4,-0.075,False,False,False,,True
held_up,3,NOT local_tax_base AND investment AND NOT social,local_tax_base;investment;social,010,0.814,0.436,69,21,0.568,0.159,0.179,0.213,0.04,0.143,0.074,3,-0.075,False,False,False,,True
held_up,3,NOT property_tax AND social AND contestation,property_tax;social;contestation,011,0.814,0.426,55,17,0.607,0.129,0.051,0.17,0.16,0.143,0.037,3,-0.075,False,False,False,,True
held_up,3,autonomy AND NOT extracurricular AND contestation,autonomy;extracurricular;contestation,101,0.814,0.42,62,18,0.562,0.136,0.179,0.085,0.08,0.238,0.222,4,-0.075,False,False,False,,True
held_up,3,NOT social AND contestation AND NOT balance,social;contestation;balance,010,0.814,0.419,77,17,0.486,0.129,0.128,0.128,0.12,0.143,0.148,4,-0.075,False,False,False,,True
held_up,3,NOT single_tax AND investment AND social,single_tax;investment;social,011,0.814,0.417,69,23,0.676,0.174,0.128,0.17,0.28,0.143,0.148,4,-0.075,False,False,False,,True
held_up,3,property_tax AND autonomy AND NOT social,property_tax;autonomy;social,110,0.814,0.411,52,9,0.391,0.068,0.077,0.064,0.04,0.095,0.074,4,-0.075,False,False,False,,True
held_up,3,NOT property_tax AND single_tax AND autonomy,property_tax;single_tax;autonomy,011,0.814,0.409,57,12,0.462,0.091,0.154,0.106,0.0,0.048,0.037,3,-0.075,False,False,False,,True
held_up,3,NOT payroll_pit AND social AND NOT culture,payroll_pit;social;culture,010,0.814,0.409,53,17,0.63,0.129,0.051,0.149,0.24,0.095,0.037,3,-0.075,False,False,False,,True
held_up,3,NOT local_tax_base AND NOT social AND balance,local_tax_base;social;balance,001,0.814,0.408,60,19,0.613,0.144,0.128,0.17,0.08,0.19,0.074,4,-0.075,False,False,False,,True
held_up,3,NOT property_tax AND payroll_pit AND NOT education,property_tax;payroll_pit;education,010,0.814,0.404,54,14,0.538,0.106,0.077,0.106,0.08,0.19,0.0,4,-0.075,False,False,False,,True
held_up,3,NOT local_tax_base AND NOT property_tax AND culture,local_tax_base;property_tax;culture,001,0.814,0.396,54,16,0.533,0.121,0.154,0.106,0.04,0.19,0.185,3,-0.075,False,False,False,,True
held_up,3,autonomy AND balance AND small,autonomy;balance;small,111,0.814,0.396,61,15,0.484,0.114,0.154,0.043,0.12,0.19,0.222,3,-0.075,False,False,False,,True
held_up,3,social AND NOT education AND NOT balance,social;education;balance,100,0.814,0.395,52,11,0.478,0.083,0.103,0.106,0.04,0.048,0.074,3,-0.075,False,False,False,,True
held_up,3,NOT property_tax AND payroll_pit AND social,property_tax;payroll_pit;social,011,0.814,0.393,46,11,0.44,0.083,0.051,0.085,0.08,0.143,0.0,4,-0.075,False,False,False,,True
held_up,3,NOT payroll_pit AND social AND balance,payroll_pit;social;balance,011,0.814,0.392,54,20,0.588,0.152,0.026,0.128,0.44,0.095,0.0,3,-0.075,False,False,False,,True
held_up,3,culture AND NOT education AND contestation,culture;education;contestation,101,0.814,0.392,48,12,0.545,0.091,0.154,0.043,0.08,0.095,0.185,3,-0.075,False,False,False,,True
held_up,3,investment AND culture AND NOT education,investment;culture;education,110,0.814,0.391,52,10,0.476,0.076,0.077,0.043,0.04,0.19,0.074,4,-0.075,False,False,False,,True
held_up,3,single_tax AND NOT social AND balance,single_tax;social;balance,101,0.814,0.39,49,10,0.417,0.076,0.128,0.064,0.04,0.048,0.074,4,-0.075,False,False,False,,True
held_up,3,NOT payroll_pit AND culture AND NOT small,payroll_pit;culture;small,010,0.814,0.39,50,16,0.593,0.121,0.128,0.106,0.16,0.095,0.148,4,-0.075,False,False,False,,True
held_up,3,property_tax AND NOT single_tax AND extracurricular,property_tax;single_tax;extracurricular,101,0.814,0.388,48,8,0.4,0.061,0.0,0.064,0.08,0.143,0.0,3,-0.075,False,False,False,,True
held_up,3,property_tax AND NOT social AND contestation,property_tax;social;contestation,101,0.814,0.388,44,9,0.409,0.068,0.077,0.064,0.0,0.143,0.074,3,-0.075,False,False,False,,True
held_up,3,property_tax AND NOT social AND NOT education,property_tax;social;education,100,0.814,0.386,40,6,0.316,0.045,0.051,0.021,0.0,0.143,0.074,2,-0.075,False,False,False,,False
held_up,3,NOT property_tax AND education AND extracurricular,property_tax;education;extracurricular,011,0.814,0.378,41,8,0.421,0.061,0.077,0.064,0.0,0.095,0.037,3,-0.075,False,False,False,,True
held_up,3,NOT investment AND social AND NOT culture,investment;social;culture,010,0.814,0.375,44,10,0.435,0.076,0.077,0.043,0.12,0.095,0.037,4,-0.075,False,False,False,,True
held_up,3,extracurricular AND balance AND small,extracurricular;balance;small,111,0.814,0.373,38,6,0.316,0.045,0.051,0.043,0.04,0.048,0.074,4,-0.075,False,False,False,,True
held_up,3,property_tax AND NOT payroll_pit AND autonomy,property_tax;payroll_pit;autonomy,101,0.814,0.371,36,8,0.5,0.061,0.051,0.021,0.12,0.095,0.037,3,-0.075,False,False,False,,True
held_up,3,single_tax AND NOT education AND NOT extracurricular,single_tax;education;extracurricular,100,0.814,0.368,37,4,0.267,0.03,0.077,0.021,0.0,0.0,0.037,2,-0.075,False,False,False,,False
held_up,3,autonomy AND NOT extracurricular AND small,autonomy;extracurricular;small,101,0.814,0.368,68,19,0.576,0.144,0.128,0.106,0.16,0.238,0.185,4,-0.075,False,False,False,,True
held_up,3,autonomy AND NOT investment AND NOT contestation,autonomy;investment;contestation,100,0.814,0.362,49,10,0.385,0.076,0.077,0.085,0.12,0.0,0.037,3,-0.075,False,False,False,,True
held_up,3,property_tax AND NOT payroll_pit AND contestation,property_tax;payroll_pit;contestation,101,0.814,0.358,35,8,0.471,0.061,0.051,0.0,0.12,0.143,0.037,3,-0.075,False,False,False,,True
held_up,3,NOT social AND culture AND education,social;culture;education,011,0.814,0.356,33,7,0.5,0.053,0.051,0.043,0.04,0.095,0.037,4,-0.075,False,False,False,,True
held_up,3,NOT extracurricular AND NOT contestation AND NOT balance,extracurricular;contestation;balance,000,0.814,0.352,60,13,0.5,0.098,0.103,0.128,0.08,0.048,0.111,3,-0.075,False,False,False,,True
held_up,3,NOT social AND contestation AND small,social;contestation;small,011,0.814,0.347,43,8,0.364,0.061,0.051,0.106,0.0,0.048,0.074,3,-0.075,False,False,False,,True
held_up,3,local_tax_base AND NOT payroll_pit AND education,local_tax_base;payroll_pit;education,101,0.814,0.345,29,10,0.588,0.076,0.051,0.064,0.04,0.19,0.074,4,-0.075,False,False,False,,True
held_up,3,NOT property_tax AND single_tax AND NOT autonomy,property_tax;single_tax;autonomy,010,0.814,0.344,34,6,0.316,0.045,0.051,0.021,0.04,0.095,0.074,3,-0.075,False,False,False,,True
held_up,3,social AND NOT contestation AND NOT balance,social;contestation;balance,100,0.814,0.344,45,10,0.5,0.076,0.051,0.149,0.0,0.048,0.074,3,-0.075,False,False,False,,True
held_up,3,NOT social AND NOT balance AND small,social;balance;small,001,0.814,0.339,48,13,0.542,0.098,0.051,0.149,0.08,0.095,0.074,4,-0.075,False,False,False,,True
held_up,3,property_tax AND NOT single_tax AND NOT investment,property_tax;single_tax;investment,100,0.814,0.337,30,6,0.429,0.045,0.026,0.043,0.04,0.095,0.037,4,-0.075,False,False,False,,True
held_up,3,NOT social AND NOT contestation AND small,social;contestation;small,001,0.814,0.333,33,7,0.467,0.053,0.026,0.043,0.08,0.095,0.037,3,-0.075,False,False,False,,True
held_up,3,NOT culture AND NOT balance AND small,culture;balance;small,001,0.814,0.321,42,9,0.474,0.068,0.051,0.106,0.04,0.048,0.074,4,-0.075,False,False,False,,True
held_up,3,property_tax AND NOT payroll_pit AND NOT investment,property_tax;payroll_pit;investment,100,0.814,0.318,26,7,0.5,0.053,0.026,0.043,0.04,0.143,0.037,3,-0.075,False,False,False,,True
held_up,3,NOT payroll_pit AND NOT investment AND education,payroll_pit;investment;education,001,0.814,0.315,25,7,0.583,0.053,0.103,0.021,0.0,0.095,0.148,2,-0.075,False,False,False,,False
held_up,3,NOT single_tax AND NOT extracurricular AND NOT small,single_tax;extracurricular;small,000,0.813,0.44,71,22,0.595,0.167,0.205,0.149,0.24,0.048,0.259,3,-0.076,False,False,False,,True
held_up,3,autonomy AND extracurricular AND NOT balance,autonomy;extracurricular;balance,110,0.813,0.428,63,7,0.333,0.053,0.026,0.064,0.08,0.048,0.0,3,-0.076,False,False,False,,True
held_up,3,autonomy AND NOT investment AND NOT education,autonomy;investment;education,100,0.813,0.427,78,20,0.541,0.152,0.128,0.128,0.28,0.095,0.148,4,-0.076,False,False,False,,True
held_up,3,NOT property_tax AND NOT single_tax AND NOT extracurricular,property_tax;single_tax;extracurricular,000,0.813,0.418,74,24,0.585,0.182,0.179,0.213,0.24,0.048,0.259,3,-0.076,False,False,False,,True
held_up,3,education AND contestation AND NOT small,education;contestation;small,110,0.813,0.414,51,14,0.519,0.106,0.231,0.064,0.04,0.048,0.259,2,-0.076,False,False,False,,False
held_up,3,NOT local_tax_base AND NOT payroll_pit AND contestation,local_tax_base;payroll_pit;contestation,001,0.813,0.406,54,15,0.625,0.114,0.128,0.149,0.04,0.095,0.148,3,-0.076,False,False,False,,True
held_up,3,autonomy AND NOT investment AND NOT culture,autonomy;investment;culture,100,0.813,0.399,61,10,0.4,0.076,0.051,0.064,0.12,0.095,0.037,4,-0.076,False,False,False,,True
held_up,3,NOT property_tax AND payroll_pit AND balance,property_tax;payroll_pit;balance,011,0.813,0.397,48,14,0.5,0.106,0.103,0.106,0.04,0.19,0.0,3,-0.076,False,False,False,,True
held_up,3,NOT extracurricular AND contestation AND NOT balance,extracurricular;contestation;balance,010,0.813,0.396,58,15,0.517,0.114,0.128,0.149,0.08,0.048,0.148,3,-0.076,False,False,False,,True
held_up,3,NOT property_tax AND single_tax AND contestation,property_tax;single_tax;contestation,011,0.813,0.393,48,9,0.429,0.068,0.077,0.085,0.0,0.095,0.074,3,-0.076,False,False,False,,True
held_up,3,single_tax AND payroll_pit AND NOT social,single_tax;payroll_pit;social,110,0.813,0.393,52,11,0.478,0.083,0.128,0.106,0.04,0.0,0.037,2,-0.076,False,False,False,,False
held_up,3,social AND culture AND NOT extracurricular,social;culture;extracurricular,110,0.813,0.393,63,21,0.656,0.159,0.154,0.17,0.16,0.143,0.222,4,-0.076,False,False,False,,True
held_up,3,NOT property_tax AND NOT investment AND social,property_tax;investment;social,001,0.813,0.386,52,15,0.5,0.114,0.128,0.085,0.2,0.048,0.074,3,-0.076,False,False,False,,True
held_up,3,social AND balance AND small,social;balance;small,111,0.813,0.385,52,16,0.552,0.121,0.128,0.085,0.12,0.19,0.185,4,-0.076,False,False,False,,True
held_up,3,NOT social AND culture AND balance,social;culture;balance,011,0.813,0.381,42,11,0.44,0.083,0.077,0.043,0.04,0.238,0.074,3,-0.076,False,False,False,,True
held_up,3,local_tax_base AND social AND NOT culture,local_tax_base;social;culture,110,0.813,0.377,35,7,0.467,0.053,0.051,0.043,0.08,0.048,0.037,4,-0.076,False,False,False,,True
held_up,3,NOT extracurricular AND contestation AND balance,extracurricular;contestation;balance,011,0.813,0.377,45,11,0.44,0.083,0.103,0.021,0.08,0.19,0.148,3,-0.076,False,False,False,,True
held_up,3,NOT education AND NOT extracurricular AND balance,education;extracurricular;balance,001,0.813,0.376,46,13,0.481,0.098,0.128,0.043,0.16,0.095,0.148,3,-0.076,False,False,False,,True
held_up,3,property_tax AND NOT single_tax AND social,property_tax;single_tax;social,101,0.813,0.375,50,13,0.542,0.098,0.103,0.064,0.16,0.095,0.111,4,-0.076,False,False,False,,True
held_up,3,single_tax AND contestation AND NOT balance,single_tax;contestation;balance,110,0.813,0.374,43,5,0.294,0.038,0.077,0.043,0.0,0.0,0.074,2,-0.076,False,False,False,,False
held_up,3,NOT property_tax AND NOT autonomy AND social,property_tax;autonomy;social,001,0.813,0.372,48,16,0.615,0.121,0.051,0.17,0.16,0.095,0.037,3,-0.076,False,False,False,,True
held_up,3,NOT single_tax AND NOT extracurricular AND NOT contestation,single_tax;extracurricular;contestation,000,0.813,0.363,54,16,0.571,0.121,0.154,0.106,0.16,0.048,0.222,3,-0.076,False,False,False,,True
held_up,3,NOT autonomy AND NOT education AND NOT balance,autonomy;education;balance,000,0.813,0.363,60,15,0.5,0.114,0.128,0.128,0.08,0.095,0.148,4,-0.076,False,False,False,,True
held_up,3,NOT autonomy AND social AND contestation,autonomy;social;contestation,011,0.813,0.36,39,8,0.421,0.061,0.051,0.064,0.08,0.048,0.0,4,-0.076,False,False,False,,True
held_up,3,property_tax AND NOT payroll_pit AND NOT social,property_tax;payroll_pit;social,100,0.813,0.357,35,8,0.421,0.061,0.051,0.021,0.0,0.238,0.074,2,-0.076,False,False,False,,False
held_up,3,single_tax AND NOT education AND NOT contestation,single_tax;education;contestation,100,0.813,0.354,41,6,0.286,0.045,0.103,0.021,0.04,0.0,0.037,2,-0.076,False,False,False,,False
held_up,3,single_tax AND NOT social AND NOT contestation,single_tax;social;contestation,100,0.813,0.352,39,8,0.421,0.061,0.077,0.043,0.08,0.048,0.037,4,-0.076,False,False,False,,True
held_up,3,NOT local_tax_base AND property_tax AND NOT investment,local_tax_base;property_tax;investment,010,0.813,0.349,33,9,0.529,0.068,0.077,0.085,0.0,0.095,0.111,3,-0.076,False,False,False,,True
held_up,3,local_tax_base AND payroll_pit AND NOT balance,local_tax_base;payroll_pit;balance,110,0.813,0.347,41,3,0.214,0.023,0.026,0.043,0.0,0.0,0.0,2,-0.076,False,False,False,,False
held_up,3,NOT single_tax AND NOT contestation AND NOT balance,single_tax;contestation;balance,000,0.813,0.347,51,8,0.444,0.061,0.103,0.064,0.04,0.0,0.148,3,-0.076,False,False,False,,True
held_up,3,NOT property_tax AND NOT payroll_pit AND education,property_tax;payroll_pit;education,001,0.813,0.338,33,8,0.615,0.061,0.103,0.064,0.0,0.048,0.148,3,-0.076,False,False,False,,True
held_up,3,NOT autonomy AND investment AND culture,autonomy;investment;culture,011,0.813,0.337,32,10,0.526,0.076,0.051,0.106,0.0,0.143,0.037,3,-0.076,False,False,False,,True
held_up,3,property_tax AND NOT payroll_pit AND culture,property_tax;payroll_pit;culture,101,0.813,0.327,23,9,0.6,0.068,0.026,0.043,0.12,0.143,0.0,3,-0.076,False,False,False,,True
held_up,3,NOT property_tax AND NOT payroll_pit AND small,property_tax;payroll_pit;small,001,0.813,0.324,32,11,0.55,0.083,0.103,0.106,0.04,0.048,0.148,3,-0.076,False,False,False,,True
held_up,3,extracurricular AND NOT balance AND small,extracurricular;balance;small,101,0.813,0.32,28,7,0.5,0.053,0.026,0.106,0.0,0.048,0.0,2,-0.076,False,False,False,,False
held_up,3,single_tax AND NOT autonomy AND NOT balance,single_tax;autonomy;balance,100,0.813,0.319,32,9,0.529,0.068,0.077,0.085,0.0,0.095,0.074,3,-0.076,False,False,False,,True
held_up,3,autonomy AND investment AND NOT social,autonomy;investment;social,110,0.812,0.47,82,21,0.568,0.159,0.231,0.17,0.04,0.143,0.148,3,-0.077,False,False,False,,True
held_up,3,NOT property_tax AND NOT single_tax AND autonomy,property_tax;single_tax;autonomy,001,0.812,0.455,78,26,0.667,0.197,0.154,0.191,0.32,0.143,0.185,4,-0.077,False,False,False,,True
held_up,3,NOT payroll_pit AND autonomy AND NOT culture,payroll_pit;autonomy;culture,010,0.812,0.443,66,15,0.577,0.114,0.128,0.128,0.12,0.048,0.148,3,-0.077,False,False,False,,True
held_up,3,NOT investment AND NOT social AND extracurricular,investment;social;extracurricular,001,0.812,0.42,74,19,0.576,0.144,0.077,0.191,0.16,0.143,0.111,4,-0.077,False,False,False,,True
held_up,3,NOT property_tax AND investment AND social,property_tax;investment;social,011,0.812,0.419,54,19,0.655,0.144,0.026,0.213,0.16,0.19,0.037,3,-0.077,False,False,False,,True
held_up,3,NOT local_tax_base AND NOT investment AND contestation,local_tax_base;investment;contestation,001,0.812,0.418,67,17,0.586,0.129,0.154,0.106,0.08,0.19,0.222,4,-0.077,False,False,False,,True
held_up,3,social AND culture AND NOT education,social;culture;education,110,0.812,0.4,55,11,0.458,0.083,0.077,0.085,0.16,0.0,0.074,3,-0.077,False,False,False,,True
held_up,3,NOT investment AND NOT social AND contestation,investment;social;contestation,001,0.812,0.397,61,14,0.538,0.106,0.103,0.128,0.08,0.095,0.148,4,-0.077,False,False,False,,True
held_up,3,NOT property_tax AND payroll_pit AND NOT culture,property_tax;payroll_pit;culture,010,0.812,0.394,54,14,0.5,0.106,0.103,0.128,0.08,0.095,0.0,4,-0.077,False,False,False,,True
held_up,3,NOT local_tax_base AND NOT payroll_pit AND investment,local_tax_base;payroll_pit;investment,001,0.812,0.39,58,19,0.633,0.144,0.077,0.234,0.12,0.095,0.074,4,-0.077,False,False,False,,True
held_up,3,NOT property_tax AND single_tax AND social,property_tax;single_tax;social,011,0.812,0.386,37,7,0.35,0.053,0.051,0.064,0.0,0.095,0.0,3,-0.077,False,False,False,,True
held_up,3,property_tax AND NOT social AND NOT culture,property_tax;social;culture,100,0.812,0.383,44,7,0.333,0.053,0.051,0.043,0.0,0.143,0.074,3,-0.077,False,False,False,,True
held_up,3,autonomy AND education AND NOT contestation,autonomy;education;contestation,110,0.812,0.382,58,16,0.571,0.121,0.128,0.128,0.12,0.095,0.148,4,-0.077,False,False,False,,True
held_up,3,NOT local_tax_base AND NOT autonomy AND NOT social,local_tax_base;autonomy;social,000,0.812,0.377,53,12,0.5,0.091,0.051,0.106,0.04,0.19,0.074,3,-0.077,False,False,False,,True
held_up,3,NOT contestation AND NOT balance AND NOT small,contestation;balance;small,000,0.812,0.374,52,6,0.375,0.045,0.103,0.043,0.0,0.0,0.111,2,-0.077,False,False,False,,False
held_up,3,payroll_pit AND culture AND NOT balance,payroll_pit;culture;balance,110,0.812,0.367,50,11,0.5,0.083,0.051,0.17,0.04,0.0,0.037,2,-0.077,False,False,False,,False
held_up,3,autonomy AND NOT investment AND education,autonomy;investment;education,101,0.812,0.363,43,10,0.455,0.076,0.128,0.085,0.0,0.048,0.148,3,-0.077,False,False,False,,True
held_up,3,social AND NOT extracurricular AND NOT contestation,social;extracurricular;contestation,100,0.812,0.357,47,15,0.625,0.114,0.077,0.17,0.12,0.048,0.111,3,-0.077,False,False,False,,True
held_up,3,NOT social AND NOT culture AND small,social;culture;small,001,0.812,0.351,45,9,0.391,0.068,0.077,0.085,0.04,0.048,0.111,4,-0.077,False,False,False,,True
held_up,3,property_tax AND NOT social AND small,property_tax;social;small,101,0.812,0.345,40,8,0.471,0.061,0.0,0.085,0.04,0.143,0.0,3,-0.077,False,False,False,,True
held_up,3,local_tax_base AND payroll_pit AND NOT extracurricular,local_tax_base;payroll_pit;extracurricular,110,0.812,0.344,42,7,0.412,0.053,0.051,0.064,0.0,0.095,0.074,3,-0.077,False,False,False,,True
held_up,3,NOT property_tax AND culture AND NOT contestation,property_tax;culture;contestation,010,0.812,0.343,44,12,0.462,0.091,0.051,0.106,0.08,0.143,0.037,4,-0.077,False,False,False,,True
held_up,3,single_tax AND NOT payroll_pit AND NOT autonomy,single_tax;payroll_pit;autonomy,100,0.812,0.343,34,9,0.429,0.068,0.051,0.043,0.04,0.19,0.074,4,-0.077,False,False,False,,True
held_up,3,payroll_pit AND NOT contestation AND NOT balance,payroll_pit;contestation;balance,100,0.812,0.342,45,9,0.429,0.068,0.026,0.149,0.04,0.0,0.0,2,-0.077,False,False,False,,False
held_up,3,NOT autonomy AND NOT investment AND NOT balance,autonomy;investment;balance,000,0.812,0.341,46,11,0.5,0.083,0.103,0.064,0.04,0.143,0.111,3,-0.077,False,False,False,,True
held_up,3,NOT social AND education AND NOT contestation,social;education;contestation,010,0.812,0.336,30,5,0.417,0.038,0.0,0.043,0.04,0.095,0.0,3,-0.077,False,False,False,,True
held_up,3,NOT autonomy AND education AND contestation,autonomy;education;contestation,011,0.812,0.332,34,6,0.4,0.045,0.077,0.043,0.0,0.048,0.074,3,-0.077,False,False,False,,True
held_up,3,contestation AND NOT balance AND small,contestation;balance;small,101,0.812,0.329,40,9,0.45,0.068,0.077,0.106,0.0,0.048,0.074,3,-0.077,False,False,False,,True
held_up,3,education AND NOT extracurricular AND NOT contestation,education;extracurricular;contestation,100,0.812,0.327,40,12,0.6,0.091,0.051,0.128,0.08,0.095,0.074,4,-0.077,False,False,False,,True
held_up,3,NOT investment AND culture AND NOT balance,investment;culture;balance,010,0.812,0.325,37,7,0.467,0.053,0.077,0.043,0.0,0.095,0.111,3,-0.077,False,False,False,,True
held_up,3,local_tax_base AND payroll_pit AND NOT autonomy,local_tax_base;payroll_pit;autonomy,110,0.812,0.318,24,3,0.273,0.023,0.026,0.043,0.0,0.0,0.0,2,-0.077,False,False,False,,False
held_up,3,NOT payroll_pit AND education AND NOT contestation,payroll_pit;education;contestation,010,0.812,0.315,29,7,0.583,0.053,0.026,0.064,0.0,0.143,0.037,2,-0.077,False,False,False,,False
held_up,3,local_tax_base AND NOT property_tax AND small,local_tax_base;property_tax;small,101,0.812,0.313,24,6,0.429,0.045,0.051,0.064,0.0,0.048,0.074,3,-0.077,False,False,False,,True
held_up,3,property_tax AND NOT autonomy AND NOT balance,property_tax;autonomy;balance,100,0.812,0.308,33,9,0.474,0.068,0.026,0.106,0.0,0.143,0.0,2,-0.077,False,False,False,,False
held_up,3,NOT payroll_pit AND autonomy AND NOT small,payroll_pit;autonomy;small,010,0.811,0.468,79,22,0.629,0.167,0.179,0.191,0.24,0.0,0.185,3,-0.078,False,False,False,,True
held_up,3,NOT local_tax_base AND NOT social AND extracurricular,local_tax_base;social;extracurricular,001,0.811,0.467,86,22,0.595,0.167,0.128,0.191,0.12,0.238,0.074,4,-0.078,False,False,False,,True
held_up,3,NOT property_tax AND autonomy AND social,property_tax;autonomy;social,011,0.811,0.429,58,18,0.545,0.136,0.103,0.128,0.2,0.143,0.074,4,-0.078,False,False,False,,True
held_up,3,autonomy AND education AND NOT small,autonomy;education;small,110,0.811,0.427,62,18,0.529,0.136,0.231,0.106,0.08,0.095,0.222,4,-0.078,False,False,False,,True
held_up,3,NOT single_tax AND social AND contestation,single_tax;social;contestation,011,0.811,0.426,70,23,0.657,0.174,0.128,0.149,0.28,0.19,0.111,4,-0.078,False,False,False,,True
held_up,3,NOT single_tax AND NOT payroll_pit AND social,single_tax;payroll_pit;social,001,0.811,0.412,66,27,0.711,0.205,0.103,0.234,0.44,0.048,0.111,3,-0.078,False,False,False,,True
held_up,3,investment AND social AND NOT extracurricular,investment;social;extracurricular,110,0.811,0.409,61,19,0.613,0.144,0.154,0.17,0.12,0.095,0.185,4,-0.078,False,False,False,,True
held_up,3,local_tax_base AND autonomy AND NOT balance,local_tax_base;autonomy;balance,110,0.811,0.397,51,3,0.2,0.023,0.026,0.021,0.0,0.048,0.037,3,-0.078,False,False,False,,True
held_up,3,payroll_pit AND social AND NOT extracurricular,payroll_pit;social;extracurricular,110,0.811,0.393,62,17,0.548,0.129,0.128,0.149,0.04,0.19,0.148,3,-0.078,False,False,False,,True
held_up,3,local_tax_base AND NOT payroll_pit AND social,local_tax_base;payroll_pit;social,101,0.811,0.392,48,15,0.625,0.114,0.077,0.064,0.28,0.095,0.037,4,-0.078,False,False,False,,True
held_up,3,payroll_pit AND NOT investment AND NOT small,payroll_pit;investment;small,100,0.811,0.39,59,12,0.4,0.091,0.179,0.064,0.04,0.048,0.185,3,-0.078,False,False,False,,True
held_up,3,property_tax AND NOT single_tax AND investment,property_tax;single_tax;investment,101,0.811,0.386,54,14,0.5,0.106,0.128,0.043,0.12,0.19,0.148,3,-0.078,False,False,False,,True
held_up,3,NOT property_tax AND single_tax AND payroll_pit,property_tax;single_tax;payroll_pit,011,0.811,0.385,49,11,0.423,0.083,0.128,0.106,0.0,0.048,0.0,3,-0.078,False,False,False,,True
held_up,3,autonomy AND NOT culture AND NOT contestation,autonomy;culture;contestation,100,0.811,0.383,56,11,0.393,0.083,0.154,0.064,0.08,0.0,0.111,3,-0.078,False,False,False,,True
held_up,3,autonomy AND contestation AND small,autonomy;contestation;small,111,0.811,0.378,53,10,0.37,0.076,0.051,0.064,0.04,0.19,0.074,4,-0.078,False,False,False,,True
held_up,3,NOT payroll_pit AND culture AND balance,payroll_pit;culture;balance,011,0.811,0.368,42,17,0.567,0.129,0.051,0.128,0.24,0.143,0.037,3,-0.078,False,False,False,,True
held_up,3,NOT culture AND education AND balance,culture;education;balance,011,0.811,0.366,37,6,0.3,0.045,0.051,0.064,0.0,0.048,0.037,3,-0.078,False,False,False,,True
held_up,3,NOT local_tax_base AND NOT autonomy AND investment,local_tax_base;autonomy;investment,001,0.811,0.364,46,15,0.577,0.114,0.026,0.191,0.08,0.143,0.037,3,-0.078,False,False,False,,True
held_up,3,NOT local_tax_base AND NOT payroll_pit AND NOT contestation,local_tax_base;payroll_pit;contestation,000,0.811,0.363,62,21,0.636,0.159,0.051,0.213,0.28,0.095,0.074,3,-0.078,False,False,False,,True
held_up,3,property_tax AND NOT payroll_pit AND investment,property_tax;payroll_pit;investment,101,0.811,0.358,36,9,0.474,0.068,0.051,0.021,0.12,0.143,0.037,3,-0.078,False,False,False,,True
held_up,3,NOT property_tax AND NOT extracurricular AND balance,property_tax;extracurricular;balance,001,0.811,0.355,40,10,0.4,0.076,0.103,0.043,0.12,0.048,0.111,4,-0.078,False,False,False,,True
held_up,3,NOT property_tax AND single_tax AND NOT investment,property_tax;single_tax;investment,010,0.811,0.354,39,7,0.368,0.053,0.103,0.043,0.04,0.0,0.074,3,-0.078,False,False,False,,True
held_up,3,NOT local_tax_base AND property_tax AND NOT contestation,local_tax_base;property_tax;contestation,010,0.811,0.35,33,10,0.556,0.076,0.026,0.128,0.12,0.0,0.037,2,-0.078,False,False,False,,False
held_up,3,culture AND extracurricular AND NOT balance,culture;extracurricular;balance,110,0.811,0.35,35,8,0.471,0.061,0.077,0.085,0.0,0.048,0.074,3,-0.078,False,False,False,,True
held_up,3,NOT extracurricular AND NOT balance AND small,extracurricular;balance;small,001,0.811,0.346,61,16,0.516,0.121,0.077,0.191,0.08,0.095,0.111,4,-0.078,False,False,False,,True
held_up,3,property_tax AND NOT social AND NOT contestation,property_tax;social;contestation,100,0.811,0.343,28,6,0.462,0.045,0.026,0.043,0.04,0.095,0.037,4,-0.078,False,False,False,,True
held_up,3,NOT payroll_pit AND NOT social AND small,payroll_pit;social;small,001,0.811,0.335,42,11,0.458,0.083,0.077,0.085,0.04,0.143,0.111,3,-0.078,False,False,False,,True
held_up,3,payroll_pit AND NOT autonomy AND social,payroll_pit;autonomy;social,101,0.811,0.334,29,4,0.25,0.03,0.026,0.064,0.0,0.0,0.0,2,-0.078,False,False,False,,False
held_up,3,property_tax AND NOT payroll_pit AND NOT autonomy,property_tax;payroll_pit;autonomy,100,0.811,0.321,26,8,0.471,0.061,0.026,0.043,0.04,0.19,0.037,3,-0.078,False,False,False,,True
held_up,3,NOT autonomy AND NOT extracurricular AND small,autonomy;extracurricular;small,001,0.811,0.306,35,9,0.429,0.068,0.051,0.128,0.0,0.048,0.074,3,-0.078,False,False,False,,True
held_up,3,autonomy AND NOT investment AND contestation,autonomy;investment;contestation,101,0.81,0.425,72,20,0.606,0.152,0.179,0.128,0.16,0.143,0.259,4,-0.079,False,False,False,,True
held_up,3,NOT payroll_pit AND social AND NOT education,payroll_pit;social;education,010,0.81,0.423,64,24,0.632,0.182,0.077,0.213,0.4,0.048,0.037,2,-0.079,False,False,False,,False
held_up,3,investment AND education AND NOT small,investment;education;small,110,0.81,0.41,47,13,0.565,0.098,0.128,0.085,0.08,0.095,0.111,4,-0.079,False,False,False,,True
held_up,3,NOT property_tax AND NOT payroll_pit AND social,property_tax;payroll_pit;social,001,0.81,0.406,60,23,0.676,0.174,0.103,0.213,0.28,0.095,0.111,4,-0.079,False,False,False,,True
held_up,3,local_tax_base AND autonomy AND NOT contestation,local_tax_base;autonomy;contestation,110,0.81,0.387,54,9,0.429,0.068,0.103,0.043,0.08,0.048,0.148,4,-0.079,False,False,False,,True
held_up,3,investment AND NOT extracurricular AND balance,investment;extracurricular;balance,101,0.81,0.384,54,18,0.529,0.136,0.179,0.085,0.16,0.143,0.222,4,-0.079,False,False,False,,True
held_up,3,NOT culture AND education AND NOT small,culture;education;small,010,0.81,0.377,29,4,0.286,0.03,0.051,0.043,0.0,0.0,0.037,2,-0.079,False,False,False,,False
held_up,3,property_tax AND single_tax AND NOT social,property_tax;single_tax;social,110,0.81,0.374,38,8,0.471,0.061,0.051,0.085,0.04,0.048,0.037,4,-0.079,False,False,False,,True
held_up,3,NOT local_tax_base AND single_tax AND NOT investment,local_tax_base;single_tax;investment,010,0.81,0.369,45,9,0.409,0.068,0.154,0.064,0.0,0.0,0.148,2,-0.079,False,False,False,,False
held_up,3,NOT local_tax_base AND payroll_pit AND small,local_tax_base;payroll_pit;small,011,0.81,0.368,51,12,0.444,0.091,0.051,0.149,0.08,0.048,0.074,4,-0.079,False,False,False,,True
held_up,3,local_tax_base AND culture AND NOT education,local_tax_base;culture;education,110,0.81,0.368,44,9,0.45,0.068,0.077,0.021,0.16,0.048,0.074,3,-0.079,False,False,False,,True
held_up,3,NOT property_tax AND single_tax AND culture,property_tax;single_tax;culture,011,0.81,0.36,36,4,0.235,0.03,0.051,0.0,0.0,0.095,0.037,2,-0.079,False,False,False,,False
held_up,3,NOT autonomy AND extracurricular AND NOT balance,autonomy;extracurricular;balance,010,0.81,0.359,50,13,0.565,0.098,0.128,0.106,0.0,0.143,0.111,3,-0.079,False,False,False,,True
held_up,3,NOT local_tax_base AND education AND small,local_tax_base;education;small,011,0.81,0.357,53,12,0.48,0.091,0.077,0.149,0.08,0.0,0.111,3,-0.079,False,False,False,,True
held_up,3,NOT investment AND NOT social AND NOT contestation,investment;social;contestation,000,0.81,0.357,47,11,0.478,0.083,0.051,0.085,0.16,0.048,0.074,4,-0.079,False,False,False,,True
held_up,3,social AND contestation AND small,social;contestation;small,111,0.81,0.357,44,9,0.375,0.068,0.077,0.021,0.04,0.19,0.074,3,-0.079,False,False,False,,True
held_up,3,NOT payroll_pit AND NOT extracurricular AND balance,payroll_pit;extracurricular;balance,001,0.81,0.355,45,13,0.448,0.098,0.128,0.043,0.2,0.048,0.185,2,-0.079,False,False,False,,False
held_up,3,social AND NOT culture AND NOT contestation,social;culture;contestation,100,0.81,0.355,44,10,0.435,0.076,0.051,0.064,0.16,0.048,0.037,4,-0.079,False,False,False,,True
held_up,3,NOT property_tax AND NOT culture AND education,property_tax;culture;education,001,0.81,0.354,35,7,0.438,0.053,0.051,0.085,0.0,0.048,0.037,3,-0.079,False,False,False,,True
held_up,3,NOT local_tax_base AND NOT culture AND education,local_tax_base;culture;education,001,0.81,0.349,34,5,0.333,0.038,0.026,0.085,0.0,0.0,0.0,2,-0.079,False,False,False,,False
held_up,3,payroll_pit AND NOT extracurricular AND small,payroll_pit;extracurricular;small,101,0.81,0.348,62,15,0.5,0.114,0.077,0.149,0.08,0.143,0.111,4,-0.079,False,False,False,,True
held_up,3,local_tax_base AND NOT investment AND NOT balance,local_tax_base;investment;balance,100,0.81,0.347,41,9,0.474,0.068,0.077,0.064,0.04,0.095,0.074,4,-0.079,False,False,False,,True
held_up,3,property_tax AND NOT culture AND NOT extracurricular,property_tax;culture;extracurricular,100,0.81,0.345,33,5,0.278,0.038,0.077,0.0,0.0,0.095,0.074,2,-0.079,False,False,False,,False
held_up,3,local_tax_base AND NOT education AND small,local_tax_base;education;small,101,0.81,0.34,37,5,0.294,0.038,0.026,0.043,0.04,0.048,0.037,4,-0.079,False,False,False,,True
held_up,3,property_tax AND NOT investment AND NOT culture,property_tax;investment;culture,100,0.81,0.332,30,5,0.417,0.038,0.051,0.021,0.0,0.095,0.074,3,-0.079,False,False,False,,True
held_up,3,NOT autonomy AND NOT social AND education,autonomy;social;education,001,0.81,0.332,29,7,0.5,0.053,0.051,0.085,0.0,0.048,0.074,3,-0.079,False,False,False,,True
held_up,3,property_tax AND NOT investment AND NOT balance,property_tax;investment;balance,100,0.81,0.331,35,5,0.312,0.038,0.0,0.064,0.0,0.095,0.0,2,-0.079,False,False,False,,False
held_up,3,social AND NOT balance AND small,social;balance;small,101,0.81,0.328,41,10,0.476,0.076,0.051,0.149,0.0,0.048,0.037,3,-0.079,False,False,False,,True
held_up,3,autonomy AND NOT social AND NOT culture,autonomy;social;culture,100,0.809,0.472,90,19,0.514,0.144,0.205,0.17,0.08,0.048,0.148,3,-0.08,False,False,False,,True
held_up,3,NOT single_tax AND contestation AND balance,single_tax;contestation;balance,011,0.809,0.423,65,21,0.618,0.159,0.077,0.149,0.24,0.238,0.111,3,-0.08,False,False,False,,True
held_up,3,NOT property_tax AND NOT single_tax AND social,property_tax;single_tax;social,001,0.809,0.422,69,27,0.692,0.205,0.103,0.234,0.36,0.143,0.111,4,-0.08,False,False,False,,True
held_up,3,NOT local_tax_base AND culture AND contestation,local_tax_base;culture;contestation,011,0.809,0.419,61,18,0.581,0.136,0.282,0.085,0.04,0.095,0.37,3,-0.08,False,False,False,,True
held_up,3,local_tax_base AND NOT payroll_pit AND autonomy,local_tax_base;payroll_pit;autonomy,101,0.809,0.417,57,14,0.56,0.106,0.103,0.064,0.2,0.095,0.111,4,-0.08,False,False,False,,True
held_up,3,NOT social AND contestation AND balance,social;contestation;balance,011,0.809,0.417,58,15,0.536,0.114,0.128,0.149,0.0,0.143,0.111,3,-0.08,False,False,False,,True
held_up,3,NOT single_tax AND social AND balance,single_tax;social;balance,011,0.809,0.416,71,27,0.643,0.205,0.051,0.191,0.48,0.19,0.074,3,-0.08,False,False,False,,True
held_up,3,NOT single_tax AND NOT social AND NOT extracurricular,single_tax;social;extracurricular,000,0.809,0.415,66,18,0.486,0.136,0.154,0.128,0.16,0.095,0.222,4,-0.08,False,False,False,,True
held_up,3,NOT property_tax AND NOT investment AND contestation,property_tax;investment;contestation,001,0.809,0.413,69,20,0.625,0.152,0.128,0.17,0.2,0.095,0.148,4,-0.08,False,False,False,,True
held_up,3,local_tax_base AND autonomy AND NOT social,local_tax_base;autonomy;social,110,0.809,0.409,57,8,0.381,0.061,0.103,0.043,0.0,0.095,0.148,3,-0.08,False,False,False,,True
held_up,3,NOT autonomy AND NOT social AND extracurricular,autonomy;social;extracurricular,001,0.809,0.408,60,19,0.594,0.144,0.077,0.149,0.08,0.333,0.111,4,-0.08,False,False,False,,True
held_up,3,NOT property_tax AND culture AND NOT small,property_tax;culture;small,010,0.809,0.406,60,18,0.529,0.136,0.128,0.106,0.12,0.238,0.148,4,-0.08,False,False,False,,True
held_up,3,culture AND NOT education AND extracurricular,culture;education;extracurricular,101,0.809,0.406,56,16,0.485,0.121,0.103,0.106,0.12,0.19,0.111,4,-0.08,False,False,False,,True
held_up,3,NOT autonomy AND NOT culture AND contestation,autonomy;culture;contestation,001,0.809,0.403,66,20,0.556,0.152,0.077,0.191,0.16,0.19,0.074,4,-0.08,False,False,False,,True
held_up,3,NOT local_tax_base AND NOT property_tax AND single_tax,local_tax_base;property_tax;single_tax,001,0.809,0.4,55,12,0.414,0.091,0.154,0.106,0.0,0.048,0.037,3,-0.08,False,False,False,,True
held_up,3,NOT autonomy AND extracurricular AND contestation,autonomy;extracurricular;contestation,011,0.809,0.399,60,16,0.533,0.121,0.103,0.106,0.08,0.238,0.074,4,-0.08,False,False,False,,True
held_up,3,NOT payroll_pit AND NOT extracurricular AND contestation,payroll_pit;extracurricular;contestation,001,0.809,0.398,56,15,0.484,0.114,0.128,0.106,0.16,0.048,0.185,3,-0.08,False,False,False,,True
held_up,3,payroll_pit AND NOT culture AND balance,payroll_pit;culture;balance,101,0.809,0.397,52,14,0.519,0.106,0.128,0.106,0.04,0.143,0.037,3,-0.08,False,False,False,,True
held_up,3,social AND contestation AND NOT balance,social;contestation;balance,110,0.809,0.397,53,11,0.478,0.083,0.128,0.085,0.04,0.048,0.074,3,-0.08,False,False,False,,True
held_up,3,NOT autonomy AND NOT education AND contestation,autonomy;education;contestation,001,0.809,0.396,67,18,0.486,0.136,0.077,0.149,0.16,0.19,0.074,4,-0.08,False,False,False,,True
held_up,3,property_tax AND investment AND NOT social,property_tax;investment;social,110,0.809,0.394,44,10,0.417,0.076,0.051,0.085,0.04,0.143,0.037,4,-0.08,False,False,False,,True
held_up,3,local_tax_base AND NOT property_tax AND contestation,local_tax_base;property_tax;contestation,101,0.809,0.391,52,15,0.6,0.114,0.077,0.128,0.16,0.095,0.074,4,-0.08,False,False,False,,True
held_up,3,autonomy AND NOT investment AND culture,autonomy;investment;culture,101,0.809,0.39,60,20,0.588,0.152,0.205,0.149,0.16,0.048,0.259,3,-0.08,False,False,False,,True
held_up,3,NOT local_tax_base AND NOT autonomy AND NOT education,local_tax_base;autonomy;education,000,0.809,0.385,60,20,0.588,0.152,0.026,0.213,0.16,0.238,0.037,3,-0.08,False,False,False,,True
held_up,3,payroll_pit AND NOT investment AND contestation,payroll_pit;investment;contestation,101,0.809,0.384,62,13,0.448,0.098,0.128,0.085,0.04,0.143,0.185,3,-0.08,False,False,False,,True
held_up,3,NOT culture AND education AND extracurricular,culture;education;extracurricular,011,0.809,0.379,41,6,0.333,0.045,0.026,0.085,0.0,0.048,0.0,3,-0.08,False,False,False,,True
held_up,3,NOT property_tax AND education AND NOT small,property_tax;education;small,010,0.809,0.376,37,7,0.389,0.053,0.103,0.043,0.0,0.048,0.074,3,-0.08,False,False,False,,True
held_up,3,local_tax_base AND NOT single_tax AND NOT balance,local_tax_base;single_tax;balance,100,0.809,0.371,61,14,0.538,0.106,0.128,0.106,0.08,0.095,0.148,4,-0.08,False,False,False,,True
held_up,3,local_tax_base AND social AND NOT balance,local_tax_base;social;balance,110,0.809,0.371,47,8,0.444,0.061,0.077,0.085,0.0,0.048,0.037,3,-0.08,False,False,False,,True
held_up,3,property_tax AND NOT extracurricular AND balance,property_tax;extracurricular;balance,101,0.809,0.366,48,15,0.577,0.114,0.128,0.064,0.12,0.19,0.185,4,-0.08,False,False,False,,True
held_up,3,contestation AND balance AND small,contestation;balance;small,111,0.809,0.366,47,8,0.308,0.061,0.051,0.021,0.04,0.19,0.074,3,-0.08,False,False,False,,True
held_up,3,NOT investment AND education AND contestation,investment;education;contestation,011,0.809,0.354,41,8,0.4,0.061,0.128,0.043,0.0,0.048,0.185,3,-0.08,False,False,False,,True
held_up,3,NOT payroll_pit AND NOT autonomy AND culture,payroll_pit;autonomy;culture,001,0.809,0.341,35,10,0.455,0.076,0.051,0.085,0.0,0.19,0.074,3,-0.08,False,False,False,,True
held_up,3,NOT autonomy AND NOT social AND small,autonomy;social;small,001,0.809,0.322,34,8,0.4,0.061,0.051,0.106,0.0,0.048,0.074,3,-0.08,False,False,False,,True
held_up,3,NOT culture AND education AND NOT contestation,culture;education;contestation,010,0.809,0.32,29,2,0.182,0.015,0.0,0.043,0.0,0.0,0.0,1,-0.08,False,False,False,,False
held_up,3,autonomy AND NOT social AND NOT education,autonomy;social;education,100,0.808,0.489,96,22,0.537,0.167,0.205,0.191,0.12,0.095,0.185,4,-0.081,False,False,False,,True
held_up,3,NOT single_tax AND autonomy AND investment,single_tax;autonomy;investment,011,0.808,0.458,84,24,0.6,0.182,0.205,0.149,0.16,0.238,0.222,4,-0.081,False,False,False,,True
held_up,3,investment AND NOT extracurricular AND NOT small,investment;extracurricular;small,100,0.808,0.438,71,19,0.514,0.144,0.205,0.149,0.12,0.048,0.185,3,-0.081,False,False,False,,True
held_up,3,NOT property_tax AND payroll_pit AND autonomy,property_tax;payroll_pit;autonomy,011,0.808,0.428,71,17,0.472,0.129,0.128,0.128,0.08,0.19,0.0,4,-0.081,False,False,False,,True
held_up,3,NOT investment AND NOT social AND NOT small,investment;social;small,000,0.808,0.428,75,20,0.588,0.152,0.128,0.17,0.2,0.095,0.185,4,-0.081,False,False,False,,True
held_up,3,NOT education AND extracurricular AND NOT balance,education;extracurricular;balance,010,0.808,0.428,72,12,0.444,0.091,0.103,0.064,0.08,0.143,0.074,4,-0.081,False,False,False,,True
held_up,3,autonomy AND social AND NOT balance,autonomy;social;balance,110,0.808,0.422,60,10,0.417,0.076,0.103,0.085,0.04,0.048,0.111,4,-0.081,False,False,False,,True
held_up,3,social AND NOT balance AND NOT small,social;balance;small,100,0.808,0.416,57,11,0.5,0.083,0.128,0.085,0.04,0.048,0.111,3,-0.081,False,False,False,,True
held_up,3,single_tax AND autonomy AND NOT balance,single_tax;autonomy;balance,110,0.808,0.411,61,8,0.348,0.061,0.026,0.128,0.04,0.0,0.0,2,-0.081,False,False,False,,False
held_up,3,NOT single_tax AND NOT investment AND contestation,single_tax;investment;contestation,001,0.808,0.409,67,20,0.588,0.152,0.077,0.149,0.24,0.19,0.074,4,-0.081,False,False,False,,True
held_up,3,NOT social AND NOT extracurricular AND NOT balance,social;extracurricular;balance,000,0.808,0.402,72,15,0.455,0.114,0.103,0.128,0.16,0.048,0.111,3,-0.081,False,False,False,,True
held_up,3,local_tax_base AND social AND NOT education,local_tax_base;social;education,110,0.808,0.401,52,12,0.522,0.091,0.103,0.043,0.24,0.0,0.074,2,-0.081,False,False,False,,False
held_up,3,NOT property_tax AND investment AND NOT extracurricular,property_tax;investment;extracurricular,010,0.808,0.4,67,18,0.514,0.136,0.179,0.17,0.12,0.0,0.185,3,-0.081,False,False,False,,True
held_up,3,single_tax AND NOT culture AND balance,single_tax;culture;balance,101,0.808,0.397,56,14,0.5,0.106,0.154,0.128,0.04,0.048,0.074,2,-0.081,False,False,False,,False
held_up,3,autonomy AND culture AND NOT extracurricular,autonomy;culture;extracurricular,110,0.808,0.395,68,21,0.656,0.159,0.179,0.128,0.2,0.143,0.259,4,-0.081,False,False,False,,True
held_up,3,NOT payroll_pit AND NOT extracurricular AND NOT balance,payroll_pit;extracurricular;balance,000,0.808,0.391,70,18,0.545,0.136,0.154,0.149,0.12,0.095,0.222,4,-0.081,False,False,False,,True
held_up,3,payroll_pit AND balance AND small,payroll_pit;balance;small,111,0.808,0.387,58,12,0.414,0.091,0.128,0.064,0.04,0.143,0.185,3,-0.081,False,False,False,,True
held_up,3,payroll_pit AND NOT contestation AND NOT small,payroll_pit;contestation;small,100,0.808,0.382,50,9,0.346,0.068,0.103,0.043,0.04,0.095,0.0,4,-0.081,False,False,False,,True
held_up,3,local_tax_base AND social AND NOT extracurricular,local_tax_base;social;extracurricular,110,0.808,0.379,50,14,0.583,0.106,0.077,0.106,0.12,0.143,0.111,4,-0.081,False,False,False,,True
held_up,3,property_tax AND NOT payroll_pit AND NOT small,property_tax;payroll_pit;small,100,0.808,0.376,35,8,0.421,0.061,0.077,0.021,0.08,0.095,0.074,3,-0.081,False,False,False,,True
held_up,3,social AND NOT education AND NOT contestation,social;education;contestation,100,0.808,0.375,54,14,0.467,0.106,0.051,0.106,0.24,0.048,0.037,2,-0.081,False,False,False,,False
held_up,3,NOT autonomy AND NOT extracurricular AND NOT small,autonomy;extracurricular;small,000,0.808,0.371,51,9,0.36,0.068,0.051,0.064,0.16,0.0,0.074,3,-0.081,False,False,False,,True
held_up,3,NOT single_tax AND NOT autonomy AND NOT extracurricular,single_tax;autonomy;extracurricular,000,0.808,0.367,59,14,0.452,0.106,0.077,0.149,0.16,0.0,0.111,3,-0.081,False,False,False,,True
held_up,3,NOT social AND NOT extracurricular AND NOT contestation,social;extracurricular;contestation,000,0.808,0.363,56,12,0.429,0.091,0.154,0.043,0.12,0.048,0.148,3,-0.081,False,False,False,,True
held_up,3,property_tax AND NOT payroll_pit AND NOT culture,property_tax;payroll_pit;culture,100,0.808,0.362,39,7,0.389,0.053,0.051,0.021,0.04,0.143,0.074,3,-0.081,False,False,False,,True
held_up,3,local_tax_base AND NOT property_tax AND single_tax,local_tax_base;property_tax;single_tax,101,0.808,0.359,36,6,0.375,0.045,0.051,0.021,0.04,0.095,0.074,3,-0.081,False,False,False,,True
held_up,3,NOT property_tax AND single_tax AND education,property_tax;single_tax;education,011,0.808,0.359,39,8,0.4,0.061,0.103,0.043,0.0,0.095,0.074,3,-0.081,False,False,False,,True
held_up,3,NOT social AND NOT contestation AND NOT balance,social;contestation;balance,000,0.808,0.359,56,10,0.476,0.076,0.077,0.085,0.08,0.048,0.074,4,-0.081,False,False,False,,True
held_up,3,investment AND NOT social AND small,investment;social;small,101,0.808,0.354,43,10,0.455,0.076,0.051,0.106,0.04,0.095,0.074,4,-0.081,False,False,False,,True
held_up,3,NOT property_tax AND single_tax AND NOT contestation,property_tax;single_tax;contestation,010,0.808,0.349,43,9,0.375,0.068,0.128,0.043,0.04,0.048,0.037,4,-0.081,False,False,False,,True
held_up,3,education AND NOT extracurricular AND balance,education;extracurricular;balance,101,0.808,0.349,42,12,0.5,0.091,0.103,0.064,0.08,0.143,0.148,4,-0.081,False,False,False,,True
held_up,3,property_tax AND NOT investment AND NOT education,property_tax;investment;education,100,0.808,0.344,38,8,0.421,0.061,0.103,0.021,0.04,0.095,0.148,3,-0.081,False,False,False,,True
held_up,3,NOT autonomy AND culture AND contestation,autonomy;culture;contestation,011,0.808,0.34,35,4,0.25,0.03,0.077,0.0,0.0,0.048,0.074,2,-0.081,False,False,False,,False
held_up,3,NOT autonomy AND education AND NOT small,autonomy;education;small,010,0.808,0.337,20,1,0.125,0.008,0.026,0.0,0.0,0.0,0.037,1,-0.081,False,False,False,,False
held_up,3,NOT social AND education AND small,social;education;small,011,0.808,0.336,43,9,0.474,0.068,0.026,0.106,0.04,0.095,0.037,3,-0.081,False,False,False,,True
held_up,3,local_tax_base AND NOT culture AND small,local_tax_base;culture;small,101,0.808,0.335,39,8,0.421,0.061,0.051,0.085,0.0,0.095,0.074,3,-0.081,False,False,False,,True
held_up,3,local_tax_base AND payroll_pit AND NOT investment,local_tax_base;payroll_pit;investment,110,0.808,0.332,34,4,0.267,0.03,0.051,0.021,0.0,0.048,0.074,3,-0.081,False,False,False,,True
held_up,3,NOT investment AND social AND small,investment;social;small,011,0.808,0.326,33,9,0.45,0.068,0.026,0.106,0.0,0.143,0.037,2,-0.081,False,False,False,,False
held_up,3,NOT investment AND education AND NOT balance,investment;education;balance,010,0.808,0.322,40,9,0.529,0.068,0.103,0.064,0.0,0.095,0.148,3,-0.081,False,False,False,,True
held_up,3,property_tax AND NOT autonomy AND contestation,property_tax;autonomy;contestation,101,0.808,0.321,29,4,0.286,0.03,0.026,0.0,0.04,0.095,0.0,3,-0.081,False,False,False,,True
held_up,3,NOT property_tax AND autonomy AND investment,property_tax;autonomy;investment,011,0.807,0.454,72,21,0.636,0.159,0.179,0.191,0.08,0.143,0.111,4,-0.082,False,False,False,,True
held_up,3,investment AND NOT social AND extracurricular,investment;social;extracurricular,101,0.807,0.453,62,15,0.536,0.114,0.103,0.128,0.0,0.238,0.037,3,-0.082,False,False,False,,True
held_up,3,NOT local_tax_base AND autonomy AND NOT balance,local_tax_base;autonomy;balance,010,0.807,0.43,75,18,0.545,0.136,0.154,0.149,0.16,0.048,0.111,3,-0.082,False,False,False,,True
held_up,3,autonomy AND social AND NOT extracurricular,autonomy;social;extracurricular,110,0.807,0.42,67,21,0.618,0.159,0.179,0.128,0.16,0.19,0.222,4,-0.082,False,False,False,,True
held_up,3,NOT local_tax_base AND extracurricular AND NOT balance,local_tax_base;extracurricular;balance,010,0.807,0.417,68,12,0.48,0.091,0.077,0.106,0.08,0.095,0.074,4,-0.082,False,False,False,,True
held_up,3,autonomy AND culture AND NOT education,autonomy;culture;education,110,0.807,0.414,67,15,0.5,0.114,0.128,0.085,0.2,0.048,0.148,3,-0.082,False,False,False,,True
held_up,3,NOT autonomy AND NOT education AND extracurricular,autonomy;education;extracurricular,001,0.807,0.409,69,25,0.61,0.189,0.077,0.191,0.24,0.333,0.074,3,-0.082,False,False,False,,True
held_up,3,autonomy AND investment AND small,autonomy;investment;small,111,0.807,0.408,71,17,0.5,0.129,0.154,0.085,0.16,0.143,0.222,4,-0.082,False,False,False,,True
held_up,3,NOT social AND NOT extracurricular AND contestation,social;extracurricular;contestation,001,0.807,0.404,54,12,0.429,0.091,0.103,0.106,0.08,0.048,0.148,4,-0.082,False,False,False,,True
held_up,3,NOT local_tax_base AND education AND contestation,local_tax_base;education;contestation,011,0.807,0.399,58,16,0.5,0.121,0.231,0.106,0.04,0.048,0.259,2,-0.082,False,False,False,,False
held_up,3,autonomy AND social AND small,autonomy;social;small,111,0.807,0.396,62,17,0.515,0.129,0.154,0.106,0.12,0.143,0.222,4,-0.082,False,False,False,,True
held_up,3,payroll_pit AND investment AND NOT extracurricular,payroll_pit;investment;extracurricular,110,0.807,0.395,64,18,0.545,0.136,0.179,0.149,0.08,0.095,0.148,4,-0.082,False,False,False,,True
held_up,3,NOT local_tax_base AND NOT investment AND culture,local_tax_base;investment;culture,001,0.807,0.377,51,15,0.536,0.114,0.179,0.149,0.04,0.0,0.222,2,-0.082,False,False,False,,False
held_up,3,local_tax_base AND extracurricular AND NOT balance,local_tax_base;extracurricular;balance,110,0.807,0.377,45,8,0.421,0.061,0.077,0.064,0.0,0.095,0.037,3,-0.082,False,False,False,,True
held_up,3,culture AND NOT extracurricular AND balance,culture;extracurricular;balance,101,0.807,0.377,52,15,0.517,0.114,0.103,0.085,0.16,0.143,0.148,4,-0.082,False,False,False,,True
held_up,3,NOT local_tax_base AND single_tax AND NOT contestation,local_tax_base;single_tax;contestation,010,0.807,0.368,52,15,0.469,0.114,0.128,0.128,0.12,0.048,0.037,3,-0.082,False,False,False,,True
held_up,3,local_tax_base AND NOT property_tax AND NOT investment,local_tax_base;property_tax;investment,100,0.807,0.364,43,14,0.56,0.106,0.077,0.128,0.2,0.0,0.074,3,-0.082,False,False,False,,True
held_up,3,property_tax AND NOT extracurricular AND NOT balance,property_tax;extracurricular;balance,100,0.807,0.361,53,10,0.4,0.076,0.051,0.106,0.04,0.095,0.037,4,-0.082,False,False,False,,True
held_up,3,investment AND NOT balance AND small,investment;balance;small,101,0.807,0.348,50,13,0.542,0.098,0.051,0.191,0.04,0.048,0.037,2,-0.082,False,False,False,,False
held_up,3,NOT local_tax_base AND NOT autonomy AND NOT contestation,local_tax_base;autonomy;contestation,000,0.807,0.343,47,15,0.577,0.114,0.0,0.17,0.16,0.143,0.0,3,-0.082,False,False,False,,True
held_up,3,single_tax AND NOT contestation AND NOT balance,single_tax;contestation;balance,100,0.807,0.343,50,12,0.522,0.091,0.026,0.17,0.04,0.095,0.0,2,-0.082,False,False,False,,False
held_up,3,culture AND NOT contestation AND NOT balance,culture;contestation;balance,100,0.807,0.328,44,11,0.55,0.083,0.026,0.149,0.04,0.095,0.037,2,-0.082,False,False,False,,False
held_up,3,property_tax AND NOT autonomy AND balance,property_tax;autonomy;balance,101,0.807,0.32,19,3,0.273,0.023,0.026,0.0,0.04,0.048,0.037,3,-0.082,False,False,False,,True
held_up,3,NOT autonomy AND balance AND small,autonomy;balance;small,011,0.807,0.312,19,3,0.273,0.023,0.0,0.043,0.0,0.048,0.0,2,-0.082,False,False,False,,False
held_up,3,NOT payroll_pit AND extracurricular AND contestation,payroll_pit;extracurricular;contestation,011,0.806,0.449,76,22,0.647,0.167,0.128,0.17,0.16,0.238,0.074,4,-0.083,False,False,False,,True
held_up,3,autonomy AND NOT education AND NOT extracurricular,autonomy;education;extracurricular,100,0.806,0.434,71,18,0.514,0.136,0.205,0.085,0.12,0.143,0.185,4,-0.083,False,False,False,,True
held_up,3,NOT property_tax AND NOT extracurricular AND NOT small,property_tax;extracurricular;small,000,0.806,0.432,71,18,0.5,0.136,0.179,0.128,0.2,0.0,0.185,3,-0.083,False,False,False,,True
held_up,3,NOT single_tax AND NOT investment AND extracurricular,single_tax;investment;extracurricular,001,0.806,0.432,81,23,0.605,0.174,0.051,0.234,0.28,0.143,0.037,3,-0.083,False,False,False,,True
held_up,3,NOT payroll_pit AND investment AND extracurricular,payroll_pit;investment;extracurricular,011,0.806,0.43,64,19,0.633,0.144,0.077,0.149,0.16,0.238,0.037,4,-0.083,False,False,False,,True
held_up,3,NOT local_tax_base AND autonomy AND NOT investment,local_tax_base;autonomy;investment,010,0.806,0.429,81,21,0.512,0.159,0.205,0.149,0.16,0.095,0.222,4,-0.083,False,False,False,,True
held_up,3,NOT local_tax_base AND NOT property_tax AND NOT balance,local_tax_base;property_tax;balance,000,0.806,0.427,83,18,0.529,0.136,0.154,0.149,0.12,0.095,0.148,4,-0.083,False,False,False,,True
held_up,3,NOT local_tax_base AND NOT payroll_pit AND NOT social,local_tax_base;payroll_pit;social,000,0.806,0.418,77,20,0.606,0.152,0.128,0.17,0.16,0.143,0.148,4,-0.083,False,False,False,,True
held_up,3,NOT property_tax AND payroll_pit AND extracurricular,property_tax;payroll_pit;extracurricular,011,0.806,0.417,65,15,0.455,0.114,0.077,0.128,0.08,0.19,0.0,4,-0.083,False,False,False,,True
held_up,3,NOT property_tax AND contestation AND NOT balance,property_tax;contestation;balance,010,0.806,0.416,80,21,0.6,0.159,0.179,0.17,0.16,0.095,0.185,4,-0.083,False,False,False,,True
held_up,3,property_tax AND NOT single_tax AND NOT small,property_tax;single_tax;small,100,0.806,0.41,55,13,0.5,0.098,0.103,0.064,0.08,0.19,0.111,4,-0.083,False,False,False,,True
held_up,3,NOT payroll_pit AND contestation AND NOT balance,payroll_pit;contestation;balance,010,0.806,0.404,71,20,0.588,0.152,0.179,0.149,0.12,0.143,0.185,4,-0.083,False,False,False,,True
held_up,3,local_tax_base AND NOT balance AND NOT small,local_tax_base;balance;small,100,0.806,0.403,58,8,0.4,0.061,0.103,0.021,0.08,0.048,0.111,3,-0.083,False,False,False,,True
held_up,3,NOT local_tax_base AND payroll_pit AND NOT balance,local_tax_base;payroll_pit;balance,010,0.806,0.396,63,14,0.452,0.106,0.077,0.17,0.08,0.048,0.037,3,-0.083,False,False,False,,True
held_up,3,NOT single_tax AND NOT autonomy AND contestation,single_tax;autonomy;contestation,001,0.806,0.395,66,19,0.528,0.144,0.077,0.191,0.16,0.143,0.074,4,-0.083,False,False,False,,True
held_up,3,local_tax_base AND NOT single_tax AND investment,local_tax_base;single_tax;investment,101,0.806,0.394,62,16,0.552,0.121,0.128,0.064,0.2,0.143,0.185,4,-0.083,False,False,False,,True
held_up,3,local_tax_base AND NOT property_tax AND NOT single_tax,local_tax_base;property_tax;single_tax,100,0.806,0.393,56,18,0.621,0.136,0.128,0.149,0.24,0.0,0.148,3,-0.083,False,False,False,,True
held_up,3,NOT property_tax AND single_tax AND investment,property_tax;single_tax;investment,011,0.806,0.391,52,11,0.423,0.083,0.103,0.085,0.0,0.143,0.037,3,-0.083,False,False,False,,True
held_up,3,payroll_pit AND contestation AND NOT balance,payroll_pit;contestation;balance,110,0.806,0.387,59,8,0.333,0.061,0.077,0.064,0.04,0.048,0.037,4,-0.083,False,False,False,,True
held_up,3,single_tax AND social AND NOT extracurricular,single_tax;social;extracurricular,110,0.806,0.386,52,11,0.458,0.083,0.026,0.128,0.04,0.143,0.037,2,-0.083,False,False,False,,False
held_up,3,single_tax AND social AND NOT balance,single_tax;social;balance,110,0.806,0.383,50,8,0.364,0.061,0.026,0.128,0.0,0.048,0.0,2,-0.083,False,False,False,,False
held_up,3,social AND NOT culture AND NOT balance,social;culture;balance,100,0.806,0.378,49,10,0.476,0.076,0.077,0.106,0.04,0.048,0.037,4,-0.083,False,False,False,,True
held_up,3,NOT autonomy AND investment AND contestation,autonomy;investment;contestation,011,0.806,0.377,50,13,0.52,0.098,0.077,0.106,0.08,0.143,0.074,4,-0.083,False,False,False,,True
held_up,3,single_tax AND NOT extracurricular AND contestation,single_tax;extracurricular;contestation,101,0.806,0.371,47,6,0.316,0.045,0.051,0.043,0.0,0.095,0.074,3,-0.083,False,False,False,,True
held_up,3,NOT payroll_pit AND NOT autonomy AND social,payroll_pit;autonomy;social,001,0.806,0.37,51,18,0.643,0.136,0.051,0.17,0.2,0.143,0.037,3,-0.083,False,False,False,,True
held_up,3,property_tax AND NOT education AND NOT balance,property_tax;education;balance,100,0.806,0.369,48,5,0.227,0.038,0.051,0.021,0.0,0.095,0.037,3,-0.083,False,False,False,,True
held_up,3,property_tax AND culture AND NOT education,property_tax;culture;education,110,0.806,0.368,44,8,0.421,0.061,0.103,0.043,0.08,0.0,0.111,3,-0.083,False,False,False,,True
held_up,3,local_tax_base AND NOT single_tax AND NOT investment,local_tax_base;single_tax;investment,100,0.806,0.367,46,13,0.52,0.098,0.077,0.106,0.2,0.0,0.074,3,-0.083,False,False,False,,True
held_up,3,NOT autonomy AND NOT education AND NOT extracurricular,autonomy;education;extracurricular,000,0.806,0.367,57,12,0.387,0.091,0.077,0.106,0.16,0.0,0.111,3,-0.083,False,False,False,,True
held_up,3,NOT property_tax AND education AND balance,property_tax;education;balance,011,0.806,0.366,35,7,0.35,0.053,0.051,0.064,0.0,0.095,0.0,3,-0.083,False,False,False,,True
held_up,3,NOT investment AND NOT education AND NOT contestation,investment;education;contestation,000,0.806,0.366,59,15,0.455,0.114,0.077,0.128,0.24,0.0,0.074,3,-0.083,False,False,False,,True
held_up,3,investment AND NOT contestation AND small,investment;contestation;small,101,0.806,0.365,53,15,0.6,0.114,0.103,0.149,0.12,0.048,0.148,3,-0.083,False,False,False,,True
held_up,3,NOT property_tax AND social AND NOT contestation,property_tax;social;contestation,010,0.806,0.364,51,17,0.548,0.129,0.103,0.128,0.2,0.095,0.074,4,-0.083,False,False,False,,True
held_up,3,NOT single_tax AND NOT investment AND NOT contestation,single_tax;investment;contestation,000,0.806,0.361,56,14,0.483,0.106,0.077,0.128,0.2,0.0,0.111,3,-0.083,False,False,False,,True
held_up,3,single_tax AND NOT culture AND education,single_tax;culture;education,101,0.806,0.359,42,7,0.412,0.053,0.051,0.085,0.0,0.048,0.037,3,-0.083,False,False,False,,True
held_up,3,single_tax AND NOT culture AND NOT balance,single_tax;culture;balance,100,0.806,0.359,43,4,0.25,0.03,0.051,0.043,0.0,0.0,0.037,2,-0.083,False,False,False,,False
held_up,3,education AND extracurricular AND NOT balance,education;extracurricular;balance,110,0.806,0.349,41,8,0.471,0.061,0.051,0.106,0.0,0.048,0.037,3,-0.083,False,False,False,,True
held_up,3,local_tax_base AND NOT social AND education,local_tax_base;social;education,101,0.806,0.345,33,7,0.467,0.053,0.051,0.064,0.0,0.095,0.074,3,-0.083,False,False,False,,True
held_up,3,single_tax AND NOT autonomy AND investment,single_tax;autonomy;investment,101,0.806,0.338,32,7,0.389,0.053,0.026,0.085,0.0,0.095,0.0,2,-0.083,False,False,False,,False
held_up,3,NOT investment AND NOT contestation AND NOT balance,investment;contestation;balance,000,0.806,0.329,47,9,0.429,0.068,0.051,0.085,0.04,0.095,0.074,4,-0.083,False,False,False,,True
held_up,3,payroll_pit AND NOT investment AND small,payroll_pit;investment;small,101,0.806,0.326,39,5,0.278,0.038,0.0,0.064,0.0,0.095,0.0,2,-0.083,False,False,False,,False
held_up,3,NOT autonomy AND extracurricular AND small,autonomy;extracurricular;small,011,0.806,0.324,30,8,0.5,0.061,0.026,0.106,0.0,0.095,0.0,2,-0.083,False,False,False,,False
held_up,3,NOT autonomy AND NOT extracurricular AND balance,autonomy;extracurricular;balance,001,0.806,0.322,31,4,0.222,0.03,0.026,0.021,0.08,0.0,0.037,3,-0.083,False,False,False,,True
held_up,3,NOT investment AND NOT contestation AND small,investment;contestation;small,001,0.806,0.316,29,9,0.562,0.068,0.026,0.106,0.04,0.095,0.037,3,-0.083,False,False,False,,True
held_up,3,NOT local_tax_base AND NOT social AND NOT education,local_tax_base;social;education,000,0.805,0.47,96,26,0.578,0.197,0.154,0.234,0.16,0.238,0.111,4,-0.084,False,False,False,,True
held_up,3,investment AND NOT social AND contestation,investment;social;contestation,101,0.805,0.456,74,18,0.486,0.136,0.154,0.149,0.04,0.19,0.111,3,-0.084,False,False,False,,True
held_up,3,NOT property_tax AND autonomy AND contestation,property_tax;autonomy;contestation,011,0.805,0.453,74,20,0.645,0.152,0.103,0.191,0.16,0.143,0.074,4,-0.084,False,False,False,,True
held_up,3,NOT single_tax AND social AND extracurricular,single_tax;social;extracurricular,011,0.805,0.445,75,22,0.595,0.167,0.026,0.191,0.36,0.143,0.0,3,-0.084,False,False,False,,True
held_up,3,culture AND contestation AND NOT small,culture;contestation;small,110,0.805,0.443,71,21,0.583,0.159,0.333,0.043,0.12,0.143,0.407,3,-0.084,False,False,False,,True
held_up,3,NOT social AND NOT balance AND NOT small,social;balance;small,000,0.805,0.442,85,14,0.438,0.106,0.154,0.064,0.12,0.095,0.148,4,-0.084,False,False,False,,True
held_up,3,local_tax_base AND NOT education AND extracurricular,local_tax_base;education;extracurricular,101,0.805,0.424,59,16,0.552,0.121,0.128,0.085,0.2,0.095,0.111,4,-0.084,False,False,False,,True
held_up,3,NOT local_tax_base AND investment AND culture,local_tax_base;investment;culture,011,0.805,0.423,72,23,0.561,0.174,0.179,0.149,0.16,0.238,0.222,4,-0.084,False,False,False,,True
held_up,3,extracurricular AND contestation AND NOT balance,extracurricular;contestation;balance,110,0.805,0.419,72,13,0.448,0.098,0.128,0.064,0.08,0.143,0.074,4,-0.084,False,False,False,,True
held_up,3,autonomy AND NOT education AND NOT contestation,autonomy;education;contestation,100,0.805,0.415,76,16,0.432,0.121,0.154,0.106,0.2,0.0,0.111,3,-0.084,False,False,False,,True
held_up,3,NOT single_tax AND NOT investment AND NOT social,single_tax;investment;social,000,0.805,0.413,73,17,0.5,0.129,0.077,0.149,0.2,0.095,0.111,4,-0.084,False,False,False,,True
held_up,3,NOT single_tax AND investment AND balance,single_tax;investment;balance,011,0.805,0.413,65,25,0.625,0.189,0.103,0.149,0.32,0.286,0.148,4,-0.084,False,False,False,,True
held_up,3,NOT property_tax AND single_tax AND extracurricular,property_tax;single_tax;extracurricular,011,0.805,0.411,60,14,0.452,0.106,0.103,0.128,0.04,0.143,0.037,3,-0.084,False,False,False,,True
held_up,3,NOT property_tax AND NOT social AND NOT extracurricular,property_tax;social;extracurricular,000,0.805,0.409,73,18,0.462,0.136,0.205,0.128,0.16,0.0,0.222,3,-0.084,False,False,False,,True
held_up,3,local_tax_base AND NOT social AND extracurricular,local_tax_base;social;extracurricular,101,0.805,0.408,50,12,0.5,0.091,0.051,0.128,0.04,0.143,0.074,3,-0.084,False,False,False,,True
held_up,3,NOT culture AND NOT extracurricular AND contestation,culture;extracurricular;contestation,001,0.805,0.408,56,15,0.469,0.114,0.103,0.128,0.08,0.143,0.111,4,-0.084,False,False,False,,True
held_up,3,single_tax AND investment AND NOT social,single_tax;investment;social,110,0.805,0.399,57,11,0.407,0.083,0.128,0.085,0.04,0.048,0.037,3,-0.084,False,False,False,,True
held_up,3,NOT autonomy AND NOT social AND contestation,autonomy;social;contestation,001,0.805,0.396,62,16,0.485,0.121,0.103,0.128,0.08,0.19,0.148,4,-0.084,False,False,False,,True
held_up,3,NOT payroll_pit AND NOT investment AND contestation,payroll_pit;investment;contestation,001,0.805,0.394,61,18,0.581,0.136,0.128,0.128,0.2,0.095,0.148,4,-0.084,False,False,False,,True
held_up,3,NOT property_tax AND culture AND balance,property_tax;culture;balance,011,0.805,0.389,48,16,0.516,0.121,0.051,0.128,0.12,0.238,0.037,3,-0.084,False,False,False,,True
held_up,3,local_tax_base AND autonomy AND small,local_tax_base;autonomy;small,111,0.805,0.376,57,11,0.458,0.083,0.077,0.043,0.08,0.19,0.111,4,-0.084,False,False,False,,True
held_up,3,property_tax AND NOT culture AND balance,property_tax;culture;balance,101,0.805,0.374,43,9,0.5,0.068,0.103,0.021,0.04,0.143,0.111,3,-0.084,False,False,False,,True
held_up,3,NOT property_tax AND single_tax AND NOT payroll_pit,property_tax;single_tax;payroll_pit,010,0.805,0.367,42,7,0.368,0.053,0.077,0.021,0.04,0.095,0.111,3,-0.084,False,False,False,,True
held_up,3,NOT autonomy AND NOT investment AND contestation,autonomy;investment;contestation,001,0.805,0.367,51,11,0.407,0.083,0.077,0.085,0.08,0.095,0.074,4,-0.084,False,False,False,,True
held_up,3,payroll_pit AND NOT culture AND NOT balance,payroll_pit;culture;balance,100,0.805,0.364,54,6,0.261,0.045,0.051,0.043,0.04,0.048,0.0,4,-0.084,False,False,False,,True
held_up,3,payroll_pit AND education AND NOT balance,payroll_pit;education;balance,110,0.805,0.363,52,9,0.429,0.068,0.026,0.149,0.04,0.0,0.0,2,-0.084,False,False,False,,False
held_up,3,NOT payroll_pit AND NOT extracurricular AND NOT contestation,payroll_pit;extracurricular;contestation,000,0.805,0.357,59,16,0.516,0.121,0.154,0.085,0.16,0.095,0.222,4,-0.084,False,False,False,,True
held_up,3,NOT local_tax_base AND NOT investment AND education,local_tax_base;investment;education,001,0.805,0.355,41,9,0.429,0.068,0.154,0.064,0.0,0.0,0.185,2,-0.084,False,False,False,,False
held_up,3,extracurricular AND NOT contestation AND NOT balance,extracurricular;contestation;balance,100,0.805,0.355,41,7,0.467,0.053,0.026,0.106,0.0,0.048,0.037,2,-0.084,False,False,False,,False
held_up,3,single_tax AND NOT autonomy AND balance,single_tax;autonomy;balance,101,0.805,0.35,34,4,0.211,0.03,0.0,0.021,0.04,0.095,0.0,3,-0.084,False,False,False,,True
held_up,3,NOT autonomy AND NOT investment AND social,autonomy;investment;social,001,0.805,0.348,38,6,0.273,0.045,0.026,0.043,0.08,0.048,0.0,4,-0.084,False,False,False,,True
held_up,3,NOT autonomy AND investment AND NOT extracurricular,autonomy;investment;extracurricular,010,0.805,0.348,53,12,0.429,0.091,0.051,0.149,0.12,0.0,0.074,3,-0.084,False,False,False,,True
held_up,3,single_tax AND NOT extracurricular AND NOT contestation,single_tax;extracurricular;contestation,100,0.805,0.347,49,11,0.458,0.083,0.077,0.106,0.08,0.048,0.037,4,-0.084,False,False,False,,True
held_up,3,local_tax_base AND payroll_pit AND NOT contestation,local_tax_base;payroll_pit;contestation,110,0.805,0.34,38,5,0.333,0.038,0.051,0.064,0.0,0.0,0.074,2,-0.084,False,False,False,,False
held_up,3,NOT autonomy AND culture AND NOT contestation,autonomy;culture;contestation,010,0.805,0.319,32,11,0.478,0.083,0.0,0.149,0.0,0.19,0.0,2,-0.084,False,False,False,,False
held_up,3,NOT autonomy AND contestation AND small,autonomy;contestation;small,011,0.805,0.315,34,7,0.368,0.053,0.077,0.064,0.0,0.048,0.074,3,-0.084,False,False,False,,True
held_up,3,NOT autonomy AND culture AND NOT balance,autonomy;culture;balance,010,0.805,0.311,39,9,0.45,0.068,0.077,0.085,0.0,0.095,0.074,3,-0.084,False,False,False,,True
held_up,3,NOT single_tax AND autonomy AND contestation,single_tax;autonomy;contestation,011,0.804,0.459,86,25,0.641,0.189,0.179,0.128,0.24,0.286,0.185,4,-0.085,False,False,False,,True
held_up,3,NOT local_tax_base AND NOT payroll_pit AND extracurricular,local_tax_base;payroll_pit;extracurricular,001,0.804,0.435,80,25,0.676,0.189,0.077,0.255,0.24,0.19,0.074,3,-0.085,False,False,False,,True
held_up,3,NOT payroll_pit AND social AND NOT small,payroll_pit;social;small,010,0.804,0.434,70,23,0.605,0.174,0.103,0.191,0.36,0.048,0.074,3,-0.085,False,False,False,,True
held_up,3,NOT investment AND NOT social AND NOT education,investment;social;education,000,0.804,0.428,84,21,0.525,0.159,0.103,0.191,0.24,0.095,0.148,4,-0.085,False,False,False,,True
held_up,3,NOT property_tax AND payroll_pit AND NOT small,property_tax;payroll_pit;small,010,0.804,0.426,67,17,0.472,0.129,0.128,0.128,0.08,0.19,0.0,4,-0.085,False,False,False,,True
held_up,3,NOT local_tax_base AND NOT investment AND NOT education,local_tax_base;investment;education,000,0.804,0.424,81,21,0.538,0.159,0.077,0.17,0.24,0.19,0.074,3,-0.085,False,False,False,,True
held_up,3,NOT local_tax_base AND NOT single_tax AND NOT investment,local_tax_base;single_tax;investment,000,0.804,0.417,77,21,0.553,0.159,0.077,0.17,0.24,0.19,0.111,3,-0.085,False,False,False,,True
held_up,3,NOT autonomy AND NOT culture AND extracurricular,autonomy;culture;extracurricular,001,0.804,0.417,70,22,0.647,0.167,0.051,0.191,0.24,0.238,0.037,3,-0.085,False,False,False,,True
held_up,3,property_tax AND NOT single_tax AND autonomy,property_tax;single_tax;autonomy,101,0.804,0.408,64,15,0.517,0.114,0.128,0.064,0.12,0.19,0.148,4,-0.085,False,False,False,,True
held_up,3,NOT investment AND social AND contestation,investment;social;contestation,011,0.804,0.408,62,17,0.5,0.129,0.154,0.085,0.16,0.143,0.185,4,-0.085,False,False,False,,True
held_up,3,NOT local_tax_base AND NOT autonomy AND extracurricular,local_tax_base;autonomy;extracurricular,001,0.804,0.394,56,18,0.621,0.136,0.051,0.17,0.12,0.238,0.074,3,-0.085,False,False,False,,True
held_up,3,NOT payroll_pit AND investment AND balance,payroll_pit;investment;balance,011,0.804,0.391,59,22,0.579,0.167,0.103,0.128,0.28,0.238,0.111,4,-0.085,False,False,False,,True
held_up,3,NOT extracurricular AND NOT contestation AND NOT small,extracurricular;contestation;small,000,0.804,0.382,54,13,0.464,0.098,0.154,0.085,0.12,0.0,0.148,3,-0.085,False,False,False,,True
held_up,3,NOT autonomy AND NOT investment AND NOT social,autonomy;investment;social,000,0.804,0.381,61,17,0.548,0.129,0.103,0.149,0.12,0.143,0.148,4,-0.085,False,False,False,,True
held_up,3,investment AND culture AND NOT extracurricular,investment;culture;extracurricular,110,0.804,0.381,63,16,0.533,0.121,0.103,0.149,0.12,0.095,0.148,4,-0.085,False,False,False,,True
held_up,3,NOT investment AND NOT social AND balance,investment;social;balance,001,0.804,0.379,56,15,0.536,0.114,0.077,0.17,0.12,0.048,0.111,3,-0.085,False,False,False,,True
held_up,3,local_tax_base AND NOT single_tax AND balance,local_tax_base;single_tax;balance,101,0.804,0.375,47,15,0.536,0.114,0.077,0.064,0.32,0.048,0.111,3,-0.085,False,False,False,,True
held_up,3,single_tax AND culture AND NOT education,single_tax;culture;education,110,0.804,0.373,45,5,0.25,0.038,0.077,0.021,0.0,0.048,0.074,3,-0.085,False,False,False,,True
held_up,3,single_tax AND NOT extracurricular AND balance,single_tax;extracurricular;balance,101,0.804,0.369,48,8,0.333,0.061,0.077,0.043,0.04,0.095,0.074,4,-0.085,False,False,False,,True
held_up,3,local_tax_base AND education AND NOT small,local_tax_base;education;small,110,0.804,0.364,26,1,0.111,0.008,0.026,0.0,0.0,0.0,0.037,1,-0.085,False,False,False,,False
held_up,3,investment AND NOT contestation AND NOT balance,investment;contestation;balance,100,0.804,0.364,54,11,0.55,0.083,0.077,0.149,0.04,0.0,0.074,2,-0.085,False,False,False,,False
held_up,3,local_tax_base AND NOT payroll_pit AND culture,local_tax_base;payroll_pit;culture,101,0.804,0.362,38,12,0.5,0.091,0.026,0.043,0.2,0.19,0.0,2,-0.085,False,False,False,,False
held_up,3,NOT property_tax AND NOT extracurricular AND NOT contestation,property_tax;extracurricular;contestation,000,0.804,0.358,57,15,0.5,0.114,0.179,0.085,0.16,0.0,0.185,3,-0.085,False,False,False,,True
held_up,3,NOT autonomy AND investment AND social,autonomy;investment;social,011,0.804,0.356,42,16,0.727,0.121,0.051,0.191,0.12,0.095,0.037,3,-0.085,False,False,False,,True
held_up,3,investment AND education AND NOT extracurricular,investment;education;extracurricular,110,0.804,0.356,51,16,0.571,0.121,0.103,0.149,0.12,0.095,0.148,4,-0.085,False,False,False,,True
held_up,3,culture AND NOT extracurricular AND small,culture;extracurricular;small,101,0.804,0.352,60,18,0.562,0.136,0.103,0.149,0.12,0.19,0.148,4,-0.085,False,False,False,,True
held_up,3,local_tax_base AND NOT social AND culture,local_tax_base;social;culture,101,0.804,0.351,33,6,0.375,0.045,0.026,0.043,0.0,0.143,0.037,3,-0.085,False,False,False,,True
held_up,3,NOT property_tax AND NOT autonomy AND education,property_tax;autonomy;education,001,0.804,0.334,35,6,0.4,0.045,0.051,0.064,0.0,0.048,0.074,3,-0.085,False,False,False,,True
held_up,3,NOT property_tax AND education AND NOT contestation,property_tax;education;contestation,010,0.804,0.329,33,5,0.357,0.038,0.051,0.043,0.0,0.048,0.037,3,-0.085,False,False,False,,True
held_up,3,property_tax AND NOT culture AND NOT contestation,property_tax;culture;contestation,100,0.804,0.328,30,2,0.154,0.015,0.026,0.021,0.0,0.0,0.037,2,-0.085,False,False,False,,False
held_up,3,NOT payroll_pit AND NOT autonomy AND small,payroll_pit;autonomy;small,001,0.804,0.324,38,12,0.5,0.091,0.051,0.149,0.0,0.143,0.074,3,-0.085,False,False,False,,True
held_up,3,NOT autonomy AND NOT extracurricular AND NOT contestation,autonomy;extracurricular;contestation,000,0.804,0.323,45,10,0.417,0.076,0.051,0.106,0.08,0.048,0.074,4,-0.085,False,False,False,,True
held_up,3,property_tax AND NOT autonomy AND investment,property_tax;autonomy;investment,101,0.804,0.322,22,7,0.538,0.053,0.026,0.085,0.04,0.048,0.0,3,-0.085,False,False,False,,True
held_up,3,NOT autonomy AND social AND small,autonomy;social;small,011,0.804,0.312,31,9,0.529,0.068,0.026,0.128,0.0,0.095,0.0,2,-0.085,False,False,False,,False
held_up,3,NOT single_tax AND autonomy AND extracurricular,single_tax;autonomy;extracurricular,011,0.803,0.475,91,19,0.528,0.144,0.026,0.17,0.28,0.143,0.0,3,-0.086,False,False,False,,True
held_up,3,NOT property_tax AND autonomy AND balance,property_tax;autonomy;balance,011,0.803,0.433,74,26,0.591,0.197,0.179,0.234,0.2,0.143,0.111,4,-0.086,False,False,False,,True
held_up,3,NOT payroll_pit AND NOT extracurricular AND NOT small,payroll_pit;extracurricular;small,000,0.803,0.428,74,18,0.474,0.136,0.179,0.106,0.24,0.0,0.259,3,-0.086,False,False,False,,True
held_up,3,NOT investment AND NOT education AND contestation,investment;education;contestation,001,0.803,0.424,82,23,0.575,0.174,0.128,0.17,0.24,0.19,0.148,4,-0.086,False,False,False,,True
held_up,3,culture AND education AND NOT small,culture;education;small,110,0.803,0.409,53,15,0.536,0.114,0.205,0.064,0.08,0.095,0.222,4,-0.086,False,False,False,,True
held_up,3,NOT local_tax_base AND education AND NOT small,local_tax_base;education;small,010,0.803,0.408,56,18,0.545,0.136,0.231,0.106,0.08,0.095,0.222,4,-0.086,False,False,False,,True
held_up,3,NOT local_tax_base AND investment AND education,local_tax_base;investment;education,011,0.803,0.407,68,21,0.568,0.159,0.154,0.191,0.16,0.095,0.148,4,-0.086,False,False,False,,True
held_up,3,payroll_pit AND NOT investment AND balance,payroll_pit;investment;balance,101,0.803,0.388,61,14,0.412,0.106,0.179,0.085,0.0,0.143,0.185,3,-0.086,False,False,False,,True
held_up,3,payroll_pit AND extracurricular AND NOT balance,payroll_pit;extracurricular;balance,110,0.803,0.387,56,7,0.304,0.053,0.026,0.085,0.04,0.048,0.0,3,-0.086,False,False,False,,True
held_up,3,NOT autonomy AND NOT investment AND NOT culture,autonomy;investment;culture,000,0.803,0.385,64,18,0.545,0.136,0.103,0.149,0.2,0.095,0.111,4,-0.086,False,False,False,,True
held_up,3,NOT autonomy AND investment AND extracurricular,autonomy;investment;extracurricular,011,0.803,0.384,45,16,0.64,0.121,0.051,0.128,0.08,0.286,0.037,3,-0.086,False,False,False,,True
held_up,3,investment AND social AND small,investment;social;small,111,0.803,0.384,60,17,0.567,0.129,0.154,0.128,0.12,0.095,0.185,4,-0.086,False,False,False,,True
held_up,3,local_tax_base AND NOT property_tax AND investment,local_tax_base;property_tax;investment,101,0.803,0.383,49,10,0.5,0.076,0.103,0.043,0.08,0.095,0.148,4,-0.086,False,False,False,,True
held_up,3,single_tax AND NOT contestation AND NOT small,single_tax;contestation;small,100,0.803,0.383,52,9,0.321,0.068,0.128,0.021,0.08,0.048,0.037,3,-0.086,False,False,False,,True
held_up,3,local_tax_base AND autonomy AND education,local_tax_base;autonomy;education,111,0.803,0.382,49,10,0.455,0.076,0.103,0.043,0.04,0.143,0.148,4,-0.086,False,False,False,,True
held_up,3,NOT autonomy AND NOT investment AND NOT education,autonomy;investment;education,000,0.803,0.382,63,18,0.5,0.136,0.077,0.17,0.2,0.095,0.074,4,-0.086,False,False,False,,True
held_up,3,local_tax_base AND single_tax AND NOT payroll_pit,local_tax_base;single_tax;payroll_pit,110,0.803,0.381,49,11,0.44,0.083,0.077,0.064,0.04,0.19,0.074,3,-0.086,False,False,False,,True
held_up,3,property_tax AND NOT single_tax AND contestation,property_tax;single_tax;contestation,101,0.803,0.38,54,13,0.481,0.098,0.103,0.021,0.12,0.238,0.111,3,-0.086,False,False,False,,True
held_up,3,NOT autonomy AND social AND NOT small,autonomy;social;small,010,0.803,0.379,49,13,0.481,0.098,0.051,0.106,0.2,0.048,0.037,3,-0.086,False,False,False,,True
held_up,3,single_tax AND NOT investment AND contestation,single_tax;investment;contestation,101,0.803,0.375,56,11,0.423,0.083,0.179,0.064,0.0,0.048,0.259,3,-0.086,False,False,False,,True
held_up,3,local_tax_base AND NOT contestation AND balance,local_tax_base;contestation;balance,101,0.803,0.373,47,11,0.423,0.083,0.103,0.043,0.16,0.048,0.148,4,-0.086,False,False,False,,True
held_up,3,property_tax AND extracurricular AND NOT balance,property_tax;extracurricular;balance,110,0.803,0.371,45,8,0.381,0.061,0.026,0.106,0.0,0.095,0.0,2,-0.086,False,False,False,,False
held_up,3,property_tax AND NOT contestation AND NOT small,property_tax;contestation;small,100,0.803,0.371,37,4,0.222,0.03,0.026,0.043,0.04,0.0,0.037,3,-0.086,False,False,False,,True
held_up,3,property_tax AND NOT single_tax AND NOT payroll_pit,property_tax;single_tax;payroll_pit,100,0.803,0.367,43,11,0.478,0.083,0.051,0.021,0.16,0.19,0.074,3,-0.086,False,False,False,,True
held_up,3,single_tax AND NOT autonomy AND extracurricular,single_tax;autonomy;extracurricular,101,0.803,0.36,39,9,0.429,0.068,0.051,0.064,0.04,0.143,0.037,4,-0.086,False,False,False,,True
held_up,3,payroll_pit AND NOT contestation AND small,payroll_pit;contestation;small,101,0.803,0.359,53,13,0.5,0.098,0.077,0.17,0.08,0.0,0.111,3,-0.086,False,False,False,,True
held_up,3,local_tax_base AND NOT single_tax AND NOT contestation,local_tax_base;single_tax;contestation,100,0.803,0.357,46,12,0.48,0.091,0.128,0.064,0.12,0.048,0.185,4,-0.086,False,False,False,,True
held_up,3,NOT payroll_pit AND NOT contestation AND NOT balance,payroll_pit;contestation;balance,000,0.803,0.345,56,11,0.55,0.083,0.103,0.085,0.04,0.095,0.148,3,-0.086,False,False,False,,True
held_up,3,single_tax AND NOT social AND small,single_tax;social;small,101,0.803,0.344,43,6,0.353,0.045,0.026,0.064,0.04,0.048,0.037,4,-0.086,False,False,False,,True
held_up,3,NOT extracurricular AND contestation AND small,extracurricular;contestation;small,011,0.803,0.344,54,14,0.467,0.106,0.103,0.106,0.04,0.19,0.148,3,-0.086,False,False,False,,True
held_up,3,NOT social AND NOT extracurricular AND small,social;extracurricular;small,001,0.803,0.34,53,11,0.44,0.083,0.077,0.085,0.08,0.095,0.111,4,-0.086,False,False,False,,True
held_up,3,single_tax AND payroll_pit AND NOT autonomy,single_tax;payroll_pit;autonomy,110,0.803,0.336,32,4,0.267,0.03,0.026,0.064,0.0,0.0,0.0,2,-0.086,False,False,False,,False
held_up,3,NOT investment AND contestation AND small,investment;contestation;small,011,0.803,0.325,37,5,0.263,0.038,0.026,0.043,0.0,0.095,0.037,3,-0.086,False,False,False,,True
held_up,3,single_tax AND NOT autonomy AND NOT contestation,single_tax;autonomy;contestation,100,0.803,0.319,31,8,0.4,0.061,0.0,0.106,0.04,0.095,0.0,3,-0.086,False,False,False,,True
held_up,3,property_tax AND NOT autonomy AND NOT contestation,property_tax;autonomy;contestation,100,0.803,0.301,23,8,0.5,0.061,0.026,0.106,0.0,0.095,0.037,2,-0.086,False,False,False,,False
held_up,3,NOT social AND contestation AND NOT small,social;contestation;small,010,0.802,0.488,92,24,0.585,0.182,0.205,0.17,0.12,0.238,0.185,4,-0.087,False,False,False,,True
held_up,3,NOT single_tax AND social AND NOT education,single_tax;social;education,010,0.802,0.451,89,32,0.653,0.242,0.103,0.234,0.48,0.238,0.074,3,-0.087,False,False,False,,True
held_up,3,autonomy AND NOT investment AND NOT small,autonomy;investment;small,100,0.802,0.447,88,23,0.535,0.174,0.231,0.149,0.24,0.048,0.259,3,-0.087,False,False,False,,True
held_up,3,NOT investment AND NOT education AND extracurricular,investment;education;extracurricular,001,0.802,0.445,99,29,0.58,0.22,0.154,0.255,0.32,0.143,0.148,4,-0.087,False,False,False,,True
held_up,3,autonomy AND NOT culture AND balance,autonomy;culture;balance,101,0.802,0.439,78,22,0.564,0.167,0.205,0.191,0.08,0.143,0.148,3,-0.087,False,False,False,,True
held_up,3,investment AND culture AND NOT small,investment;culture;small,110,0.802,0.438,71,17,0.531,0.129,0.154,0.064,0.08,0.286,0.148,3,-0.087,False,False,False,,True
held_up,3,NOT single_tax AND social AND NOT culture,single_tax;social;culture,010,0.802,0.426,71,23,0.605,0.174,0.077,0.149,0.32,0.238,0.037,3,-0.087,False,False,False,,True
held_up,3,NOT payroll_pit AND NOT investment AND extracurricular,payroll_pit;investment;extracurricular,001,0.802,0.417,80,24,0.6,0.182,0.077,0.234,0.28,0.143,0.074,3,-0.087,False,False,False,,True
held_up,3,payroll_pit AND NOT education AND balance,payroll_pit;education;balance,101,0.802,0.417,67,15,0.517,0.114,0.154,0.064,0.04,0.238,0.111,3,-0.087,False,False,False,,True
held_up,3,NOT single_tax AND contestation AND NOT balance,single_tax;contestation;balance,010,0.802,0.416,87,23,0.561,0.174,0.179,0.17,0.16,0.19,0.148,4,-0.087,False,False,False,,True
held_up,3,investment AND extracurricular AND NOT balance,investment;extracurricular;balance,110,0.802,0.415,62,11,0.458,0.083,0.077,0.128,0.0,0.095,0.037,3,-0.087,False,False,False,,True
held_up,3,NOT local_tax_base AND contestation AND NOT balance,local_tax_base;contestation;balance,010,0.802,0.414,71,17,0.5,0.129,0.154,0.149,0.08,0.095,0.148,4,-0.087,False,False,False,,True
held_up,3,NOT single_tax AND NOT autonomy AND extracurricular,single_tax;autonomy;extracurricular,001,0.802,0.412,72,24,0.615,0.182,0.077,0.213,0.2,0.286,0.074,3,-0.087,False,False,False,,True
held_up,3,NOT autonomy AND contestation AND NOT small,autonomy;contestation;small,010,0.802,0.411,67,17,0.515,0.129,0.077,0.128,0.16,0.19,0.074,4,-0.087,False,False,False,,True
held_up,3,NOT local_tax_base AND NOT single_tax AND payroll_pit,local_tax_base;single_tax;payroll_pit,001,0.802,0.409,61,15,0.484,0.114,0.077,0.085,0.08,0.286,0.074,4,-0.087,False,False,False,,True
held_up,3,NOT local_tax_base AND NOT single_tax AND NOT balance,local_tax_base;single_tax;balance,000,0.802,0.407,77,17,0.515,0.129,0.154,0.128,0.12,0.095,0.148,4,-0.087,False,False,False,,True
held_up,3,NOT investment AND NOT culture AND contestation,investment;culture;contestation,001,0.802,0.407,68,18,0.581,0.136,0.077,0.149,0.16,0.19,0.074,4,-0.087,False,False,False,,True
held_up,3,NOT property_tax AND NOT autonomy AND contestation,property_tax;autonomy;contestation,001,0.802,0.405,72,20,0.526,0.152,0.128,0.191,0.12,0.143,0.148,4,-0.087,False,False,False,,True
held_up,3,autonomy AND culture AND small,autonomy;culture;small,111,0.802,0.403,70,20,0.556,0.152,0.154,0.149,0.16,0.143,0.222,4,-0.087,False,False,False,,True
held_up,3,local_tax_base AND NOT single_tax AND contestation,local_tax_base;single_tax;contestation,101,0.802,0.397,62,17,0.586,0.129,0.077,0.106,0.28,0.095,0.074,4,-0.087,False,False,False,,True
held_up,3,NOT property_tax AND single_tax AND NOT culture,property_tax;single_tax;culture,010,0.802,0.396,55,14,0.5,0.106,0.154,0.128,0.04,0.048,0.074,2,-0.087,False,False,False,,False
held_up,3,NOT investment AND culture AND NOT small,investment;culture;small,010,0.802,0.387,57,17,0.5,0.129,0.205,0.106,0.16,0.0,0.259,3,-0.087,False,False,False,,True
held_up,3,NOT local_tax_base AND NOT autonomy AND NOT culture,local_tax_base;autonomy;culture,000,0.802,0.384,62,16,0.516,0.121,0.0,0.191,0.16,0.143,0.0,3,-0.087,False,False,False,,True
held_up,3,culture AND NOT contestation AND NOT small,culture;contestation;small,100,0.802,0.384,57,13,0.433,0.098,0.026,0.128,0.12,0.143,0.0,3,-0.087,False,False,False,,True
held_up,3,local_tax_base AND NOT single_tax AND NOT extracurricular,local_tax_base;single_tax;extracurricular,100,0.802,0.381,62,18,0.529,0.136,0.154,0.085,0.24,0.095,0.222,4,-0.087,False,False,False,,True
held_up,3,NOT local_tax_base AND NOT payroll_pit AND balance,local_tax_base;payroll_pit;balance,001,0.802,0.381,63,23,0.639,0.174,0.051,0.255,0.24,0.143,0.074,3,-0.087,False,False,False,,True
held_up,3,single_tax AND extracurricular AND NOT balance,single_tax;extracurricular;balance,110,0.802,0.378,45,8,0.381,0.061,0.051,0.106,0.0,0.048,0.037,3,-0.087,False,False,False,,True
held_up,3,property_tax AND NOT contestation AND balance,property_tax;contestation;balance,101,0.802,0.375,48,11,0.458,0.083,0.103,0.064,0.12,0.048,0.148,4,-0.087,False,False,False,,True
held_up,3,NOT autonomy AND NOT balance AND NOT small,autonomy;balance;small,000,0.802,0.373,59,13,0.52,0.098,0.128,0.085,0.08,0.095,0.148,4,-0.087,False,False,False,,True
held_up,3,local_tax_base AND NOT property_tax AND balance,local_tax_base;property_tax;balance,101,0.802,0.37,42,12,0.462,0.091,0.026,0.085,0.2,0.095,0.037,3,-0.087,False,False,False,,True
held_up,3,property_tax AND NOT education AND NOT extracurricular,property_tax;education;extracurricular,100,0.802,0.37,44,7,0.333,0.053,0.077,0.021,0.04,0.095,0.074,3,-0.087,False,False,False,,True
held_up,3,local_tax_base AND social AND NOT contestation,local_tax_base;social;contestation,110,0.802,0.365,50,10,0.455,0.076,0.077,0.085,0.08,0.048,0.111,4,-0.087,False,False,False,,True
held_up,3,payroll_pit AND education AND NOT extracurricular,payroll_pit;education;extracurricular,110,0.802,0.363,54,14,0.519,0.106,0.077,0.149,0.08,0.095,0.111,4,-0.087,False,False,False,,True
held_up,3,single_tax AND NOT social AND culture,single_tax;social;culture,101,0.802,0.362,42,8,0.4,0.061,0.077,0.043,0.04,0.095,0.074,4,-0.087,False,False,False,,True
held_up,3,education AND NOT contestation AND NOT small,education;contestation;small,100,0.802,0.358,31,5,0.333,0.038,0.026,0.043,0.04,0.048,0.0,4,-0.087,False,False,False,,True
held_up,3,single_tax AND NOT autonomy AND social,single_tax;autonomy;social,101,0.802,0.345,36,7,0.333,0.053,0.026,0.085,0.0,0.095,0.0,2,-0.087,False,False,False,,False
held_up,3,NOT autonomy AND culture AND balance,autonomy;culture;balance,011,0.802,0.345,28,6,0.316,0.045,0.0,0.064,0.0,0.143,0.0,2,-0.087,False,False,False,,False
held_up,3,property_tax AND NOT education AND NOT contestation,property_tax;education;contestation,100,0.802,0.344,34,3,0.214,0.023,0.026,0.021,0.04,0.0,0.037,3,-0.087,False,False,False,,True
held_up,3,payroll_pit AND NOT autonomy AND education,payroll_pit;autonomy;education,101,0.802,0.336,35,5,0.294,0.038,0.026,0.085,0.0,0.0,0.0,2,-0.087,False,False,False,,False
held_up,3,single_tax AND NOT autonomy AND NOT investment,single_tax;autonomy;investment,100,0.802,0.332,34,6,0.333,0.045,0.051,0.021,0.04,0.095,0.074,3,-0.087,False,False,False,,True
held_up,3,payroll_pit AND NOT investment AND NOT contestation,payroll_pit;investment;contestation,100,0.802,0.331,36,4,0.211,0.03,0.051,0.043,0.0,0.0,0.0,2,-0.087,False,False,False,,False
held_up,3,NOT autonomy AND social AND NOT contestation,autonomy;social;contestation,010,0.802,0.331,41,14,0.56,0.106,0.026,0.17,0.12,0.095,0.037,3,-0.087,False,False,False,,True
held_up,3,NOT autonomy AND NOT contestation AND small,autonomy;contestation;small,001,0.802,0.311,31,10,0.556,0.076,0.0,0.17,0.0,0.095,0.0,2,-0.087,False,False,False,,False
held_up,3,NOT local_tax_base AND NOT social AND NOT small,local_tax_base;social;small,000,0.801,0.483,101,27,0.587,0.205,0.205,0.234,0.12,0.238,0.111,4,-0.088,False,False,False,,True
held_up,3,NOT single_tax AND NOT social AND extracurricular,single_tax;social;extracurricular,001,0.801,0.468,88,21,0.553,0.159,0.077,0.191,0.12,0.286,0.074,3,-0.088,False,False,False,,True
held_up,3,NOT single_tax AND NOT social AND contestation,single_tax;social;contestation,001,0.801,0.452,82,21,0.525,0.159,0.128,0.17,0.12,0.238,0.148,4,-0.088,False,False,False,,True
held_up,3,NOT local_tax_base AND NOT single_tax AND NOT social,local_tax_base;single_tax;social,000,0.801,0.449,87,22,0.564,0.167,0.103,0.191,0.16,0.238,0.111,4,-0.088,False,False,False,,True
held_up,3,autonomy AND investment AND NOT extracurricular,autonomy;investment;extracurricular,110,0.801,0.444,84,25,0.581,0.189,0.282,0.149,0.12,0.19,0.296,4,-0.088,False,False,False,,True
held_up,3,NOT culture AND NOT extracurricular AND NOT small,culture;extracurricular;small,000,0.801,0.439,69,18,0.462,0.136,0.205,0.106,0.16,0.048,0.185,3,-0.088,False,False,False,,True
held_up,3,autonomy AND NOT contestation AND NOT small,autonomy;contestation;small,100,0.801,0.436,83,18,0.429,0.136,0.154,0.149,0.16,0.048,0.074,3,-0.088,False,False,False,,True
held_up,3,culture AND NOT education AND NOT small,culture;education;small,100,0.801,0.434,75,19,0.5,0.144,0.154,0.106,0.16,0.19,0.185,4,-0.088,False,False,False,,True
held_up,3,NOT payroll_pit AND investment AND contestation,payroll_pit;investment;contestation,011,0.801,0.427,71,19,0.559,0.144,0.128,0.149,0.12,0.19,0.111,4,-0.088,False,False,False,,True
held_up,3,autonomy AND NOT contestation AND balance,autonomy;contestation;balance,101,0.801,0.426,82,23,0.489,0.174,0.205,0.149,0.24,0.095,0.185,4,-0.088,False,False,False,,True
held_up,3,NOT local_tax_base AND NOT single_tax AND social,local_tax_base;single_tax;social,001,0.801,0.425,78,28,0.622,0.212,0.128,0.255,0.24,0.238,0.148,4,-0.088,False,False,False,,True
held_up,3,autonomy AND NOT investment AND social,autonomy;investment;social,101,0.801,0.419,74,22,0.537,0.167,0.205,0.149,0.16,0.143,0.222,4,-0.088,False,False,False,,True
held_up,3,investment AND NOT social AND balance,investment;social;balance,101,0.801,0.413,57,16,0.485,0.121,0.154,0.085,0.04,0.238,0.111,3,-0.088,False,False,False,,True
held_up,3,NOT local_tax_base AND NOT investment AND NOT culture,local_tax_base;investment;culture,000,0.801,0.404,71,15,0.469,0.114,0.051,0.085,0.2,0.19,0.037,3,-0.088,False,False,False,,True
held_up,3,NOT payroll_pit AND contestation AND balance,payroll_pit;contestation;balance,011,0.801,0.402,61,17,0.548,0.129,0.077,0.128,0.2,0.143,0.074,4,-0.088,False,False,False,,True
held_up,3,local_tax_base AND autonomy AND NOT extracurricular,local_tax_base;autonomy;extracurricular,110,0.801,0.401,66,15,0.517,0.114,0.128,0.064,0.12,0.19,0.185,4,-0.088,False,False,False,,True
held_up,3,property_tax AND education AND NOT small,property_tax;education;small,110,0.801,0.4,45,12,0.5,0.091,0.154,0.064,0.08,0.048,0.185,4,-0.088,False,False,False,,True
held_up,3,NOT property_tax AND single_tax AND NOT education,property_tax;single_tax;education,010,0.801,0.398,52,10,0.4,0.076,0.103,0.085,0.04,0.048,0.037,4,-0.088,False,False,False,,True
held_up,3,NOT payroll_pit AND investment AND NOT extracurricular,payroll_pit;investment;extracurricular,010,0.801,0.398,73,19,0.5,0.144,0.154,0.149,0.16,0.095,0.222,4,-0.088,False,False,False,,True
held_up,3,NOT local_tax_base AND single_tax AND NOT education,local_tax_base;single_tax;education,010,0.801,0.394,53,9,0.36,0.068,0.128,0.085,0.0,0.0,0.037,2,-0.088,False,False,False,,False
held_up,3,single_tax AND autonomy AND NOT investment,single_tax;autonomy;investment,110,0.801,0.394,63,13,0.419,0.098,0.179,0.106,0.0,0.048,0.185,2,-0.088,False,False,False,,False
held_up,3,local_tax_base AND culture AND NOT small,local_tax_base;culture;small,110,0.801,0.393,45,8,0.4,0.061,0.077,0.021,0.12,0.048,0.074,3,-0.088,False,False,False,,True
held_up,3,single_tax AND NOT investment AND NOT small,single_tax;investment;small,100,0.801,0.383,53,11,0.379,0.083,0.205,0.043,0.04,0.0,0.222,2,-0.088,False,False,False,,False
held_up,3,NOT local_tax_base AND culture AND NOT contestation,local_tax_base;culture;contestation,010,0.801,0.376,62,20,0.526,0.152,0.077,0.213,0.16,0.143,0.074,4,-0.088,False,False,False,,True
held_up,3,NOT investment AND culture AND contestation,investment;culture;contestation,011,0.801,0.376,55,13,0.448,0.098,0.179,0.064,0.08,0.048,0.259,3,-0.088,False,False,False,,True
held_up,3,NOT social AND NOT contestation AND balance,social;contestation;balance,001,0.801,0.376,55,16,0.485,0.121,0.103,0.106,0.16,0.143,0.111,4,-0.088,False,False,False,,True
held_up,3,local_tax_base AND NOT investment AND social,local_tax_base;investment;social,101,0.801,0.366,46,10,0.417,0.076,0.051,0.043,0.16,0.095,0.037,4,-0.088,False,False,False,,True
held_up,3,NOT local_tax_base AND NOT investment AND NOT contestation,local_tax_base;investment;contestation,000,0.801,0.363,55,13,0.419,0.098,0.077,0.128,0.16,0.0,0.037,3,-0.088,False,False,False,,True
held_up,3,single_tax AND culture AND NOT balance,single_tax;culture;balance,110,0.801,0.36,50,13,0.542,0.098,0.051,0.17,0.04,0.095,0.037,3,-0.088,False,False,False,,True
held_up,3,NOT local_tax_base AND NOT autonomy AND balance,local_tax_base;autonomy;balance,001,0.801,0.359,46,15,0.577,0.114,0.0,0.149,0.16,0.19,0.0,3,-0.088,False,False,False,,True
held_up,3,NOT payroll_pit AND NOT investment AND NOT contestation,payroll_pit;investment;contestation,000,0.801,0.354,61,18,0.545,0.136,0.077,0.149,0.24,0.095,0.111,4,-0.088,False,False,False,,True
held_up,3,NOT autonomy AND social AND culture,autonomy;social;culture,011,0.801,0.346,36,7,0.333,0.053,0.026,0.106,0.0,0.048,0.0,2,-0.088,False,False,False,,False
held_up,3,property_tax AND NOT extracurricular AND NOT contestation,property_tax;extracurricular;contestation,100,0.801,0.343,46,12,0.545,0.091,0.051,0.128,0.08,0.095,0.074,4,-0.088,False,False,False,,True
held_up,3,NOT payroll_pit AND NOT autonomy AND education,payroll_pit;autonomy;education,001,0.801,0.335,36,9,0.529,0.068,0.051,0.085,0.0,0.143,0.074,3,-0.088,False,False,False,,True
held_up,3,local_tax_base AND education AND NOT extracurricular,local_tax_base;education;extracurricular,110,0.801,0.334,40,13,0.619,0.098,0.103,0.085,0.04,0.19,0.148,3,-0.088,False,False,False,,True
held_up,3,NOT single_tax AND extracurricular AND contestation,single_tax;extracurricular;contestation,011,0.8,0.475,96,24,0.6,0.182,0.077,0.191,0.24,0.286,0.037,3,-0.089,False,False,False,,True
held_up,3,local_tax_base AND NOT payroll_pit AND extracurricular,local_tax_base;payroll_pit;extracurricular,101,0.8,0.43,64,18,0.545,0.136,0.077,0.128,0.2,0.19,0.037,4,-0.089,False,False,False,,True
held_up,3,payroll_pit AND autonomy AND NOT balance,payroll_pit;autonomy;balance,110,0.8,0.43,81,13,0.382,0.098,0.077,0.149,0.08,0.048,0.037,3,-0.089,False,False,False,,True
held_up,3,autonomy AND education AND contestation,autonomy;education;contestation,111,0.8,0.428,73,20,0.488,0.152,0.256,0.106,0.08,0.143,0.296,4,-0.089,False,False,False,,True
held_up,3,investment AND NOT extracurricular AND contestation,investment;extracurricular;contestation,101,0.8,0.42,65,17,0.5,0.129,0.154,0.128,0.08,0.143,0.185,4,-0.089,False,False,False,,True
held_up,3,payroll_pit AND autonomy AND NOT extracurricular,payroll_pit;autonomy;extracurricular,110,0.8,0.417,77,20,0.541,0.152,0.179,0.149,0.08,0.19,0.148,4,-0.089,False,False,False,,True
held_up,3,single_tax AND NOT education AND balance,single_tax;education;balance,101,0.8,0.412,65,13,0.406,0.098,0.205,0.064,0.04,0.048,0.148,2,-0.089,False,False,False,,False
held_up,3,payroll_pit AND investment AND NOT balance,payroll_pit;investment;balance,110,0.8,0.4,67,14,0.452,0.106,0.103,0.17,0.04,0.048,0.037,2,-0.089,False,False,False,,False
held_up,3,NOT property_tax AND single_tax AND balance,property_tax;single_tax;balance,011,0.8,0.398,60,14,0.412,0.106,0.128,0.106,0.04,0.143,0.037,3,-0.089,False,False,False,,True
held_up,3,payroll_pit AND social AND NOT balance,payroll_pit;social;balance,110,0.8,0.396,65,10,0.345,0.076,0.077,0.106,0.04,0.048,0.037,4,-0.089,False,False,False,,True
held_up,3,autonomy AND education AND small,autonomy;education;small,111,0.8,0.394,69,18,0.514,0.136,0.154,0.128,0.12,0.143,0.222,4,-0.089,False,False,False,,True
held_up,3,local_tax_base AND contestation AND NOT balance,local_tax_base;contestation;balance,110,0.8,0.388,59,11,0.458,0.083,0.103,0.064,0.08,0.095,0.074,4,-0.089,False,False,False,,True
held_up,3,local_tax_base AND single_tax AND NOT education,local_tax_base;single_tax;education,110,0.8,0.386,49,7,0.318,0.053,0.103,0.021,0.04,0.048,0.111,3,-0.089,False,False,False,,True
held_up,3,local_tax_base AND NOT investment AND NOT education,local_tax_base;investment;education,100,0.8,0.384,60,17,0.5,0.129,0.128,0.128,0.24,0.0,0.148,3,-0.089,False,False,False,,True
held_up,3,investment AND balance AND small,investment;balance;small,111,0.8,0.384,53,14,0.5,0.106,0.154,0.043,0.12,0.143,0.222,3,-0.089,False,False,False,,True
held_up,3,property_tax AND contestation AND NOT balance,property_tax;contestation;balance,110,0.8,0.376,50,7,0.304,0.053,0.077,0.043,0.0,0.095,0.037,3,-0.089,False,False,False,,True
held_up,3,investment AND contestation AND small,investment;contestation;small,111,0.8,0.374,50,12,0.444,0.091,0.103,0.085,0.04,0.143,0.111,3,-0.089,False,False,False,,True
held_up,3,NOT local_tax_base AND property_tax AND NOT education,local_tax_base;property_tax;education,010,0.8,0.373,46,9,0.429,0.068,0.103,0.043,0.0,0.143,0.074,3,-0.089,False,False,False,,True
held_up,3,property_tax AND NOT investment AND NOT small,property_tax;investment;small,100,0.8,0.369,44,11,0.5,0.083,0.154,0.043,0.04,0.095,0.222,3,-0.089,False,False,False,,True
held_up,3,NOT autonomy AND NOT culture AND NOT balance,autonomy;culture;balance,000,0.8,0.368,66,18,0.581,0.136,0.128,0.191,0.08,0.095,0.148,4,-0.089,False,False,False,,True
held_up,3,NOT single_tax AND NOT autonomy AND NOT balance,single_tax;autonomy;balance,000,0.8,0.367,73,18,0.529,0.136,0.128,0.191,0.08,0.095,0.148,4,-0.089,False,False,False,,True
held_up,3,payroll_pit AND contestation AND small,payroll_pit;contestation;small,111,0.8,0.362,57,9,0.333,0.068,0.077,0.064,0.0,0.143,0.074,3,-0.089,False,False,False,,True
held_up,3,NOT autonomy AND social AND balance,autonomy;social;balance,011,0.8,0.362,42,11,0.44,0.083,0.0,0.085,0.2,0.095,0.0,3,-0.089,False,False,False,,True
held_up,3,NOT investment AND education AND NOT small,investment;education;small,010,0.8,0.355,35,6,0.316,0.045,0.128,0.021,0.0,0.0,0.148,1,-0.089,False,False,False,,False
held_up,3,local_tax_base AND education AND NOT balance,local_tax_base;education;balance,110,0.8,0.334,43,9,0.5,0.068,0.051,0.106,0.0,0.095,0.037,3,-0.089,False,False,False,,True
held_up,3,NOT contestation AND NOT balance AND small,contestation;balance;small,001,0.8,0.331,49,14,0.56,0.106,0.026,0.191,0.08,0.095,0.037,3,-0.089,False,False,False,,True
held_up,3,property_tax AND payroll_pit AND NOT autonomy,property_tax;payroll_pit;autonomy,110,0.8,0.314,26,4,0.308,0.03,0.026,0.064,0.0,0.0,0.0,2,-0.089,False,False,False,,False
held_up,3,NOT social AND NOT education AND extracurricular,social;education;extracurricular,001,0.799,0.492,103,26,0.578,0.197,0.103,0.234,0.16,0.333,0.111,4,-0.09,False,False,False,,True
held_up,3,NOT payroll_pit AND autonomy AND NOT education,payroll_pit;autonomy;education,010,0.799,0.464,85,23,0.605,0.174,0.154,0.17,0.32,0.048,0.148,3,-0.09,False,False,False,,True
held_up,3,autonomy AND NOT balance AND NOT small,autonomy;balance;small,100,0.799,0.461,83,12,0.414,0.091,0.154,0.064,0.08,0.048,0.111,4,-0.09,False,False,False,,True
held_up,3,NOT local_tax_base AND NOT social AND NOT culture,local_tax_base;social;culture,000,0.799,0.456,88,21,0.553,0.159,0.128,0.234,0.12,0.095,0.037,4,-0.09,False,False,False,,True
held_up,3,NOT single_tax AND investment AND contestation,single_tax;investment;contestation,011,0.799,0.451,85,24,0.585,0.182,0.179,0.17,0.16,0.238,0.185,4,-0.09,False,False,False,,True
held_up,3,NOT single_tax AND NOT culture AND NOT extracurricular,single_tax;culture;extracurricular,000,0.799,0.426,77,24,0.533,0.182,0.179,0.191,0.2,0.143,0.222,4,-0.09,False,False,False,,True
held_up,3,NOT culture AND extracurricular AND NOT balance,culture;extracurricular;balance,010,0.799,0.426,78,12,0.444,0.091,0.077,0.085,0.08,0.143,0.037,4,-0.09,False,False,False,,True
held_up,3,NOT property_tax AND contestation AND balance,property_tax;contestation;balance,011,0.799,0.425,66,19,0.559,0.144,0.051,0.213,0.12,0.19,0.037,3,-0.09,False,False,False,,True
held_up,3,NOT investment AND NOT social AND NOT culture,investment;social;culture,000,0.799,0.422,81,18,0.514,0.136,0.077,0.17,0.2,0.095,0.111,4,-0.09,False,False,False,,True
held_up,3,NOT property_tax AND NOT investment AND NOT social,property_tax;investment;social,000,0.799,0.417,80,20,0.526,0.152,0.103,0.191,0.24,0.048,0.148,3,-0.09,False,False,False,,True
held_up,3,local_tax_base AND NOT culture AND extracurricular,local_tax_base;culture;extracurricular,101,0.799,0.416,56,11,0.5,0.083,0.051,0.085,0.12,0.095,0.037,4,-0.09,False,False,False,,True
held_up,3,investment AND social AND NOT balance,investment;social;balance,110,0.799,0.407,64,13,0.5,0.098,0.103,0.17,0.0,0.048,0.074,2,-0.09,False,False,False,,False
held_up,3,local_tax_base AND autonomy AND NOT culture,local_tax_base;autonomy;culture,110,0.799,0.403,55,6,0.273,0.045,0.077,0.043,0.0,0.048,0.111,3,-0.09,False,False,False,,True
held_up,3,NOT social AND extracurricular AND NOT contestation,social;extracurricular;contestation,010,0.799,0.403,55,14,0.538,0.106,0.026,0.149,0.12,0.143,0.037,3,-0.09,False,False,False,,True
held_up,3,social AND extracurricular AND NOT balance,social;extracurricular;balance,110,0.799,0.4,52,8,0.381,0.061,0.051,0.085,0.04,0.048,0.0,4,-0.09,False,False,False,,True
held_up,3,NOT local_tax_base AND NOT single_tax AND NOT autonomy,local_tax_base;single_tax;autonomy,000,0.799,0.395,71,21,0.568,0.159,0.026,0.234,0.16,0.238,0.037,3,-0.09,False,False,False,,True
held_up,3,NOT local_tax_base AND single_tax AND NOT culture,local_tax_base;single_tax;culture,010,0.799,0.384,54,12,0.5,0.091,0.154,0.128,0.0,0.0,0.037,2,-0.09,False,False,False,,False
held_up,3,property_tax AND NOT single_tax AND NOT culture,property_tax;single_tax;culture,100,0.799,0.378,47,9,0.375,0.068,0.077,0.0,0.04,0.238,0.074,3,-0.09,False,False,False,,True
held_up,3,local_tax_base AND single_tax AND NOT culture,local_tax_base;single_tax;culture,110,0.799,0.375,45,6,0.3,0.045,0.051,0.043,0.04,0.048,0.074,4,-0.09,False,False,False,,True
held_up,3,NOT property_tax AND NOT autonomy AND NOT balance,property_tax;autonomy;balance,000,0.799,0.373,72,18,0.562,0.136,0.179,0.17,0.08,0.048,0.222,3,-0.09,False,False,False,,True
held_up,3,single_tax AND NOT social AND education,single_tax;social;education,101,0.799,0.364,44,9,0.5,0.068,0.103,0.064,0.04,0.048,0.074,4,-0.09,False,False,False,,True
held_up,3,NOT local_tax_base AND education AND NOT contestation,local_tax_base;education;contestation,010,0.799,0.359,51,14,0.538,0.106,0.077,0.149,0.12,0.048,0.074,3,-0.09,False,False,False,,True
held_up,3,culture AND NOT contestation AND small,culture;contestation;small,101,0.799,0.359,53,19,0.633,0.144,0.103,0.191,0.12,0.143,0.148,4,-0.09,False,False,False,,True
held_up,3,NOT local_tax_base AND property_tax AND NOT culture,local_tax_base;property_tax;culture,010,0.799,0.356,39,7,0.412,0.053,0.077,0.021,0.0,0.143,0.037,2,-0.09,False,False,False,,False
held_up,3,property_tax AND NOT culture AND NOT balance,property_tax;culture;balance,100,0.799,0.355,48,4,0.182,0.03,0.026,0.021,0.0,0.095,0.0,3,-0.09,False,False,False,,True
held_up,3,culture AND education AND NOT balance,culture;education;balance,110,0.799,0.351,53,15,0.556,0.114,0.103,0.17,0.04,0.095,0.111,3,-0.09,False,False,False,,True
held_up,3,local_tax_base AND NOT payroll_pit AND small,local_tax_base;payroll_pit;small,101,0.799,0.346,45,14,0.519,0.106,0.051,0.106,0.08,0.238,0.074,3,-0.09,False,False,False,,True
held_up,3,education AND NOT extracurricular AND small,education;extracurricular;small,101,0.799,0.342,63,20,0.606,0.152,0.128,0.17,0.12,0.19,0.185,4,-0.09,False,False,False,,True
held_up,3,NOT autonomy AND education AND balance,autonomy;education;balance,011,0.799,0.337,26,2,0.154,0.015,0.0,0.021,0.0,0.048,0.0,2,-0.09,False,False,False,,False
held_up,3,property_tax AND NOT autonomy AND extracurricular,property_tax;autonomy;extracurricular,101,0.799,0.333,35,8,0.421,0.061,0.026,0.064,0.04,0.143,0.0,3,-0.09,False,False,False,,True
held_up,3,payroll_pit AND NOT autonomy AND culture,payroll_pit;autonomy;culture,101,0.799,0.33,32,5,0.294,0.038,0.026,0.064,0.0,0.048,0.0,3,-0.09,False,False,False,,True
held_up,3,NOT investment AND extracurricular AND small,investment;extracurricular;small,011,0.799,0.325,29,4,0.267,0.03,0.0,0.064,0.0,0.048,0.0,2,-0.09,False,False,False,,False
held_up,3,NOT autonomy AND investment AND small,autonomy;investment;small,011,0.799,0.319,32,10,0.556,0.076,0.051,0.149,0.0,0.048,0.037,3,-0.09,False,False,False,,True
held_up,3,NOT single_tax AND social AND NOT small,single_tax;social;small,010,0.798,0.47,99,32,0.64,0.242,0.128,0.255,0.44,0.19,0.111,4,-0.091,False,False,False,,True
held_up,3,NOT education AND NOT extracurricular AND NOT small,education;extracurricular;small,000,0.798,0.464,88,22,0.489,0.167,0.231,0.128,0.24,0.048,0.222,3,-0.091,False,False,False,,True
held_up,3,extracurricular AND NOT balance AND NOT small,extracurricular;balance;small,100,0.798,0.453,85,13,0.433,0.098,0.128,0.064,0.08,0.143,0.111,4,-0.091,False,False,False,,True
held_up,3,NOT investment AND contestation AND NOT small,investment;contestation;small,010,0.798,0.449,86,26,0.634,0.197,0.231,0.17,0.24,0.143,0.296,4,-0.091,False,False,False,,True
held_up,3,NOT social AND extracurricular AND balance,social;extracurricular;balance,011,0.798,0.448,75,22,0.579,0.167,0.077,0.234,0.12,0.238,0.037,3,-0.091,False,False,False,,True
held_up,3,NOT social AND NOT education AND NOT extracurricular,social;education;extracurricular,000,0.798,0.438,81,18,0.409,0.136,0.205,0.106,0.16,0.048,0.222,3,-0.091,False,False,False,,True
held_up,3,NOT local_tax_base AND NOT property_tax AND payroll_pit,local_tax_base;property_tax;payroll_pit,001,0.798,0.434,77,19,0.463,0.144,0.128,0.149,0.08,0.238,0.0,4,-0.091,False,False,False,,True
held_up,3,NOT property_tax AND NOT education AND NOT extracurricular,property_tax;education;extracurricular,000,0.798,0.433,84,23,0.511,0.174,0.205,0.17,0.24,0.048,0.222,3,-0.091,False,False,False,,True
held_up,3,NOT education AND NOT extracurricular AND contestation,education;extracurricular;contestation,001,0.798,0.425,65,15,0.441,0.114,0.103,0.106,0.12,0.143,0.111,4,-0.091,False,False,False,,True
held_up,3,investment AND NOT social AND NOT balance,investment;social;balance,100,0.798,0.422,81,17,0.486,0.129,0.128,0.17,0.08,0.095,0.111,4,-0.091,False,False,False,,True
held_up,3,autonomy AND NOT investment AND balance,autonomy;investment;balance,101,0.798,0.421,81,23,0.535,0.174,0.205,0.17,0.16,0.143,0.222,4,-0.091,False,False,False,,True
held_up,3,NOT property_tax AND single_tax AND NOT small,property_tax;single_tax;small,010,0.798,0.42,67,15,0.417,0.114,0.179,0.106,0.04,0.095,0.074,3,-0.091,False,False,False,,True
held_up,3,investment AND NOT social AND NOT extracurricular,investment;social;extracurricular,100,0.798,0.413,76,18,0.45,0.136,0.179,0.128,0.12,0.095,0.185,4,-0.091,False,False,False,,True
held_up,3,property_tax AND autonomy AND NOT balance,property_tax;autonomy;balance,110,0.798,0.412,65,9,0.333,0.068,0.051,0.106,0.04,0.048,0.037,4,-0.091,False,False,False,,True
held_up,3,local_tax_base AND NOT extracurricular AND NOT small,local_tax_base;extracurricular;small,100,0.798,0.404,56,11,0.423,0.083,0.128,0.021,0.2,0.0,0.185,2,-0.091,False,False,False,,False
held_up,3,autonomy AND culture AND NOT contestation,autonomy;culture;contestation,110,0.798,0.404,78,21,0.568,0.159,0.128,0.17,0.24,0.095,0.148,4,-0.091,False,False,False,,True
held_up,3,NOT local_tax_base AND NOT education AND NOT contestation,local_tax_base;education;contestation,000,0.798,0.399,76,24,0.545,0.182,0.103,0.213,0.28,0.143,0.037,4,-0.091,False,False,False,,True
held_up,3,NOT payroll_pit AND extracurricular AND NOT contestation,payroll_pit;extracurricular;contestation,010,0.798,0.397,68,21,0.583,0.159,0.026,0.213,0.28,0.143,0.037,3,-0.091,False,False,False,,True
held_up,3,NOT local_tax_base AND NOT payroll_pit AND NOT autonomy,local_tax_base;payroll_pit;autonomy,000,0.798,0.39,73,21,0.568,0.159,0.051,0.234,0.16,0.19,0.074,3,-0.091,False,False,False,,True
held_up,3,NOT education AND NOT extracurricular AND NOT contestation,education;extracurricular;contestation,000,0.798,0.375,63,15,0.469,0.114,0.179,0.085,0.16,0.0,0.185,3,-0.091,False,False,False,,True
held_up,3,education AND NOT contestation AND balance,education;contestation;balance,101,0.798,0.374,46,12,0.462,0.091,0.103,0.085,0.08,0.095,0.111,4,-0.091,False,False,False,,True
held_up,3,local_tax_base AND NOT investment AND NOT culture,local_tax_base;investment;culture,100,0.798,0.372,54,13,0.5,0.098,0.103,0.128,0.12,0.0,0.111,3,-0.091,False,False,False,,True
held_up,3,NOT payroll_pit AND NOT contestation AND balance,payroll_pit;contestation;balance,001,0.798,0.371,71,26,0.553,0.197,0.077,0.213,0.4,0.143,0.111,3,-0.091,False,False,False,,True
held_up,3,local_tax_base AND NOT property_tax AND NOT extracurricular,local_tax_base;property_tax;extracurricular,100,0.798,0.369,55,13,0.481,0.098,0.128,0.085,0.16,0.0,0.185,3,-0.091,False,False,False,,True
held_up,3,NOT autonomy AND NOT culture AND NOT extracurricular,autonomy;culture;extracurricular,000,0.798,0.368,60,14,0.424,0.106,0.103,0.128,0.16,0.0,0.148,3,-0.091,False,False,False,,True
held_up,3,investment AND NOT extracurricular AND small,investment;extracurricular;small,101,0.798,0.364,66,18,0.529,0.136,0.128,0.149,0.12,0.143,0.185,4,-0.091,False,False,False,,True
held_up,3,NOT autonomy AND culture AND extracurricular,autonomy;culture;extracurricular,011,0.798,0.358,41,11,0.423,0.083,0.077,0.085,0.0,0.19,0.074,3,-0.091,False,False,False,,True
held_up,3,NOT investment AND NOT contestation AND balance,investment;contestation;balance,001,0.798,0.355,50,13,0.419,0.098,0.077,0.106,0.2,0.0,0.037,3,-0.091,False,False,False,,True
held_up,3,property_tax AND education AND NOT balance,property_tax;education;balance,110,0.798,0.354,50,13,0.542,0.098,0.026,0.191,0.04,0.095,0.0,2,-0.091,False,False,False,,False
held_up,3,NOT autonomy AND NOT education AND NOT contestation,autonomy;education;contestation,000,0.798,0.352,59,19,0.543,0.144,0.077,0.149,0.24,0.143,0.111,4,-0.091,False,False,False,,True
held_up,3,payroll_pit AND NOT balance AND small,payroll_pit;balance;small,101,0.798,0.336,52,10,0.417,0.076,0.026,0.17,0.04,0.0,0.0,2,-0.091,False,False,False,,False
held_up,3,NOT autonomy AND education AND NOT balance,autonomy;education;balance,010,0.798,0.315,45,12,0.571,0.091,0.077,0.149,0.0,0.095,0.074,3,-0.091,False,False,False,,True
held_up,3,NOT investment AND NOT balance AND small,investment;balance;small,001,0.798,0.314,39,10,0.476,0.076,0.051,0.106,0.04,0.095,0.074,4,-0.091,False,False,False,,True
held_up,3,property_tax AND NOT autonomy AND NOT investment,property_tax;autonomy;investment,100,0.798,0.308,30,5,0.294,0.038,0.026,0.021,0.0,0.143,0.037,3,-0.091,False,False,False,,True
held_up,3,NOT local_tax_base AND NOT balance AND NOT small,local_tax_base;balance;small,000,0.797,0.444,84,17,0.5,0.129,0.179,0.128,0.08,0.095,0.148,4,-0.092,False,False,False,,True
held_up,3,NOT local_tax_base AND culture AND NOT small,local_tax_base;culture;small,010,0.797,0.438,83,26,0.565,0.197,0.282,0.149,0.12,0.238,0.333,4,-0.092,False,False,False,,True
held_up,3,NOT property_tax AND social AND NOT culture,property_tax;social;culture,010,0.797,0.43,73,24,0.585,0.182,0.077,0.213,0.28,0.19,0.037,3,-0.092,False,False,False,,True
held_up,3,single_tax AND NOT education AND extracurricular,single_tax;education;extracurricular,101,0.797,0.422,65,12,0.375,0.091,0.154,0.085,0.04,0.048,0.111,3,-0.092,False,False,False,,True
held_up,3,autonomy AND extracurricular AND NOT contestation,autonomy;extracurricular;contestation,110,0.797,0.422,76,15,0.405,0.114,0.103,0.128,0.16,0.048,0.074,3,-0.092,False,False,False,,True
held_up,3,NOT property_tax AND NOT culture AND NOT extracurricular,property_tax;culture;extracurricular,000,0.797,0.421,79,23,0.535,0.174,0.205,0.191,0.2,0.048,0.222,3,-0.092,False,False,False,,True
held_up,3,payroll_pit AND education AND NOT small,payroll_pit;education;small,110,0.797,0.419,61,15,0.441,0.114,0.179,0.085,0.08,0.095,0.148,4,-0.092,False,False,False,,True
held_up,3,autonomy AND social AND NOT contestation,autonomy;social;contestation,110,0.797,0.416,78,19,0.475,0.144,0.154,0.149,0.2,0.048,0.148,3,-0.092,False,False,False,,True
held_up,3,payroll_pit AND autonomy AND NOT investment,payroll_pit;autonomy;investment,110,0.797,0.415,80,17,0.425,0.129,0.179,0.128,0.04,0.143,0.185,3,-0.092,False,False,False,,True
held_up,3,NOT local_tax_base AND investment AND NOT balance,local_tax_base;investment;balance,010,0.797,0.414,71,18,0.545,0.136,0.128,0.234,0.04,0.048,0.074,2,-0.092,False,False,False,,False
held_up,3,investment AND NOT extracurricular AND NOT balance,investment;extracurricular;balance,100,0.797,0.413,83,19,0.514,0.144,0.154,0.213,0.08,0.048,0.148,3,-0.092,False,False,False,,True
held_up,3,local_tax_base AND single_tax AND NOT small,local_tax_base;single_tax;small,110,0.797,0.411,51,7,0.304,0.053,0.103,0.021,0.04,0.048,0.111,3,-0.092,False,False,False,,True
held_up,3,NOT single_tax AND NOT social AND balance,single_tax;social;balance,001,0.797,0.411,64,21,0.568,0.159,0.103,0.191,0.12,0.238,0.148,4,-0.092,False,False,False,,True
held_up,3,social AND NOT contestation AND balance,social;contestation;balance,101,0.797,0.407,74,23,0.511,0.174,0.128,0.17,0.32,0.095,0.111,4,-0.092,False,False,False,,True
held_up,3,NOT local_tax_base AND NOT investment AND social,local_tax_base;investment;social,001,0.797,0.403,66,18,0.462,0.136,0.179,0.149,0.08,0.095,0.185,4,-0.092,False,False,False,,True
held_up,3,NOT local_tax_base AND payroll_pit AND NOT investment,local_tax_base;payroll_pit;investment,010,0.797,0.394,64,13,0.394,0.098,0.128,0.106,0.04,0.095,0.111,3,-0.092,False,False,False,,True
held_up,3,payroll_pit AND NOT contestation AND balance,payroll_pit;contestation;balance,101,0.797,0.39,58,13,0.419,0.098,0.154,0.064,0.08,0.095,0.111,4,-0.092,False,False,False,,True
held_up,3,single_tax AND NOT contestation AND balance,single_tax;contestation;balance,101,0.797,0.389,59,12,0.364,0.091,0.154,0.043,0.12,0.048,0.111,3,-0.092,False,False,False,,True
held_up,3,property_tax AND social AND NOT extracurricular,property_tax;social;extracurricular,110,0.797,0.385,64,19,0.559,0.144,0.128,0.149,0.12,0.19,0.148,4,-0.092,False,False,False,,True
held_up,3,NOT single_tax AND NOT autonomy AND NOT investment,single_tax;autonomy;investment,000,0.797,0.385,65,17,0.486,0.129,0.077,0.17,0.16,0.095,0.074,4,-0.092,False,False,False,,True
held_up,3,NOT autonomy AND investment AND NOT education,autonomy;investment;education,010,0.797,0.381,63,19,0.528,0.144,0.077,0.128,0.2,0.238,0.111,4,-0.092,False,False,False,,True
held_up,3,local_tax_base AND NOT single_tax AND NOT autonomy,local_tax_base;single_tax;autonomy,100,0.797,0.378,60,17,0.515,0.129,0.128,0.128,0.2,0.048,0.148,3,-0.092,False,False,False,,True
held_up,3,NOT property_tax AND NOT autonomy AND NOT extracurricular,property_tax;autonomy;extracurricular,000,0.797,0.371,69,14,0.4,0.106,0.077,0.149,0.16,0.0,0.111,3,-0.092,False,False,False,,True
held_up,3,property_tax AND NOT payroll_pit AND NOT education,property_tax;payroll_pit;education,100,0.797,0.37,44,9,0.409,0.068,0.051,0.021,0.12,0.143,0.037,3,-0.092,False,False,False,,True
held_up,3,local_tax_base AND property_tax AND NOT single_tax,local_tax_base;property_tax;single_tax,110,0.797,0.369,52,11,0.44,0.083,0.077,0.021,0.16,0.143,0.111,3,-0.092,False,False,False,,True
held_up,3,culture AND education AND NOT extracurricular,culture;education;extracurricular,110,0.797,0.364,58,19,0.594,0.144,0.128,0.149,0.12,0.19,0.185,4,-0.092,False,False,False,,True
held_up,3,social AND extracurricular AND small,social;extracurricular;small,111,0.797,0.363,43,9,0.429,0.068,0.077,0.085,0.04,0.048,0.074,4,-0.092,False,False,False,,True
held_up,3,single_tax AND education AND NOT balance,single_tax;education;balance,110,0.797,0.362,56,14,0.56,0.106,0.077,0.17,0.04,0.095,0.074,3,-0.092,False,False,False,,True
held_up,3,property_tax AND culture AND NOT balance,property_tax;culture;balance,110,0.797,0.358,50,14,0.583,0.106,0.051,0.191,0.04,0.095,0.037,2,-0.092,False,False,False,,False
held_up,3,NOT investment AND NOT culture AND NOT contestation,investment;culture;contestation,000,0.797,0.355,57,10,0.37,0.076,0.077,0.064,0.16,0.0,0.074,3,-0.092,False,False,False,,True
held_up,3,local_tax_base AND NOT contestation AND small,local_tax_base;contestation;small,101,0.797,0.352,45,12,0.571,0.091,0.051,0.128,0.04,0.143,0.074,3,-0.092,False,False,False,,True
held_up,3,property_tax AND NOT contestation AND NOT balance,property_tax;contestation;balance,100,0.797,0.34,48,11,0.478,0.083,0.0,0.17,0.04,0.095,0.0,2,-0.092,False,False,False,,False
held_up,3,NOT autonomy AND NOT contestation AND balance,autonomy;contestation;balance,001,0.797,0.338,47,16,0.516,0.121,0.026,0.128,0.24,0.143,0.037,3,-0.092,False,False,False,,True
held_up,3,culture AND NOT balance AND small,culture;balance;small,101,0.797,0.33,47,14,0.538,0.106,0.051,0.191,0.04,0.095,0.037,2,-0.092,False,False,False,,False
held_up,3,education AND NOT contestation AND NOT balance,education;contestation;balance,100,0.797,0.326,49,12,0.571,0.091,0.026,0.17,0.04,0.095,0.037,2,-0.092,False,False,False,,False
held_up,3,NOT autonomy AND NOT investment AND small,autonomy;investment;small,001,0.797,0.312,33,7,0.368,0.053,0.026,0.085,0.0,0.095,0.037,2,-0.092,False,False,False,,False
held_up,3,NOT property_tax AND autonomy AND extracurricular,property_tax;autonomy;extracurricular,011,0.796,0.477,99,24,0.533,0.182,0.103,0.234,0.24,0.143,0.0,4,-0.093,False,False,False,,True
held_up,3,NOT local_tax_base AND NOT single_tax AND autonomy,local_tax_base;single_tax;autonomy,001,0.796,0.462,94,29,0.617,0.22,0.205,0.213,0.24,0.238,0.222,4,-0.093,False,False,False,,True
held_up,3,NOT property_tax AND NOT social AND contestation,property_tax;social;contestation,001,0.796,0.457,91,23,0.561,0.174,0.179,0.213,0.12,0.143,0.185,4,-0.093,False,False,False,,True
held_up,3,NOT property_tax AND social AND extracurricular,property_tax;social;extracurricular,011,0.796,0.45,74,24,0.558,0.182,0.077,0.213,0.28,0.19,0.0,3,-0.093,False,False,False,,True
held_up,3,local_tax_base AND autonomy AND NOT small,local_tax_base;autonomy;small,110,0.796,0.446,66,12,0.444,0.091,0.154,0.064,0.12,0.0,0.185,3,-0.093,False,False,False,,True
held_up,3,NOT property_tax AND social AND NOT education,property_tax;social;education,010,0.796,0.44,74,26,0.619,0.197,0.077,0.234,0.36,0.143,0.037,3,-0.093,False,False,False,,True
held_up,3,NOT local_tax_base AND autonomy AND education,local_tax_base;autonomy;education,011,0.796,0.429,82,26,0.553,0.197,0.282,0.191,0.16,0.095,0.296,3,-0.093,False,False,False,,True
held_up,3,NOT single_tax AND NOT payroll_pit AND NOT extracurricular,single_tax;payroll_pit;extracurricular,000,0.796,0.427,87,28,0.56,0.212,0.231,0.191,0.32,0.095,0.333,3,-0.093,False,False,False,,True
held_up,3,local_tax_base AND NOT property_tax AND NOT small,local_tax_base;property_tax;small,100,0.796,0.425,68,18,0.581,0.136,0.128,0.106,0.28,0.048,0.148,3,-0.093,False,False,False,,True
held_up,3,NOT local_tax_base AND NOT education AND NOT balance,local_tax_base;education;balance,000,0.796,0.425,82,17,0.459,0.129,0.128,0.149,0.12,0.095,0.074,4,-0.093,False,False,False,,True
held_up,3,social AND education AND NOT small,social;education;small,110,0.796,0.422,63,14,0.424,0.106,0.154,0.085,0.08,0.095,0.185,4,-0.093,False,False,False,,True
held_up,3,NOT property_tax AND social AND balance,property_tax;social;balance,011,0.796,0.418,69,23,0.523,0.174,0.051,0.191,0.32,0.19,0.0,3,-0.093,False,False,False,,True
held_up,3,single_tax AND NOT education AND contestation,single_tax;education;contestation,101,0.796,0.415,61,10,0.385,0.076,0.128,0.085,0.0,0.048,0.111,3,-0.093,False,False,False,,True
held_up,3,NOT education AND extracurricular AND NOT contestation,education;extracurricular;contestation,010,0.796,0.414,72,20,0.5,0.152,0.051,0.17,0.28,0.143,0.037,3,-0.093,False,False,False,,True
held_up,3,NOT local_tax_base AND autonomy AND NOT contestation,local_tax_base;autonomy;contestation,010,0.796,0.413,80,23,0.523,0.174,0.179,0.191,0.24,0.048,0.111,3,-0.093,False,False,False,,True
held_up,3,investment AND NOT culture AND NOT extracurricular,investment;culture;extracurricular,100,0.796,0.412,74,21,0.512,0.159,0.231,0.149,0.12,0.095,0.222,4,-0.093,False,False,False,,True
held_up,3,culture AND NOT education AND balance,culture;education;balance,101,0.796,0.408,68,19,0.475,0.144,0.103,0.128,0.2,0.19,0.111,4,-0.093,False,False,False,,True
held_up,3,single_tax AND autonomy AND NOT extracurricular,single_tax;autonomy;extracurricular,110,0.796,0.404,69,13,0.464,0.098,0.103,0.106,0.08,0.095,0.074,4,-0.093,False,False,False,,True
held_up,3,local_tax_base AND NOT investment AND NOT small,local_tax_base;investment;small,100,0.796,0.394,59,15,0.484,0.114,0.128,0.085,0.24,0.0,0.148,3,-0.093,False,False,False,,True
held_up,3,payroll_pit AND culture AND NOT extracurricular,payroll_pit;culture;extracurricular,110,0.796,0.382,64,16,0.552,0.121,0.103,0.17,0.08,0.095,0.148,4,-0.093,False,False,False,,True
held_up,3,NOT autonomy AND NOT social AND NOT balance,autonomy;social;balance,000,0.796,0.371,67,16,0.5,0.121,0.128,0.128,0.08,0.143,0.185,4,-0.093,False,False,False,,True
held_up,3,NOT culture AND NOT contestation AND balance,culture;contestation;balance,001,0.796,0.371,63,18,0.474,0.136,0.128,0.106,0.28,0.048,0.111,3,-0.093,False,False,False,,True
held_up,3,local_tax_base AND NOT investment AND NOT social,local_tax_base;investment;social,100,0.796,0.37,52,13,0.464,0.098,0.103,0.128,0.08,0.048,0.148,3,-0.093,False,False,False,,True
held_up,3,culture AND contestation AND small,culture;contestation;small,111,0.796,0.364,52,9,0.333,0.068,0.077,0.064,0.04,0.095,0.074,4,-0.093,False,False,False,,True
held_up,3,NOT property_tax AND NOT investment AND NOT contestation,property_tax;investment;contestation,000,0.796,0.362,63,15,0.417,0.114,0.103,0.106,0.24,0.0,0.074,3,-0.093,False,False,False,,True
held_up,3,local_tax_base AND culture AND NOT extracurricular,local_tax_base;culture;extracurricular,110,0.796,0.361,54,12,0.522,0.091,0.051,0.064,0.12,0.19,0.074,4,-0.093,False,False,False,,True
held_up,3,local_tax_base AND NOT autonomy AND social,local_tax_base;autonomy;social,101,0.796,0.357,46,10,0.435,0.076,0.077,0.064,0.08,0.095,0.037,4,-0.093,False,False,False,,True
held_up,3,NOT autonomy AND investment AND NOT balance,autonomy;investment;balance,010,0.796,0.354,59,16,0.552,0.121,0.103,0.213,0.04,0.048,0.111,2,-0.093,False,False,False,,False
held_up,3,NOT autonomy AND NOT investment AND culture,autonomy;investment;culture,001,0.796,0.329,35,5,0.25,0.038,0.026,0.043,0.0,0.095,0.037,3,-0.093,False,False,False,,True
held_up,3,property_tax AND NOT investment AND NOT contestation,property_tax;investment;contestation,100,0.796,0.326,34,7,0.438,0.053,0.026,0.085,0.0,0.095,0.037,2,-0.093,False,False,False,,False
held_up,3,NOT payroll_pit AND NOT social AND extracurricular,payroll_pit;social;extracurricular,001,0.795,0.46,91,24,0.585,0.182,0.103,0.213,0.16,0.286,0.111,4,-0.094,False,False,False,,True
held_up,3,autonomy AND contestation AND NOT balance,autonomy;contestation;balance,110,0.795,0.439,74,12,0.4,0.091,0.103,0.085,0.08,0.095,0.074,4,-0.094,False,False,False,,True
held_up,3,NOT investment AND NOT culture AND extracurricular,investment;culture;extracurricular,001,0.795,0.434,87,21,0.553,0.159,0.103,0.17,0.24,0.143,0.074,4,-0.094,False,False,False,,True
held_up,3,NOT social AND NOT culture AND NOT extracurricular,social;culture;extracurricular,000,0.795,0.428,79,20,0.465,0.152,0.231,0.128,0.16,0.048,0.259,3,-0.094,False,False,False,,True
held_up,3,local_tax_base AND social AND NOT small,local_tax_base;social;small,110,0.795,0.427,60,10,0.4,0.076,0.103,0.021,0.2,0.0,0.074,2,-0.094,False,False,False,,False
held_up,3,local_tax_base AND autonomy AND extracurricular,local_tax_base;autonomy;extracurricular,111,0.795,0.423,57,8,0.364,0.061,0.103,0.043,0.08,0.0,0.111,3,-0.094,False,False,False,,True
held_up,3,NOT property_tax AND NOT social AND NOT balance,property_tax;social;balance,000,0.795,0.423,96,19,0.5,0.144,0.205,0.128,0.16,0.048,0.222,3,-0.094,False,False,False,,True
held_up,3,social AND NOT culture AND balance,social;culture;balance,101,0.795,0.417,71,20,0.513,0.152,0.077,0.106,0.28,0.238,0.037,4,-0.094,False,False,False,,True
held_up,3,NOT property_tax AND investment AND balance,property_tax;investment;balance,011,0.795,0.415,66,25,0.595,0.189,0.103,0.191,0.2,0.333,0.074,4,-0.094,False,False,False,,True
held_up,3,single_tax AND autonomy AND NOT contestation,single_tax;autonomy;contestation,110,0.795,0.411,78,16,0.444,0.121,0.179,0.106,0.12,0.048,0.111,3,-0.094,False,False,False,,True
held_up,3,NOT local_tax_base AND NOT autonomy AND NOT small,local_tax_base;autonomy;small,000,0.795,0.404,69,20,0.541,0.152,0.051,0.191,0.16,0.238,0.074,3,-0.094,False,False,False,,True
held_up,3,NOT local_tax_base AND investment AND NOT contestation,local_tax_base;investment;contestation,010,0.795,0.4,72,25,0.641,0.189,0.103,0.234,0.24,0.19,0.074,4,-0.094,False,False,False,,True
held_up,3,NOT single_tax AND NOT social AND NOT contestation,single_tax;social;contestation,000,0.795,0.399,72,18,0.514,0.136,0.103,0.149,0.16,0.143,0.148,4,-0.094,False,False,False,,True
held_up,3,local_tax_base AND NOT property_tax AND NOT social,local_tax_base;property_tax;social,100,0.795,0.397,65,16,0.471,0.121,0.128,0.128,0.16,0.048,0.185,3,-0.094,False,False,False,,True
held_up,3,NOT single_tax AND NOT investment AND balance,single_tax;investment;balance,001,0.795,0.396,70,23,0.59,0.174,0.051,0.234,0.28,0.143,0.074,3,-0.094,False,False,False,,True
held_up,3,NOT local_tax_base AND NOT single_tax AND NOT contestation,local_tax_base;single_tax;contestation,000,0.795,0.395,75,23,0.605,0.174,0.051,0.234,0.28,0.143,0.074,3,-0.094,False,False,False,,True
held_up,3,local_tax_base AND NOT autonomy AND NOT education,local_tax_base;autonomy;education,100,0.795,0.384,66,17,0.447,0.129,0.128,0.085,0.24,0.095,0.148,4,-0.094,False,False,False,,True
held_up,3,local_tax_base AND NOT culture AND balance,local_tax_base;culture;balance,101,0.795,0.383,50,11,0.407,0.083,0.077,0.064,0.16,0.048,0.111,4,-0.094,False,False,False,,True
held_up,3,NOT single_tax AND NOT contestation AND balance,single_tax;contestation;balance,001,0.795,0.382,70,27,0.6,0.205,0.077,0.234,0.36,0.19,0.111,3,-0.094,False,False,False,,True
held_up,3,property_tax AND balance AND small,property_tax;balance;small,111,0.795,0.38,60,13,0.419,0.098,0.128,0.043,0.12,0.143,0.185,3,-0.094,False,False,False,,True
held_up,3,property_tax AND NOT extracurricular AND contestation,property_tax;extracurricular;contestation,101,0.795,0.376,55,13,0.448,0.098,0.128,0.043,0.08,0.19,0.148,3,-0.094,False,False,False,,True
held_up,3,property_tax AND NOT investment AND balance,property_tax;investment;balance,101,0.795,0.365,53,13,0.464,0.098,0.154,0.064,0.04,0.143,0.222,3,-0.094,False,False,False,,True
held_up,3,property_tax AND NOT contestation AND small,property_tax;contestation;small,101,0.795,0.365,59,18,0.621,0.136,0.077,0.191,0.12,0.143,0.111,4,-0.094,False,False,False,,True
held_up,3,NOT autonomy AND investment AND balance,autonomy;investment;balance,011,0.795,0.356,39,12,0.5,0.091,0.0,0.064,0.16,0.238,0.0,3,-0.094,False,False,False,,True
held_up,3,NOT culture AND NOT extracurricular AND NOT contestation,culture;extracurricular;contestation,000,0.795,0.356,56,13,0.448,0.098,0.179,0.064,0.12,0.0,0.185,3,-0.094,False,False,False,,True
held_up,3,NOT culture AND NOT contestation AND NOT balance,culture;contestation;balance,000,0.795,0.351,57,9,0.429,0.068,0.103,0.085,0.04,0.0,0.111,3,-0.094,False,False,False,,True
held_up,3,NOT investment AND culture AND NOT contestation,investment;culture;contestation,010,0.795,0.336,40,12,0.48,0.091,0.051,0.128,0.08,0.095,0.037,4,-0.094,False,False,False,,True
held_up,3,NOT investment AND culture AND small,investment;culture;small,011,0.795,0.327,38,8,0.4,0.061,0.026,0.085,0.0,0.143,0.037,2,-0.094,False,False,False,,False
held_up,3,NOT local_tax_base AND NOT single_tax AND contestation,local_tax_base;single_tax;contestation,001,0.794,0.457,90,27,0.587,0.205,0.179,0.213,0.12,0.333,0.185,4,-0.095,False,False,False,,True
held_up,3,NOT social AND balance AND NOT small,social;balance;small,010,0.794,0.455,85,29,0.604,0.22,0.205,0.255,0.16,0.238,0.185,4,-0.095,False,False,False,,True
held_up,3,NOT social AND NOT education AND balance,social;education;balance,001,0.794,0.436,82,26,0.565,0.197,0.154,0.234,0.16,0.238,0.185,4,-0.095,False,False,False,,True
held_up,3,NOT investment AND extracurricular AND contestation,investment;extracurricular;contestation,011,0.794,0.435,85,22,0.55,0.167,0.179,0.17,0.16,0.143,0.222,4,-0.095,False,False,False,,True
held_up,3,local_tax_base AND autonomy AND social,local_tax_base;autonomy;social,111,0.794,0.434,66,15,0.5,0.114,0.128,0.064,0.2,0.095,0.148,4,-0.095,False,False,False,,True
held_up,3,local_tax_base AND NOT social AND NOT small,local_tax_base;social;small,100,0.794,0.429,69,16,0.471,0.121,0.154,0.085,0.16,0.095,0.222,4,-0.095,False,False,False,,True
held_up,3,NOT property_tax AND NOT autonomy AND extracurricular,property_tax;autonomy;extracurricular,001,0.794,0.421,76,25,0.61,0.189,0.103,0.213,0.2,0.286,0.111,4,-0.095,False,False,False,,True
held_up,3,single_tax AND NOT culture AND extracurricular,single_tax;culture;extracurricular,101,0.794,0.419,64,14,0.5,0.106,0.103,0.17,0.04,0.048,0.037,2,-0.095,False,False,False,,False
held_up,3,NOT social AND NOT education AND NOT contestation,social;education;contestation,000,0.794,0.417,81,21,0.5,0.159,0.179,0.149,0.2,0.095,0.185,4,-0.095,False,False,False,,True
held_up,3,NOT payroll_pit AND NOT investment AND NOT social,payroll_pit;investment;social,000,0.794,0.412,83,23,0.561,0.174,0.128,0.191,0.24,0.143,0.185,4,-0.095,False,False,False,,True
held_up,3,culture AND NOT contestation AND balance,culture;contestation;balance,101,0.794,0.397,66,21,0.525,0.159,0.103,0.17,0.2,0.19,0.111,4,-0.095,False,False,False,,True
held_up,3,NOT local_tax_base AND property_tax AND education,local_tax_base;property_tax;education,011,0.794,0.395,62,20,0.571,0.152,0.179,0.17,0.16,0.048,0.222,3,-0.095,False,False,False,,True
held_up,3,property_tax AND NOT education AND balance,property_tax;education;balance,101,0.794,0.394,61,13,0.481,0.098,0.154,0.021,0.12,0.143,0.148,3,-0.095,False,False,False,,True
held_up,3,local_tax_base AND payroll_pit AND balance,local_tax_base;payroll_pit;balance,111,0.794,0.391,49,9,0.391,0.068,0.128,0.043,0.0,0.095,0.185,3,-0.095,False,False,False,,True
held_up,3,NOT autonomy AND NOT investment AND extracurricular,autonomy;investment;extracurricular,001,0.794,0.388,66,17,0.486,0.129,0.077,0.149,0.16,0.143,0.074,4,-0.095,False,False,False,,True
held_up,3,culture AND balance AND small,culture;balance;small,111,0.794,0.388,58,14,0.452,0.106,0.128,0.064,0.12,0.143,0.185,4,-0.095,False,False,False,,True
held_up,3,NOT local_tax_base AND social AND NOT contestation,local_tax_base;social;contestation,010,0.794,0.387,69,23,0.535,0.174,0.103,0.234,0.24,0.095,0.074,4,-0.095,False,False,False,,True
held_up,3,NOT single_tax AND investment AND NOT contestation,single_tax;investment;contestation,010,0.794,0.385,65,21,0.618,0.159,0.103,0.17,0.2,0.19,0.148,4,-0.095,False,False,False,,True
held_up,3,local_tax_base AND NOT autonomy AND contestation,local_tax_base;autonomy;contestation,101,0.794,0.38,61,15,0.455,0.114,0.103,0.085,0.16,0.143,0.074,4,-0.095,False,False,False,,True
held_up,3,NOT autonomy AND contestation AND balance,autonomy;contestation;balance,011,0.794,0.367,45,8,0.333,0.061,0.0,0.064,0.08,0.143,0.0,3,-0.095,False,False,False,,True
held_up,3,local_tax_base AND balance AND small,local_tax_base;balance;small,111,0.794,0.36,47,11,0.423,0.083,0.077,0.043,0.08,0.19,0.111,4,-0.095,False,False,False,,True
held_up,3,local_tax_base AND NOT property_tax AND NOT contestation,local_tax_base;property_tax;contestation,100,0.794,0.348,40,9,0.45,0.068,0.103,0.043,0.12,0.0,0.148,3,-0.095,False,False,False,,True
held_up,3,local_tax_base AND culture AND NOT balance,local_tax_base;culture;balance,110,0.794,0.341,42,6,0.375,0.045,0.026,0.064,0.0,0.095,0.0,3,-0.095,False,False,False,,True
held_up,3,NOT autonomy AND investment AND education,autonomy;investment;education,011,0.794,0.329,35,9,0.529,0.068,0.026,0.149,0.0,0.048,0.0,2,-0.095,False,False,False,,False
held_up,3,property_tax AND NOT autonomy AND social,property_tax;autonomy;social,101,0.794,0.319,32,6,0.333,0.045,0.026,0.064,0.04,0.048,0.0,4,-0.095,False,False,False,,True
held_up,3,NOT autonomy AND NOT balance AND small,autonomy;balance;small,001,0.794,0.312,46,14,0.538,0.106,0.077,0.191,0.0,0.095,0.074,3,-0.095,False,False,False,,True
held_up,3,NOT social AND NOT culture AND contestation,social;culture;contestation,001,0.793,0.48,100,23,0.511,0.174,0.128,0.234,0.12,0.19,0.111,4,-0.096,False,False,False,,True
held_up,3,NOT property_tax AND NOT social AND extracurricular,property_tax;social;extracurricular,001,0.793,0.475,101,25,0.581,0.189,0.128,0.234,0.16,0.238,0.111,4,-0.096,False,False,False,,True
held_up,3,NOT single_tax AND investment AND extracurricular,single_tax;investment;extracurricular,011,0.793,0.454,82,20,0.541,0.152,0.051,0.149,0.2,0.286,0.037,3,-0.096,False,False,False,,True
held_up,3,NOT property_tax AND investment AND contestation,property_tax;investment;contestation,011,0.793,0.447,77,20,0.541,0.152,0.103,0.213,0.08,0.19,0.074,4,-0.096,False,False,False,,True
held_up,3,NOT single_tax AND investment AND NOT social,single_tax;investment;social,010,0.793,0.445,81,22,0.537,0.167,0.154,0.17,0.08,0.286,0.185,3,-0.096,False,False,False,,True
held_up,3,NOT single_tax AND NOT education AND NOT extracurricular,single_tax;education;extracurricular,000,0.793,0.443,91,26,0.51,0.197,0.205,0.17,0.28,0.143,0.259,4,-0.096,False,False,False,,True
held_up,3,NOT local_tax_base AND NOT property_tax AND social,local_tax_base;property_tax;social,001,0.793,0.441,79,26,0.542,0.197,0.103,0.255,0.24,0.19,0.074,4,-0.096,False,False,False,,True
held_up,3,NOT property_tax AND NOT investment AND extracurricular,property_tax;investment;extracurricular,001,0.793,0.437,94,25,0.521,0.189,0.128,0.234,0.32,0.048,0.074,3,-0.096,False,False,False,,True
held_up,3,autonomy AND NOT investment AND extracurricular,autonomy;investment;extracurricular,101,0.793,0.437,85,20,0.476,0.152,0.179,0.17,0.16,0.048,0.185,3,-0.096,False,False,False,,True
held_up,3,NOT local_tax_base AND NOT payroll_pit AND NOT culture,local_tax_base;payroll_pit;culture,000,0.793,0.436,85,24,0.6,0.182,0.051,0.255,0.28,0.143,0.037,3,-0.096,False,False,False,,True
held_up,3,NOT culture AND contestation AND balance,culture;contestation;balance,011,0.793,0.436,79,22,0.595,0.167,0.103,0.213,0.12,0.238,0.074,4,-0.096,False,False,False,,True
held_up,3,NOT local_tax_base AND NOT property_tax AND NOT investment,local_tax_base;property_tax;investment,000,0.793,0.432,89,21,0.488,0.159,0.154,0.149,0.24,0.095,0.148,4,-0.096,False,False,False,,True
held_up,3,property_tax AND culture AND NOT small,property_tax;culture;small,110,0.793,0.419,68,16,0.5,0.121,0.231,0.064,0.12,0.048,0.259,3,-0.096,False,False,False,,True
held_up,3,NOT property_tax AND NOT payroll_pit AND NOT extracurricular,property_tax;payroll_pit;extracurricular,000,0.793,0.413,87,24,0.522,0.182,0.231,0.191,0.24,0.0,0.333,3,-0.096,False,False,False,,True
held_up,3,NOT payroll_pit AND NOT autonomy AND contestation,payroll_pit;autonomy;contestation,001,0.793,0.41,81,23,0.511,0.174,0.128,0.191,0.16,0.238,0.148,4,-0.096,False,False,False,,True
held_up,3,NOT single_tax AND extracurricular AND NOT contestation,single_tax;extracurricular;contestation,010,0.793,0.406,67,19,0.543,0.144,0.026,0.191,0.24,0.143,0.037,3,-0.096,False,False,False,,True
held_up,3,NOT local_tax_base AND property_tax AND culture,local_tax_base;property_tax;culture,011,0.793,0.405,69,22,0.564,0.167,0.205,0.191,0.16,0.048,0.259,3,-0.096,False,False,False,,True
held_up,3,investment AND social AND NOT contestation,investment;social;contestation,110,0.793,0.4,69,22,0.611,0.167,0.103,0.213,0.24,0.095,0.148,4,-0.096,False,False,False,,True
held_up,3,property_tax AND NOT single_tax AND NOT education,property_tax;single_tax;education,100,0.793,0.396,59,12,0.444,0.091,0.077,0.021,0.12,0.238,0.074,3,-0.096,False,False,False,,True
held_up,3,NOT autonomy AND social AND extracurricular,autonomy;social;extracurricular,011,0.793,0.381,51,14,0.5,0.106,0.051,0.128,0.16,0.095,0.0,3,-0.096,False,False,False,,True
held_up,3,NOT single_tax AND NOT autonomy AND investment,single_tax;autonomy;investment,001,0.793,0.38,66,21,0.6,0.159,0.077,0.191,0.2,0.19,0.111,3,-0.096,False,False,False,,True
held_up,3,local_tax_base AND social AND small,local_tax_base;social;small,111,0.793,0.358,52,15,0.536,0.114,0.103,0.106,0.08,0.19,0.111,4,-0.096,False,False,False,,True
held_up,3,local_tax_base AND NOT extracurricular AND NOT contestation,local_tax_base;extracurricular;contestation,100,0.793,0.357,57,12,0.444,0.091,0.128,0.064,0.08,0.095,0.185,4,-0.096,False,False,False,,True
held_up,3,single_tax AND NOT balance AND small,single_tax;balance;small,101,0.793,0.346,56,14,0.56,0.106,0.051,0.191,0.04,0.095,0.037,2,-0.096,False,False,False,,False
held_up,3,local_tax_base AND NOT investment AND NOT contestation,local_tax_base;investment;contestation,100,0.793,0.34,42,9,0.429,0.068,0.051,0.064,0.08,0.095,0.074,4,-0.096,False,False,False,,True
held_up,3,NOT autonomy AND NOT investment AND NOT contestation,autonomy;investment;contestation,000,0.793,0.337,48,12,0.462,0.091,0.051,0.106,0.12,0.095,0.074,4,-0.096,False,False,False,,True
held_up,3,NOT social AND extracurricular AND NOT small,social;extracurricular;small,010,0.792,0.514,113,30,0.612,0.227,0.179,0.255,0.16,0.333,0.148,4,-0.097,False,False,False,,True
held_up,3,NOT property_tax AND extracurricular AND contestation,property_tax;extracurricular;contestation,011,0.792,0.481,98,27,0.614,0.205,0.128,0.255,0.2,0.238,0.074,4,-0.097,False,False,False,,True
held_up,3,NOT local_tax_base AND NOT property_tax AND NOT social,local_tax_base;property_tax;social,000,0.792,0.473,109,27,0.562,0.205,0.205,0.234,0.16,0.19,0.148,4,-0.097,False,False,False,,True
held_up,3,NOT property_tax AND autonomy AND NOT culture,property_tax;autonomy;culture,010,0.792,0.468,94,26,0.591,0.197,0.205,0.234,0.2,0.095,0.111,3,-0.097,False,False,False,,True
held_up,3,NOT payroll_pit AND extracurricular AND balance,payroll_pit;extracurricular;balance,011,0.792,0.439,87,30,0.612,0.227,0.026,0.298,0.4,0.238,0.0,3,-0.097,False,False,False,,True
held_up,3,investment AND NOT education AND NOT extracurricular,investment;education;extracurricular,100,0.792,0.435,86,21,0.488,0.159,0.231,0.149,0.12,0.095,0.222,4,-0.097,False,False,False,,True
held_up,3,autonomy AND investment AND NOT contestation,autonomy;investment;contestation,110,0.792,0.432,85,22,0.564,0.167,0.205,0.149,0.2,0.095,0.222,4,-0.097,False,False,False,,True
held_up,3,payroll_pit AND NOT education AND contestation,payroll_pit;education;contestation,101,0.792,0.43,82,18,0.5,0.136,0.154,0.106,0.08,0.238,0.148,4,-0.097,False,False,False,,True
held_up,3,NOT local_tax_base AND NOT single_tax AND balance,local_tax_base;single_tax;balance,001,0.792,0.429,88,33,0.647,0.25,0.077,0.319,0.28,0.381,0.111,3,-0.097,False,False,False,,True
held_up,3,NOT investment AND social AND NOT small,investment;social;small,010,0.792,0.426,79,19,0.442,0.144,0.205,0.085,0.24,0.048,0.185,3,-0.097,False,False,False,,True
held_up,3,NOT social AND NOT culture AND balance,social;culture;balance,001,0.792,0.425,71,20,0.556,0.152,0.154,0.213,0.12,0.048,0.148,3,-0.097,False,False,False,,True
held_up,3,NOT social AND NOT contestation AND NOT small,social;contestation;small,000,0.792,0.424,78,19,0.487,0.144,0.154,0.149,0.16,0.095,0.148,4,-0.097,False,False,False,,True
held_up,3,NOT local_tax_base AND property_tax AND NOT small,local_tax_base;property_tax;small,010,0.792,0.422,67,19,0.559,0.144,0.231,0.085,0.08,0.19,0.222,4,-0.097,False,False,False,,True
held_up,3,NOT single_tax AND NOT social AND NOT balance,single_tax;social;balance,000,0.792,0.42,90,18,0.474,0.136,0.128,0.128,0.16,0.143,0.148,4,-0.097,False,False,False,,True
held_up,3,NOT education AND NOT extracurricular AND NOT balance,education;extracurricular;balance,000,0.792,0.42,82,17,0.436,0.129,0.154,0.149,0.12,0.048,0.148,3,-0.097,False,False,False,,True
held_up,3,investment AND NOT culture AND balance,investment;culture;balance,101,0.792,0.418,66,23,0.575,0.174,0.154,0.17,0.24,0.143,0.111,4,-0.097,False,False,False,,True
held_up,3,NOT property_tax AND investment AND NOT balance,property_tax;investment;balance,010,0.792,0.413,82,17,0.548,0.129,0.154,0.191,0.04,0.048,0.148,2,-0.097,False,False,False,,False
held_up,3,single_tax AND autonomy AND small,single_tax;autonomy;small,111,0.792,0.41,75,14,0.438,0.106,0.077,0.149,0.08,0.095,0.111,4,-0.097,False,False,False,,True
held_up,3,single_tax AND social AND NOT education,single_tax;social;education,110,0.792,0.405,54,6,0.261,0.045,0.128,0.021,0.0,0.0,0.074,1,-0.097,False,False,False,,False
held_up,3,local_tax_base AND NOT autonomy AND NOT culture,local_tax_base;autonomy;culture,100,0.792,0.392,68,20,0.556,0.152,0.154,0.128,0.24,0.095,0.185,4,-0.097,False,False,False,,True
held_up,3,local_tax_base AND NOT social AND NOT balance,local_tax_base;social;balance,100,0.792,0.392,68,13,0.448,0.098,0.103,0.085,0.08,0.143,0.148,4,-0.097,False,False,False,,True
held_up,3,property_tax AND investment AND NOT balance,property_tax;investment;balance,110,0.792,0.392,63,13,0.433,0.098,0.077,0.149,0.04,0.095,0.037,3,-0.097,False,False,False,,True
held_up,3,payroll_pit AND investment AND small,payroll_pit;investment;small,111,0.792,0.391,71,17,0.486,0.129,0.154,0.17,0.08,0.048,0.185,3,-0.097,False,False,False,,True
held_up,3,single_tax AND investment AND NOT balance,single_tax;investment;balance,110,0.792,0.39,60,10,0.385,0.076,0.051,0.149,0.04,0.0,0.0,3,-0.097,False,False,False,,True
held_up,3,property_tax AND autonomy AND NOT investment,property_tax;autonomy;investment,110,0.792,0.388,58,13,0.481,0.098,0.128,0.106,0.04,0.095,0.185,3,-0.097,False,False,False,,True
held_up,3,single_tax AND payroll_pit AND NOT extracurricular,single_tax;payroll_pit;extracurricular,110,0.792,0.388,68,14,0.452,0.106,0.077,0.149,0.08,0.095,0.037,4,-0.097,False,False,False,,True
held_up,3,local_tax_base AND NOT extracurricular AND NOT balance,local_tax_base;extracurricular;balance,100,0.792,0.386,70,13,0.464,0.098,0.103,0.106,0.08,0.095,0.148,4,-0.097,False,False,False,,True
held_up,3,local_tax_base AND NOT property_tax AND NOT autonomy,local_tax_base;property_tax;autonomy,100,0.792,0.385,63,17,0.5,0.129,0.128,0.106,0.2,0.095,0.148,4,-0.097,False,False,False,,True
held_up,3,NOT local_tax_base AND NOT culture AND NOT contestation,local_tax_base;culture;contestation,000,0.792,0.382,65,18,0.562,0.136,0.103,0.149,0.24,0.048,0.037,3,-0.097,False,False,False,,True
held_up,3,NOT autonomy AND NOT social AND balance,autonomy;social;balance,001,0.792,0.367,50,13,0.433,0.098,0.026,0.106,0.12,0.19,0.037,3,-0.097,False,False,False,,True
held_up,3,local_tax_base AND NOT extracurricular AND balance,local_tax_base;extracurricular;balance,101,0.792,0.366,51,14,0.452,0.106,0.128,0.043,0.16,0.143,0.185,3,-0.097,False,False,False,,True
held_up,3,local_tax_base AND NOT autonomy AND NOT balance,local_tax_base;autonomy;balance,100,0.792,0.361,64,18,0.562,0.136,0.154,0.149,0.08,0.143,0.148,4,-0.097,False,False,False,,True
held_up,3,NOT investment AND education AND balance,investment;education;balance,011,0.792,0.358,39,6,0.273,0.045,0.077,0.043,0.0,0.048,0.074,3,-0.097,False,False,False,,True
held_up,3,property_tax AND education AND NOT extracurricular,property_tax;education;extracurricular,110,0.792,0.354,57,18,0.6,0.136,0.103,0.149,0.12,0.19,0.148,4,-0.097,False,False,False,,True
held_up,3,single_tax AND NOT extracurricular AND small,single_tax;extracurricular;small,101,0.792,0.353,64,14,0.5,0.106,0.051,0.149,0.08,0.143,0.074,3,-0.097,False,False,False,,True
held_up,3,local_tax_base AND extracurricular AND small,local_tax_base;extracurricular;small,111,0.792,0.348,39,8,0.4,0.061,0.051,0.064,0.04,0.095,0.037,4,-0.097,False,False,False,,True
held_up,3,NOT investment AND social AND NOT contestation,investment;social;contestation,010,0.792,0.346,50,11,0.379,0.083,0.077,0.106,0.08,0.048,0.037,4,-0.097,False,False,False,,True
held_up,3,NOT autonomy AND social AND education,autonomy;social;education,011,0.792,0.34,42,7,0.35,0.053,0.026,0.085,0.0,0.095,0.0,2,-0.097,False,False,False,,False
held_up,3,single_tax AND NOT investment AND NOT contestation,single_tax;investment;contestation,100,0.792,0.332,41,8,0.348,0.061,0.051,0.064,0.04,0.095,0.0,4,-0.097,False,False,False,,True
held_up,3,NOT single_tax AND autonomy AND NOT small,single_tax;autonomy;small,010,0.791,0.511,113,31,0.62,0.235,0.179,0.255,0.32,0.19,0.185,4,-0.098,False,False,False,,True
held_up,3,NOT social AND NOT culture AND extracurricular,social;culture;extracurricular,001,0.791,0.486,97,20,0.526,0.152,0.077,0.234,0.12,0.143,0.037,4,-0.098,False,False,False,,True
held_up,3,NOT social AND NOT education AND contestation,social;education;contestation,001,0.791,0.482,103,23,0.489,0.174,0.128,0.191,0.12,0.286,0.148,4,-0.098,False,False,False,,True
held_up,3,NOT local_tax_base AND NOT payroll_pit AND NOT education,local_tax_base;payroll_pit;education,000,0.791,0.448,94,31,0.62,0.235,0.103,0.319,0.32,0.19,0.111,3,-0.098,False,False,False,,True
held_up,3,payroll_pit AND culture AND NOT small,payroll_pit;culture;small,110,0.791,0.436,78,18,0.462,0.136,0.231,0.064,0.08,0.19,0.259,3,-0.098,False,False,False,,True
held_up,3,local_tax_base AND autonomy AND balance,local_tax_base;autonomy;balance,111,0.791,0.431,72,20,0.556,0.152,0.205,0.085,0.2,0.143,0.259,4,-0.098,False,False,False,,True
held_up,3,education AND balance AND NOT small,education;balance;small,110,0.791,0.43,63,17,0.459,0.129,0.205,0.106,0.08,0.095,0.185,4,-0.098,False,False,False,,True
held_up,3,single_tax AND education AND NOT small,single_tax;education;small,110,0.791,0.414,58,14,0.452,0.106,0.205,0.043,0.08,0.095,0.185,3,-0.098,False,False,False,,True
held_up,3,NOT local_tax_base AND NOT property_tax AND NOT autonomy,local_tax_base;property_tax;autonomy,000,0.791,0.413,82,22,0.524,0.167,0.051,0.255,0.16,0.19,0.074,3,-0.098,False,False,False,,True
held_up,3,single_tax AND NOT culture AND NOT education,single_tax;culture;education,100,0.791,0.413,57,11,0.407,0.083,0.154,0.085,0.04,0.0,0.074,2,-0.098,False,False,False,,False
held_up,3,investment AND extracurricular AND NOT contestation,investment;extracurricular;contestation,110,0.791,0.408,61,17,0.567,0.129,0.051,0.149,0.16,0.19,0.074,3,-0.098,False,False,False,,True
held_up,3,local_tax_base AND NOT education AND balance,local_tax_base;education;balance,101,0.791,0.403,68,18,0.474,0.136,0.128,0.085,0.32,0.048,0.148,3,-0.098,False,False,False,,True
held_up,3,NOT property_tax AND NOT autonomy AND NOT investment,property_tax;autonomy;investment,000,0.791,0.394,69,18,0.5,0.136,0.103,0.17,0.2,0.048,0.111,3,-0.098,False,False,False,,True
held_up,3,property_tax AND social AND NOT balance,property_tax;social;balance,110,0.791,0.381,61,10,0.357,0.076,0.077,0.128,0.0,0.048,0.037,3,-0.098,False,False,False,,True
held_up,3,local_tax_base AND single_tax AND NOT social,local_tax_base;single_tax;social,110,0.791,0.376,54,8,0.348,0.061,0.077,0.043,0.04,0.095,0.111,4,-0.098,False,False,False,,True
held_up,3,local_tax_base AND NOT investment AND contestation,local_tax_base;investment;contestation,101,0.791,0.376,56,14,0.452,0.106,0.103,0.106,0.16,0.048,0.111,3,-0.098,False,False,False,,True
held_up,3,investment AND education AND NOT contestation,investment;education;contestation,110,0.791,0.372,57,17,0.607,0.129,0.077,0.191,0.12,0.095,0.111,4,-0.098,False,False,False,,True
held_up,3,NOT single_tax AND NOT autonomy AND NOT contestation,single_tax;autonomy;contestation,000,0.791,0.359,65,19,0.559,0.144,0.077,0.17,0.2,0.143,0.111,4,-0.098,False,False,False,,True
held_up,3,NOT local_tax_base AND NOT property_tax AND autonomy,local_tax_base;property_tax;autonomy,001,0.79,0.483,106,31,0.574,0.235,0.256,0.234,0.24,0.19,0.148,4,-0.099,False,False,False,,True
held_up,3,NOT payroll_pit AND NOT culture AND extracurricular,payroll_pit;culture;extracurricular,001,0.79,0.483,105,28,0.622,0.212,0.077,0.255,0.32,0.238,0.037,3,-0.099,False,False,False,,True
held_up,3,investment AND NOT social AND NOT small,investment;social;small,100,0.79,0.483,95,23,0.5,0.174,0.231,0.149,0.08,0.238,0.148,3,-0.099,False,False,False,,True
held_up,3,NOT property_tax AND NOT single_tax AND contestation,property_tax;single_tax;contestation,001,0.79,0.471,98,31,0.646,0.235,0.154,0.298,0.28,0.19,0.148,4,-0.099,False,False,False,,True
held_up,3,NOT property_tax AND investment AND extracurricular,property_tax;investment;extracurricular,011,0.79,0.46,81,24,0.632,0.182,0.077,0.213,0.12,0.381,0.037,3,-0.099,False,False,False,,True
held_up,3,social AND culture AND NOT small,social;culture;small,110,0.79,0.455,89,22,0.5,0.167,0.231,0.128,0.2,0.095,0.259,4,-0.099,False,False,False,,True
held_up,3,autonomy AND culture AND contestation,autonomy;culture;contestation,111,0.79,0.454,88,26,0.553,0.197,0.333,0.106,0.16,0.19,0.407,4,-0.099,False,False,False,,True
held_up,3,local_tax_base AND extracurricular AND NOT small,local_tax_base;extracurricular;small,110,0.79,0.453,73,15,0.455,0.114,0.128,0.085,0.16,0.095,0.111,4,-0.099,False,False,False,,True
held_up,3,NOT education AND contestation AND balance,education;contestation;balance,011,0.79,0.451,90,26,0.605,0.197,0.154,0.191,0.2,0.286,0.148,4,-0.099,False,False,False,,True
held_up,3,NOT local_tax_base AND NOT investment AND NOT small,local_tax_base;investment;small,000,0.79,0.45,95,24,0.522,0.182,0.205,0.17,0.2,0.143,0.222,4,-0.099,False,False,False,,True
held_up,3,NOT local_tax_base AND NOT single_tax AND investment,local_tax_base;single_tax;investment,001,0.79,0.443,88,29,0.63,0.22,0.154,0.277,0.16,0.286,0.148,4,-0.099,False,False,False,,True
held_up,3,NOT local_tax_base AND NOT investment AND extracurricular,local_tax_base;investment;extracurricular,001,0.79,0.441,93,24,0.533,0.182,0.154,0.213,0.2,0.143,0.148,4,-0.099,False,False,False,,True
held_up,3,NOT autonomy AND extracurricular AND NOT small,autonomy;extracurricular;small,010,0.79,0.433,81,25,0.568,0.189,0.103,0.17,0.24,0.333,0.111,4,-0.099,False,False,False,,True
held_up,3,payroll_pit AND investment AND NOT education,payroll_pit;investment;education,110,0.79,0.429,75,14,0.438,0.106,0.128,0.085,0.04,0.19,0.037,3,-0.099,False,False,False,,True
held_up,3,investment AND culture AND contestation,investment;culture;contestation,111,0.79,0.427,68,17,0.5,0.129,0.231,0.043,0.08,0.19,0.222,3,-0.099,False,False,False,,True
held_up,3,payroll_pit AND autonomy AND small,payroll_pit;autonomy;small,111,0.79,0.414,83,17,0.425,0.129,0.128,0.149,0.08,0.143,0.185,4,-0.099,False,False,False,,True
held_up,3,property_tax AND NOT education AND extracurricular,property_tax;education;extracurricular,101,0.79,0.408,65,11,0.393,0.083,0.128,0.021,0.08,0.143,0.111,3,-0.099,False,False,False,,True
held_up,3,single_tax AND payroll_pit AND NOT education,single_tax;payroll_pit;education,110,0.79,0.408,68,11,0.355,0.083,0.179,0.085,0.0,0.0,0.111,2,-0.099,False,False,False,,False
held_up,3,social AND NOT contestation AND NOT small,social;contestation;small,100,0.79,0.405,70,16,0.41,0.121,0.077,0.106,0.24,0.095,0.037,4,-0.099,False,False,False,,True
held_up,3,local_tax_base AND NOT single_tax AND NOT social,local_tax_base;single_tax;social,100,0.79,0.404,67,17,0.472,0.129,0.128,0.128,0.12,0.143,0.185,4,-0.099,False,False,False,,True
held_up,3,NOT culture AND extracurricular AND NOT contestation,culture;extracurricular;contestation,010,0.79,0.402,64,14,0.467,0.106,0.051,0.128,0.2,0.048,0.037,2,-0.099,False,False,False,,False
held_up,3,local_tax_base AND NOT education AND NOT balance,local_tax_base;education;balance,100,0.79,0.401,72,12,0.414,0.091,0.128,0.064,0.08,0.095,0.148,4,-0.099,False,False,False,,True
held_up,3,local_tax_base AND NOT autonomy AND NOT small,local_tax_base;autonomy;small,100,0.79,0.397,63,14,0.438,0.106,0.103,0.043,0.24,0.095,0.111,3,-0.099,False,False,False,,True
held_up,3,NOT autonomy AND extracurricular AND balance,autonomy;extracurricular;balance,011,0.79,0.397,61,20,0.541,0.152,0.0,0.17,0.24,0.286,0.0,3,-0.099,False,False,False,,True
held_up,3,NOT education AND NOT contestation AND balance,education;contestation;balance,001,0.79,0.395,83,27,0.519,0.205,0.128,0.191,0.4,0.143,0.111,4,-0.099,False,False,False,,True
held_up,3,payroll_pit AND investment AND NOT contestation,payroll_pit;investment;contestation,110,0.79,0.394,67,18,0.545,0.136,0.128,0.17,0.12,0.095,0.111,4,-0.099,False,False,False,,True
held_up,3,local_tax_base AND NOT contestation AND NOT small,local_tax_base;contestation;small,100,0.79,0.392,58,9,0.321,0.068,0.128,0.021,0.12,0.0,0.185,2,-0.099,False,False,False,,False
held_up,3,local_tax_base AND NOT autonomy AND extracurricular,local_tax_base;autonomy;extracurricular,101,0.79,0.39,55,15,0.484,0.114,0.077,0.106,0.12,0.19,0.037,4,-0.099,False,False,False,,True
held_up,3,single_tax AND balance AND small,single_tax;balance;small,111,0.79,0.389,60,10,0.345,0.076,0.077,0.064,0.04,0.143,0.111,4,-0.099,False,False,False,,True
held_up,3,investment AND culture AND NOT contestation,investment;culture;contestation,110,0.79,0.389,70,20,0.571,0.152,0.077,0.191,0.16,0.19,0.111,4,-0.099,False,False,False,,True
held_up,3,investment AND culture AND small,investment;culture;small,111,0.79,0.388,67,20,0.541,0.152,0.154,0.17,0.16,0.095,0.185,4,-0.099,False,False,False,,True
held_up,3,property_tax AND single_tax AND NOT education,property_tax;single_tax;education,110,0.79,0.385,50,6,0.273,0.045,0.128,0.021,0.0,0.0,0.111,1,-0.099,False,False,False,,False
held_up,3,local_tax_base AND NOT social AND balance,local_tax_base;social;balance,101,0.79,0.382,53,12,0.4,0.091,0.103,0.085,0.08,0.095,0.148,4,-0.099,False,False,False,,True
held_up,3,local_tax_base AND payroll_pit AND contestation,local_tax_base;payroll_pit;contestation,111,0.79,0.379,52,7,0.318,0.053,0.103,0.021,0.0,0.095,0.111,2,-0.099,False,False,False,,False
held_up,3,NOT payroll_pit AND investment AND NOT contestation,payroll_pit;investment;contestation,010,0.79,0.371,66,19,0.559,0.144,0.103,0.149,0.2,0.143,0.148,4,-0.099,False,False,False,,True
held_up,3,property_tax AND single_tax AND NOT culture,property_tax;single_tax;culture,110,0.79,0.369,44,4,0.25,0.03,0.051,0.043,0.0,0.0,0.037,2,-0.099,False,False,False,,False
held_up,3,single_tax AND NOT contestation AND small,single_tax;contestation;small,101,0.79,0.367,57,15,0.536,0.114,0.051,0.191,0.08,0.095,0.074,3,-0.099,False,False,False,,True
held_up,3,NOT autonomy AND NOT social AND NOT extracurricular,autonomy;social;extracurricular,000,0.79,0.364,57,10,0.333,0.076,0.077,0.085,0.12,0.0,0.111,3,-0.099,False,False,False,,True
held_up,3,NOT autonomy AND extracurricular AND NOT contestation,autonomy;extracurricular;contestation,010,0.79,0.362,51,17,0.567,0.129,0.026,0.17,0.16,0.19,0.037,3,-0.099,False,False,False,,True
held_up,3,property_tax AND NOT extracurricular AND small,property_tax;extracurricular;small,101,0.79,0.357,69,18,0.514,0.136,0.077,0.149,0.12,0.238,0.111,4,-0.099,False,False,False,,True
held_up,3,NOT autonomy AND education AND extracurricular,autonomy;education;extracurricular,011,0.79,0.353,42,8,0.421,0.061,0.051,0.085,0.0,0.095,0.037,3,-0.099,False,False,False,,True
held_up,3,NOT autonomy AND NOT investment AND education,autonomy;investment;education,001,0.79,0.326,36,5,0.294,0.038,0.051,0.021,0.0,0.095,0.074,3,-0.099,False,False,False,,True
held_up,3,autonomy AND culture AND NOT small,autonomy;culture;small,110,0.789,0.464,96,27,0.562,0.205,0.308,0.128,0.24,0.143,0.333,4,-0.1,False,False,False,,True
held_up,3,NOT local_tax_base AND autonomy AND culture,local_tax_base;autonomy;culture,011,0.789,0.454,98,30,0.545,0.227,0.308,0.213,0.2,0.143,0.37,4,-0.1,False,False,False,,True
held_up,3,NOT local_tax_base AND NOT single_tax AND NOT payroll_pit,local_tax_base;single_tax;payroll_pit,000,0.789,0.449,104,35,0.66,0.265,0.154,0.362,0.32,0.19,0.185,4,-0.1,False,False,False,,True
held_up,3,autonomy AND investment AND education,autonomy;investment;education,111,0.789,0.444,88,26,0.553,0.197,0.256,0.149,0.2,0.19,0.296,4,-0.1,False,False,False,,True
held_up,3,NOT payroll_pit AND NOT investment AND NOT education,payroll_pit;investment;education,000,0.789,0.437,97,29,0.558,0.22,0.103,0.255,0.44,0.095,0.111,2,-0.1,False,False,False,,False
held_up,3,payroll_pit AND NOT education AND extracurricular,payroll_pit;education;extracurricular,101,0.789,0.437,82,15,0.417,0.114,0.128,0.085,0.08,0.19,0.111,4,-0.1,False,False,False,,True
held_up,3,investment AND NOT education AND balance,investment;education;balance,101,0.789,0.437,78,24,0.558,0.182,0.128,0.128,0.28,0.286,0.074,4,-0.1,False,False,False,,True
held_up,3,NOT property_tax AND NOT single_tax AND NOT investment,property_tax;single_tax;investment,000,0.789,0.435,93,28,0.571,0.212,0.128,0.234,0.4,0.095,0.148,3,-0.1,False,False,False,,True
held_up,3,local_tax_base AND NOT single_tax AND NOT small,local_tax_base;single_tax;small,100,0.789,0.434,78,19,0.528,0.144,0.154,0.085,0.32,0.048,0.185,3,-0.1,False,False,False,,True
held_up,3,NOT payroll_pit AND NOT autonomy AND extracurricular,payroll_pit;autonomy;extracurricular,001,0.789,0.426,87,29,0.604,0.22,0.103,0.234,0.24,0.381,0.111,3,-0.1,False,False,False,,True
held_up,3,NOT single_tax AND investment AND NOT balance,single_tax;investment;balance,010,0.789,0.413,85,20,0.571,0.152,0.179,0.191,0.04,0.143,0.185,3,-0.1,False,False,False,,True
held_up,3,local_tax_base AND payroll_pit AND autonomy,local_tax_base;payroll_pit;autonomy,111,0.789,0.412,66,9,0.346,0.068,0.128,0.043,0.0,0.095,0.185,3,-0.1,False,False,False,,True
held_up,3,NOT local_tax_base AND NOT investment AND balance,local_tax_base;investment;balance,001,0.789,0.409,77,21,0.512,0.159,0.154,0.191,0.12,0.143,0.148,4,-0.1,False,False,False,,True
held_up,3,NOT culture AND NOT extracurricular AND NOT balance,culture;extracurricular;balance,000,0.789,0.402,76,18,0.462,0.136,0.154,0.17,0.12,0.048,0.148,3,-0.1,False,False,False,,True
held_up,3,single_tax AND payroll_pit AND NOT balance,single_tax;payroll_pit;balance,110,0.789,0.396,70,11,0.379,0.083,0.051,0.17,0.04,0.0,0.0,2,-0.1,False,False,False,,False
held_up,3,NOT autonomy AND NOT investment AND NOT small,autonomy;investment;small,000,0.789,0.394,66,16,0.471,0.121,0.103,0.106,0.2,0.095,0.111,4,-0.1,False,False,False,,True
held_up,3,property_tax AND single_tax AND NOT balance,property_tax;single_tax;balance,110,0.789,0.388,62,13,0.448,0.098,0.026,0.191,0.04,0.095,0.0,2,-0.1,False,False,False,,False
held_up,3,investment AND NOT social AND NOT contestation,investment;social;contestation,100,0.789,0.388,64,15,0.484,0.114,0.128,0.106,0.08,0.143,0.111,4,-0.1,False,False,False,,True
held_up,3,NOT investment AND culture AND balance,investment;culture;balance,011,0.789,0.384,58,18,0.462,0.136,0.154,0.149,0.16,0.048,0.185,3,-0.1,False,False,False,,True
held_up,3,local_tax_base AND extracurricular AND NOT contestation,local_tax_base;extracurricular;contestation,110,0.789,0.378,46,9,0.409,0.068,0.051,0.085,0.08,0.048,0.074,4,-0.1,False,False,False,,True
held_up,3,investment AND NOT extracurricular AND NOT contestation,investment;extracurricular;contestation,100,0.789,0.377,72,20,0.541,0.152,0.179,0.17,0.16,0.048,0.185,3,-0.1,False,False,False,,True
held_up,3,payroll_pit AND extracurricular AND small,payroll_pit;extracurricular;small,111,0.789,0.365,48,7,0.304,0.053,0.077,0.085,0.0,0.0,0.074,2,-0.1,False,False,False,,False
held_up,3,culture AND extracurricular AND small,culture;extracurricular;small,111,0.789,0.365,45,10,0.4,0.076,0.077,0.106,0.04,0.048,0.074,4,-0.1,False,False,False,,True
held_up,3,property_tax AND NOT investment AND contestation,property_tax;investment;contestation,101,0.789,0.362,54,11,0.393,0.083,0.128,0.043,0.04,0.143,0.185,3,-0.1,False,False,False,,True
held_up,3,education AND NOT balance AND small,education;balance;small,101,0.789,0.334,58,17,0.607,0.129,0.077,0.234,0.04,0.095,0.074,3,-0.1,False,False,False,,True
held_up,3,contestation AND NOT balance AND NOT small,contestation;balance;small,100,0.788,0.454,90,19,0.5,0.144,0.179,0.106,0.16,0.143,0.148,4,-0.101,False,False,False,,True
held_up,3,social AND NOT education AND balance,social;education;balance,101,0.788,0.444,91,27,0.551,0.205,0.128,0.149,0.44,0.19,0.074,4,-0.101,False,False,False,,True
held_up,3,NOT payroll_pit AND NOT investment AND NOT small,payroll_pit;investment;small,000,0.788,0.441,95,27,0.574,0.205,0.154,0.191,0.4,0.095,0.185,3,-0.101,False,False,False,,True
held_up,3,education AND extracurricular AND NOT small,education;extracurricular;small,110,0.788,0.433,67,16,0.457,0.121,0.205,0.085,0.08,0.095,0.185,4,-0.101,False,False,False,,True
held_up,3,local_tax_base AND balance AND NOT small,local_tax_base;balance;small,110,0.788,0.432,71,18,0.462,0.136,0.154,0.085,0.28,0.048,0.185,3,-0.101,False,False,False,,True
held_up,3,payroll_pit AND NOT culture AND NOT education,payroll_pit;culture;education,100,0.788,0.422,74,16,0.471,0.121,0.154,0.085,0.08,0.19,0.037,4,-0.101,False,False,False,,True
held_up,3,local_tax_base AND NOT property_tax AND NOT education,local_tax_base;property_tax;education,100,0.788,0.419,77,21,0.538,0.159,0.154,0.149,0.28,0.048,0.185,3,-0.101,False,False,False,,True
held_up,3,local_tax_base AND investment AND extracurricular,local_tax_base;investment;extracurricular,111,0.788,0.417,54,10,0.476,0.076,0.077,0.043,0.08,0.143,0.037,4,-0.101,False,False,False,,True
held_up,3,NOT local_tax_base AND culture AND education,local_tax_base;culture;education,011,0.788,0.416,75,25,0.581,0.189,0.282,0.17,0.16,0.095,0.333,4,-0.101,False,False,False,,True
held_up,3,local_tax_base AND NOT culture AND contestation,local_tax_base;culture;contestation,101,0.788,0.416,68,17,0.548,0.129,0.103,0.128,0.16,0.143,0.111,4,-0.101,False,False,False,,True
held_up,3,NOT property_tax AND NOT social AND balance,property_tax;social;balance,001,0.788,0.414,78,24,0.545,0.182,0.128,0.234,0.16,0.19,0.111,4,-0.101,False,False,False,,True
held_up,3,NOT property_tax AND extracurricular AND NOT contestation,property_tax;extracurricular;contestation,010,0.788,0.41,77,22,0.524,0.167,0.077,0.191,0.24,0.19,0.037,3,-0.101,False,False,False,,True
held_up,3,NOT investment AND NOT culture AND balance,investment;culture;balance,001,0.788,0.392,76,17,0.486,0.129,0.077,0.149,0.16,0.143,0.074,4,-0.101,False,False,False,,True
held_up,3,single_tax AND NOT investment AND balance,single_tax;investment;balance,101,0.788,0.381,64,12,0.343,0.091,0.179,0.064,0.04,0.048,0.185,3,-0.101,False,False,False,,True
held_up,3,NOT payroll_pit AND NOT autonomy AND NOT extracurricular,payroll_pit;autonomy;extracurricular,000,0.788,0.377,72,16,0.41,0.121,0.103,0.149,0.16,0.048,0.148,3,-0.101,False,False,False,,True
held_up,3,NOT autonomy AND NOT education AND balance,autonomy;education;balance,001,0.788,0.376,66,22,0.524,0.167,0.026,0.17,0.32,0.238,0.037,3,-0.101,False,False,False,,True
held_up,3,local_tax_base AND NOT education AND NOT contestation,local_tax_base;education;contestation,100,0.788,0.373,59,11,0.393,0.083,0.128,0.043,0.16,0.0,0.185,3,-0.101,False,False,False,,True
held_up,3,property_tax AND social AND NOT culture,property_tax;social;culture,110,0.788,0.373,47,6,0.316,0.045,0.077,0.0,0.04,0.095,0.037,3,-0.101,False,False,False,,True
held_up,3,local_tax_base AND single_tax AND NOT balance,local_tax_base;single_tax;balance,110,0.788,0.372,54,7,0.333,0.053,0.051,0.064,0.0,0.095,0.037,3,-0.101,False,False,False,,True
held_up,3,education AND NOT contestation AND small,education;contestation;small,101,0.788,0.367,64,19,0.594,0.144,0.103,0.213,0.08,0.143,0.148,4,-0.101,False,False,False,,True
held_up,3,local_tax_base AND culture AND NOT contestation,local_tax_base;culture;contestation,110,0.788,0.359,48,12,0.545,0.091,0.051,0.106,0.08,0.143,0.074,4,-0.101,False,False,False,,True
held_up,3,local_tax_base AND NOT social AND small,local_tax_base;social;small,101,0.788,0.35,52,9,0.36,0.068,0.051,0.085,0.0,0.143,0.074,3,-0.101,False,False,False,,True
held_up,3,local_tax_base AND NOT contestation AND NOT balance,local_tax_base;contestation;balance,100,0.788,0.348,56,10,0.435,0.076,0.077,0.106,0.0,0.095,0.111,3,-0.101,False,False,False,,True
held_up,3,local_tax_base AND NOT balance AND small,local_tax_base;balance;small,101,0.788,0.346,57,13,0.481,0.098,0.077,0.149,0.0,0.143,0.074,3,-0.101,False,False,False,,True
held_up,3,NOT autonomy AND investment AND NOT contestation,autonomy;investment;contestation,010,0.788,0.337,48,15,0.536,0.114,0.026,0.17,0.12,0.143,0.037,3,-0.101,False,False,False,,True
held_up,3,local_tax_base AND NOT investment AND small,local_tax_base;investment;small,101,0.788,0.329,39,8,0.381,0.061,0.026,0.085,0.0,0.143,0.037,2,-0.101,False,False,False,,False
held_up,3,property_tax AND single_tax AND NOT autonomy,property_tax;single_tax;autonomy,110,0.788,0.323,32,7,0.412,0.053,0.026,0.085,0.0,0.095,0.0,2,-0.101,False,False,False,,False
held_up,3,NOT autonomy AND education AND NOT contestation,autonomy;education;contestation,010,0.788,0.318,37,8,0.421,0.061,0.0,0.128,0.0,0.095,0.0,2,-0.101,False,False,False,,False
held_up,3,NOT property_tax AND autonomy AND NOT education,property_tax;autonomy;education,010,0.787,0.49,108,31,0.608,0.235,0.205,0.255,0.32,0.143,0.148,4,-0.102,False,False,False,,True
held_up,3,autonomy AND NOT education AND balance,autonomy;education;balance,101,0.787,0.471,107,31,0.585,0.235,0.256,0.213,0.28,0.19,0.222,4,-0.102,False,False,False,,True
held_up,3,NOT social AND NOT education AND NOT balance,social;education;balance,000,0.787,0.448,102,18,0.419,0.136,0.154,0.106,0.16,0.143,0.148,4,-0.102,False,False,False,,True
held_up,3,NOT property_tax AND NOT investment AND NOT education,property_tax;investment;education,000,0.787,0.446,103,30,0.556,0.227,0.103,0.277,0.44,0.095,0.074,2,-0.102,False,False,False,,False
held_up,3,local_tax_base AND autonomy AND NOT education,local_tax_base;autonomy;education,110,0.787,0.433,74,13,0.448,0.098,0.128,0.064,0.16,0.048,0.148,3,-0.102,False,False,False,,True
held_up,3,NOT property_tax AND NOT single_tax AND NOT balance,property_tax;single_tax;balance,000,0.787,0.432,102,26,0.619,0.197,0.231,0.213,0.2,0.095,0.259,3,-0.102,False,False,False,,True
held_up,3,NOT local_tax_base AND single_tax AND contestation,local_tax_base;single_tax;contestation,011,0.787,0.431,79,17,0.472,0.129,0.231,0.128,0.04,0.048,0.222,2,-0.102,False,False,False,,False
held_up,3,local_tax_base AND extracurricular AND contestation,local_tax_base;extracurricular;contestation,111,0.787,0.425,66,14,0.452,0.106,0.128,0.064,0.12,0.143,0.074,4,-0.102,False,False,False,,True
held_up,3,local_tax_base AND social AND balance,local_tax_base;social;balance,111,0.787,0.422,65,17,0.486,0.129,0.128,0.043,0.28,0.143,0.148,3,-0.102,False,False,False,,True
held_up,3,NOT local_tax_base AND property_tax AND investment,local_tax_base;property_tax;investment,011,0.787,0.419,75,20,0.513,0.152,0.205,0.128,0.16,0.095,0.185,4,-0.102,False,False,False,,True
held_up,3,NOT local_tax_base AND property_tax AND balance,local_tax_base;property_tax;balance,011,0.787,0.415,75,20,0.526,0.152,0.231,0.085,0.12,0.19,0.259,4,-0.102,False,False,False,,True
held_up,3,NOT payroll_pit AND NOT social AND NOT extracurricular,payroll_pit;social;extracurricular,000,0.787,0.415,81,19,0.442,0.144,0.205,0.106,0.16,0.095,0.296,4,-0.102,False,False,False,,True
held_up,3,local_tax_base AND NOT property_tax AND NOT culture,local_tax_base;property_tax;culture,100,0.787,0.411,71,20,0.571,0.152,0.179,0.149,0.2,0.048,0.222,3,-0.102,False,False,False,,True
held_up,3,investment AND education AND contestation,investment;education;contestation,111,0.787,0.408,66,18,0.5,0.136,0.205,0.106,0.08,0.143,0.185,4,-0.102,False,False,False,,True
held_up,3,local_tax_base AND NOT payroll_pit AND balance,local_tax_base;payroll_pit;balance,101,0.787,0.406,69,20,0.476,0.152,0.103,0.085,0.36,0.143,0.111,4,-0.102,False,False,False,,True
held_up,3,single_tax AND NOT culture AND contestation,single_tax;culture;contestation,101,0.787,0.405,63,10,0.37,0.076,0.103,0.106,0.0,0.048,0.074,3,-0.102,False,False,False,,True
held_up,3,local_tax_base AND investment AND NOT balance,local_tax_base;investment;balance,110,0.787,0.401,74,12,0.429,0.091,0.103,0.106,0.04,0.095,0.111,3,-0.102,False,False,False,,True
held_up,3,NOT payroll_pit AND investment AND NOT balance,payroll_pit;investment;balance,010,0.787,0.4,78,16,0.533,0.121,0.128,0.17,0.04,0.095,0.148,3,-0.102,False,False,False,,True
held_up,3,property_tax AND payroll_pit AND NOT education,property_tax;payroll_pit;education,110,0.787,0.396,65,9,0.333,0.068,0.154,0.021,0.0,0.095,0.148,2,-0.102,False,False,False,,False
held_up,3,single_tax AND investment AND NOT contestation,single_tax;investment;contestation,110,0.787,0.391,68,16,0.485,0.121,0.128,0.149,0.12,0.048,0.111,3,-0.102,False,False,False,,True
held_up,3,local_tax_base AND payroll_pit AND investment,local_tax_base;payroll_pit;investment,111,0.787,0.389,56,8,0.364,0.061,0.103,0.064,0.0,0.048,0.111,3,-0.102,False,False,False,,True
held_up,3,single_tax AND social AND NOT culture,single_tax;social;culture,110,0.787,0.388,49,7,0.318,0.053,0.077,0.064,0.0,0.048,0.037,3,-0.102,False,False,False,,True
held_up,3,education AND balance AND small,education;balance;small,111,0.787,0.387,62,14,0.424,0.106,0.128,0.064,0.08,0.19,0.185,4,-0.102,False,False,False,,True
held_up,3,local_tax_base AND NOT payroll_pit AND NOT investment,local_tax_base;payroll_pit;investment,100,0.787,0.386,64,19,0.514,0.144,0.103,0.149,0.24,0.095,0.111,4,-0.102,False,False,False,,True
held_up,3,social AND education AND NOT contestation,social;education;contestation,110,0.787,0.381,65,19,0.543,0.144,0.128,0.213,0.08,0.095,0.148,4,-0.102,False,False,False,,True
held_up,3,NOT payroll_pit AND NOT autonomy AND NOT balance,payroll_pit;autonomy;balance,000,0.787,0.38,82,23,0.575,0.174,0.179,0.213,0.08,0.19,0.222,3,-0.102,False,False,False,,True
held_up,3,NOT autonomy AND investment AND NOT social,autonomy;investment;social,010,0.787,0.38,56,12,0.387,0.091,0.051,0.085,0.08,0.19,0.074,4,-0.102,False,False,False,,True
held_up,3,local_tax_base AND NOT investment AND balance,local_tax_base;investment;balance,101,0.787,0.373,57,14,0.424,0.106,0.077,0.106,0.2,0.048,0.111,3,-0.102,False,False,False,,True
held_up,3,local_tax_base AND NOT autonomy AND investment,local_tax_base;autonomy;investment,101,0.787,0.369,52,13,0.481,0.098,0.077,0.085,0.12,0.143,0.074,4,-0.102,False,False,False,,True
held_up,3,single_tax AND contestation AND small,single_tax;contestation;small,111,0.787,0.369,59,9,0.346,0.068,0.077,0.064,0.0,0.143,0.074,3,-0.102,False,False,False,,True
held_up,3,education AND contestation AND small,education;contestation;small,111,0.787,0.36,56,12,0.414,0.091,0.103,0.085,0.04,0.143,0.111,3,-0.102,False,False,False,,True
held_up,3,single_tax AND education AND NOT extracurricular,single_tax;education;extracurricular,110,0.787,0.357,59,13,0.464,0.098,0.051,0.128,0.08,0.143,0.074,4,-0.102,False,False,False,,True
held_up,3,NOT autonomy AND NOT social AND NOT contestation,autonomy;social;contestation,000,0.787,0.354,55,13,0.448,0.098,0.051,0.106,0.12,0.143,0.074,4,-0.102,False,False,False,,True
held_up,3,property_tax AND NOT investment AND small,property_tax;investment;small,101,0.787,0.33,44,7,0.318,0.053,0.0,0.085,0.0,0.143,0.0,2,-0.102,False,False,False,,False
held_up,3,NOT autonomy AND NOT contestation AND NOT balance,autonomy;contestation;balance,000,0.787,0.321,49,11,0.478,0.083,0.051,0.149,0.0,0.095,0.074,3,-0.102,False,False,False,,True
held_up,3,NOT autonomy AND culture AND small,autonomy;culture;small,011,0.787,0.31,35,8,0.381,0.061,0.026,0.106,0.0,0.095,0.0,2,-0.102,False,False,False,,False
held_up,3,NOT property_tax AND autonomy AND NOT small,property_tax;autonomy;small,010,0.786,0.506,118,34,0.596,0.258,0.256,0.298,0.28,0.143,0.148,4,-0.103,False,False,False,,True
held_up,3,NOT payroll_pit AND NOT education AND extracurricular,payroll_pit;education;extracurricular,001,0.786,0.491,117,37,0.627,0.28,0.128,0.319,0.44,0.286,0.074,3,-0.103,False,False,False,,True
held_up,3,NOT single_tax AND extracurricular AND balance,single_tax;extracurricular;balance,011,0.786,0.462,95,31,0.596,0.235,0.0,0.319,0.4,0.286,0.0,3,-0.103,False,False,False,,True
held_up,3,NOT local_tax_base AND NOT payroll_pit AND NOT small,local_tax_base;payroll_pit;small,000,0.786,0.459,102,31,0.62,0.235,0.128,0.319,0.28,0.19,0.148,4,-0.103,False,False,False,,True
held_up,3,autonomy AND investment AND NOT balance,autonomy;investment;balance,110,0.786,0.454,86,14,0.438,0.106,0.128,0.128,0.04,0.095,0.074,3,-0.103,False,False,False,,True
held_up,3,NOT single_tax AND NOT investment AND NOT education,single_tax;investment;education,000,0.786,0.453,106,31,0.564,0.235,0.103,0.255,0.44,0.19,0.111,3,-0.103,False,False,False,,True
held_up,3,NOT payroll_pit AND NOT social AND contestation,payroll_pit;social;contestation,001,0.786,0.448,90,23,0.523,0.174,0.179,0.17,0.12,0.238,0.222,4,-0.103,False,False,False,,True
held_up,3,NOT investment AND NOT culture AND NOT education,investment;culture;education,000,0.786,0.447,101,26,0.542,0.197,0.128,0.191,0.32,0.19,0.111,4,-0.103,False,False,False,,True
held_up,3,single_tax AND culture AND NOT small,single_tax;culture;small,110,0.786,0.426,73,15,0.385,0.114,0.256,0.0,0.08,0.143,0.259,3,-0.103,False,False,False,,True
held_up,3,payroll_pit AND social AND NOT education,payroll_pit;social;education,110,0.786,0.423,79,14,0.412,0.106,0.154,0.043,0.08,0.19,0.111,3,-0.103,False,False,False,,True
held_up,3,local_tax_base AND NOT social AND contestation,local_tax_base;social;contestation,101,0.786,0.41,68,14,0.438,0.106,0.103,0.106,0.08,0.143,0.148,4,-0.103,False,False,False,,True
held_up,3,property_tax AND social AND NOT education,property_tax;social;education,110,0.786,0.4,69,12,0.4,0.091,0.154,0.021,0.12,0.095,0.111,3,-0.103,False,False,False,,True
held_up,3,investment AND NOT education AND NOT contestation,investment;education;contestation,100,0.786,0.4,76,20,0.513,0.152,0.154,0.128,0.2,0.143,0.148,4,-0.103,False,False,False,,True
held_up,3,property_tax AND investment AND NOT extracurricular,property_tax;investment;extracurricular,110,0.786,0.397,70,19,0.528,0.144,0.154,0.128,0.12,0.19,0.185,4,-0.103,False,False,False,,True
held_up,3,property_tax AND payroll_pit AND NOT balance,property_tax;payroll_pit;balance,110,0.786,0.392,69,12,0.387,0.091,0.077,0.17,0.04,0.0,0.037,2,-0.103,False,False,False,,False
held_up,3,payroll_pit AND NOT investment AND social,payroll_pit;investment;social,101,0.786,0.391,73,15,0.375,0.114,0.154,0.106,0.04,0.143,0.148,3,-0.103,False,False,False,,True
held_up,3,local_tax_base AND NOT culture AND NOT balance,local_tax_base;culture;balance,100,0.786,0.39,73,15,0.484,0.114,0.154,0.106,0.08,0.095,0.185,4,-0.103,False,False,False,,True
held_up,3,local_tax_base AND NOT autonomy AND NOT social,local_tax_base;autonomy;social,100,0.786,0.389,64,17,0.447,0.129,0.103,0.128,0.16,0.143,0.148,4,-0.103,False,False,False,,True
held_up,3,NOT property_tax AND investment AND NOT contestation,property_tax;investment;contestation,010,0.786,0.387,71,22,0.611,0.167,0.154,0.17,0.16,0.19,0.148,4,-0.103,False,False,False,,True
held_up,3,NOT payroll_pit AND NOT investment AND balance,payroll_pit;investment;balance,001,0.786,0.385,73,21,0.525,0.159,0.051,0.213,0.32,0.048,0.074,2,-0.103,False,False,False,,False
held_up,3,NOT autonomy AND investment AND NOT culture,autonomy;investment;culture,010,0.786,0.382,66,18,0.529,0.136,0.051,0.17,0.2,0.143,0.074,3,-0.103,False,False,False,,True
held_up,3,NOT investment AND NOT contestation AND NOT small,investment;contestation;small,000,0.786,0.379,68,13,0.361,0.098,0.103,0.085,0.2,0.0,0.074,3,-0.103,False,False,False,,True
held_up,3,local_tax_base AND NOT autonomy AND NOT extracurricular,local_tax_base;autonomy;extracurricular,100,0.786,0.352,55,12,0.4,0.091,0.103,0.085,0.12,0.048,0.148,4,-0.103,False,False,False,,True
held_up,3,single_tax AND NOT investment AND small,single_tax;investment;small,101,0.786,0.332,44,8,0.4,0.061,0.026,0.085,0.0,0.143,0.037,2,-0.103,False,False,False,,False
held_up,3,NOT investment AND education AND NOT contestation,investment;education;contestation,010,0.786,0.325,38,7,0.368,0.053,0.051,0.064,0.0,0.095,0.037,3,-0.103,False,False,False,,True
held_up,3,NOT single_tax AND NOT payroll_pit AND extracurricular,single_tax;payroll_pit;extracurricular,001,0.785,0.484,111,34,0.642,0.258,0.103,0.319,0.4,0.238,0.074,3,-0.104,False,False,False,,True
held_up,3,NOT local_tax_base AND NOT property_tax AND contestation,local_tax_base;property_tax;contestation,001,0.785,0.477,94,25,0.568,0.189,0.154,0.255,0.12,0.19,0.148,4,-0.104,False,False,False,,True
held_up,3,culture AND extracurricular AND NOT small,culture;extracurricular;small,110,0.785,0.463,94,27,0.509,0.205,0.282,0.128,0.16,0.286,0.296,4,-0.104,False,False,False,,True
held_up,3,NOT local_tax_base AND culture AND extracurricular,local_tax_base;culture;extracurricular,011,0.785,0.439,83,25,0.532,0.189,0.231,0.17,0.12,0.238,0.259,4,-0.104,False,False,False,,True
held_up,3,NOT single_tax AND NOT investment AND NOT culture,single_tax;investment;culture,000,0.785,0.432,87,21,0.488,0.159,0.077,0.149,0.28,0.19,0.074,3,-0.104,False,False,False,,True
held_up,3,NOT payroll_pit AND NOT investment AND NOT culture,payroll_pit;investment;culture,000,0.785,0.427,89,22,0.537,0.167,0.103,0.191,0.28,0.095,0.111,4,-0.104,False,False,False,,True
held_up,3,local_tax_base AND NOT payroll_pit AND contestation,local_tax_base;payroll_pit;contestation,101,0.785,0.424,78,22,0.537,0.167,0.128,0.128,0.28,0.19,0.111,4,-0.104,False,False,False,,True
held_up,3,NOT local_tax_base AND single_tax AND education,local_tax_base;single_tax;education,011,0.785,0.418,78,23,0.535,0.174,0.231,0.17,0.16,0.095,0.222,4,-0.104,False,False,False,,True
held_up,3,single_tax AND investment AND NOT education,single_tax;investment;education,110,0.785,0.417,67,9,0.31,0.068,0.128,0.064,0.0,0.048,0.037,3,-0.104,False,False,False,,True
held_up,3,NOT autonomy AND NOT social AND NOT education,autonomy;social;education,000,0.785,0.417,88,22,0.458,0.167,0.103,0.149,0.2,0.286,0.148,4,-0.104,False,False,False,,True
held_up,3,NOT investment AND NOT education AND balance,investment;education;balance,001,0.785,0.416,95,29,0.558,0.22,0.154,0.255,0.32,0.143,0.185,4,-0.104,False,False,False,,True
held_up,3,local_tax_base AND social AND contestation,local_tax_base;social;contestation,111,0.785,0.415,62,15,0.484,0.114,0.128,0.043,0.2,0.143,0.074,3,-0.104,False,False,False,,True
held_up,3,property_tax AND autonomy AND NOT extracurricular,property_tax;autonomy;extracurricular,110,0.785,0.415,84,21,0.525,0.159,0.154,0.128,0.16,0.238,0.185,4,-0.104,False,False,False,,True
held_up,3,payroll_pit AND NOT culture AND contestation,payroll_pit;culture;contestation,101,0.785,0.414,73,15,0.441,0.114,0.103,0.106,0.08,0.19,0.037,4,-0.104,False,False,False,,True
held_up,3,NOT local_tax_base AND property_tax AND contestation,local_tax_base;property_tax;contestation,011,0.785,0.413,75,19,0.5,0.144,0.256,0.085,0.04,0.19,0.259,3,-0.104,False,False,False,,True
held_up,3,NOT local_tax_base AND NOT property_tax AND NOT contestation,local_tax_base;property_tax;contestation,000,0.785,0.413,94,28,0.538,0.212,0.154,0.234,0.28,0.19,0.074,4,-0.104,False,False,False,,True
held_up,3,investment AND NOT contestation AND balance,investment;contestation;balance,101,0.785,0.409,79,26,0.553,0.197,0.154,0.17,0.28,0.238,0.185,4,-0.104,False,False,False,,True
held_up,3,NOT property_tax AND NOT social AND NOT contestation,property_tax;social;contestation,000,0.785,0.401,83,20,0.488,0.152,0.154,0.149,0.2,0.095,0.148,4,-0.104,False,False,False,,True
held_up,3,NOT payroll_pit AND NOT social AND NOT contestation,payroll_pit;social;contestation,000,0.785,0.398,82,20,0.5,0.152,0.128,0.149,0.2,0.143,0.185,4,-0.104,False,False,False,,True
held_up,3,NOT local_tax_base AND NOT contestation AND balance,local_tax_base;contestation;balance,001,0.785,0.396,82,28,0.538,0.212,0.128,0.234,0.32,0.19,0.074,4,-0.104,False,False,False,,True
held_up,3,property_tax AND NOT culture AND extracurricular,property_tax;culture;extracurricular,101,0.785,0.396,58,8,0.364,0.061,0.051,0.043,0.04,0.143,0.037,4,-0.104,False,False,False,,True
held_up,3,social AND culture AND small,social;culture;small,111,0.785,0.396,74,22,0.512,0.167,0.179,0.191,0.12,0.143,0.222,4,-0.104,False,False,False,,True
held_up,3,local_tax_base AND NOT payroll_pit AND NOT balance,local_tax_base;payroll_pit;balance,100,0.785,0.395,74,18,0.545,0.136,0.154,0.128,0.08,0.19,0.185,4,-0.104,False,False,False,,True
held_up,3,property_tax AND payroll_pit AND NOT extracurricular,property_tax;payroll_pit;extracurricular,110,0.785,0.388,73,18,0.514,0.136,0.128,0.17,0.08,0.143,0.148,4,-0.104,False,False,False,,True
held_up,3,property_tax AND culture AND NOT extracurricular,property_tax;culture;extracurricular,110,0.785,0.375,68,20,0.606,0.152,0.103,0.17,0.16,0.19,0.148,4,-0.104,False,False,False,,True
held_up,3,single_tax AND culture AND NOT extracurricular,single_tax;culture;extracurricular,110,0.785,0.374,61,13,0.481,0.098,0.026,0.149,0.08,0.143,0.037,3,-0.104,False,False,False,,True
held_up,3,local_tax_base AND NOT social AND NOT contestation,local_tax_base;social;contestation,100,0.785,0.367,53,11,0.407,0.083,0.103,0.064,0.08,0.095,0.148,4,-0.104,False,False,False,,True
held_up,3,local_tax_base AND payroll_pit AND small,local_tax_base;payroll_pit;small,111,0.785,0.352,59,10,0.385,0.076,0.103,0.085,0.0,0.095,0.111,3,-0.104,False,False,False,,True
held_up,3,local_tax_base AND NOT extracurricular AND small,local_tax_base;extracurricular;small,101,0.785,0.351,65,16,0.485,0.121,0.103,0.128,0.04,0.238,0.148,3,-0.104,False,False,False,,True
held_up,3,property_tax AND NOT balance AND small,property_tax;balance;small,101,0.785,0.35,61,15,0.5,0.114,0.026,0.213,0.04,0.143,0.0,2,-0.104,False,False,False,,False
held_up,3,property_tax AND NOT autonomy AND small,property_tax;autonomy;small,101,0.785,0.307,34,8,0.421,0.061,0.026,0.106,0.0,0.095,0.0,2,-0.104,False,False,False,,False
held_up,3,investment AND NOT social AND NOT education,investment;social;education,100,0.784,0.478,100,23,0.469,0.174,0.205,0.149,0.08,0.286,0.185,3,-0.105,False,False,False,,True
held_up,3,NOT property_tax AND NOT payroll_pit AND extracurricular,property_tax;payroll_pit;extracurricular,001,0.784,0.474,110,34,0.642,0.258,0.128,0.319,0.36,0.238,0.111,3,-0.105,False,False,False,,True
held_up,3,NOT single_tax AND autonomy AND NOT culture,single_tax;autonomy;culture,010,0.784,0.469,93,21,0.5,0.159,0.128,0.128,0.2,0.238,0.111,4,-0.105,False,False,False,,True
held_up,3,NOT property_tax AND social AND NOT small,property_tax;social;small,010,0.784,0.463,94,28,0.528,0.212,0.128,0.234,0.36,0.143,0.074,4,-0.105,False,False,False,,True
held_up,3,NOT single_tax AND NOT investment AND NOT small,single_tax;investment;small,000,0.784,0.457,101,28,0.583,0.212,0.128,0.213,0.4,0.143,0.148,4,-0.105,False,False,False,,True
held_up,3,single_tax AND NOT education AND NOT small,single_tax;education;small,100,0.784,0.45,82,15,0.366,0.114,0.231,0.085,0.04,0.048,0.148,2,-0.105,False,False,False,,False
held_up,3,NOT investment AND NOT culture AND NOT small,investment;culture;small,000,0.784,0.449,97,22,0.512,0.167,0.128,0.149,0.28,0.143,0.111,4,-0.105,False,False,False,,True
held_up,3,NOT property_tax AND investment AND NOT social,property_tax;investment;social,010,0.784,0.446,94,23,0.523,0.174,0.231,0.17,0.08,0.19,0.185,3,-0.105,False,False,False,,True
held_up,3,local_tax_base AND contestation AND NOT small,local_tax_base;contestation;small,110,0.784,0.444,71,17,0.548,0.129,0.128,0.085,0.24,0.095,0.111,4,-0.105,False,False,False,,True
held_up,3,NOT local_tax_base AND single_tax AND investment,local_tax_base;single_tax;investment,011,0.784,0.436,86,23,0.5,0.174,0.205,0.191,0.16,0.095,0.111,4,-0.105,False,False,False,,True
held_up,3,local_tax_base AND autonomy AND contestation,local_tax_base;autonomy;contestation,111,0.784,0.431,69,14,0.467,0.106,0.128,0.064,0.12,0.143,0.148,4,-0.105,False,False,False,,True
held_up,3,NOT single_tax AND NOT payroll_pit AND NOT investment,single_tax;payroll_pit;investment,000,0.784,0.43,93,29,0.592,0.22,0.154,0.234,0.4,0.095,0.185,3,-0.105,False,False,False,,True
held_up,3,NOT payroll_pit AND NOT culture AND NOT extracurricular,payroll_pit;culture;extracurricular,000,0.784,0.426,85,22,0.478,0.167,0.205,0.17,0.2,0.048,0.296,3,-0.105,False,False,False,,True
held_up,3,NOT local_tax_base AND NOT contestation AND NOT small,local_tax_base;contestation;small,000,0.784,0.425,90,26,0.52,0.197,0.103,0.234,0.28,0.19,0.0,4,-0.105,False,False,False,,True
held_up,3,NOT single_tax AND NOT education AND NOT contestation,single_tax;education;contestation,000,0.784,0.424,94,29,0.569,0.22,0.128,0.234,0.4,0.143,0.185,4,-0.105,False,False,False,,True
held_up,3,local_tax_base AND NOT payroll_pit AND investment,local_tax_base;payroll_pit;investment,101,0.784,0.422,79,19,0.5,0.144,0.154,0.064,0.2,0.238,0.185,3,-0.105,False,False,False,,True
held_up,3,NOT local_tax_base AND single_tax AND culture,local_tax_base;single_tax;culture,011,0.784,0.42,77,20,0.455,0.152,0.205,0.128,0.16,0.095,0.222,4,-0.105,False,False,False,,True
held_up,3,single_tax AND autonomy AND NOT culture,single_tax;autonomy;culture,110,0.784,0.42,73,13,0.406,0.098,0.179,0.128,0.0,0.0,0.074,2,-0.105,False,False,False,,False
held_up,3,local_tax_base AND investment AND social,local_tax_base;investment;social,111,0.784,0.419,66,15,0.517,0.114,0.154,0.085,0.12,0.095,0.148,4,-0.105,False,False,False,,True
held_up,3,NOT local_tax_base AND education AND balance,local_tax_base;education;balance,011,0.784,0.417,75,20,0.465,0.152,0.231,0.128,0.12,0.095,0.222,4,-0.105,False,False,False,,True
held_up,3,property_tax AND autonomy AND small,property_tax;autonomy;small,111,0.784,0.416,87,20,0.476,0.152,0.128,0.149,0.16,0.19,0.185,4,-0.105,False,False,False,,True
held_up,3,NOT payroll_pit AND NOT education AND NOT contestation,payroll_pit;education;contestation,000,0.784,0.415,98,30,0.545,0.227,0.154,0.234,0.44,0.095,0.222,3,-0.105,False,False,False,,True
held_up,3,NOT investment AND contestation AND balance,investment;contestation;balance,011,0.784,0.415,84,22,0.512,0.167,0.154,0.191,0.12,0.19,0.222,4,-0.105,False,False,False,,True
held_up,3,local_tax_base AND payroll_pit AND social,local_tax_base;payroll_pit;social,111,0.784,0.397,64,10,0.345,0.076,0.128,0.064,0.0,0.095,0.148,3,-0.105,False,False,False,,True
held_up,3,NOT autonomy AND investment AND NOT small,autonomy;investment;small,010,0.784,0.395,66,18,0.514,0.136,0.051,0.128,0.2,0.238,0.074,3,-0.105,False,False,False,,True
held_up,3,payroll_pit AND social AND small,payroll_pit;social;small,111,0.784,0.393,76,18,0.45,0.136,0.154,0.17,0.04,0.143,0.185,3,-0.105,False,False,False,,True
held_up,3,single_tax AND payroll_pit AND NOT culture,single_tax;payroll_pit;culture,110,0.784,0.391,61,12,0.429,0.091,0.154,0.128,0.0,0.0,0.037,2,-0.105,False,False,False,,False
held_up,3,NOT local_tax_base AND payroll_pit AND NOT contestation,local_tax_base;payroll_pit;contestation,010,0.784,0.39,65,17,0.459,0.129,0.128,0.149,0.12,0.095,0.037,4,-0.105,False,False,False,,True
held_up,3,local_tax_base AND property_tax AND NOT payroll_pit,local_tax_base;property_tax;payroll_pit,110,0.784,0.386,57,14,0.452,0.106,0.077,0.043,0.16,0.238,0.074,3,-0.105,False,False,False,,True
held_up,3,NOT investment AND social AND culture,investment;social;culture,011,0.784,0.385,68,18,0.45,0.136,0.154,0.149,0.12,0.095,0.185,4,-0.105,False,False,False,,True
held_up,3,property_tax AND social AND NOT contestation,property_tax;social;contestation,110,0.784,0.381,68,16,0.471,0.121,0.077,0.191,0.12,0.048,0.111,3,-0.105,False,False,False,,True
held_up,3,single_tax AND NOT investment AND social,single_tax;investment;social,101,0.784,0.38,62,11,0.324,0.083,0.154,0.064,0.0,0.095,0.148,3,-0.105,False,False,False,,True
held_up,3,local_tax_base AND payroll_pit AND extracurricular,local_tax_base;payroll_pit;extracurricular,111,0.784,0.378,48,5,0.25,0.038,0.103,0.021,0.0,0.0,0.111,2,-0.105,False,False,False,,False
held_up,3,NOT single_tax AND NOT autonomy AND balance,single_tax;autonomy;balance,001,0.784,0.37,58,20,0.556,0.152,0.026,0.17,0.28,0.19,0.037,3,-0.105,False,False,False,,True
held_up,3,local_tax_base AND education AND contestation,local_tax_base;education;contestation,111,0.784,0.366,49,10,0.417,0.076,0.103,0.043,0.04,0.143,0.111,4,-0.105,False,False,False,,True
held_up,3,NOT investment AND social AND education,investment;social;education,011,0.784,0.364,55,11,0.367,0.083,0.128,0.085,0.0,0.095,0.148,3,-0.105,False,False,False,,True
held_up,3,NOT autonomy AND NOT investment AND balance,autonomy;investment;balance,001,0.784,0.358,53,12,0.387,0.091,0.026,0.128,0.16,0.048,0.037,3,-0.105,False,False,False,,True
held_up,3,local_tax_base AND education AND NOT contestation,local_tax_base;education;contestation,110,0.784,0.348,44,10,0.476,0.076,0.051,0.106,0.0,0.143,0.074,3,-0.105,False,False,False,,True
held_up,3,single_tax AND NOT autonomy AND culture,single_tax;autonomy;culture,101,0.784,0.334,40,8,0.333,0.061,0.051,0.064,0.0,0.143,0.037,3,-0.105,False,False,False,,True
held_up,3,NOT investment AND education AND small,investment;education;small,011,0.784,0.331,44,9,0.45,0.068,0.051,0.085,0.0,0.143,0.074,3,-0.105,False,False,False,,True
held_up,3,single_tax AND NOT autonomy AND small,single_tax;autonomy;small,101,0.784,0.321,41,10,0.455,0.076,0.051,0.106,0.0,0.143,0.037,3,-0.105,False,False,False,,True
held_up,3,NOT property_tax AND NOT single_tax AND extracurricular,property_tax;single_tax;extracurricular,001,0.783,0.494,115,35,0.636,0.265,0.103,0.319,0.4,0.286,0.074,3,-0.106,False,False,False,,True
held_up,3,NOT local_tax_base AND NOT property_tax AND investment,local_tax_base;property_tax;investment,001,0.783,0.467,99,32,0.604,0.242,0.154,0.34,0.16,0.286,0.074,4,-0.106,False,False,False,,True
held_up,3,NOT local_tax_base AND NOT property_tax AND NOT payroll_pit,local_tax_base;property_tax;payroll_pit,000,0.783,0.46,111,34,0.618,0.258,0.179,0.34,0.32,0.143,0.222,4,-0.106,False,False,False,,True
held_up,3,investment AND social AND NOT education,investment;social;education,110,0.783,0.447,86,21,0.538,0.159,0.128,0.149,0.24,0.143,0.074,4,-0.106,False,False,False,,True
held_up,3,investment AND culture AND extracurricular,investment;culture;extracurricular,111,0.783,0.439,75,21,0.538,0.159,0.205,0.085,0.12,0.286,0.185,4,-0.106,False,False,False,,True
held_up,3,investment AND NOT contestation AND NOT small,investment;contestation;small,100,0.783,0.425,80,22,0.524,0.167,0.128,0.17,0.2,0.19,0.111,4,-0.106,False,False,False,,True
held_up,3,NOT local_tax_base AND education AND extracurricular,local_tax_base;education;extracurricular,011,0.783,0.42,71,20,0.513,0.152,0.231,0.149,0.08,0.095,0.222,4,-0.106,False,False,False,,True
held_up,3,NOT local_tax_base AND extracurricular AND NOT contestation,local_tax_base;extracurricular;contestation,010,0.783,0.417,81,23,0.511,0.174,0.077,0.213,0.24,0.19,0.037,3,-0.106,False,False,False,,True
held_up,3,local_tax_base AND autonomy AND culture,local_tax_base;autonomy;culture,111,0.783,0.41,68,17,0.586,0.129,0.154,0.064,0.2,0.143,0.185,3,-0.106,False,False,False,,True
held_up,3,NOT local_tax_base AND NOT culture AND NOT balance,local_tax_base;culture;balance,000,0.783,0.41,81,15,0.429,0.114,0.077,0.149,0.12,0.095,0.0,4,-0.106,False,False,False,,True
held_up,3,NOT single_tax AND NOT payroll_pit AND NOT contestation,single_tax;payroll_pit;contestation,000,0.783,0.41,93,31,0.596,0.235,0.154,0.255,0.4,0.143,0.222,4,-0.106,False,False,False,,True
held_up,3,NOT investment AND social AND balance,investment;social;balance,011,0.783,0.41,78,20,0.435,0.152,0.154,0.128,0.2,0.143,0.148,4,-0.106,False,False,False,,True
held_up,3,property_tax AND autonomy AND NOT contestation,property_tax;autonomy;contestation,110,0.783,0.406,73,14,0.452,0.106,0.077,0.128,0.16,0.048,0.111,3,-0.106,False,False,False,,True
held_up,3,single_tax AND social AND small,single_tax;social;small,111,0.783,0.395,73,18,0.486,0.136,0.103,0.191,0.04,0.19,0.111,3,-0.106,False,False,False,,True
held_up,3,payroll_pit AND social AND NOT contestation,payroll_pit;social;contestation,110,0.783,0.394,74,16,0.421,0.121,0.128,0.17,0.08,0.048,0.111,3,-0.106,False,False,False,,True
held_up,3,local_tax_base AND NOT extracurricular AND contestation,local_tax_base;extracurricular;contestation,101,0.783,0.393,64,15,0.469,0.114,0.103,0.085,0.16,0.143,0.148,4,-0.106,False,False,False,,True
held_up,3,local_tax_base AND property_tax AND NOT social,local_tax_base;property_tax;social,110,0.783,0.382,56,9,0.36,0.068,0.077,0.043,0.0,0.19,0.111,3,-0.106,False,False,False,,True
held_up,3,property_tax AND single_tax AND NOT extracurricular,property_tax;single_tax;extracurricular,110,0.783,0.381,65,13,0.448,0.098,0.026,0.149,0.08,0.143,0.037,3,-0.106,False,False,False,,True
held_up,3,payroll_pit AND NOT investment AND culture,payroll_pit;investment;culture,101,0.783,0.374,62,11,0.355,0.083,0.128,0.106,0.0,0.048,0.148,3,-0.106,False,False,False,,True
held_up,3,property_tax AND payroll_pit AND NOT culture,property_tax;payroll_pit;culture,110,0.783,0.373,52,6,0.273,0.045,0.077,0.021,0.0,0.095,0.037,2,-0.106,False,False,False,,False
held_up,3,local_tax_base AND single_tax AND NOT investment,local_tax_base;single_tax;investment,110,0.783,0.357,52,10,0.37,0.076,0.077,0.064,0.04,0.143,0.111,4,-0.106,False,False,False,,True
held_up,3,local_tax_base AND NOT investment AND education,local_tax_base;investment;education,101,0.783,0.334,38,6,0.333,0.045,0.026,0.043,0.0,0.143,0.037,3,-0.106,False,False,False,,True
held_up,3,NOT single_tax AND autonomy AND NOT education,single_tax;autonomy;education,010,0.782,0.499,112,31,0.608,0.235,0.154,0.191,0.4,0.286,0.148,4,-0.107,False,False,False,,True
held_up,3,NOT payroll_pit AND contestation AND NOT small,payroll_pit;contestation;small,010,0.782,0.484,102,29,0.63,0.22,0.205,0.213,0.28,0.19,0.185,4,-0.107,False,False,False,,True
held_up,3,NOT investment AND NOT education AND NOT small,investment;education;small,000,0.782,0.476,119,33,0.569,0.25,0.205,0.234,0.44,0.143,0.222,4,-0.107,False,False,False,,True
held_up,3,NOT local_tax_base AND contestation AND balance,local_tax_base;contestation;balance,011,0.782,0.467,98,27,0.562,0.205,0.256,0.191,0.08,0.286,0.259,3,-0.107,False,False,False,,True
held_up,3,payroll_pit AND NOT education AND NOT small,payroll_pit;education;small,100,0.782,0.466,99,21,0.467,0.159,0.231,0.106,0.08,0.238,0.148,4,-0.107,False,False,False,,True
held_up,3,social AND NOT education AND contestation,social;education;contestation,101,0.782,0.457,89,24,0.571,0.182,0.179,0.149,0.24,0.19,0.111,4,-0.107,False,False,False,,True
held_up,3,culture AND extracurricular AND contestation,culture;extracurricular;contestation,111,0.782,0.438,76,19,0.463,0.144,0.282,0.064,0.08,0.143,0.296,3,-0.107,False,False,False,,True
held_up,3,NOT property_tax AND NOT investment AND NOT culture,property_tax;investment;culture,000,0.782,0.433,95,23,0.5,0.174,0.103,0.191,0.32,0.095,0.074,4,-0.107,False,False,False,,True
held_up,3,NOT property_tax AND NOT payroll_pit AND NOT investment,property_tax;payroll_pit;investment,000,0.782,0.428,96,29,0.58,0.22,0.179,0.234,0.4,0.048,0.222,3,-0.107,False,False,False,,True
held_up,3,NOT autonomy AND NOT social AND NOT small,autonomy;social;small,000,0.782,0.422,83,21,0.5,0.159,0.103,0.128,0.2,0.286,0.148,4,-0.107,False,False,False,,True
held_up,3,local_tax_base AND NOT single_tax AND NOT culture,local_tax_base;single_tax;culture,100,0.782,0.416,78,20,0.526,0.152,0.179,0.128,0.2,0.095,0.222,4,-0.107,False,False,False,,True
held_up,3,NOT payroll_pit AND NOT social AND balance,payroll_pit;social;balance,001,0.782,0.406,78,23,0.523,0.174,0.128,0.213,0.16,0.19,0.185,4,-0.107,False,False,False,,True
held_up,3,NOT social AND NOT culture AND NOT contestation,social;culture;contestation,000,0.782,0.405,76,17,0.472,0.129,0.179,0.128,0.16,0.0,0.185,3,-0.107,False,False,False,,True
held_up,3,social AND culture AND NOT contestation,social;culture;contestation,110,0.782,0.395,75,23,0.548,0.174,0.128,0.255,0.16,0.095,0.148,4,-0.107,False,False,False,,True
held_up,3,single_tax AND social AND NOT contestation,single_tax;social;contestation,110,0.782,0.39,70,16,0.432,0.121,0.103,0.17,0.08,0.095,0.074,4,-0.107,False,False,False,,True
held_up,3,local_tax_base AND NOT culture AND NOT extracurricular,local_tax_base;culture;extracurricular,100,0.782,0.389,67,15,0.417,0.114,0.179,0.085,0.12,0.048,0.259,3,-0.107,False,False,False,,True
held_up,3,culture AND extracurricular AND NOT contestation,culture;extracurricular;contestation,110,0.782,0.387,63,18,0.486,0.136,0.077,0.17,0.12,0.19,0.074,4,-0.107,False,False,False,,True
held_up,3,single_tax AND extracurricular AND NOT contestation,single_tax;extracurricular;contestation,110,0.782,0.386,60,13,0.406,0.098,0.103,0.106,0.08,0.095,0.074,4,-0.107,False,False,False,,True
held_up,3,NOT property_tax AND NOT contestation AND balance,property_tax;contestation;balance,001,0.782,0.384,81,28,0.519,0.212,0.128,0.213,0.36,0.19,0.074,4,-0.107,False,False,False,,True
held_up,3,investment AND NOT culture AND NOT contestation,investment;culture;contestation,100,0.782,0.378,63,17,0.531,0.129,0.154,0.128,0.16,0.048,0.148,3,-0.107,False,False,False,,True
held_up,3,NOT autonomy AND NOT culture AND balance,autonomy;culture;balance,001,0.782,0.376,64,18,0.5,0.136,0.026,0.128,0.32,0.143,0.037,3,-0.107,False,False,False,,True
held_up,3,property_tax AND extracurricular AND NOT contestation,property_tax;extracurricular;contestation,110,0.782,0.372,50,10,0.4,0.076,0.051,0.106,0.08,0.048,0.074,4,-0.107,False,False,False,,True
held_up,3,payroll_pit AND NOT investment AND education,payroll_pit;investment;education,101,0.782,0.363,54,8,0.296,0.061,0.077,0.085,0.0,0.048,0.074,3,-0.107,False,False,False,,True
held_up,3,local_tax_base AND NOT investment AND culture,local_tax_base;investment;culture,101,0.782,0.347,44,10,0.385,0.076,0.051,0.043,0.12,0.143,0.074,4,-0.107,False,False,False,,True
held_up,3,NOT autonomy AND culture AND education,autonomy;culture;education,011,0.782,0.338,42,8,0.348,0.061,0.051,0.085,0.0,0.095,0.037,3,-0.107,False,False,False,,True
held_up,3,property_tax AND NOT autonomy AND culture,property_tax;autonomy;culture,101,0.782,0.317,33,7,0.35,0.053,0.026,0.085,0.0,0.095,0.0,2,-0.107,False,False,False,,False
held_up,3,NOT payroll_pit AND extracurricular AND NOT small,payroll_pit;extracurricular;small,010,0.781,0.51,126,37,0.617,0.28,0.154,0.319,0.4,0.286,0.111,4,-0.108,False,False,False,,True
held_up,3,social AND NOT education AND extracurricular,social;education;extracurricular,101,0.781,0.469,96,26,0.52,0.197,0.154,0.17,0.36,0.143,0.074,4,-0.108,False,False,False,,True
held_up,3,NOT property_tax AND NOT balance AND NOT small,property_tax;balance;small,000,0.781,0.457,105,22,0.579,0.167,0.231,0.149,0.16,0.095,0.222,4,-0.108,False,False,False,,True
held_up,3,NOT single_tax AND NOT balance AND NOT small,single_tax;balance;small,000,0.781,0.456,105,22,0.564,0.167,0.231,0.128,0.16,0.143,0.222,4,-0.108,False,False,False,,True
held_up,3,autonomy AND NOT education AND NOT balance,autonomy;education;balance,100,0.781,0.455,94,14,0.389,0.106,0.128,0.085,0.12,0.095,0.074,4,-0.108,False,False,False,,True
held_up,3,single_tax AND autonomy AND NOT education,single_tax;autonomy;education,110,0.781,0.446,89,14,0.368,0.106,0.231,0.106,0.0,0.0,0.148,2,-0.108,False,False,False,,False
held_up,3,local_tax_base AND investment AND NOT small,local_tax_base;investment;small,110,0.781,0.441,70,11,0.393,0.083,0.128,0.021,0.12,0.095,0.148,3,-0.108,False,False,False,,True
held_up,3,NOT payroll_pit AND NOT balance AND NOT small,payroll_pit;balance;small,000,0.781,0.438,90,18,0.545,0.136,0.205,0.106,0.12,0.095,0.222,4,-0.108,False,False,False,,True
held_up,3,NOT local_tax_base AND social AND culture,local_tax_base;social;culture,011,0.781,0.436,86,26,0.531,0.197,0.256,0.234,0.12,0.095,0.333,3,-0.108,False,False,False,,True
held_up,3,single_tax AND NOT culture AND NOT small,single_tax;culture;small,100,0.781,0.43,67,14,0.424,0.106,0.179,0.128,0.04,0.0,0.074,2,-0.108,False,False,False,,False
held_up,3,NOT property_tax AND NOT payroll_pit AND NOT balance,property_tax;payroll_pit;balance,000,0.781,0.424,98,25,0.641,0.189,0.282,0.191,0.16,0.048,0.333,3,-0.108,False,False,False,,True
held_up,3,extracurricular AND NOT contestation AND balance,extracurricular;contestation;balance,101,0.781,0.423,86,25,0.481,0.189,0.103,0.191,0.32,0.19,0.074,4,-0.108,False,False,False,,True
held_up,3,payroll_pit AND autonomy AND NOT contestation,payroll_pit;autonomy;contestation,110,0.781,0.421,85,17,0.425,0.129,0.179,0.128,0.12,0.048,0.111,3,-0.108,False,False,False,,True
held_up,3,local_tax_base AND investment AND NOT social,local_tax_base;investment;social,110,0.781,0.409,69,12,0.387,0.091,0.103,0.043,0.08,0.19,0.148,3,-0.108,False,False,False,,True
held_up,3,social AND extracurricular AND NOT contestation,social;extracurricular;contestation,110,0.781,0.404,72,18,0.439,0.136,0.103,0.149,0.2,0.095,0.074,4,-0.108,False,False,False,,True
held_up,3,payroll_pit AND NOT investment AND extracurricular,payroll_pit;investment;extracurricular,101,0.781,0.392,71,13,0.351,0.098,0.179,0.085,0.04,0.048,0.185,2,-0.108,False,False,False,,False
held_up,3,NOT property_tax AND NOT autonomy AND investment,property_tax;autonomy;investment,001,0.781,0.387,76,21,0.525,0.159,0.077,0.191,0.16,0.238,0.111,3,-0.108,False,False,False,,True
held_up,3,payroll_pit AND extracurricular AND NOT contestation,payroll_pit;extracurricular;contestation,110,0.781,0.386,59,11,0.355,0.083,0.103,0.085,0.04,0.095,0.074,3,-0.108,False,False,False,,True
held_up,3,local_tax_base AND NOT investment AND extracurricular,local_tax_base;investment;extracurricular,101,0.781,0.385,58,13,0.406,0.098,0.103,0.106,0.12,0.048,0.111,3,-0.108,False,False,False,,True
held_up,3,local_tax_base AND education AND balance,local_tax_base;education;balance,111,0.781,0.385,50,11,0.407,0.083,0.103,0.043,0.04,0.19,0.148,3,-0.108,False,False,False,,True
held_up,3,property_tax AND NOT investment AND social,property_tax;investment;social,101,0.781,0.369,60,13,0.394,0.098,0.103,0.106,0.04,0.143,0.148,3,-0.108,False,False,False,,True
held_up,3,NOT autonomy AND NOT contestation AND NOT small,autonomy;contestation;small,000,0.781,0.368,65,17,0.472,0.129,0.077,0.106,0.24,0.143,0.111,4,-0.108,False,False,False,,True
held_up,3,property_tax AND extracurricular AND small,property_tax;extracurricular;small,111,0.781,0.363,52,10,0.385,0.076,0.077,0.106,0.04,0.048,0.074,4,-0.108,False,False,False,,True
held_up,3,local_tax_base AND NOT culture AND NOT contestation,local_tax_base;culture;contestation,100,0.781,0.358,55,9,0.333,0.068,0.128,0.043,0.08,0.0,0.185,3,-0.108,False,False,False,,True
held_up,3,NOT autonomy AND NOT culture AND NOT contestation,autonomy;culture;contestation,000,0.781,0.356,64,16,0.516,0.121,0.077,0.128,0.24,0.048,0.111,3,-0.108,False,False,False,,True
held_up,3,local_tax_base AND single_tax AND NOT autonomy,local_tax_base;single_tax;autonomy,110,0.781,0.354,50,10,0.357,0.076,0.051,0.064,0.04,0.19,0.037,4,-0.108,False,False,False,,True
held_up,3,NOT local_tax_base AND NOT single_tax AND extracurricular,local_tax_base;single_tax;extracurricular,001,0.78,0.486,117,32,0.582,0.242,0.051,0.298,0.32,0.381,0.037,3,-0.109,False,False,False,,True
held_up,3,NOT payroll_pit AND NOT culture AND contestation,payroll_pit;culture;contestation,001,0.78,0.471,103,28,0.583,0.212,0.128,0.277,0.2,0.238,0.111,4,-0.109,False,False,False,,True
held_up,3,autonomy AND education AND balance,autonomy;education;balance,111,0.78,0.465,99,29,0.509,0.22,0.333,0.149,0.16,0.238,0.37,4,-0.109,False,False,False,,True
held_up,3,NOT property_tax AND NOT single_tax AND investment,property_tax;single_tax;investment,001,0.78,0.452,96,31,0.66,0.235,0.154,0.298,0.24,0.238,0.185,4,-0.109,False,False,False,,True
held_up,3,NOT payroll_pit AND NOT education AND NOT extracurricular,payroll_pit;education;extracurricular,000,0.78,0.435,91,22,0.449,0.167,0.179,0.149,0.28,0.048,0.259,3,-0.109,False,False,False,,True
held_up,3,social AND NOT culture AND contestation,social;culture;contestation,101,0.78,0.435,76,20,0.541,0.152,0.103,0.149,0.16,0.238,0.037,4,-0.109,False,False,False,,True
held_up,3,local_tax_base AND NOT education AND contestation,local_tax_base;education;contestation,101,0.78,0.429,81,19,0.487,0.144,0.128,0.106,0.24,0.143,0.111,4,-0.109,False,False,False,,True
held_up,3,local_tax_base AND NOT property_tax AND NOT payroll_pit,local_tax_base;property_tax;payroll_pit,100,0.78,0.427,86,24,0.545,0.182,0.179,0.17,0.28,0.095,0.222,4,-0.109,False,False,False,,True
held_up,3,social AND education AND contestation,social;education;contestation,111,0.78,0.42,75,17,0.425,0.129,0.205,0.064,0.08,0.19,0.259,3,-0.109,False,False,False,,True
held_up,3,education AND extracurricular AND contestation,education;extracurricular;contestation,111,0.78,0.42,69,15,0.417,0.114,0.205,0.085,0.04,0.095,0.185,3,-0.109,False,False,False,,True
held_up,3,NOT local_tax_base AND social AND education,local_tax_base;social;education,011,0.78,0.419,80,23,0.511,0.174,0.231,0.191,0.12,0.095,0.296,4,-0.109,False,False,False,,True
held_up,3,NOT local_tax_base AND property_tax AND single_tax,local_tax_base;property_tax;single_tax,011,0.78,0.415,76,20,0.513,0.152,0.205,0.149,0.16,0.048,0.222,3,-0.109,False,False,False,,True
held_up,3,NOT property_tax AND NOT single_tax AND NOT contestation,property_tax;single_tax;contestation,000,0.78,0.409,91,28,0.583,0.212,0.128,0.234,0.36,0.143,0.185,4,-0.109,False,False,False,,True
held_up,3,property_tax AND NOT culture AND contestation,property_tax;culture;contestation,101,0.78,0.395,61,11,0.407,0.083,0.103,0.021,0.04,0.238,0.074,2,-0.109,False,False,False,,False
held_up,3,single_tax AND investment AND NOT extracurricular,single_tax;investment;extracurricular,110,0.78,0.389,69,12,0.364,0.091,0.103,0.106,0.08,0.048,0.074,4,-0.109,False,False,False,,True
held_up,3,payroll_pit AND education AND NOT contestation,payroll_pit;education;contestation,110,0.78,0.384,66,17,0.486,0.129,0.103,0.191,0.12,0.048,0.111,3,-0.109,False,False,False,,True
held_up,3,local_tax_base AND property_tax AND NOT culture,local_tax_base;property_tax;culture,110,0.78,0.373,52,6,0.261,0.045,0.051,0.021,0.04,0.095,0.074,3,-0.109,False,False,False,,True
held_up,3,local_tax_base AND NOT autonomy AND NOT investment,local_tax_base;autonomy;investment,100,0.78,0.366,58,14,0.412,0.106,0.103,0.106,0.12,0.095,0.111,4,-0.109,False,False,False,,True
held_up,3,local_tax_base AND NOT autonomy AND balance,local_tax_base;autonomy;balance,101,0.78,0.362,46,9,0.31,0.068,0.026,0.043,0.16,0.095,0.037,3,-0.109,False,False,False,,True
held_up,3,local_tax_base AND NOT autonomy AND culture,local_tax_base;autonomy;culture,101,0.78,0.341,42,7,0.28,0.053,0.026,0.064,0.0,0.143,0.0,2,-0.109,False,False,False,,False
held_up,3,NOT single_tax AND NOT payroll_pit AND contestation,single_tax;payroll_pit;contestation,001,0.779,0.468,105,31,0.608,0.235,0.179,0.255,0.32,0.19,0.185,4,-0.11,False,False,False,,True
held_up,3,investment AND contestation AND balance,investment;contestation;balance,111,0.779,0.468,85,23,0.523,0.174,0.231,0.085,0.16,0.286,0.185,3,-0.11,False,False,False,,True
held_up,3,local_tax_base AND NOT payroll_pit AND NOT small,local_tax_base;payroll_pit;small,100,0.779,0.462,98,24,0.5,0.182,0.205,0.106,0.36,0.095,0.222,4,-0.11,False,False,False,,True
held_up,3,NOT culture AND NOT education AND NOT extracurricular,culture;education;extracurricular,000,0.779,0.447,92,24,0.453,0.182,0.231,0.149,0.2,0.143,0.222,4,-0.11,False,False,False,,True
held_up,3,NOT local_tax_base AND single_tax AND NOT small,local_tax_base;single_tax;small,010,0.779,0.446,89,22,0.449,0.167,0.333,0.106,0.08,0.095,0.222,3,-0.11,False,False,False,,True
held_up,3,NOT local_tax_base AND culture AND balance,local_tax_base;culture;balance,011,0.779,0.44,88,26,0.5,0.197,0.231,0.17,0.16,0.238,0.259,4,-0.11,False,False,False,,True
held_up,3,investment AND contestation AND NOT balance,investment;contestation;balance,110,0.779,0.437,91,19,0.463,0.144,0.154,0.191,0.04,0.143,0.111,3,-0.11,False,False,False,,True
held_up,3,NOT payroll_pit AND investment AND NOT social,payroll_pit;investment;social,010,0.779,0.436,89,20,0.465,0.152,0.179,0.128,0.08,0.238,0.222,4,-0.11,False,False,False,,True
held_up,3,NOT single_tax AND NOT contestation AND NOT small,single_tax;contestation;small,000,0.779,0.435,96,26,0.52,0.197,0.103,0.234,0.32,0.143,0.148,4,-0.11,False,False,False,,True
held_up,3,NOT property_tax AND NOT single_tax AND balance,property_tax;single_tax;balance,001,0.779,0.428,87,33,0.611,0.25,0.051,0.319,0.44,0.238,0.074,3,-0.11,False,False,False,,True
held_up,3,payroll_pit AND NOT culture AND extracurricular,payroll_pit;culture;extracurricular,101,0.779,0.427,79,14,0.4,0.106,0.103,0.128,0.08,0.095,0.037,4,-0.11,False,False,False,,True
held_up,3,investment AND education AND extracurricular,investment;education;extracurricular,111,0.779,0.424,72,19,0.528,0.144,0.179,0.149,0.08,0.143,0.148,4,-0.11,False,False,False,,True
held_up,3,local_tax_base AND social AND extracurricular,local_tax_base;social;extracurricular,111,0.779,0.418,62,11,0.379,0.083,0.128,0.021,0.16,0.048,0.074,3,-0.11,False,False,False,,True
held_up,3,NOT single_tax AND NOT autonomy AND NOT social,single_tax;autonomy;social,000,0.779,0.415,87,23,0.489,0.174,0.103,0.213,0.16,0.238,0.148,4,-0.11,False,False,False,,True
held_up,3,local_tax_base AND investment AND balance,local_tax_base;investment;balance,111,0.779,0.412,61,15,0.469,0.114,0.154,0.021,0.16,0.19,0.185,3,-0.11,False,False,False,,True
held_up,3,NOT payroll_pit AND NOT autonomy AND NOT investment,payroll_pit;autonomy;investment,000,0.779,0.397,81,23,0.511,0.174,0.128,0.191,0.2,0.19,0.148,4,-0.11,False,False,False,,True
held_up,3,single_tax AND investment AND small,single_tax;investment;small,111,0.779,0.394,72,16,0.471,0.121,0.103,0.17,0.08,0.095,0.111,4,-0.11,False,False,False,,True
held_up,3,property_tax AND investment AND NOT contestation,property_tax;investment;contestation,110,0.779,0.384,62,15,0.484,0.114,0.077,0.149,0.16,0.048,0.111,3,-0.11,False,False,False,,True
held_up,3,local_tax_base AND investment AND NOT contestation,local_tax_base;investment;contestation,110,0.779,0.382,61,12,0.429,0.091,0.128,0.085,0.08,0.048,0.185,4,-0.11,False,False,False,,True
held_up,3,single_tax AND payroll_pit AND NOT investment,single_tax;payroll_pit;investment,110,0.779,0.379,68,12,0.353,0.091,0.179,0.085,0.0,0.048,0.185,3,-0.11,False,False,False,,True
held_up,3,education AND extracurricular AND NOT contestation,education;extracurricular;contestation,110,0.779,0.374,55,12,0.444,0.091,0.077,0.128,0.04,0.095,0.074,3,-0.11,False,False,False,,True
held_up,3,property_tax AND payroll_pit AND NOT investment,property_tax;payroll_pit;investment,110,0.779,0.369,62,11,0.367,0.083,0.128,0.085,0.0,0.095,0.185,3,-0.11,False,False,False,,True
held_up,3,property_tax AND contestation AND small,property_tax;contestation;small,111,0.779,0.368,62,10,0.312,0.076,0.077,0.064,0.04,0.143,0.074,4,-0.11,False,False,False,,True
held_up,3,property_tax AND NOT autonomy AND education,property_tax;autonomy;education,101,0.779,0.319,36,8,0.421,0.061,0.026,0.106,0.0,0.095,0.0,2,-0.11,False,False,False,,False
held_up,3,NOT single_tax AND contestation AND NOT small,single_tax;contestation;small,010,0.778,0.515,124,36,0.655,0.273,0.205,0.255,0.36,0.333,0.185,4,-0.111,False,False,False,,True
held_up,3,investment AND NOT social AND NOT culture,investment;social;culture,100,0.778,0.467,95,22,0.478,0.167,0.231,0.191,0.08,0.095,0.185,3,-0.111,False,False,False,,True
held_up,3,culture AND balance AND NOT small,culture;balance;small,110,0.778,0.464,98,30,0.508,0.227,0.256,0.17,0.24,0.286,0.259,4,-0.111,False,False,False,,True
held_up,3,NOT property_tax AND NOT payroll_pit AND contestation,property_tax;payroll_pit;contestation,001,0.778,0.456,97,29,0.604,0.22,0.205,0.277,0.2,0.143,0.222,4,-0.111,False,False,False,,True
held_up,3,social AND NOT culture AND NOT education,social;culture;education,100,0.778,0.453,88,27,0.562,0.205,0.154,0.17,0.32,0.238,0.074,4,-0.111,False,False,False,,True
held_up,3,property_tax AND balance AND NOT small,property_tax;balance;small,110,0.778,0.451,91,24,0.522,0.182,0.308,0.085,0.16,0.19,0.333,3,-0.111,False,False,False,,True
held_up,3,NOT social AND NOT culture AND NOT balance,social;culture;balance,000,0.778,0.446,105,20,0.444,0.152,0.154,0.149,0.16,0.143,0.148,4,-0.111,False,False,False,,True
held_up,3,NOT local_tax_base AND single_tax AND balance,local_tax_base;single_tax;balance,011,0.778,0.439,92,22,0.449,0.167,0.308,0.106,0.12,0.095,0.222,4,-0.111,False,False,False,,True
held_up,3,NOT local_tax_base AND social AND NOT education,local_tax_base;social;education,010,0.778,0.439,91,26,0.531,0.197,0.128,0.213,0.24,0.238,0.074,4,-0.111,False,False,False,,True
held_up,3,education AND contestation AND balance,education;contestation;balance,111,0.778,0.431,79,19,0.432,0.144,0.231,0.085,0.08,0.19,0.259,4,-0.111,False,False,False,,True
held_up,3,local_tax_base AND extracurricular AND balance,local_tax_base;extracurricular;balance,111,0.778,0.427,67,15,0.441,0.114,0.103,0.085,0.2,0.095,0.111,4,-0.111,False,False,False,,True
held_up,3,NOT local_tax_base AND NOT culture AND balance,local_tax_base;culture;balance,001,0.778,0.425,92,29,0.604,0.22,0.154,0.255,0.24,0.238,0.074,4,-0.111,False,False,False,,True
held_up,3,investment AND social AND NOT culture,investment;social;culture,110,0.778,0.425,76,20,0.541,0.152,0.077,0.17,0.2,0.19,0.037,4,-0.111,False,False,False,,True
held_up,3,NOT payroll_pit AND NOT social AND NOT balance,payroll_pit;social;balance,000,0.778,0.423,94,20,0.5,0.152,0.179,0.106,0.16,0.19,0.222,4,-0.111,False,False,False,,True
held_up,3,NOT property_tax AND NOT education AND NOT contestation,property_tax;education;contestation,000,0.778,0.421,101,32,0.552,0.242,0.205,0.234,0.4,0.143,0.185,4,-0.111,False,False,False,,True
held_up,3,NOT property_tax AND NOT investment AND balance,property_tax;investment;balance,001,0.778,0.402,81,22,0.478,0.167,0.077,0.234,0.28,0.048,0.037,2,-0.111,False,False,False,,False
held_up,3,property_tax AND investment AND small,property_tax;investment;small,111,0.778,0.395,77,21,0.538,0.159,0.154,0.17,0.16,0.143,0.185,4,-0.111,False,False,False,,True
held_up,3,NOT payroll_pit AND NOT autonomy AND investment,payroll_pit;autonomy;investment,001,0.778,0.39,78,22,0.524,0.167,0.077,0.191,0.2,0.238,0.111,3,-0.111,False,False,False,,True
held_up,3,local_tax_base AND NOT social AND NOT extracurricular,local_tax_base;social;extracurricular,100,0.778,0.389,71,13,0.371,0.098,0.154,0.043,0.12,0.095,0.222,3,-0.111,False,False,False,,True
held_up,3,local_tax_base AND NOT payroll_pit AND NOT contestation,local_tax_base;payroll_pit;contestation,100,0.778,0.379,65,16,0.471,0.121,0.128,0.085,0.16,0.143,0.185,4,-0.111,False,False,False,,True
held_up,3,single_tax AND extracurricular AND small,single_tax;extracurricular;small,111,0.778,0.373,52,10,0.385,0.076,0.077,0.106,0.0,0.095,0.074,3,-0.111,False,False,False,,True
held_up,3,local_tax_base AND single_tax AND NOT contestation,local_tax_base;single_tax;contestation,110,0.778,0.368,57,9,0.375,0.068,0.051,0.085,0.04,0.095,0.074,4,-0.111,False,False,False,,True
held_up,3,property_tax AND single_tax AND NOT investment,property_tax;single_tax;investment,110,0.778,0.363,58,12,0.4,0.091,0.128,0.085,0.0,0.143,0.185,3,-0.111,False,False,False,,True
held_up,3,local_tax_base AND contestation AND small,local_tax_base;contestation;small,111,0.778,0.359,59,12,0.375,0.091,0.103,0.064,0.04,0.19,0.111,3,-0.111,False,False,False,,True
held_up,3,social AND NOT culture AND extracurricular,social;culture;extracurricular,101,0.777,0.455,87,22,0.524,0.167,0.103,0.149,0.28,0.19,0.037,4,-0.112,False,False,False,,True
held_up,3,NOT property_tax AND NOT education AND NOT balance,property_tax;education;balance,000,0.777,0.449,106,24,0.545,0.182,0.205,0.191,0.2,0.095,0.185,4,-0.112,False,False,False,,True
held_up,3,local_tax_base AND NOT culture AND NOT small,local_tax_base;culture;small,100,0.777,0.447,84,18,0.462,0.136,0.179,0.085,0.24,0.048,0.222,3,-0.112,False,False,False,,True
held_up,3,investment AND education AND balance,investment;education;balance,111,0.777,0.443,86,25,0.521,0.189,0.256,0.128,0.16,0.238,0.296,4,-0.112,False,False,False,,True
held_up,3,NOT local_tax_base AND payroll_pit AND NOT education,local_tax_base;payroll_pit;education,010,0.777,0.436,93,21,0.477,0.159,0.179,0.128,0.08,0.286,0.074,4,-0.112,False,False,False,,True
held_up,3,investment AND social AND education,investment;social;education,111,0.777,0.434,85,25,0.556,0.189,0.205,0.191,0.16,0.19,0.259,4,-0.112,False,False,False,,True
held_up,3,NOT payroll_pit AND NOT contestation AND NOT small,payroll_pit;contestation;small,000,0.777,0.423,98,26,0.5,0.197,0.128,0.213,0.36,0.095,0.185,3,-0.112,False,False,False,,True
held_up,3,property_tax AND NOT education AND contestation,property_tax;education;contestation,101,0.777,0.41,75,15,0.429,0.114,0.179,0.021,0.08,0.238,0.148,3,-0.112,False,False,False,,True
held_up,3,local_tax_base AND investment AND NOT culture,local_tax_base;investment;culture,110,0.777,0.407,69,13,0.406,0.098,0.128,0.043,0.12,0.143,0.185,3,-0.112,False,False,False,,True
held_up,3,payroll_pit AND investment AND NOT culture,payroll_pit;investment;culture,110,0.777,0.407,70,14,0.424,0.106,0.128,0.128,0.04,0.095,0.0,3,-0.112,False,False,False,,True
held_up,3,single_tax AND investment AND NOT culture,single_tax;investment;culture,110,0.777,0.402,61,11,0.379,0.083,0.128,0.106,0.0,0.048,0.037,3,-0.112,False,False,False,,True
held_up,3,investment AND education AND small,investment;education;small,111,0.777,0.386,76,22,0.537,0.167,0.154,0.213,0.12,0.143,0.185,4,-0.112,False,False,False,,True
held_up,3,local_tax_base AND investment AND small,local_tax_base;investment;small,111,0.777,0.374,65,16,0.5,0.121,0.128,0.106,0.08,0.19,0.148,4,-0.112,False,False,False,,True
held_up,3,local_tax_base AND single_tax AND NOT extracurricular,local_tax_base;single_tax;extracurricular,110,0.777,0.371,59,9,0.36,0.068,0.077,0.064,0.0,0.143,0.111,3,-0.112,False,False,False,,True
held_up,3,local_tax_base AND property_tax AND NOT autonomy,local_tax_base;property_tax;autonomy,110,0.777,0.344,47,10,0.37,0.076,0.051,0.085,0.04,0.143,0.037,4,-0.112,False,False,False,,True
held_up,3,NOT single_tax AND NOT education AND extracurricular,single_tax;education;extracurricular,001,0.776,0.521,134,40,0.635,0.303,0.103,0.319,0.48,0.429,0.074,3,-0.113,False,False,False,,True
held_up,3,NOT investment AND extracurricular AND NOT small,investment;extracurricular;small,010,0.776,0.477,122,33,0.532,0.25,0.256,0.255,0.32,0.143,0.259,4,-0.113,False,False,False,,True
held_up,3,NOT single_tax AND NOT payroll_pit AND investment,single_tax;payroll_pit;investment,001,0.776,0.453,105,33,0.611,0.25,0.179,0.277,0.32,0.238,0.222,4,-0.113,False,False,False,,True
held_up,3,NOT education AND contestation AND NOT balance,education;contestation;balance,010,0.776,0.446,102,21,0.457,0.159,0.154,0.149,0.16,0.19,0.111,4,-0.113,False,False,False,,True
held_up,3,NOT payroll_pit AND NOT education AND balance,payroll_pit;education;balance,001,0.776,0.443,106,38,0.576,0.288,0.128,0.319,0.56,0.19,0.148,3,-0.113,False,False,False,,True
held_up,3,autonomy AND education AND extracurricular,autonomy;education;extracurricular,111,0.776,0.441,82,19,0.432,0.144,0.231,0.128,0.08,0.095,0.222,4,-0.113,False,False,False,,True
held_up,3,autonomy AND social AND NOT culture,autonomy;social;culture,110,0.776,0.436,76,15,0.405,0.114,0.103,0.085,0.12,0.19,0.037,4,-0.113,False,False,False,,True
held_up,3,local_tax_base AND NOT single_tax AND NOT education,local_tax_base;single_tax;education,100,0.776,0.433,91,23,0.511,0.174,0.154,0.128,0.36,0.095,0.185,4,-0.113,False,False,False,,True
held_up,3,NOT single_tax AND NOT culture AND balance,single_tax;culture;balance,001,0.776,0.431,86,26,0.553,0.197,0.077,0.191,0.36,0.238,0.111,3,-0.113,False,False,False,,True
held_up,3,local_tax_base AND single_tax AND autonomy,local_tax_base;single_tax;autonomy,111,0.776,0.43,75,11,0.367,0.083,0.154,0.064,0.0,0.095,0.185,3,-0.113,False,False,False,,True
held_up,3,local_tax_base AND NOT social AND NOT education,local_tax_base;social;education,100,0.776,0.43,88,18,0.409,0.136,0.154,0.106,0.16,0.143,0.222,4,-0.113,False,False,False,,True
held_up,3,local_tax_base AND investment AND NOT education,local_tax_base;investment;education,110,0.776,0.427,80,13,0.394,0.098,0.128,0.021,0.16,0.143,0.148,3,-0.113,False,False,False,,True
held_up,3,NOT payroll_pit AND NOT culture AND balance,payroll_pit;culture;balance,001,0.776,0.424,90,26,0.542,0.197,0.103,0.213,0.36,0.143,0.148,4,-0.113,False,False,False,,True
held_up,3,NOT local_tax_base AND property_tax AND extracurricular,local_tax_base;property_tax;extracurricular,011,0.776,0.421,73,18,0.486,0.136,0.205,0.106,0.08,0.143,0.222,4,-0.113,False,False,False,,True
held_up,3,payroll_pit AND social AND NOT culture,payroll_pit;social;culture,110,0.776,0.396,67,13,0.394,0.098,0.103,0.064,0.08,0.19,0.037,4,-0.113,False,False,False,,True
held_up,3,local_tax_base AND social AND education,local_tax_base;social;education,111,0.776,0.384,60,13,0.433,0.098,0.103,0.085,0.04,0.19,0.111,3,-0.113,False,False,False,,True
held_up,3,NOT investment AND culture AND extracurricular,investment;culture;extracurricular,011,0.776,0.384,64,16,0.41,0.121,0.154,0.149,0.08,0.048,0.185,3,-0.113,False,False,False,,True
held_up,3,local_tax_base AND property_tax AND NOT balance,local_tax_base;property_tax;balance,110,0.776,0.378,65,9,0.321,0.068,0.026,0.085,0.0,0.19,0.0,2,-0.113,False,False,False,,False
held_up,3,property_tax AND education AND NOT contestation,property_tax;education;contestation,110,0.776,0.372,62,19,0.576,0.144,0.077,0.213,0.12,0.143,0.111,4,-0.113,False,False,False,,True
held_up,3,investment AND social AND balance,investment;social;balance,111,0.775,0.483,107,33,0.569,0.25,0.231,0.17,0.4,0.286,0.259,4,-0.114,False,False,False,,True
held_up,3,NOT property_tax AND extracurricular AND balance,property_tax;extracurricular;balance,011,0.775,0.471,107,37,0.587,0.28,0.077,0.383,0.36,0.333,0.0,3,-0.114,False,False,False,,True
held_up,3,single_tax AND balance AND NOT small,single_tax;balance;small,110,0.775,0.471,103,26,0.456,0.197,0.385,0.106,0.12,0.143,0.296,4,-0.114,False,False,False,,True
held_up,3,NOT property_tax AND NOT investment AND NOT small,property_tax;investment;small,000,0.775,0.457,110,28,0.509,0.212,0.179,0.213,0.4,0.048,0.148,3,-0.114,False,False,False,,True
held_up,3,investment AND social AND culture,investment;social;culture,111,0.775,0.456,95,26,0.553,0.197,0.256,0.17,0.2,0.143,0.296,4,-0.114,False,False,False,,True
held_up,3,NOT local_tax_base AND NOT education AND balance,local_tax_base;education;balance,001,0.775,0.445,105,35,0.614,0.265,0.154,0.298,0.28,0.381,0.111,4,-0.114,False,False,False,,True
held_up,3,NOT autonomy AND NOT culture AND NOT education,autonomy;culture;education,000,0.775,0.433,101,30,0.536,0.227,0.128,0.234,0.4,0.19,0.148,4,-0.114,False,False,False,,True
held_up,3,NOT autonomy AND NOT social AND NOT culture,autonomy;social;culture,000,0.775,0.424,86,21,0.477,0.159,0.103,0.191,0.2,0.143,0.148,4,-0.114,False,False,False,,True
held_up,3,NOT investment AND social AND extracurricular,investment;social;extracurricular,011,0.775,0.418,77,18,0.409,0.136,0.179,0.128,0.16,0.048,0.148,3,-0.114,False,False,False,,True
held_up,3,property_tax AND NOT culture AND NOT small,property_tax;culture;small,100,0.775,0.412,60,11,0.367,0.083,0.128,0.021,0.04,0.19,0.111,2,-0.114,False,False,False,,False
held_up,3,local_tax_base AND NOT education AND NOT extracurricular,local_tax_base;education;extracurricular,100,0.775,0.41,81,14,0.368,0.106,0.128,0.064,0.2,0.048,0.185,3,-0.114,False,False,False,,True
held_up,3,local_tax_base AND NOT payroll_pit AND NOT extracurricular,local_tax_base;payroll_pit;extracurricular,100,0.775,0.405,79,20,0.476,0.152,0.179,0.085,0.24,0.143,0.259,4,-0.114,False,False,False,,True
held_up,3,NOT autonomy AND balance AND NOT small,autonomy;balance;small,010,0.775,0.397,73,21,0.477,0.159,0.026,0.149,0.32,0.238,0.037,3,-0.114,False,False,False,,True
held_up,3,culture AND education AND NOT contestation,culture;education;contestation,110,0.775,0.386,66,22,0.611,0.167,0.128,0.213,0.12,0.19,0.148,4,-0.114,False,False,False,,True
held_up,3,local_tax_base AND culture AND contestation,local_tax_base;culture;contestation,111,0.775,0.385,62,12,0.375,0.091,0.128,0.021,0.12,0.143,0.111,3,-0.114,False,False,False,,True
held_up,3,local_tax_base AND investment AND education,local_tax_base;investment;education,111,0.775,0.374,55,14,0.519,0.106,0.128,0.106,0.04,0.143,0.148,3,-0.114,False,False,False,,True
held_up,3,NOT investment AND extracurricular AND NOT contestation,investment;extracurricular;contestation,010,0.775,0.373,66,15,0.405,0.114,0.077,0.149,0.16,0.048,0.037,3,-0.114,False,False,False,,True
held_up,3,NOT property_tax AND NOT autonomy AND NOT contestation,property_tax;autonomy;contestation,000,0.775,0.364,73,19,0.5,0.144,0.051,0.17,0.24,0.143,0.074,3,-0.114,False,False,False,,True
held_up,3,property_tax AND NOT investment AND education,property_tax;investment;education,101,0.775,0.349,50,10,0.4,0.076,0.051,0.106,0.0,0.143,0.074,3,-0.114,False,False,False,,True
held_up,3,local_tax_base AND NOT autonomy AND NOT contestation,local_tax_base;autonomy;contestation,100,0.775,0.344,49,12,0.429,0.091,0.077,0.106,0.08,0.095,0.111,4,-0.114,False,False,False,,True
held_up,3,local_tax_base AND NOT autonomy AND education,local_tax_base;autonomy;education,101,0.775,0.339,44,10,0.435,0.076,0.051,0.106,0.0,0.143,0.037,3,-0.114,False,False,False,,True
held_up,3,local_tax_base AND NOT autonomy AND small,local_tax_base;autonomy;small,101,0.775,0.334,47,13,0.448,0.098,0.077,0.149,0.0,0.143,0.074,3,-0.114,False,False,False,,True
held_up,3,autonomy AND contestation AND balance,autonomy;contestation;balance,111,0.774,0.504,124,37,0.587,0.28,0.385,0.213,0.2,0.333,0.407,4,-0.115,False,False,False,,True
held_up,3,payroll_pit AND contestation AND balance,payroll_pit;contestation;balance,111,0.774,0.475,108,28,0.5,0.212,0.308,0.149,0.08,0.333,0.333,3,-0.115,False,False,False,,True
held_up,3,NOT local_tax_base AND investment AND social,local_tax_base;investment;social,011,0.774,0.466,105,31,0.564,0.235,0.179,0.255,0.28,0.238,0.185,4,-0.115,False,False,False,,True
held_up,3,NOT single_tax AND NOT education AND balance,single_tax;education;balance,001,0.774,0.459,108,40,0.635,0.303,0.077,0.319,0.56,0.381,0.111,3,-0.115,False,False,False,,True
held_up,3,NOT payroll_pit AND balance AND NOT small,payroll_pit;balance;small,010,0.774,0.459,110,37,0.569,0.28,0.128,0.319,0.52,0.19,0.148,3,-0.115,False,False,False,,True
held_up,3,social AND culture AND contestation,social;culture;contestation,111,0.774,0.446,88,21,0.467,0.159,0.282,0.064,0.16,0.143,0.333,3,-0.115,False,False,False,,True
held_up,3,extracurricular AND NOT contestation AND NOT small,extracurricular;contestation;small,100,0.774,0.445,94,22,0.44,0.167,0.077,0.17,0.28,0.19,0.037,3,-0.115,False,False,False,,True
held_up,3,payroll_pit AND NOT culture AND NOT small,payroll_pit;culture;small,100,0.774,0.438,82,18,0.45,0.136,0.179,0.128,0.08,0.143,0.037,4,-0.115,False,False,False,,True
held_up,3,NOT culture AND contestation AND NOT balance,culture;contestation;balance,010,0.774,0.435,97,21,0.467,0.159,0.128,0.17,0.16,0.19,0.074,4,-0.115,False,False,False,,True
held_up,3,autonomy AND NOT culture AND NOT balance,autonomy;culture;balance,100,0.774,0.432,88,12,0.343,0.091,0.103,0.064,0.12,0.095,0.037,4,-0.115,False,False,False,,True
held_up,3,NOT single_tax AND NOT payroll_pit AND balance,single_tax;payroll_pit;balance,001,0.774,0.429,94,37,0.617,0.28,0.103,0.319,0.56,0.19,0.148,3,-0.115,False,False,False,,True
held_up,3,NOT contestation AND balance AND NOT small,contestation;balance;small,010,0.774,0.425,96,29,0.468,0.22,0.128,0.213,0.4,0.19,0.074,4,-0.115,False,False,False,,True
held_up,3,local_tax_base AND contestation AND balance,local_tax_base;contestation;balance,111,0.774,0.414,71,18,0.462,0.136,0.128,0.085,0.2,0.19,0.148,4,-0.115,False,False,False,,True
held_up,3,NOT property_tax AND NOT payroll_pit AND NOT contestation,property_tax;payroll_pit;contestation,000,0.774,0.406,100,29,0.569,0.22,0.154,0.234,0.4,0.095,0.222,3,-0.115,False,False,False,,True
held_up,3,social AND education AND small,social;education;small,111,0.774,0.393,77,22,0.524,0.167,0.179,0.191,0.08,0.19,0.222,3,-0.115,False,False,False,,True
held_up,3,payroll_pit AND culture AND NOT contestation,payroll_pit;culture;contestation,110,0.774,0.391,70,17,0.472,0.129,0.103,0.17,0.12,0.095,0.111,4,-0.115,False,False,False,,True
held_up,3,local_tax_base AND property_tax AND NOT extracurricular,local_tax_base;property_tax;extracurricular,110,0.774,0.38,66,14,0.438,0.106,0.103,0.064,0.08,0.238,0.148,4,-0.115,False,False,False,,True
held_up,3,NOT autonomy AND education AND small,autonomy;education;small,011,0.774,0.326,51,13,0.5,0.098,0.051,0.17,0.0,0.143,0.037,3,-0.115,False,False,False,,True
held_up,3,NOT single_tax AND NOT social AND NOT small,single_tax;social;small,000,0.773,0.507,121,30,0.545,0.227,0.179,0.234,0.24,0.286,0.222,4,-0.116,False,False,False,,True
held_up,3,NOT single_tax AND NOT culture AND extracurricular,single_tax;culture;extracurricular,001,0.773,0.498,120,28,0.538,0.212,0.077,0.213,0.36,0.286,0.037,3,-0.116,False,False,False,,True
held_up,3,NOT single_tax AND NOT culture AND contestation,single_tax;culture;contestation,001,0.773,0.486,113,33,0.6,0.25,0.128,0.277,0.28,0.381,0.074,4,-0.116,False,False,False,,True
held_up,3,NOT culture AND extracurricular AND balance,culture;extracurricular;balance,011,0.773,0.47,106,30,0.566,0.227,0.103,0.298,0.32,0.19,0.037,3,-0.116,False,False,False,,True
held_up,3,NOT payroll_pit AND investment AND NOT small,payroll_pit;investment;small,010,0.773,0.466,105,28,0.549,0.212,0.179,0.234,0.24,0.19,0.185,4,-0.116,False,False,False,,True
held_up,3,single_tax AND contestation AND NOT small,single_tax;contestation;small,110,0.773,0.465,88,20,0.455,0.152,0.308,0.106,0.04,0.095,0.296,3,-0.116,False,False,False,,True
held_up,3,NOT local_tax_base AND investment AND balance,local_tax_base;investment;balance,011,0.773,0.461,103,34,0.576,0.258,0.231,0.234,0.28,0.333,0.185,4,-0.116,False,False,False,,True
held_up,3,investment AND NOT balance AND NOT small,investment;balance;small,100,0.773,0.458,95,17,0.459,0.129,0.179,0.149,0.04,0.095,0.148,3,-0.116,False,False,False,,True
held_up,3,culture AND contestation AND balance,culture;contestation;balance,111,0.773,0.45,90,23,0.46,0.174,0.282,0.064,0.16,0.238,0.333,3,-0.116,False,False,False,,True
held_up,3,local_tax_base AND autonomy AND investment,local_tax_base;autonomy;investment,111,0.773,0.449,83,14,0.424,0.106,0.179,0.043,0.08,0.143,0.222,3,-0.116,False,False,False,,True
held_up,3,property_tax AND single_tax AND NOT small,property_tax;single_tax;small,110,0.773,0.435,73,14,0.389,0.106,0.256,0.021,0.08,0.048,0.259,2,-0.116,False,False,False,,False
held_up,3,NOT culture AND NOT contestation AND NOT small,culture;contestation;small,000,0.773,0.426,91,22,0.458,0.167,0.205,0.128,0.28,0.048,0.185,3,-0.116,False,False,False,,True
held_up,3,NOT culture AND NOT education AND NOT contestation,culture;education;contestation,000,0.773,0.42,91,25,0.521,0.189,0.231,0.149,0.32,0.048,0.222,3,-0.116,False,False,False,,True
held_up,3,local_tax_base AND single_tax AND balance,local_tax_base;single_tax;balance,111,0.773,0.414,71,14,0.378,0.106,0.154,0.064,0.04,0.19,0.185,3,-0.116,False,False,False,,True
held_up,3,property_tax AND investment AND NOT education,property_tax;investment;education,110,0.773,0.412,71,10,0.333,0.076,0.103,0.021,0.08,0.143,0.037,3,-0.116,False,False,False,,True
held_up,3,local_tax_base AND investment AND NOT extracurricular,local_tax_base;investment;extracurricular,110,0.773,0.407,81,17,0.436,0.129,0.179,0.085,0.12,0.143,0.259,4,-0.116,False,False,False,,True
held_up,3,NOT payroll_pit AND NOT culture AND NOT contestation,payroll_pit;culture;contestation,000,0.773,0.405,87,22,0.512,0.167,0.154,0.149,0.32,0.048,0.222,3,-0.116,False,False,False,,True
held_up,3,single_tax AND payroll_pit AND NOT contestation,single_tax;payroll_pit;contestation,110,0.773,0.396,75,18,0.439,0.136,0.154,0.17,0.12,0.048,0.074,3,-0.116,False,False,False,,True
held_up,3,property_tax AND investment AND NOT culture,property_tax;investment;culture,110,0.773,0.391,61,8,0.286,0.061,0.077,0.021,0.04,0.143,0.037,3,-0.116,False,False,False,,True
held_up,3,property_tax AND NOT investment AND extracurricular,property_tax;investment;extracurricular,101,0.773,0.368,57,12,0.414,0.091,0.128,0.085,0.0,0.143,0.185,3,-0.116,False,False,False,,True
held_up,3,single_tax AND NOT autonomy AND education,single_tax;autonomy;education,101,0.773,0.345,53,11,0.407,0.083,0.077,0.106,0.0,0.143,0.074,3,-0.116,False,False,False,,True
held_up,3,autonomy AND social AND NOT education,autonomy;social;education,110,0.772,0.475,105,23,0.479,0.174,0.179,0.106,0.28,0.19,0.111,4,-0.117,False,False,False,,True
held_up,3,autonomy AND social AND education,autonomy;social;education,111,0.772,0.461,98,29,0.527,0.22,0.308,0.191,0.16,0.19,0.407,4,-0.117,False,False,False,,True
held_up,3,NOT payroll_pit AND investment AND NOT culture,payroll_pit;investment;culture,010,0.772,0.454,101,28,0.56,0.212,0.179,0.234,0.24,0.19,0.222,4,-0.117,False,False,False,,True
held_up,3,NOT education AND NOT contestation AND NOT small,education;contestation;small,000,0.772,0.454,117,30,0.476,0.227,0.205,0.213,0.36,0.143,0.185,4,-0.117,False,False,False,,True
held_up,3,NOT local_tax_base AND payroll_pit AND culture,local_tax_base;payroll_pit;culture,011,0.772,0.448,92,26,0.5,0.197,0.231,0.191,0.16,0.19,0.259,4,-0.117,False,False,False,,True
held_up,3,NOT property_tax AND NOT culture AND NOT balance,property_tax;culture;balance,000,0.772,0.442,106,26,0.591,0.197,0.205,0.234,0.2,0.095,0.185,3,-0.117,False,False,False,,True
held_up,3,NOT local_tax_base AND payroll_pit AND education,local_tax_base;payroll_pit;education,011,0.772,0.437,87,25,0.49,0.189,0.231,0.213,0.16,0.095,0.222,4,-0.117,False,False,False,,True
held_up,3,NOT property_tax AND NOT contestation AND NOT small,property_tax;contestation;small,000,0.772,0.436,111,31,0.517,0.235,0.205,0.213,0.36,0.19,0.148,4,-0.117,False,False,False,,True
held_up,3,NOT single_tax AND NOT payroll_pit AND NOT balance,single_tax;payroll_pit;balance,000,0.772,0.433,104,25,0.581,0.189,0.231,0.191,0.16,0.143,0.259,4,-0.117,False,False,False,,True
held_up,3,local_tax_base AND NOT social AND NOT culture,local_tax_base;social;culture,100,0.772,0.429,88,19,0.442,0.144,0.179,0.128,0.16,0.095,0.259,4,-0.117,False,False,False,,True
held_up,3,local_tax_base AND property_tax AND NOT small,local_tax_base;property_tax;small,110,0.772,0.41,61,8,0.286,0.061,0.128,0.0,0.08,0.048,0.148,3,-0.117,False,False,False,,True
held_up,3,NOT single_tax AND NOT culture AND NOT contestation,single_tax;culture;contestation,000,0.772,0.404,84,19,0.452,0.144,0.128,0.128,0.28,0.048,0.185,3,-0.117,False,False,False,,True
held_up,3,local_tax_base AND investment AND culture,local_tax_base;investment;culture,111,0.772,0.396,66,14,0.5,0.106,0.128,0.085,0.08,0.143,0.111,4,-0.117,False,False,False,,True
held_up,3,local_tax_base AND property_tax AND NOT education,local_tax_base;property_tax;education,110,0.772,0.391,63,9,0.321,0.068,0.103,0.0,0.12,0.095,0.111,3,-0.117,False,False,False,,True
held_up,3,property_tax AND social AND small,property_tax;social;small,111,0.772,0.389,81,20,0.455,0.152,0.154,0.17,0.12,0.143,0.185,4,-0.117,False,False,False,,True
held_up,3,property_tax AND payroll_pit AND NOT contestation,property_tax;payroll_pit;contestation,110,0.772,0.385,69,14,0.452,0.106,0.077,0.17,0.12,0.0,0.111,3,-0.117,False,False,False,,True
held_up,3,property_tax AND culture AND NOT contestation,property_tax;culture;contestation,110,0.772,0.378,66,20,0.588,0.152,0.077,0.213,0.16,0.143,0.111,4,-0.117,False,False,False,,True
held_up,3,NOT investment AND culture AND education,investment;culture;education,011,0.772,0.362,55,13,0.448,0.098,0.154,0.085,0.0,0.143,0.185,3,-0.117,False,False,False,,True
held_up,3,property_tax AND NOT investment AND culture,property_tax;investment;culture,101,0.772,0.358,58,13,0.406,0.098,0.103,0.106,0.04,0.143,0.148,3,-0.117,False,False,False,,True
held_up,3,local_tax_base AND property_tax AND NOT investment,local_tax_base;property_tax;investment,110,0.772,0.354,55,9,0.333,0.068,0.077,0.043,0.04,0.143,0.111,4,-0.117,False,False,False,,True
held_up,3,NOT social AND NOT culture AND NOT small,social;culture;small,000,0.771,0.526,131,31,0.534,0.235,0.231,0.277,0.24,0.143,0.185,4,-0.118,False,False,False,,True
held_up,3,NOT single_tax AND balance AND NOT small,single_tax;balance;small,010,0.771,0.48,115,40,0.606,0.303,0.077,0.362,0.52,0.333,0.111,3,-0.118,False,False,False,,True
held_up,3,payroll_pit AND autonomy AND NOT education,payroll_pit;autonomy;education,110,0.771,0.472,116,22,0.431,0.167,0.231,0.128,0.08,0.238,0.148,3,-0.118,False,False,False,,True
held_up,3,local_tax_base AND NOT education AND NOT small,local_tax_base;education;small,100,0.771,0.469,103,25,0.5,0.189,0.231,0.106,0.36,0.095,0.259,4,-0.118,False,False,False,,True
held_up,3,autonomy AND culture AND extracurricular,autonomy;culture;extracurricular,111,0.771,0.463,98,26,0.5,0.197,0.282,0.149,0.2,0.143,0.296,4,-0.118,False,False,False,,True
held_up,3,NOT culture AND NOT education AND balance,culture;education;balance,001,0.771,0.46,105,34,0.618,0.258,0.179,0.255,0.4,0.238,0.148,4,-0.118,False,False,False,,True
held_up,3,NOT local_tax_base AND property_tax AND autonomy,local_tax_base;property_tax;autonomy,011,0.771,0.455,103,27,0.509,0.205,0.282,0.191,0.16,0.143,0.296,4,-0.118,False,False,False,,True
held_up,3,NOT local_tax_base AND NOT property_tax AND balance,local_tax_base;property_tax;balance,001,0.771,0.453,105,35,0.565,0.265,0.154,0.34,0.28,0.286,0.074,4,-0.118,False,False,False,,True
held_up,3,property_tax AND payroll_pit AND NOT small,property_tax;payroll_pit;small,110,0.771,0.449,93,19,0.442,0.144,0.282,0.064,0.08,0.143,0.296,3,-0.118,False,False,False,,True
held_up,3,local_tax_base AND NOT single_tax AND NOT payroll_pit,local_tax_base;single_tax;payroll_pit,100,0.771,0.443,94,27,0.54,0.205,0.179,0.149,0.4,0.143,0.222,4,-0.118,False,False,False,,True
held_up,3,NOT local_tax_base AND social AND NOT culture,local_tax_base;social;culture,010,0.771,0.421,85,23,0.511,0.174,0.103,0.17,0.24,0.238,0.037,4,-0.118,False,False,False,,True
held_up,3,NOT property_tax AND NOT culture AND NOT contestation,property_tax;culture;contestation,000,0.771,0.409,90,25,0.543,0.189,0.205,0.17,0.32,0.048,0.185,3,-0.118,False,False,False,,True
held_up,3,local_tax_base AND culture AND balance,local_tax_base;culture;balance,111,0.771,0.408,68,18,0.474,0.136,0.154,0.064,0.2,0.19,0.185,3,-0.118,False,False,False,,True
held_up,3,local_tax_base AND single_tax AND contestation,local_tax_base;single_tax;contestation,111,0.771,0.406,68,12,0.353,0.091,0.154,0.043,0.0,0.19,0.148,2,-0.118,False,False,False,,False
held_up,3,NOT property_tax AND NOT autonomy AND balance,property_tax;autonomy;balance,001,0.771,0.386,73,21,0.477,0.159,0.0,0.191,0.28,0.238,0.0,3,-0.118,False,False,False,,True
held_up,3,single_tax AND NOT investment AND extracurricular,single_tax;investment;extracurricular,101,0.771,0.386,70,14,0.359,0.106,0.205,0.085,0.04,0.048,0.222,2,-0.118,False,False,False,,False
held_up,3,education AND extracurricular AND small,education;extracurricular;small,111,0.771,0.373,57,11,0.393,0.083,0.077,0.128,0.0,0.095,0.074,3,-0.118,False,False,False,,True
held_up,3,local_tax_base AND property_tax AND NOT contestation,local_tax_base;property_tax;contestation,110,0.771,0.372,63,12,0.414,0.091,0.077,0.106,0.04,0.143,0.111,3,-0.118,False,False,False,,True
held_up,3,NOT property_tax AND NOT culture AND extracurricular,property_tax;culture;extracurricular,001,0.77,0.506,126,34,0.586,0.258,0.128,0.34,0.36,0.19,0.037,3,-0.119,False,False,False,,True
held_up,3,NOT single_tax AND investment AND NOT small,single_tax;investment;small,010,0.77,0.496,119,34,0.596,0.258,0.179,0.277,0.28,0.333,0.185,4,-0.119,False,False,False,,True
held_up,3,NOT local_tax_base AND investment AND contestation,local_tax_base;investment;contestation,011,0.77,0.481,102,27,0.509,0.205,0.256,0.234,0.08,0.19,0.185,3,-0.119,False,False,False,,True
held_up,3,NOT local_tax_base AND NOT education AND contestation,local_tax_base;education;contestation,001,0.77,0.478,111,28,0.56,0.212,0.179,0.234,0.12,0.333,0.148,4,-0.119,False,False,False,,True
held_up,3,property_tax AND contestation AND NOT small,property_tax;contestation;small,110,0.77,0.456,91,23,0.523,0.174,0.333,0.043,0.12,0.238,0.333,3,-0.119,False,False,False,,True
held_up,3,NOT autonomy AND NOT education AND NOT small,autonomy;education;small,000,0.77,0.444,112,33,0.541,0.25,0.128,0.234,0.4,0.333,0.148,4,-0.119,False,False,False,,True
held_up,3,payroll_pit AND culture AND contestation,payroll_pit;culture;contestation,111,0.77,0.439,94,21,0.457,0.159,0.282,0.106,0.04,0.19,0.333,3,-0.119,False,False,False,,True
held_up,3,NOT single_tax AND NOT autonomy AND NOT education,single_tax;autonomy;education,000,0.77,0.438,113,35,0.556,0.265,0.154,0.298,0.36,0.286,0.185,4,-0.119,False,False,False,,True
held_up,3,NOT property_tax AND NOT payroll_pit AND investment,property_tax;payroll_pit;investment,001,0.77,0.437,101,29,0.592,0.22,0.179,0.277,0.2,0.19,0.222,4,-0.119,False,False,False,,True
held_up,3,NOT investment AND extracurricular AND balance,investment;extracurricular;balance,011,0.77,0.436,100,28,0.491,0.212,0.179,0.277,0.24,0.095,0.185,3,-0.119,False,False,False,,True
held_up,3,NOT single_tax AND NOT autonomy AND NOT culture,single_tax;autonomy;culture,000,0.77,0.432,104,31,0.564,0.235,0.128,0.277,0.36,0.19,0.148,4,-0.119,False,False,False,,True
held_up,3,local_tax_base AND investment AND contestation,local_tax_base;investment;contestation,111,0.77,0.429,74,15,0.469,0.114,0.128,0.043,0.12,0.238,0.111,3,-0.119,False,False,False,,True
held_up,3,culture AND education AND contestation,culture;education;contestation,111,0.77,0.413,75,18,0.439,0.136,0.256,0.064,0.08,0.143,0.296,3,-0.119,False,False,False,,True
held_up,3,local_tax_base AND single_tax AND extracurricular,local_tax_base;single_tax;extracurricular,111,0.77,0.409,66,12,0.364,0.091,0.128,0.064,0.04,0.143,0.111,3,-0.119,False,False,False,,True
held_up,3,local_tax_base AND social AND culture,local_tax_base;social;culture,111,0.77,0.409,77,18,0.474,0.136,0.154,0.085,0.2,0.143,0.148,4,-0.119,False,False,False,,True
held_up,3,NOT payroll_pit AND NOT autonomy AND NOT contestation,payroll_pit;autonomy;contestation,000,0.77,0.372,78,22,0.524,0.167,0.077,0.191,0.24,0.19,0.111,3,-0.119,False,False,False,,True
held_up,3,single_tax AND NOT investment AND culture,single_tax;investment;culture,101,0.77,0.365,59,12,0.353,0.091,0.154,0.064,0.0,0.143,0.185,3,-0.119,False,False,False,,True
held_up,3,NOT single_tax AND extracurricular AND NOT small,single_tax;extracurricular;small,010,0.769,0.544,149,40,0.588,0.303,0.103,0.34,0.44,0.429,0.074,3,-0.12,False,False,False,,True
held_up,3,NOT social AND NOT education AND NOT small,social;education;small,000,0.769,0.541,151,38,0.535,0.288,0.256,0.298,0.28,0.333,0.259,4,-0.12,False,False,False,,True
held_up,3,NOT property_tax AND NOT education AND extracurricular,property_tax;education;extracurricular,001,0.769,0.514,134,41,0.612,0.311,0.128,0.383,0.44,0.333,0.074,3,-0.12,False,False,False,,True
held_up,3,NOT property_tax AND NOT social AND NOT small,property_tax;social;small,000,0.769,0.511,138,36,0.581,0.273,0.256,0.298,0.28,0.238,0.222,4,-0.12,False,False,False,,True
held_up,3,NOT property_tax AND NOT single_tax AND NOT social,property_tax;single_tax;social,000,0.769,0.483,120,32,0.561,0.242,0.179,0.298,0.28,0.19,0.222,4,-0.12,False,False,False,,True
held_up,3,NOT payroll_pit AND NOT education AND contestation,payroll_pit;education;contestation,001,0.769,0.479,110,29,0.547,0.22,0.154,0.234,0.28,0.238,0.111,4,-0.12,False,False,False,,True
held_up,3,payroll_pit AND balance AND NOT small,payroll_pit;balance;small,110,0.769,0.478,108,29,0.5,0.22,0.333,0.149,0.12,0.286,0.259,4,-0.12,False,False,False,,True
held_up,3,NOT local_tax_base AND single_tax AND autonomy,local_tax_base;single_tax;autonomy,011,0.769,0.472,115,29,0.483,0.22,0.333,0.213,0.16,0.095,0.222,3,-0.12,False,False,False,,True
held_up,3,autonomy AND investment AND culture,autonomy;investment;culture,111,0.769,0.469,106,27,0.54,0.205,0.256,0.128,0.24,0.238,0.296,4,-0.12,False,False,False,,True
held_up,3,NOT local_tax_base AND investment AND NOT education,local_tax_base;investment;education,010,0.769,0.465,106,31,0.564,0.235,0.205,0.277,0.16,0.286,0.111,4,-0.12,False,False,False,,True
held_up,3,autonomy AND culture AND education,autonomy;culture;education,111,0.769,0.457,99,32,0.593,0.242,0.333,0.191,0.2,0.238,0.407,4,-0.12,False,False,False,,True
held_up,3,NOT property_tax AND NOT education AND balance,property_tax;education;balance,001,0.769,0.455,112,40,0.588,0.303,0.128,0.362,0.48,0.286,0.111,3,-0.12,False,False,False,,True
held_up,3,NOT local_tax_base AND single_tax AND extracurricular,local_tax_base;single_tax;extracurricular,011,0.769,0.45,94,24,0.48,0.182,0.308,0.17,0.08,0.095,0.259,3,-0.12,False,False,False,,True
held_up,3,NOT investment AND balance AND NOT small,investment;balance;small,010,0.769,0.444,107,31,0.517,0.235,0.231,0.255,0.32,0.095,0.259,3,-0.12,False,False,False,,True
held_up,3,NOT autonomy AND NOT culture AND NOT small,autonomy;culture;small,000,0.769,0.438,100,27,0.529,0.205,0.103,0.191,0.4,0.19,0.111,4,-0.12,False,False,False,,True
held_up,3,NOT property_tax AND NOT culture AND balance,property_tax;culture;balance,001,0.769,0.437,99,31,0.544,0.235,0.128,0.298,0.36,0.143,0.074,4,-0.12,False,False,False,,True
held_up,3,local_tax_base AND single_tax AND social,local_tax_base;single_tax;social,111,0.769,0.416,71,13,0.371,0.098,0.128,0.085,0.0,0.19,0.111,3,-0.12,False,False,False,,True
held_up,3,property_tax AND NOT culture AND NOT education,property_tax;culture;education,100,0.769,0.402,65,10,0.333,0.076,0.103,0.0,0.04,0.238,0.074,3,-0.12,False,False,False,,True
held_up,3,local_tax_base AND culture AND extracurricular,local_tax_base;culture;extracurricular,111,0.769,0.39,56,12,0.387,0.091,0.128,0.064,0.08,0.095,0.111,4,-0.12,False,False,False,,True
held_up,3,NOT investment AND education AND extracurricular,investment;education;extracurricular,011,0.769,0.365,52,8,0.296,0.061,0.103,0.064,0.0,0.048,0.111,3,-0.12,False,False,False,,True
held_up,3,autonomy AND NOT education AND extracurricular,autonomy;education;extracurricular,101,0.768,0.511,130,27,0.5,0.205,0.179,0.213,0.28,0.143,0.111,4,-0.121,False,False,False,,True
held_up,3,contestation AND balance AND NOT small,contestation;balance;small,110,0.768,0.508,122,37,0.607,0.28,0.333,0.255,0.24,0.286,0.333,4,-0.121,False,False,False,,True
held_up,3,NOT education AND extracurricular AND contestation,education;extracurricular;contestation,011,0.768,0.505,127,32,0.582,0.242,0.205,0.234,0.24,0.333,0.148,4,-0.121,False,False,False,,True
held_up,3,NOT local_tax_base AND NOT single_tax AND NOT education,local_tax_base;single_tax;education,000,0.768,0.501,134,43,0.623,0.326,0.154,0.362,0.4,0.476,0.148,3,-0.121,False,False,False,,True
held_up,3,NOT payroll_pit AND NOT social AND NOT small,payroll_pit;social;small,000,0.768,0.499,130,32,0.533,0.242,0.231,0.234,0.28,0.238,0.296,4,-0.121,False,False,False,,True
held_up,3,NOT culture AND extracurricular AND contestation,culture;extracurricular;contestation,011,0.768,0.497,120,28,0.56,0.212,0.128,0.255,0.2,0.286,0.037,4,-0.121,False,False,False,,True
held_up,3,NOT property_tax AND NOT culture AND contestation,property_tax;culture;contestation,001,0.768,0.487,115,32,0.582,0.242,0.128,0.362,0.24,0.19,0.074,4,-0.121,False,False,False,,True
held_up,3,payroll_pit AND contestation AND NOT small,payroll_pit;contestation;small,110,0.768,0.483,110,27,0.509,0.205,0.308,0.149,0.12,0.238,0.296,4,-0.121,False,False,False,,True
held_up,3,single_tax AND extracurricular AND NOT small,single_tax;extracurricular;small,110,0.768,0.481,108,26,0.456,0.197,0.359,0.128,0.12,0.143,0.296,4,-0.121,False,False,False,,True
held_up,3,payroll_pit AND investment AND balance,payroll_pit;investment;balance,111,0.768,0.481,105,27,0.509,0.205,0.282,0.128,0.16,0.286,0.259,4,-0.121,False,False,False,,True
held_up,3,investment AND NOT education AND extracurricular,investment;education;extracurricular,101,0.768,0.481,100,23,0.511,0.174,0.103,0.149,0.2,0.333,0.037,4,-0.121,False,False,False,,True
held_up,3,single_tax AND investment AND balance,single_tax;investment;balance,111,0.768,0.466,99,24,0.471,0.182,0.282,0.106,0.12,0.238,0.222,4,-0.121,False,False,False,,True
held_up,3,single_tax AND investment AND NOT small,single_tax;investment;small,110,0.768,0.462,87,18,0.419,0.136,0.231,0.085,0.08,0.143,0.111,4,-0.121,False,False,False,,True
held_up,3,property_tax AND investment AND NOT small,property_tax;investment;small,110,0.768,0.453,84,16,0.4,0.121,0.205,0.043,0.12,0.143,0.148,3,-0.121,False,False,False,,True
held_up,3,property_tax AND NOT education AND NOT small,property_tax;education;small,100,0.768,0.438,83,15,0.395,0.114,0.205,0.021,0.08,0.19,0.185,3,-0.121,False,False,False,,True
held_up,3,investment AND culture AND education,investment;culture;education,111,0.768,0.432,86,27,0.562,0.205,0.231,0.191,0.2,0.19,0.259,4,-0.121,False,False,False,,True
held_up,3,payroll_pit AND education AND contestation,payroll_pit;education;contestation,111,0.768,0.43,85,18,0.409,0.136,0.231,0.106,0.04,0.143,0.222,3,-0.121,False,False,False,,True
held_up,3,NOT local_tax_base AND property_tax AND social,local_tax_base;property_tax;social,011,0.768,0.425,92,23,0.5,0.174,0.256,0.149,0.12,0.143,0.296,4,-0.121,False,False,False,,True
held_up,3,property_tax AND education AND contestation,property_tax;education;contestation,111,0.768,0.41,78,18,0.439,0.136,0.231,0.085,0.08,0.143,0.259,4,-0.121,False,False,False,,True
held_up,3,property_tax AND autonomy AND NOT culture,property_tax;autonomy;culture,110,0.768,0.409,72,8,0.267,0.061,0.103,0.021,0.0,0.143,0.074,2,-0.121,False,False,False,,False
held_up,3,property_tax AND single_tax AND NOT contestation,property_tax;single_tax;contestation,110,0.768,0.382,66,15,0.469,0.114,0.051,0.17,0.12,0.095,0.074,3,-0.121,False,False,False,,True
held_up,3,single_tax AND NOT investment AND education,single_tax;investment;education,101,0.768,0.366,62,12,0.387,0.091,0.128,0.085,0.0,0.143,0.148,3,-0.121,False,False,False,,True
held_up,3,NOT local_tax_base AND NOT property_tax AND extracurricular,local_tax_base;property_tax;extracurricular,001,0.767,0.515,138,38,0.559,0.288,0.154,0.362,0.32,0.333,0.074,4,-0.122,False,False,False,,True
held_up,3,NOT property_tax AND contestation AND NOT small,property_tax;contestation;small,010,0.767,0.512,121,33,0.6,0.25,0.179,0.319,0.28,0.19,0.148,4,-0.122,False,False,False,,True
held_up,3,NOT local_tax_base AND autonomy AND contestation,local_tax_base;autonomy;contestation,011,0.767,0.511,129,35,0.556,0.265,0.359,0.234,0.16,0.286,0.333,4,-0.122,False,False,False,,True
held_up,3,NOT local_tax_base AND NOT property_tax AND NOT single_tax,local_tax_base;property_tax;single_tax,000,0.767,0.503,133,41,0.612,0.311,0.154,0.383,0.4,0.333,0.185,3,-0.122,False,False,False,,True
held_up,3,NOT single_tax AND NOT education AND contestation,single_tax;education;contestation,001,0.767,0.503,131,37,0.587,0.28,0.179,0.255,0.36,0.429,0.148,4,-0.122,False,False,False,,True
held_up,3,NOT education AND extracurricular AND balance,education;extracurricular;balance,011,0.767,0.49,127,40,0.588,0.303,0.154,0.34,0.44,0.333,0.111,4,-0.122,False,False,False,,True
held_up,3,payroll_pit AND investment AND NOT small,payroll_pit;investment;small,110,0.767,0.477,101,24,0.49,0.182,0.231,0.128,0.12,0.286,0.111,4,-0.122,False,False,False,,True
held_up,3,property_tax AND extracurricular AND NOT small,property_tax;extracurricular;small,110,0.767,0.462,96,20,0.435,0.152,0.256,0.064,0.12,0.19,0.259,3,-0.122,False,False,False,,True
held_up,3,investment AND culture AND balance,investment;culture;balance,111,0.767,0.461,98,26,0.51,0.197,0.231,0.085,0.2,0.381,0.259,3,-0.122,False,False,False,,True
held_up,3,NOT single_tax AND NOT autonomy AND NOT small,single_tax;autonomy;small,000,0.767,0.442,107,31,0.564,0.235,0.128,0.234,0.36,0.286,0.148,4,-0.122,False,False,False,,True
held_up,3,NOT property_tax AND NOT payroll_pit AND balance,property_tax;payroll_pit;balance,001,0.767,0.421,99,33,0.55,0.25,0.077,0.319,0.44,0.19,0.111,3,-0.122,False,False,False,,True
held_up,3,NOT local_tax_base AND payroll_pit AND NOT culture,local_tax_base;payroll_pit;culture,010,0.767,0.418,88,20,0.465,0.152,0.179,0.149,0.08,0.19,0.037,4,-0.122,False,False,False,,True
held_up,3,local_tax_base AND NOT payroll_pit AND NOT autonomy,local_tax_base;payroll_pit;autonomy,100,0.767,0.409,86,24,0.48,0.182,0.154,0.149,0.24,0.238,0.185,4,-0.122,False,False,False,,True
held_up,3,single_tax AND education AND NOT contestation,single_tax;education;contestation,110,0.767,0.383,68,18,0.514,0.136,0.077,0.191,0.12,0.143,0.074,4,-0.122,False,False,False,,True
held_up,3,local_tax_base AND education AND extracurricular,local_tax_base;education;extracurricular,111,0.767,0.377,53,7,0.292,0.053,0.051,0.064,0.0,0.095,0.037,3,-0.122,False,False,False,,True
held_up,3,autonomy AND investment AND balance,autonomy;investment;balance,111,0.766,0.512,125,37,0.552,0.28,0.385,0.191,0.28,0.286,0.37,4,-0.123,False,False,False,,True
held_up,3,NOT property_tax AND NOT social AND NOT education,property_tax;social;education,000,0.766,0.509,144,38,0.543,0.288,0.256,0.319,0.32,0.238,0.259,4,-0.123,False,False,False,,True
held_up,3,NOT local_tax_base AND autonomy AND balance,local_tax_base;autonomy;balance,011,0.766,0.498,134,40,0.541,0.303,0.385,0.277,0.24,0.286,0.333,4,-0.123,False,False,False,,True
held_up,3,NOT local_tax_base AND autonomy AND NOT education,local_tax_base;autonomy;education,010,0.766,0.493,127,32,0.533,0.242,0.256,0.234,0.24,0.238,0.148,4,-0.123,False,False,False,,True
held_up,3,NOT property_tax AND NOT education AND contestation,property_tax;education;contestation,001,0.766,0.493,117,32,0.593,0.242,0.128,0.319,0.28,0.238,0.111,4,-0.123,False,False,False,,True
held_up,3,investment AND balance AND NOT small,investment;balance;small,110,0.766,0.49,111,35,0.556,0.265,0.231,0.213,0.32,0.381,0.148,4,-0.123,False,False,False,,True
held_up,3,NOT local_tax_base AND payroll_pit AND contestation,local_tax_base;payroll_pit;contestation,011,0.766,0.476,115,29,0.5,0.22,0.282,0.191,0.12,0.286,0.259,4,-0.123,False,False,False,,True
held_up,3,investment AND NOT culture AND extracurricular,investment;culture;extracurricular,101,0.766,0.469,97,21,0.5,0.159,0.077,0.213,0.16,0.19,0.0,3,-0.123,False,False,False,,True
held_up,3,NOT payroll_pit AND investment AND NOT education,payroll_pit;investment;education,010,0.766,0.464,111,30,0.536,0.227,0.205,0.213,0.28,0.238,0.222,4,-0.123,False,False,False,,True
held_up,3,single_tax AND contestation AND balance,single_tax;contestation;balance,111,0.766,0.461,104,24,0.453,0.182,0.308,0.128,0.04,0.238,0.296,3,-0.123,False,False,False,,True
held_up,3,NOT single_tax AND NOT education AND NOT balance,single_tax;education;balance,000,0.766,0.457,117,26,0.51,0.197,0.231,0.17,0.2,0.19,0.222,4,-0.123,False,False,False,,True
held_up,3,social AND education AND balance,social;education;balance,111,0.766,0.455,94,26,0.473,0.197,0.256,0.149,0.16,0.238,0.333,4,-0.123,False,False,False,,True
held_up,3,property_tax AND social AND NOT small,property_tax;social;small,110,0.766,0.454,96,20,0.455,0.152,0.256,0.064,0.16,0.143,0.259,3,-0.123,False,False,False,,True
held_up,3,property_tax AND contestation AND balance,property_tax;contestation;balance,111,0.766,0.448,103,26,0.491,0.197,0.333,0.064,0.16,0.286,0.37,3,-0.123,False,False,False,,True
held_up,3,payroll_pit AND investment AND education,payroll_pit;investment;education,111,0.766,0.448,97,27,0.519,0.205,0.256,0.213,0.16,0.143,0.259,4,-0.123,False,False,False,,True
held_up,3,NOT local_tax_base AND single_tax AND social,local_tax_base;single_tax;social,011,0.766,0.438,93,21,0.429,0.159,0.231,0.149,0.12,0.095,0.222,4,-0.123,False,False,False,,True
held_up,3,local_tax_base AND NOT payroll_pit AND NOT social,local_tax_base;payroll_pit;social,100,0.766,0.436,95,23,0.451,0.174,0.179,0.149,0.16,0.238,0.259,4,-0.123,False,False,False,,True
held_up,3,NOT property_tax AND NOT autonomy AND NOT education,property_tax;autonomy;education,000,0.766,0.436,110,33,0.541,0.25,0.128,0.298,0.36,0.238,0.148,4,-0.123,False,False,False,,True
held_up,3,local_tax_base AND payroll_pit AND education,local_tax_base;payroll_pit;education,111,0.766,0.377,64,10,0.357,0.076,0.103,0.085,0.0,0.095,0.111,3,-0.123,False,False,False,,True
held_up,3,NOT single_tax AND investment AND NOT education,single_tax;investment;education,010,0.765,0.484,119,35,0.593,0.265,0.205,0.234,0.32,0.381,0.222,4,-0.124,False,False,False,,True
held_up,3,NOT local_tax_base AND social AND contestation,local_tax_base;social;contestation,011,0.765,0.467,102,26,0.51,0.197,0.256,0.17,0.12,0.238,0.296,4,-0.124,False,False,False,,True
held_up,3,property_tax AND investment AND balance,property_tax;investment;balance,111,0.765,0.455,98,24,0.49,0.182,0.282,0.064,0.24,0.19,0.296,3,-0.124,False,False,False,,True
held_up,3,NOT property_tax AND NOT single_tax AND NOT autonomy,property_tax;single_tax;autonomy,000,0.765,0.44,111,33,0.579,0.25,0.128,0.34,0.32,0.19,0.148,4,-0.124,False,False,False,,True
held_up,3,NOT payroll_pit AND NOT culture AND NOT balance,payroll_pit;culture;balance,000,0.765,0.437,100,24,0.558,0.182,0.179,0.213,0.16,0.143,0.185,4,-0.124,False,False,False,,True
held_up,3,single_tax AND culture AND contestation,single_tax;culture;contestation,111,0.765,0.428,84,19,0.442,0.144,0.282,0.064,0.04,0.19,0.296,2,-0.124,False,False,False,,False
held_up,3,NOT property_tax AND NOT autonomy AND NOT social,property_tax;autonomy;social,000,0.765,0.421,97,23,0.46,0.174,0.128,0.191,0.2,0.19,0.185,4,-0.124,False,False,False,,True
held_up,3,NOT local_tax_base AND NOT single_tax AND NOT small,local_tax_base;single_tax;small,000,0.764,0.52,142,43,0.623,0.326,0.154,0.404,0.36,0.429,0.148,3,-0.125,False,False,False,,True
held_up,3,NOT property_tax AND investment AND NOT small,property_tax;investment;small,010,0.764,0.494,122,36,0.6,0.273,0.205,0.319,0.24,0.333,0.148,4,-0.125,False,False,False,,True
held_up,3,autonomy AND NOT culture AND extracurricular,autonomy;culture;extracurricular,101,0.764,0.487,114,20,0.435,0.152,0.128,0.191,0.16,0.095,0.037,4,-0.125,False,False,False,,True
held_up,3,NOT property_tax AND investment AND NOT culture,property_tax;investment;culture,010,0.764,0.467,110,34,0.618,0.258,0.231,0.34,0.24,0.143,0.185,4,-0.125,False,False,False,,True
held_up,3,NOT single_tax AND investment AND NOT culture,single_tax;investment;culture,010,0.764,0.466,110,31,0.574,0.235,0.179,0.255,0.28,0.238,0.185,4,-0.125,False,False,False,,True
held_up,3,payroll_pit AND education AND balance,payroll_pit;education;balance,111,0.764,0.463,99,26,0.448,0.197,0.308,0.149,0.12,0.19,0.333,4,-0.125,False,False,False,,True
held_up,3,single_tax AND investment AND extracurricular,single_tax;investment;extracurricular,111,0.764,0.461,90,22,0.5,0.167,0.231,0.149,0.08,0.19,0.148,3,-0.125,False,False,False,,True
held_up,3,property_tax AND autonomy AND education,property_tax;autonomy;education,111,0.764,0.458,104,29,0.527,0.22,0.282,0.191,0.2,0.19,0.37,4,-0.125,False,False,False,,True
held_up,3,education AND extracurricular AND balance,education;extracurricular;balance,111,0.764,0.447,83,19,0.413,0.144,0.231,0.106,0.08,0.143,0.222,4,-0.125,False,False,False,,True
held_up,3,property_tax AND education AND balance,property_tax;education;balance,111,0.764,0.44,90,24,0.48,0.182,0.282,0.106,0.16,0.19,0.37,4,-0.125,False,False,False,,True
held_up,3,payroll_pit AND autonomy AND NOT culture,payroll_pit;autonomy;culture,110,0.764,0.44,100,19,0.396,0.144,0.179,0.128,0.08,0.19,0.037,4,-0.125,False,False,False,,True
held_up,3,payroll_pit AND culture AND small,payroll_pit;culture;small,111,0.764,0.406,86,20,0.465,0.152,0.154,0.213,0.08,0.095,0.185,4,-0.125,False,False,False,,True
held_up,3,local_tax_base AND culture AND small,local_tax_base;culture;small,111,0.764,0.362,65,16,0.471,0.121,0.103,0.106,0.08,0.238,0.111,4,-0.125,False,False,False,,True
held_up,3,NOT property_tax AND NOT social AND NOT culture,property_tax;social;culture,000,0.763,0.5,132,33,0.55,0.25,0.256,0.319,0.28,0.048,0.222,3,-0.126,False,False,False,,True
held_up,3,investment AND social AND NOT small,investment;social;small,110,0.763,0.495,111,29,0.537,0.22,0.179,0.213,0.28,0.238,0.148,4,-0.126,False,False,False,,True
held_up,3,single_tax AND autonomy AND NOT small,single_tax;autonomy;small,110,0.763,0.493,115,26,0.448,0.197,0.41,0.128,0.08,0.095,0.296,2,-0.126,False,False,False,,False
held_up,3,NOT education AND NOT balance AND NOT small,education;balance;small,000,0.763,0.49,123,23,0.469,0.174,0.231,0.149,0.16,0.143,0.185,4,-0.126,False,False,False,,True
held_up,3,social AND contestation AND balance,social;contestation;balance,111,0.763,0.482,111,30,0.508,0.227,0.256,0.128,0.28,0.333,0.296,4,-0.126,False,False,False,,True
held_up,3,NOT property_tax AND investment AND NOT education,property_tax;investment;education,010,0.763,0.476,115,34,0.586,0.258,0.231,0.277,0.24,0.286,0.222,4,-0.126,False,False,False,,True
held_up,3,NOT local_tax_base AND NOT culture AND contestation,local_tax_base;culture;contestation,001,0.763,0.465,108,26,0.51,0.197,0.128,0.255,0.12,0.286,0.037,4,-0.126,False,False,False,,True
held_up,3,single_tax AND autonomy AND education,single_tax;autonomy;education,111,0.763,0.463,101,26,0.5,0.197,0.256,0.17,0.16,0.19,0.259,4,-0.126,False,False,False,,True
held_up,3,payroll_pit AND investment AND culture,payroll_pit;investment;culture,111,0.763,0.455,102,27,0.529,0.205,0.256,0.17,0.16,0.238,0.296,4,-0.126,False,False,False,,True
held_up,3,NOT local_tax_base AND investment AND NOT culture,local_tax_base;investment;culture,010,0.763,0.449,102,29,0.569,0.22,0.179,0.319,0.16,0.143,0.037,4,-0.126,False,False,False,,True
held_up,3,investment AND NOT education AND NOT balance,investment;education;balance,100,0.763,0.449,108,20,0.444,0.152,0.205,0.17,0.04,0.143,0.185,3,-0.126,False,False,False,,True
held_up,3,NOT single_tax AND NOT culture AND NOT balance,single_tax;culture;balance,000,0.763,0.444,111,26,0.52,0.197,0.179,0.213,0.2,0.19,0.148,4,-0.126,False,False,False,,True
held_up,3,NOT payroll_pit AND NOT education AND NOT balance,payroll_pit;education;balance,000,0.763,0.441,102,21,0.5,0.159,0.179,0.149,0.16,0.143,0.185,4,-0.126,False,False,False,,True
held_up,3,single_tax AND culture AND NOT contestation,single_tax;culture;contestation,110,0.763,0.382,73,16,0.41,0.121,0.077,0.149,0.12,0.143,0.074,4,-0.126,False,False,False,,True
held_up,3,NOT local_tax_base AND autonomy AND investment,local_tax_base;autonomy;investment,011,0.762,0.509,128,37,0.561,0.28,0.333,0.277,0.24,0.238,0.222,4,-0.127,False,False,False,,True
held_up,3,social AND NOT education AND NOT small,social;education;small,100,0.762,0.504,127,34,0.531,0.258,0.231,0.213,0.44,0.19,0.148,4,-0.127,False,False,False,,True
held_up,3,NOT local_tax_base AND investment AND extracurricular,local_tax_base;investment;extracurricular,011,0.762,0.497,118,32,0.533,0.242,0.205,0.255,0.2,0.333,0.148,4,-0.127,False,False,False,,True
held_up,3,investment AND NOT culture AND contestation,investment;culture;contestation,101,0.762,0.474,108,25,0.49,0.189,0.154,0.234,0.12,0.238,0.074,4,-0.127,False,False,False,,True
held_up,3,NOT local_tax_base AND autonomy AND NOT culture,local_tax_base;autonomy;culture,010,0.762,0.465,111,28,0.538,0.212,0.231,0.213,0.2,0.19,0.074,4,-0.127,False,False,False,,True
held_up,3,NOT payroll_pit AND NOT autonomy AND balance,payroll_pit;autonomy;balance,001,0.762,0.386,77,22,0.468,0.167,0.026,0.17,0.32,0.238,0.037,3,-0.127,False,False,False,,True
held_up,3,NOT single_tax AND NOT social AND NOT education,single_tax;social;education,000,0.761,0.512,136,34,0.523,0.258,0.205,0.255,0.28,0.333,0.259,4,-0.128,False,False,False,,True
held_up,3,NOT local_tax_base AND NOT education AND extracurricular,local_tax_base;education;extracurricular,001,0.761,0.507,140,36,0.545,0.273,0.128,0.319,0.32,0.381,0.074,3,-0.128,False,False,False,,True
held_up,3,investment AND NOT education AND contestation,investment;education;contestation,101,0.761,0.485,110,24,0.49,0.182,0.179,0.17,0.12,0.286,0.111,4,-0.128,False,False,False,,True
held_up,3,NOT local_tax_base AND NOT single_tax AND NOT culture,local_tax_base;single_tax;culture,000,0.761,0.477,119,32,0.542,0.242,0.077,0.277,0.36,0.333,0.037,3,-0.128,False,False,False,,True
held_up,3,social AND NOT culture AND NOT small,social;culture;small,100,0.761,0.469,101,26,0.491,0.197,0.154,0.17,0.32,0.19,0.074,4,-0.128,False,False,False,,True
held_up,3,NOT local_tax_base AND social AND balance,local_tax_base;social;balance,011,0.761,0.466,120,36,0.522,0.273,0.256,0.255,0.32,0.286,0.259,4,-0.128,False,False,False,,True
held_up,3,NOT property_tax AND NOT autonomy AND NOT small,property_tax;autonomy;small,000,0.761,0.449,114,30,0.517,0.227,0.128,0.234,0.36,0.238,0.148,4,-0.128,False,False,False,,True
held_up,3,NOT payroll_pit AND NOT autonomy AND NOT education,payroll_pit;autonomy;education,000,0.761,0.449,123,36,0.514,0.273,0.154,0.298,0.4,0.286,0.185,4,-0.128,False,False,False,,True
held_up,3,single_tax AND education AND contestation,single_tax;education;contestation,111,0.761,0.423,86,19,0.432,0.144,0.256,0.085,0.04,0.19,0.259,3,-0.128,False,False,False,,True
held_up,3,local_tax_base AND property_tax AND balance,local_tax_base;property_tax;balance,111,0.761,0.411,76,17,0.436,0.129,0.205,0.043,0.16,0.143,0.259,3,-0.128,False,False,False,,True
held_up,3,NOT local_tax_base AND NOT property_tax AND NOT education,local_tax_base;property_tax;education,000,0.76,0.515,141,43,0.589,0.326,0.179,0.404,0.4,0.333,0.111,4,-0.129,False,False,False,,True
held_up,3,investment AND extracurricular AND contestation,investment;extracurricular;contestation,111,0.76,0.499,111,25,0.49,0.189,0.231,0.149,0.12,0.286,0.111,4,-0.129,False,False,False,,True
held_up,3,NOT culture AND balance AND NOT small,culture;balance;small,010,0.76,0.481,120,36,0.562,0.273,0.205,0.298,0.4,0.19,0.148,4,-0.129,False,False,False,,True
held_up,3,autonomy AND NOT culture AND contestation,autonomy;culture;contestation,101,0.76,0.479,110,23,0.5,0.174,0.154,0.191,0.12,0.238,0.074,4,-0.129,False,False,False,,True
held_up,3,single_tax AND extracurricular AND contestation,single_tax;extracurricular;contestation,111,0.76,0.463,100,23,0.451,0.174,0.333,0.128,0.04,0.143,0.296,3,-0.129,False,False,False,,True
held_up,3,single_tax AND social AND NOT small,single_tax;social;small,110,0.76,0.46,91,16,0.34,0.121,0.256,0.043,0.08,0.095,0.222,3,-0.129,False,False,False,,True
held_up,3,local_tax_base AND NOT payroll_pit AND NOT culture,local_tax_base;payroll_pit;culture,100,0.76,0.451,105,26,0.51,0.197,0.231,0.17,0.24,0.143,0.296,4,-0.129,False,False,False,,True
held_up,3,property_tax AND culture AND contestation,property_tax;culture;contestation,111,0.76,0.422,92,22,0.449,0.167,0.308,0.085,0.12,0.143,0.333,4,-0.129,False,False,False,,True
held_up,3,local_tax_base AND education AND small,local_tax_base;education;small,111,0.76,0.362,67,19,0.528,0.144,0.128,0.149,0.04,0.286,0.148,3,-0.129,False,False,False,,True
held_up,3,autonomy AND balance AND NOT small,autonomy;balance;small,110,0.759,0.527,145,45,0.57,0.341,0.436,0.319,0.32,0.238,0.37,4,-0.13,False,False,False,,True
held_up,3,NOT local_tax_base AND extracurricular AND contestation,local_tax_base;extracurricular;contestation,011,0.759,0.514,130,33,0.55,0.25,0.282,0.255,0.16,0.286,0.259,4,-0.13,False,False,False,,True
held_up,3,social AND contestation AND NOT small,social;contestation;small,110,0.759,0.509,120,32,0.552,0.242,0.308,0.191,0.28,0.19,0.296,4,-0.13,False,False,False,,True
held_up,3,NOT local_tax_base AND NOT property_tax AND NOT culture,local_tax_base;property_tax;culture,000,0.759,0.5,134,37,0.561,0.28,0.154,0.383,0.36,0.19,0.037,4,-0.13,False,False,False,,True
held_up,3,NOT single_tax AND NOT social AND NOT culture,single_tax;social;culture,000,0.759,0.498,126,29,0.492,0.22,0.179,0.255,0.24,0.19,0.222,4,-0.13,False,False,False,,True
held_up,3,payroll_pit AND autonomy AND education,payroll_pit;autonomy;education,111,0.759,0.481,116,30,0.484,0.227,0.308,0.213,0.16,0.19,0.333,4,-0.13,False,False,False,,True
held_up,3,NOT local_tax_base AND payroll_pit AND investment,local_tax_base;payroll_pit;investment,011,0.759,0.479,116,33,0.532,0.25,0.282,0.234,0.2,0.286,0.185,4,-0.13,False,False,False,,True
held_up,3,autonomy AND investment AND NOT culture,autonomy;investment;culture,110,0.759,0.475,105,24,0.49,0.182,0.256,0.191,0.08,0.143,0.148,3,-0.13,False,False,False,,True
held_up,3,culture AND education AND balance,culture;education;balance,111,0.759,0.447,88,25,0.5,0.189,0.282,0.106,0.16,0.238,0.333,4,-0.13,False,False,False,,True
held_up,3,property_tax AND autonomy AND NOT education,property_tax;autonomy;education,110,0.759,0.439,93,14,0.368,0.106,0.179,0.043,0.08,0.143,0.148,3,-0.13,False,False,False,,True
held_up,3,NOT property_tax AND NOT autonomy AND NOT culture,property_tax;autonomy;culture,000,0.759,0.438,111,31,0.544,0.235,0.128,0.298,0.36,0.143,0.148,4,-0.13,False,False,False,,True
held_up,3,property_tax AND investment AND education,property_tax;investment;education,111,0.759,0.429,90,27,0.551,0.205,0.256,0.191,0.2,0.143,0.296,4,-0.13,False,False,False,,True
held_up,3,autonomy AND social AND balance,autonomy;social;balance,111,0.758,0.521,143,42,0.532,0.318,0.385,0.213,0.4,0.333,0.407,4,-0.131,False,False,False,,True
held_up,3,social AND balance AND NOT small,social;balance;small,110,0.758,0.501,133,37,0.493,0.28,0.256,0.213,0.48,0.238,0.222,4,-0.131,False,False,False,,True
held_up,3,investment AND social AND extracurricular,investment;social;extracurricular,111,0.758,0.487,110,27,0.509,0.205,0.179,0.17,0.28,0.238,0.148,4,-0.131,False,False,False,,True
held_up,3,social AND culture AND balance,social;culture;balance,111,0.758,0.479,114,33,0.508,0.25,0.308,0.191,0.32,0.19,0.37,4,-0.131,False,False,False,,True
held_up,3,culture AND extracurricular AND balance,culture;extracurricular;balance,111,0.758,0.468,104,29,0.475,0.22,0.282,0.149,0.2,0.286,0.296,4,-0.131,False,False,False,,True
held_up,3,NOT payroll_pit AND NOT autonomy AND NOT small,payroll_pit;autonomy;small,000,0.758,0.454,121,33,0.524,0.25,0.154,0.234,0.4,0.286,0.185,4,-0.131,False,False,False,,True
held_up,3,NOT local_tax_base AND property_tax AND payroll_pit,local_tax_base;property_tax;payroll_pit,011,0.758,0.447,103,27,0.5,0.205,0.282,0.191,0.16,0.143,0.296,4,-0.131,False,False,False,,True
held_up,3,NOT payroll_pit AND NOT autonomy AND NOT social,payroll_pit;autonomy;social,000,0.758,0.433,108,27,0.458,0.205,0.154,0.213,0.2,0.286,0.222,4,-0.131,False,False,False,,True
held_up,3,single_tax AND payroll_pit AND small,single_tax;payroll_pit;small,111,0.758,0.412,91,18,0.429,0.136,0.103,0.213,0.08,0.095,0.111,4,-0.131,False,False,False,,True
held_up,3,local_tax_base AND payroll_pit AND culture,local_tax_base;payroll_pit;culture,111,0.758,0.387,72,12,0.4,0.091,0.154,0.085,0.0,0.095,0.185,3,-0.131,False,False,False,,True
held_up,3,autonomy AND investment AND NOT education,autonomy;investment;education,110,0.757,0.505,123,25,0.481,0.189,0.256,0.17,0.12,0.19,0.148,4,-0.132,False,False,False,,True
held_up,3,autonomy AND NOT education AND contestation,autonomy;education;contestation,101,0.757,0.503,125,29,0.558,0.22,0.231,0.191,0.2,0.286,0.185,4,-0.132,False,False,False,,True
held_up,3,NOT local_tax_base AND NOT culture AND extracurricular,local_tax_base;culture;extracurricular,001,0.757,0.493,128,31,0.534,0.235,0.128,0.298,0.28,0.238,0.037,4,-0.132,False,False,False,,True
held_up,3,property_tax AND autonomy AND NOT small,property_tax;autonomy;small,110,0.757,0.483,110,23,0.451,0.174,0.333,0.085,0.12,0.143,0.333,3,-0.132,False,False,False,,True
held_up,3,NOT property_tax AND balance AND NOT small,property_tax;balance;small,010,0.757,0.481,127,42,0.545,0.318,0.154,0.383,0.48,0.286,0.074,3,-0.132,False,False,False,,True
held_up,3,NOT local_tax_base AND payroll_pit AND balance,local_tax_base;payroll_pit;balance,011,0.757,0.477,117,32,0.5,0.242,0.333,0.17,0.16,0.333,0.259,4,-0.132,False,False,False,,True
held_up,3,investment AND social AND contestation,investment;social;contestation,111,0.757,0.476,102,24,0.5,0.182,0.231,0.128,0.16,0.238,0.185,4,-0.132,False,False,False,,True
held_up,3,NOT culture AND NOT balance AND NOT small,culture;balance;small,000,0.757,0.47,112,21,0.447,0.159,0.179,0.149,0.16,0.143,0.111,4,-0.132,False,False,False,,True
held_up,3,local_tax_base AND NOT culture AND NOT education,local_tax_base;culture;education,100,0.757,0.444,96,21,0.447,0.159,0.179,0.128,0.24,0.095,0.222,4,-0.132,False,False,False,,True
held_up,3,NOT property_tax AND extracurricular AND NOT small,property_tax;extracurricular;small,010,0.756,0.546,161,46,0.582,0.348,0.205,0.404,0.44,0.381,0.111,4,-0.133,False,False,False,,True
held_up,3,NOT local_tax_base AND contestation AND NOT small,local_tax_base;contestation;small,010,0.756,0.529,141,39,0.574,0.295,0.385,0.277,0.16,0.333,0.37,4,-0.133,False,False,False,,True
held_up,3,NOT culture AND NOT education AND extracurricular,culture;education;extracurricular,001,0.756,0.529,143,36,0.581,0.273,0.154,0.298,0.4,0.286,0.074,4,-0.133,False,False,False,,True
held_up,3,single_tax AND autonomy AND balance,single_tax;autonomy;balance,111,0.756,0.5,129,32,0.478,0.242,0.462,0.149,0.12,0.19,0.407,3,-0.133,False,False,False,,True
held_up,3,investment AND extracurricular AND balance,investment;extracurricular;balance,111,0.756,0.496,110,31,0.544,0.235,0.205,0.17,0.28,0.381,0.148,4,-0.133,False,False,False,,True
held_up,3,autonomy AND culture AND balance,autonomy;culture;balance,111,0.756,0.492,128,38,0.535,0.288,0.385,0.17,0.36,0.286,0.444,4,-0.133,False,False,False,,True
held_up,3,autonomy AND social AND culture,autonomy;social;culture,111,0.756,0.491,127,37,0.561,0.28,0.385,0.213,0.32,0.19,0.481,4,-0.133,False,False,False,,True
held_up,3,single_tax AND autonomy AND contestation,single_tax;autonomy;contestation,111,0.756,0.484,112,24,0.444,0.182,0.308,0.17,0.04,0.143,0.296,3,-0.133,False,False,False,,True
held_up,3,single_tax AND extracurricular AND balance,single_tax;extracurricular;balance,111,0.756,0.482,115,28,0.452,0.212,0.385,0.128,0.12,0.19,0.333,4,-0.133,False,False,False,,True
held_up,3,payroll_pit AND investment AND contestation,payroll_pit;investment;contestation,111,0.756,0.471,105,23,0.451,0.174,0.256,0.128,0.08,0.238,0.185,3,-0.133,False,False,False,,True
held_up,3,NOT local_tax_base AND single_tax AND payroll_pit,local_tax_base;single_tax;payroll_pit,011,0.756,0.468,119,31,0.484,0.235,0.333,0.255,0.16,0.095,0.222,3,-0.133,False,False,False,,True
held_up,3,single_tax AND payroll_pit AND NOT small,single_tax;payroll_pit;small,110,0.756,0.462,104,23,0.418,0.174,0.359,0.106,0.08,0.095,0.259,3,-0.133,False,False,False,,True
held_up,3,single_tax AND education AND balance,single_tax;education;balance,111,0.756,0.455,98,23,0.426,0.174,0.256,0.106,0.12,0.238,0.259,4,-0.133,False,False,False,,True
held_up,3,property_tax AND investment AND extracurricular,property_tax;investment;extracurricular,111,0.756,0.446,91,18,0.419,0.136,0.205,0.085,0.16,0.095,0.148,4,-0.133,False,False,False,,True
held_up,3,payroll_pit AND education AND small,payroll_pit;education;small,111,0.756,0.409,90,20,0.444,0.152,0.154,0.213,0.08,0.095,0.185,4,-0.133,False,False,False,,True
held_up,3,local_tax_base AND property_tax AND small,local_tax_base;property_tax;small,111,0.756,0.383,80,18,0.462,0.136,0.103,0.128,0.08,0.286,0.111,4,-0.133,False,False,False,,True
held_up,3,autonomy AND investment AND extracurricular,autonomy;investment;extracurricular,111,0.755,0.52,127,26,0.464,0.197,0.231,0.17,0.2,0.19,0.148,4,-0.134,False,False,False,,True
held_up,3,extracurricular AND contestation AND balance,extracurricular;contestation;balance,111,0.755,0.506,124,34,0.548,0.258,0.282,0.255,0.2,0.286,0.259,4,-0.134,False,False,False,,True
held_up,3,NOT single_tax AND NOT payroll_pit AND NOT social,single_tax;payroll_pit;social,000,0.755,0.489,132,35,0.538,0.265,0.231,0.277,0.28,0.286,0.296,4,-0.134,False,False,False,,True
held_up,3,payroll_pit AND investment AND extracurricular,payroll_pit;investment;extracurricular,111,0.755,0.476,108,23,0.451,0.174,0.205,0.149,0.12,0.238,0.148,4,-0.134,False,False,False,,True
held_up,3,property_tax AND social AND balance,property_tax;social;balance,111,0.755,0.466,116,30,0.5,0.227,0.333,0.106,0.28,0.238,0.407,3,-0.134,False,False,False,,True
held_up,3,local_tax_base AND NOT payroll_pit AND NOT education,local_tax_base;payroll_pit;education,100,0.755,0.46,114,28,0.483,0.212,0.205,0.149,0.4,0.143,0.222,4,-0.134,False,False,False,,True
held_up,3,property_tax AND extracurricular AND contestation,property_tax;extracurricular;contestation,111,0.755,0.447,98,20,0.426,0.152,0.282,0.064,0.08,0.19,0.259,3,-0.134,False,False,False,,True
held_up,3,property_tax AND payroll_pit AND small,property_tax;payroll_pit;small,111,0.755,0.405,94,20,0.426,0.152,0.154,0.213,0.08,0.095,0.185,4,-0.134,False,False,False,,True
held_up,3,NOT social AND NOT culture AND NOT education,social;culture;education,000,0.754,0.529,147,33,0.493,0.25,0.231,0.277,0.28,0.19,0.222,4,-0.135,False,False,False,,True
held_up,3,NOT property_tax AND NOT payroll_pit AND NOT social,property_tax;payroll_pit;social,000,0.754,0.479,137,35,0.538,0.265,0.256,0.298,0.32,0.143,0.333,4,-0.135,False,False,False,,True
held_up,3,single_tax AND social AND balance,single_tax;social;balance,111,0.754,0.479,114,26,0.419,0.197,0.333,0.106,0.12,0.238,0.333,4,-0.135,False,False,False,,True
held_up,3,NOT payroll_pit AND NOT autonomy AND NOT culture,payroll_pit;autonomy;culture,000,0.754,0.453,124,35,0.538,0.265,0.154,0.298,0.4,0.238,0.185,4,-0.135,False,False,False,,True
held_up,3,NOT single_tax AND NOT payroll_pit AND NOT autonomy,single_tax;payroll_pit;autonomy,000,0.754,0.451,125,36,0.545,0.273,0.154,0.34,0.36,0.238,0.185,4,-0.135,False,False,False,,True
held_up,3,single_tax AND investment AND culture,single_tax;investment;culture,111,0.754,0.442,98,23,0.479,0.174,0.205,0.149,0.16,0.19,0.185,4,-0.135,False,False,False,,True
held_up,3,property_tax AND investment AND culture,property_tax;investment;culture,111,0.754,0.441,100,29,0.569,0.22,0.282,0.191,0.24,0.143,0.296,4,-0.135,False,False,False,,True
held_up,3,single_tax AND investment AND education,single_tax;investment;education,111,0.754,0.436,92,25,0.521,0.189,0.205,0.191,0.16,0.19,0.185,4,-0.135,False,False,False,,True
held_up,3,investment AND NOT culture AND NOT balance,investment;culture;balance,100,0.754,0.433,105,19,0.442,0.144,0.154,0.191,0.04,0.143,0.111,3,-0.135,False,False,False,,True
held_up,3,local_tax_base AND single_tax AND investment,local_tax_base;single_tax;investment,111,0.754,0.413,73,11,0.355,0.083,0.128,0.064,0.0,0.143,0.111,3,-0.135,False,False,False,,True
held_up,3,local_tax_base AND property_tax AND extracurricular,local_tax_base;property_tax;extracurricular,111,0.754,0.408,75,12,0.343,0.091,0.128,0.064,0.08,0.095,0.111,4,-0.135,False,False,False,,True
held_up,3,local_tax_base AND single_tax AND small,local_tax_base;single_tax;small,111,0.754,0.376,74,14,0.4,0.106,0.103,0.106,0.0,0.238,0.111,3,-0.135,False,False,False,,True
held_up,3,autonomy AND extracurricular AND contestation,autonomy;extracurricular;contestation,111,0.753,0.527,136,31,0.508,0.235,0.308,0.213,0.2,0.19,0.259,4,-0.136,False,False,False,,True
held_up,3,NOT local_tax_base AND investment AND NOT small,local_tax_base;investment;small,010,0.753,0.511,136,41,0.569,0.311,0.282,0.34,0.24,0.381,0.148,4,-0.136,False,False,False,,True
held_up,3,NOT local_tax_base AND payroll_pit AND NOT small,local_tax_base;payroll_pit;small,010,0.753,0.492,129,34,0.5,0.258,0.359,0.191,0.16,0.333,0.222,4,-0.136,False,False,False,,True
held_up,3,property_tax AND extracurricular AND balance,property_tax;extracurricular;balance,111,0.753,0.457,103,22,0.431,0.167,0.308,0.064,0.16,0.143,0.333,3,-0.136,False,False,False,,True
held_up,3,single_tax AND social AND contestation,single_tax;social;contestation,111,0.753,0.455,94,18,0.383,0.136,0.256,0.064,0.04,0.19,0.259,2,-0.136,False,False,False,,False
held_up,3,single_tax AND investment AND contestation,single_tax;investment;contestation,111,0.753,0.453,91,18,0.409,0.136,0.205,0.106,0.04,0.19,0.111,3,-0.136,False,False,False,,True
held_up,3,local_tax_base AND single_tax AND payroll_pit,local_tax_base;single_tax;payroll_pit,111,0.753,0.406,76,10,0.303,0.076,0.128,0.064,0.0,0.095,0.148,3,-0.136,False,False,False,,True
held_up,3,NOT payroll_pit AND NOT social AND NOT education,payroll_pit;social;education,000,0.752,0.503,144,35,0.5,0.265,0.231,0.255,0.32,0.286,0.296,4,-0.137,False,False,False,,True
held_up,3,property_tax AND autonomy AND balance,property_tax;autonomy;balance,111,0.752,0.493,132,34,0.515,0.258,0.41,0.128,0.24,0.286,0.481,3,-0.137,False,False,False,,True
held_up,3,payroll_pit AND social AND balance,payroll_pit;social;balance,111,0.752,0.493,131,33,0.471,0.25,0.359,0.17,0.16,0.333,0.407,4,-0.137,False,False,False,,True
held_up,3,NOT local_tax_base AND social AND NOT small,local_tax_base;social;small,010,0.752,0.492,130,38,0.528,0.288,0.282,0.277,0.32,0.286,0.259,4,-0.137,False,False,False,,True
held_up,3,property_tax AND investment AND contestation,property_tax;investment;contestation,111,0.752,0.455,99,22,0.458,0.167,0.282,0.064,0.12,0.238,0.222,3,-0.137,False,False,False,,True
held_up,3,local_tax_base AND property_tax AND social,local_tax_base;property_tax;social,111,0.752,0.414,85,17,0.405,0.129,0.154,0.085,0.16,0.143,0.148,4,-0.137,False,False,False,,True
held_up,3,NOT payroll_pit AND NOT social AND NOT culture,payroll_pit;social;culture,000,0.751,0.498,137,33,0.516,0.25,0.231,0.277,0.28,0.19,0.296,4,-0.138,False,False,False,,True
held_up,3,payroll_pit AND extracurricular AND NOT small,payroll_pit;extracurricular;small,110,0.751,0.498,131,29,0.446,0.22,0.308,0.149,0.16,0.286,0.259,4,-0.138,False,False,False,,True
held_up,3,payroll_pit AND culture AND balance,payroll_pit;culture;balance,111,0.751,0.474,114,27,0.45,0.205,0.333,0.106,0.12,0.286,0.407,4,-0.138,False,False,False,,True
held_up,3,local_tax_base AND property_tax AND contestation,local_tax_base;property_tax;contestation,111,0.751,0.41,78,14,0.368,0.106,0.154,0.021,0.12,0.19,0.148,3,-0.138,False,False,False,,True
held_up,3,property_tax AND single_tax AND small,property_tax;single_tax;small,111,0.751,0.408,92,21,0.467,0.159,0.103,0.234,0.08,0.19,0.111,4,-0.138,False,False,False,,True
held_up,3,autonomy AND investment AND contestation,autonomy;investment;contestation,111,0.75,0.521,126,29,0.483,0.22,0.308,0.17,0.12,0.286,0.222,4,-0.139,False,False,False,,True
held_up,3,NOT education AND balance AND NOT small,education;balance;small,010,0.75,0.516,155,49,0.57,0.371,0.256,0.362,0.56,0.381,0.222,4,-0.139,False,False,False,,True
held_up,3,autonomy AND social AND contestation,autonomy;social;contestation,111,0.75,0.509,125,33,0.524,0.25,0.333,0.149,0.24,0.333,0.37,4,-0.139,False,False,False,,True
held_up,3,NOT local_tax_base AND autonomy AND social,local_tax_base;autonomy;social,011,0.75,0.499,137,37,0.507,0.28,0.359,0.234,0.24,0.286,0.37,4,-0.139,False,False,False,,True
held_up,3,payroll_pit AND social AND NOT small,payroll_pit;social;small,110,0.75,0.48,120,25,0.424,0.189,0.282,0.106,0.16,0.238,0.259,4,-0.139,False,False,False,,True
held_up,3,payroll_pit AND extracurricular AND contestation,payroll_pit;extracurricular;contestation,111,0.75,0.48,120,25,0.439,0.189,0.282,0.149,0.12,0.19,0.259,4,-0.139,False,False,False,,True
held_up,3,single_tax AND investment AND social,single_tax;investment;social,111,0.75,0.465,102,23,0.46,0.174,0.205,0.17,0.12,0.19,0.185,4,-0.139,False,False,False,,True
held_up,3,property_tax AND culture AND small,property_tax;culture;small,111,0.75,0.399,90,26,0.51,0.197,0.154,0.234,0.16,0.238,0.185,4,-0.139,False,False,False,,True
held_up,3,investment AND extracurricular AND NOT small,investment;extracurricular;small,110,0.749,0.533,135,33,0.524,0.25,0.205,0.213,0.24,0.429,0.111,4,-0.14,False,False,False,,True
held_up,3,autonomy AND extracurricular AND balance,autonomy;extracurricular;balance,111,0.749,0.531,149,39,0.506,0.295,0.385,0.277,0.28,0.19,0.333,4,-0.14,False,False,False,,True
held_up,3,autonomy AND NOT culture AND NOT small,autonomy;culture;small,100,0.749,0.523,132,30,0.5,0.227,0.282,0.255,0.16,0.143,0.148,4,-0.14,False,False,False,,True
held_up,3,autonomy AND investment AND social,autonomy;investment;social,111,0.749,0.516,129,30,0.484,0.227,0.282,0.149,0.28,0.238,0.296,4,-0.14,False,False,False,,True
held_up,3,NOT local_tax_base AND NOT culture AND NOT education,local_tax_base;culture;education,000,0.749,0.501,139,39,0.574,0.295,0.205,0.319,0.36,0.333,0.074,4,-0.14,False,False,False,,True
held_up,3,payroll_pit AND investment AND social,payroll_pit;investment;social,111,0.749,0.486,123,28,0.475,0.212,0.282,0.17,0.16,0.238,0.296,4,-0.14,False,False,False,,True
held_up,3,property_tax AND payroll_pit AND balance,property_tax;payroll_pit;balance,111,0.749,0.47,118,27,0.458,0.205,0.359,0.106,0.12,0.238,0.444,4,-0.14,False,False,False,,True
held_up,3,property_tax AND single_tax AND balance,property_tax;single_tax;balance,111,0.749,0.454,103,22,0.423,0.167,0.333,0.064,0.12,0.143,0.37,3,-0.14,False,False,False,,True
held_up,3,property_tax AND culture AND balance,property_tax;culture;balance,111,0.749,0.453,108,28,0.475,0.212,0.333,0.106,0.24,0.19,0.407,3,-0.14,False,False,False,,True
held_up,3,local_tax_base AND property_tax AND payroll_pit,local_tax_base;property_tax;payroll_pit,111,0.749,0.407,84,12,0.333,0.091,0.154,0.085,0.0,0.095,0.185,3,-0.14,False,False,False,,True
held_up,3,extracurricular AND contestation AND NOT small,extracurricular;contestation;small,110,0.748,0.566,163,44,0.587,0.333,0.385,0.298,0.28,0.381,0.333,4,-0.141,False,False,False,,True
held_up,3,investment AND contestation AND NOT small,investment;contestation;small,110,0.748,0.524,126,30,0.517,0.227,0.282,0.191,0.16,0.286,0.185,4,-0.141,False,False,False,,True
held_up,3,NOT local_tax_base AND balance AND NOT small,local_tax_base;balance;small,010,0.748,0.502,147,48,0.571,0.364,0.308,0.383,0.36,0.429,0.222,4,-0.141,False,False,False,,True
held_up,3,social AND extracurricular AND contestation,social;extracurricular;contestation,111,0.748,0.496,115,27,0.482,0.205,0.256,0.149,0.24,0.19,0.222,4,-0.141,False,False,False,,True
held_up,3,single_tax AND autonomy AND extracurricular,single_tax;autonomy;extracurricular,111,0.748,0.493,121,27,0.435,0.205,0.385,0.17,0.08,0.095,0.333,2,-0.141,False,False,False,,False
held_up,3,payroll_pit AND extracurricular AND balance,payroll_pit;extracurricular;balance,111,0.748,0.492,123,29,0.446,0.22,0.359,0.149,0.12,0.238,0.333,4,-0.141,False,False,False,,True
held_up,3,local_tax_base AND property_tax AND autonomy,local_tax_base;property_tax;autonomy,111,0.748,0.444,94,16,0.4,0.121,0.179,0.043,0.12,0.19,0.222,3,-0.141,False,False,False,,True
held_up,3,property_tax AND single_tax AND contestation,property_tax;single_tax;contestation,111,0.748,0.444,99,20,0.408,0.152,0.308,0.085,0.04,0.143,0.296,3,-0.141,False,False,False,,True
held_up,3,culture AND education AND small,culture;education;small,111,0.748,0.404,88,25,0.51,0.189,0.179,0.213,0.12,0.238,0.222,4,-0.141,False,False,False,,True
held_up,3,single_tax AND culture AND small,single_tax;culture;small,111,0.748,0.402,84,20,0.465,0.152,0.103,0.213,0.08,0.19,0.111,4,-0.141,False,False,False,,True
held_up,3,property_tax AND education AND small,property_tax;education;small,111,0.748,0.4,95,25,0.5,0.189,0.154,0.234,0.12,0.238,0.185,4,-0.141,False,False,False,,True
held_up,3,local_tax_base AND culture AND education,local_tax_base;culture;education,111,0.748,0.382,66,15,0.441,0.114,0.103,0.106,0.04,0.238,0.111,3,-0.141,False,False,False,,True
held_up,3,autonomy AND contestation AND NOT small,autonomy;contestation;small,110,0.747,0.548,145,39,0.591,0.295,0.436,0.234,0.24,0.238,0.407,4,-0.142,False,False,False,,True
held_up,3,autonomy AND investment AND NOT small,autonomy;investment;small,110,0.747,0.544,140,34,0.523,0.258,0.359,0.234,0.16,0.238,0.222,4,-0.142,False,False,False,,True
held_up,3,payroll_pit AND autonomy AND contestation,payroll_pit;autonomy;contestation,111,0.747,0.516,147,35,0.479,0.265,0.359,0.213,0.12,0.381,0.37,3,-0.142,False,False,False,,True
held_up,3,NOT local_tax_base AND extracurricular AND balance,local_tax_base;extracurricular;balance,011,0.747,0.504,143,44,0.55,0.333,0.282,0.362,0.32,0.381,0.222,4,-0.142,False,False,False,,True
held_up,3,NOT local_tax_base AND autonomy AND NOT small,local_tax_base;autonomy;small,010,0.746,0.543,162,45,0.556,0.341,0.436,0.319,0.28,0.286,0.296,4,-0.143,False,False,False,,True
held_up,3,NOT local_tax_base AND NOT property_tax AND NOT small,local_tax_base;property_tax;small,000,0.746,0.54,164,46,0.548,0.348,0.256,0.426,0.36,0.333,0.148,4,-0.143,False,False,False,,True
held_up,3,NOT local_tax_base AND autonomy AND extracurricular,local_tax_base;autonomy;extracurricular,011,0.746,0.532,155,38,0.5,0.288,0.308,0.298,0.28,0.238,0.222,4,-0.143,False,False,False,,True
held_up,3,payroll_pit AND autonomy AND balance,payroll_pit;autonomy;balance,111,0.746,0.53,151,39,0.494,0.295,0.462,0.191,0.16,0.381,0.444,4,-0.143,False,False,False,,True
held_up,3,social AND extracurricular AND NOT small,social;extracurricular;small,110,0.746,0.528,144,36,0.474,0.273,0.282,0.213,0.4,0.238,0.222,4,-0.143,False,False,False,,True
held_up,3,payroll_pit AND autonomy AND culture,payroll_pit;autonomy;culture,111,0.746,0.498,132,33,0.508,0.25,0.359,0.213,0.16,0.238,0.444,4,-0.143,False,False,False,,True
held_up,3,property_tax AND autonomy AND contestation,property_tax;autonomy;contestation,111,0.746,0.484,124,29,0.468,0.22,0.385,0.106,0.12,0.286,0.407,3,-0.143,False,False,False,,True
held_up,3,single_tax AND autonomy AND culture,single_tax;autonomy;culture,111,0.746,0.477,117,27,0.466,0.205,0.308,0.149,0.16,0.19,0.333,4,-0.143,False,False,False,,True
held_up,3,property_tax AND investment AND social,property_tax;investment;social,111,0.746,0.462,117,27,0.491,0.205,0.308,0.128,0.24,0.143,0.296,4,-0.143,False,False,False,,True
held_up,3,NOT property_tax AND NOT payroll_pit AND NOT autonomy,property_tax;payroll_pit;autonomy,000,0.746,0.455,133,37,0.529,0.28,0.179,0.34,0.36,0.238,0.222,4,-0.143,False,False,False,,True
held_up,3,NOT payroll_pit AND NOT culture AND NOT small,payroll_pit;culture;small,000,0.745,0.526,150,39,0.549,0.295,0.205,0.319,0.48,0.19,0.222,4,-0.144,False,False,False,,True
held_up,3,NOT culture AND NOT education AND contestation,culture;education;contestation,001,0.745,0.521,144,35,0.522,0.265,0.154,0.298,0.28,0.381,0.074,4,-0.144,False,False,False,,True
held_up,3,autonomy AND NOT culture AND NOT education,autonomy;culture;education,100,0.745,0.515,134,30,0.508,0.227,0.256,0.213,0.2,0.238,0.148,4,-0.144,False,False,False,,True
held_up,3,NOT property_tax AND NOT single_tax AND NOT payroll_pit,property_tax;single_tax;payroll_pit,000,0.745,0.507,155,51,0.637,0.386,0.282,0.489,0.56,0.143,0.333,3,-0.144,False,False,False,,True
held_up,3,single_tax AND payroll_pit AND balance,single_tax;payroll_pit;balance,111,0.745,0.485,125,30,0.441,0.227,0.41,0.149,0.12,0.19,0.37,4,-0.144,False,False,False,,True
held_up,3,single_tax AND culture AND balance,single_tax;culture;balance,111,0.745,0.459,107,22,0.379,0.167,0.308,0.043,0.12,0.238,0.333,3,-0.144,False,False,False,,True
held_up,3,property_tax AND social AND contestation,property_tax;social;contestation,111,0.745,0.448,109,24,0.444,0.182,0.333,0.043,0.16,0.238,0.333,3,-0.144,False,False,False,,True
held_up,3,autonomy AND NOT education AND NOT small,autonomy;education;small,100,0.744,0.562,166,39,0.527,0.295,0.359,0.277,0.32,0.19,0.259,4,-0.145,False,False,False,,True
held_up,3,NOT culture AND extracurricular AND NOT small,culture;extracurricular;small,010,0.744,0.552,163,39,0.542,0.295,0.179,0.34,0.4,0.286,0.074,4,-0.145,False,False,False,,True
held_up,3,autonomy AND social AND NOT small,autonomy;social;small,110,0.744,0.527,141,35,0.5,0.265,0.333,0.191,0.32,0.238,0.296,4,-0.145,False,False,False,,True
held_up,3,payroll_pit AND autonomy AND NOT small,payroll_pit;autonomy;small,110,0.744,0.524,149,35,0.479,0.265,0.41,0.191,0.16,0.286,0.296,4,-0.145,False,False,False,,True
held_up,3,NOT local_tax_base AND social AND extracurricular,local_tax_base;social;extracurricular,011,0.744,0.487,125,34,0.5,0.258,0.231,0.277,0.28,0.238,0.222,4,-0.145,False,False,False,,True
held_up,3,property_tax AND autonomy AND culture,property_tax;autonomy;culture,111,0.744,0.477,125,35,0.556,0.265,0.359,0.213,0.28,0.19,0.444,4,-0.145,False,False,False,,True
held_up,3,social AND culture AND extracurricular,social;culture;extracurricular,111,0.744,0.455,100,23,0.418,0.174,0.256,0.149,0.16,0.095,0.259,4,-0.145,False,False,False,,True
held_up,3,social AND education AND extracurricular,social;education;extracurricular,111,0.744,0.438,91,19,0.404,0.144,0.205,0.128,0.08,0.143,0.222,4,-0.145,False,False,False,,True
held_up,3,NOT property_tax AND NOT single_tax AND NOT small,property_tax;single_tax;small,000,0.743,0.542,165,49,0.62,0.371,0.205,0.426,0.6,0.286,0.222,4,-0.146,False,False,False,,True
held_up,3,social AND extracurricular AND balance,social;extracurricular;balance,111,0.743,0.505,135,37,0.487,0.28,0.308,0.213,0.4,0.238,0.296,4,-0.146,False,False,False,,True
held_up,3,payroll_pit AND social AND contestation,payroll_pit;social;contestation,111,0.743,0.475,122,27,0.443,0.205,0.308,0.106,0.12,0.333,0.333,4,-0.146,False,False,False,,True
held_up,3,NOT culture AND contestation AND NOT small,culture;contestation;small,010,0.742,0.532,141,35,0.556,0.265,0.179,0.319,0.28,0.286,0.074,4,-0.147,False,False,False,,True
held_up,3,NOT property_tax AND NOT payroll_pit AND NOT small,property_tax;payroll_pit;small,000,0.742,0.525,165,47,0.595,0.356,0.256,0.404,0.56,0.19,0.296,4,-0.147,False,False,False,,True
held_up,3,autonomy AND social AND extracurricular,autonomy;social;extracurricular,111,0.742,0.517,136,31,0.449,0.235,0.308,0.17,0.28,0.19,0.296,4,-0.147,False,False,False,,True
held_up,3,single_tax AND autonomy AND investment,single_tax;autonomy;investment,111,0.742,0.5,127,27,0.458,0.205,0.308,0.17,0.16,0.143,0.222,4,-0.147,False,False,False,,True
held_up,3,property_tax AND autonomy AND extracurricular,property_tax;autonomy;extracurricular,111,0.742,0.478,113,22,0.415,0.167,0.308,0.106,0.12,0.095,0.333,4,-0.147,False,False,False,,True
held_up,3,local_tax_base AND property_tax AND investment,local_tax_base;property_tax;investment,111,0.742,0.425,86,17,0.425,0.129,0.154,0.085,0.12,0.19,0.148,4,-0.147,False,False,False,,True
held_up,3,NOT single_tax AND NOT payroll_pit AND NOT small,single_tax;payroll_pit;small,000,0.741,0.532,164,49,0.605,0.371,0.256,0.404,0.6,0.238,0.296,4,-0.148,False,False,False,,True
held_up,3,social AND culture AND education,social;culture;education,111,0.741,0.457,108,33,0.524,0.25,0.333,0.234,0.16,0.238,0.407,4,-0.148,False,False,False,,True
held_up,3,local_tax_base AND single_tax AND education,local_tax_base;single_tax;education,111,0.741,0.394,76,14,0.389,0.106,0.103,0.106,0.0,0.238,0.111,3,-0.148,False,False,False,,True
held_up,3,local_tax_base AND property_tax AND education,local_tax_base;property_tax;education,111,0.741,0.389,78,17,0.436,0.129,0.128,0.128,0.04,0.238,0.148,3,-0.148,False,False,False,,True
held_up,3,NOT education AND extracurricular AND NOT small,education;extracurricular;small,010,0.74,0.578,190,50,0.556,0.379,0.256,0.383,0.48,0.476,0.185,4,-0.149,False,False,False,,True
held_up,3,NOT local_tax_base AND NOT education AND NOT small,local_tax_base;education;small,000,0.74,0.547,175,47,0.553,0.356,0.256,0.404,0.36,0.429,0.148,4,-0.149,False,False,False,,True
held_up,3,NOT property_tax AND NOT single_tax AND NOT education,property_tax;single_tax;education,000,0.74,0.535,166,54,0.621,0.409,0.231,0.468,0.64,0.333,0.259,4,-0.149,False,False,False,,True
held_up,3,NOT property_tax AND NOT single_tax AND NOT culture,property_tax;single_tax;culture,000,0.74,0.513,150,43,0.589,0.326,0.179,0.404,0.52,0.19,0.185,4,-0.149,False,False,False,,True
held_up,3,NOT local_tax_base AND payroll_pit AND extracurricular,local_tax_base;payroll_pit;extracurricular,011,0.74,0.49,131,31,0.456,0.235,0.282,0.213,0.16,0.286,0.222,4,-0.149,False,False,False,,True
held_up,3,single_tax AND social AND education,single_tax;social;education,111,0.74,0.457,110,28,0.459,0.212,0.231,0.213,0.12,0.286,0.259,4,-0.149,False,False,False,,True
held_up,3,property_tax AND payroll_pit AND contestation,property_tax;payroll_pit;contestation,111,0.74,0.455,118,25,0.424,0.189,0.359,0.106,0.04,0.238,0.37,3,-0.149,False,False,False,,True
held_up,3,payroll_pit AND culture AND extracurricular,payroll_pit;culture;extracurricular,111,0.74,0.448,100,22,0.415,0.167,0.282,0.106,0.08,0.19,0.296,3,-0.149,False,False,False,,True
held_up,3,property_tax AND social AND education,property_tax;social;education,111,0.74,0.444,108,28,0.483,0.212,0.256,0.213,0.16,0.19,0.333,4,-0.149,False,False,False,,True
held_up,3,culture AND education AND extracurricular,culture;education;extracurricular,111,0.74,0.43,83,21,0.467,0.159,0.256,0.128,0.08,0.143,0.259,4,-0.149,False,False,False,,True
held_up,3,property_tax AND education AND extracurricular,property_tax;education;extracurricular,111,0.74,0.423,83,19,0.432,0.144,0.205,0.149,0.08,0.095,0.222,4,-0.149,False,False,False,,True
held_up,3,autonomy AND extracurricular AND NOT small,autonomy;extracurricular;small,110,0.739,0.569,176,41,0.506,0.311,0.359,0.298,0.32,0.238,0.259,4,-0.15,False,False,False,,True
held_up,3,NOT education AND contestation AND NOT small,education;contestation;small,010,0.739,0.554,161,42,0.583,0.318,0.282,0.298,0.36,0.381,0.222,4,-0.15,False,False,False,,True
held_up,3,property_tax AND payroll_pit AND investment,property_tax;payroll_pit;investment,111,0.739,0.475,125,28,0.467,0.212,0.308,0.191,0.16,0.143,0.296,4,-0.15,False,False,False,,True
held_up,3,payroll_pit AND education AND extracurricular,payroll_pit;education;extracurricular,111,0.739,0.446,97,21,0.404,0.159,0.256,0.149,0.08,0.095,0.222,4,-0.15,False,False,False,,True
held_up,3,property_tax AND culture AND extracurricular,property_tax;culture;extracurricular,111,0.739,0.428,90,22,0.44,0.167,0.282,0.128,0.12,0.095,0.296,4,-0.15,False,False,False,,True
held_up,3,extracurricular AND balance AND NOT small,extracurricular;balance;small,110,0.738,0.551,172,53,0.558,0.402,0.333,0.404,0.48,0.429,0.259,4,-0.151,False,False,False,,True
held_up,3,NOT payroll_pit AND NOT education AND NOT small,payroll_pit;education;small,000,0.738,0.549,179,51,0.567,0.386,0.256,0.404,0.64,0.286,0.259,4,-0.151,False,False,False,,True
held_up,3,NOT local_tax_base AND NOT culture AND NOT small,local_tax_base;culture;small,000,0.738,0.516,148,39,0.542,0.295,0.205,0.362,0.32,0.286,0.037,4,-0.151,False,False,False,,True
held_up,3,NOT single_tax AND NOT payroll_pit AND NOT culture,single_tax;payroll_pit;culture,000,0.738,0.512,152,44,0.587,0.333,0.231,0.383,0.48,0.238,0.259,4,-0.151,False,False,False,,True
held_up,3,NOT property_tax AND NOT payroll_pit AND NOT culture,property_tax;payroll_pit;culture,000,0.738,0.506,151,43,0.589,0.326,0.231,0.404,0.48,0.143,0.259,3,-0.151,False,False,False,,True
held_up,3,investment AND NOT culture AND NOT education,investment;culture;education,100,0.738,0.503,134,34,0.507,0.258,0.256,0.255,0.28,0.238,0.185,4,-0.151,False,False,False,,True
held_up,3,NOT local_tax_base AND payroll_pit AND social,local_tax_base;payroll_pit;social,011,0.738,0.479,132,33,0.471,0.25,0.308,0.213,0.2,0.286,0.296,4,-0.151,False,False,False,,True
held_up,3,payroll_pit AND social AND education,payroll_pit;social;education,111,0.738,0.467,117,29,0.446,0.22,0.282,0.234,0.12,0.19,0.333,4,-0.151,False,False,False,,True
held_up,3,single_tax AND education AND small,single_tax;education;small,111,0.738,0.408,96,23,0.479,0.174,0.128,0.234,0.08,0.238,0.148,3,-0.151,False,False,False,,True
held_up,3,local_tax_base AND single_tax AND culture,local_tax_base;single_tax;culture,111,0.738,0.399,80,15,0.395,0.114,0.154,0.085,0.0,0.238,0.148,3,-0.151,False,False,False,,True
held_up,3,NOT single_tax AND NOT culture AND NOT small,single_tax;culture;small,000,0.736,0.544,165,43,0.551,0.326,0.205,0.319,0.52,0.333,0.185,4,-0.153,False,False,False,,True
held_up,3,NOT property_tax AND NOT payroll_pit AND NOT education,property_tax;payroll_pit;education,000,0.736,0.52,164,50,0.581,0.379,0.256,0.447,0.6,0.19,0.296,4,-0.153,False,False,False,,True
held_up,3,single_tax AND autonomy AND social,single_tax;autonomy;social,111,0.736,0.501,128,27,0.429,0.205,0.333,0.149,0.12,0.19,0.333,4,-0.153,False,False,False,,True
held_up,3,single_tax AND social AND culture,single_tax;social;culture,111,0.736,0.466,115,27,0.435,0.205,0.282,0.17,0.12,0.238,0.296,4,-0.153,False,False,False,,True
held_up,3,NOT culture AND NOT education AND NOT balance,culture;education;balance,000,0.735,0.475,130,26,0.433,0.197,0.205,0.191,0.2,0.19,0.148,4,-0.154,False,False,False,,True
held_up,3,single_tax AND payroll_pit AND contestation,single_tax;payroll_pit;contestation,111,0.735,0.466,120,23,0.411,0.174,0.308,0.149,0.04,0.143,0.296,3,-0.154,False,False,False,,True
held_up,3,property_tax AND single_tax AND investment,property_tax;single_tax;investment,111,0.735,0.458,107,23,0.451,0.174,0.231,0.17,0.16,0.095,0.185,4,-0.154,False,False,False,,True
held_up,3,NOT local_tax_base AND extracurricular AND NOT small,local_tax_base;extracurricular;small,010,0.734,0.564,184,51,0.554,0.386,0.333,0.383,0.4,0.476,0.259,4,-0.155,False,False,False,,True
held_up,3,investment AND NOT education AND NOT small,investment;education;small,100,0.734,0.538,159,39,0.506,0.295,0.282,0.277,0.28,0.381,0.185,4,-0.155,False,False,False,,True
held_up,3,investment AND NOT culture AND NOT small,investment;culture;small,100,0.734,0.511,135,35,0.515,0.265,0.256,0.298,0.28,0.19,0.148,4,-0.155,False,False,False,,True
held_up,3,property_tax AND autonomy AND investment,property_tax;autonomy;investment,111,0.734,0.503,139,30,0.455,0.227,0.333,0.128,0.24,0.238,0.333,4,-0.155,False,False,False,,True
held_up,3,NOT property_tax AND NOT culture AND NOT education,property_tax;culture;education,000,0.733,0.542,170,50,0.588,0.379,0.282,0.447,0.56,0.19,0.222,4,-0.156,False,False,False,,True
held_up,3,payroll_pit AND autonomy AND investment,payroll_pit;autonomy;investment,111,0.733,0.529,152,35,0.479,0.265,0.359,0.213,0.2,0.286,0.296,4,-0.156,False,False,False,,True
held_up,3,payroll_pit AND social AND culture,payroll_pit;social;culture,111,0.733,0.481,129,30,0.455,0.227,0.333,0.213,0.12,0.19,0.407,4,-0.156,False,False,False,,True
held_up,3,single_tax AND education AND extracurricular,single_tax;education;extracurricular,111,0.733,0.444,95,24,0.471,0.182,0.282,0.149,0.08,0.19,0.259,3,-0.156,False,False,False,,True
held_up,3,NOT property_tax AND NOT culture AND NOT small,property_tax;culture;small,000,0.732,0.548,172,46,0.568,0.348,0.256,0.426,0.52,0.143,0.148,3,-0.157,False,False,False,,True
held_up,3,property_tax AND autonomy AND social,property_tax;autonomy;social,111,0.732,0.501,145,34,0.486,0.258,0.385,0.17,0.24,0.238,0.444,4,-0.157,False,False,False,,True
held_up,3,single_tax AND culture AND extracurricular,single_tax;culture;extracurricular,111,0.732,0.439,96,22,0.4,0.167,0.333,0.064,0.08,0.19,0.333,2,-0.157,False,False,False,,False
held_up,3,single_tax AND payroll_pit AND investment,single_tax;payroll_pit;investment,111,0.731,0.483,127,29,0.46,0.22,0.282,0.234,0.16,0.143,0.185,4,-0.158,False,False,False,,True
held_up,3,single_tax AND social AND extracurricular,single_tax;social;extracurricular,111,0.731,0.468,112,23,0.383,0.174,0.333,0.106,0.08,0.143,0.296,3,-0.158,False,False,False,,True
held_up,3,NOT single_tax AND NOT education AND NOT small,single_tax;education;small,000,0.73,0.578,196,57,0.606,0.432,0.256,0.426,0.68,0.476,0.259,4,-0.159,False,False,False,,True
held_up,3,NOT local_tax_base AND payroll_pit AND autonomy,local_tax_base;payroll_pit;autonomy,011,0.73,0.534,166,43,0.494,0.326,0.41,0.298,0.24,0.333,0.296,4,-0.159,False,False,False,,True
held_up,3,NOT single_tax AND NOT payroll_pit AND NOT education,single_tax;payroll_pit;education,000,0.73,0.533,174,54,0.587,0.409,0.256,0.447,0.68,0.286,0.296,4,-0.159,False,False,False,,True
held_up,3,property_tax AND social AND extracurricular,property_tax;social;extracurricular,111,0.73,0.455,113,21,0.389,0.159,0.282,0.085,0.16,0.095,0.296,4,-0.159,False,False,False,,True
held_up,3,property_tax AND social AND culture,property_tax;social;culture,111,0.729,0.462,130,34,0.493,0.258,0.333,0.234,0.24,0.19,0.407,4,-0.16,False,False,False,,True
held_up,3,property_tax AND single_tax AND extracurricular,property_tax;single_tax;extracurricular,111,0.729,0.447,100,22,0.423,0.167,0.333,0.106,0.08,0.095,0.333,3,-0.16,False,False,False,,True
held_up,3,local_tax_base AND property_tax AND single_tax,local_tax_base;property_tax;single_tax,111,0.729,0.415,89,15,0.357,0.114,0.154,0.106,0.0,0.19,0.148,3,-0.16,False,False,False,,True
held_up,3,local_tax_base AND property_tax AND culture,local_tax_base;property_tax;culture,111,0.729,0.402,89,20,0.455,0.152,0.179,0.106,0.12,0.238,0.185,4,-0.16,False,False,False,,True
held_up,3,NOT property_tax AND NOT education AND NOT small,property_tax;education;small,000,0.728,0.574,195,57,0.588,0.432,0.282,0.489,0.64,0.333,0.222,4,-0.161,False,False,False,,True
held_up,3,NOT payroll_pit AND NOT culture AND NOT education,payroll_pit;culture;education,000,0.728,0.528,161,44,0.543,0.333,0.231,0.362,0.52,0.238,0.259,4,-0.161,False,False,False,,True
held_up,3,payroll_pit AND autonomy AND extracurricular,payroll_pit;autonomy;extracurricular,111,0.728,0.525,155,32,0.421,0.242,0.359,0.191,0.16,0.238,0.333,4,-0.161,False,False,False,,True
held_up,3,property_tax AND single_tax AND autonomy,property_tax;single_tax;autonomy,111,0.728,0.494,133,28,0.438,0.212,0.333,0.17,0.16,0.143,0.37,4,-0.161,False,False,False,,True
held_up,3,property_tax AND payroll_pit AND education,property_tax;payroll_pit;education,111,0.726,0.463,122,30,0.476,0.227,0.282,0.255,0.16,0.143,0.333,4,-0.163,False,False,False,,True
held_up,3,NOT single_tax AND NOT culture AND NOT education,single_tax;culture;education,000,0.725,0.547,178,49,0.557,0.371,0.231,0.362,0.56,0.429,0.222,4,-0.164,False,False,False,,True
held_up,3,property_tax AND single_tax AND social,property_tax;single_tax;social,111,0.723,0.468,127,27,0.422,0.205,0.308,0.17,0.12,0.19,0.333,4,-0.166,False,False,False,,True
held_up,3,payroll_pit AND culture AND education,payroll_pit;culture;education,111,0.723,0.467,119,31,0.492,0.235,0.308,0.234,0.16,0.19,0.333,4,-0.166,False,False,False,,True
held_up,3,payroll_pit AND autonomy AND social,payroll_pit;autonomy;social,111,0.722,0.535,167,39,0.47,0.295,0.41,0.213,0.2,0.381,0.444,4,-0.167,False,False,False,,True
held_up,3,payroll_pit AND social AND extracurricular,payroll_pit;social;extracurricular,111,0.721,0.484,134,26,0.382,0.197,0.308,0.128,0.16,0.19,0.296,4,-0.168,False,False,False,,True
held_up,3,property_tax AND payroll_pit AND extracurricular,property_tax;payroll_pit;extracurricular,111,0.721,0.458,114,21,0.382,0.159,0.308,0.106,0.08,0.095,0.333,4,-0.168,False,False,False,,True
held_up,3,property_tax AND culture AND education,property_tax;culture;education,111,0.72,0.447,114,34,0.531,0.258,0.282,0.255,0.2,0.286,0.333,4,-0.169,False,False,False,,True
held_up,3,single_tax AND payroll_pit AND education,single_tax;payroll_pit;education,111,0.719,0.478,127,30,0.455,0.227,0.282,0.234,0.16,0.19,0.259,4,-0.17,False,False,False,,True
held_up,3,property_tax AND payroll_pit AND autonomy,property_tax;payroll_pit;autonomy,111,0.718,0.519,161,35,0.455,0.265,0.41,0.213,0.16,0.238,0.481,4,-0.171,False,False,False,,True
held_up,3,property_tax AND single_tax AND education,property_tax;single_tax;education,111,0.718,0.452,115,29,0.492,0.22,0.231,0.234,0.16,0.238,0.259,4,-0.171,False,False,False,,True
held_up,3,single_tax AND payroll_pit AND extracurricular,single_tax;payroll_pit;extracurricular,111,0.717,0.478,127,27,0.409,0.205,0.385,0.17,0.08,0.095,0.333,2,-0.172,False,False,False,,False
held_up,3,property_tax AND payroll_pit AND social,property_tax;payroll_pit;social,111,0.716,0.488,150,32,0.432,0.242,0.385,0.191,0.12,0.238,0.444,3,-0.173,False,False,False,,True
held_up,3,single_tax AND payroll_pit AND autonomy,single_tax;payroll_pit;autonomy,111,0.715,0.529,163,37,0.451,0.28,0.436,0.255,0.16,0.19,0.37,4,-0.174,False,False,False,,True
held_up,3,property_tax AND payroll_pit AND culture,property_tax;payroll_pit;culture,111,0.715,0.471,135,33,0.485,0.25,0.359,0.255,0.16,0.143,0.444,4,-0.174,False,False,False,,True
held_up,3,single_tax AND culture AND education,single_tax;culture;education,111,0.715,0.456,112,30,0.484,0.227,0.282,0.191,0.16,0.286,0.296,4,-0.174,False,False,False,,True
held_up,3,single_tax AND payroll_pit AND social,single_tax;payroll_pit;social,111,0.713,0.492,143,30,0.405,0.227,0.333,0.213,0.12,0.19,0.333,4,-0.176,False,False,False,,True
held_up,3,NOT culture AND NOT education AND NOT small,culture;education;small,000,0.711,0.587,203,53,0.546,0.402,0.333,0.404,0.56,0.333,0.222,4,-0.178,False,False,False,,True
held_up,3,single_tax AND payroll_pit AND culture,single_tax;payroll_pit;culture,111,0.71,0.479,134,29,0.42,0.22,0.308,0.191,0.16,0.19,0.333,4,-0.179,False,False,False,,True
held_up,3,property_tax AND single_tax AND culture,property_tax;single_tax;culture,111,0.71,0.454,121,31,0.477,0.235,0.308,0.213,0.16,0.238,0.333,4,-0.179,False,False,False,,True
held_up,3,property_tax AND single_tax AND payroll_pit,property_tax;single_tax;payroll_pit,111,0.701,0.491,146,30,0.423,0.227,0.333,0.213,0.16,0.143,0.37,4,-0.188,False,False,False,,True
