outcome,k,configuration,conditions,signs,consistency,coverage,crisp_n,crisp_n_outcome,crisp_precision,crisp_recall,cov_west,cov_centre,cov_south,cov_east,cov_carpathian,regions_ok,excess,above_ceiling,passes,retained,sharpens,regional_ok
faltered,1,NOT investment,investment,0,0.697,0.684,535,142,0.555,0.526,0.564,0.449,0.567,0.517,0.595,4,0.012,False,False,False,,True
faltered,1,NOT local_tax_base,local_tax_base,0,0.689,0.676,535,144,0.518,0.533,0.496,0.538,0.7,0.517,0.473,4,0.004,False,False,False,,True
faltered,1,NOT single_tax,single_tax,0,0.685,0.674,537,154,0.526,0.57,0.556,0.603,0.533,0.586,0.568,4,0.0,False,False,False,,True
faltered,1,NOT culture,culture,0,0.682,0.669,535,153,0.529,0.567,0.579,0.577,0.567,0.483,0.581,4,-0.003,False,False,False,,True
faltered,1,NOT contestation,contestation,0,0.68,0.667,535,147,0.533,0.544,0.534,0.59,0.467,0.552,0.514,4,-0.005,False,False,False,,True
faltered,1,extracurricular,extracurricular,1,0.679,0.696,549,146,0.547,0.541,0.541,0.513,0.633,0.517,0.554,4,-0.006,False,False,False,,True
faltered,1,NOT education,education,0,0.679,0.668,537,152,0.521,0.563,0.511,0.615,0.6,0.621,0.554,4,-0.006,False,False,False,,True
faltered,1,NOT social,social,0,0.679,0.663,532,155,0.522,0.574,0.609,0.513,0.533,0.621,0.608,4,-0.006,False,False,False,,True
faltered,1,NOT property_tax,property_tax,0,0.678,0.666,537,140,0.5,0.519,0.556,0.487,0.5,0.448,0.527,4,-0.007,False,False,False,,True
faltered,1,NOT balance,balance,0,0.677,0.665,535,150,0.545,0.556,0.586,0.526,0.5,0.552,0.608,4,-0.008,False,False,False,,True
faltered,1,NOT autonomy,autonomy,0,0.673,0.662,536,133,0.477,0.493,0.549,0.436,0.267,0.621,0.581,4,-0.012,False,False,False,,True
faltered,1,NOT small,small,0,0.668,0.657,538,132,0.5,0.489,0.444,0.513,0.567,0.552,0.541,4,-0.017,False,False,False,,True
faltered,1,autonomy,autonomy,1,0.666,0.682,548,137,0.517,0.507,0.451,0.564,0.733,0.379,0.419,4,-0.019,False,False,False,,True
faltered,1,NOT payroll_pit,payroll_pit,0,0.665,0.654,538,132,0.458,0.489,0.526,0.474,0.4,0.448,0.554,4,-0.02,False,False,False,,True
faltered,1,small,small,1,0.656,0.671,546,138,0.493,0.511,0.556,0.487,0.433,0.448,0.459,4,-0.029,False,False,False,,True
faltered,1,payroll_pit,payroll_pit,1,0.655,0.67,546,138,0.539,0.511,0.474,0.526,0.6,0.552,0.446,4,-0.03,False,False,False,,True
faltered,1,contestation,contestation,1,0.653,0.669,549,123,0.459,0.456,0.466,0.41,0.533,0.448,0.486,4,-0.032,False,False,False,,True
faltered,1,NOT extracurricular,extracurricular,0,0.653,0.642,535,124,0.448,0.459,0.459,0.487,0.367,0.483,0.446,4,-0.032,False,False,False,,True
faltered,1,local_tax_base,local_tax_base,1,0.65,0.666,549,126,0.474,0.467,0.504,0.462,0.3,0.483,0.527,4,-0.035,False,False,False,,True
faltered,1,culture,culture,1,0.65,0.666,549,117,0.459,0.433,0.421,0.423,0.433,0.517,0.419,4,-0.035,False,False,False,,True
faltered,1,property_tax,property_tax,1,0.65,0.665,547,130,0.492,0.481,0.444,0.513,0.5,0.552,0.473,4,-0.035,False,False,False,,True
faltered,1,social,social,1,0.649,0.668,552,115,0.466,0.426,0.391,0.487,0.467,0.379,0.392,4,-0.036,False,False,False,,True
faltered,1,balance,balance,1,0.649,0.665,549,120,0.446,0.444,0.414,0.474,0.5,0.448,0.392,4,-0.036,False,False,False,,True
faltered,1,education,education,1,0.648,0.663,547,118,0.468,0.437,0.489,0.385,0.4,0.379,0.446,4,-0.037,False,False,False,,True
faltered,1,investment,investment,1,0.642,0.658,549,128,0.444,0.474,0.436,0.551,0.433,0.483,0.405,4,-0.043,False,False,False,,True
faltered,1,single_tax,single_tax,1,0.641,0.656,547,116,0.462,0.43,0.444,0.397,0.467,0.414,0.432,4,-0.044,False,False,False,,True
faltered,2,NOT single_tax AND payroll_pit,single_tax;payroll_pit,01,0.808,0.447,136,47,0.603,0.174,0.135,0.192,0.2,0.276,0.122,4,-0.007,False,False,False,,True
faltered,2,NOT local_tax_base AND NOT investment,local_tax_base;investment,00,0.803,0.521,259,76,0.608,0.281,0.278,0.218,0.433,0.31,0.27,4,-0.012,False,False,False,,True
faltered,2,culture AND NOT education,culture;education,10,0.802,0.452,154,43,0.531,0.159,0.135,0.192,0.167,0.172,0.162,4,-0.013,False,False,False,,True
faltered,2,autonomy AND NOT investment,autonomy;investment,10,0.801,0.502,239,64,0.653,0.237,0.218,0.218,0.433,0.172,0.243,4,-0.014,False,False,False,,True
faltered,2,NOT property_tax AND culture,property_tax;culture,01,0.799,0.464,173,41,0.488,0.152,0.165,0.128,0.1,0.207,0.176,4,-0.016,False,False,False,,True
faltered,2,NOT property_tax AND payroll_pit,property_tax;payroll_pit,01,0.799,0.454,159,47,0.54,0.174,0.188,0.141,0.2,0.172,0.176,4,-0.016,False,False,False,,True
faltered,2,NOT local_tax_base AND NOT payroll_pit,local_tax_base;payroll_pit,00,0.798,0.473,212,56,0.487,0.207,0.218,0.205,0.233,0.138,0.176,4,-0.017,False,False,False,,True
faltered,2,NOT culture AND education,culture;education,01,0.798,0.449,152,44,0.564,0.163,0.203,0.154,0.133,0.034,0.189,3,-0.017,False,False,False,,True
faltered,2,NOT education AND small,education;small,01,0.798,0.443,141,47,0.516,0.174,0.18,0.167,0.167,0.172,0.162,4,-0.017,False,False,False,,True
faltered,2,NOT property_tax AND autonomy,property_tax;autonomy,01,0.797,0.48,197,50,0.521,0.185,0.165,0.205,0.3,0.103,0.108,4,-0.018,False,False,False,,True
faltered,2,payroll_pit AND NOT autonomy,payroll_pit;autonomy,10,0.797,0.45,147,38,0.528,0.141,0.165,0.09,0.067,0.241,0.149,3,-0.018,False,False,False,,True
faltered,2,NOT payroll_pit AND autonomy,payroll_pit;autonomy,01,0.796,0.451,149,37,0.457,0.137,0.143,0.128,0.2,0.069,0.122,4,-0.019,False,False,False,,True
faltered,2,education AND NOT small,education;small,10,0.795,0.441,142,27,0.429,0.1,0.113,0.064,0.133,0.103,0.149,4,-0.02,False,False,False,,True
faltered,2,payroll_pit AND NOT culture,payroll_pit;culture,10,0.794,0.457,175,61,0.61,0.226,0.211,0.244,0.267,0.207,0.203,4,-0.021,False,False,False,,True
faltered,2,NOT single_tax AND autonomy,single_tax;autonomy,01,0.792,0.487,213,68,0.586,0.252,0.218,0.256,0.367,0.276,0.203,4,-0.023,False,False,False,,True
faltered,2,property_tax AND NOT culture,property_tax;culture,10,0.792,0.459,171,54,0.581,0.2,0.188,0.218,0.167,0.241,0.23,4,-0.023,False,False,False,,True
faltered,2,NOT local_tax_base AND small,local_tax_base;small,01,0.791,0.47,191,60,0.588,0.222,0.248,0.192,0.267,0.138,0.176,4,-0.024,False,False,False,,True
faltered,2,payroll_pit AND NOT social,payroll_pit;social,10,0.791,0.461,179,57,0.564,0.211,0.211,0.192,0.233,0.241,0.162,4,-0.024,False,False,False,,True
faltered,2,payroll_pit AND NOT education,payroll_pit;education,10,0.791,0.454,173,55,0.567,0.204,0.173,0.244,0.2,0.241,0.189,4,-0.024,False,False,False,,True
faltered,2,extracurricular AND NOT balance,extracurricular;balance,10,0.79,0.487,218,68,0.586,0.252,0.316,0.154,0.233,0.241,0.338,4,-0.025,False,False,False,,True
faltered,2,NOT local_tax_base AND property_tax,local_tax_base;property_tax,01,0.79,0.469,188,48,0.565,0.178,0.12,0.218,0.267,0.241,0.135,4,-0.025,False,False,False,,True
faltered,2,NOT single_tax AND culture,single_tax;culture,01,0.789,0.459,176,45,0.469,0.167,0.18,0.167,0.133,0.138,0.216,4,-0.026,False,False,False,,True
faltered,2,property_tax AND NOT single_tax,property_tax;single_tax,10,0.789,0.458,173,52,0.52,0.193,0.188,0.205,0.133,0.241,0.216,4,-0.026,False,False,False,,True
faltered,2,NOT local_tax_base AND NOT social,local_tax_base;social,00,0.788,0.498,246,79,0.56,0.293,0.278,0.282,0.367,0.31,0.23,4,-0.027,False,False,False,,True
faltered,2,NOT property_tax AND social,property_tax;social,01,0.788,0.478,196,42,0.452,0.156,0.18,0.154,0.133,0.069,0.176,3,-0.027,False,False,False,,True
faltered,2,NOT investment AND extracurricular,investment;extracurricular,01,0.787,0.532,282,87,0.64,0.322,0.368,0.218,0.4,0.31,0.392,4,-0.028,False,False,False,,True
faltered,2,NOT investment AND NOT small,investment;small,00,0.787,0.498,257,68,0.591,0.252,0.256,0.218,0.333,0.241,0.324,4,-0.028,False,False,False,,True
faltered,2,social AND NOT culture,social;culture,10,0.787,0.477,207,55,0.545,0.204,0.173,0.269,0.2,0.172,0.189,4,-0.028,False,False,False,,True
faltered,2,extracurricular AND small,extracurricular;small,11,0.787,0.474,172,48,0.578,0.178,0.241,0.103,0.167,0.103,0.203,4,-0.028,False,False,False,,True
faltered,2,NOT single_tax AND education,single_tax;education,01,0.787,0.45,164,42,0.462,0.156,0.195,0.141,0.1,0.069,0.203,3,-0.028,False,False,False,,True
faltered,2,NOT property_tax AND education,property_tax;education,01,0.786,0.459,177,46,0.5,0.17,0.233,0.115,0.1,0.103,0.23,4,-0.029,False,False,False,,True
faltered,2,NOT extracurricular AND NOT small,extracurricular;small,00,0.786,0.442,161,34,0.425,0.126,0.143,0.103,0.1,0.138,0.189,4,-0.029,False,False,False,,True
faltered,2,NOT investment AND NOT culture,investment;culture,00,0.785,0.517,270,77,0.575,0.285,0.338,0.218,0.333,0.172,0.297,4,-0.03,False,False,False,,True
faltered,2,NOT investment AND NOT education,investment;education,00,0.785,0.506,264,75,0.564,0.278,0.278,0.269,0.367,0.207,0.297,4,-0.03,False,False,False,,True
faltered,2,NOT social AND extracurricular,social;extracurricular,01,0.785,0.506,240,79,0.617,0.293,0.286,0.282,0.333,0.31,0.284,4,-0.03,False,False,False,,True
faltered,2,extracurricular AND NOT contestation,extracurricular;contestation,10,0.785,0.495,232,64,0.538,0.237,0.226,0.244,0.3,0.207,0.216,4,-0.03,False,False,False,,True
faltered,2,payroll_pit AND NOT investment,payroll_pit;investment,10,0.784,0.501,249,67,0.644,0.248,0.241,0.205,0.333,0.31,0.297,4,-0.031,False,False,False,,True
faltered,2,autonomy AND NOT social,autonomy;social,10,0.784,0.487,218,67,0.545,0.248,0.248,0.256,0.333,0.138,0.203,4,-0.031,False,False,False,,True
faltered,2,NOT local_tax_base AND NOT autonomy,local_tax_base;autonomy,00,0.784,0.481,223,57,0.46,0.211,0.241,0.192,0.133,0.207,0.243,4,-0.031,False,False,False,,True
faltered,2,NOT property_tax AND small,property_tax;small,01,0.784,0.456,177,55,0.509,0.204,0.263,0.167,0.1,0.138,0.203,3,-0.031,False,False,False,,True
faltered,2,NOT local_tax_base AND NOT contestation,local_tax_base;contestation,00,0.783,0.496,248,71,0.53,0.263,0.218,0.295,0.367,0.276,0.162,4,-0.032,False,False,False,,True
faltered,2,NOT education AND NOT contestation,education;contestation,00,0.783,0.485,237,74,0.565,0.274,0.263,0.321,0.2,0.276,0.284,4,-0.032,False,False,False,,True
faltered,2,property_tax AND NOT education,property_tax;education,10,0.783,0.457,177,58,0.558,0.215,0.188,0.244,0.2,0.276,0.257,4,-0.032,False,False,False,,True
faltered,2,NOT payroll_pit AND culture,payroll_pit;culture,01,0.783,0.453,178,40,0.404,0.148,0.158,0.141,0.1,0.172,0.176,4,-0.032,False,False,False,,True
faltered,2,local_tax_base AND NOT small,local_tax_base;small,10,0.782,0.466,194,48,0.545,0.178,0.195,0.167,0.133,0.172,0.243,4,-0.033,False,False,False,,True
faltered,2,NOT local_tax_base AND NOT balance,local_tax_base;balance,00,0.781,0.491,243,77,0.562,0.285,0.316,0.231,0.333,0.241,0.311,4,-0.034,False,False,False,,True
faltered,2,NOT contestation AND NOT small,contestation;small,00,0.781,0.469,239,63,0.538,0.233,0.218,0.282,0.233,0.172,0.284,4,-0.034,False,False,False,,True
faltered,2,culture AND NOT small,culture;small,10,0.781,0.462,200,40,0.455,0.148,0.143,0.141,0.167,0.172,0.176,4,-0.034,False,False,False,,True
faltered,2,NOT property_tax AND single_tax,property_tax;single_tax,01,0.781,0.453,173,38,0.437,0.141,0.188,0.09,0.1,0.103,0.176,4,-0.034,False,False,False,,True
faltered,2,NOT single_tax AND extracurricular,single_tax;extracurricular,01,0.78,0.531,284,90,0.588,0.333,0.293,0.372,0.4,0.345,0.257,4,-0.035,False,False,False,,True
faltered,2,local_tax_base AND extracurricular,local_tax_base;extracurricular,11,0.78,0.496,206,46,0.541,0.17,0.211,0.141,0.1,0.138,0.243,4,-0.035,False,False,False,,True
faltered,2,NOT single_tax AND social,single_tax;social,01,0.78,0.475,214,51,0.459,0.189,0.143,0.256,0.2,0.207,0.135,4,-0.035,False,False,False,,True
faltered,2,NOT social AND culture,social;culture,01,0.78,0.469,204,57,0.523,0.211,0.203,0.205,0.167,0.31,0.216,4,-0.035,False,False,False,,True
faltered,2,local_tax_base AND NOT property_tax,local_tax_base;property_tax,10,0.78,0.464,190,44,0.506,0.163,0.18,0.167,0.067,0.172,0.189,3,-0.035,False,False,False,,True
faltered,2,NOT payroll_pit AND extracurricular,payroll_pit;extracurricular,01,0.779,0.51,259,71,0.546,0.263,0.256,0.269,0.3,0.241,0.23,4,-0.036,False,False,False,,True
faltered,2,single_tax AND NOT education,single_tax;education,10,0.779,0.446,164,40,0.444,0.148,0.15,0.154,0.167,0.103,0.189,4,-0.036,False,False,False,,True
faltered,2,autonomy AND NOT contestation,autonomy;contestation,10,0.778,0.489,240,64,0.547,0.237,0.188,0.295,0.367,0.172,0.149,4,-0.037,False,False,False,,True
faltered,2,social AND NOT balance,social;balance,10,0.778,0.482,225,56,0.544,0.207,0.211,0.256,0.1,0.172,0.23,3,-0.037,False,False,False,,True
faltered,2,single_tax AND NOT payroll_pit,single_tax;payroll_pit,10,0.778,0.432,137,25,0.342,0.093,0.105,0.064,0.067,0.138,0.108,4,-0.037,False,False,False,,True
faltered,2,NOT autonomy AND NOT small,autonomy;small,00,0.777,0.475,238,57,0.483,0.211,0.203,0.205,0.133,0.345,0.27,4,-0.038,False,False,False,,True
faltered,2,property_tax AND NOT social,property_tax;social,10,0.777,0.467,191,57,0.518,0.211,0.233,0.179,0.167,0.241,0.257,4,-0.038,False,False,False,,True
faltered,2,NOT culture AND small,culture;small,01,0.777,0.459,197,61,0.54,0.226,0.278,0.205,0.167,0.103,0.216,3,-0.038,False,False,False,,True
faltered,2,NOT payroll_pit AND social,payroll_pit;social,01,0.777,0.458,185,34,0.37,0.126,0.128,0.154,0.1,0.069,0.108,4,-0.038,False,False,False,,True
faltered,2,property_tax AND NOT small,property_tax;small,10,0.777,0.452,178,47,0.511,0.174,0.15,0.192,0.167,0.241,0.216,4,-0.038,False,False,False,,True
faltered,2,NOT local_tax_base AND NOT extracurricular,local_tax_base;extracurricular,00,0.776,0.461,192,44,0.458,0.163,0.165,0.167,0.167,0.138,0.162,4,-0.039,False,False,False,,True
faltered,2,NOT single_tax AND NOT investment,single_tax;investment,00,0.775,0.517,276,81,0.559,0.3,0.308,0.282,0.367,0.241,0.297,4,-0.04,False,False,False,,True
faltered,2,NOT investment AND NOT contestation,investment;contestation,00,0.775,0.513,268,77,0.597,0.285,0.308,0.269,0.233,0.276,0.284,4,-0.04,False,False,False,,True
faltered,2,NOT autonomy AND extracurricular,autonomy;extracurricular,01,0.775,0.498,237,57,0.5,0.211,0.233,0.192,0.1,0.276,0.257,3,-0.04,False,False,False,,True
faltered,2,NOT culture AND NOT contestation,culture;contestation,00,0.775,0.487,245,77,0.579,0.285,0.331,0.308,0.167,0.138,0.365,3,-0.04,False,False,False,,True
faltered,2,property_tax AND NOT autonomy,property_tax;autonomy,10,0.775,0.466,196,43,0.453,0.159,0.158,0.154,0.067,0.276,0.162,3,-0.04,False,False,False,,True
faltered,2,NOT property_tax AND NOT investment,property_tax;investment,00,0.774,0.52,290,81,0.544,0.3,0.346,0.244,0.367,0.172,0.284,4,-0.041,False,False,False,,True
faltered,2,NOT investment AND culture,investment;culture,01,0.774,0.514,265,65,0.533,0.241,0.226,0.231,0.233,0.345,0.297,4,-0.041,False,False,False,,True
faltered,2,autonomy AND NOT balance,autonomy;balance,10,0.774,0.492,234,67,0.568,0.248,0.195,0.333,0.3,0.207,0.162,4,-0.041,False,False,False,,True
faltered,2,single_tax AND NOT culture,single_tax;culture,10,0.774,0.449,174,44,0.478,0.163,0.203,0.141,0.167,0.034,0.23,3,-0.041,False,False,False,,True
faltered,2,property_tax AND NOT payroll_pit,property_tax;payroll_pit,10,0.774,0.441,160,39,0.411,0.144,0.158,0.128,0.1,0.172,0.203,4,-0.041,False,False,False,,True
faltered,2,NOT culture AND extracurricular,culture;extracurricular,01,0.773,0.536,290,88,0.579,0.326,0.316,0.333,0.4,0.276,0.27,4,-0.042,False,False,False,,True
faltered,2,NOT education AND extracurricular,education;extracurricular,01,0.773,0.533,301,92,0.586,0.341,0.278,0.397,0.467,0.345,0.284,4,-0.042,False,False,False,,True
faltered,2,NOT single_tax AND small,single_tax;small,01,0.773,0.459,194,61,0.513,0.226,0.286,0.192,0.1,0.172,0.243,3,-0.042,False,False,False,,True
faltered,2,NOT investment AND NOT balance,investment;balance,00,0.772,0.519,279,87,0.6,0.322,0.376,0.205,0.4,0.31,0.365,4,-0.043,False,False,False,,True
faltered,2,NOT autonomy AND NOT education,autonomy;education,00,0.772,0.488,252,69,0.5,0.256,0.226,0.295,0.2,0.345,0.257,4,-0.043,False,False,False,,True
faltered,2,NOT payroll_pit AND education,payroll_pit;education,01,0.772,0.444,174,35,0.376,0.13,0.188,0.103,0.0,0.069,0.189,3,-0.043,False,False,False,,True
faltered,2,NOT investment AND NOT social,investment;social,00,0.771,0.511,282,87,0.565,0.322,0.346,0.218,0.467,0.345,0.338,4,-0.044,False,False,False,,True
faltered,2,NOT investment AND social,investment;social,01,0.771,0.507,253,55,0.539,0.204,0.218,0.231,0.1,0.172,0.257,3,-0.044,False,False,False,,True
faltered,2,property_tax AND NOT investment,property_tax;investment,10,0.771,0.495,245,61,0.57,0.226,0.218,0.205,0.2,0.345,0.311,4,-0.044,False,False,False,,True
faltered,2,NOT culture AND balance,culture;balance,01,0.771,0.484,237,63,0.508,0.233,0.218,0.282,0.2,0.207,0.216,4,-0.044,False,False,False,,True
faltered,2,culture AND NOT balance,culture;balance,10,0.771,0.483,237,60,0.545,0.222,0.226,0.231,0.133,0.276,0.243,4,-0.044,False,False,False,,True
faltered,2,social AND NOT education,social;education,10,0.771,0.48,222,50,0.455,0.185,0.143,0.244,0.233,0.172,0.162,4,-0.044,False,False,False,,True
faltered,2,NOT property_tax AND NOT contestation,property_tax;contestation,00,0.77,0.503,280,87,0.565,0.322,0.338,0.333,0.233,0.31,0.311,4,-0.045,False,False,False,,True
faltered,2,autonomy AND NOT culture,autonomy;culture,10,0.77,0.497,237,70,0.547,0.259,0.233,0.282,0.333,0.241,0.23,4,-0.045,False,False,False,,True
faltered,2,NOT local_tax_base AND NOT education,local_tax_base;education,00,0.769,0.512,286,81,0.526,0.3,0.233,0.359,0.4,0.345,0.216,4,-0.046,False,False,False,,True
faltered,2,NOT social AND NOT small,social;small,00,0.769,0.499,263,78,0.569,0.289,0.263,0.295,0.333,0.345,0.311,4,-0.046,False,False,False,,True
faltered,2,payroll_pit AND NOT balance,payroll_pit;balance,10,0.769,0.489,250,72,0.6,0.267,0.211,0.359,0.267,0.276,0.203,4,-0.046,False,False,False,,True
faltered,2,NOT local_tax_base AND NOT culture,local_tax_base;culture,00,0.768,0.517,280,87,0.544,0.322,0.301,0.321,0.433,0.31,0.27,4,-0.047,False,False,False,,True
faltered,2,NOT investment AND contestation,investment;contestation,01,0.768,0.506,267,65,0.512,0.241,0.256,0.179,0.333,0.241,0.311,4,-0.047,False,False,False,,True
faltered,2,NOT local_tax_base AND culture,local_tax_base;culture,01,0.768,0.504,255,57,0.483,0.211,0.195,0.218,0.267,0.207,0.203,4,-0.047,False,False,False,,True
faltered,2,NOT social AND balance,social;balance,01,0.768,0.474,222,61,0.488,0.226,0.233,0.244,0.133,0.241,0.23,4,-0.047,False,False,False,,True
faltered,2,NOT education AND balance,education;balance,01,0.767,0.501,274,75,0.532,0.278,0.218,0.359,0.267,0.345,0.257,4,-0.048,False,False,False,,True
faltered,2,NOT single_tax AND NOT contestation,single_tax;contestation,00,0.767,0.496,266,86,0.558,0.319,0.316,0.372,0.233,0.276,0.324,4,-0.048,False,False,False,,True
faltered,2,single_tax AND NOT autonomy,single_tax;autonomy,10,0.767,0.472,212,47,0.461,0.174,0.211,0.09,0.1,0.31,0.216,4,-0.048,False,False,False,,True
faltered,2,NOT investment AND balance,investment;balance,01,0.766,0.499,256,55,0.495,0.204,0.188,0.244,0.167,0.207,0.23,4,-0.049,False,False,False,,True
faltered,2,NOT property_tax AND extracurricular,property_tax;extracurricular,01,0.765,0.534,302,84,0.549,0.311,0.293,0.333,0.4,0.241,0.243,4,-0.05,False,False,False,,True
faltered,2,NOT local_tax_base AND education,local_tax_base;education,01,0.765,0.5,249,63,0.508,0.233,0.263,0.179,0.3,0.172,0.257,4,-0.05,False,False,False,,True
faltered,2,NOT single_tax AND balance,single_tax;balance,01,0.765,0.496,257,69,0.504,0.256,0.173,0.385,0.233,0.31,0.162,4,-0.05,False,False,False,,True
faltered,2,NOT autonomy AND social,autonomy;social,01,0.765,0.479,222,45,0.429,0.167,0.188,0.179,0.067,0.138,0.176,3,-0.05,False,False,False,,True
faltered,2,NOT balance AND NOT small,balance;small,00,0.765,0.467,221,61,0.521,0.226,0.256,0.154,0.267,0.241,0.338,4,-0.05,False,False,False,,True
faltered,2,NOT local_tax_base AND NOT single_tax,local_tax_base;single_tax,00,0.764,0.528,301,90,0.556,0.333,0.308,0.359,0.333,0.379,0.257,4,-0.051,False,False,False,,True
faltered,2,single_tax AND NOT investment,single_tax;investment,10,0.764,0.497,259,61,0.55,0.226,0.256,0.167,0.2,0.276,0.297,4,-0.051,False,False,False,,True
faltered,2,NOT local_tax_base AND single_tax,local_tax_base;single_tax,01,0.764,0.482,234,54,0.466,0.2,0.188,0.179,0.367,0.138,0.216,4,-0.051,False,False,False,,True
faltered,2,NOT investment AND education,investment;education,01,0.762,0.513,271,67,0.545,0.248,0.286,0.179,0.2,0.31,0.297,4,-0.053,False,False,False,,True
faltered,2,NOT contestation AND NOT balance,contestation;balance,00,0.762,0.512,293,93,0.628,0.344,0.391,0.321,0.2,0.345,0.392,4,-0.053,False,False,False,,True
faltered,2,local_tax_base AND NOT single_tax,local_tax_base;single_tax,10,0.762,0.482,236,64,0.489,0.237,0.248,0.244,0.2,0.207,0.311,4,-0.053,False,False,False,,True
faltered,2,NOT autonomy AND NOT investment,autonomy;investment,00,0.761,0.53,296,78,0.494,0.289,0.346,0.231,0.133,0.345,0.351,3,-0.054,False,False,False,,True
faltered,2,education AND NOT balance,education;balance,10,0.761,0.495,272,73,0.589,0.27,0.293,0.269,0.167,0.276,0.311,4,-0.054,False,False,False,,True
faltered,2,NOT social AND NOT contestation,social;contestation,00,0.76,0.5,276,88,0.568,0.326,0.361,0.282,0.233,0.379,0.378,4,-0.055,False,False,False,,True
faltered,2,NOT autonomy AND culture,autonomy;culture,01,0.76,0.491,238,50,0.424,0.185,0.203,0.141,0.033,0.379,0.23,3,-0.055,False,False,False,,True
faltered,2,NOT social AND education,social;education,01,0.76,0.469,217,53,0.461,0.196,0.241,0.141,0.167,0.172,0.216,4,-0.055,False,False,False,,True
faltered,2,single_tax AND NOT social,single_tax;social,10,0.76,0.459,209,52,0.452,0.193,0.195,0.167,0.2,0.241,0.176,4,-0.055,False,False,False,,True
faltered,2,NOT investment AND small,investment;small,01,0.759,0.518,278,74,0.525,0.274,0.308,0.231,0.233,0.276,0.27,4,-0.056,False,False,False,,True
faltered,2,local_tax_base AND NOT education,local_tax_base;education,10,0.759,0.497,251,71,0.514,0.263,0.278,0.256,0.2,0.276,0.338,4,-0.056,False,False,False,,True
faltered,2,NOT property_tax AND balance,property_tax;balance,01,0.759,0.493,253,58,0.475,0.215,0.15,0.333,0.2,0.207,0.095,4,-0.056,False,False,False,,True
faltered,2,local_tax_base AND payroll_pit,local_tax_base;payroll_pit,11,0.759,0.48,223,50,0.538,0.185,0.195,0.192,0.133,0.172,0.149,4,-0.056,False,False,False,,True
faltered,2,payroll_pit AND NOT small,payroll_pit;small,10,0.759,0.469,225,57,0.528,0.211,0.188,0.205,0.267,0.276,0.243,4,-0.056,False,False,False,,True
faltered,2,NOT local_tax_base AND contestation,local_tax_base;contestation,01,0.758,0.52,287,73,0.507,0.27,0.278,0.244,0.333,0.241,0.311,4,-0.057,False,False,False,,True
faltered,2,NOT payroll_pit AND NOT investment,payroll_pit;investment,00,0.758,0.514,286,75,0.493,0.278,0.323,0.244,0.233,0.207,0.297,4,-0.057,False,False,False,,True
faltered,2,property_tax AND NOT balance,property_tax;balance,10,0.758,0.49,251,68,0.581,0.252,0.18,0.372,0.2,0.31,0.176,4,-0.057,False,False,False,,True
faltered,2,NOT local_tax_base AND extracurricular,local_tax_base;extracurricular,01,0.757,0.559,343,100,0.549,0.37,0.331,0.372,0.533,0.379,0.311,4,-0.058,False,False,False,,True
faltered,2,autonomy AND small,autonomy;small,11,0.757,0.493,248,62,0.521,0.23,0.211,0.256,0.3,0.172,0.149,4,-0.058,False,False,False,,True
faltered,2,NOT autonomy AND contestation,autonomy;contestation,01,0.757,0.477,241,50,0.417,0.185,0.203,0.141,0.167,0.241,0.216,4,-0.058,False,False,False,,True
faltered,2,local_tax_base AND NOT investment,local_tax_base;investment,10,0.756,0.509,276,66,0.504,0.244,0.286,0.231,0.133,0.207,0.324,4,-0.059,False,False,False,,True
faltered,2,payroll_pit AND NOT contestation,payroll_pit;contestation,10,0.756,0.492,246,63,0.558,0.233,0.18,0.282,0.267,0.31,0.149,4,-0.059,False,False,False,,True
faltered,2,NOT investment AND NOT extracurricular,investment;extracurricular,00,0.756,0.49,253,55,0.458,0.204,0.195,0.231,0.167,0.207,0.203,4,-0.059,False,False,False,,True
faltered,2,NOT autonomy AND balance,autonomy;balance,01,0.756,0.481,235,50,0.41,0.185,0.158,0.244,0.067,0.276,0.135,3,-0.059,False,False,False,,True
faltered,2,NOT property_tax AND NOT extracurricular,property_tax;extracurricular,00,0.756,0.476,235,56,0.441,0.207,0.263,0.154,0.1,0.207,0.284,3,-0.059,False,False,False,,True
faltered,2,single_tax AND NOT small,single_tax;small,10,0.756,0.449,195,39,0.433,0.144,0.173,0.103,0.133,0.138,0.216,4,-0.059,False,False,False,,True
faltered,2,NOT social AND contestation,social;contestation,01,0.755,0.495,256,67,0.472,0.248,0.248,0.231,0.3,0.241,0.23,4,-0.06,False,False,False,,True
faltered,2,autonomy AND extracurricular,autonomy;extracurricular,11,0.754,0.547,312,89,0.582,0.33,0.308,0.321,0.533,0.241,0.297,4,-0.061,False,False,False,,True
faltered,2,NOT local_tax_base AND social,local_tax_base;social,01,0.754,0.516,289,65,0.474,0.241,0.218,0.256,0.333,0.207,0.243,4,-0.061,False,False,False,,True
faltered,2,local_tax_base AND NOT culture,local_tax_base;culture,10,0.754,0.495,255,66,0.512,0.244,0.278,0.256,0.133,0.172,0.311,4,-0.061,False,False,False,,True
faltered,2,single_tax AND NOT balance,single_tax;balance,10,0.754,0.487,255,65,0.546,0.241,0.203,0.308,0.2,0.276,0.203,4,-0.061,False,False,False,,True
faltered,2,NOT autonomy AND investment,autonomy;investment,01,0.754,0.473,240,55,0.455,0.204,0.203,0.205,0.133,0.276,0.23,4,-0.061,False,False,False,,True
faltered,2,culture AND extracurricular,culture;extracurricular,11,0.753,0.516,259,58,0.504,0.215,0.226,0.179,0.233,0.241,0.284,4,-0.062,False,False,False,,True
faltered,2,NOT autonomy AND NOT culture,autonomy;culture,00,0.753,0.514,298,83,0.516,0.307,0.346,0.295,0.233,0.241,0.351,4,-0.062,False,False,False,,True
faltered,2,property_tax AND extracurricular,property_tax;extracurricular,11,0.753,0.505,247,62,0.544,0.23,0.248,0.179,0.233,0.276,0.311,4,-0.062,False,False,False,,True
faltered,2,NOT payroll_pit AND NOT contestation,payroll_pit;contestation,00,0.753,0.502,289,84,0.515,0.311,0.353,0.308,0.2,0.241,0.365,4,-0.062,False,False,False,,True
faltered,2,local_tax_base AND autonomy,local_tax_base;autonomy,11,0.753,0.493,236,50,0.45,0.185,0.195,0.218,0.167,0.069,0.189,3,-0.062,False,False,False,,True
faltered,2,NOT single_tax AND investment,single_tax;investment,01,0.753,0.491,261,73,0.493,0.27,0.248,0.321,0.167,0.345,0.27,4,-0.062,False,False,False,,True
faltered,2,NOT single_tax AND contestation,single_tax;contestation,01,0.752,0.504,271,68,0.489,0.252,0.241,0.231,0.3,0.31,0.243,4,-0.063,False,False,False,,True
faltered,2,NOT property_tax AND investment,property_tax;investment,01,0.752,0.484,247,59,0.45,0.219,0.211,0.244,0.133,0.276,0.243,4,-0.063,False,False,False,,True
faltered,2,NOT education AND NOT extracurricular,education;extracurricular,00,0.752,0.483,236,60,0.444,0.222,0.233,0.218,0.133,0.276,0.27,4,-0.063,False,False,False,,True
faltered,2,NOT contestation AND balance,contestation;balance,01,0.752,0.48,242,54,0.422,0.2,0.143,0.269,0.267,0.207,0.122,4,-0.063,False,False,False,,True
faltered,2,autonomy AND NOT education,autonomy;education,10,0.751,0.522,285,83,0.539,0.307,0.286,0.321,0.4,0.276,0.297,4,-0.064,False,False,False,,True
faltered,2,NOT autonomy AND NOT contestation,autonomy;contestation,00,0.751,0.516,295,83,0.522,0.307,0.346,0.295,0.1,0.379,0.365,3,-0.064,False,False,False,,True
faltered,2,NOT payroll_pit AND small,payroll_pit;small,01,0.751,0.464,225,57,0.432,0.211,0.271,0.167,0.1,0.172,0.257,3,-0.064,False,False,False,,True
faltered,2,NOT local_tax_base AND autonomy,local_tax_base;autonomy,01,0.75,0.534,312,87,0.565,0.322,0.256,0.346,0.567,0.31,0.23,4,-0.065,False,False,False,,True
faltered,2,social AND NOT small,social;small,10,0.75,0.499,275,54,0.425,0.2,0.18,0.218,0.233,0.207,0.23,4,-0.065,False,False,False,,True
faltered,2,NOT payroll_pit AND balance,payroll_pit;balance,01,0.75,0.479,253,54,0.406,0.2,0.15,0.308,0.167,0.172,0.149,4,-0.065,False,False,False,,True
faltered,2,NOT single_tax AND NOT extracurricular,single_tax;extracurricular,00,0.749,0.487,253,64,0.457,0.237,0.263,0.231,0.133,0.241,0.311,4,-0.066,False,False,False,,True
faltered,2,NOT social AND NOT education,social;education,00,0.748,0.53,315,102,0.56,0.378,0.368,0.372,0.367,0.448,0.392,4,-0.067,False,False,False,,True
faltered,2,social AND NOT contestation,social;contestation,10,0.748,0.495,259,59,0.488,0.219,0.173,0.308,0.233,0.172,0.135,4,-0.067,False,False,False,,True
faltered,2,investment AND extracurricular,investment;extracurricular,11,0.747,0.515,267,59,0.45,0.219,0.173,0.295,0.233,0.207,0.162,4,-0.068,False,False,False,,True
faltered,2,NOT local_tax_base AND balance,local_tax_base;balance,01,0.747,0.512,292,67,0.475,0.248,0.18,0.308,0.367,0.276,0.162,4,-0.068,False,False,False,,True
faltered,2,education AND extracurricular,education;extracurricular,11,0.747,0.509,248,54,0.491,0.2,0.263,0.115,0.167,0.172,0.27,4,-0.068,False,False,False,,True
faltered,2,contestation AND NOT balance,contestation;balance,10,0.747,0.476,242,57,0.449,0.211,0.195,0.205,0.3,0.207,0.216,4,-0.068,False,False,False,,True
faltered,2,NOT local_tax_base AND NOT property_tax,local_tax_base;property_tax,00,0.746,0.558,347,96,0.497,0.356,0.376,0.321,0.433,0.276,0.338,4,-0.069,False,False,False,,True
faltered,2,NOT single_tax AND NOT small,single_tax;small,00,0.746,0.547,343,93,0.534,0.344,0.271,0.41,0.433,0.414,0.324,4,-0.069,False,False,False,,True
faltered,2,NOT autonomy AND NOT balance,autonomy;balance,00,0.746,0.514,301,83,0.529,0.307,0.391,0.192,0.2,0.345,0.446,4,-0.069,False,False,False,,True
faltered,2,autonomy AND education,autonomy;education,11,0.746,0.502,263,54,0.486,0.2,0.165,0.244,0.333,0.103,0.122,4,-0.069,False,False,False,,True
faltered,2,NOT property_tax AND NOT balance,property_tax;balance,00,0.746,0.497,284,82,0.519,0.304,0.406,0.154,0.3,0.241,0.432,4,-0.069,False,False,False,,True
faltered,2,extracurricular AND contestation,extracurricular;contestation,11,0.745,0.545,317,82,0.554,0.304,0.316,0.269,0.333,0.31,0.338,4,-0.07,False,False,False,,True
faltered,2,NOT single_tax AND NOT balance,single_tax;balance,00,0.745,0.5,280,85,0.545,0.315,0.383,0.218,0.3,0.276,0.405,4,-0.07,False,False,False,,True
faltered,2,NOT property_tax AND contestation,property_tax;contestation,01,0.745,0.496,257,53,0.421,0.196,0.218,0.154,0.267,0.138,0.216,4,-0.07,False,False,False,,True
faltered,2,contestation AND small,contestation;small,11,0.745,0.478,250,54,0.446,0.2,0.241,0.179,0.2,0.069,0.23,3,-0.07,False,False,False,,True
faltered,2,NOT local_tax_base AND NOT small,local_tax_base;small,00,0.744,0.538,344,84,0.477,0.311,0.248,0.346,0.433,0.379,0.297,4,-0.071,False,False,False,,True
faltered,2,NOT payroll_pit AND NOT small,payroll_pit;small,00,0.744,0.519,313,75,0.481,0.278,0.256,0.308,0.3,0.276,0.297,4,-0.071,False,False,False,,True
faltered,2,single_tax AND NOT contestation,single_tax;contestation,10,0.744,0.498,269,61,0.5,0.226,0.218,0.218,0.233,0.276,0.189,4,-0.071,False,False,False,,True
faltered,2,balance AND small,balance;small,11,0.744,0.485,232,49,0.402,0.181,0.226,0.115,0.2,0.138,0.189,4,-0.071,False,False,False,,True
faltered,2,NOT culture AND NOT extracurricular,culture;extracurricular,00,0.744,0.48,245,65,0.474,0.241,0.263,0.244,0.167,0.207,0.311,4,-0.071,False,False,False,,True
faltered,2,NOT extracurricular AND balance,extracurricular;balance,01,0.744,0.46,218,42,0.356,0.156,0.188,0.115,0.1,0.172,0.176,4,-0.071,False,False,False,,True
faltered,2,NOT single_tax AND NOT social,single_tax;social,00,0.743,0.535,323,103,0.566,0.381,0.414,0.346,0.333,0.379,0.432,4,-0.072,False,False,False,,True
faltered,2,local_tax_base AND NOT contestation,local_tax_base;contestation,10,0.743,0.51,287,76,0.535,0.281,0.316,0.295,0.1,0.276,0.351,3,-0.072,False,False,False,,True
faltered,2,investment AND NOT contestation,investment;contestation,10,0.743,0.49,267,70,0.476,0.259,0.226,0.321,0.233,0.276,0.23,4,-0.072,False,False,False,,True
faltered,2,investment AND NOT social,investment;social,10,0.743,0.485,250,68,0.476,0.252,0.263,0.295,0.067,0.276,0.27,3,-0.072,False,False,False,,True
faltered,2,investment AND NOT balance,investment;balance,10,0.743,0.484,256,63,0.485,0.233,0.211,0.321,0.1,0.241,0.243,3,-0.072,False,False,False,,True
faltered,2,NOT balance AND small,balance;small,01,0.742,0.519,314,89,0.563,0.33,0.331,0.372,0.233,0.31,0.27,4,-0.073,False,False,False,,True
faltered,2,NOT culture AND contestation,culture;contestation,01,0.742,0.513,290,76,0.487,0.281,0.248,0.269,0.4,0.345,0.216,4,-0.073,False,False,False,,True
faltered,2,culture AND contestation,culture;contestation,11,0.742,0.498,259,47,0.42,0.174,0.218,0.141,0.133,0.103,0.27,4,-0.073,False,False,False,,True
faltered,2,property_tax AND NOT contestation,property_tax;contestation,10,0.742,0.493,255,60,0.492,0.222,0.195,0.256,0.233,0.241,0.203,4,-0.073,False,False,False,,True
faltered,2,NOT social AND small,social;small,01,0.742,0.49,269,77,0.481,0.285,0.346,0.218,0.2,0.276,0.297,4,-0.073,False,False,False,,True
faltered,2,NOT property_tax AND NOT social,property_tax;social,00,0.741,0.529,341,98,0.524,0.363,0.376,0.333,0.367,0.379,0.351,4,-0.074,False,False,False,,True
faltered,2,culture AND NOT contestation,culture;contestation,10,0.741,0.512,290,70,0.49,0.259,0.203,0.282,0.3,0.414,0.149,4,-0.074,False,False,False,,True
faltered,2,NOT local_tax_base AND investment,local_tax_base;investment,01,0.741,0.499,276,68,0.444,0.252,0.218,0.321,0.267,0.207,0.203,4,-0.074,False,False,False,,True
faltered,2,education AND contestation,education;contestation,11,0.741,0.489,249,45,0.421,0.167,0.218,0.115,0.133,0.103,0.216,4,-0.074,False,False,False,,True
faltered,2,social AND extracurricular,social;extracurricular,11,0.74,0.542,309,67,0.482,0.248,0.256,0.231,0.3,0.207,0.27,4,-0.075,False,False,False,,True
faltered,2,local_tax_base AND NOT balance,local_tax_base;balance,10,0.74,0.506,292,73,0.529,0.27,0.271,0.295,0.167,0.31,0.297,4,-0.075,False,False,False,,True
faltered,2,local_tax_base AND NOT social,local_tax_base;social,10,0.74,0.503,286,76,0.487,0.281,0.331,0.231,0.167,0.31,0.378,4,-0.075,False,False,False,,True
faltered,2,autonomy AND NOT extracurricular,autonomy;extracurricular,10,0.74,0.475,236,48,0.429,0.178,0.143,0.244,0.2,0.138,0.122,4,-0.075,False,False,False,,True
faltered,2,local_tax_base AND balance,local_tax_base;balance,11,0.739,0.497,257,53,0.414,0.196,0.233,0.167,0.133,0.172,0.23,4,-0.076,False,False,False,,True
faltered,2,investment AND NOT culture,investment;culture,10,0.739,0.491,265,76,0.49,0.281,0.241,0.359,0.233,0.31,0.284,4,-0.076,False,False,False,,True
faltered,2,NOT payroll_pit AND contestation,payroll_pit;contestation,01,0.739,0.484,249,48,0.384,0.178,0.173,0.167,0.2,0.207,0.189,4,-0.076,False,False,False,,True
faltered,2,NOT payroll_pit AND investment,payroll_pit;investment,01,0.739,0.474,252,57,0.419,0.211,0.203,0.231,0.167,0.241,0.257,4,-0.076,False,False,False,,True
faltered,2,extracurricular AND NOT small,extracurricular;small,10,0.738,0.566,377,98,0.533,0.363,0.301,0.41,0.467,0.414,0.351,4,-0.077,False,False,False,,True
faltered,2,NOT single_tax AND NOT culture,single_tax;culture,00,0.738,0.564,361,109,0.553,0.404,0.376,0.436,0.4,0.448,0.351,4,-0.077,False,False,False,,True
faltered,2,payroll_pit AND extracurricular,payroll_pit;extracurricular,11,0.738,0.528,290,75,0.547,0.278,0.286,0.244,0.333,0.276,0.324,4,-0.077,False,False,False,,True
faltered,2,NOT autonomy AND NOT social,autonomy;social,00,0.738,0.518,314,88,0.506,0.326,0.361,0.256,0.2,0.483,0.405,4,-0.077,False,False,False,,True
faltered,2,NOT culture AND NOT small,culture;small,00,0.737,0.544,338,92,0.523,0.341,0.301,0.372,0.4,0.379,0.365,4,-0.078,False,False,False,,True
faltered,2,autonomy AND NOT small,autonomy;small,10,0.737,0.522,300,75,0.514,0.278,0.241,0.308,0.433,0.207,0.27,4,-0.078,False,False,False,,True
faltered,2,investment AND NOT education,investment;education,10,0.737,0.497,273,77,0.484,0.285,0.233,0.346,0.233,0.414,0.257,4,-0.078,False,False,False,,True
faltered,2,NOT social AND NOT culture,social;culture,00,0.736,0.537,328,98,0.521,0.363,0.406,0.308,0.367,0.31,0.392,4,-0.079,False,False,False,,True
faltered,2,local_tax_base AND NOT autonomy,local_tax_base;autonomy,10,0.736,0.525,313,76,0.49,0.281,0.308,0.244,0.133,0.414,0.338,3,-0.079,False,False,False,,True
faltered,2,education AND NOT contestation,education;contestation,10,0.736,0.515,298,73,0.503,0.27,0.271,0.269,0.267,0.276,0.23,4,-0.079,False,False,False,,True
faltered,2,NOT autonomy AND education,autonomy;education,01,0.736,0.511,284,64,0.454,0.237,0.323,0.141,0.067,0.276,0.324,3,-0.079,False,False,False,,True
faltered,2,NOT education AND NOT balance,education;balance,00,0.736,0.489,263,77,0.51,0.285,0.293,0.256,0.333,0.276,0.297,4,-0.079,False,False,False,,True
faltered,2,autonomy AND balance,autonomy;balance,11,0.735,0.538,314,70,0.476,0.259,0.256,0.231,0.433,0.172,0.257,4,-0.08,False,False,False,,True
faltered,2,NOT contestation AND small,contestation;small,01,0.735,0.528,296,84,0.528,0.311,0.316,0.308,0.233,0.379,0.23,4,-0.08,False,False,False,,True
faltered,2,NOT single_tax AND NOT autonomy,single_tax;autonomy,00,0.735,0.523,324,86,0.486,0.319,0.338,0.346,0.167,0.31,0.365,4,-0.08,False,False,False,,True
faltered,2,single_tax AND extracurricular,single_tax;extracurricular,11,0.735,0.508,265,56,0.491,0.207,0.248,0.141,0.233,0.172,0.297,4,-0.08,False,False,False,,True
faltered,2,NOT autonomy AND small,autonomy;small,01,0.734,0.52,298,76,0.472,0.281,0.346,0.231,0.133,0.276,0.311,3,-0.081,False,False,False,,True
faltered,2,NOT social AND NOT balance,social;balance,00,0.734,0.511,310,94,0.547,0.348,0.376,0.269,0.4,0.379,0.378,4,-0.081,False,False,False,,True
faltered,2,local_tax_base AND contestation,local_tax_base;contestation,11,0.734,0.496,262,50,0.403,0.185,0.188,0.167,0.2,0.207,0.176,4,-0.081,False,False,False,,True
faltered,2,extracurricular AND balance,extracurricular;balance,11,0.733,0.548,331,78,0.517,0.289,0.226,0.359,0.4,0.276,0.216,4,-0.082,False,False,False,,True
faltered,2,NOT property_tax AND NOT autonomy,property_tax;autonomy,00,0.733,0.532,340,90,0.489,0.333,0.391,0.282,0.2,0.345,0.419,4,-0.082,False,False,False,,True
faltered,2,balance AND NOT small,balance;small,10,0.733,0.514,317,71,0.483,0.263,0.188,0.359,0.3,0.31,0.203,4,-0.082,False,False,False,,True
faltered,2,NOT culture AND NOT balance,culture;balance,00,0.733,0.504,298,90,0.545,0.333,0.361,0.295,0.367,0.276,0.365,4,-0.082,False,False,False,,True
faltered,2,NOT single_tax AND NOT education,single_tax;education,00,0.732,0.57,373,112,0.554,0.415,0.361,0.462,0.433,0.517,0.365,4,-0.083,False,False,False,,True
faltered,2,NOT property_tax AND NOT culture,property_tax;culture,00,0.732,0.556,364,99,0.505,0.367,0.391,0.359,0.4,0.241,0.351,4,-0.083,False,False,False,,True
faltered,2,NOT property_tax AND NOT small,property_tax;small,00,0.732,0.546,360,85,0.494,0.315,0.293,0.321,0.4,0.31,0.324,4,-0.083,False,False,False,,True
faltered,2,NOT extracurricular AND NOT contestation,extracurricular;contestation,00,0.732,0.505,303,83,0.529,0.307,0.308,0.346,0.167,0.345,0.297,4,-0.083,False,False,False,,True
faltered,2,local_tax_base AND social,local_tax_base;social,11,0.732,0.497,263,50,0.455,0.185,0.173,0.231,0.133,0.172,0.149,4,-0.083,False,False,False,,True
faltered,2,payroll_pit AND NOT extracurricular,payroll_pit;extracurricular,10,0.732,0.478,256,63,0.529,0.233,0.188,0.282,0.267,0.276,0.122,4,-0.083,False,False,False,,True
faltered,2,NOT extracurricular AND contestation,extracurricular;contestation,01,0.732,0.462,232,41,0.342,0.152,0.15,0.141,0.2,0.138,0.149,4,-0.083,False,False,False,,True
faltered,2,NOT property_tax AND NOT education,property_tax;education,00,0.731,0.551,360,94,0.5,0.348,0.323,0.372,0.4,0.345,0.297,4,-0.084,False,False,False,,True
faltered,2,autonomy AND contestation,autonomy;contestation,11,0.731,0.533,308,73,0.493,0.27,0.263,0.269,0.367,0.207,0.27,4,-0.084,False,False,False,,True
faltered,2,contestation AND balance,contestation;balance,11,0.731,0.523,307,66,0.468,0.244,0.271,0.205,0.233,0.241,0.27,4,-0.084,False,False,False,,True
faltered,2,payroll_pit AND contestation,payroll_pit;contestation,11,0.731,0.517,300,75,0.524,0.278,0.293,0.244,0.333,0.241,0.297,4,-0.084,False,False,False,,True
faltered,2,social AND contestation,social;contestation,11,0.731,0.516,293,56,0.444,0.207,0.218,0.179,0.233,0.207,0.257,4,-0.084,False,False,False,,True
faltered,2,NOT education AND contestation,education;contestation,01,0.731,0.512,300,78,0.484,0.289,0.248,0.295,0.4,0.345,0.27,4,-0.084,False,False,False,,True
faltered,2,property_tax AND contestation,property_tax;contestation,11,0.731,0.508,292,70,0.493,0.259,0.248,0.256,0.267,0.31,0.27,4,-0.084,False,False,False,,True
faltered,2,NOT payroll_pit AND NOT balance,payroll_pit;balance,00,0.731,0.502,285,78,0.503,0.289,0.376,0.167,0.233,0.276,0.405,4,-0.084,False,False,False,,True
faltered,2,social AND NOT extracurricular,social;extracurricular,10,0.731,0.476,243,48,0.444,0.178,0.135,0.256,0.167,0.172,0.122,4,-0.084,False,False,False,,True
faltered,2,NOT local_tax_base AND payroll_pit,local_tax_base;payroll_pit,01,0.73,0.538,323,88,0.54,0.326,0.278,0.333,0.467,0.379,0.297,4,-0.085,False,False,False,,True
faltered,2,NOT autonomy AND NOT extracurricular,autonomy;extracurricular,00,0.73,0.5,299,76,0.461,0.281,0.316,0.244,0.167,0.345,0.324,4,-0.085,False,False,False,,True
faltered,2,NOT property_tax AND NOT single_tax,property_tax;single_tax,00,0.729,0.557,364,102,0.528,0.378,0.368,0.397,0.4,0.345,0.351,4,-0.086,False,False,False,,True
faltered,2,payroll_pit AND balance,payroll_pit;balance,11,0.729,0.53,296,66,0.485,0.244,0.263,0.167,0.333,0.276,0.243,4,-0.086,False,False,False,,True
faltered,2,investment AND NOT small,investment;small,10,0.727,0.497,281,64,0.43,0.237,0.188,0.295,0.233,0.31,0.216,4,-0.088,False,False,False,,True
faltered,2,investment AND small,investment;small,11,0.727,0.49,268,64,0.46,0.237,0.248,0.256,0.2,0.172,0.189,4,-0.088,False,False,False,,True
faltered,2,autonomy AND culture,autonomy;culture,11,0.726,0.526,311,67,0.489,0.248,0.218,0.282,0.4,0.138,0.189,4,-0.089,False,False,False,,True
faltered,2,NOT extracurricular AND NOT balance,extracurricular;balance,00,0.726,0.512,317,82,0.516,0.304,0.271,0.372,0.267,0.31,0.27,4,-0.089,False,False,False,,True
faltered,2,property_tax AND balance,property_tax;balance,11,0.725,0.513,296,62,0.422,0.23,0.263,0.141,0.3,0.241,0.297,4,-0.09,False,False,False,,True
faltered,2,culture AND balance,culture;balance,11,0.724,0.529,312,57,0.393,0.211,0.195,0.192,0.3,0.241,0.176,4,-0.091,False,False,False,,True
faltered,2,contestation AND NOT small,contestation;small,10,0.724,0.521,299,69,0.469,0.256,0.226,0.231,0.333,0.379,0.257,4,-0.091,False,False,False,,True
faltered,2,local_tax_base AND culture,local_tax_base;culture,11,0.724,0.518,294,60,0.438,0.222,0.226,0.205,0.167,0.31,0.216,4,-0.091,False,False,False,,True
faltered,2,single_tax AND balance,single_tax;balance,11,0.724,0.517,292,51,0.386,0.189,0.241,0.09,0.267,0.138,0.23,3,-0.091,False,False,False,,True
faltered,2,NOT payroll_pit AND NOT social,payroll_pit;social,00,0.723,0.539,353,98,0.5,0.363,0.398,0.321,0.3,0.379,0.446,4,-0.092,False,False,False,,True
faltered,2,NOT social AND NOT extracurricular,social;extracurricular,00,0.723,0.496,292,76,0.45,0.281,0.323,0.231,0.2,0.31,0.324,4,-0.092,False,False,False,,True
faltered,2,NOT payroll_pit AND NOT extracurricular,payroll_pit;extracurricular,00,0.723,0.489,279,61,0.386,0.226,0.271,0.205,0.1,0.207,0.324,3,-0.092,False,False,False,,True
faltered,2,NOT culture AND NOT education,culture;education,00,0.722,0.571,383,109,0.517,0.404,0.376,0.423,0.433,0.448,0.392,4,-0.093,False,False,False,,True
faltered,2,NOT education AND NOT small,education;small,00,0.722,0.566,396,105,0.522,0.389,0.331,0.449,0.433,0.448,0.392,4,-0.093,False,False,False,,True
faltered,2,investment AND social,investment;social,11,0.722,0.512,299,60,0.414,0.222,0.173,0.256,0.367,0.207,0.135,4,-0.093,False,False,False,,True
faltered,2,education AND balance,education;balance,11,0.722,0.509,275,45,0.352,0.167,0.195,0.115,0.233,0.103,0.135,4,-0.093,False,False,False,,True
faltered,2,social AND small,social;small,11,0.722,0.501,277,61,0.508,0.226,0.211,0.269,0.233,0.172,0.162,4,-0.093,False,False,False,,True
faltered,2,NOT payroll_pit AND NOT culture,payroll_pit;culture,00,0.721,0.554,360,92,0.487,0.341,0.368,0.333,0.3,0.276,0.378,4,-0.094,False,False,False,,True
faltered,2,NOT payroll_pit AND NOT education,payroll_pit;education,00,0.721,0.554,364,97,0.497,0.359,0.338,0.372,0.4,0.379,0.365,4,-0.094,False,False,False,,True
faltered,2,local_tax_base AND investment,local_tax_base;investment,11,0.721,0.498,273,60,0.444,0.222,0.218,0.231,0.167,0.276,0.203,4,-0.094,False,False,False,,True
faltered,2,investment AND education,investment;education,11,0.721,0.494,276,51,0.395,0.189,0.203,0.205,0.2,0.069,0.149,3,-0.094,False,False,False,,True
faltered,2,autonomy AND social,autonomy;social,11,0.72,0.539,330,70,0.493,0.259,0.203,0.308,0.4,0.241,0.216,4,-0.095,False,False,False,,True
faltered,2,investment AND culture,investment;culture,11,0.72,0.504,284,52,0.391,0.193,0.195,0.192,0.2,0.172,0.122,4,-0.095,False,False,False,,True
faltered,2,payroll_pit AND small,payroll_pit;small,11,0.719,0.529,321,81,0.547,0.3,0.286,0.321,0.333,0.276,0.203,4,-0.096,False,False,False,,True
faltered,2,NOT property_tax AND NOT payroll_pit,property_tax;payroll_pit,00,0.718,0.553,378,93,0.482,0.344,0.368,0.346,0.3,0.276,0.351,4,-0.097,False,False,False,,True
faltered,2,investment AND balance,investment;balance,11,0.718,0.514,293,65,0.411,0.241,0.226,0.231,0.333,0.241,0.162,4,-0.097,False,False,False,,True
faltered,2,local_tax_base AND education,local_tax_base;education,11,0.718,0.508,298,55,0.43,0.204,0.226,0.205,0.1,0.207,0.189,3,-0.097,False,False,False,,True
faltered,2,investment AND contestation,investment;contestation,11,0.718,0.506,282,58,0.411,0.215,0.211,0.231,0.2,0.207,0.176,4,-0.097,False,False,False,,True
faltered,2,single_tax AND contestation,single_tax;contestation,11,0.717,0.494,278,55,0.426,0.204,0.226,0.179,0.233,0.138,0.243,4,-0.098,False,False,False,,True
faltered,2,investment AND NOT extracurricular,investment;extracurricular,10,0.717,0.485,282,69,0.439,0.256,0.263,0.256,0.2,0.276,0.243,4,-0.098,False,False,False,,True
faltered,2,NOT single_tax AND NOT payroll_pit,single_tax;payroll_pit,00,0.716,0.574,401,107,0.498,0.396,0.421,0.41,0.333,0.31,0.446,4,-0.099,False,False,False,,True
faltered,2,social AND balance,social;balance,11,0.716,0.533,327,59,0.41,0.219,0.18,0.231,0.367,0.207,0.162,4,-0.099,False,False,False,,True
faltered,2,culture AND NOT extracurricular,culture;extracurricular,10,0.716,0.497,290,59,0.421,0.219,0.195,0.244,0.2,0.276,0.135,4,-0.099,False,False,False,,True
faltered,2,local_tax_base AND NOT payroll_pit,local_tax_base;payroll_pit,10,0.715,0.528,326,76,0.439,0.281,0.308,0.269,0.167,0.31,0.378,4,-0.1,False,False,False,,True
faltered,2,property_tax AND autonomy,property_tax;autonomy,11,0.714,0.547,351,87,0.515,0.322,0.286,0.359,0.433,0.276,0.311,4,-0.101,False,False,False,,True
faltered,2,NOT payroll_pit AND NOT autonomy,payroll_pit;autonomy,00,0.712,0.554,389,95,0.459,0.352,0.383,0.346,0.2,0.379,0.432,4,-0.103,False,False,False,,True
faltered,2,local_tax_base AND single_tax,local_tax_base;single_tax,11,0.712,0.521,313,62,0.459,0.23,0.256,0.218,0.1,0.276,0.216,3,-0.103,False,False,False,,True
faltered,2,payroll_pit AND investment,payroll_pit;investment,11,0.711,0.511,297,71,0.467,0.263,0.233,0.321,0.267,0.241,0.149,4,-0.104,False,False,False,,True
faltered,2,property_tax AND investment,property_tax;investment,11,0.711,0.507,302,69,0.439,0.256,0.226,0.308,0.3,0.207,0.162,4,-0.104,False,False,False,,True
faltered,2,single_tax AND NOT extracurricular,single_tax;extracurricular,10,0.711,0.483,282,60,0.438,0.222,0.195,0.256,0.233,0.241,0.135,4,-0.104,False,False,False,,True
faltered,2,single_tax AND autonomy,single_tax;autonomy,11,0.71,0.534,335,69,0.463,0.256,0.233,0.308,0.367,0.103,0.216,3,-0.105,False,False,False,,True
faltered,2,autonomy AND investment,autonomy;investment,11,0.71,0.524,309,73,0.437,0.27,0.233,0.346,0.3,0.207,0.176,4,-0.105,False,False,False,,True
faltered,2,education AND NOT extracurricular,education;extracurricular,10,0.709,0.488,299,64,0.451,0.237,0.226,0.269,0.233,0.207,0.176,4,-0.106,False,False,False,,True
faltered,2,social AND education,social;education,11,0.706,0.531,330,65,0.474,0.241,0.248,0.244,0.233,0.207,0.23,4,-0.109,False,False,False,,True
faltered,2,property_tax AND NOT extracurricular,property_tax;extracurricular,10,0.705,0.492,300,68,0.453,0.252,0.195,0.333,0.267,0.276,0.162,4,-0.11,False,False,False,,True
faltered,2,single_tax AND investment,single_tax;investment,11,0.704,0.499,288,55,0.393,0.204,0.188,0.231,0.267,0.138,0.135,4,-0.111,False,False,False,,True
faltered,2,payroll_pit AND autonomy,payroll_pit;autonomy,11,0.703,0.575,399,100,0.543,0.37,0.308,0.436,0.533,0.31,0.297,4,-0.112,False,False,False,,True
faltered,2,single_tax AND small,single_tax;small,11,0.701,0.542,352,77,0.478,0.285,0.271,0.295,0.333,0.276,0.216,4,-0.114,False,False,False,,True
faltered,2,payroll_pit AND social,payroll_pit;social,11,0.7,0.552,367,81,0.523,0.3,0.263,0.333,0.367,0.31,0.284,4,-0.115,False,False,False,,True
faltered,2,local_tax_base AND small,local_tax_base;small,11,0.7,0.536,355,78,0.438,0.289,0.308,0.295,0.167,0.31,0.284,4,-0.115,False,False,False,,True
faltered,2,payroll_pit AND education,payroll_pit;education,11,0.698,0.564,373,83,0.522,0.307,0.301,0.282,0.4,0.31,0.257,4,-0.117,False,False,False,,True
faltered,2,culture AND small,culture;small,11,0.698,0.545,349,77,0.461,0.285,0.278,0.282,0.267,0.345,0.243,4,-0.117,False,False,False,,True
faltered,2,single_tax AND social,single_tax;social,11,0.698,0.535,338,64,0.471,0.237,0.248,0.231,0.267,0.172,0.257,4,-0.117,False,False,False,,True
faltered,2,property_tax AND social,property_tax;social,11,0.698,0.531,356,73,0.474,0.27,0.211,0.333,0.333,0.31,0.216,4,-0.117,False,False,False,,True
faltered,2,property_tax AND payroll_pit,property_tax;payroll_pit,11,0.696,0.563,387,91,0.538,0.337,0.286,0.385,0.4,0.379,0.27,4,-0.119,False,False,False,,True
faltered,2,property_tax AND small,property_tax;small,11,0.695,0.547,369,83,0.483,0.307,0.293,0.321,0.333,0.31,0.257,4,-0.12,False,False,False,,True
faltered,2,social AND culture,social;culture,11,0.695,0.539,345,60,0.411,0.222,0.218,0.218,0.267,0.207,0.203,4,-0.12,False,False,False,,True
faltered,2,local_tax_base AND NOT extracurricular,local_tax_base;extracurricular,10,0.695,0.514,343,80,0.442,0.296,0.293,0.321,0.2,0.345,0.284,4,-0.12,False,False,False,,True
faltered,2,payroll_pit AND culture,payroll_pit;culture,11,0.694,0.56,371,77,0.494,0.285,0.263,0.282,0.333,0.345,0.243,4,-0.121,False,False,False,,True
faltered,2,local_tax_base AND property_tax,local_tax_base;property_tax,11,0.694,0.548,359,82,0.458,0.304,0.323,0.295,0.233,0.31,0.338,4,-0.121,False,False,False,,True
faltered,2,property_tax AND education,property_tax;education,11,0.692,0.549,370,72,0.45,0.267,0.256,0.269,0.3,0.276,0.216,4,-0.123,False,False,False,,True
faltered,2,education AND small,education;small,11,0.69,0.569,405,91,0.481,0.337,0.376,0.321,0.267,0.276,0.297,4,-0.125,False,False,False,,True
faltered,2,single_tax AND culture,single_tax;culture,11,0.687,0.554,373,72,0.453,0.267,0.241,0.256,0.3,0.379,0.203,4,-0.128,False,False,False,,True
faltered,2,NOT extracurricular AND small,extracurricular;small,01,0.687,0.527,374,90,0.457,0.333,0.316,0.385,0.267,0.345,0.257,4,-0.128,False,False,False,,True
faltered,2,single_tax AND education,single_tax;education,11,0.685,0.56,383,76,0.472,0.281,0.293,0.244,0.3,0.31,0.243,4,-0.13,False,False,False,,True
faltered,2,property_tax AND single_tax,property_tax;single_tax,11,0.683,0.549,374,78,0.476,0.289,0.256,0.308,0.367,0.31,0.257,4,-0.132,False,False,False,,True
faltered,2,property_tax AND culture,property_tax;culture,11,0.683,0.547,376,76,0.444,0.281,0.256,0.295,0.333,0.31,0.243,4,-0.132,False,False,False,,True
faltered,2,single_tax AND payroll_pit,single_tax;payroll_pit,11,0.682,0.573,410,91,0.511,0.337,0.338,0.333,0.4,0.276,0.324,4,-0.133,False,False,False,,True
faltered,2,culture AND education,culture;education,11,0.682,0.567,395,74,0.425,0.274,0.286,0.231,0.267,0.345,0.257,4,-0.133,False,False,False,,True
faltered,3,NOT local_tax_base AND property_tax AND NOT payroll_pit,local_tax_base;property_tax;payroll_pit,010,0.875,0.333,9,4,1.0,0.015,0.008,0.026,0.0,0.034,0.014,3,0.003,False,False,False,,True
faltered,3,NOT local_tax_base AND property_tax AND NOT social,local_tax_base;property_tax;social,010,0.869,0.358,38,14,0.737,0.052,0.03,0.064,0.067,0.103,0.041,4,-0.003,False,False,False,,True
faltered,3,NOT local_tax_base AND property_tax AND NOT autonomy,local_tax_base;property_tax;autonomy,010,0.867,0.35,29,7,0.538,0.026,0.015,0.051,0.0,0.034,0.014,3,-0.005,False,False,False,,True
faltered,3,NOT local_tax_base AND NOT education AND small,local_tax_base;education;small,001,0.866,0.349,38,15,0.652,0.056,0.053,0.064,0.067,0.034,0.014,4,-0.006,False,False,False,,True
faltered,3,payroll_pit AND NOT autonomy AND NOT education,payroll_pit;autonomy;education,100,0.864,0.336,12,5,0.625,0.019,0.015,0.026,0.0,0.034,0.0,3,-0.008,False,False,False,,True
faltered,3,payroll_pit AND NOT investment AND NOT culture,payroll_pit;investment;culture,100,0.863,0.377,77,27,0.73,0.1,0.113,0.064,0.167,0.069,0.135,4,-0.009,False,False,False,,True
faltered,3,NOT education AND extracurricular AND small,education;extracurricular;small,011,0.862,0.36,33,16,0.8,0.059,0.075,0.038,0.1,0.0,0.068,3,-0.01,False,False,False,,True
faltered,3,local_tax_base AND NOT property_tax AND payroll_pit,local_tax_base;property_tax;payroll_pit,101,0.861,0.338,15,3,0.6,0.011,0.023,0.0,0.0,0.0,0.0,1,-0.011,False,False,False,,False
faltered,3,NOT local_tax_base AND property_tax AND NOT investment,local_tax_base;property_tax;investment,010,0.858,0.381,70,18,0.75,0.067,0.038,0.064,0.1,0.172,0.068,4,-0.014,False,False,False,,True
faltered,3,NOT property_tax AND autonomy AND education,property_tax;autonomy;education,011,0.858,0.361,47,12,0.571,0.044,0.038,0.064,0.067,0.0,0.014,3,-0.014,False,False,False,,True
faltered,3,local_tax_base AND payroll_pit AND NOT culture,local_tax_base;payroll_pit;culture,110,0.858,0.356,44,17,0.68,0.063,0.075,0.077,0.0,0.034,0.041,3,-0.014,False,False,False,,True
faltered,3,NOT local_tax_base AND single_tax AND NOT payroll_pit,local_tax_base;single_tax;payroll_pit,010,0.858,0.338,20,3,0.214,0.011,0.008,0.0,0.067,0.0,0.014,2,-0.014,False,False,False,,False
faltered,3,NOT local_tax_base AND NOT payroll_pit AND autonomy,local_tax_base;payroll_pit;autonomy,001,0.857,0.368,60,16,0.516,0.059,0.045,0.064,0.133,0.034,0.014,4,-0.015,False,False,False,,True
faltered,3,payroll_pit AND NOT autonomy AND NOT culture,payroll_pit;autonomy;culture,100,0.857,0.351,32,12,0.667,0.044,0.06,0.026,0.033,0.034,0.041,4,-0.015,False,False,False,,True
faltered,3,autonomy AND NOT investment AND NOT culture,autonomy;investment;culture,100,0.856,0.399,101,28,0.667,0.104,0.113,0.051,0.2,0.103,0.122,3,-0.016,False,False,False,,True
faltered,3,NOT single_tax AND autonomy AND education,single_tax;autonomy;education,011,0.855,0.36,55,15,0.517,0.056,0.045,0.077,0.1,0.0,0.054,3,-0.017,False,False,False,,True
faltered,3,NOT property_tax AND autonomy AND small,property_tax;autonomy;small,011,0.855,0.349,39,10,0.476,0.037,0.045,0.038,0.0,0.034,0.014,3,-0.017,False,False,False,,True
faltered,3,local_tax_base AND NOT single_tax AND payroll_pit,local_tax_base;single_tax;payroll_pit,101,0.855,0.344,27,10,0.588,0.037,0.038,0.038,0.033,0.034,0.027,4,-0.017,False,False,False,,True
faltered,3,payroll_pit AND NOT investment AND NOT education,payroll_pit;investment;education,100,0.854,0.368,70,20,0.667,0.074,0.075,0.051,0.133,0.069,0.122,4,-0.018,False,False,False,,True
faltered,3,NOT local_tax_base AND property_tax AND NOT culture,local_tax_base;property_tax;culture,010,0.854,0.364,56,20,0.667,0.074,0.053,0.077,0.1,0.138,0.081,4,-0.018,False,False,False,,True
faltered,3,NOT local_tax_base AND NOT payroll_pit AND small,local_tax_base;payroll_pit;small,001,0.854,0.346,48,18,0.621,0.067,0.105,0.038,0.033,0.0,0.068,2,-0.018,False,False,False,,False
faltered,3,NOT property_tax AND autonomy AND NOT investment,property_tax;autonomy;investment,010,0.853,0.393,98,26,0.619,0.096,0.09,0.064,0.267,0.034,0.054,3,-0.019,False,False,False,,True
faltered,3,NOT local_tax_base AND culture AND NOT education,local_tax_base;culture;education,010,0.853,0.382,80,21,0.568,0.078,0.06,0.115,0.1,0.034,0.068,3,-0.019,False,False,False,,True
faltered,3,NOT local_tax_base AND property_tax AND NOT single_tax,local_tax_base;property_tax;single_tax,010,0.853,0.365,56,15,0.625,0.056,0.03,0.09,0.0,0.138,0.041,3,-0.019,False,False,False,,True
faltered,3,NOT local_tax_base AND NOT culture AND small,local_tax_base;culture;small,001,0.853,0.363,67,31,0.705,0.115,0.15,0.077,0.133,0.034,0.108,3,-0.019,False,False,False,,True
faltered,3,NOT local_tax_base AND NOT payroll_pit AND culture,local_tax_base;payroll_pit;culture,001,0.852,0.365,63,13,0.433,0.048,0.053,0.051,0.067,0.0,0.068,3,-0.02,False,False,False,,True
faltered,3,autonomy AND NOT culture AND education,autonomy;culture;education,101,0.852,0.363,53,17,0.586,0.063,0.053,0.09,0.1,0.0,0.041,3,-0.02,False,False,False,,True
faltered,3,property_tax AND NOT autonomy AND NOT small,property_tax;autonomy;small,100,0.852,0.343,36,12,0.571,0.044,0.03,0.051,0.033,0.103,0.041,4,-0.02,False,False,False,,True
faltered,3,autonomy AND NOT investment AND NOT social,autonomy;investment;social,100,0.851,0.392,101,35,0.686,0.13,0.12,0.077,0.333,0.103,0.095,4,-0.021,False,False,False,,True
faltered,3,property_tax AND NOT investment AND NOT culture,property_tax;investment;culture,100,0.851,0.375,73,23,0.697,0.085,0.105,0.051,0.067,0.103,0.149,4,-0.021,False,False,False,,True
faltered,3,NOT local_tax_base AND property_tax AND NOT education,local_tax_base;property_tax;education,010,0.851,0.363,63,19,0.633,0.07,0.023,0.128,0.067,0.138,0.041,3,-0.021,False,False,False,,True
faltered,3,NOT payroll_pit AND autonomy AND education,payroll_pit;autonomy;education,011,0.851,0.341,25,4,0.25,0.015,0.015,0.026,0.0,0.0,0.014,2,-0.021,False,False,False,,False
faltered,3,NOT local_tax_base AND NOT payroll_pit AND education,local_tax_base;payroll_pit;education,001,0.85,0.355,56,14,0.467,0.052,0.083,0.038,0.0,0.0,0.081,2,-0.022,False,False,False,,False
faltered,3,payroll_pit AND NOT autonomy AND NOT small,payroll_pit;autonomy;small,100,0.85,0.338,28,7,0.538,0.026,0.015,0.013,0.0,0.138,0.014,3,-0.022,False,False,False,,True
faltered,3,NOT local_tax_base AND autonomy AND NOT investment,local_tax_base;autonomy;investment,010,0.849,0.421,137,40,0.727,0.148,0.12,0.103,0.367,0.172,0.122,4,-0.023,False,False,False,,True
faltered,3,NOT single_tax AND autonomy AND NOT investment,single_tax;autonomy;investment,010,0.849,0.394,97,29,0.644,0.107,0.09,0.077,0.267,0.103,0.081,4,-0.023,False,False,False,,True
faltered,3,NOT payroll_pit AND autonomy AND NOT investment,payroll_pit;autonomy;investment,010,0.849,0.379,72,19,0.528,0.07,0.075,0.051,0.133,0.034,0.054,3,-0.023,False,False,False,,True
faltered,3,NOT property_tax AND autonomy AND culture,property_tax;autonomy;culture,011,0.849,0.378,66,16,0.533,0.059,0.06,0.064,0.1,0.0,0.027,3,-0.023,False,False,False,,True
faltered,3,NOT investment AND NOT balance AND NOT small,investment;balance;small,000,0.849,0.378,89,33,0.673,0.122,0.158,0.038,0.233,0.069,0.189,3,-0.023,False,False,False,,True
faltered,3,NOT single_tax AND payroll_pit AND NOT investment,single_tax;payroll_pit;investment,010,0.849,0.37,62,21,0.677,0.078,0.053,0.077,0.167,0.103,0.068,4,-0.023,False,False,False,,True
faltered,3,NOT local_tax_base AND NOT investment AND NOT culture,local_tax_base;investment;culture,000,0.848,0.425,136,44,0.62,0.163,0.173,0.115,0.233,0.172,0.122,4,-0.024,False,False,False,,True
faltered,3,NOT local_tax_base AND NOT investment AND NOT contestation,local_tax_base;investment;contestation,000,0.848,0.412,127,40,0.645,0.148,0.135,0.141,0.233,0.138,0.081,4,-0.024,False,False,False,,True
faltered,3,autonomy AND NOT investment AND NOT balance,autonomy;investment;balance,100,0.848,0.397,110,37,0.712,0.137,0.12,0.128,0.267,0.103,0.108,4,-0.024,False,False,False,,True
faltered,3,NOT investment AND social AND NOT culture,investment;social;culture,010,0.848,0.394,90,23,0.657,0.085,0.09,0.115,0.033,0.034,0.095,2,-0.024,False,False,False,,False
faltered,3,NOT local_tax_base AND extracurricular AND small,local_tax_base;extracurricular;small,011,0.848,0.383,72,26,0.619,0.096,0.128,0.051,0.1,0.069,0.081,4,-0.024,False,False,False,,True
faltered,3,NOT local_tax_base AND NOT culture AND education,local_tax_base;culture;education,001,0.848,0.378,74,27,0.628,0.1,0.128,0.077,0.133,0.0,0.122,3,-0.024,False,False,False,,True
faltered,3,NOT single_tax AND extracurricular AND small,single_tax;extracurricular;small,011,0.848,0.369,55,24,0.686,0.089,0.135,0.051,0.067,0.0,0.095,3,-0.024,False,False,False,,True
faltered,3,NOT local_tax_base AND property_tax AND NOT balance,local_tax_base;property_tax;balance,010,0.848,0.365,66,18,0.667,0.067,0.023,0.128,0.1,0.069,0.027,3,-0.024,False,False,False,,True
faltered,3,local_tax_base AND NOT property_tax AND autonomy,local_tax_base;property_tax;autonomy,101,0.848,0.359,44,4,0.286,0.015,0.015,0.026,0.0,0.0,0.0,2,-0.024,False,False,False,,False
faltered,3,local_tax_base AND payroll_pit AND NOT education,local_tax_base;payroll_pit;education,110,0.848,0.357,43,16,0.571,0.059,0.075,0.051,0.033,0.034,0.068,4,-0.024,False,False,False,,True
faltered,3,education AND NOT balance AND NOT small,education;balance;small,100,0.848,0.341,47,14,0.609,0.052,0.083,0.0,0.033,0.069,0.122,3,-0.024,False,False,False,,True
faltered,3,NOT investment AND extracurricular AND small,investment;extracurricular;small,011,0.847,0.398,88,30,0.667,0.111,0.165,0.038,0.1,0.069,0.122,3,-0.025,False,False,False,,True
faltered,3,NOT local_tax_base AND NOT investment AND small,local_tax_base;investment;small,001,0.847,0.395,98,30,0.6,0.111,0.128,0.077,0.167,0.069,0.081,4,-0.025,False,False,False,,True
faltered,3,NOT local_tax_base AND NOT social AND culture,local_tax_base;social;culture,001,0.847,0.382,94,25,0.556,0.093,0.083,0.09,0.133,0.103,0.081,4,-0.025,False,False,False,,True
faltered,3,NOT property_tax AND payroll_pit AND NOT investment,property_tax;payroll_pit;investment,010,0.847,0.379,82,26,0.619,0.096,0.098,0.064,0.2,0.069,0.108,4,-0.025,False,False,False,,True
faltered,3,payroll_pit AND NOT investment AND NOT social,payroll_pit;investment;social,100,0.847,0.375,83,27,0.614,0.1,0.075,0.064,0.233,0.172,0.068,4,-0.025,False,False,False,,True
faltered,3,NOT culture AND extracurricular AND small,culture;extracurricular;small,011,0.847,0.371,62,24,0.706,0.089,0.135,0.051,0.067,0.0,0.068,3,-0.025,False,False,False,,True
faltered,3,NOT autonomy AND culture AND NOT education,autonomy;culture;education,010,0.847,0.366,53,13,0.5,0.048,0.03,0.064,0.0,0.138,0.054,3,-0.025,False,False,False,,True
faltered,3,NOT local_tax_base AND NOT investment AND NOT balance,local_tax_base;investment;balance,000,0.846,0.407,123,45,0.634,0.167,0.211,0.051,0.3,0.138,0.176,3,-0.026,False,False,False,,True
faltered,3,NOT local_tax_base AND property_tax AND NOT contestation,local_tax_base;property_tax;contestation,010,0.846,0.377,68,15,0.556,0.056,0.015,0.077,0.133,0.103,0.014,3,-0.026,False,False,False,,True
faltered,3,property_tax AND NOT payroll_pit AND extracurricular,property_tax;payroll_pit;extracurricular,101,0.846,0.372,60,21,0.618,0.078,0.075,0.064,0.067,0.138,0.108,4,-0.026,False,False,False,,True
faltered,3,NOT single_tax AND autonomy AND small,single_tax;autonomy;small,011,0.846,0.356,59,21,0.6,0.078,0.105,0.051,0.033,0.069,0.095,3,-0.026,False,False,False,,True
faltered,3,payroll_pit AND NOT education AND small,payroll_pit;education;small,101,0.846,0.348,41,17,0.607,0.063,0.053,0.077,0.067,0.069,0.027,4,-0.026,False,False,False,,True
faltered,3,autonomy AND NOT investment AND NOT contestation,autonomy;investment;contestation,100,0.845,0.394,114,33,0.717,0.122,0.098,0.154,0.2,0.069,0.095,4,-0.027,False,False,False,,True
faltered,3,property_tax AND NOT social AND extracurricular,property_tax;social;extracurricular,101,0.845,0.378,65,27,0.692,0.1,0.12,0.064,0.067,0.138,0.149,4,-0.027,False,False,False,,True
faltered,3,payroll_pit AND NOT investment AND NOT small,payroll_pit;investment;small,100,0.845,0.376,97,28,0.8,0.104,0.105,0.064,0.167,0.138,0.176,4,-0.027,False,False,False,,True
faltered,3,local_tax_base AND NOT property_tax AND culture,local_tax_base;property_tax;culture,101,0.845,0.371,50,12,0.571,0.044,0.038,0.051,0.0,0.103,0.027,3,-0.027,False,False,False,,True
faltered,3,NOT local_tax_base AND single_tax AND NOT social,local_tax_base;single_tax;social,010,0.845,0.367,75,22,0.489,0.081,0.06,0.09,0.167,0.069,0.054,4,-0.027,False,False,False,,True
faltered,3,payroll_pit AND NOT culture AND small,payroll_pit;culture;small,101,0.845,0.36,68,28,0.7,0.104,0.113,0.115,0.1,0.034,0.095,3,-0.027,False,False,False,,True
faltered,3,property_tax AND NOT autonomy AND NOT education,property_tax;autonomy;education,100,0.845,0.35,42,13,0.52,0.048,0.03,0.064,0.033,0.103,0.054,4,-0.027,False,False,False,,True
faltered,3,NOT local_tax_base AND NOT investment AND NOT social,local_tax_base;investment;social,000,0.844,0.41,129,44,0.611,0.163,0.158,0.09,0.333,0.207,0.108,4,-0.028,False,False,False,,True
faltered,3,NOT local_tax_base AND NOT payroll_pit AND NOT investment,local_tax_base;payroll_pit;investment,000,0.844,0.406,119,36,0.562,0.133,0.158,0.103,0.133,0.103,0.095,4,-0.028,False,False,False,,True
faltered,3,NOT payroll_pit AND autonomy AND extracurricular,payroll_pit;autonomy;extracurricular,011,0.844,0.398,82,26,0.605,0.096,0.083,0.09,0.2,0.069,0.054,4,-0.028,False,False,False,,True
faltered,3,NOT local_tax_base AND single_tax AND NOT investment,local_tax_base;single_tax;investment,010,0.844,0.395,100,23,0.548,0.085,0.09,0.038,0.167,0.103,0.135,3,-0.028,False,False,False,,True
faltered,3,autonomy AND extracurricular AND NOT balance,autonomy;extracurricular;balance,110,0.844,0.394,94,35,0.648,0.13,0.12,0.115,0.2,0.138,0.122,4,-0.028,False,False,False,,True
faltered,3,NOT single_tax AND payroll_pit AND NOT culture,single_tax;payroll_pit;culture,010,0.844,0.384,72,28,0.651,0.104,0.068,0.128,0.133,0.172,0.054,4,-0.028,False,False,False,,True
faltered,3,NOT investment AND culture AND NOT education,investment;culture;education,010,0.844,0.38,75,22,0.595,0.081,0.068,0.103,0.133,0.034,0.095,3,-0.028,False,False,False,,True
faltered,3,NOT single_tax AND autonomy AND NOT contestation,single_tax;autonomy;contestation,010,0.844,0.379,86,33,0.647,0.122,0.105,0.154,0.167,0.069,0.095,4,-0.028,False,False,False,,True
faltered,3,NOT single_tax AND education AND NOT small,single_tax;education;small,010,0.844,0.376,58,15,0.536,0.056,0.053,0.051,0.1,0.034,0.081,4,-0.028,False,False,False,,True
faltered,3,NOT local_tax_base AND NOT payroll_pit AND social,local_tax_base;payroll_pit;social,001,0.844,0.371,72,14,0.359,0.052,0.045,0.077,0.067,0.0,0.041,3,-0.028,False,False,False,,True
faltered,3,payroll_pit AND NOT culture AND NOT contestation,payroll_pit;culture;contestation,100,0.844,0.358,60,19,0.594,0.07,0.06,0.103,0.067,0.034,0.068,3,-0.028,False,False,False,,True
faltered,3,NOT local_tax_base AND NOT investment AND NOT education,local_tax_base;investment;education,000,0.843,0.419,140,41,0.612,0.152,0.135,0.141,0.233,0.172,0.122,4,-0.029,False,False,False,,True
faltered,3,NOT property_tax AND NOT investment AND culture,property_tax;investment;culture,001,0.843,0.393,93,27,0.562,0.1,0.113,0.077,0.1,0.103,0.135,4,-0.029,False,False,False,,True
faltered,3,payroll_pit AND NOT culture AND education,payroll_pit;culture;education,101,0.843,0.383,70,25,0.676,0.093,0.098,0.09,0.133,0.034,0.081,3,-0.029,False,False,False,,True
faltered,3,NOT local_tax_base AND NOT social AND small,local_tax_base;social;small,001,0.843,0.371,84,34,0.607,0.126,0.158,0.09,0.133,0.069,0.095,4,-0.029,False,False,False,,True
faltered,3,NOT investment AND education AND NOT small,investment;education;small,010,0.843,0.37,66,16,0.615,0.059,0.075,0.026,0.067,0.069,0.108,3,-0.029,False,False,False,,True
faltered,3,NOT single_tax AND payroll_pit AND NOT social,single_tax;payroll_pit;social,010,0.843,0.366,53,21,0.618,0.078,0.075,0.064,0.1,0.103,0.068,4,-0.029,False,False,False,,True
faltered,3,NOT investment AND NOT extracurricular AND NOT small,investment;extracurricular;small,000,0.843,0.366,63,11,0.458,0.041,0.053,0.038,0.033,0.0,0.054,3,-0.029,False,False,False,,True
faltered,3,property_tax AND NOT investment AND NOT small,property_tax;investment;small,100,0.843,0.363,72,20,0.69,0.074,0.083,0.051,0.067,0.103,0.149,4,-0.029,False,False,False,,True
faltered,3,autonomy AND NOT culture AND small,autonomy;culture;small,101,0.843,0.361,72,24,0.558,0.089,0.098,0.103,0.067,0.034,0.081,3,-0.029,False,False,False,,True
faltered,3,payroll_pit AND NOT education AND NOT contestation,payroll_pit;education;contestation,100,0.843,0.36,58,18,0.562,0.067,0.053,0.103,0.0,0.103,0.041,3,-0.029,False,False,False,,True
faltered,3,NOT single_tax AND payroll_pit AND NOT autonomy,single_tax;payroll_pit;autonomy,010,0.843,0.351,30,10,0.5,0.037,0.038,0.038,0.0,0.069,0.027,3,-0.029,False,False,False,,True
faltered,3,NOT investment AND extracurricular AND NOT balance,investment;extracurricular;balance,010,0.842,0.409,118,48,0.676,0.178,0.256,0.038,0.233,0.138,0.243,3,-0.03,False,False,False,,True
faltered,3,NOT single_tax AND payroll_pit AND extracurricular,single_tax;payroll_pit;extracurricular,011,0.842,0.395,82,32,0.615,0.119,0.09,0.128,0.167,0.172,0.095,4,-0.03,False,False,False,,True
faltered,3,property_tax AND NOT single_tax AND extracurricular,property_tax;single_tax;extracurricular,101,0.842,0.385,80,29,0.63,0.107,0.105,0.103,0.067,0.172,0.135,4,-0.03,False,False,False,,True
faltered,3,autonomy AND education AND NOT balance,autonomy;education;balance,110,0.842,0.381,98,27,0.692,0.1,0.075,0.154,0.1,0.069,0.054,4,-0.03,False,False,False,,True
faltered,3,NOT property_tax AND autonomy AND NOT contestation,property_tax;autonomy;contestation,010,0.842,0.379,94,26,0.553,0.096,0.075,0.128,0.167,0.034,0.027,3,-0.03,False,False,False,,True
faltered,3,NOT payroll_pit AND extracurricular AND small,payroll_pit;extracurricular;small,011,0.842,0.37,62,23,0.697,0.085,0.128,0.038,0.067,0.034,0.108,2,-0.03,False,False,False,,False
faltered,3,NOT property_tax AND extracurricular AND small,property_tax;extracurricular;small,011,0.842,0.369,57,21,0.6,0.078,0.113,0.064,0.033,0.0,0.068,2,-0.03,False,False,False,,False
faltered,3,property_tax AND NOT social AND NOT small,property_tax;social;small,100,0.842,0.36,48,22,0.667,0.081,0.075,0.09,0.067,0.103,0.095,4,-0.03,False,False,False,,True
faltered,3,NOT social AND education AND NOT small,social;education;small,010,0.842,0.357,45,12,0.48,0.044,0.053,0.026,0.067,0.034,0.068,4,-0.03,False,False,False,,True
faltered,3,local_tax_base AND payroll_pit AND NOT small,local_tax_base;payroll_pit;small,110,0.842,0.351,45,11,0.611,0.041,0.053,0.026,0.033,0.034,0.054,4,-0.03,False,False,False,,True
faltered,3,NOT local_tax_base AND NOT investment AND culture,local_tax_base;investment;culture,001,0.841,0.417,123,32,0.593,0.119,0.105,0.103,0.2,0.138,0.149,4,-0.031,False,False,False,,True
faltered,3,payroll_pit AND NOT autonomy AND NOT investment,payroll_pit;autonomy;investment,100,0.841,0.389,82,22,0.524,0.081,0.098,0.038,0.033,0.172,0.108,2,-0.031,False,False,False,,False
faltered,3,NOT single_tax AND education AND extracurricular,single_tax;education;extracurricular,011,0.841,0.386,76,23,0.535,0.085,0.12,0.051,0.067,0.034,0.122,3,-0.031,False,False,False,,True
faltered,3,NOT local_tax_base AND autonomy AND small,local_tax_base;autonomy;small,011,0.841,0.385,99,32,0.667,0.119,0.098,0.115,0.2,0.138,0.054,4,-0.031,False,False,False,,True
faltered,3,NOT investment AND NOT culture AND education,investment;culture;education,001,0.841,0.384,81,24,0.632,0.089,0.128,0.051,0.1,0.0,0.095,3,-0.031,False,False,False,,True
faltered,3,NOT social AND culture AND NOT education,social;culture;education,010,0.841,0.375,72,29,0.725,0.107,0.098,0.115,0.1,0.138,0.122,4,-0.031,False,False,False,,True
faltered,3,property_tax AND NOT investment AND NOT education,property_tax;investment;education,100,0.841,0.368,73,24,0.632,0.089,0.098,0.051,0.1,0.138,0.162,4,-0.031,False,False,False,,True
faltered,3,payroll_pit AND NOT social AND NOT education,payroll_pit;social;education,100,0.841,0.368,60,24,0.615,0.089,0.083,0.103,0.067,0.103,0.081,4,-0.031,False,False,False,,True
faltered,3,payroll_pit AND NOT autonomy AND NOT social,payroll_pit;autonomy;social,100,0.841,0.363,56,16,0.552,0.059,0.068,0.026,0.033,0.138,0.054,3,-0.031,False,False,False,,True
faltered,3,NOT single_tax AND payroll_pit AND NOT balance,single_tax;payroll_pit;balance,010,0.841,0.352,58,21,0.6,0.078,0.06,0.103,0.1,0.069,0.068,4,-0.031,False,False,False,,True
faltered,3,single_tax AND NOT autonomy AND NOT education,single_tax;autonomy;education,100,0.841,0.35,37,10,0.435,0.037,0.038,0.013,0.033,0.103,0.041,3,-0.031,False,False,False,,True
faltered,3,culture AND NOT balance AND NOT small,culture;balance;small,100,0.841,0.346,56,15,0.536,0.056,0.083,0.026,0.033,0.034,0.095,3,-0.031,False,False,False,,True
faltered,3,autonomy AND NOT contestation AND NOT balance,autonomy;contestation;balance,100,0.84,0.393,121,39,0.709,0.144,0.128,0.192,0.133,0.103,0.108,4,-0.032,False,False,False,,True
faltered,3,NOT investment AND NOT contestation AND NOT small,investment;contestation;small,000,0.84,0.387,118,33,0.673,0.122,0.12,0.141,0.133,0.069,0.135,4,-0.032,False,False,False,,True
faltered,3,autonomy AND extracurricular AND small,autonomy;extracurricular;small,111,0.84,0.386,81,23,0.622,0.085,0.09,0.064,0.133,0.069,0.054,4,-0.032,False,False,False,,True
faltered,3,NOT local_tax_base AND NOT investment AND NOT extracurricular,local_tax_base;investment;extracurricular,000,0.84,0.383,86,18,0.474,0.067,0.068,0.064,0.1,0.034,0.081,4,-0.032,False,False,False,,True
faltered,3,single_tax AND NOT investment AND NOT culture,single_tax;investment;culture,100,0.84,0.373,83,20,0.571,0.074,0.128,0.026,0.033,0.0,0.149,1,-0.032,False,False,False,,False
faltered,3,single_tax AND NOT investment AND NOT education,single_tax;investment;education,100,0.84,0.367,71,20,0.571,0.074,0.098,0.051,0.067,0.034,0.135,3,-0.032,False,False,False,,True
faltered,3,NOT autonomy AND culture AND NOT small,autonomy;culture;small,010,0.84,0.367,65,11,0.407,0.041,0.038,0.013,0.0,0.172,0.054,2,-0.032,False,False,False,,False
faltered,3,NOT social AND culture AND NOT small,social;culture;small,010,0.84,0.367,69,19,0.613,0.07,0.053,0.077,0.067,0.138,0.068,4,-0.032,False,False,False,,True
faltered,3,property_tax AND NOT autonomy AND NOT culture,property_tax;autonomy;culture,100,0.84,0.366,65,18,0.581,0.067,0.06,0.077,0.033,0.103,0.081,3,-0.032,False,False,False,,True
faltered,3,culture AND NOT education AND NOT balance,culture;education;balance,100,0.84,0.346,46,16,0.571,0.059,0.06,0.077,0.033,0.034,0.068,4,-0.032,False,False,False,,True
faltered,3,NOT investment AND NOT culture AND extracurricular,investment;culture;extracurricular,001,0.839,0.438,154,51,0.646,0.189,0.226,0.115,0.233,0.172,0.189,4,-0.033,False,False,False,,True
faltered,3,autonomy AND NOT investment AND extracurricular,autonomy;investment;extracurricular,101,0.839,0.427,139,45,0.75,0.167,0.173,0.09,0.367,0.138,0.203,4,-0.033,False,False,False,,True
faltered,3,NOT local_tax_base AND NOT investment AND education,local_tax_base;investment;education,001,0.839,0.412,119,35,0.603,0.13,0.143,0.077,0.2,0.138,0.149,4,-0.033,False,False,False,,True
faltered,3,autonomy AND NOT investment AND NOT education,autonomy;investment;education,100,0.839,0.411,123,35,0.66,0.13,0.135,0.077,0.267,0.103,0.162,4,-0.033,False,False,False,,True
faltered,3,autonomy AND NOT investment AND NOT small,autonomy;investment;small,100,0.839,0.408,132,37,0.725,0.137,0.135,0.09,0.3,0.103,0.176,4,-0.033,False,False,False,,True
faltered,3,culture AND NOT education AND extracurricular,culture;education;extracurricular,101,0.839,0.396,88,26,0.605,0.096,0.075,0.115,0.167,0.069,0.095,4,-0.033,False,False,False,,True
faltered,3,property_tax AND NOT culture AND extracurricular,property_tax;culture;extracurricular,101,0.839,0.391,87,31,0.674,0.115,0.113,0.103,0.1,0.172,0.135,4,-0.033,False,False,False,,True
faltered,3,NOT investment AND NOT social AND culture,investment;social;culture,001,0.839,0.39,102,33,0.6,0.122,0.098,0.115,0.167,0.207,0.135,4,-0.033,False,False,False,,True
faltered,3,NOT single_tax AND payroll_pit AND NOT education,single_tax;payroll_pit;education,010,0.839,0.389,75,29,0.644,0.107,0.068,0.128,0.1,0.241,0.054,4,-0.033,False,False,False,,True
faltered,3,NOT property_tax AND culture AND NOT education,property_tax;culture;education,010,0.839,0.388,79,21,0.583,0.078,0.068,0.077,0.1,0.103,0.068,4,-0.033,False,False,False,,True
faltered,3,extracurricular AND NOT contestation AND NOT balance,extracurricular;contestation;balance,100,0.839,0.388,101,34,0.607,0.126,0.18,0.051,0.1,0.103,0.189,3,-0.033,False,False,False,,True
faltered,3,NOT local_tax_base AND NOT social AND education,local_tax_base;social;education,001,0.839,0.38,91,30,0.556,0.111,0.128,0.077,0.167,0.069,0.108,4,-0.033,False,False,False,,True
faltered,3,property_tax AND NOT autonomy AND extracurricular,property_tax;autonomy;extracurricular,101,0.839,0.377,75,15,0.484,0.056,0.06,0.051,0.0,0.103,0.095,3,-0.033,False,False,False,,True
faltered,3,social AND NOT culture AND education,social;culture;education,101,0.839,0.376,67,19,0.594,0.07,0.068,0.103,0.033,0.034,0.068,2,-0.033,False,False,False,,False
faltered,3,NOT local_tax_base AND contestation AND small,local_tax_base;contestation;small,011,0.839,0.374,86,25,0.568,0.093,0.12,0.064,0.133,0.0,0.095,3,-0.033,False,False,False,,True
faltered,3,NOT culture AND education AND NOT small,culture;education;small,010,0.839,0.371,48,12,0.522,0.044,0.053,0.026,0.067,0.034,0.068,4,-0.033,False,False,False,,True
faltered,3,NOT local_tax_base AND single_tax AND NOT autonomy,local_tax_base;single_tax;autonomy,010,0.839,0.36,61,11,0.314,0.041,0.053,0.013,0.067,0.034,0.068,3,-0.033,False,False,False,,True
faltered,3,NOT single_tax AND autonomy AND extracurricular,single_tax;autonomy;extracurricular,011,0.838,0.426,130,50,0.676,0.185,0.15,0.192,0.333,0.172,0.122,4,-0.034,False,False,False,,True
faltered,3,NOT local_tax_base AND autonomy AND NOT social,local_tax_base;autonomy;social,010,0.838,0.404,116,42,0.646,0.156,0.113,0.192,0.267,0.138,0.081,4,-0.034,False,False,False,,True
faltered,3,NOT local_tax_base AND NOT education AND NOT contestation,local_tax_base;education;contestation,000,0.838,0.393,118,33,0.5,0.122,0.09,0.167,0.167,0.103,0.054,4,-0.034,False,False,False,,True
faltered,3,NOT property_tax AND autonomy AND social,property_tax;autonomy;social,011,0.838,0.392,81,16,0.432,0.059,0.068,0.038,0.1,0.034,0.068,4,-0.034,False,False,False,,True
faltered,3,NOT culture AND education AND extracurricular,culture;education;extracurricular,011,0.838,0.389,77,22,0.579,0.081,0.113,0.051,0.1,0.0,0.081,3,-0.034,False,False,False,,True
faltered,3,NOT single_tax AND payroll_pit AND NOT small,single_tax;payroll_pit;small,010,0.838,0.387,84,30,0.652,0.111,0.068,0.115,0.2,0.207,0.081,4,-0.034,False,False,False,,True
faltered,3,property_tax AND NOT single_tax AND NOT small,property_tax;single_tax;small,100,0.838,0.382,81,28,0.596,0.104,0.068,0.128,0.1,0.207,0.095,4,-0.034,False,False,False,,True
faltered,3,NOT property_tax AND NOT single_tax AND payroll_pit,property_tax;single_tax;payroll_pit,001,0.838,0.379,62,26,0.634,0.096,0.075,0.09,0.167,0.138,0.068,4,-0.034,False,False,False,,True
faltered,3,NOT single_tax AND autonomy AND culture,single_tax;autonomy;culture,011,0.838,0.379,80,24,0.545,0.089,0.09,0.09,0.133,0.034,0.095,3,-0.034,False,False,False,,True
faltered,3,NOT single_tax AND payroll_pit AND education,single_tax;payroll_pit;education,011,0.838,0.378,61,18,0.545,0.067,0.068,0.064,0.1,0.034,0.068,4,-0.034,False,False,False,,True
faltered,3,NOT education AND NOT contestation AND small,education;contestation;small,001,0.838,0.378,70,29,0.617,0.107,0.113,0.09,0.067,0.172,0.095,4,-0.034,False,False,False,,True
faltered,3,autonomy AND NOT culture AND NOT contestation,autonomy;culture;contestation,100,0.838,0.374,85,24,0.545,0.089,0.083,0.115,0.1,0.034,0.081,3,-0.034,False,False,False,,True
faltered,3,NOT social AND extracurricular AND small,social;extracurricular;small,011,0.838,0.373,71,26,0.65,0.096,0.15,0.038,0.067,0.034,0.135,2,-0.034,False,False,False,,False
faltered,3,culture AND NOT education AND NOT contestation,culture;education;contestation,100,0.838,0.373,75,24,0.558,0.089,0.053,0.128,0.1,0.138,0.041,4,-0.034,False,False,False,,True
faltered,3,NOT local_tax_base AND NOT single_tax AND small,local_tax_base;single_tax;small,001,0.838,0.368,77,29,0.63,0.107,0.15,0.09,0.033,0.034,0.095,2,-0.034,False,False,False,,False
faltered,3,local_tax_base AND payroll_pit AND NOT social,local_tax_base;payroll_pit;social,110,0.838,0.368,73,20,0.556,0.074,0.105,0.038,0.033,0.069,0.068,3,-0.034,False,False,False,,True
faltered,3,NOT payroll_pit AND autonomy AND NOT contestation,payroll_pit;autonomy;contestation,010,0.838,0.368,75,22,0.512,0.081,0.09,0.077,0.133,0.0,0.081,3,-0.034,False,False,False,,True
faltered,3,NOT single_tax AND payroll_pit AND NOT contestation,single_tax;payroll_pit;contestation,010,0.838,0.362,60,21,0.636,0.078,0.045,0.115,0.067,0.138,0.041,4,-0.034,False,False,False,,True
faltered,3,NOT payroll_pit AND autonomy AND culture,payroll_pit;autonomy;culture,011,0.838,0.362,55,16,0.457,0.059,0.06,0.064,0.1,0.0,0.054,3,-0.034,False,False,False,,True
faltered,3,culture AND NOT education AND small,culture;education;small,101,0.838,0.362,48,18,0.545,0.067,0.053,0.09,0.067,0.069,0.068,4,-0.034,False,False,False,,True
faltered,3,social AND NOT culture AND small,social;culture;small,101,0.838,0.357,63,22,0.71,0.081,0.083,0.115,0.067,0.0,0.068,3,-0.034,False,False,False,,True
faltered,3,NOT local_tax_base AND NOT investment AND extracurricular,local_tax_base;investment;extracurricular,001,0.837,0.452,173,58,0.667,0.215,0.211,0.154,0.333,0.276,0.189,4,-0.035,False,False,False,,True
faltered,3,NOT local_tax_base AND NOT investment AND social,local_tax_base;investment;social,001,0.837,0.419,130,32,0.604,0.119,0.12,0.128,0.1,0.103,0.162,4,-0.035,False,False,False,,True
faltered,3,NOT local_tax_base AND NOT investment AND contestation,local_tax_base;investment;contestation,001,0.837,0.419,132,36,0.571,0.133,0.143,0.077,0.2,0.172,0.189,4,-0.035,False,False,False,,True
faltered,3,NOT investment AND extracurricular AND NOT contestation,investment;extracurricular;contestation,010,0.837,0.412,130,42,0.636,0.156,0.173,0.128,0.167,0.138,0.149,4,-0.035,False,False,False,,True
faltered,3,NOT property_tax AND NOT investment AND social,property_tax;investment;social,001,0.837,0.4,105,25,0.543,0.093,0.113,0.09,0.067,0.034,0.095,3,-0.035,False,False,False,,True
faltered,3,NOT investment AND culture AND NOT small,investment;culture;small,010,0.837,0.386,100,25,0.61,0.093,0.113,0.064,0.1,0.069,0.149,4,-0.035,False,False,False,,True
faltered,3,NOT local_tax_base AND culture AND NOT balance,local_tax_base;culture;balance,010,0.837,0.38,103,28,0.538,0.104,0.12,0.077,0.1,0.103,0.149,4,-0.035,False,False,False,,True
faltered,3,NOT payroll_pit AND education AND extracurricular,payroll_pit;education;extracurricular,011,0.837,0.38,73,17,0.486,0.063,0.105,0.026,0.0,0.034,0.108,2,-0.035,False,False,False,,False
faltered,3,local_tax_base AND NOT single_tax AND autonomy,local_tax_base;single_tax;autonomy,101,0.837,0.376,74,24,0.558,0.089,0.098,0.077,0.1,0.069,0.122,4,-0.035,False,False,False,,True
faltered,3,local_tax_base AND NOT property_tax AND social,local_tax_base;property_tax;social,101,0.837,0.367,57,11,0.5,0.041,0.053,0.051,0.0,0.0,0.027,2,-0.035,False,False,False,,False
faltered,3,NOT contestation AND NOT balance AND NOT small,contestation;balance;small,000,0.837,0.367,96,29,0.644,0.107,0.15,0.064,0.067,0.069,0.216,4,-0.035,False,False,False,,True
faltered,3,NOT autonomy AND education AND NOT small,autonomy;education;small,010,0.837,0.365,56,11,0.44,0.041,0.06,0.0,0.0,0.103,0.081,2,-0.035,False,False,False,,False
faltered,3,NOT education AND balance AND small,education;balance;small,011,0.837,0.362,52,17,0.5,0.063,0.06,0.064,0.067,0.069,0.081,4,-0.035,False,False,False,,True
faltered,3,payroll_pit AND NOT social AND NOT small,payroll_pit;social;small,100,0.837,0.361,63,20,0.541,0.074,0.053,0.09,0.1,0.103,0.054,4,-0.035,False,False,False,,True
faltered,3,NOT property_tax AND social AND small,property_tax;social;small,011,0.837,0.356,51,13,0.52,0.048,0.075,0.038,0.0,0.0,0.068,2,-0.035,False,False,False,,False
faltered,3,NOT payroll_pit AND autonomy AND small,payroll_pit;autonomy;small,011,0.837,0.347,46,12,0.4,0.044,0.075,0.013,0.033,0.0,0.081,2,-0.035,False,False,False,,False
faltered,3,local_tax_base AND autonomy AND extracurricular,local_tax_base;autonomy;extracurricular,111,0.836,0.409,95,24,0.585,0.089,0.113,0.064,0.1,0.034,0.122,3,-0.036,False,False,False,,True
faltered,3,autonomy AND extracurricular AND NOT contestation,autonomy;extracurricular;contestation,110,0.836,0.4,111,31,0.554,0.115,0.083,0.141,0.233,0.069,0.081,4,-0.036,False,False,False,,True
faltered,3,property_tax AND NOT single_tax AND NOT culture,property_tax;single_tax;culture,100,0.836,0.394,84,31,0.674,0.115,0.098,0.128,0.067,0.207,0.122,4,-0.036,False,False,False,,True
faltered,3,NOT local_tax_base AND NOT contestation AND NOT balance,local_tax_base;contestation;balance,000,0.836,0.392,123,44,0.629,0.163,0.173,0.141,0.167,0.172,0.135,4,-0.036,False,False,False,,True
faltered,3,NOT local_tax_base AND NOT single_tax AND culture,local_tax_base;single_tax;culture,001,0.836,0.391,96,25,0.556,0.093,0.09,0.115,0.067,0.069,0.108,4,-0.036,False,False,False,,True
faltered,3,NOT social AND culture AND extracurricular,social;culture;extracurricular,011,0.836,0.386,80,24,0.615,0.089,0.083,0.077,0.1,0.138,0.122,4,-0.036,False,False,False,,True
faltered,3,NOT local_tax_base AND NOT payroll_pit AND NOT contestation,local_tax_base;payroll_pit;contestation,000,0.836,0.384,109,34,0.531,0.126,0.128,0.141,0.167,0.034,0.081,3,-0.036,False,False,False,,True
faltered,3,NOT investment AND NOT education AND small,investment;education;small,001,0.836,0.373,73,23,0.523,0.085,0.098,0.077,0.1,0.034,0.081,3,-0.036,False,False,False,,True
faltered,3,NOT payroll_pit AND autonomy AND social,payroll_pit;autonomy;social,011,0.836,0.37,54,11,0.367,0.041,0.038,0.038,0.067,0.034,0.027,4,-0.036,False,False,False,,True
faltered,3,NOT local_tax_base AND single_tax AND NOT education,local_tax_base;single_tax;education,010,0.836,0.369,75,17,0.472,0.063,0.045,0.09,0.133,0.0,0.081,3,-0.036,False,False,False,,True
faltered,3,education AND NOT contestation AND NOT small,education;contestation;small,100,0.836,0.365,72,18,0.545,0.067,0.068,0.051,0.1,0.069,0.095,4,-0.036,False,False,False,,True
faltered,3,NOT payroll_pit AND education AND NOT small,payroll_pit;education;small,010,0.836,0.361,49,8,0.333,0.03,0.045,0.026,0.0,0.0,0.068,2,-0.036,False,False,False,,False
faltered,3,property_tax AND NOT contestation AND NOT small,property_tax;contestation;small,100,0.836,0.352,59,15,0.536,0.056,0.06,0.077,0.033,0.0,0.108,3,-0.036,False,False,False,,True
faltered,3,social AND NOT education AND small,social;education;small,101,0.836,0.351,44,11,0.524,0.041,0.023,0.064,0.067,0.034,0.014,4,-0.036,False,False,False,,True
faltered,3,NOT local_tax_base AND NOT autonomy AND NOT investment,local_tax_base;autonomy;investment,000,0.835,0.416,122,36,0.514,0.133,0.158,0.115,0.067,0.138,0.149,4,-0.037,False,False,False,,True
faltered,3,autonomy AND NOT social AND extracurricular,autonomy;social;extracurricular,101,0.835,0.412,115,43,0.672,0.159,0.143,0.167,0.267,0.103,0.108,4,-0.037,False,False,False,,True
faltered,3,NOT local_tax_base AND autonomy AND NOT contestation,local_tax_base;autonomy;contestation,010,0.835,0.401,124,35,0.565,0.13,0.075,0.154,0.3,0.138,0.041,4,-0.037,False,False,False,,True
faltered,3,property_tax AND NOT education AND extracurricular,property_tax;education;extracurricular,101,0.835,0.391,97,36,0.667,0.133,0.128,0.128,0.133,0.172,0.176,4,-0.037,False,False,False,,True
faltered,3,local_tax_base AND extracurricular AND NOT balance,local_tax_base;extracurricular;balance,110,0.835,0.39,87,24,0.632,0.089,0.113,0.064,0.033,0.103,0.135,3,-0.037,False,False,False,,True
faltered,3,local_tax_base AND NOT property_tax AND extracurricular,local_tax_base;property_tax;extracurricular,101,0.835,0.389,69,12,0.5,0.044,0.045,0.064,0.0,0.034,0.041,3,-0.037,False,False,False,,True
faltered,3,payroll_pit AND NOT social AND extracurricular,payroll_pit;social;extracurricular,101,0.835,0.386,81,29,0.604,0.107,0.098,0.103,0.133,0.138,0.108,4,-0.037,False,False,False,,True
faltered,3,NOT local_tax_base AND NOT single_tax AND education,local_tax_base;single_tax;education,001,0.835,0.385,90,26,0.591,0.096,0.12,0.09,0.067,0.034,0.122,3,-0.037,False,False,False,,True
faltered,3,NOT single_tax AND NOT investment AND culture,single_tax;investment;culture,001,0.835,0.385,89,24,0.522,0.089,0.098,0.09,0.067,0.069,0.149,4,-0.037,False,False,False,,True
faltered,3,property_tax AND NOT single_tax AND payroll_pit,property_tax;single_tax;payroll_pit,101,0.835,0.383,74,21,0.568,0.078,0.06,0.103,0.033,0.138,0.054,3,-0.037,False,False,False,,True
faltered,3,NOT property_tax AND payroll_pit AND NOT education,property_tax;payroll_pit;education,010,0.835,0.383,79,25,0.543,0.093,0.09,0.09,0.1,0.103,0.081,4,-0.037,False,False,False,,True
faltered,3,culture AND extracurricular AND NOT balance,culture;extracurricular;balance,110,0.835,0.381,88,22,0.55,0.081,0.128,0.013,0.033,0.103,0.162,2,-0.037,False,False,False,,False
faltered,3,property_tax AND NOT investment AND NOT social,property_tax;investment;social,100,0.835,0.379,97,31,0.608,0.115,0.113,0.064,0.167,0.207,0.149,4,-0.037,False,False,False,,True
faltered,3,extracurricular AND NOT balance AND small,extracurricular;balance;small,101,0.835,0.378,84,26,0.591,0.096,0.15,0.038,0.033,0.069,0.135,2,-0.037,False,False,False,,False
faltered,3,property_tax AND NOT culture AND education,property_tax;culture;education,101,0.835,0.377,69,18,0.529,0.067,0.068,0.09,0.033,0.034,0.068,3,-0.037,False,False,False,,True
faltered,3,NOT local_tax_base AND payroll_pit AND NOT autonomy,local_tax_base;payroll_pit;autonomy,010,0.835,0.376,71,17,0.425,0.063,0.068,0.051,0.033,0.103,0.081,4,-0.037,False,False,False,,True
faltered,3,social AND NOT culture AND NOT contestation,social;culture;contestation,100,0.835,0.372,83,23,0.511,0.085,0.075,0.141,0.067,0.0,0.068,3,-0.037,False,False,False,,True
faltered,3,single_tax AND NOT payroll_pit AND extracurricular,single_tax;payroll_pit;extracurricular,101,0.835,0.371,57,13,0.448,0.048,0.053,0.026,0.067,0.069,0.068,4,-0.037,False,False,False,,True
faltered,3,property_tax AND NOT payroll_pit AND NOT small,property_tax;payroll_pit;small,100,0.835,0.36,53,19,0.543,0.07,0.053,0.09,0.067,0.103,0.081,4,-0.037,False,False,False,,True
faltered,3,property_tax AND NOT balance AND NOT small,property_tax;balance;small,100,0.835,0.345,47,16,0.571,0.059,0.038,0.077,0.067,0.103,0.054,4,-0.037,False,False,False,,True
faltered,3,NOT local_tax_base AND NOT investment AND NOT small,local_tax_base;investment;small,000,0.834,0.434,161,46,0.613,0.17,0.15,0.141,0.267,0.241,0.189,4,-0.038,False,False,False,,True
faltered,3,NOT local_tax_base AND NOT single_tax AND NOT investment,local_tax_base;single_tax;investment,000,0.834,0.433,159,53,0.639,0.196,0.188,0.179,0.267,0.207,0.135,4,-0.038,False,False,False,,True
faltered,3,NOT single_tax AND autonomy AND balance,single_tax;autonomy;balance,011,0.834,0.408,117,39,0.609,0.144,0.128,0.154,0.2,0.138,0.122,4,-0.038,False,False,False,,True
faltered,3,NOT investment AND NOT education AND NOT contestation,investment;education;contestation,000,0.834,0.395,117,34,0.618,0.126,0.135,0.154,0.1,0.034,0.135,3,-0.038,False,False,False,,True
faltered,3,property_tax AND NOT single_tax AND autonomy,property_tax;single_tax;autonomy,101,0.834,0.394,95,33,0.611,0.122,0.12,0.115,0.1,0.172,0.149,4,-0.038,False,False,False,,True
faltered,3,NOT single_tax AND culture AND extracurricular,single_tax;culture;extracurricular,011,0.834,0.394,84,25,0.543,0.093,0.09,0.103,0.1,0.069,0.108,4,-0.038,False,False,False,,True
faltered,3,autonomy AND culture AND NOT balance,autonomy;culture;balance,110,0.834,0.39,105,30,0.667,0.111,0.098,0.154,0.1,0.069,0.068,4,-0.038,False,False,False,,True
faltered,3,autonomy AND NOT social AND culture,autonomy;social;culture,101,0.834,0.386,90,30,0.612,0.111,0.105,0.128,0.167,0.034,0.081,3,-0.038,False,False,False,,True
faltered,3,autonomy AND NOT social AND NOT contestation,autonomy;social;contestation,100,0.834,0.385,102,34,0.607,0.126,0.12,0.128,0.2,0.069,0.095,4,-0.038,False,False,False,,True
faltered,3,NOT single_tax AND NOT culture AND education,single_tax;culture;education,001,0.834,0.383,69,23,0.575,0.085,0.105,0.09,0.067,0.0,0.095,3,-0.038,False,False,False,,True
faltered,3,NOT property_tax AND education AND NOT small,property_tax;education;small,010,0.834,0.379,74,17,0.515,0.063,0.075,0.038,0.067,0.069,0.095,4,-0.038,False,False,False,,True
faltered,3,payroll_pit AND NOT autonomy AND extracurricular,payroll_pit;autonomy;extracurricular,101,0.834,0.375,60,12,0.444,0.044,0.06,0.013,0.0,0.103,0.081,2,-0.038,False,False,False,,False
faltered,3,autonomy AND NOT education AND small,autonomy;education;small,101,0.834,0.369,71,24,0.522,0.089,0.098,0.077,0.1,0.069,0.095,4,-0.038,False,False,False,,True
faltered,3,single_tax AND NOT investment AND NOT small,single_tax;investment;small,100,0.834,0.367,82,19,0.633,0.07,0.113,0.026,0.033,0.034,0.149,1,-0.038,False,False,False,,False
faltered,3,property_tax AND NOT culture AND NOT contestation,property_tax;culture;contestation,100,0.834,0.365,70,19,0.576,0.07,0.09,0.09,0.0,0.0,0.122,2,-0.038,False,False,False,,False
faltered,3,NOT single_tax AND payroll_pit AND small,single_tax;payroll_pit;small,011,0.834,0.356,52,17,0.531,0.063,0.068,0.077,0.0,0.069,0.041,3,-0.038,False,False,False,,True
faltered,3,single_tax AND NOT autonomy AND NOT small,single_tax;autonomy;small,100,0.834,0.346,49,11,0.44,0.041,0.045,0.0,0.033,0.138,0.054,3,-0.038,False,False,False,,True
faltered,3,NOT investment AND NOT education AND extracurricular,investment;education;extracurricular,001,0.833,0.432,164,55,0.671,0.204,0.195,0.192,0.3,0.172,0.216,4,-0.039,False,False,False,,True
faltered,3,NOT investment AND NOT social AND extracurricular,investment;social;extracurricular,001,0.833,0.417,142,51,0.646,0.189,0.203,0.115,0.3,0.207,0.203,4,-0.039,False,False,False,,True
faltered,3,local_tax_base AND NOT investment AND extracurricular,local_tax_base;investment;extracurricular,101,0.833,0.41,109,29,0.592,0.107,0.158,0.064,0.067,0.034,0.203,3,-0.039,False,False,False,,True
faltered,3,local_tax_base AND NOT culture AND extracurricular,local_tax_base;culture;extracurricular,101,0.833,0.409,92,25,0.625,0.093,0.113,0.09,0.033,0.069,0.122,3,-0.039,False,False,False,,True
faltered,3,local_tax_base AND NOT education AND extracurricular,local_tax_base;education;extracurricular,101,0.833,0.407,95,30,0.652,0.111,0.12,0.103,0.1,0.103,0.149,4,-0.039,False,False,False,,True
faltered,3,NOT property_tax AND culture AND extracurricular,property_tax;culture;extracurricular,011,0.833,0.404,99,27,0.574,0.1,0.09,0.103,0.1,0.138,0.108,4,-0.039,False,False,False,,True
faltered,3,NOT local_tax_base AND NOT social AND NOT contestation,local_tax_base;social;contestation,000,0.833,0.396,125,45,0.625,0.167,0.15,0.167,0.233,0.172,0.108,4,-0.039,False,False,False,,True
faltered,3,NOT local_tax_base AND NOT culture AND NOT contestation,local_tax_base;culture;contestation,000,0.833,0.395,114,37,0.544,0.137,0.135,0.154,0.167,0.069,0.095,4,-0.039,False,False,False,,True
faltered,3,NOT single_tax AND culture AND NOT education,single_tax;culture;education,010,0.833,0.395,81,26,0.578,0.096,0.09,0.115,0.1,0.069,0.108,4,-0.039,False,False,False,,True
faltered,3,autonomy AND NOT investment AND small,autonomy;investment;small,101,0.833,0.394,107,27,0.574,0.1,0.083,0.128,0.133,0.069,0.068,4,-0.039,False,False,False,,True
faltered,3,NOT single_tax AND NOT investment AND social,single_tax;investment;social,001,0.833,0.393,97,24,0.533,0.089,0.068,0.141,0.067,0.069,0.068,4,-0.039,False,False,False,,True
faltered,3,NOT single_tax AND payroll_pit AND balance,single_tax;payroll_pit;balance,011,0.833,0.39,78,26,0.605,0.096,0.075,0.09,0.1,0.207,0.054,4,-0.039,False,False,False,,True
faltered,3,property_tax AND payroll_pit AND NOT culture,property_tax;payroll_pit;culture,110,0.833,0.388,87,31,0.646,0.115,0.098,0.141,0.1,0.138,0.108,4,-0.039,False,False,False,,True
faltered,3,payroll_pit AND NOT culture AND balance,payroll_pit;culture;balance,101,0.833,0.386,85,28,0.622,0.104,0.128,0.064,0.1,0.103,0.108,4,-0.039,False,False,False,,True
faltered,3,local_tax_base AND payroll_pit AND NOT autonomy,local_tax_base;payroll_pit;autonomy,110,0.833,0.383,76,21,0.656,0.078,0.098,0.038,0.033,0.138,0.068,2,-0.039,False,False,False,,False
faltered,3,payroll_pit AND culture AND NOT education,payroll_pit;culture;education,110,0.833,0.381,68,19,0.559,0.07,0.06,0.09,0.067,0.069,0.068,4,-0.039,False,False,False,,True
faltered,3,property_tax AND NOT culture AND balance,property_tax;culture;balance,101,0.833,0.38,76,24,0.571,0.089,0.105,0.051,0.067,0.138,0.135,4,-0.039,False,False,False,,True
faltered,3,NOT single_tax AND payroll_pit AND contestation,single_tax;payroll_pit;contestation,011,0.833,0.379,76,26,0.578,0.096,0.09,0.077,0.133,0.138,0.081,4,-0.039,False,False,False,,True
faltered,3,autonomy AND NOT social AND education,autonomy;social;education,101,0.833,0.372,80,20,0.455,0.074,0.075,0.064,0.133,0.034,0.041,3,-0.039,False,False,False,,True
faltered,3,NOT autonomy AND social AND NOT education,autonomy;social;education,010,0.833,0.371,75,14,0.4,0.052,0.03,0.115,0.033,0.0,0.027,3,-0.039,False,False,False,,True
faltered,3,NOT property_tax AND payroll_pit AND NOT autonomy,property_tax;payroll_pit;autonomy,010,0.833,0.361,54,15,0.469,0.056,0.075,0.013,0.033,0.103,0.081,3,-0.039,False,False,False,,True
faltered,3,NOT culture AND education AND NOT balance,culture;education;balance,010,0.833,0.36,81,29,0.69,0.107,0.128,0.115,0.067,0.034,0.135,3,-0.039,False,False,False,,True
faltered,3,payroll_pit AND NOT culture AND NOT extracurricular,payroll_pit;culture;extracurricular,100,0.833,0.355,62,24,0.667,0.089,0.09,0.09,0.067,0.103,0.095,4,-0.039,False,False,False,,True
faltered,3,NOT local_tax_base AND payroll_pit AND NOT investment,local_tax_base;payroll_pit;investment,010,0.832,0.424,140,40,0.656,0.148,0.12,0.115,0.3,0.207,0.176,4,-0.04,False,False,False,,True
faltered,3,NOT local_tax_base AND extracurricular AND NOT balance,local_tax_base;extracurricular;balance,010,0.832,0.409,131,44,0.564,0.163,0.203,0.09,0.2,0.138,0.203,4,-0.04,False,False,False,,True
faltered,3,NOT investment AND NOT culture AND NOT contestation,investment;culture;contestation,000,0.832,0.406,132,40,0.635,0.148,0.203,0.128,0.1,0.0,0.176,3,-0.04,False,False,False,,True
faltered,3,NOT property_tax AND autonomy AND balance,property_tax;autonomy;balance,011,0.832,0.404,105,23,0.523,0.085,0.075,0.115,0.133,0.0,0.041,3,-0.04,False,False,False,,True
faltered,3,autonomy AND NOT culture AND balance,autonomy;culture;balance,101,0.832,0.404,108,33,0.6,0.122,0.135,0.103,0.133,0.103,0.135,4,-0.04,False,False,False,,True
faltered,3,social AND extracurricular AND NOT balance,social;extracurricular;balance,110,0.832,0.399,96,27,0.551,0.1,0.143,0.051,0.033,0.103,0.162,3,-0.04,False,False,False,,True
faltered,3,local_tax_base AND NOT single_tax AND extracurricular,local_tax_base;single_tax;extracurricular,101,0.832,0.397,83,22,0.55,0.081,0.083,0.09,0.067,0.069,0.108,4,-0.04,False,False,False,,True
faltered,3,NOT single_tax AND autonomy AND social,single_tax;autonomy;social,011,0.832,0.397,106,30,0.526,0.111,0.075,0.128,0.167,0.172,0.068,4,-0.04,False,False,False,,True
faltered,3,local_tax_base AND autonomy AND NOT investment,local_tax_base;autonomy;investment,110,0.832,0.396,102,24,0.558,0.089,0.098,0.115,0.067,0.0,0.122,3,-0.04,False,False,False,,True
faltered,3,local_tax_base AND extracurricular AND NOT contestation,local_tax_base;extracurricular;contestation,110,0.832,0.396,94,19,0.514,0.07,0.098,0.051,0.033,0.034,0.135,2,-0.04,False,False,False,,False
faltered,3,NOT investment AND social AND NOT balance,investment;social;balance,010,0.832,0.396,107,26,0.578,0.096,0.113,0.103,0.033,0.069,0.122,3,-0.04,False,False,False,,True
faltered,3,NOT property_tax AND NOT single_tax AND culture,property_tax;single_tax;culture,001,0.832,0.394,87,24,0.571,0.089,0.09,0.09,0.067,0.103,0.122,4,-0.04,False,False,False,,True
faltered,3,NOT local_tax_base AND NOT autonomy AND NOT education,local_tax_base;autonomy;education,000,0.832,0.392,116,31,0.47,0.115,0.098,0.141,0.1,0.138,0.081,4,-0.04,False,False,False,,True
faltered,3,NOT investment AND social AND NOT education,investment;social;education,010,0.832,0.391,96,20,0.513,0.074,0.068,0.103,0.067,0.034,0.081,3,-0.04,False,False,False,,True
faltered,3,NOT local_tax_base AND property_tax AND small,local_tax_base;property_tax;small,011,0.832,0.39,100,28,0.651,0.104,0.075,0.115,0.2,0.103,0.054,4,-0.04,False,False,False,,True
faltered,3,NOT property_tax AND payroll_pit AND social,property_tax;payroll_pit;social,011,0.832,0.39,79,21,0.568,0.078,0.105,0.038,0.067,0.069,0.122,3,-0.04,False,False,False,,True
faltered,3,NOT property_tax AND social AND culture,property_tax;social;culture,011,0.832,0.388,76,15,0.405,0.056,0.075,0.038,0.033,0.034,0.081,4,-0.04,False,False,False,,True
faltered,3,NOT property_tax AND payroll_pit AND NOT culture,property_tax;payroll_pit;culture,010,0.832,0.386,88,30,0.577,0.111,0.113,0.103,0.167,0.069,0.095,4,-0.04,False,False,False,,True
faltered,3,NOT local_tax_base AND NOT autonomy AND social,local_tax_base;autonomy;social,001,0.832,0.385,93,20,0.417,0.074,0.075,0.103,0.033,0.034,0.095,2,-0.04,False,False,False,,False
faltered,3,NOT property_tax AND single_tax AND autonomy,property_tax;single_tax;autonomy,011,0.832,0.382,79,15,0.441,0.056,0.068,0.064,0.033,0.0,0.054,3,-0.04,False,False,False,,True
faltered,3,NOT payroll_pit AND autonomy AND balance,payroll_pit;autonomy;balance,011,0.832,0.38,75,18,0.439,0.067,0.068,0.077,0.1,0.0,0.068,3,-0.04,False,False,False,,True
faltered,3,payroll_pit AND NOT autonomy AND NOT balance,payroll_pit;autonomy;balance,100,0.832,0.377,90,24,0.571,0.089,0.09,0.077,0.067,0.138,0.095,4,-0.04,False,False,False,,True
faltered,3,property_tax AND extracurricular AND NOT balance,property_tax;extracurricular;balance,110,0.832,0.376,80,24,0.6,0.089,0.105,0.064,0.033,0.138,0.135,3,-0.04,False,False,False,,True
faltered,3,property_tax AND NOT single_tax AND NOT investment,property_tax;single_tax;investment,100,0.832,0.371,71,21,0.553,0.078,0.075,0.077,0.067,0.103,0.108,4,-0.04,False,False,False,,True
faltered,3,NOT single_tax AND education AND contestation,single_tax;education;contestation,011,0.832,0.366,62,15,0.441,0.056,0.09,0.026,0.033,0.0,0.095,2,-0.04,False,False,False,,False
faltered,3,payroll_pit AND NOT autonomy AND contestation,payroll_pit;autonomy;contestation,101,0.832,0.366,66,17,0.515,0.063,0.083,0.026,0.033,0.103,0.068,3,-0.04,False,False,False,,True
faltered,3,property_tax AND NOT education AND NOT contestation,property_tax;education;contestation,100,0.832,0.365,65,24,0.615,0.089,0.098,0.103,0.033,0.069,0.135,3,-0.04,False,False,False,,True
faltered,3,local_tax_base AND education AND NOT small,local_tax_base;education;small,110,0.832,0.358,46,9,0.5,0.033,0.045,0.013,0.033,0.034,0.054,3,-0.04,False,False,False,,True
faltered,3,education AND NOT extracurricular AND NOT small,education;extracurricular;small,100,0.832,0.337,33,5,0.312,0.019,0.015,0.013,0.033,0.034,0.014,4,-0.04,False,False,False,,True
faltered,3,NOT single_tax AND NOT investment AND extracurricular,single_tax;investment;extracurricular,001,0.831,0.436,157,57,0.64,0.211,0.211,0.179,0.3,0.207,0.176,4,-0.041,False,False,False,,True
faltered,3,NOT local_tax_base AND extracurricular AND NOT contestation,local_tax_base;extracurricular;contestation,010,0.831,0.418,138,45,0.549,0.167,0.128,0.192,0.267,0.172,0.081,4,-0.041,False,False,False,,True
faltered,3,NOT single_tax AND payroll_pit AND autonomy,single_tax;payroll_pit;autonomy,011,0.831,0.404,106,37,0.638,0.137,0.098,0.154,0.2,0.207,0.095,4,-0.041,False,False,False,,True
faltered,3,NOT property_tax AND payroll_pit AND autonomy,property_tax;payroll_pit;autonomy,011,0.831,0.403,105,32,0.582,0.119,0.113,0.128,0.167,0.069,0.095,4,-0.041,False,False,False,,True
faltered,3,local_tax_base AND NOT social AND extracurricular,local_tax_base;social;extracurricular,101,0.831,0.397,88,27,0.643,0.1,0.128,0.077,0.067,0.069,0.162,4,-0.041,False,False,False,,True
faltered,3,NOT local_tax_base AND autonomy AND NOT balance,local_tax_base;autonomy;balance,010,0.831,0.394,114,38,0.613,0.141,0.098,0.154,0.267,0.172,0.081,4,-0.041,False,False,False,,True
faltered,3,NOT single_tax AND culture AND NOT small,single_tax;culture;small,010,0.831,0.391,89,21,0.477,0.078,0.068,0.09,0.1,0.069,0.095,4,-0.041,False,False,False,,True
faltered,3,NOT investment AND NOT education AND NOT balance,investment;education;balance,000,0.831,0.39,106,38,0.623,0.141,0.165,0.077,0.267,0.069,0.149,3,-0.041,False,False,False,,True
faltered,3,extracurricular AND NOT contestation AND small,extracurricular;contestation;small,101,0.831,0.39,83,22,0.5,0.081,0.105,0.038,0.067,0.103,0.095,3,-0.041,False,False,False,,True
faltered,3,NOT property_tax AND payroll_pit AND culture,property_tax;payroll_pit;culture,011,0.831,0.389,71,17,0.486,0.063,0.075,0.038,0.033,0.103,0.081,4,-0.041,False,False,False,,True
faltered,3,NOT payroll_pit AND culture AND extracurricular,payroll_pit;culture;extracurricular,011,0.831,0.388,82,20,0.476,0.074,0.06,0.09,0.1,0.069,0.068,4,-0.041,False,False,False,,True
faltered,3,NOT social AND education AND extracurricular,social;education;extracurricular,011,0.831,0.385,83,23,0.535,0.085,0.12,0.038,0.067,0.069,0.122,3,-0.041,False,False,False,,True
faltered,3,NOT local_tax_base AND NOT autonomy AND small,local_tax_base;autonomy;small,001,0.831,0.384,92,28,0.519,0.104,0.15,0.077,0.067,0.0,0.122,3,-0.041,False,False,False,,True
faltered,3,local_tax_base AND NOT investment AND NOT small,local_tax_base;investment;small,100,0.831,0.383,96,22,0.55,0.081,0.105,0.077,0.067,0.0,0.135,3,-0.041,False,False,False,,True
faltered,3,NOT property_tax AND social AND education,property_tax;social;education,011,0.831,0.382,78,17,0.459,0.063,0.098,0.038,0.0,0.034,0.095,3,-0.041,False,False,False,,True
faltered,3,property_tax AND social AND NOT culture,property_tax;social;culture,110,0.831,0.381,87,28,0.622,0.104,0.068,0.154,0.1,0.138,0.095,4,-0.041,False,False,False,,True
faltered,3,NOT property_tax AND NOT social AND culture,property_tax;social;culture,001,0.831,0.381,97,26,0.553,0.096,0.09,0.09,0.067,0.172,0.095,4,-0.041,False,False,False,,True
faltered,3,NOT property_tax AND culture AND contestation,property_tax;culture;contestation,011,0.831,0.377,68,12,0.4,0.044,0.068,0.013,0.033,0.034,0.108,3,-0.041,False,False,False,,True
faltered,3,payroll_pit AND NOT social AND NOT culture,payroll_pit;social;culture,100,0.831,0.374,72,26,0.553,0.096,0.105,0.077,0.133,0.069,0.081,4,-0.041,False,False,False,,True
faltered,3,NOT property_tax AND payroll_pit AND NOT contestation,property_tax;payroll_pit;contestation,010,0.831,0.371,77,24,0.522,0.089,0.083,0.09,0.067,0.138,0.068,4,-0.041,False,False,False,,True
faltered,3,NOT local_tax_base AND single_tax AND NOT culture,local_tax_base;single_tax;culture,010,0.831,0.37,75,22,0.512,0.081,0.083,0.077,0.167,0.0,0.122,3,-0.041,False,False,False,,True
faltered,3,property_tax AND NOT payroll_pit AND autonomy,property_tax;payroll_pit;autonomy,101,0.831,0.369,57,19,0.475,0.07,0.09,0.051,0.067,0.034,0.108,3,-0.041,False,False,False,,True
faltered,3,NOT property_tax AND culture AND NOT balance,property_tax;culture;balance,010,0.831,0.361,81,22,0.5,0.081,0.128,0.026,0.033,0.069,0.162,2,-0.041,False,False,False,,False
faltered,3,NOT property_tax AND payroll_pit AND small,property_tax;payroll_pit;small,011,0.831,0.36,59,18,0.5,0.067,0.098,0.038,0.033,0.034,0.068,3,-0.041,False,False,False,,True
faltered,3,payroll_pit AND NOT contestation AND NOT small,payroll_pit;contestation;small,100,0.831,0.357,77,19,0.528,0.07,0.045,0.09,0.1,0.103,0.054,4,-0.041,False,False,False,,True
faltered,3,culture AND NOT extracurricular AND NOT small,culture;extracurricular;small,100,0.831,0.353,51,6,0.273,0.022,0.023,0.013,0.033,0.034,0.027,4,-0.041,False,False,False,,True
faltered,3,NOT local_tax_base AND NOT social AND extracurricular,local_tax_base;social;extracurricular,001,0.83,0.431,152,52,0.605,0.193,0.158,0.205,0.267,0.241,0.122,4,-0.042,False,False,False,,True
faltered,3,NOT local_tax_base AND NOT payroll_pit AND extracurricular,local_tax_base;payroll_pit;extracurricular,001,0.83,0.423,143,43,0.558,0.159,0.15,0.167,0.233,0.103,0.095,4,-0.042,False,False,False,,True
faltered,3,NOT local_tax_base AND NOT investment AND balance,local_tax_base;investment;balance,001,0.83,0.416,136,31,0.574,0.115,0.068,0.167,0.133,0.172,0.095,4,-0.042,False,False,False,,True
faltered,3,NOT property_tax AND NOT investment AND NOT contestation,property_tax;investment;contestation,000,0.83,0.414,145,46,0.605,0.17,0.195,0.154,0.167,0.103,0.135,4,-0.042,False,False,False,,True
faltered,3,property_tax AND NOT investment AND extracurricular,property_tax;investment;extracurricular,101,0.83,0.4,110,31,0.646,0.115,0.143,0.051,0.1,0.172,0.216,3,-0.042,False,False,False,,True
faltered,3,autonomy AND NOT investment AND education,autonomy;investment;education,101,0.83,0.4,116,29,0.644,0.107,0.083,0.141,0.167,0.069,0.081,4,-0.042,False,False,False,,True
faltered,3,NOT property_tax AND education AND extracurricular,property_tax;education;extracurricular,011,0.83,0.397,98,28,0.56,0.104,0.143,0.064,0.067,0.069,0.135,4,-0.042,False,False,False,,True
faltered,3,NOT local_tax_base AND payroll_pit AND NOT social,local_tax_base;payroll_pit;social,010,0.83,0.394,106,37,0.569,0.137,0.105,0.154,0.2,0.172,0.095,4,-0.042,False,False,False,,True
faltered,3,NOT local_tax_base AND education AND NOT small,local_tax_base;education;small,010,0.83,0.39,96,18,0.4,0.067,0.068,0.051,0.1,0.069,0.095,4,-0.042,False,False,False,,True
faltered,3,NOT property_tax AND NOT investment AND education,property_tax;investment;education,001,0.83,0.39,99,30,0.556,0.111,0.165,0.026,0.1,0.103,0.149,3,-0.042,False,False,False,,True
faltered,3,NOT local_tax_base AND NOT autonomy AND culture,local_tax_base;autonomy;culture,001,0.83,0.388,93,18,0.375,0.067,0.083,0.051,0.0,0.103,0.122,3,-0.042,False,False,False,,True
faltered,3,NOT local_tax_base AND social AND NOT balance,local_tax_base;social;balance,010,0.83,0.387,106,25,0.481,0.093,0.113,0.077,0.067,0.069,0.135,4,-0.042,False,False,False,,True
faltered,3,NOT single_tax AND payroll_pit AND social,single_tax;payroll_pit;social,011,0.83,0.387,83,26,0.591,0.096,0.06,0.128,0.1,0.172,0.054,4,-0.042,False,False,False,,True
faltered,3,extracurricular AND contestation AND small,extracurricular;contestation;small,111,0.83,0.387,89,26,0.667,0.096,0.135,0.064,0.1,0.0,0.108,3,-0.042,False,False,False,,True
faltered,3,NOT local_tax_base AND education AND NOT balance,local_tax_base;education;balance,010,0.83,0.383,114,36,0.6,0.133,0.158,0.103,0.133,0.103,0.176,4,-0.042,False,False,False,,True
faltered,3,NOT local_tax_base AND NOT balance AND small,local_tax_base;balance;small,001,0.83,0.382,111,40,0.645,0.148,0.158,0.141,0.167,0.103,0.108,4,-0.042,False,False,False,,True
faltered,3,NOT single_tax AND payroll_pit AND culture,single_tax;payroll_pit;culture,011,0.83,0.381,64,19,0.543,0.07,0.068,0.064,0.067,0.103,0.068,4,-0.042,False,False,False,,True
faltered,3,autonomy AND NOT investment AND NOT extracurricular,autonomy;investment;extracurricular,100,0.83,0.381,100,19,0.5,0.07,0.045,0.128,0.067,0.034,0.041,3,-0.042,False,False,False,,True
faltered,3,payroll_pit AND NOT autonomy AND NOT contestation,payroll_pit;autonomy;contestation,100,0.83,0.38,81,21,0.538,0.078,0.083,0.064,0.033,0.138,0.081,3,-0.042,False,False,False,,True
faltered,3,NOT single_tax AND NOT social AND culture,single_tax;social;culture,001,0.83,0.379,83,25,0.595,0.093,0.113,0.09,0.033,0.069,0.149,3,-0.042,False,False,False,,True
faltered,3,NOT property_tax AND single_tax AND NOT investment,property_tax;single_tax;investment,010,0.83,0.378,85,21,0.5,0.078,0.113,0.038,0.067,0.034,0.095,2,-0.042,False,False,False,,False
faltered,3,NOT autonomy AND NOT education AND small,autonomy;education;small,001,0.83,0.376,70,23,0.511,0.085,0.083,0.09,0.067,0.103,0.068,4,-0.042,False,False,False,,True
faltered,3,NOT local_tax_base AND NOT payroll_pit AND balance,local_tax_base;payroll_pit;balance,001,0.83,0.375,97,21,0.429,0.078,0.023,0.154,0.133,0.069,0.014,3,-0.042,False,False,False,,True
faltered,3,NOT property_tax AND autonomy AND NOT balance,property_tax;autonomy;balance,010,0.83,0.373,92,27,0.519,0.1,0.09,0.09,0.167,0.103,0.068,4,-0.042,False,False,False,,True
faltered,3,NOT property_tax AND payroll_pit AND NOT social,property_tax;payroll_pit;social,010,0.83,0.371,80,26,0.52,0.096,0.083,0.103,0.133,0.103,0.054,4,-0.042,False,False,False,,True
faltered,3,NOT culture AND education AND contestation,culture;education;contestation,011,0.83,0.37,69,17,0.515,0.063,0.083,0.038,0.067,0.034,0.068,4,-0.042,False,False,False,,True
faltered,3,NOT local_tax_base AND NOT payroll_pit AND NOT extracurricular,local_tax_base;payroll_pit;extracurricular,000,0.83,0.368,69,13,0.342,0.048,0.068,0.038,0.0,0.034,0.081,3,-0.042,False,False,False,,True
faltered,3,NOT property_tax AND autonomy AND NOT extracurricular,property_tax;autonomy;extracurricular,010,0.83,0.366,57,8,0.308,0.03,0.045,0.013,0.0,0.034,0.027,2,-0.042,False,False,False,,False
faltered,3,single_tax AND NOT payroll_pit AND autonomy,single_tax;payroll_pit;autonomy,101,0.83,0.359,42,6,0.261,0.022,0.023,0.026,0.033,0.0,0.014,3,-0.042,False,False,False,,True
faltered,3,autonomy AND NOT investment AND contestation,autonomy;investment;contestation,101,0.829,0.414,125,31,0.596,0.115,0.12,0.064,0.233,0.103,0.149,4,-0.043,False,False,False,,True
faltered,3,payroll_pit AND NOT investment AND NOT contestation,payroll_pit;investment;contestation,100,0.829,0.4,118,31,0.66,0.115,0.09,0.128,0.133,0.172,0.095,4,-0.043,False,False,False,,True
faltered,3,NOT education AND extracurricular AND NOT contestation,education;extracurricular;contestation,010,0.829,0.398,109,34,0.557,0.126,0.098,0.179,0.2,0.034,0.081,3,-0.043,False,False,False,,True
faltered,3,local_tax_base AND payroll_pit AND extracurricular,local_tax_base;payroll_pit;extracurricular,111,0.829,0.396,90,18,0.562,0.067,0.105,0.038,0.033,0.0,0.108,2,-0.043,False,False,False,,False
faltered,3,autonomy AND NOT social AND balance,autonomy;social;balance,101,0.829,0.396,98,30,0.517,0.111,0.143,0.09,0.1,0.034,0.122,3,-0.043,False,False,False,,True
faltered,3,NOT property_tax AND culture AND NOT small,property_tax;culture;small,010,0.829,0.394,104,24,0.533,0.089,0.083,0.064,0.1,0.172,0.081,4,-0.043,False,False,False,,True
faltered,3,NOT property_tax AND culture AND NOT contestation,property_tax;culture;contestation,010,0.829,0.389,105,29,0.537,0.107,0.098,0.115,0.067,0.172,0.068,4,-0.043,False,False,False,,True
faltered,3,local_tax_base AND autonomy AND NOT culture,local_tax_base;autonomy;culture,110,0.829,0.387,87,22,0.5,0.081,0.09,0.103,0.033,0.034,0.081,2,-0.043,False,False,False,,False
faltered,3,NOT local_tax_base AND NOT social AND balance,local_tax_base;social;balance,001,0.829,0.386,109,27,0.482,0.1,0.075,0.128,0.1,0.138,0.054,4,-0.043,False,False,False,,True
faltered,3,local_tax_base AND social AND NOT culture,local_tax_base;social;culture,110,0.829,0.382,79,22,0.595,0.081,0.068,0.141,0.0,0.069,0.068,3,-0.043,False,False,False,,True
faltered,3,payroll_pit AND NOT social AND balance,payroll_pit;social;balance,101,0.829,0.379,71,23,0.511,0.085,0.113,0.051,0.067,0.069,0.095,4,-0.043,False,False,False,,True
faltered,3,NOT single_tax AND autonomy AND NOT balance,single_tax;autonomy;balance,010,0.829,0.378,96,29,0.558,0.107,0.09,0.103,0.167,0.138,0.081,4,-0.043,False,False,False,,True
faltered,3,NOT property_tax AND culture AND small,property_tax;culture;small,011,0.829,0.377,69,17,0.436,0.063,0.083,0.064,0.0,0.034,0.095,3,-0.043,False,False,False,,True
faltered,3,NOT property_tax AND NOT education AND small,property_tax;education;small,001,0.829,0.376,74,26,0.531,0.096,0.105,0.09,0.067,0.103,0.068,4,-0.043,False,False,False,,True
faltered,3,culture AND NOT contestation AND NOT small,culture;contestation;small,100,0.829,0.372,99,23,0.5,0.085,0.06,0.103,0.1,0.138,0.054,4,-0.043,False,False,False,,True
faltered,3,NOT local_tax_base AND single_tax AND NOT balance,local_tax_base;single_tax;balance,010,0.829,0.369,90,28,0.56,0.104,0.083,0.115,0.167,0.103,0.108,4,-0.043,False,False,False,,True
faltered,3,NOT local_tax_base AND property_tax AND NOT extracurricular,local_tax_base;property_tax;extracurricular,010,0.829,0.363,78,20,0.625,0.074,0.038,0.115,0.133,0.069,0.027,4,-0.043,False,False,False,,True
faltered,3,local_tax_base AND NOT property_tax AND education,local_tax_base;property_tax;education,101,0.829,0.362,53,12,0.522,0.044,0.068,0.026,0.0,0.034,0.068,3,-0.043,False,False,False,,True
faltered,3,NOT property_tax AND payroll_pit AND NOT balance,property_tax;payroll_pit;balance,010,0.829,0.358,73,27,0.562,0.1,0.113,0.064,0.133,0.103,0.135,4,-0.043,False,False,False,,True
faltered,3,NOT payroll_pit AND NOT investment AND extracurricular,payroll_pit;investment;extracurricular,001,0.828,0.428,150,49,0.605,0.181,0.218,0.141,0.167,0.138,0.189,4,-0.044,False,False,False,,True
faltered,3,NOT investment AND culture AND extracurricular,investment;culture;extracurricular,011,0.828,0.424,128,36,0.632,0.133,0.143,0.103,0.167,0.138,0.203,4,-0.044,False,False,False,,True
faltered,3,payroll_pit AND NOT investment AND extracurricular,payroll_pit;investment;extracurricular,101,0.828,0.417,132,38,0.691,0.141,0.15,0.077,0.233,0.172,0.203,4,-0.044,False,False,False,,True
faltered,3,payroll_pit AND NOT education AND extracurricular,payroll_pit;education;extracurricular,101,0.828,0.404,115,38,0.613,0.141,0.128,0.154,0.167,0.138,0.162,4,-0.044,False,False,False,,True
faltered,3,NOT investment AND NOT social AND NOT small,investment;social;small,000,0.828,0.404,133,41,0.612,0.152,0.143,0.115,0.267,0.172,0.176,4,-0.044,False,False,False,,True
faltered,3,NOT property_tax AND payroll_pit AND extracurricular,property_tax;payroll_pit;extracurricular,011,0.828,0.401,103,34,0.596,0.126,0.113,0.128,0.167,0.138,0.122,4,-0.044,False,False,False,,True
faltered,3,NOT culture AND extracurricular AND NOT contestation,culture;extracurricular;contestation,010,0.828,0.401,111,34,0.576,0.126,0.143,0.128,0.167,0.0,0.108,3,-0.044,False,False,False,,True
faltered,3,NOT social AND extracurricular AND NOT contestation,social;extracurricular;contestation,010,0.828,0.398,110,37,0.649,0.137,0.135,0.141,0.167,0.103,0.135,4,-0.044,False,False,False,,True
faltered,3,NOT autonomy AND extracurricular AND small,autonomy;extracurricular;small,011,0.828,0.397,91,25,0.543,0.093,0.15,0.038,0.033,0.034,0.149,1,-0.044,False,False,False,,False
faltered,3,NOT local_tax_base AND NOT contestation AND small,local_tax_base;contestation;small,001,0.828,0.396,105,35,0.603,0.13,0.128,0.128,0.133,0.138,0.081,4,-0.044,False,False,False,,True
faltered,3,NOT property_tax AND NOT payroll_pit AND autonomy,property_tax;payroll_pit;autonomy,001,0.828,0.393,92,18,0.439,0.067,0.053,0.077,0.133,0.034,0.014,4,-0.044,False,False,False,,True
faltered,3,payroll_pit AND social AND NOT culture,payroll_pit;social;culture,110,0.828,0.392,103,35,0.66,0.13,0.105,0.167,0.133,0.138,0.122,4,-0.044,False,False,False,,True
faltered,3,NOT local_tax_base AND NOT property_tax AND small,local_tax_base;property_tax;small,001,0.828,0.389,91,32,0.542,0.119,0.173,0.077,0.067,0.034,0.122,3,-0.044,False,False,False,,True
faltered,3,NOT local_tax_base AND NOT autonomy AND contestation,local_tax_base;autonomy;contestation,001,0.828,0.385,99,21,0.404,0.078,0.098,0.051,0.067,0.069,0.122,4,-0.044,False,False,False,,True
faltered,3,payroll_pit AND extracurricular AND NOT balance,payroll_pit;extracurricular;balance,110,0.828,0.385,94,27,0.551,0.1,0.105,0.09,0.1,0.103,0.135,4,-0.044,False,False,False,,True
faltered,3,NOT local_tax_base AND NOT payroll_pit AND NOT balance,local_tax_base;payroll_pit;balance,000,0.828,0.384,115,35,0.53,0.13,0.195,0.051,0.1,0.069,0.162,3,-0.044,False,False,False,,True
faltered,3,NOT local_tax_base AND NOT education AND NOT extracurricular,local_tax_base;education;extracurricular,000,0.828,0.379,80,19,0.442,0.07,0.075,0.064,0.033,0.103,0.081,3,-0.044,False,False,False,,True
faltered,3,payroll_pit AND NOT autonomy AND balance,payroll_pit;autonomy;balance,101,0.828,0.379,57,14,0.467,0.052,0.075,0.013,0.0,0.103,0.054,2,-0.044,False,False,False,,False
faltered,3,NOT local_tax_base AND property_tax AND NOT small,local_tax_base;property_tax;small,010,0.828,0.377,88,20,0.476,0.074,0.045,0.103,0.067,0.138,0.081,4,-0.044,False,False,False,,True
faltered,3,NOT culture AND education AND NOT contestation,culture;education;contestation,010,0.828,0.374,83,27,0.6,0.1,0.12,0.115,0.067,0.0,0.122,3,-0.044,False,False,False,,True
faltered,3,NOT payroll_pit AND autonomy AND NOT balance,payroll_pit;autonomy;balance,010,0.828,0.371,74,19,0.475,0.07,0.075,0.051,0.1,0.069,0.054,4,-0.044,False,False,False,,True
faltered,3,investment AND NOT culture AND education,investment;culture;education,101,0.828,0.363,71,20,0.5,0.074,0.075,0.103,0.033,0.034,0.095,2,-0.044,False,False,False,,False
faltered,3,NOT culture AND balance AND small,culture;balance;small,011,0.828,0.36,64,17,0.459,0.063,0.09,0.038,0.033,0.034,0.095,4,-0.044,False,False,False,,True
faltered,3,NOT single_tax AND payroll_pit AND NOT extracurricular,single_tax;payroll_pit;extracurricular,010,0.828,0.356,54,15,0.577,0.056,0.045,0.064,0.033,0.103,0.027,4,-0.044,False,False,False,,True
faltered,3,NOT property_tax AND autonomy AND extracurricular,property_tax;autonomy;extracurricular,011,0.827,0.425,140,42,0.6,0.156,0.12,0.192,0.3,0.069,0.081,3,-0.045,False,False,False,,True
faltered,3,NOT local_tax_base AND NOT autonomy AND NOT culture,local_tax_base;autonomy;culture,000,0.827,0.409,130,39,0.513,0.144,0.158,0.141,0.133,0.103,0.122,4,-0.045,False,False,False,,True
faltered,3,NOT autonomy AND extracurricular AND NOT contestation,autonomy;extracurricular;contestation,010,0.827,0.408,121,33,0.524,0.122,0.143,0.103,0.067,0.138,0.135,4,-0.045,False,False,False,,True
faltered,3,NOT single_tax AND extracurricular AND NOT balance,single_tax;extracurricular;balance,010,0.827,0.404,130,44,0.603,0.163,0.203,0.09,0.2,0.138,0.189,4,-0.045,False,False,False,,True
faltered,3,property_tax AND NOT single_tax AND NOT education,property_tax;single_tax;education,100,0.827,0.398,94,36,0.643,0.133,0.113,0.141,0.1,0.241,0.149,4,-0.045,False,False,False,,True
faltered,3,local_tax_base AND payroll_pit AND NOT investment,local_tax_base;payroll_pit;investment,110,0.827,0.391,109,27,0.628,0.1,0.12,0.09,0.033,0.103,0.122,3,-0.045,False,False,False,,True
faltered,3,NOT local_tax_base AND NOT payroll_pit AND contestation,local_tax_base;payroll_pit;contestation,001,0.827,0.391,103,22,0.431,0.081,0.09,0.064,0.067,0.103,0.095,4,-0.045,False,False,False,,True
faltered,3,NOT local_tax_base AND single_tax AND NOT contestation,local_tax_base;single_tax;contestation,010,0.827,0.387,104,23,0.46,0.085,0.068,0.064,0.167,0.138,0.068,4,-0.045,False,False,False,,True
faltered,3,property_tax AND extracurricular AND NOT contestation,property_tax;extracurricular;contestation,110,0.827,0.387,90,18,0.45,0.067,0.075,0.038,0.067,0.103,0.122,4,-0.045,False,False,False,,True
faltered,3,NOT payroll_pit AND NOT investment AND culture,payroll_pit;investment;culture,001,0.827,0.386,93,25,0.455,0.093,0.098,0.09,0.067,0.103,0.135,4,-0.045,False,False,False,,True
faltered,3,education AND extracurricular AND NOT balance,education;extracurricular;balance,110,0.827,0.386,106,30,0.577,0.111,0.173,0.038,0.033,0.103,0.203,2,-0.045,False,False,False,,False
faltered,3,NOT property_tax AND social AND NOT contestation,property_tax;social;contestation,010,0.827,0.384,98,23,0.442,0.085,0.09,0.103,0.067,0.034,0.068,3,-0.045,False,False,False,,True
faltered,3,NOT education AND NOT contestation AND NOT balance,education;contestation;balance,000,0.827,0.383,110,39,0.661,0.144,0.173,0.128,0.067,0.138,0.189,3,-0.045,False,False,False,,True
faltered,3,social AND NOT culture AND NOT balance,social;culture;balance,100,0.827,0.376,95,28,0.609,0.104,0.083,0.154,0.067,0.103,0.108,4,-0.045,False,False,False,,True
faltered,3,NOT single_tax AND payroll_pit AND investment,single_tax;payroll_pit;investment,011,0.827,0.375,74,26,0.553,0.096,0.083,0.115,0.033,0.172,0.054,3,-0.045,False,False,False,,True
faltered,3,NOT autonomy AND social AND NOT small,autonomy;social;small,010,0.827,0.375,90,14,0.35,0.052,0.038,0.077,0.033,0.069,0.041,4,-0.045,False,False,False,,True
faltered,3,local_tax_base AND culture AND NOT small,local_tax_base;culture;small,110,0.827,0.374,69,12,0.429,0.044,0.045,0.038,0.033,0.069,0.041,4,-0.045,False,False,False,,True
faltered,3,NOT property_tax AND social AND NOT balance,property_tax;social;balance,010,0.827,0.372,84,19,0.452,0.07,0.113,0.026,0.033,0.034,0.135,1,-0.045,False,False,False,,False
faltered,3,single_tax AND NOT autonomy AND NOT culture,single_tax;autonomy;culture,100,0.827,0.367,70,18,0.5,0.067,0.098,0.026,0.067,0.034,0.108,3,-0.045,False,False,False,,True
faltered,3,property_tax AND NOT single_tax AND NOT balance,property_tax;single_tax;balance,100,0.827,0.36,69,24,0.6,0.089,0.075,0.128,0.067,0.069,0.095,4,-0.045,False,False,False,,True
faltered,3,payroll_pit AND NOT balance AND NOT small,payroll_pit;balance;small,100,0.827,0.349,67,22,0.564,0.081,0.075,0.077,0.1,0.103,0.108,4,-0.045,False,False,False,,True
faltered,3,NOT investment AND social AND extracurricular,investment;social;extracurricular,011,0.826,0.434,140,36,0.632,0.133,0.165,0.103,0.1,0.103,0.189,4,-0.046,False,False,False,,True
faltered,3,NOT investment AND NOT culture AND NOT small,investment;culture;small,000,0.826,0.433,157,43,0.581,0.159,0.143,0.154,0.233,0.172,0.176,4,-0.046,False,False,False,,True
faltered,3,NOT investment AND extracurricular AND contestation,investment;extracurricular;contestation,011,0.826,0.433,152,45,0.643,0.167,0.195,0.09,0.233,0.172,0.243,4,-0.046,False,False,False,,True
faltered,3,autonomy AND NOT investment AND balance,autonomy;investment;balance,101,0.826,0.418,129,27,0.587,0.1,0.098,0.09,0.167,0.069,0.135,4,-0.046,False,False,False,,True
faltered,3,NOT local_tax_base AND NOT autonomy AND extracurricular,local_tax_base;autonomy;extracurricular,001,0.826,0.415,126,35,0.5,0.13,0.135,0.115,0.1,0.172,0.135,4,-0.046,False,False,False,,True
faltered,3,NOT property_tax AND NOT single_tax AND autonomy,property_tax;single_tax;autonomy,001,0.826,0.411,118,35,0.565,0.13,0.098,0.141,0.267,0.103,0.054,4,-0.046,False,False,False,,True
faltered,3,payroll_pit AND NOT investment AND balance,payroll_pit;investment;balance,101,0.826,0.411,114,30,0.732,0.111,0.12,0.077,0.133,0.138,0.162,4,-0.046,False,False,False,,True
faltered,3,NOT local_tax_base AND NOT contestation AND NOT small,local_tax_base;contestation;small,000,0.826,0.403,143,36,0.474,0.133,0.09,0.167,0.233,0.138,0.081,4,-0.046,False,False,False,,True
faltered,3,autonomy AND social AND NOT culture,autonomy;social;culture,110,0.826,0.403,109,33,0.611,0.122,0.09,0.154,0.167,0.138,0.108,4,-0.046,False,False,False,,True
faltered,3,NOT single_tax AND autonomy AND NOT social,single_tax;autonomy;social,010,0.826,0.402,107,38,0.644,0.141,0.143,0.128,0.2,0.103,0.135,4,-0.046,False,False,False,,True
faltered,3,NOT local_tax_base AND NOT autonomy AND NOT contestation,local_tax_base;autonomy;contestation,000,0.826,0.399,124,36,0.5,0.133,0.143,0.141,0.067,0.138,0.122,4,-0.046,False,False,False,,True
faltered,3,NOT property_tax AND autonomy AND NOT social,property_tax;autonomy;social,010,0.826,0.399,116,34,0.576,0.126,0.098,0.167,0.2,0.069,0.041,4,-0.046,False,False,False,,True
faltered,3,NOT property_tax AND culture AND balance,property_tax;culture;balance,011,0.826,0.399,92,19,0.475,0.07,0.038,0.103,0.067,0.138,0.014,4,-0.046,False,False,False,,True
faltered,3,NOT autonomy AND NOT education AND NOT contestation,autonomy;education;contestation,000,0.826,0.399,125,40,0.571,0.148,0.135,0.179,0.067,0.207,0.176,3,-0.046,False,False,False,,True
faltered,3,NOT local_tax_base AND NOT social AND NOT balance,local_tax_base;social;balance,000,0.826,0.398,137,52,0.612,0.193,0.203,0.154,0.267,0.172,0.176,4,-0.046,False,False,False,,True
faltered,3,extracurricular AND contestation AND NOT balance,extracurricular;contestation;balance,110,0.826,0.397,117,34,0.567,0.126,0.135,0.103,0.133,0.138,0.149,4,-0.046,False,False,False,,True
faltered,3,payroll_pit AND NOT education AND balance,payroll_pit;education;balance,101,0.826,0.396,102,30,0.577,0.111,0.105,0.103,0.1,0.172,0.122,4,-0.046,False,False,False,,True
faltered,3,NOT education AND extracurricular AND NOT balance,education;extracurricular;balance,010,0.826,0.395,112,38,0.594,0.141,0.143,0.115,0.2,0.138,0.135,4,-0.046,False,False,False,,True
faltered,3,NOT property_tax AND payroll_pit AND balance,property_tax;payroll_pit;balance,011,0.826,0.392,86,20,0.513,0.074,0.075,0.077,0.067,0.069,0.041,4,-0.046,False,False,False,,True
faltered,3,NOT property_tax AND payroll_pit AND education,property_tax;payroll_pit;education,011,0.826,0.389,80,22,0.537,0.081,0.098,0.051,0.1,0.069,0.095,4,-0.046,False,False,False,,True
faltered,3,property_tax AND NOT culture AND NOT small,property_tax;culture;small,100,0.826,0.382,82,31,0.633,0.115,0.09,0.115,0.1,0.241,0.122,4,-0.046,False,False,False,,True
faltered,3,NOT local_tax_base AND NOT culture AND NOT extracurricular,local_tax_base;culture;extracurricular,000,0.826,0.381,82,24,0.5,0.089,0.098,0.077,0.067,0.103,0.122,4,-0.046,False,False,False,,True
faltered,3,NOT single_tax AND NOT investment AND education,single_tax;investment;education,001,0.826,0.381,83,26,0.553,0.096,0.128,0.064,0.067,0.069,0.135,4,-0.046,False,False,False,,True
faltered,3,NOT single_tax AND culture AND contestation,single_tax;culture;contestation,011,0.826,0.381,82,20,0.476,0.074,0.113,0.038,0.067,0.0,0.149,3,-0.046,False,False,False,,True
faltered,3,property_tax AND NOT social AND NOT education,property_tax;social;education,100,0.826,0.376,73,33,0.66,0.122,0.128,0.115,0.1,0.138,0.176,4,-0.046,False,False,False,,True
faltered,3,NOT payroll_pit AND culture AND NOT small,payroll_pit;culture;small,010,0.826,0.376,82,16,0.4,0.059,0.053,0.064,0.067,0.069,0.041,4,-0.046,False,False,False,,True
faltered,3,payroll_pit AND NOT social AND NOT contestation,payroll_pit;social;contestation,100,0.826,0.375,91,30,0.6,0.111,0.098,0.103,0.133,0.172,0.068,4,-0.046,False,False,False,,True
faltered,3,local_tax_base AND NOT contestation AND NOT small,local_tax_base;contestation;small,100,0.826,0.374,96,27,0.659,0.1,0.128,0.115,0.0,0.034,0.203,2,-0.046,False,False,False,,False
faltered,3,social AND NOT balance AND NOT small,social;balance;small,100,0.826,0.372,87,21,0.477,0.078,0.105,0.038,0.033,0.103,0.122,2,-0.046,False,False,False,,False
faltered,3,NOT local_tax_base AND NOT payroll_pit AND investment,local_tax_base;payroll_pit;investment,001,0.826,0.371,93,20,0.392,0.074,0.06,0.103,0.1,0.034,0.081,3,-0.046,False,False,False,,True
faltered,3,education AND contestation AND NOT balance,education;contestation;balance,110,0.826,0.369,89,19,0.543,0.07,0.075,0.077,0.033,0.069,0.108,3,-0.046,False,False,False,,True
faltered,3,payroll_pit AND NOT culture AND NOT balance,payroll_pit;culture;balance,100,0.826,0.363,90,33,0.6,0.122,0.083,0.179,0.167,0.103,0.095,4,-0.046,False,False,False,,True
faltered,3,single_tax AND NOT culture AND NOT contestation,single_tax;culture;contestation,100,0.826,0.361,73,16,0.485,0.059,0.083,0.064,0.0,0.0,0.108,2,-0.046,False,False,False,,False
faltered,3,single_tax AND NOT education AND small,single_tax;education;small,101,0.826,0.357,53,13,0.371,0.048,0.038,0.064,0.067,0.034,0.041,4,-0.046,False,False,False,,True
faltered,3,NOT single_tax AND culture AND NOT balance,single_tax;culture;balance,010,0.826,0.356,72,19,0.487,0.07,0.105,0.051,0.0,0.034,0.149,2,-0.046,False,False,False,,False
faltered,3,NOT autonomy AND NOT investment AND extracurricular,autonomy;investment;extracurricular,001,0.825,0.431,143,42,0.553,0.156,0.195,0.128,0.033,0.172,0.189,3,-0.047,False,False,False,,True
faltered,3,NOT investment AND NOT culture AND NOT balance,investment;culture;balance,000,0.825,0.406,134,45,0.625,0.167,0.218,0.077,0.3,0.034,0.162,2,-0.047,False,False,False,,False
faltered,3,NOT payroll_pit AND extracurricular AND NOT balance,payroll_pit;extracurricular;balance,010,0.825,0.404,124,41,0.612,0.152,0.211,0.064,0.133,0.138,0.203,3,-0.047,False,False,False,,True
faltered,3,NOT investment AND social AND NOT small,investment;social;small,010,0.825,0.4,124,27,0.562,0.1,0.113,0.103,0.067,0.069,0.149,4,-0.047,False,False,False,,True
faltered,3,property_tax AND payroll_pit AND NOT social,property_tax;payroll_pit;social,110,0.825,0.397,99,31,0.608,0.115,0.128,0.09,0.1,0.138,0.108,4,-0.047,False,False,False,,True
faltered,3,property_tax AND payroll_pit AND NOT autonomy,property_tax;payroll_pit;autonomy,110,0.825,0.396,93,23,0.575,0.085,0.09,0.077,0.033,0.138,0.068,3,-0.047,False,False,False,,True
faltered,3,NOT property_tax AND NOT payroll_pit AND culture,property_tax;payroll_pit;culture,001,0.825,0.394,102,24,0.49,0.089,0.09,0.09,0.067,0.103,0.095,4,-0.047,False,False,False,,True
faltered,3,local_tax_base AND NOT property_tax AND NOT contestation,local_tax_base;property_tax;contestation,100,0.825,0.389,100,31,0.66,0.115,0.135,0.115,0.0,0.138,0.162,3,-0.047,False,False,False,,True
faltered,3,NOT property_tax AND NOT investment AND small,property_tax;investment;small,001,0.825,0.389,105,33,0.524,0.122,0.173,0.077,0.1,0.034,0.108,3,-0.047,False,False,False,,True
faltered,3,NOT payroll_pit AND culture AND NOT education,payroll_pit;culture;education,010,0.825,0.388,86,24,0.511,0.089,0.075,0.103,0.1,0.103,0.095,4,-0.047,False,False,False,,True
faltered,3,NOT investment AND contestation AND NOT balance,investment;contestation;balance,010,0.825,0.388,105,32,0.542,0.119,0.128,0.077,0.233,0.069,0.135,4,-0.047,False,False,False,,True
faltered,3,NOT investment AND NOT contestation AND balance,investment;contestation;balance,001,0.825,0.387,94,22,0.512,0.081,0.06,0.141,0.067,0.034,0.054,3,-0.047,False,False,False,,True
faltered,3,NOT property_tax AND NOT culture AND education,property_tax;culture;education,001,0.825,0.385,83,26,0.591,0.096,0.135,0.064,0.1,0.0,0.122,3,-0.047,False,False,False,,True
faltered,3,local_tax_base AND culture AND NOT education,local_tax_base;culture;education,110,0.825,0.382,74,22,0.5,0.081,0.075,0.077,0.067,0.138,0.095,4,-0.047,False,False,False,,True
faltered,3,NOT autonomy AND social AND NOT culture,autonomy;social;culture,010,0.825,0.382,98,22,0.468,0.081,0.083,0.115,0.033,0.034,0.081,2,-0.047,False,False,False,,False
faltered,3,NOT social AND culture AND contestation,social;culture;contestation,011,0.825,0.382,90,23,0.548,0.085,0.098,0.09,0.033,0.069,0.135,3,-0.047,False,False,False,,True
faltered,3,property_tax AND NOT single_tax AND NOT social,property_tax;single_tax;social,100,0.825,0.379,82,28,0.583,0.104,0.128,0.077,0.067,0.103,0.162,4,-0.047,False,False,False,,True
faltered,3,single_tax AND NOT investment AND NOT social,single_tax;investment;social,100,0.825,0.379,103,30,0.556,0.111,0.105,0.077,0.167,0.172,0.108,4,-0.047,False,False,False,,True
faltered,3,NOT local_tax_base AND balance AND small,local_tax_base;balance;small,011,0.825,0.377,80,20,0.5,0.074,0.09,0.051,0.1,0.034,0.068,3,-0.047,False,False,False,,True
faltered,3,NOT single_tax AND social AND education,single_tax;social;education,011,0.825,0.377,80,17,0.405,0.063,0.068,0.077,0.033,0.034,0.068,4,-0.047,False,False,False,,True
faltered,3,NOT autonomy AND NOT extracurricular AND NOT small,autonomy;extracurricular;small,000,0.825,0.376,92,25,0.5,0.093,0.12,0.051,0.067,0.103,0.162,4,-0.047,False,False,False,,True
faltered,3,social AND NOT culture AND NOT extracurricular,social;culture;extracurricular,100,0.825,0.373,77,22,0.579,0.081,0.06,0.141,0.033,0.069,0.081,3,-0.047,False,False,False,,True
faltered,3,culture AND contestation AND NOT balance,culture;contestation;balance,110,0.825,0.372,85,18,0.474,0.067,0.09,0.064,0.0,0.034,0.122,3,-0.047,False,False,False,,True
faltered,3,NOT property_tax AND social AND NOT extracurricular,property_tax;social;extracurricular,010,0.825,0.371,69,10,0.345,0.037,0.053,0.038,0.0,0.0,0.068,2,-0.047,False,False,False,,False
faltered,3,NOT single_tax AND social AND NOT balance,single_tax;social;balance,010,0.825,0.371,92,24,0.522,0.089,0.098,0.103,0.033,0.069,0.108,3,-0.047,False,False,False,,True
faltered,3,payroll_pit AND NOT education AND NOT balance,payroll_pit;education;balance,100,0.825,0.355,71,25,0.556,0.093,0.068,0.141,0.1,0.069,0.068,4,-0.047,False,False,False,,True
faltered,3,payroll_pit AND NOT extracurricular AND NOT small,payroll_pit;extracurricular;small,100,0.825,0.34,45,7,0.333,0.026,0.015,0.026,0.033,0.069,0.014,4,-0.047,False,False,False,,True
faltered,3,NOT single_tax AND social AND extracurricular,single_tax;social;extracurricular,011,0.824,0.421,127,34,0.5,0.126,0.105,0.141,0.167,0.138,0.095,4,-0.048,False,False,False,,True
faltered,3,NOT social AND extracurricular AND contestation,social;extracurricular;contestation,011,0.824,0.421,130,42,0.592,0.156,0.15,0.141,0.167,0.207,0.149,4,-0.048,False,False,False,,True
faltered,3,NOT local_tax_base AND NOT single_tax AND autonomy,local_tax_base;single_tax;autonomy,001,0.824,0.415,139,44,0.603,0.163,0.12,0.179,0.267,0.207,0.081,4,-0.048,False,False,False,,True
faltered,3,NOT single_tax AND NOT payroll_pit AND autonomy,single_tax;payroll_pit;autonomy,001,0.824,0.41,107,31,0.534,0.115,0.12,0.103,0.167,0.069,0.108,4,-0.048,False,False,False,,True
faltered,3,NOT local_tax_base AND NOT single_tax AND social,local_tax_base;single_tax;social,001,0.824,0.409,130,33,0.5,0.122,0.09,0.167,0.133,0.138,0.081,4,-0.048,False,False,False,,True
faltered,3,NOT local_tax_base AND culture AND NOT small,local_tax_base;culture;small,010,0.824,0.407,131,28,0.467,0.104,0.098,0.103,0.133,0.103,0.135,4,-0.048,False,False,False,,True
faltered,3,NOT single_tax AND extracurricular AND NOT contestation,single_tax;extracurricular;contestation,010,0.824,0.407,126,42,0.568,0.156,0.143,0.179,0.233,0.069,0.108,3,-0.048,False,False,False,,True
faltered,3,NOT payroll_pit AND extracurricular AND NOT contestation,payroll_pit;extracurricular;contestation,010,0.824,0.407,130,41,0.577,0.152,0.165,0.154,0.2,0.034,0.135,3,-0.048,False,False,False,,True
faltered,3,NOT local_tax_base AND NOT single_tax AND payroll_pit,local_tax_base;single_tax;payroll_pit,001,0.824,0.402,109,37,0.607,0.137,0.098,0.154,0.167,0.241,0.095,4,-0.048,False,False,False,,True
faltered,3,payroll_pit AND NOT investment AND NOT balance,payroll_pit;investment;balance,100,0.824,0.402,135,37,0.587,0.137,0.12,0.128,0.2,0.172,0.135,4,-0.048,False,False,False,,True
faltered,3,NOT social AND extracurricular AND NOT balance,social;extracurricular;balance,010,0.824,0.398,122,41,0.612,0.152,0.173,0.103,0.2,0.138,0.176,4,-0.048,False,False,False,,True
faltered,3,property_tax AND NOT autonomy AND NOT investment,property_tax;autonomy;investment,100,0.824,0.395,104,23,0.451,0.085,0.09,0.051,0.033,0.207,0.122,3,-0.048,False,False,False,,True
faltered,3,NOT investment AND NOT culture AND small,investment;culture;small,001,0.824,0.391,113,34,0.567,0.126,0.195,0.064,0.1,0.0,0.122,3,-0.048,False,False,False,,True
faltered,3,NOT property_tax AND payroll_pit AND NOT small,property_tax;payroll_pit;small,010,0.824,0.388,100,29,0.569,0.107,0.09,0.103,0.167,0.138,0.108,4,-0.048,False,False,False,,True
faltered,3,NOT autonomy AND NOT contestation AND NOT small,autonomy;contestation;small,000,0.824,0.388,126,33,0.532,0.122,0.135,0.115,0.033,0.172,0.203,3,-0.048,False,False,False,,True
faltered,3,single_tax AND NOT autonomy AND extracurricular,single_tax;autonomy;extracurricular,101,0.824,0.385,83,17,0.486,0.063,0.09,0.013,0.033,0.103,0.122,3,-0.048,False,False,False,,True
faltered,3,NOT payroll_pit AND NOT investment AND social,payroll_pit;investment;social,001,0.824,0.385,87,15,0.357,0.056,0.053,0.09,0.0,0.034,0.027,3,-0.048,False,False,False,,True
faltered,3,NOT property_tax AND single_tax AND social,property_tax;single_tax;social,011,0.824,0.382,73,15,0.441,0.056,0.098,0.026,0.0,0.0,0.095,1,-0.048,False,False,False,,False
faltered,3,NOT local_tax_base AND NOT autonomy AND balance,local_tax_base;autonomy;balance,001,0.824,0.381,94,18,0.367,0.067,0.023,0.115,0.067,0.138,0.014,3,-0.048,False,False,False,,True
faltered,3,payroll_pit AND NOT social AND contestation,payroll_pit;social;contestation,101,0.824,0.381,88,27,0.529,0.1,0.113,0.09,0.1,0.069,0.095,4,-0.048,False,False,False,,True
faltered,3,autonomy AND NOT contestation AND NOT small,autonomy;contestation;small,100,0.824,0.381,113,30,0.545,0.111,0.083,0.167,0.2,0.0,0.081,3,-0.048,False,False,False,,True
faltered,3,property_tax AND NOT single_tax AND contestation,property_tax;single_tax;contestation,101,0.824,0.378,93,29,0.558,0.107,0.098,0.09,0.1,0.207,0.108,4,-0.048,False,False,False,,True
faltered,3,property_tax AND NOT autonomy AND NOT social,property_tax;autonomy;social,100,0.824,0.378,89,24,0.522,0.089,0.083,0.09,0.033,0.172,0.095,3,-0.048,False,False,False,,True
faltered,3,NOT property_tax AND investment AND culture,property_tax;investment;culture,011,0.824,0.378,80,14,0.389,0.052,0.053,0.051,0.0,0.103,0.041,3,-0.048,False,False,False,,True
faltered,3,culture AND NOT education AND contestation,culture;education;contestation,101,0.824,0.378,79,19,0.5,0.07,0.083,0.064,0.067,0.034,0.122,3,-0.048,False,False,False,,True
faltered,3,property_tax AND NOT social AND balance,property_tax;social;balance,101,0.824,0.375,81,26,0.481,0.096,0.15,0.038,0.033,0.069,0.176,2,-0.048,False,False,False,,False
faltered,3,social AND NOT education AND NOT contestation,social;education;contestation,100,0.824,0.375,92,20,0.4,0.074,0.045,0.128,0.1,0.034,0.041,3,-0.048,False,False,False,,True
faltered,3,NOT property_tax AND culture AND NOT extracurricular,property_tax;culture;extracurricular,010,0.824,0.373,74,14,0.378,0.052,0.075,0.026,0.0,0.069,0.068,3,-0.048,False,False,False,,True
faltered,3,NOT local_tax_base AND NOT extracurricular AND NOT small,local_tax_base;extracurricular;small,000,0.824,0.372,73,10,0.278,0.037,0.045,0.026,0.0,0.069,0.068,3,-0.048,False,False,False,,True
faltered,3,culture AND NOT education AND NOT extracurricular,culture;education;extracurricular,100,0.824,0.371,66,17,0.447,0.063,0.06,0.077,0.0,0.103,0.068,3,-0.048,False,False,False,,True
faltered,3,property_tax AND NOT payroll_pit AND NOT investment,property_tax;payroll_pit;investment,100,0.824,0.369,78,20,0.444,0.074,0.075,0.064,0.067,0.103,0.122,4,-0.048,False,False,False,,True
faltered,3,payroll_pit AND NOT autonomy AND investment,payroll_pit;autonomy;investment,101,0.824,0.364,65,16,0.533,0.059,0.068,0.051,0.033,0.069,0.041,4,-0.048,False,False,False,,True
faltered,3,single_tax AND NOT education AND NOT contestation,single_tax;education;contestation,100,0.824,0.362,73,15,0.441,0.056,0.053,0.064,0.033,0.069,0.068,4,-0.048,False,False,False,,True
faltered,3,single_tax AND NOT contestation AND NOT small,single_tax;contestation;small,100,0.824,0.355,78,16,0.485,0.059,0.068,0.038,0.067,0.069,0.081,4,-0.048,False,False,False,,True
faltered,3,property_tax AND NOT extracurricular AND NOT small,property_tax;extracurricular;small,100,0.824,0.346,46,12,0.462,0.044,0.03,0.051,0.067,0.069,0.041,4,-0.048,False,False,False,,True
faltered,3,NOT property_tax AND NOT investment AND extracurricular,property_tax;investment;extracurricular,001,0.823,0.441,172,56,0.636,0.207,0.226,0.167,0.3,0.138,0.176,4,-0.049,False,False,False,,True
faltered,3,NOT local_tax_base AND NOT property_tax AND culture,local_tax_base;property_tax;culture,001,0.823,0.417,123,29,0.46,0.107,0.128,0.077,0.1,0.103,0.149,4,-0.049,False,False,False,,True
faltered,3,NOT local_tax_base AND NOT payroll_pit AND NOT social,local_tax_base;payroll_pit;social,000,0.823,0.41,140,42,0.553,0.156,0.173,0.128,0.167,0.138,0.135,4,-0.049,False,False,False,,True
faltered,3,NOT property_tax AND NOT investment AND NOT balance,property_tax;investment;balance,000,0.823,0.408,142,51,0.607,0.189,0.256,0.077,0.267,0.103,0.216,3,-0.049,False,False,False,,True
faltered,3,NOT local_tax_base AND NOT social AND contestation,local_tax_base;social;contestation,001,0.823,0.407,121,34,0.493,0.126,0.128,0.115,0.133,0.138,0.122,4,-0.049,False,False,False,,True
faltered,3,NOT culture AND extracurricular AND NOT balance,culture;extracurricular;balance,010,0.823,0.407,130,46,0.605,0.17,0.188,0.141,0.2,0.138,0.176,4,-0.049,False,False,False,,True
faltered,3,payroll_pit AND NOT investment AND contestation,payroll_pit;investment;contestation,101,0.823,0.406,131,36,0.632,0.133,0.15,0.077,0.2,0.138,0.203,4,-0.049,False,False,False,,True
faltered,3,NOT investment AND NOT culture AND balance,investment;culture;balance,001,0.823,0.405,136,32,0.516,0.119,0.12,0.141,0.033,0.138,0.135,3,-0.049,False,False,False,,True
faltered,3,NOT payroll_pit AND social AND extracurricular,payroll_pit;social;extracurricular,011,0.823,0.404,100,21,0.42,0.078,0.068,0.09,0.1,0.069,0.054,4,-0.049,False,False,False,,True
faltered,3,NOT local_tax_base AND property_tax AND extracurricular,local_tax_base;property_tax;extracurricular,011,0.823,0.403,110,28,0.528,0.104,0.083,0.103,0.133,0.172,0.108,4,-0.049,False,False,False,,True
faltered,3,local_tax_base AND extracurricular AND small,local_tax_base;extracurricular;small,111,0.823,0.401,100,22,0.537,0.081,0.113,0.051,0.067,0.034,0.122,3,-0.049,False,False,False,,True
faltered,3,autonomy AND social AND NOT balance,autonomy;social;balance,110,0.823,0.401,114,30,0.566,0.111,0.09,0.167,0.067,0.103,0.081,4,-0.049,False,False,False,,True
faltered,3,NOT local_tax_base AND social AND NOT contestation,local_tax_base;social;contestation,010,0.823,0.399,123,26,0.419,0.096,0.068,0.128,0.133,0.103,0.054,4,-0.049,False,False,False,,True
faltered,3,property_tax AND autonomy AND NOT culture,property_tax;autonomy;culture,110,0.823,0.398,106,36,0.581,0.133,0.128,0.141,0.133,0.138,0.149,4,-0.049,False,False,False,,True
faltered,3,autonomy AND NOT education AND NOT contestation,autonomy;education;contestation,100,0.823,0.392,112,34,0.557,0.126,0.128,0.141,0.133,0.069,0.108,4,-0.049,False,False,False,,True
faltered,3,NOT single_tax AND NOT education AND small,single_tax;education;small,001,0.823,0.39,88,34,0.607,0.126,0.143,0.103,0.1,0.138,0.122,4,-0.049,False,False,False,,True
faltered,3,investment AND extracurricular AND NOT balance,investment;extracurricular;balance,110,0.823,0.388,100,20,0.444,0.074,0.06,0.115,0.0,0.103,0.095,3,-0.049,False,False,False,,True
faltered,3,NOT local_tax_base AND autonomy AND NOT extracurricular,local_tax_base;autonomy;extracurricular,010,0.823,0.38,95,22,0.524,0.081,0.06,0.09,0.133,0.103,0.054,4,-0.049,False,False,False,,True
faltered,3,NOT property_tax AND payroll_pit AND contestation,property_tax;payroll_pit;contestation,011,0.823,0.379,82,23,0.561,0.085,0.105,0.051,0.133,0.034,0.108,3,-0.049,False,False,False,,True
faltered,3,single_tax AND extracurricular AND NOT balance,single_tax;extracurricular;balance,110,0.823,0.379,88,24,0.558,0.089,0.113,0.064,0.033,0.103,0.149,3,-0.049,False,False,False,,True
faltered,3,single_tax AND NOT social AND extracurricular,single_tax;social;extracurricular,101,0.823,0.378,83,23,0.535,0.085,0.098,0.051,0.1,0.103,0.122,4,-0.049,False,False,False,,True
faltered,3,single_tax AND culture AND NOT education,single_tax;culture;education,110,0.823,0.378,73,17,0.472,0.063,0.045,0.077,0.067,0.103,0.054,4,-0.049,False,False,False,,True
faltered,3,autonomy AND education AND NOT small,autonomy;education;small,110,0.823,0.378,86,16,0.421,0.059,0.053,0.064,0.133,0.0,0.068,3,-0.049,False,False,False,,True
faltered,3,NOT payroll_pit AND social AND NOT balance,payroll_pit;social;balance,010,0.823,0.371,83,18,0.462,0.067,0.098,0.038,0.0,0.069,0.095,3,-0.049,False,False,False,,True
faltered,3,single_tax AND NOT payroll_pit AND NOT small,single_tax;payroll_pit;small,100,0.823,0.358,54,12,0.429,0.044,0.053,0.013,0.067,0.069,0.054,3,-0.049,False,False,False,,True
faltered,3,NOT property_tax AND payroll_pit AND NOT extracurricular,property_tax;payroll_pit;extracurricular,010,0.823,0.354,56,13,0.433,0.048,0.075,0.013,0.033,0.034,0.054,3,-0.049,False,False,False,,True
faltered,3,autonomy AND NOT investment AND culture,autonomy;investment;culture,101,0.822,0.416,138,36,0.643,0.133,0.105,0.167,0.233,0.069,0.122,4,-0.05,False,False,False,,True
faltered,3,NOT investment AND education AND extracurricular,investment;education;extracurricular,011,0.822,0.416,118,32,0.593,0.119,0.173,0.026,0.1,0.138,0.176,3,-0.05,False,False,False,,True
faltered,3,NOT single_tax AND social AND NOT culture,single_tax;social;culture,010,0.822,0.411,121,31,0.544,0.115,0.075,0.179,0.1,0.138,0.068,4,-0.05,False,False,False,,True
faltered,3,NOT autonomy AND NOT investment AND social,autonomy;investment;social,001,0.822,0.41,115,26,0.473,0.096,0.12,0.09,0.0,0.103,0.108,3,-0.05,False,False,False,,True
faltered,3,NOT local_tax_base AND culture AND NOT contestation,local_tax_base;culture;contestation,010,0.822,0.408,134,34,0.515,0.126,0.083,0.141,0.2,0.207,0.068,4,-0.05,False,False,False,,True
faltered,3,culture AND extracurricular AND NOT contestation,culture;extracurricular;contestation,110,0.822,0.408,121,30,0.5,0.111,0.083,0.115,0.133,0.207,0.108,4,-0.05,False,False,False,,True
faltered,3,NOT investment AND NOT social AND NOT contestation,investment;social;contestation,000,0.822,0.406,143,49,0.62,0.181,0.218,0.103,0.233,0.172,0.203,4,-0.05,False,False,False,,True
faltered,3,NOT local_tax_base AND NOT autonomy AND NOT small,local_tax_base;autonomy;small,000,0.822,0.402,131,29,0.414,0.107,0.09,0.115,0.067,0.207,0.122,4,-0.05,False,False,False,,True
faltered,3,NOT local_tax_base AND NOT autonomy AND NOT social,local_tax_base;autonomy;social,000,0.822,0.401,130,37,0.487,0.137,0.165,0.09,0.1,0.172,0.149,4,-0.05,False,False,False,,True
faltered,3,culture AND NOT education AND NOT small,culture;education;small,100,0.822,0.398,106,25,0.521,0.093,0.083,0.103,0.1,0.103,0.095,4,-0.05,False,False,False,,True
faltered,3,payroll_pit AND NOT social AND culture,payroll_pit;social;culture,101,0.822,0.397,107,31,0.574,0.115,0.105,0.115,0.1,0.172,0.081,4,-0.05,False,False,False,,True
faltered,3,social AND NOT contestation AND NOT balance,social;contestation;balance,100,0.822,0.392,123,33,0.611,0.122,0.12,0.179,0.033,0.069,0.108,3,-0.05,False,False,False,,True
faltered,3,NOT autonomy AND social AND NOT balance,autonomy;social;balance,010,0.822,0.389,111,26,0.52,0.096,0.12,0.09,0.033,0.069,0.149,3,-0.05,False,False,False,,True
faltered,3,single_tax AND NOT education AND extracurricular,single_tax;education;extracurricular,101,0.822,0.388,93,25,0.532,0.093,0.105,0.077,0.133,0.034,0.149,3,-0.05,False,False,False,,True
faltered,3,NOT local_tax_base AND social AND small,local_tax_base;social;small,011,0.822,0.385,107,26,0.565,0.096,0.09,0.103,0.133,0.069,0.081,4,-0.05,False,False,False,,True
faltered,3,NOT investment AND NOT social AND balance,investment;social;balance,001,0.822,0.385,110,26,0.481,0.096,0.083,0.115,0.1,0.103,0.095,4,-0.05,False,False,False,,True
faltered,3,NOT property_tax AND single_tax AND NOT education,property_tax;single_tax;education,010,0.822,0.383,81,18,0.429,0.067,0.075,0.051,0.067,0.069,0.081,4,-0.05,False,False,False,,True
faltered,3,NOT local_tax_base AND NOT social AND NOT extracurricular,local_tax_base;social;extracurricular,000,0.822,0.379,94,27,0.491,0.1,0.12,0.077,0.1,0.069,0.108,4,-0.05,False,False,False,,True
faltered,3,payroll_pit AND NOT social AND NOT balance,payroll_pit;social;balance,100,0.822,0.379,108,34,0.607,0.126,0.098,0.141,0.167,0.172,0.068,4,-0.05,False,False,False,,True
faltered,3,local_tax_base AND NOT property_tax AND balance,local_tax_base;property_tax;balance,101,0.822,0.378,83,21,0.538,0.078,0.068,0.115,0.0,0.103,0.041,3,-0.05,False,False,False,,True
faltered,3,single_tax AND NOT payroll_pit AND NOT investment,single_tax;payroll_pit;investment,100,0.822,0.367,72,15,0.395,0.056,0.068,0.038,0.033,0.069,0.068,4,-0.05,False,False,False,,True
faltered,3,single_tax AND NOT payroll_pit AND social,single_tax;payroll_pit;social,101,0.822,0.366,54,9,0.36,0.033,0.045,0.026,0.0,0.034,0.027,3,-0.05,False,False,False,,True
faltered,3,NOT extracurricular AND balance AND NOT small,extracurricular;balance;small,010,0.822,0.365,74,15,0.429,0.056,0.053,0.064,0.033,0.069,0.054,4,-0.05,False,False,False,,True
faltered,3,NOT single_tax AND education AND NOT balance,single_tax;education;balance,010,0.822,0.359,84,27,0.551,0.1,0.143,0.077,0.033,0.034,0.176,2,-0.05,False,False,False,,False
faltered,3,single_tax AND NOT social AND NOT small,single_tax;social;small,100,0.822,0.356,69,19,0.475,0.07,0.075,0.051,0.067,0.103,0.081,4,-0.05,False,False,False,,True
faltered,3,property_tax AND autonomy AND NOT investment,property_tax;autonomy;investment,110,0.821,0.419,141,38,0.679,0.141,0.128,0.154,0.167,0.138,0.189,4,-0.051,False,False,False,,True
faltered,3,autonomy AND NOT investment AND social,autonomy;investment;social,101,0.821,0.417,138,29,0.617,0.107,0.098,0.141,0.1,0.069,0.149,4,-0.051,False,False,False,,True
faltered,3,NOT property_tax AND extracurricular AND NOT contestation,property_tax;extracurricular;contestation,010,0.821,0.414,142,46,0.582,0.17,0.15,0.205,0.233,0.103,0.095,4,-0.051,False,False,False,,True
faltered,3,NOT local_tax_base AND education AND NOT contestation,local_tax_base;education;contestation,010,0.821,0.408,130,38,0.559,0.141,0.128,0.128,0.2,0.172,0.108,4,-0.051,False,False,False,,True
faltered,3,single_tax AND NOT investment AND extracurricular,single_tax;investment;extracurricular,101,0.821,0.408,125,30,0.638,0.111,0.158,0.038,0.1,0.103,0.216,3,-0.051,False,False,False,,True
faltered,3,extracurricular AND NOT balance AND NOT small,extracurricular;balance;small,100,0.821,0.408,134,42,0.583,0.156,0.165,0.115,0.2,0.172,0.203,4,-0.051,False,False,False,,True
faltered,3,NOT property_tax AND extracurricular AND NOT balance,property_tax;extracurricular;balance,010,0.821,0.406,138,44,0.579,0.163,0.211,0.09,0.2,0.103,0.203,4,-0.051,False,False,False,,True
faltered,3,NOT autonomy AND NOT investment AND NOT small,autonomy;investment;small,000,0.821,0.404,125,31,0.484,0.115,0.12,0.128,0.033,0.138,0.149,3,-0.051,False,False,False,,True
faltered,3,NOT local_tax_base AND social AND NOT culture,local_tax_base;social;culture,010,0.821,0.403,128,33,0.516,0.122,0.105,0.128,0.2,0.103,0.122,4,-0.051,False,False,False,,True
faltered,3,NOT payroll_pit AND autonomy AND NOT culture,payroll_pit;autonomy;culture,010,0.821,0.403,94,21,0.457,0.078,0.083,0.064,0.1,0.069,0.068,4,-0.051,False,False,False,,True
faltered,3,payroll_pit AND NOT culture AND extracurricular,payroll_pit;culture;extracurricular,101,0.821,0.402,113,37,0.578,0.137,0.12,0.154,0.2,0.103,0.108,4,-0.051,False,False,False,,True
faltered,3,NOT autonomy AND culture AND extracurricular,autonomy;culture;extracurricular,011,0.821,0.401,104,21,0.457,0.078,0.09,0.051,0.0,0.172,0.135,3,-0.051,False,False,False,,True
faltered,3,property_tax AND autonomy AND NOT social,property_tax;autonomy;social,110,0.821,0.397,102,33,0.516,0.122,0.15,0.09,0.133,0.069,0.162,4,-0.051,False,False,False,,True
faltered,3,NOT property_tax AND culture AND education,property_tax;culture;education,011,0.821,0.397,94,20,0.417,0.074,0.098,0.051,0.0,0.103,0.108,3,-0.051,False,False,False,,True
faltered,3,extracurricular AND balance AND small,extracurricular;balance;small,111,0.821,0.397,88,22,0.564,0.081,0.09,0.064,0.133,0.034,0.068,3,-0.051,False,False,False,,True
faltered,3,payroll_pit AND extracurricular AND NOT contestation,payroll_pit;extracurricular;contestation,110,0.821,0.396,102,23,0.479,0.085,0.06,0.09,0.1,0.172,0.081,4,-0.051,False,False,False,,True
faltered,3,NOT local_tax_base AND single_tax AND small,local_tax_base;single_tax;small,011,0.821,0.395,114,31,0.554,0.115,0.098,0.103,0.233,0.103,0.081,4,-0.051,False,False,False,,True
faltered,3,payroll_pit AND NOT culture AND NOT education,payroll_pit;culture;education,100,0.821,0.395,105,36,0.571,0.133,0.113,0.154,0.133,0.172,0.122,4,-0.051,False,False,False,,True
faltered,3,NOT property_tax AND NOT contestation AND small,property_tax;contestation;small,001,0.821,0.393,100,39,0.6,0.144,0.18,0.128,0.033,0.138,0.135,3,-0.051,False,False,False,,True
faltered,3,NOT payroll_pit AND autonomy AND NOT social,payroll_pit;autonomy;social,010,0.821,0.392,95,26,0.51,0.096,0.105,0.09,0.133,0.034,0.095,3,-0.051,False,False,False,,True
faltered,3,property_tax AND NOT education AND balance,property_tax;education;balance,101,0.821,0.388,98,31,0.564,0.115,0.12,0.09,0.1,0.172,0.176,4,-0.051,False,False,False,,True
faltered,3,NOT property_tax AND single_tax AND culture,property_tax;single_tax;culture,011,0.821,0.387,86,17,0.405,0.063,0.075,0.038,0.033,0.103,0.054,4,-0.051,False,False,False,,True
faltered,3,NOT property_tax AND NOT single_tax AND education,property_tax;single_tax;education,001,0.821,0.386,85,26,0.553,0.096,0.12,0.077,0.067,0.069,0.135,4,-0.051,False,False,False,,True
faltered,3,property_tax AND NOT payroll_pit AND NOT culture,property_tax;payroll_pit;culture,100,0.821,0.382,84,23,0.511,0.085,0.09,0.077,0.067,0.103,0.122,4,-0.051,False,False,False,,True
faltered,3,single_tax AND NOT culture AND education,single_tax;culture;education,101,0.821,0.382,83,21,0.553,0.078,0.098,0.064,0.067,0.034,0.095,3,-0.051,False,False,False,,True
faltered,3,NOT culture AND education AND balance,culture;education;balance,011,0.821,0.378,71,15,0.417,0.056,0.075,0.038,0.067,0.0,0.054,3,-0.051,False,False,False,,True
faltered,3,investment AND culture AND NOT education,investment;culture;education,110,0.821,0.376,79,21,0.477,0.078,0.068,0.09,0.033,0.138,0.068,3,-0.051,False,False,False,,True
faltered,3,NOT local_tax_base AND NOT extracurricular AND contestation,local_tax_base;extracurricular;contestation,001,0.821,0.372,82,18,0.409,0.067,0.075,0.064,0.067,0.034,0.081,4,-0.051,False,False,False,,True
faltered,3,social AND NOT education AND NOT balance,social;education;balance,100,0.821,0.372,86,20,0.476,0.074,0.068,0.09,0.067,0.069,0.068,4,-0.051,False,False,False,,True
faltered,3,NOT property_tax AND balance AND small,property_tax;balance;small,011,0.821,0.365,67,18,0.462,0.067,0.075,0.09,0.0,0.034,0.054,3,-0.051,False,False,False,,True
faltered,3,social AND NOT extracurricular AND NOT small,social;extracurricular;small,100,0.821,0.365,67,9,0.29,0.033,0.015,0.051,0.033,0.069,0.027,3,-0.051,False,False,False,,True
faltered,3,NOT payroll_pit AND culture AND NOT balance,payroll_pit;culture;balance,010,0.821,0.364,77,21,0.467,0.078,0.098,0.051,0.033,0.103,0.135,3,-0.051,False,False,False,,True
faltered,3,NOT property_tax AND single_tax AND NOT balance,property_tax;single_tax;balance,010,0.821,0.358,73,21,0.5,0.078,0.098,0.064,0.067,0.034,0.122,3,-0.051,False,False,False,,True
faltered,3,NOT single_tax AND social AND small,single_tax;social;small,011,0.821,0.357,65,17,0.5,0.063,0.06,0.09,0.033,0.034,0.041,4,-0.051,False,False,False,,True
faltered,3,single_tax AND NOT balance AND NOT small,single_tax;balance;small,100,0.821,0.342,55,16,0.485,0.059,0.068,0.051,0.033,0.069,0.081,4,-0.051,False,False,False,,True
faltered,3,NOT local_tax_base AND NOT property_tax AND NOT investment,local_tax_base;property_tax;investment,000,0.82,0.454,189,58,0.574,0.215,0.241,0.154,0.333,0.138,0.203,4,-0.052,False,False,False,,True
faltered,3,NOT single_tax AND autonomy AND NOT culture,single_tax;autonomy;culture,010,0.82,0.426,133,44,0.611,0.163,0.128,0.167,0.233,0.241,0.108,4,-0.052,False,False,False,,True
faltered,3,NOT local_tax_base AND NOT social AND NOT education,local_tax_base;social;education,000,0.82,0.425,155,49,0.563,0.181,0.15,0.205,0.2,0.241,0.122,4,-0.052,False,False,False,,True
faltered,3,NOT autonomy AND NOT investment AND culture,autonomy;investment;culture,001,0.82,0.417,127,29,0.439,0.107,0.12,0.064,0.0,0.276,0.176,3,-0.052,False,False,False,,True
faltered,3,single_tax AND autonomy AND NOT investment,single_tax;autonomy;investment,110,0.82,0.416,142,35,0.66,0.13,0.128,0.141,0.167,0.069,0.162,4,-0.052,False,False,False,,True
faltered,3,local_tax_base AND extracurricular AND contestation,local_tax_base;extracurricular;contestation,111,0.82,0.415,112,27,0.562,0.1,0.113,0.09,0.067,0.103,0.108,4,-0.052,False,False,False,,True
faltered,3,local_tax_base AND extracurricular AND NOT small,local_tax_base;extracurricular;small,110,0.82,0.412,106,24,0.545,0.089,0.098,0.09,0.033,0.103,0.122,3,-0.052,False,False,False,,True
faltered,3,NOT local_tax_base AND culture AND contestation,local_tax_base;culture;contestation,011,0.82,0.411,121,23,0.442,0.085,0.113,0.077,0.067,0.0,0.135,3,-0.052,False,False,False,,True
faltered,3,NOT local_tax_base AND NOT single_tax AND NOT contestation,local_tax_base;single_tax;contestation,000,0.82,0.407,144,48,0.571,0.178,0.15,0.231,0.2,0.138,0.095,4,-0.052,False,False,False,,True
faltered,3,NOT single_tax AND NOT investment AND NOT contestation,single_tax;investment;contestation,000,0.82,0.407,139,44,0.595,0.163,0.188,0.167,0.133,0.069,0.176,3,-0.052,False,False,False,,True
faltered,3,NOT autonomy AND NOT education AND extracurricular,autonomy;education;extracurricular,001,0.82,0.405,119,32,0.525,0.119,0.075,0.179,0.1,0.172,0.068,4,-0.052,False,False,False,,True
faltered,3,NOT investment AND social AND NOT contestation,investment;social;contestation,010,0.82,0.404,125,28,0.56,0.104,0.09,0.167,0.0,0.103,0.081,3,-0.052,False,False,False,,True
faltered,3,NOT autonomy AND extracurricular AND NOT balance,autonomy;extracurricular;balance,010,0.82,0.402,124,33,0.532,0.122,0.195,0.038,0.033,0.103,0.216,2,-0.052,False,False,False,,False
faltered,3,autonomy AND NOT balance AND small,autonomy;balance;small,101,0.82,0.398,130,37,0.627,0.137,0.105,0.218,0.1,0.103,0.054,4,-0.052,False,False,False,,True
faltered,3,NOT property_tax AND social AND contestation,property_tax;social;contestation,011,0.82,0.395,98,19,0.463,0.07,0.09,0.051,0.067,0.034,0.108,3,-0.052,False,False,False,,True
faltered,3,investment AND extracurricular AND NOT contestation,investment;extracurricular;contestation,110,0.82,0.395,102,22,0.415,0.081,0.053,0.115,0.133,0.069,0.068,4,-0.052,False,False,False,,True
faltered,3,NOT local_tax_base AND property_tax AND contestation,local_tax_base;property_tax;contestation,011,0.82,0.394,120,33,0.569,0.122,0.105,0.141,0.133,0.138,0.122,4,-0.052,False,False,False,,True
faltered,3,NOT local_tax_base AND NOT autonomy AND education,local_tax_base;autonomy;education,001,0.82,0.394,107,26,0.448,0.096,0.143,0.051,0.033,0.069,0.162,3,-0.052,False,False,False,,True
faltered,3,NOT local_tax_base AND NOT autonomy AND NOT balance,local_tax_base;autonomy;balance,000,0.82,0.392,129,39,0.52,0.144,0.218,0.077,0.067,0.069,0.23,2,-0.052,False,False,False,,False
faltered,3,local_tax_base AND NOT property_tax AND NOT investment,local_tax_base;property_tax;investment,100,0.82,0.391,101,23,0.479,0.085,0.105,0.09,0.033,0.034,0.081,2,-0.052,False,False,False,,False
faltered,3,NOT social AND NOT contestation AND NOT small,social;contestation;small,000,0.82,0.391,127,41,0.661,0.152,0.15,0.167,0.133,0.138,0.216,4,-0.052,False,False,False,,True
faltered,3,property_tax AND NOT single_tax AND balance,property_tax;single_tax;balance,101,0.82,0.389,104,28,0.467,0.104,0.113,0.077,0.067,0.172,0.122,4,-0.052,False,False,False,,True
faltered,3,NOT investment AND balance AND small,investment;balance;small,011,0.82,0.388,88,20,0.444,0.074,0.09,0.064,0.067,0.034,0.095,3,-0.052,False,False,False,,True
faltered,3,single_tax AND NOT culture AND balance,single_tax;culture;balance,101,0.82,0.383,84,20,0.455,0.074,0.12,0.013,0.1,0.0,0.122,2,-0.052,False,False,False,,False
faltered,3,NOT single_tax AND social AND NOT contestation,single_tax;social;contestation,010,0.82,0.38,102,28,0.459,0.104,0.068,0.179,0.1,0.069,0.054,4,-0.052,False,False,False,,True
faltered,3,NOT social AND NOT culture AND education,social;culture;education,001,0.82,0.379,85,25,0.543,0.093,0.135,0.051,0.1,0.0,0.122,3,-0.052,False,False,False,,True
faltered,3,property_tax AND NOT single_tax AND social,property_tax;single_tax;social,101,0.82,0.378,91,24,0.462,0.089,0.06,0.128,0.067,0.138,0.054,4,-0.052,False,False,False,,True
faltered,3,autonomy AND NOT social AND small,autonomy;social;small,101,0.82,0.378,103,32,0.5,0.119,0.15,0.09,0.1,0.069,0.122,4,-0.052,False,False,False,,True
faltered,3,NOT single_tax AND autonomy AND NOT extracurricular,single_tax;autonomy;extracurricular,010,0.82,0.376,83,18,0.429,0.067,0.068,0.064,0.033,0.103,0.081,3,-0.052,False,False,False,,True
faltered,3,NOT local_tax_base AND investment AND small,local_tax_base;investment;small,011,0.82,0.375,93,30,0.577,0.111,0.12,0.115,0.1,0.069,0.095,4,-0.052,False,False,False,,True
faltered,3,local_tax_base AND NOT property_tax AND single_tax,local_tax_base;property_tax;single_tax,101,0.82,0.373,71,17,0.531,0.063,0.09,0.038,0.0,0.069,0.054,3,-0.052,False,False,False,,True
faltered,3,NOT payroll_pit AND culture AND contestation,payroll_pit;culture;contestation,011,0.82,0.372,74,14,0.378,0.052,0.075,0.038,0.0,0.034,0.108,3,-0.052,False,False,False,,True
faltered,3,property_tax AND NOT single_tax AND NOT contestation,property_tax;single_tax;contestation,100,0.82,0.371,80,23,0.479,0.085,0.09,0.115,0.033,0.034,0.108,2,-0.052,False,False,False,,False
faltered,3,local_tax_base AND NOT balance AND NOT small,local_tax_base;balance;small,100,0.82,0.37,89,24,0.571,0.089,0.098,0.064,0.1,0.103,0.135,4,-0.052,False,False,False,,True
faltered,3,property_tax AND NOT autonomy AND contestation,property_tax;autonomy;contestation,101,0.82,0.37,87,21,0.488,0.078,0.075,0.064,0.033,0.172,0.081,3,-0.052,False,False,False,,True
faltered,3,payroll_pit AND NOT autonomy AND NOT extracurricular,payroll_pit;autonomy;extracurricular,100,0.82,0.37,87,26,0.578,0.096,0.105,0.077,0.067,0.138,0.068,4,-0.052,False,False,False,,True
faltered,3,property_tax AND NOT education AND small,property_tax;education;small,101,0.82,0.368,67,21,0.5,0.078,0.075,0.077,0.1,0.069,0.095,4,-0.052,False,False,False,,True
faltered,3,NOT single_tax AND investment AND education,single_tax;investment;education,011,0.82,0.368,81,16,0.364,0.059,0.068,0.077,0.033,0.0,0.068,3,-0.052,False,False,False,,True
faltered,3,investment AND NOT education AND small,investment;education;small,101,0.82,0.361,68,24,0.511,0.089,0.083,0.09,0.067,0.138,0.081,4,-0.052,False,False,False,,True
faltered,3,NOT single_tax AND NOT investment AND NOT small,single_tax;investment;small,000,0.819,0.44,175,49,0.576,0.181,0.143,0.192,0.3,0.207,0.176,4,-0.053,False,False,False,,True
faltered,3,payroll_pit AND autonomy AND NOT investment,payroll_pit;autonomy;investment,110,0.819,0.436,167,45,0.726,0.167,0.143,0.167,0.3,0.138,0.189,4,-0.053,False,False,False,,True
faltered,3,NOT property_tax AND social AND extracurricular,property_tax;social;extracurricular,011,0.819,0.426,127,32,0.5,0.119,0.128,0.115,0.133,0.069,0.108,4,-0.053,False,False,False,,True
faltered,3,NOT autonomy AND NOT culture AND extracurricular,autonomy;culture;extracurricular,001,0.819,0.423,133,36,0.529,0.133,0.143,0.141,0.1,0.103,0.122,4,-0.053,False,False,False,,True
faltered,3,NOT property_tax AND social AND NOT culture,property_tax;social;culture,010,0.819,0.411,120,27,0.482,0.1,0.105,0.115,0.1,0.034,0.095,3,-0.053,False,False,False,,True
faltered,3,payroll_pit AND autonomy AND NOT social,payroll_pit;autonomy;social,110,0.819,0.41,123,41,0.569,0.152,0.143,0.167,0.2,0.103,0.108,4,-0.053,False,False,False,,True
faltered,3,NOT social AND extracurricular AND balance,social;extracurricular;balance,011,0.819,0.41,118,38,0.623,0.141,0.113,0.179,0.133,0.172,0.108,4,-0.053,False,False,False,,True
faltered,3,education AND extracurricular AND NOT contestation,education;extracurricular;contestation,110,0.819,0.409,123,30,0.517,0.111,0.128,0.064,0.1,0.172,0.135,4,-0.053,False,False,False,,True
faltered,3,social AND extracurricular AND NOT contestation,social;extracurricular;contestation,110,0.819,0.408,122,27,0.435,0.1,0.09,0.103,0.133,0.103,0.081,4,-0.053,False,False,False,,True
faltered,3,education AND extracurricular AND NOT small,education;extracurricular;small,110,0.819,0.408,109,22,0.468,0.081,0.098,0.051,0.1,0.069,0.135,4,-0.053,False,False,False,,True
faltered,3,culture AND NOT education AND balance,culture;education;balance,101,0.819,0.401,108,27,0.509,0.1,0.075,0.115,0.133,0.138,0.095,4,-0.053,False,False,False,,True
faltered,3,NOT local_tax_base AND NOT property_tax AND single_tax,local_tax_base;property_tax;single_tax,001,0.819,0.397,102,21,0.382,0.078,0.098,0.051,0.1,0.034,0.122,3,-0.053,False,False,False,,True
faltered,3,NOT property_tax AND NOT autonomy AND culture,property_tax;autonomy;culture,001,0.819,0.396,107,25,0.463,0.093,0.105,0.064,0.0,0.207,0.149,3,-0.053,False,False,False,,True
faltered,3,property_tax AND NOT investment AND contestation,property_tax;investment;contestation,101,0.819,0.396,122,30,0.556,0.111,0.105,0.09,0.133,0.172,0.162,4,-0.053,False,False,False,,True
faltered,3,single_tax AND extracurricular AND NOT contestation,single_tax;extracurricular;contestation,110,0.819,0.394,106,22,0.489,0.081,0.083,0.064,0.067,0.138,0.108,4,-0.053,False,False,False,,True
faltered,3,autonomy AND culture AND NOT education,autonomy;culture;education,110,0.819,0.394,101,30,0.545,0.111,0.105,0.128,0.167,0.034,0.108,3,-0.053,False,False,False,,True
faltered,3,NOT property_tax AND single_tax AND extracurricular,property_tax;single_tax;extracurricular,011,0.819,0.392,98,23,0.5,0.085,0.105,0.064,0.067,0.069,0.122,4,-0.053,False,False,False,,True
faltered,3,culture AND education AND NOT small,culture;education;small,110,0.819,0.392,94,15,0.375,0.056,0.06,0.038,0.067,0.069,0.081,4,-0.053,False,False,False,,True
faltered,3,payroll_pit AND NOT autonomy AND social,payroll_pit;autonomy;social,101,0.819,0.39,91,22,0.512,0.081,0.098,0.064,0.033,0.103,0.095,3,-0.053,False,False,False,,True
faltered,3,local_tax_base AND autonomy AND NOT small,local_tax_base;autonomy;small,110,0.819,0.386,87,20,0.5,0.074,0.083,0.077,0.067,0.034,0.095,3,-0.053,False,False,False,,True
faltered,3,property_tax AND payroll_pit AND NOT education,property_tax;payroll_pit;education,110,0.819,0.386,94,30,0.588,0.111,0.083,0.154,0.1,0.138,0.108,4,-0.053,False,False,False,,True
faltered,3,social AND contestation AND NOT balance,social;contestation;balance,110,0.819,0.385,102,23,0.469,0.085,0.09,0.077,0.067,0.103,0.122,4,-0.053,False,False,False,,True
faltered,3,NOT payroll_pit AND autonomy AND contestation,payroll_pit;autonomy;contestation,011,0.819,0.382,74,15,0.395,0.056,0.053,0.051,0.067,0.069,0.041,4,-0.053,False,False,False,,True
faltered,3,payroll_pit AND NOT investment AND NOT extracurricular,payroll_pit;investment;extracurricular,100,0.819,0.382,117,29,0.592,0.107,0.09,0.128,0.1,0.138,0.095,4,-0.053,False,False,False,,True
faltered,3,property_tax AND NOT culture AND small,property_tax;culture;small,101,0.819,0.376,89,23,0.523,0.085,0.098,0.103,0.067,0.0,0.108,3,-0.053,False,False,False,,True
faltered,3,local_tax_base AND NOT culture AND education,local_tax_base;culture;education,101,0.819,0.373,78,17,0.486,0.063,0.075,0.077,0.0,0.034,0.068,3,-0.053,False,False,False,,True
faltered,3,property_tax AND education AND NOT small,property_tax;education;small,110,0.819,0.371,68,10,0.333,0.037,0.038,0.026,0.067,0.034,0.054,4,-0.053,False,False,False,,True
faltered,3,NOT payroll_pit AND social AND education,payroll_pit;social;education,011,0.819,0.37,76,15,0.375,0.056,0.075,0.051,0.0,0.034,0.054,3,-0.053,False,False,False,,True
faltered,3,NOT local_tax_base AND single_tax AND NOT extracurricular,local_tax_base;single_tax;extracurricular,010,0.819,0.366,92,22,0.468,0.081,0.068,0.09,0.167,0.034,0.054,3,-0.053,False,False,False,,True
faltered,3,NOT property_tax AND education AND contestation,property_tax;education;contestation,011,0.819,0.366,69,9,0.3,0.033,0.06,0.0,0.033,0.0,0.068,2,-0.053,False,False,False,,False
faltered,3,NOT extracurricular AND NOT contestation AND NOT small,extracurricular;contestation;small,000,0.819,0.364,90,21,0.5,0.078,0.098,0.077,0.0,0.069,0.162,3,-0.053,False,False,False,,True
faltered,3,payroll_pit AND NOT education AND NOT extracurricular,payroll_pit;education;extracurricular,100,0.819,0.355,58,17,0.486,0.063,0.045,0.09,0.033,0.103,0.027,4,-0.053,False,False,False,,True
faltered,3,NOT local_tax_base AND NOT property_tax AND autonomy,local_tax_base;property_tax;autonomy,001,0.818,0.437,153,46,0.561,0.17,0.15,0.179,0.3,0.103,0.108,4,-0.054,False,False,False,,True
faltered,3,NOT investment AND culture AND NOT contestation,investment;culture;contestation,010,0.818,0.416,136,37,0.561,0.137,0.105,0.141,0.133,0.276,0.108,4,-0.054,False,False,False,,True
faltered,3,extracurricular AND NOT contestation AND NOT small,extracurricular;contestation;small,100,0.818,0.416,149,42,0.56,0.156,0.12,0.205,0.233,0.103,0.122,4,-0.054,False,False,False,,True
faltered,3,NOT investment AND NOT culture AND contestation,investment;culture;contestation,001,0.818,0.413,138,37,0.521,0.137,0.135,0.09,0.233,0.172,0.122,4,-0.054,False,False,False,,True
faltered,3,NOT investment AND culture AND NOT balance,investment;culture;balance,010,0.818,0.412,145,42,0.575,0.156,0.158,0.128,0.1,0.276,0.203,4,-0.054,False,False,False,,True
faltered,3,autonomy AND NOT social AND NOT small,autonomy;social;small,100,0.818,0.404,115,35,0.593,0.13,0.098,0.167,0.233,0.069,0.081,4,-0.054,False,False,False,,True
faltered,3,NOT local_tax_base AND social AND NOT education,local_tax_base;social;education,010,0.818,0.403,131,32,0.478,0.119,0.083,0.154,0.2,0.103,0.095,4,-0.054,False,False,False,,True
faltered,3,NOT local_tax_base AND payroll_pit AND NOT education,local_tax_base;payroll_pit;education,010,0.818,0.402,130,39,0.565,0.144,0.098,0.192,0.167,0.207,0.122,4,-0.054,False,False,False,,True
faltered,3,NOT property_tax AND autonomy AND contestation,property_tax;autonomy;contestation,011,0.818,0.401,103,24,0.49,0.089,0.09,0.077,0.133,0.069,0.081,4,-0.054,False,False,False,,True
faltered,3,social AND NOT culture AND balance,social;culture;balance,101,0.818,0.397,112,27,0.491,0.1,0.09,0.115,0.133,0.069,0.081,4,-0.054,False,False,False,,True
faltered,3,NOT local_tax_base AND investment AND NOT social,local_tax_base;investment;social,010,0.818,0.392,117,35,0.507,0.13,0.12,0.192,0.033,0.103,0.122,3,-0.054,False,False,False,,True
faltered,3,NOT investment AND NOT social AND education,investment;social;education,001,0.818,0.392,114,32,0.533,0.119,0.135,0.051,0.167,0.172,0.122,3,-0.054,False,False,False,,True
faltered,3,local_tax_base AND NOT autonomy AND NOT small,local_tax_base;autonomy;small,100,0.818,0.391,107,28,0.583,0.104,0.113,0.09,0.067,0.138,0.149,4,-0.054,False,False,False,,True
faltered,3,NOT property_tax AND education AND NOT contestation,property_tax;education;contestation,010,0.818,0.391,108,37,0.597,0.137,0.173,0.115,0.067,0.103,0.162,3,-0.054,False,False,False,,True
faltered,3,single_tax AND NOT education AND balance,single_tax;education;balance,101,0.818,0.39,97,21,0.457,0.078,0.098,0.038,0.1,0.069,0.122,3,-0.054,False,False,False,,True
faltered,3,NOT autonomy AND investment AND extracurricular,autonomy;investment;extracurricular,011,0.818,0.389,94,15,0.395,0.056,0.038,0.064,0.067,0.103,0.068,4,-0.054,False,False,False,,True
faltered,3,NOT single_tax AND NOT investment AND small,single_tax;investment;small,001,0.818,0.386,101,32,0.533,0.119,0.165,0.09,0.067,0.034,0.122,3,-0.054,False,False,False,,True
faltered,3,NOT culture AND NOT contestation AND small,culture;contestation;small,001,0.818,0.386,105,37,0.597,0.137,0.173,0.128,0.033,0.103,0.135,3,-0.054,False,False,False,,True
faltered,3,property_tax AND NOT social AND NOT culture,property_tax;social;culture,100,0.818,0.382,84,26,0.542,0.096,0.12,0.064,0.067,0.103,0.135,4,-0.054,False,False,False,,True
faltered,3,NOT autonomy AND NOT balance AND NOT small,autonomy;balance;small,000,0.818,0.379,117,31,0.534,0.115,0.165,0.038,0.067,0.138,0.23,3,-0.054,False,False,False,,True
faltered,3,NOT local_tax_base AND NOT autonomy AND NOT extracurricular,local_tax_base;autonomy;extracurricular,000,0.818,0.378,97,22,0.407,0.081,0.105,0.077,0.033,0.034,0.108,2,-0.054,False,False,False,,False
faltered,3,NOT property_tax AND single_tax AND NOT contestation,property_tax;single_tax;contestation,010,0.818,0.378,94,24,0.5,0.089,0.113,0.077,0.033,0.069,0.095,3,-0.054,False,False,False,,True
faltered,3,NOT social AND culture AND NOT balance,social;culture;balance,010,0.818,0.378,107,32,0.604,0.119,0.098,0.128,0.1,0.207,0.122,4,-0.054,False,False,False,,True
faltered,3,social AND NOT contestation AND NOT small,social;contestation;small,100,0.818,0.378,112,22,0.4,0.081,0.068,0.115,0.1,0.034,0.068,3,-0.054,False,False,False,,True
faltered,3,NOT education AND NOT extracurricular AND balance,education;extracurricular;balance,001,0.818,0.378,85,21,0.438,0.078,0.083,0.077,0.0,0.138,0.108,3,-0.054,False,False,False,,True
faltered,3,local_tax_base AND NOT single_tax AND culture,local_tax_base;single_tax;culture,101,0.818,0.376,80,20,0.392,0.074,0.09,0.051,0.067,0.069,0.108,4,-0.054,False,False,False,,True
faltered,3,investment AND education AND NOT balance,investment;education;balance,110,0.818,0.376,99,24,0.6,0.089,0.083,0.141,0.033,0.034,0.095,2,-0.054,False,False,False,,False
faltered,3,property_tax AND NOT single_tax AND education,property_tax;single_tax;education,101,0.818,0.375,79,16,0.364,0.059,0.075,0.064,0.033,0.0,0.068,3,-0.054,False,False,False,,True
faltered,3,education AND contestation AND NOT small,education;contestation;small,110,0.818,0.375,70,9,0.3,0.033,0.045,0.013,0.033,0.034,0.054,3,-0.054,False,False,False,,True
faltered,3,property_tax AND culture AND NOT education,property_tax;culture;education,110,0.818,0.374,75,22,0.489,0.081,0.068,0.115,0.067,0.069,0.095,4,-0.054,False,False,False,,True
faltered,3,NOT local_tax_base AND NOT autonomy AND investment,local_tax_base;autonomy;investment,001,0.818,0.373,101,21,0.389,0.078,0.083,0.077,0.067,0.069,0.095,4,-0.054,False,False,False,,True
faltered,3,NOT property_tax AND education AND NOT balance,property_tax;education;balance,010,0.818,0.366,100,32,0.571,0.119,0.18,0.051,0.067,0.069,0.216,3,-0.054,False,False,False,,True
faltered,3,NOT local_tax_base AND NOT extracurricular AND balance,local_tax_base;extracurricular;balance,001,0.818,0.365,80,11,0.297,0.041,0.053,0.026,0.033,0.034,0.054,4,-0.054,False,False,False,,True
faltered,3,property_tax AND NOT payroll_pit AND social,property_tax;payroll_pit;social,101,0.818,0.363,68,13,0.361,0.048,0.053,0.038,0.033,0.069,0.054,4,-0.054,False,False,False,,True
faltered,3,NOT social AND NOT education AND extracurricular,social;education;extracurricular,001,0.817,0.438,157,56,0.659,0.207,0.165,0.244,0.267,0.241,0.162,4,-0.055,False,False,False,,True
faltered,3,NOT local_tax_base AND NOT payroll_pit AND NOT culture,local_tax_base;payroll_pit;culture,000,0.817,0.427,149,43,0.506,0.159,0.165,0.154,0.167,0.138,0.108,4,-0.055,False,False,False,,True
faltered,3,NOT property_tax AND autonomy AND NOT culture,property_tax;autonomy;culture,010,0.817,0.419,131,34,0.515,0.126,0.105,0.141,0.2,0.103,0.081,4,-0.055,False,False,False,,True
faltered,3,NOT investment AND contestation AND NOT small,investment;contestation;small,010,0.817,0.414,139,35,0.53,0.13,0.135,0.077,0.2,0.172,0.189,4,-0.055,False,False,False,,True
faltered,3,local_tax_base AND NOT autonomy AND extracurricular,local_tax_base;autonomy;extracurricular,101,0.817,0.413,111,22,0.5,0.081,0.098,0.077,0.0,0.103,0.122,3,-0.055,False,False,False,,True
faltered,3,NOT investment AND culture AND contestation,investment;culture;contestation,011,0.817,0.409,129,28,0.5,0.104,0.12,0.09,0.1,0.069,0.189,4,-0.055,False,False,False,,True
faltered,3,NOT single_tax AND NOT investment AND NOT balance,single_tax;investment;balance,000,0.817,0.406,138,50,0.617,0.185,0.256,0.077,0.267,0.069,0.23,2,-0.055,False,False,False,,False
faltered,3,local_tax_base AND NOT education AND balance,local_tax_base;education;balance,101,0.817,0.402,117,35,0.547,0.13,0.143,0.128,0.067,0.138,0.176,4,-0.055,False,False,False,,True
faltered,3,single_tax AND NOT autonomy AND NOT investment,single_tax;autonomy;investment,100,0.817,0.402,117,26,0.448,0.096,0.128,0.026,0.033,0.207,0.135,2,-0.055,False,False,False,,False
faltered,3,autonomy AND education AND NOT contestation,autonomy;education;contestation,110,0.817,0.402,128,30,0.536,0.111,0.06,0.154,0.233,0.103,0.041,4,-0.055,False,False,False,,True
faltered,3,investment AND NOT social AND extracurricular,investment;social;extracurricular,101,0.817,0.402,98,28,0.571,0.104,0.083,0.167,0.033,0.103,0.081,3,-0.055,False,False,False,,True
faltered,3,NOT local_tax_base AND education AND contestation,local_tax_base;education;contestation,011,0.817,0.401,119,25,0.446,0.093,0.135,0.051,0.1,0.0,0.149,3,-0.055,False,False,False,,True
faltered,3,property_tax AND NOT culture AND NOT education,property_tax;culture;education,100,0.817,0.399,102,36,0.61,0.133,0.12,0.128,0.133,0.207,0.162,4,-0.055,False,False,False,,True
faltered,3,NOT payroll_pit AND autonomy AND NOT small,payroll_pit;autonomy;small,010,0.817,0.399,103,25,0.49,0.093,0.068,0.115,0.167,0.069,0.041,4,-0.055,False,False,False,,True
faltered,3,property_tax AND NOT investment AND balance,property_tax;investment;balance,101,0.817,0.398,108,25,0.543,0.093,0.098,0.077,0.067,0.138,0.162,4,-0.055,False,False,False,,True
faltered,3,NOT property_tax AND single_tax AND payroll_pit,property_tax;single_tax;payroll_pit,011,0.817,0.393,97,21,0.457,0.078,0.113,0.051,0.033,0.034,0.108,2,-0.055,False,False,False,,False
faltered,3,local_tax_base AND payroll_pit AND NOT balance,local_tax_base;payroll_pit;balance,110,0.817,0.392,122,30,0.612,0.111,0.09,0.179,0.033,0.103,0.054,3,-0.055,False,False,False,,True
faltered,3,local_tax_base AND NOT culture AND balance,local_tax_base;culture;balance,101,0.817,0.39,97,25,0.51,0.093,0.113,0.115,0.0,0.034,0.108,2,-0.055,False,False,False,,False
faltered,3,NOT autonomy AND NOT culture AND education,autonomy;culture;education,001,0.817,0.39,99,27,0.551,0.1,0.15,0.064,0.033,0.034,0.149,2,-0.055,False,False,False,,False
faltered,3,NOT autonomy AND culture AND contestation,autonomy;culture;contestation,011,0.817,0.389,103,20,0.417,0.074,0.105,0.038,0.0,0.103,0.149,3,-0.055,False,False,False,,True
faltered,3,single_tax AND NOT culture AND extracurricular,single_tax;culture;extracurricular,101,0.817,0.388,90,23,0.511,0.085,0.113,0.064,0.1,0.0,0.122,3,-0.055,False,False,False,,True
faltered,3,property_tax AND NOT autonomy AND NOT balance,property_tax;autonomy;balance,100,0.817,0.385,109,28,0.549,0.104,0.075,0.128,0.067,0.207,0.081,4,-0.055,False,False,False,,True
faltered,3,property_tax AND NOT culture AND contestation,property_tax;culture;contestation,101,0.817,0.385,101,35,0.583,0.13,0.098,0.128,0.167,0.241,0.108,4,-0.055,False,False,False,,True
faltered,3,NOT culture AND education AND small,culture;education;small,011,0.817,0.385,104,32,0.582,0.119,0.15,0.128,0.067,0.0,0.122,3,-0.055,False,False,False,,True
faltered,3,investment AND extracurricular AND small,investment;extracurricular;small,111,0.817,0.382,84,18,0.474,0.067,0.075,0.064,0.067,0.034,0.081,4,-0.055,False,False,False,,True
faltered,3,single_tax AND social AND NOT culture,single_tax;social;culture,110,0.817,0.381,86,24,0.545,0.089,0.098,0.09,0.1,0.034,0.122,3,-0.055,False,False,False,,True
faltered,3,NOT single_tax AND investment AND culture,single_tax;investment;culture,011,0.817,0.379,87,21,0.42,0.078,0.083,0.077,0.067,0.069,0.068,4,-0.055,False,False,False,,True
faltered,3,NOT single_tax AND culture AND NOT contestation,single_tax;culture;contestation,010,0.817,0.379,94,25,0.463,0.093,0.068,0.128,0.067,0.138,0.068,4,-0.055,False,False,False,,True
faltered,3,NOT payroll_pit AND social AND culture,payroll_pit;social;culture,011,0.817,0.379,81,14,0.318,0.052,0.06,0.051,0.033,0.034,0.041,4,-0.055,False,False,False,,True
faltered,3,NOT single_tax AND NOT social AND education,single_tax;social;education,001,0.817,0.375,84,25,0.51,0.093,0.128,0.064,0.067,0.034,0.135,3,-0.055,False,False,False,,True
faltered,3,single_tax AND NOT culture AND small,single_tax;culture;small,101,0.817,0.37,90,24,0.522,0.089,0.105,0.09,0.1,0.0,0.095,3,-0.055,False,False,False,,True
faltered,3,property_tax AND NOT single_tax AND NOT autonomy,property_tax;single_tax;autonomy,100,0.817,0.369,78,19,0.413,0.07,0.068,0.09,0.033,0.069,0.068,3,-0.055,False,False,False,,True
faltered,3,NOT property_tax AND investment AND education,property_tax;investment;education,011,0.817,0.369,78,16,0.421,0.059,0.068,0.09,0.0,0.0,0.081,2,-0.055,False,False,False,,False
faltered,3,NOT single_tax AND balance AND small,single_tax;balance;small,011,0.817,0.368,80,21,0.447,0.078,0.09,0.077,0.033,0.069,0.095,3,-0.055,False,False,False,,True
faltered,3,single_tax AND NOT payroll_pit AND NOT balance,single_tax;payroll_pit;balance,100,0.817,0.356,63,14,0.412,0.052,0.053,0.051,0.033,0.069,0.068,4,-0.055,False,False,False,,True
faltered,3,NOT single_tax AND NOT social AND extracurricular,single_tax;social;extracurricular,001,0.816,0.438,157,56,0.659,0.207,0.188,0.231,0.233,0.207,0.162,4,-0.056,False,False,False,,True
faltered,3,NOT single_tax AND extracurricular AND contestation,single_tax;extracurricular;contestation,011,0.816,0.438,158,48,0.608,0.178,0.15,0.192,0.167,0.276,0.149,4,-0.056,False,False,False,,True
faltered,3,NOT local_tax_base AND culture AND extracurricular,local_tax_base;culture;extracurricular,011,0.816,0.435,145,37,0.529,0.137,0.128,0.128,0.167,0.172,0.162,4,-0.056,False,False,False,,True
faltered,3,NOT local_tax_base AND NOT payroll_pit AND NOT education,local_tax_base;payroll_pit;education,000,0.816,0.425,156,42,0.494,0.156,0.135,0.167,0.233,0.138,0.095,4,-0.056,False,False,False,,True
faltered,3,NOT autonomy AND NOT social AND extracurricular,autonomy;social;extracurricular,001,0.816,0.413,125,36,0.562,0.133,0.143,0.115,0.067,0.207,0.176,4,-0.056,False,False,False,,True
faltered,3,NOT local_tax_base AND NOT property_tax AND education,local_tax_base;property_tax;education,001,0.816,0.411,124,34,0.493,0.126,0.165,0.09,0.1,0.069,0.162,4,-0.056,False,False,False,,True
faltered,3,NOT investment AND social AND contestation,investment;social;contestation,011,0.816,0.41,128,27,0.519,0.1,0.128,0.064,0.1,0.069,0.176,4,-0.056,False,False,False,,True
faltered,3,autonomy AND NOT contestation AND small,autonomy;contestation;small,101,0.816,0.406,127,34,0.548,0.126,0.105,0.128,0.167,0.172,0.068,4,-0.056,False,False,False,,True
faltered,3,local_tax_base AND NOT single_tax AND NOT small,local_tax_base;single_tax;small,100,0.816,0.405,119,32,0.552,0.119,0.113,0.141,0.133,0.069,0.162,4,-0.056,False,False,False,,True
faltered,3,local_tax_base AND NOT investment AND NOT education,local_tax_base;investment;education,100,0.816,0.403,124,34,0.515,0.126,0.143,0.128,0.133,0.034,0.176,3,-0.056,False,False,False,,True
faltered,3,local_tax_base AND investment AND extracurricular,local_tax_base;investment;extracurricular,111,0.816,0.403,97,17,0.472,0.063,0.053,0.077,0.033,0.103,0.041,4,-0.056,False,False,False,,True
faltered,3,NOT property_tax AND social AND balance,property_tax;social;balance,011,0.816,0.403,112,23,0.451,0.085,0.068,0.128,0.1,0.034,0.041,3,-0.056,False,False,False,,True
faltered,3,NOT local_tax_base AND payroll_pit AND NOT balance,local_tax_base;payroll_pit;balance,010,0.816,0.398,128,42,0.592,0.156,0.12,0.179,0.233,0.172,0.149,4,-0.056,False,False,False,,True
faltered,3,local_tax_base AND NOT education AND NOT contestation,local_tax_base;education;contestation,100,0.816,0.397,119,41,0.631,0.152,0.173,0.154,0.033,0.172,0.23,3,-0.056,False,False,False,,True
faltered,3,local_tax_base AND NOT property_tax AND NOT small,local_tax_base;property_tax;small,100,0.816,0.395,104,21,0.553,0.078,0.09,0.077,0.033,0.069,0.108,3,-0.056,False,False,False,,True
faltered,3,NOT autonomy AND NOT education AND balance,autonomy;education;balance,001,0.816,0.395,125,32,0.485,0.119,0.053,0.218,0.067,0.207,0.068,3,-0.056,False,False,False,,True
faltered,3,local_tax_base AND autonomy AND NOT contestation,local_tax_base;autonomy;contestation,110,0.816,0.394,116,29,0.527,0.107,0.113,0.141,0.067,0.034,0.108,3,-0.056,False,False,False,,True
faltered,3,payroll_pit AND NOT culture AND contestation,payroll_pit;culture;contestation,101,0.816,0.392,115,42,0.618,0.156,0.15,0.141,0.2,0.172,0.135,4,-0.056,False,False,False,,True
faltered,3,NOT local_tax_base AND NOT single_tax AND NOT extracurricular,local_tax_base;single_tax;extracurricular,000,0.816,0.39,100,22,0.449,0.081,0.098,0.077,0.0,0.103,0.108,3,-0.056,False,False,False,,True
faltered,3,NOT investment AND NOT education AND NOT extracurricular,investment;education;extracurricular,000,0.816,0.39,100,20,0.392,0.074,0.083,0.077,0.067,0.034,0.081,3,-0.056,False,False,False,,True
faltered,3,local_tax_base AND NOT social AND NOT small,local_tax_base;social;small,100,0.816,0.389,101,33,0.635,0.122,0.143,0.103,0.1,0.103,0.176,4,-0.056,False,False,False,,True
faltered,3,investment AND NOT contestation AND NOT balance,investment;contestation;balance,100,0.816,0.389,119,38,0.613,0.141,0.143,0.192,0.033,0.103,0.162,3,-0.056,False,False,False,,True
faltered,3,NOT culture AND NOT education AND small,culture;education;small,001,0.816,0.389,93,29,0.5,0.107,0.128,0.077,0.1,0.103,0.095,4,-0.056,False,False,False,,True
faltered,3,NOT property_tax AND investment AND social,property_tax;investment;social,011,0.816,0.388,91,17,0.362,0.063,0.068,0.064,0.067,0.034,0.081,4,-0.056,False,False,False,,True
faltered,3,NOT social AND culture AND NOT contestation,social;culture;contestation,010,0.816,0.388,114,34,0.507,0.126,0.105,0.115,0.133,0.241,0.081,4,-0.056,False,False,False,,True
faltered,3,local_tax_base AND autonomy AND NOT social,local_tax_base;autonomy;social,110,0.816,0.387,102,25,0.431,0.093,0.135,0.064,0.067,0.0,0.122,3,-0.056,False,False,False,,True
faltered,3,NOT social AND culture AND balance,social;culture;balance,011,0.816,0.386,97,25,0.446,0.093,0.105,0.077,0.067,0.103,0.095,4,-0.056,False,False,False,,True
faltered,3,local_tax_base AND property_tax AND NOT small,local_tax_base;property_tax;small,110,0.816,0.385,90,27,0.54,0.1,0.105,0.09,0.1,0.103,0.135,4,-0.056,False,False,False,,True
faltered,3,NOT local_tax_base AND NOT extracurricular AND NOT contestation,local_tax_base;extracurricular;contestation,000,0.816,0.385,110,26,0.5,0.096,0.09,0.103,0.1,0.103,0.081,4,-0.056,False,False,False,,True
faltered,3,local_tax_base AND social AND NOT small,local_tax_base;social;small,110,0.816,0.383,93,15,0.417,0.056,0.053,0.064,0.033,0.069,0.068,4,-0.056,False,False,False,,True
faltered,3,property_tax AND NOT payroll_pit AND NOT education,property_tax;payroll_pit;education,100,0.816,0.382,83,28,0.528,0.104,0.105,0.09,0.1,0.138,0.149,4,-0.056,False,False,False,,True
faltered,3,property_tax AND NOT single_tax AND investment,property_tax;single_tax;investment,101,0.816,0.38,102,31,0.5,0.115,0.113,0.128,0.067,0.138,0.108,4,-0.056,False,False,False,,True
faltered,3,NOT payroll_pit AND NOT culture AND education,payroll_pit;culture;education,001,0.816,0.38,82,19,0.463,0.07,0.105,0.064,0.0,0.0,0.108,2,-0.056,False,False,False,,False
faltered,3,NOT local_tax_base AND social AND NOT extracurricular,local_tax_base;social;extracurricular,010,0.816,0.378,98,17,0.415,0.063,0.045,0.09,0.067,0.069,0.054,4,-0.056,False,False,False,,True
faltered,3,local_tax_base AND NOT property_tax AND investment,local_tax_base;property_tax;investment,101,0.816,0.375,89,21,0.538,0.078,0.075,0.077,0.033,0.138,0.108,3,-0.056,False,False,False,,True
faltered,3,investment AND education AND NOT small,investment;education;small,110,0.816,0.37,76,11,0.297,0.041,0.038,0.038,0.067,0.034,0.041,4,-0.056,False,False,False,,True
faltered,3,single_tax AND NOT social AND NOT education,single_tax;social;education,100,0.816,0.367,76,24,0.49,0.089,0.083,0.09,0.1,0.103,0.095,4,-0.056,False,False,False,,True
faltered,3,single_tax AND NOT extracurricular AND NOT small,single_tax;extracurricular;small,100,0.816,0.34,47,7,0.292,0.026,0.03,0.013,0.0,0.069,0.027,3,-0.056,False,False,False,,True
faltered,3,NOT investment AND extracurricular AND balance,investment;extracurricular;balance,011,0.815,0.435,164,39,0.6,0.144,0.113,0.179,0.167,0.172,0.149,4,-0.057,False,False,False,,True
faltered,3,NOT local_tax_base AND NOT property_tax AND social,local_tax_base;property_tax;social,001,0.815,0.43,139,31,0.437,0.115,0.128,0.103,0.133,0.069,0.149,4,-0.057,False,False,False,,True
faltered,3,NOT local_tax_base AND NOT social AND NOT culture,local_tax_base;social;culture,000,0.815,0.43,152,54,0.562,0.2,0.195,0.192,0.233,0.207,0.149,4,-0.057,False,False,False,,True
faltered,3,social AND NOT culture AND extracurricular,social;culture;extracurricular,101,0.815,0.422,130,33,0.524,0.122,0.113,0.128,0.167,0.103,0.108,4,-0.057,False,False,False,,True
faltered,3,NOT single_tax AND investment AND extracurricular,single_tax;investment;extracurricular,011,0.815,0.417,127,33,0.516,0.122,0.083,0.192,0.1,0.138,0.081,4,-0.057,False,False,False,,True
faltered,3,NOT local_tax_base AND autonomy AND education,local_tax_base;autonomy;education,011,0.815,0.414,142,37,0.561,0.137,0.12,0.128,0.267,0.103,0.095,4,-0.057,False,False,False,,True
faltered,3,NOT local_tax_base AND property_tax AND education,local_tax_base;property_tax;education,011,0.815,0.413,125,29,0.527,0.107,0.098,0.09,0.2,0.103,0.095,4,-0.057,False,False,False,,True
faltered,3,NOT autonomy AND NOT investment AND NOT education,autonomy;investment;education,000,0.815,0.413,141,40,0.5,0.148,0.143,0.192,0.1,0.103,0.135,4,-0.057,False,False,False,,True
faltered,3,NOT property_tax AND NOT single_tax AND social,property_tax;single_tax;social,001,0.815,0.409,123,27,0.458,0.1,0.083,0.128,0.133,0.069,0.081,4,-0.057,False,False,False,,True
faltered,3,NOT single_tax AND autonomy AND contestation,single_tax;autonomy;contestation,011,0.815,0.409,127,35,0.538,0.13,0.113,0.103,0.2,0.207,0.108,4,-0.057,False,False,False,,True
faltered,3,extracurricular AND NOT contestation AND balance,extracurricular;contestation;balance,101,0.815,0.409,131,30,0.476,0.111,0.045,0.192,0.2,0.103,0.027,3,-0.057,False,False,False,,True
faltered,3,single_tax AND NOT investment AND balance,single_tax;investment;balance,101,0.815,0.407,118,24,0.511,0.089,0.135,0.038,0.067,0.034,0.162,2,-0.057,False,False,False,,False
faltered,3,NOT autonomy AND social AND extracurricular,autonomy;social;extracurricular,011,0.815,0.405,112,21,0.42,0.078,0.09,0.077,0.033,0.069,0.081,3,-0.057,False,False,False,,True
faltered,3,NOT culture AND NOT contestation AND NOT small,culture;contestation;small,000,0.815,0.405,140,40,0.563,0.148,0.158,0.179,0.133,0.034,0.23,3,-0.057,False,False,False,,True
faltered,3,NOT autonomy AND extracurricular AND contestation,autonomy;extracurricular;contestation,011,0.815,0.403,116,24,0.471,0.089,0.09,0.09,0.033,0.138,0.122,3,-0.057,False,False,False,,True
faltered,3,single_tax AND NOT investment AND NOT contestation,single_tax;investment;contestation,100,0.815,0.402,129,33,0.6,0.122,0.12,0.103,0.1,0.207,0.108,4,-0.057,False,False,False,,True
faltered,3,payroll_pit AND NOT contestation AND NOT balance,payroll_pit;contestation;balance,100,0.815,0.4,143,44,0.647,0.163,0.128,0.231,0.133,0.172,0.108,4,-0.057,False,False,False,,True
faltered,3,NOT property_tax AND NOT contestation AND NOT balance,property_tax;contestation;balance,000,0.815,0.398,146,51,0.622,0.189,0.256,0.115,0.1,0.172,0.257,4,-0.057,False,False,False,,True
faltered,3,NOT single_tax AND culture AND balance,single_tax;culture;balance,011,0.815,0.397,104,26,0.456,0.096,0.075,0.115,0.133,0.103,0.068,4,-0.057,False,False,False,,True
faltered,3,NOT property_tax AND NOT autonomy AND social,property_tax;autonomy;social,001,0.815,0.396,115,26,0.464,0.096,0.113,0.115,0.033,0.034,0.108,2,-0.057,False,False,False,,False
faltered,3,NOT single_tax AND social AND contestation,single_tax;social;contestation,011,0.815,0.396,112,23,0.46,0.085,0.075,0.077,0.1,0.138,0.081,4,-0.057,False,False,False,,True
faltered,3,NOT single_tax AND NOT contestation AND NOT balance,single_tax;contestation;balance,000,0.815,0.396,135,49,0.645,0.181,0.248,0.128,0.067,0.138,0.27,3,-0.057,False,False,False,,True
faltered,3,NOT local_tax_base AND NOT education AND NOT balance,local_tax_base;education;balance,000,0.815,0.393,129,41,0.532,0.152,0.158,0.128,0.2,0.138,0.135,4,-0.057,False,False,False,,True
faltered,3,autonomy AND NOT social AND NOT balance,autonomy;social;balance,100,0.815,0.393,120,37,0.569,0.137,0.105,0.167,0.233,0.103,0.081,4,-0.057,False,False,False,,True
faltered,3,NOT local_tax_base AND contestation AND NOT balance,local_tax_base;contestation;balance,010,0.815,0.392,120,33,0.493,0.122,0.143,0.09,0.167,0.069,0.176,4,-0.057,False,False,False,,True
faltered,3,single_tax AND payroll_pit AND NOT culture,single_tax;payroll_pit;culture,110,0.815,0.392,103,33,0.579,0.122,0.143,0.115,0.133,0.034,0.149,3,-0.057,False,False,False,,True
faltered,3,social AND education AND NOT small,social;education;small,110,0.815,0.389,97,15,0.395,0.056,0.06,0.038,0.067,0.069,0.081,4,-0.057,False,False,False,,True
faltered,3,payroll_pit AND education AND NOT small,payroll_pit;education;small,110,0.815,0.387,93,19,0.487,0.07,0.068,0.038,0.133,0.103,0.081,4,-0.057,False,False,False,,True
faltered,3,NOT property_tax AND single_tax AND NOT culture,property_tax;single_tax;culture,010,0.815,0.385,87,21,0.467,0.078,0.113,0.051,0.067,0.0,0.122,3,-0.057,False,False,False,,True
faltered,3,property_tax AND NOT autonomy AND balance,property_tax;autonomy;balance,101,0.815,0.384,87,15,0.341,0.056,0.083,0.026,0.0,0.069,0.081,2,-0.057,False,False,False,,False
faltered,3,social AND culture AND NOT education,social;culture;education,110,0.815,0.384,82,14,0.341,0.052,0.038,0.077,0.067,0.034,0.041,4,-0.057,False,False,False,,True
faltered,3,NOT local_tax_base AND NOT extracurricular AND NOT balance,local_tax_base;extracurricular;balance,000,0.815,0.383,112,33,0.559,0.122,0.113,0.141,0.133,0.103,0.108,4,-0.057,False,False,False,,True
faltered,3,NOT payroll_pit AND NOT social AND culture,payroll_pit;social;culture,001,0.815,0.383,97,26,0.473,0.096,0.098,0.09,0.067,0.138,0.135,4,-0.057,False,False,False,,True
faltered,3,NOT autonomy AND social AND contestation,autonomy;social;contestation,011,0.815,0.382,101,16,0.356,0.059,0.083,0.038,0.0,0.069,0.095,3,-0.057,False,False,False,,True
faltered,3,property_tax AND NOT social AND contestation,property_tax;social;contestation,101,0.815,0.381,97,33,0.579,0.122,0.12,0.128,0.1,0.138,0.122,4,-0.057,False,False,False,,True
faltered,3,NOT single_tax AND education AND balance,single_tax;education;balance,011,0.815,0.381,80,15,0.357,0.056,0.053,0.064,0.067,0.034,0.027,4,-0.057,False,False,False,,True
faltered,3,investment AND culture AND NOT balance,investment;culture;balance,110,0.815,0.377,92,18,0.486,0.067,0.068,0.103,0.033,0.0,0.041,2,-0.057,False,False,False,,False
faltered,3,autonomy AND NOT culture AND NOT extracurricular,autonomy;culture;extracurricular,100,0.815,0.376,80,18,0.409,0.067,0.06,0.09,0.033,0.069,0.081,3,-0.057,False,False,False,,True
faltered,3,NOT property_tax AND payroll_pit AND investment,property_tax;payroll_pit;investment,011,0.815,0.375,77,21,0.467,0.078,0.09,0.077,0.0,0.103,0.068,3,-0.057,False,False,False,,True
faltered,3,NOT property_tax AND NOT extracurricular AND balance,property_tax;extracurricular;balance,001,0.815,0.374,89,18,0.4,0.067,0.068,0.09,0.0,0.069,0.054,3,-0.057,False,False,False,,True
faltered,3,NOT social AND education AND contestation,social;education;contestation,011,0.815,0.374,86,19,0.463,0.07,0.098,0.051,0.033,0.034,0.081,2,-0.057,False,False,False,,False
faltered,3,local_tax_base AND NOT single_tax AND social,local_tax_base;single_tax;social,101,0.815,0.372,84,18,0.4,0.067,0.053,0.09,0.067,0.069,0.054,4,-0.057,False,False,False,,True
faltered,3,NOT property_tax AND single_tax AND small,property_tax;single_tax;small,011,0.815,0.372,75,18,0.429,0.067,0.098,0.051,0.033,0.0,0.081,2,-0.057,False,False,False,,False
faltered,3,property_tax AND NOT culture AND NOT balance,property_tax;culture;balance,100,0.815,0.367,95,30,0.588,0.111,0.083,0.167,0.1,0.103,0.095,4,-0.057,False,False,False,,True
faltered,3,NOT property_tax AND investment AND small,property_tax;investment;small,011,0.815,0.363,72,22,0.489,0.081,0.09,0.09,0.0,0.103,0.095,3,-0.057,False,False,False,,True
faltered,3,property_tax AND NOT education AND NOT balance,property_tax;education;balance,100,0.815,0.361,79,27,0.551,0.1,0.068,0.154,0.1,0.103,0.081,4,-0.057,False,False,False,,True
faltered,3,NOT investment AND extracurricular AND NOT small,investment;extracurricular;small,010,0.814,0.45,194,57,0.626,0.211,0.203,0.179,0.3,0.241,0.27,4,-0.058,False,False,False,,True
faltered,3,NOT investment AND NOT education AND NOT small,investment;education;small,000,0.814,0.444,191,52,0.584,0.193,0.18,0.192,0.267,0.172,0.216,4,-0.058,False,False,False,,True
faltered,3,autonomy AND NOT culture AND extracurricular,autonomy;culture;extracurricular,101,0.814,0.434,157,52,0.619,0.193,0.173,0.192,0.3,0.172,0.149,4,-0.058,False,False,False,,True
faltered,3,local_tax_base AND NOT payroll_pit AND extracurricular,local_tax_base;payroll_pit;extracurricular,101,0.814,0.42,116,28,0.528,0.104,0.105,0.103,0.067,0.138,0.135,4,-0.058,False,False,False,,True
faltered,3,NOT local_tax_base AND NOT single_tax AND balance,local_tax_base;single_tax;balance,001,0.814,0.412,148,41,0.547,0.152,0.075,0.244,0.167,0.241,0.054,3,-0.058,False,False,False,,True
faltered,3,NOT investment AND NOT education AND balance,investment;education;balance,001,0.814,0.411,158,37,0.514,0.137,0.113,0.192,0.1,0.138,0.149,4,-0.058,False,False,False,,True
faltered,3,NOT property_tax AND social AND NOT education,property_tax;social;education,010,0.814,0.41,118,25,0.446,0.093,0.083,0.115,0.133,0.034,0.081,3,-0.058,False,False,False,,True
faltered,3,NOT autonomy AND extracurricular AND balance,autonomy;extracurricular;balance,011,0.814,0.405,113,24,0.462,0.089,0.038,0.154,0.067,0.172,0.041,3,-0.058,False,False,False,,True
faltered,3,NOT single_tax AND NOT extracurricular AND NOT small,single_tax;extracurricular;small,000,0.814,0.404,114,27,0.482,0.1,0.113,0.09,0.1,0.069,0.162,4,-0.058,False,False,False,,True
faltered,3,NOT local_tax_base AND NOT culture AND balance,local_tax_base;culture;balance,001,0.814,0.403,140,38,0.507,0.141,0.105,0.167,0.2,0.172,0.108,4,-0.058,False,False,False,,True
faltered,3,NOT payroll_pit AND investment AND extracurricular,payroll_pit;investment;extracurricular,011,0.814,0.401,109,22,0.449,0.081,0.038,0.128,0.133,0.103,0.041,3,-0.058,False,False,False,,True
faltered,3,social AND education AND NOT balance,social;education;balance,110,0.814,0.4,139,36,0.59,0.133,0.143,0.167,0.033,0.103,0.162,3,-0.058,False,False,False,,True
faltered,3,NOT investment AND education AND contestation,investment;education;contestation,011,0.814,0.399,120,24,0.49,0.089,0.113,0.064,0.067,0.069,0.149,4,-0.058,False,False,False,,True
faltered,3,local_tax_base AND autonomy AND NOT balance,local_tax_base;autonomy;balance,110,0.814,0.398,120,29,0.518,0.107,0.098,0.179,0.033,0.034,0.081,2,-0.058,False,False,False,,False
faltered,3,NOT single_tax AND autonomy AND investment,single_tax;autonomy;investment,011,0.814,0.398,116,39,0.549,0.144,0.128,0.179,0.1,0.172,0.122,4,-0.058,False,False,False,,True
faltered,3,NOT local_tax_base AND NOT contestation AND balance,local_tax_base;contestation;balance,001,0.814,0.395,125,27,0.422,0.1,0.045,0.154,0.2,0.103,0.027,3,-0.058,False,False,False,,True
faltered,3,property_tax AND NOT education AND NOT small,property_tax;education;small,100,0.814,0.395,110,37,0.597,0.137,0.113,0.167,0.1,0.207,0.162,4,-0.058,False,False,False,,True
faltered,3,payroll_pit AND social AND NOT education,payroll_pit;social;education,110,0.814,0.395,113,31,0.534,0.115,0.09,0.141,0.133,0.138,0.108,4,-0.058,False,False,False,,True
faltered,3,NOT culture AND NOT contestation AND NOT balance,culture;contestation;balance,000,0.814,0.395,141,51,0.671,0.189,0.256,0.154,0.067,0.103,0.27,3,-0.058,False,False,False,,True
faltered,3,NOT property_tax AND autonomy AND investment,property_tax;autonomy;investment,011,0.814,0.391,99,24,0.444,0.089,0.075,0.141,0.033,0.069,0.054,3,-0.058,False,False,False,,True
faltered,3,single_tax AND payroll_pit AND NOT education,single_tax;payroll_pit;education,110,0.814,0.389,98,26,0.5,0.096,0.105,0.115,0.1,0.0,0.135,3,-0.058,False,False,False,,True
faltered,3,NOT single_tax AND culture AND education,single_tax;culture;education,011,0.814,0.389,95,19,0.373,0.07,0.09,0.051,0.033,0.069,0.108,3,-0.058,False,False,False,,True
faltered,3,NOT property_tax AND NOT single_tax AND small,property_tax;single_tax;small,001,0.814,0.387,102,37,0.561,0.137,0.165,0.115,0.067,0.138,0.122,3,-0.058,False,False,False,,True
faltered,3,local_tax_base AND social AND NOT education,local_tax_base;social;education,110,0.814,0.386,91,18,0.419,0.067,0.06,0.09,0.033,0.069,0.068,3,-0.058,False,False,False,,True
faltered,3,NOT single_tax AND NOT autonomy AND culture,single_tax;autonomy;culture,001,0.814,0.386,96,21,0.404,0.078,0.09,0.077,0.0,0.103,0.122,3,-0.058,False,False,False,,True
faltered,3,NOT autonomy AND investment AND NOT education,autonomy;investment;education,010,0.814,0.381,111,29,0.5,0.107,0.083,0.103,0.1,0.241,0.122,4,-0.058,False,False,False,,True
faltered,3,NOT social AND NOT education AND small,social;education;small,001,0.814,0.381,97,36,0.514,0.133,0.158,0.103,0.1,0.138,0.149,4,-0.058,False,False,False,,True
faltered,3,NOT property_tax AND NOT social AND education,property_tax;social;education,001,0.814,0.379,99,29,0.527,0.107,0.135,0.077,0.1,0.069,0.135,4,-0.058,False,False,False,,True
faltered,3,NOT payroll_pit AND social AND contestation,payroll_pit;social;contestation,011,0.814,0.378,81,8,0.235,0.03,0.038,0.026,0.0,0.034,0.054,3,-0.058,False,False,False,,True
faltered,3,NOT investment AND NOT extracurricular AND balance,investment;extracurricular;balance,001,0.814,0.376,92,16,0.348,0.059,0.075,0.064,0.0,0.034,0.081,3,-0.058,False,False,False,,True
faltered,3,local_tax_base AND NOT extracurricular AND NOT small,local_tax_base;extracurricular;small,100,0.814,0.375,88,24,0.545,0.089,0.098,0.077,0.1,0.069,0.122,4,-0.058,False,False,False,,True
faltered,3,single_tax AND NOT payroll_pit AND NOT education,single_tax;payroll_pit;education,100,0.814,0.375,66,14,0.368,0.052,0.045,0.038,0.067,0.103,0.054,4,-0.058,False,False,False,,True
faltered,3,property_tax AND NOT autonomy AND investment,property_tax;autonomy;investment,101,0.814,0.372,92,20,0.455,0.074,0.068,0.103,0.033,0.069,0.041,3,-0.058,False,False,False,,True
faltered,3,NOT education AND NOT balance AND small,education;balance;small,001,0.814,0.366,89,30,0.526,0.111,0.12,0.103,0.1,0.103,0.081,4,-0.058,False,False,False,,True
faltered,3,investment AND NOT culture AND small,investment;culture;small,101,0.814,0.362,84,27,0.509,0.1,0.083,0.141,0.067,0.103,0.095,4,-0.058,False,False,False,,True
faltered,3,NOT local_tax_base AND NOT single_tax AND extracurricular,local_tax_base;single_tax;extracurricular,001,0.813,0.458,201,68,0.602,0.252,0.211,0.282,0.333,0.276,0.149,4,-0.059,False,False,False,,True
faltered,3,NOT autonomy AND NOT investment AND NOT contestation,autonomy;investment;contestation,000,0.813,0.43,154,44,0.53,0.163,0.211,0.115,0.033,0.207,0.189,3,-0.059,False,False,False,,True
faltered,3,NOT local_tax_base AND education AND extracurricular,local_tax_base;education;extracurricular,011,0.813,0.426,137,38,0.535,0.141,0.173,0.077,0.167,0.138,0.176,4,-0.059,False,False,False,,True
faltered,3,NOT local_tax_base AND NOT social AND NOT small,local_tax_base;social;small,000,0.813,0.425,162,45,0.529,0.167,0.12,0.192,0.233,0.241,0.135,4,-0.059,False,False,False,,True
faltered,3,NOT payroll_pit AND NOT investment AND NOT small,payroll_pit;investment;small,000,0.813,0.424,160,40,0.5,0.148,0.15,0.154,0.167,0.103,0.149,4,-0.059,False,False,False,,True
faltered,3,NOT single_tax AND social AND NOT small,single_tax;social;small,010,0.813,0.42,149,34,0.442,0.126,0.083,0.167,0.167,0.172,0.095,4,-0.059,False,False,False,,True
faltered,3,NOT payroll_pit AND extracurricular AND contestation,payroll_pit;extracurricular;contestation,011,0.813,0.418,129,30,0.508,0.111,0.09,0.115,0.1,0.207,0.095,4,-0.059,False,False,False,,True
faltered,3,NOT single_tax AND NOT contestation AND NOT small,single_tax;contestation;small,000,0.813,0.415,161,47,0.56,0.174,0.15,0.244,0.167,0.103,0.203,4,-0.059,False,False,False,,True
faltered,3,NOT investment AND culture AND balance,investment;culture;balance,011,0.813,0.415,120,23,0.469,0.085,0.068,0.103,0.133,0.069,0.095,4,-0.059,False,False,False,,True
faltered,3,NOT local_tax_base AND NOT education AND balance,local_tax_base;education;balance,001,0.813,0.411,157,40,0.519,0.148,0.075,0.231,0.2,0.207,0.081,4,-0.059,False,False,False,,True
faltered,3,NOT single_tax AND contestation AND balance,single_tax;contestation;balance,011,0.813,0.409,126,32,0.542,0.119,0.105,0.141,0.067,0.172,0.108,4,-0.059,False,False,False,,True
faltered,3,NOT autonomy AND education AND extracurricular,autonomy;education;extracurricular,011,0.813,0.409,118,25,0.472,0.093,0.158,0.013,0.0,0.103,0.189,2,-0.059,False,False,False,,False
faltered,3,NOT local_tax_base AND culture AND small,local_tax_base;culture;small,011,0.813,0.408,124,29,0.5,0.107,0.098,0.115,0.133,0.103,0.068,4,-0.059,False,False,False,,True
faltered,3,NOT local_tax_base AND payroll_pit AND NOT culture,local_tax_base;payroll_pit;culture,010,0.813,0.404,131,44,0.587,0.163,0.135,0.167,0.267,0.172,0.162,4,-0.059,False,False,False,,True
faltered,3,social AND NOT culture AND contestation,social;culture;contestation,101,0.813,0.404,124,32,0.571,0.119,0.098,0.128,0.133,0.172,0.122,4,-0.059,False,False,False,,True
faltered,3,NOT local_tax_base AND NOT culture AND NOT balance,local_tax_base;culture;balance,000,0.813,0.402,140,49,0.576,0.181,0.195,0.154,0.233,0.138,0.162,4,-0.059,False,False,False,,True
faltered,3,payroll_pit AND NOT social AND education,payroll_pit;social;education,101,0.813,0.401,119,33,0.532,0.122,0.128,0.09,0.167,0.138,0.081,4,-0.059,False,False,False,,True
faltered,3,NOT payroll_pit AND social AND NOT culture,payroll_pit;social;culture,010,0.813,0.399,104,20,0.417,0.074,0.068,0.103,0.067,0.034,0.068,3,-0.059,False,False,False,,True
faltered,3,social AND extracurricular AND small,social;extracurricular;small,111,0.813,0.399,101,22,0.512,0.081,0.09,0.064,0.1,0.069,0.068,4,-0.059,False,False,False,,True
faltered,3,NOT social AND contestation AND balance,social;contestation;balance,011,0.813,0.399,116,33,0.516,0.122,0.143,0.103,0.067,0.138,0.135,4,-0.059,False,False,False,,True
faltered,3,single_tax AND NOT autonomy AND NOT contestation,single_tax;autonomy;contestation,100,0.813,0.397,115,30,0.536,0.111,0.135,0.077,0.033,0.172,0.135,3,-0.059,False,False,False,,True
faltered,3,local_tax_base AND NOT social AND culture,local_tax_base;social;culture,101,0.813,0.395,110,32,0.5,0.119,0.12,0.115,0.033,0.207,0.135,3,-0.059,False,False,False,,True
faltered,3,NOT autonomy AND NOT social AND culture,autonomy;social;culture,001,0.813,0.392,114,27,0.45,0.1,0.098,0.077,0.0,0.276,0.135,3,-0.059,False,False,False,,True
faltered,3,local_tax_base AND NOT single_tax AND balance,local_tax_base;single_tax;balance,101,0.813,0.391,109,28,0.452,0.104,0.098,0.141,0.067,0.069,0.108,4,-0.059,False,False,False,,True
faltered,3,local_tax_base AND balance AND NOT small,local_tax_base;balance;small,110,0.813,0.391,105,24,0.522,0.089,0.098,0.103,0.033,0.069,0.108,3,-0.059,False,False,False,,True
faltered,3,investment AND NOT culture AND balance,investment;culture;balance,101,0.813,0.389,101,31,0.5,0.115,0.098,0.141,0.167,0.069,0.081,4,-0.059,False,False,False,,True
faltered,3,local_tax_base AND payroll_pit AND NOT contestation,local_tax_base;payroll_pit;contestation,110,0.813,0.387,107,26,0.605,0.096,0.09,0.128,0.067,0.069,0.068,4,-0.059,False,False,False,,True
faltered,3,NOT single_tax AND social AND culture,single_tax;social;culture,011,0.813,0.386,93,20,0.37,0.074,0.068,0.077,0.1,0.069,0.068,4,-0.059,False,False,False,,True
faltered,3,NOT local_tax_base AND culture AND NOT extracurricular,local_tax_base;culture;extracurricular,010,0.813,0.383,110,20,0.417,0.074,0.068,0.09,0.1,0.034,0.041,3,-0.059,False,False,False,,True
faltered,3,NOT payroll_pit AND culture AND NOT contestation,payroll_pit;culture;contestation,010,0.813,0.383,104,26,0.419,0.096,0.083,0.103,0.1,0.138,0.068,4,-0.059,False,False,False,,True
faltered,3,NOT property_tax AND education AND balance,property_tax;education;balance,011,0.813,0.382,77,14,0.389,0.052,0.053,0.064,0.033,0.034,0.014,4,-0.059,False,False,False,,True
faltered,3,NOT property_tax AND single_tax AND NOT small,property_tax;single_tax;small,010,0.813,0.381,98,20,0.444,0.074,0.09,0.038,0.067,0.103,0.095,4,-0.059,False,False,False,,True
faltered,3,NOT payroll_pit AND NOT investment AND education,payroll_pit;investment;education,001,0.813,0.381,92,20,0.408,0.074,0.12,0.026,0.0,0.069,0.122,2,-0.059,False,False,False,,False
faltered,3,property_tax AND NOT social AND NOT contestation,property_tax;social;contestation,100,0.813,0.379,94,24,0.453,0.089,0.113,0.051,0.067,0.103,0.135,4,-0.059,False,False,False,,True
faltered,3,NOT property_tax AND single_tax AND NOT payroll_pit,property_tax;single_tax;payroll_pit,010,0.813,0.376,76,17,0.415,0.063,0.075,0.038,0.067,0.069,0.068,4,-0.059,False,False,False,,True
faltered,3,social AND NOT education AND NOT extracurricular,social;education;extracurricular,100,0.813,0.376,78,14,0.368,0.052,0.03,0.09,0.033,0.069,0.041,4,-0.059,False,False,False,,True
faltered,3,single_tax AND NOT payroll_pit AND NOT culture,single_tax;payroll_pit;culture,100,0.813,0.375,71,11,0.314,0.041,0.06,0.026,0.033,0.0,0.081,3,-0.059,False,False,False,,True
faltered,3,NOT single_tax AND social AND NOT extracurricular,single_tax;social;extracurricular,010,0.813,0.375,87,17,0.395,0.063,0.038,0.115,0.033,0.069,0.041,4,-0.059,False,False,False,,True
faltered,3,NOT single_tax AND culture AND small,single_tax;culture;small,011,0.813,0.375,87,24,0.462,0.089,0.113,0.077,0.033,0.069,0.122,3,-0.059,False,False,False,,True
faltered,3,NOT culture AND NOT contestation AND balance,culture;contestation;balance,001,0.813,0.375,104,26,0.456,0.096,0.075,0.154,0.1,0.034,0.095,3,-0.059,False,False,False,,True
faltered,3,single_tax AND NOT payroll_pit AND culture,single_tax;payroll_pit;culture,101,0.813,0.373,66,14,0.368,0.052,0.045,0.038,0.033,0.138,0.027,4,-0.059,False,False,False,,True
faltered,3,local_tax_base AND single_tax AND NOT small,local_tax_base;single_tax;small,110,0.813,0.372,75,16,0.533,0.059,0.083,0.026,0.0,0.103,0.081,2,-0.059,False,False,False,,False
faltered,3,NOT payroll_pit AND autonomy AND NOT extracurricular,payroll_pit;autonomy;extracurricular,010,0.813,0.367,67,11,0.289,0.041,0.06,0.038,0.0,0.0,0.068,2,-0.059,False,False,False,,False
faltered,3,NOT culture AND NOT extracurricular AND balance,culture;extracurricular;balance,001,0.813,0.366,77,21,0.438,0.078,0.09,0.09,0.0,0.069,0.122,3,-0.059,False,False,False,,True
faltered,3,local_tax_base AND NOT single_tax AND education,local_tax_base;single_tax;education,101,0.813,0.364,74,16,0.34,0.059,0.075,0.051,0.033,0.034,0.081,4,-0.059,False,False,False,,True
faltered,3,NOT culture AND education AND NOT extracurricular,culture;education;extracurricular,010,0.813,0.36,75,22,0.55,0.081,0.09,0.103,0.033,0.034,0.108,2,-0.059,False,False,False,,False
faltered,3,NOT education AND contestation AND small,education;contestation;small,011,0.813,0.355,71,18,0.409,0.067,0.068,0.077,0.1,0.0,0.068,3,-0.059,False,False,False,,True
faltered,3,single_tax AND NOT education AND NOT balance,single_tax;education;balance,100,0.813,0.352,67,19,0.432,0.07,0.053,0.115,0.067,0.034,0.068,3,-0.059,False,False,False,,True
faltered,3,NOT single_tax AND autonomy AND NOT small,single_tax;autonomy;small,010,0.812,0.433,154,47,0.58,0.174,0.113,0.205,0.333,0.207,0.108,4,-0.06,False,False,False,,True
faltered,3,NOT single_tax AND NOT education AND NOT contestation,single_tax;education;contestation,000,0.812,0.433,164,59,0.608,0.219,0.211,0.256,0.167,0.207,0.216,4,-0.06,False,False,False,,True
faltered,3,NOT investment AND NOT contestation AND NOT balance,investment;contestation;balance,000,0.812,0.425,174,55,0.64,0.204,0.248,0.128,0.167,0.241,0.23,4,-0.06,False,False,False,,True
faltered,3,NOT local_tax_base AND NOT payroll_pit AND NOT autonomy,local_tax_base;payroll_pit;autonomy,000,0.812,0.416,152,40,0.476,0.148,0.173,0.141,0.1,0.103,0.162,4,-0.06,False,False,False,,True
faltered,3,local_tax_base AND culture AND extracurricular,local_tax_base;culture;extracurricular,111,0.812,0.415,114,21,0.467,0.078,0.098,0.051,0.067,0.069,0.122,4,-0.06,False,False,False,,True
faltered,3,NOT local_tax_base AND property_tax AND culture,local_tax_base;property_tax;culture,011,0.812,0.413,132,28,0.509,0.104,0.068,0.141,0.167,0.103,0.054,4,-0.06,False,False,False,,True
faltered,3,NOT investment AND NOT education AND contestation,investment;education;contestation,001,0.812,0.412,147,41,0.526,0.152,0.143,0.115,0.267,0.172,0.162,4,-0.06,False,False,False,,True
faltered,3,NOT social AND NOT education AND balance,social;education;balance,001,0.812,0.411,138,45,0.616,0.167,0.143,0.205,0.1,0.241,0.162,4,-0.06,False,False,False,,True
faltered,3,NOT social AND NOT education AND NOT contestation,social;education;contestation,000,0.812,0.41,145,54,0.667,0.2,0.218,0.192,0.1,0.241,0.243,4,-0.06,False,False,False,,True
faltered,3,property_tax AND NOT investment AND NOT balance,property_tax;investment;balance,100,0.812,0.402,137,36,0.59,0.133,0.12,0.128,0.133,0.207,0.149,4,-0.06,False,False,False,,True
faltered,3,autonomy AND NOT social AND contestation,autonomy;social;contestation,101,0.812,0.402,116,33,0.493,0.122,0.128,0.128,0.133,0.069,0.108,4,-0.06,False,False,False,,True
faltered,3,NOT property_tax AND NOT investment AND NOT extracurricular,property_tax;investment;extracurricular,000,0.812,0.394,118,25,0.41,0.093,0.12,0.077,0.067,0.034,0.108,3,-0.06,False,False,False,,True
faltered,3,NOT property_tax AND single_tax AND balance,property_tax;single_tax;balance,011,0.812,0.392,100,17,0.378,0.063,0.09,0.026,0.033,0.069,0.054,3,-0.06,False,False,False,,True
faltered,3,property_tax AND NOT autonomy AND NOT contestation,property_tax;autonomy;contestation,100,0.812,0.391,109,22,0.423,0.081,0.083,0.09,0.033,0.103,0.081,3,-0.06,False,False,False,,True
faltered,3,NOT local_tax_base AND investment AND NOT contestation,local_tax_base;investment;contestation,010,0.812,0.39,121,31,0.431,0.115,0.083,0.154,0.133,0.138,0.081,4,-0.06,False,False,False,,True
faltered,3,payroll_pit AND NOT social AND small,payroll_pit;social;small,101,0.812,0.387,116,37,0.578,0.137,0.158,0.103,0.133,0.138,0.108,4,-0.06,False,False,False,,True
faltered,3,NOT property_tax AND NOT payroll_pit AND education,property_tax;payroll_pit;education,001,0.812,0.385,97,24,0.471,0.089,0.135,0.064,0.0,0.034,0.135,2,-0.06,False,False,False,,False
faltered,3,payroll_pit AND contestation AND NOT balance,payroll_pit;contestation;balance,110,0.812,0.382,107,28,0.538,0.104,0.083,0.128,0.133,0.103,0.095,4,-0.06,False,False,False,,True
faltered,3,property_tax AND single_tax AND NOT culture,property_tax;single_tax;culture,110,0.812,0.38,87,23,0.489,0.085,0.09,0.09,0.1,0.034,0.108,3,-0.06,False,False,False,,True
faltered,3,NOT autonomy AND investment AND NOT small,autonomy;investment;small,010,0.812,0.378,113,26,0.481,0.096,0.083,0.077,0.1,0.207,0.122,4,-0.06,False,False,False,,True
faltered,3,local_tax_base AND NOT property_tax AND small,local_tax_base;property_tax;small,101,0.812,0.375,86,23,0.469,0.085,0.09,0.09,0.033,0.103,0.081,3,-0.06,False,False,False,,True
faltered,3,property_tax AND NOT payroll_pit AND balance,property_tax;payroll_pit;balance,101,0.812,0.372,86,16,0.32,0.059,0.075,0.051,0.033,0.034,0.095,4,-0.06,False,False,False,,True
faltered,3,single_tax AND NOT payroll_pit AND NOT contestation,single_tax;payroll_pit;contestation,100,0.812,0.368,83,19,0.452,0.07,0.083,0.051,0.033,0.103,0.081,3,-0.06,False,False,False,,True
faltered,3,autonomy AND NOT extracurricular AND NOT small,autonomy;extracurricular;small,100,0.812,0.366,69,9,0.3,0.033,0.023,0.051,0.033,0.034,0.027,4,-0.06,False,False,False,,True
faltered,3,property_tax AND NOT payroll_pit AND contestation,property_tax;payroll_pit;contestation,101,0.812,0.363,74,18,0.45,0.067,0.06,0.064,0.067,0.103,0.081,4,-0.06,False,False,False,,True
faltered,3,NOT payroll_pit AND social AND small,payroll_pit;social;small,011,0.812,0.359,72,17,0.472,0.063,0.083,0.051,0.033,0.034,0.068,4,-0.06,False,False,False,,True
faltered,3,NOT payroll_pit AND education AND contestation,payroll_pit;education;contestation,011,0.812,0.355,64,7,0.241,0.026,0.045,0.013,0.0,0.0,0.068,2,-0.06,False,False,False,,False
faltered,3,autonomy AND NOT education AND extracurricular,autonomy;education;extracurricular,101,0.811,0.45,182,60,0.625,0.222,0.203,0.218,0.367,0.172,0.216,4,-0.061,False,False,False,,True
faltered,3,NOT social AND NOT culture AND extracurricular,social;culture;extracurricular,001,0.811,0.444,160,55,0.618,0.204,0.203,0.205,0.233,0.172,0.162,4,-0.061,False,False,False,,True
faltered,3,NOT payroll_pit AND NOT social AND extracurricular,payroll_pit;social;extracurricular,001,0.811,0.436,159,50,0.625,0.185,0.188,0.179,0.2,0.172,0.176,4,-0.061,False,False,False,,True
faltered,3,NOT single_tax AND extracurricular AND balance,single_tax;extracurricular;balance,011,0.811,0.432,154,46,0.575,0.17,0.09,0.282,0.2,0.207,0.068,4,-0.061,False,False,False,,True
faltered,3,NOT local_tax_base AND NOT payroll_pit AND NOT small,local_tax_base;payroll_pit;small,000,0.811,0.426,164,38,0.442,0.141,0.113,0.167,0.2,0.138,0.108,4,-0.061,False,False,False,,True
faltered,3,autonomy AND NOT education AND balance,autonomy;education;balance,101,0.811,0.425,149,43,0.573,0.159,0.165,0.141,0.2,0.138,0.189,4,-0.061,False,False,False,,True
faltered,3,NOT investment AND NOT social AND NOT education,investment;social;education,000,0.811,0.424,168,55,0.585,0.204,0.211,0.167,0.3,0.172,0.216,4,-0.061,False,False,False,,True
faltered,3,NOT single_tax AND social AND NOT education,single_tax;social;education,010,0.811,0.417,134,34,0.493,0.126,0.075,0.179,0.167,0.172,0.068,4,-0.061,False,False,False,,True
faltered,3,NOT culture AND contestation AND balance,culture;contestation;balance,011,0.811,0.41,133,37,0.552,0.137,0.143,0.128,0.1,0.172,0.122,4,-0.061,False,False,False,,True
faltered,3,property_tax AND extracurricular AND small,property_tax;extracurricular;small,111,0.811,0.407,115,27,0.562,0.1,0.128,0.038,0.133,0.103,0.135,3,-0.061,False,False,False,,True
faltered,3,local_tax_base AND property_tax AND NOT culture,local_tax_base;property_tax;culture,110,0.811,0.403,115,34,0.54,0.126,0.135,0.141,0.067,0.103,0.149,4,-0.061,False,False,False,,True
faltered,3,NOT property_tax AND NOT payroll_pit AND social,property_tax;payroll_pit;social,001,0.811,0.402,117,21,0.375,0.078,0.075,0.115,0.067,0.0,0.054,3,-0.061,False,False,False,,True
faltered,3,NOT single_tax AND NOT payroll_pit AND culture,single_tax;payroll_pit;culture,001,0.811,0.401,112,26,0.426,0.096,0.113,0.103,0.067,0.034,0.149,3,-0.061,False,False,False,,True
faltered,3,NOT single_tax AND social AND balance,single_tax;social;balance,011,0.811,0.401,122,27,0.415,0.1,0.045,0.154,0.167,0.138,0.027,3,-0.061,False,False,False,,True
faltered,3,property_tax AND NOT investment AND NOT contestation,property_tax;investment;contestation,100,0.811,0.399,123,31,0.585,0.115,0.113,0.115,0.067,0.172,0.149,4,-0.061,False,False,False,,True
faltered,3,NOT investment AND contestation AND small,investment;contestation;small,011,0.811,0.395,128,30,0.492,0.111,0.12,0.103,0.133,0.069,0.122,4,-0.061,False,False,False,,True
faltered,3,culture AND contestation AND NOT small,culture;contestation;small,110,0.811,0.395,101,17,0.405,0.063,0.083,0.038,0.067,0.034,0.122,4,-0.061,False,False,False,,True
faltered,3,NOT payroll_pit AND social AND NOT small,payroll_pit;social;small,010,0.811,0.394,113,17,0.304,0.063,0.045,0.103,0.067,0.034,0.041,4,-0.061,False,False,False,,True
faltered,3,NOT single_tax AND NOT culture AND small,single_tax;culture;small,001,0.811,0.392,107,37,0.552,0.137,0.173,0.115,0.067,0.103,0.122,3,-0.061,False,False,False,,True
faltered,3,property_tax AND NOT social AND culture,property_tax;social;culture,101,0.811,0.391,107,31,0.5,0.115,0.113,0.115,0.1,0.138,0.122,4,-0.061,False,False,False,,True
faltered,3,single_tax AND NOT autonomy AND NOT balance,single_tax;autonomy;balance,100,0.811,0.389,117,27,0.509,0.1,0.098,0.077,0.067,0.207,0.122,4,-0.061,False,False,False,,True
faltered,3,NOT single_tax AND NOT contestation AND small,single_tax;contestation;small,001,0.811,0.389,105,39,0.557,0.144,0.165,0.128,0.067,0.172,0.122,3,-0.061,False,False,False,,True
faltered,3,NOT autonomy AND contestation AND NOT small,autonomy;contestation;small,010,0.811,0.389,112,24,0.429,0.089,0.068,0.09,0.1,0.172,0.068,4,-0.061,False,False,False,,True
faltered,3,NOT education AND NOT contestation AND balance,education;contestation;balance,001,0.811,0.389,127,35,0.486,0.13,0.09,0.192,0.133,0.138,0.095,4,-0.061,False,False,False,,True
faltered,3,NOT autonomy AND balance AND NOT small,autonomy;balance;small,010,0.811,0.388,121,26,0.433,0.096,0.038,0.167,0.067,0.207,0.041,3,-0.061,False,False,False,,True
faltered,3,property_tax AND social AND NOT education,property_tax;social;education,110,0.811,0.383,104,25,0.463,0.093,0.06,0.128,0.1,0.138,0.081,4,-0.061,False,False,False,,True
faltered,3,single_tax AND social AND NOT education,single_tax;social;education,110,0.811,0.383,88,16,0.39,0.059,0.068,0.064,0.067,0.0,0.095,3,-0.061,False,False,False,,True
faltered,3,investment AND NOT culture AND NOT contestation,investment;culture;contestation,100,0.811,0.381,113,37,0.529,0.137,0.128,0.179,0.067,0.138,0.189,3,-0.061,False,False,False,,True
faltered,3,NOT social AND NOT extracurricular AND NOT small,social;extracurricular;small,000,0.811,0.38,94,25,0.51,0.093,0.128,0.051,0.067,0.069,0.162,4,-0.061,False,False,False,,True
faltered,3,NOT payroll_pit AND social AND NOT contestation,payroll_pit;social;contestation,010,0.811,0.379,104,26,0.448,0.096,0.09,0.128,0.1,0.034,0.054,3,-0.061,False,False,False,,True
faltered,3,NOT property_tax AND single_tax AND NOT autonomy,property_tax;single_tax;autonomy,010,0.811,0.378,94,23,0.434,0.085,0.12,0.026,0.067,0.103,0.122,3,-0.061,False,False,False,,True
faltered,3,NOT property_tax AND single_tax AND NOT social,property_tax;single_tax;social,010,0.811,0.373,100,23,0.434,0.085,0.09,0.064,0.1,0.103,0.081,4,-0.061,False,False,False,,True
faltered,3,NOT payroll_pit AND education AND NOT balance,payroll_pit;education;balance,010,0.811,0.365,93,26,0.531,0.096,0.15,0.051,0.0,0.069,0.176,3,-0.061,False,False,False,,True
faltered,3,property_tax AND NOT payroll_pit AND NOT balance,property_tax;payroll_pit;balance,100,0.811,0.362,74,23,0.511,0.085,0.083,0.077,0.067,0.138,0.108,4,-0.061,False,False,False,,True
faltered,3,NOT single_tax AND NOT culture AND extracurricular,single_tax;culture;extracurricular,001,0.81,0.472,200,65,0.607,0.241,0.203,0.269,0.3,0.276,0.149,4,-0.062,False,False,False,,True
faltered,3,NOT property_tax AND NOT investment AND NOT small,property_tax;investment;small,000,0.81,0.442,185,48,0.558,0.178,0.173,0.167,0.267,0.138,0.176,4,-0.062,False,False,False,,True
faltered,3,payroll_pit AND NOT investment AND social,payroll_pit;investment;social,101,0.81,0.431,166,40,0.667,0.148,0.165,0.141,0.1,0.138,0.23,4,-0.062,False,False,False,,True
faltered,3,social AND NOT education AND extracurricular,social;education;extracurricular,101,0.81,0.426,144,36,0.5,0.133,0.113,0.154,0.2,0.103,0.122,4,-0.062,False,False,False,,True
faltered,3,social AND NOT culture AND NOT education,social;culture;education,100,0.81,0.422,140,36,0.522,0.133,0.105,0.167,0.167,0.138,0.122,4,-0.062,False,False,False,,True
faltered,3,local_tax_base AND social AND extracurricular,local_tax_base;social;extracurricular,111,0.81,0.417,118,19,0.442,0.07,0.083,0.064,0.033,0.069,0.081,3,-0.062,False,False,False,,True
faltered,3,property_tax AND autonomy AND NOT balance,property_tax;autonomy;balance,110,0.81,0.415,142,40,0.606,0.148,0.105,0.244,0.133,0.103,0.095,4,-0.062,False,False,False,,True
faltered,3,NOT payroll_pit AND NOT investment AND NOT contestation,payroll_pit;investment;contestation,000,0.81,0.412,150,46,0.561,0.17,0.218,0.141,0.1,0.103,0.189,4,-0.062,False,False,False,,True
faltered,3,local_tax_base AND NOT culture AND NOT small,local_tax_base;culture;small,100,0.81,0.41,125,36,0.6,0.133,0.15,0.128,0.1,0.103,0.203,4,-0.062,False,False,False,,True
faltered,3,NOT property_tax AND NOT investment AND balance,property_tax;investment;balance,001,0.81,0.41,148,30,0.462,0.111,0.09,0.167,0.1,0.069,0.068,4,-0.062,False,False,False,,True
faltered,3,NOT single_tax AND NOT investment AND contestation,single_tax;investment;contestation,001,0.81,0.409,137,37,0.521,0.137,0.12,0.115,0.233,0.172,0.122,4,-0.062,False,False,False,,True
faltered,3,NOT local_tax_base AND NOT single_tax AND NOT balance,local_tax_base;single_tax;balance,000,0.81,0.407,153,49,0.563,0.181,0.233,0.115,0.167,0.138,0.203,4,-0.062,False,False,False,,True
faltered,3,local_tax_base AND NOT investment AND NOT culture,local_tax_base;investment;culture,100,0.81,0.406,134,33,0.524,0.122,0.165,0.103,0.1,0.0,0.176,3,-0.062,False,False,False,,True
faltered,3,NOT single_tax AND NOT investment AND balance,single_tax;investment;balance,001,0.81,0.406,138,31,0.484,0.115,0.053,0.205,0.1,0.172,0.068,3,-0.062,False,False,False,,True
faltered,3,autonomy AND NOT contestation AND balance,autonomy;contestation;balance,101,0.81,0.405,119,25,0.403,0.093,0.06,0.103,0.233,0.069,0.041,4,-0.062,False,False,False,,True
faltered,3,payroll_pit AND NOT autonomy AND small,payroll_pit;autonomy;small,101,0.81,0.404,119,31,0.525,0.115,0.15,0.077,0.067,0.103,0.135,4,-0.062,False,False,False,,True
faltered,3,NOT investment AND NOT social AND contestation,investment;social;contestation,001,0.81,0.404,139,38,0.507,0.141,0.128,0.115,0.233,0.172,0.135,4,-0.062,False,False,False,,True
faltered,3,single_tax AND NOT investment AND NOT balance,single_tax;investment;balance,100,0.81,0.402,141,37,0.578,0.137,0.12,0.128,0.133,0.241,0.135,4,-0.062,False,False,False,,True
faltered,3,NOT investment AND education AND balance,investment;education;balance,011,0.81,0.401,98,18,0.462,0.067,0.075,0.051,0.067,0.069,0.081,4,-0.062,False,False,False,,True
faltered,3,NOT social AND balance AND NOT small,social;balance;small,010,0.81,0.401,129,38,0.594,0.141,0.113,0.179,0.1,0.207,0.095,4,-0.062,False,False,False,,True
faltered,3,investment AND NOT education AND balance,investment;education;balance,101,0.81,0.4,116,38,0.551,0.141,0.105,0.167,0.167,0.207,0.108,4,-0.062,False,False,False,,True
faltered,3,social AND culture AND NOT balance,social;culture;balance,110,0.81,0.4,130,28,0.491,0.104,0.128,0.103,0.033,0.069,0.122,3,-0.062,False,False,False,,True
faltered,3,NOT single_tax AND investment AND balance,single_tax;investment;balance,011,0.81,0.399,119,38,0.521,0.141,0.12,0.179,0.133,0.138,0.095,4,-0.062,False,False,False,,True
faltered,3,NOT education AND NOT extracurricular AND NOT contestation,education;extracurricular;contestation,000,0.81,0.397,128,40,0.571,0.148,0.165,0.141,0.0,0.241,0.203,3,-0.062,False,False,False,,True
faltered,3,local_tax_base AND NOT culture AND NOT contestation,local_tax_base;culture;contestation,100,0.81,0.396,131,40,0.615,0.148,0.195,0.154,0.0,0.069,0.27,2,-0.062,False,False,False,,False
faltered,3,NOT local_tax_base AND NOT balance AND NOT small,local_tax_base;balance;small,000,0.81,0.396,132,37,0.493,0.137,0.158,0.09,0.167,0.138,0.203,4,-0.062,False,False,False,,True
faltered,3,NOT property_tax AND investment AND balance,property_tax;investment;balance,011,0.81,0.394,105,28,0.491,0.104,0.06,0.167,0.1,0.138,0.027,4,-0.062,False,False,False,,True
faltered,3,local_tax_base AND NOT payroll_pit AND autonomy,local_tax_base;payroll_pit;autonomy,101,0.81,0.393,89,21,0.42,0.078,0.098,0.064,0.067,0.034,0.108,3,-0.062,False,False,False,,True
faltered,3,investment AND social AND NOT balance,investment;social;balance,110,0.81,0.393,118,30,0.517,0.111,0.098,0.154,0.067,0.103,0.108,4,-0.062,False,False,False,,True
faltered,3,single_tax AND NOT autonomy AND balance,single_tax;autonomy;balance,101,0.81,0.392,95,20,0.408,0.074,0.113,0.013,0.033,0.103,0.095,2,-0.062,False,False,False,,False
faltered,3,single_tax AND autonomy AND NOT social,single_tax;autonomy;social,110,0.81,0.391,111,29,0.453,0.107,0.105,0.128,0.133,0.034,0.068,3,-0.062,False,False,False,,True
faltered,3,NOT single_tax AND investment AND social,single_tax;investment;social,011,0.81,0.39,117,27,0.409,0.1,0.075,0.115,0.133,0.138,0.068,4,-0.062,False,False,False,,True
faltered,3,NOT property_tax AND NOT culture AND small,property_tax;culture;small,001,0.81,0.389,108,38,0.551,0.141,0.18,0.103,0.1,0.103,0.108,4,-0.062,False,False,False,,True
faltered,3,investment AND NOT education AND NOT contestation,investment;education;contestation,100,0.81,0.389,120,40,0.526,0.148,0.128,0.167,0.1,0.241,0.149,4,-0.062,False,False,False,,True
faltered,3,NOT property_tax AND single_tax AND education,property_tax;single_tax;education,011,0.81,0.387,92,20,0.444,0.074,0.113,0.038,0.033,0.034,0.095,2,-0.062,False,False,False,,False
faltered,3,NOT local_tax_base AND investment AND NOT balance,local_tax_base;investment;balance,010,0.81,0.385,120,32,0.485,0.119,0.105,0.179,0.033,0.103,0.135,3,-0.062,False,False,False,,True
faltered,3,payroll_pit AND investment AND NOT social,payroll_pit;investment;social,110,0.81,0.381,96,30,0.526,0.111,0.135,0.128,0.0,0.069,0.095,3,-0.062,False,False,False,,True
faltered,3,NOT single_tax AND education AND NOT contestation,single_tax;education;contestation,010,0.81,0.38,102,27,0.474,0.1,0.105,0.115,0.067,0.069,0.108,4,-0.062,False,False,False,,True
faltered,3,property_tax AND NOT single_tax AND culture,property_tax;single_tax;culture,101,0.81,0.378,89,21,0.389,0.078,0.09,0.077,0.067,0.034,0.095,3,-0.062,False,False,False,,True
faltered,3,property_tax AND investment AND NOT culture,property_tax;investment;culture,110,0.81,0.378,98,31,0.517,0.115,0.083,0.167,0.1,0.138,0.081,4,-0.062,False,False,False,,True
faltered,3,NOT single_tax AND culture AND NOT extracurricular,single_tax;culture;extracurricular,010,0.81,0.378,92,20,0.4,0.074,0.09,0.064,0.033,0.069,0.108,3,-0.062,False,False,False,,True
faltered,3,single_tax AND NOT social AND balance,single_tax;social;balance,101,0.81,0.377,87,19,0.358,0.07,0.105,0.013,0.067,0.069,0.095,3,-0.062,False,False,False,,True
faltered,3,NOT property_tax AND single_tax AND investment,property_tax;single_tax;investment,011,0.81,0.374,88,17,0.378,0.063,0.075,0.051,0.033,0.069,0.081,4,-0.062,False,False,False,,True
faltered,3,NOT property_tax AND single_tax AND contestation,property_tax;single_tax;contestation,011,0.81,0.371,79,14,0.359,0.052,0.075,0.013,0.067,0.034,0.081,3,-0.062,False,False,False,,True
faltered,3,NOT culture AND contestation AND small,culture;contestation;small,011,0.81,0.366,92,24,0.471,0.089,0.105,0.077,0.133,0.0,0.081,3,-0.062,False,False,False,,True
faltered,3,NOT property_tax AND single_tax AND NOT extracurricular,property_tax;single_tax;extracurricular,010,0.81,0.364,75,15,0.366,0.056,0.083,0.026,0.033,0.034,0.054,3,-0.062,False,False,False,,True
faltered,3,NOT property_tax AND contestation AND small,property_tax;contestation;small,011,0.81,0.359,77,16,0.372,0.059,0.083,0.038,0.067,0.0,0.068,3,-0.062,False,False,False,,True
faltered,3,NOT payroll_pit AND NOT culture AND extracurricular,payroll_pit;culture;extracurricular,001,0.809,0.458,177,51,0.58,0.189,0.195,0.179,0.2,0.172,0.162,4,-0.063,False,False,False,,True
faltered,3,NOT single_tax AND NOT investment AND NOT culture,single_tax;investment;culture,000,0.809,0.456,187,57,0.576,0.211,0.211,0.192,0.3,0.172,0.149,4,-0.063,False,False,False,,True
faltered,3,NOT investment AND NOT culture AND NOT education,investment;culture;education,000,0.809,0.451,189,53,0.552,0.196,0.211,0.167,0.233,0.172,0.203,4,-0.063,False,False,False,,True
faltered,3,NOT single_tax AND autonomy AND NOT education,single_tax;autonomy;education,010,0.809,0.445,158,53,0.609,0.196,0.173,0.179,0.267,0.276,0.149,4,-0.063,False,False,False,,True
faltered,3,NOT local_tax_base AND autonomy AND culture,local_tax_base;autonomy;culture,011,0.809,0.43,162,39,0.557,0.144,0.113,0.167,0.267,0.103,0.081,4,-0.063,False,False,False,,True
faltered,3,NOT local_tax_base AND NOT single_tax AND contestation,local_tax_base;single_tax;contestation,001,0.809,0.426,157,42,0.538,0.156,0.158,0.128,0.133,0.241,0.162,4,-0.063,False,False,False,,True
faltered,3,autonomy AND NOT social AND NOT education,autonomy;social;education,100,0.809,0.421,138,47,0.595,0.174,0.173,0.192,0.2,0.103,0.162,4,-0.063,False,False,False,,True
faltered,3,local_tax_base AND extracurricular AND balance,local_tax_base;extracurricular;balance,111,0.809,0.42,119,22,0.468,0.081,0.098,0.077,0.067,0.034,0.108,3,-0.063,False,False,False,,True
faltered,3,payroll_pit AND NOT investment AND small,payroll_pit;investment;small,101,0.809,0.42,152,39,0.565,0.144,0.135,0.141,0.167,0.172,0.122,4,-0.063,False,False,False,,True
faltered,3,NOT local_tax_base AND autonomy AND NOT culture,local_tax_base;autonomy;culture,010,0.809,0.418,150,48,0.571,0.178,0.143,0.179,0.3,0.207,0.149,4,-0.063,False,False,False,,True
faltered,3,NOT local_tax_base AND payroll_pit AND NOT contestation,local_tax_base;payroll_pit;contestation,010,0.809,0.414,139,37,0.529,0.137,0.09,0.154,0.2,0.241,0.081,4,-0.063,False,False,False,,True
faltered,3,NOT payroll_pit AND extracurricular AND balance,payroll_pit;extracurricular;balance,011,0.809,0.414,135,30,0.476,0.111,0.045,0.205,0.167,0.103,0.027,3,-0.063,False,False,False,,True
faltered,3,payroll_pit AND social AND NOT balance,payroll_pit;social;balance,110,0.809,0.411,142,38,0.594,0.141,0.113,0.218,0.1,0.103,0.135,4,-0.063,False,False,False,,True
faltered,3,local_tax_base AND education AND extracurricular,local_tax_base;education;extracurricular,111,0.809,0.407,111,16,0.41,0.059,0.09,0.038,0.0,0.034,0.095,3,-0.063,False,False,False,,True
faltered,3,single_tax AND payroll_pit AND NOT autonomy,single_tax;payroll_pit;autonomy,110,0.809,0.406,117,28,0.538,0.104,0.128,0.051,0.067,0.172,0.122,3,-0.063,False,False,False,,True
faltered,3,autonomy AND social AND NOT contestation,autonomy;social;contestation,110,0.809,0.406,138,30,0.492,0.111,0.068,0.167,0.167,0.103,0.054,4,-0.063,False,False,False,,True
faltered,3,local_tax_base AND autonomy AND NOT education,local_tax_base;autonomy;education,110,0.809,0.405,115,33,0.5,0.122,0.15,0.103,0.1,0.069,0.162,4,-0.063,False,False,False,,True
faltered,3,NOT autonomy AND culture AND balance,autonomy;culture;balance,011,0.809,0.402,106,20,0.377,0.074,0.075,0.064,0.0,0.172,0.054,3,-0.063,False,False,False,,True
faltered,3,NOT local_tax_base AND property_tax AND balance,local_tax_base;property_tax;balance,011,0.809,0.4,122,30,0.517,0.111,0.098,0.09,0.167,0.172,0.108,4,-0.063,False,False,False,,True
faltered,3,local_tax_base AND social AND NOT balance,local_tax_base;social;balance,110,0.809,0.396,119,31,0.608,0.115,0.098,0.179,0.033,0.103,0.095,3,-0.063,False,False,False,,True
faltered,3,NOT investment AND NOT culture AND NOT extracurricular,investment;culture;extracurricular,000,0.809,0.395,116,26,0.473,0.096,0.113,0.103,0.1,0.0,0.108,3,-0.063,False,False,False,,True
faltered,3,local_tax_base AND contestation AND NOT small,local_tax_base;contestation;small,110,0.809,0.393,98,21,0.447,0.078,0.068,0.051,0.133,0.138,0.041,4,-0.063,False,False,False,,True
faltered,3,NOT local_tax_base AND property_tax AND investment,local_tax_base;property_tax;investment,011,0.809,0.389,118,30,0.492,0.111,0.083,0.154,0.167,0.069,0.068,4,-0.063,False,False,False,,True
faltered,3,payroll_pit AND NOT culture AND NOT small,payroll_pit;culture;small,100,0.809,0.388,107,33,0.55,0.122,0.098,0.128,0.167,0.172,0.108,4,-0.063,False,False,False,,True
faltered,3,NOT investment AND social AND NOT extracurricular,investment;social;extracurricular,010,0.809,0.386,113,19,0.422,0.07,0.053,0.128,0.0,0.069,0.068,3,-0.063,False,False,False,,True
faltered,3,property_tax AND NOT autonomy AND social,property_tax;autonomy;social,101,0.809,0.385,107,19,0.388,0.07,0.075,0.064,0.033,0.103,0.068,3,-0.063,False,False,False,,True
faltered,3,autonomy AND NOT balance AND NOT small,autonomy;balance;small,100,0.809,0.381,104,30,0.508,0.111,0.09,0.115,0.2,0.103,0.108,4,-0.063,False,False,False,,True
faltered,3,single_tax AND NOT social AND NOT contestation,single_tax;social;contestation,100,0.809,0.379,112,30,0.484,0.111,0.113,0.09,0.1,0.172,0.108,4,-0.063,False,False,False,,True
faltered,3,single_tax AND NOT autonomy AND NOT social,single_tax;autonomy;social,100,0.809,0.376,98,23,0.451,0.085,0.09,0.038,0.067,0.207,0.108,3,-0.063,False,False,False,,True
faltered,3,single_tax AND NOT payroll_pit AND balance,single_tax;payroll_pit;balance,101,0.809,0.374,74,11,0.282,0.041,0.053,0.013,0.033,0.069,0.041,3,-0.063,False,False,False,,True
faltered,3,single_tax AND NOT autonomy AND investment,single_tax;autonomy;investment,101,0.809,0.374,95,21,0.477,0.078,0.083,0.064,0.067,0.103,0.081,4,-0.063,False,False,False,,True
faltered,3,single_tax AND NOT social AND NOT culture,single_tax;social;culture,100,0.809,0.374,88,20,0.417,0.074,0.105,0.051,0.067,0.0,0.108,3,-0.063,False,False,False,,True
faltered,3,NOT extracurricular AND contestation AND NOT small,extracurricular;contestation;small,010,0.809,0.372,71,13,0.342,0.048,0.045,0.026,0.1,0.069,0.027,4,-0.063,False,False,False,,True
faltered,3,NOT payroll_pit AND autonomy AND investment,payroll_pit;autonomy;investment,011,0.809,0.371,77,18,0.4,0.067,0.068,0.077,0.067,0.034,0.068,4,-0.063,False,False,False,,True
faltered,3,NOT payroll_pit AND investment AND culture,payroll_pit;investment;culture,011,0.809,0.37,85,15,0.341,0.056,0.06,0.051,0.033,0.069,0.041,4,-0.063,False,False,False,,True
faltered,3,payroll_pit AND NOT social AND NOT extracurricular,payroll_pit;social;extracurricular,100,0.809,0.369,98,28,0.528,0.104,0.113,0.09,0.1,0.103,0.054,4,-0.063,False,False,False,,True
faltered,3,NOT social AND extracurricular AND NOT small,social;extracurricular;small,010,0.808,0.442,169,53,0.602,0.196,0.135,0.244,0.267,0.276,0.149,4,-0.064,False,False,False,,True
faltered,3,NOT local_tax_base AND NOT property_tax AND NOT contestation,local_tax_base;property_tax;contestation,000,0.808,0.432,180,56,0.523,0.207,0.203,0.218,0.233,0.172,0.149,4,-0.064,False,False,False,,True
faltered,3,NOT local_tax_base AND NOT single_tax AND NOT social,local_tax_base;single_tax;social,000,0.808,0.432,171,57,0.594,0.211,0.218,0.192,0.2,0.241,0.176,4,-0.064,False,False,False,,True
faltered,3,NOT local_tax_base AND NOT property_tax AND payroll_pit,local_tax_base;property_tax;payroll_pit,001,0.808,0.43,144,44,0.537,0.163,0.165,0.141,0.2,0.172,0.176,4,-0.064,False,False,False,,True
faltered,3,culture AND extracurricular AND NOT small,culture;extracurricular;small,110,0.808,0.425,149,34,0.515,0.126,0.12,0.128,0.133,0.138,0.149,4,-0.064,False,False,False,,True
faltered,3,NOT property_tax AND social AND NOT small,property_tax;social;small,010,0.808,0.42,145,29,0.426,0.107,0.105,0.115,0.133,0.069,0.108,4,-0.064,False,False,False,,True
faltered,3,NOT payroll_pit AND autonomy AND NOT education,payroll_pit;autonomy;education,010,0.808,0.42,124,33,0.508,0.122,0.128,0.103,0.2,0.069,0.108,4,-0.064,False,False,False,,True
faltered,3,NOT autonomy AND extracurricular AND NOT small,autonomy;extracurricular;small,010,0.808,0.418,146,32,0.471,0.119,0.083,0.154,0.067,0.241,0.108,4,-0.064,False,False,False,,True
faltered,3,payroll_pit AND autonomy AND NOT culture,payroll_pit;autonomy;culture,110,0.808,0.414,143,49,0.598,0.181,0.15,0.218,0.233,0.172,0.162,4,-0.064,False,False,False,,True
faltered,3,NOT payroll_pit AND NOT investment AND NOT balance,payroll_pit;investment;balance,000,0.808,0.413,144,50,0.61,0.185,0.256,0.077,0.2,0.138,0.23,3,-0.064,False,False,False,,True
faltered,3,culture AND extracurricular AND small,culture;extracurricular;small,111,0.808,0.41,110,24,0.49,0.089,0.105,0.051,0.1,0.103,0.135,4,-0.064,False,False,False,,True
faltered,3,payroll_pit AND NOT autonomy AND culture,payroll_pit;autonomy;culture,101,0.808,0.409,115,26,0.481,0.096,0.105,0.064,0.033,0.207,0.108,3,-0.064,False,False,False,,True
faltered,3,autonomy AND NOT social AND NOT culture,autonomy;social;culture,100,0.808,0.409,128,37,0.5,0.137,0.143,0.128,0.167,0.103,0.122,4,-0.064,False,False,False,,True
faltered,3,culture AND NOT contestation AND NOT balance,culture;contestation;balance,100,0.808,0.407,152,42,0.583,0.156,0.135,0.167,0.133,0.241,0.122,4,-0.064,False,False,False,,True
faltered,3,NOT autonomy AND NOT investment AND balance,autonomy;investment;balance,001,0.808,0.406,127,28,0.431,0.104,0.09,0.154,0.0,0.138,0.095,3,-0.064,False,False,False,,True
faltered,3,NOT investment AND social AND small,investment;social;small,011,0.808,0.406,129,28,0.519,0.104,0.105,0.128,0.033,0.103,0.108,3,-0.064,False,False,False,,True
faltered,3,NOT payroll_pit AND social AND NOT education,payroll_pit;social;education,010,0.808,0.402,109,19,0.365,0.07,0.053,0.103,0.1,0.034,0.054,3,-0.064,False,False,False,,True
faltered,3,payroll_pit AND culture AND NOT small,payroll_pit;culture;small,110,0.808,0.399,118,24,0.5,0.089,0.09,0.077,0.1,0.103,0.135,4,-0.064,False,False,False,,True
faltered,3,NOT autonomy AND social AND NOT contestation,autonomy;social;contestation,010,0.808,0.398,121,29,0.483,0.107,0.105,0.141,0.067,0.069,0.081,4,-0.064,False,False,False,,True
faltered,3,local_tax_base AND NOT single_tax AND NOT investment,local_tax_base;single_tax;investment,100,0.808,0.396,117,28,0.452,0.104,0.12,0.103,0.1,0.034,0.162,3,-0.064,False,False,False,,True
faltered,3,NOT payroll_pit AND NOT education AND small,payroll_pit;education;small,001,0.808,0.39,100,30,0.476,0.111,0.128,0.09,0.1,0.103,0.135,4,-0.064,False,False,False,,True
faltered,3,NOT property_tax AND education AND small,property_tax;education;small,011,0.808,0.389,103,29,0.492,0.107,0.158,0.077,0.033,0.034,0.135,2,-0.064,False,False,False,,False
faltered,3,single_tax AND autonomy AND NOT culture,single_tax;autonomy;culture,110,0.808,0.388,104,26,0.464,0.096,0.105,0.115,0.1,0.0,0.122,3,-0.064,False,False,False,,True
faltered,3,investment AND culture AND NOT small,investment;culture;small,110,0.808,0.385,100,15,0.319,0.056,0.03,0.077,0.067,0.103,0.027,4,-0.064,False,False,False,,True
faltered,3,NOT single_tax AND NOT autonomy AND social,single_tax;autonomy;social,001,0.808,0.384,108,21,0.389,0.078,0.068,0.128,0.033,0.034,0.068,2,-0.064,False,False,False,,False
faltered,3,property_tax AND NOT social AND NOT balance,property_tax;social;balance,100,0.808,0.383,110,31,0.554,0.115,0.083,0.141,0.133,0.172,0.081,4,-0.064,False,False,False,,True
faltered,3,property_tax AND NOT payroll_pit AND NOT social,property_tax;payroll_pit;social,100,0.808,0.378,92,26,0.441,0.096,0.105,0.09,0.067,0.103,0.149,4,-0.064,False,False,False,,True
faltered,3,NOT local_tax_base AND education AND NOT extracurricular,local_tax_base;education;extracurricular,010,0.808,0.377,112,25,0.472,0.093,0.09,0.103,0.133,0.034,0.081,3,-0.064,False,False,False,,True
faltered,3,property_tax AND NOT payroll_pit AND NOT contestation,property_tax;payroll_pit;contestation,100,0.808,0.37,86,21,0.382,0.078,0.098,0.064,0.033,0.069,0.122,3,-0.064,False,False,False,,True
faltered,3,property_tax AND single_tax AND NOT payroll_pit,property_tax;single_tax;payroll_pit,110,0.808,0.365,61,8,0.25,0.03,0.03,0.026,0.0,0.069,0.041,3,-0.064,False,False,False,,True
faltered,3,NOT single_tax AND contestation AND small,single_tax;contestation;small,011,0.808,0.363,89,22,0.449,0.081,0.12,0.064,0.033,0.0,0.122,2,-0.064,False,False,False,,False
faltered,3,single_tax AND NOT culture AND NOT balance,single_tax;culture;balance,100,0.808,0.361,90,24,0.5,0.089,0.083,0.128,0.067,0.034,0.108,3,-0.064,False,False,False,,True
faltered,3,single_tax AND NOT payroll_pit AND contestation,single_tax;payroll_pit;contestation,101,0.808,0.355,54,6,0.194,0.022,0.023,0.013,0.033,0.034,0.027,4,-0.064,False,False,False,,True
faltered,3,NOT property_tax AND NOT investment AND NOT education,property_tax;investment;education,000,0.807,0.444,191,51,0.537,0.189,0.18,0.218,0.267,0.069,0.135,3,-0.065,False,False,False,,True
faltered,3,NOT culture AND extracurricular AND balance,culture;extracurricular;balance,011,0.807,0.433,160,42,0.553,0.156,0.128,0.192,0.2,0.138,0.095,4,-0.065,False,False,False,,True
faltered,3,NOT property_tax AND autonomy AND NOT education,property_tax;autonomy;education,010,0.807,0.431,150,38,0.507,0.141,0.128,0.141,0.233,0.103,0.095,4,-0.065,False,False,False,,True
faltered,3,NOT local_tax_base AND property_tax AND autonomy,local_tax_base;property_tax;autonomy,011,0.807,0.424,159,41,0.569,0.152,0.105,0.167,0.267,0.207,0.122,4,-0.065,False,False,False,,True
faltered,3,NOT property_tax AND NOT education AND NOT contestation,property_tax;education;contestation,000,0.807,0.423,172,50,0.543,0.185,0.165,0.218,0.167,0.207,0.149,4,-0.065,False,False,False,,True
faltered,3,NOT autonomy AND NOT culture AND NOT contestation,autonomy;culture;contestation,000,0.807,0.417,160,53,0.596,0.196,0.248,0.192,0.067,0.103,0.284,3,-0.065,False,False,False,,True
faltered,3,autonomy AND culture AND NOT contestation,autonomy;culture;contestation,110,0.807,0.416,155,40,0.548,0.148,0.105,0.179,0.267,0.138,0.068,4,-0.065,False,False,False,,True
faltered,3,single_tax AND autonomy AND NOT balance,single_tax;autonomy;balance,110,0.807,0.405,138,38,0.576,0.141,0.105,0.231,0.133,0.069,0.081,3,-0.065,False,False,False,,True
faltered,3,single_tax AND social AND NOT balance,single_tax;social;balance,110,0.807,0.403,133,32,0.561,0.119,0.113,0.154,0.067,0.103,0.122,4,-0.065,False,False,False,,True
faltered,3,payroll_pit AND extracurricular AND small,payroll_pit;extracurricular;small,111,0.807,0.403,110,25,0.5,0.093,0.113,0.064,0.1,0.069,0.095,4,-0.065,False,False,False,,True
faltered,3,NOT investment AND culture AND NOT extracurricular,investment;culture;extracurricular,010,0.807,0.403,137,29,0.446,0.107,0.083,0.128,0.067,0.207,0.095,4,-0.065,False,False,False,,True
faltered,3,local_tax_base AND NOT property_tax AND NOT single_tax,local_tax_base;property_tax;single_tax,100,0.807,0.402,119,27,0.491,0.1,0.09,0.128,0.067,0.103,0.135,4,-0.065,False,False,False,,True
faltered,3,NOT property_tax AND contestation AND balance,property_tax;contestation;balance,011,0.807,0.402,119,22,0.44,0.081,0.068,0.115,0.067,0.069,0.041,4,-0.065,False,False,False,,True
faltered,3,single_tax AND NOT autonomy AND social,single_tax;autonomy;social,101,0.807,0.397,114,24,0.471,0.089,0.12,0.051,0.033,0.103,0.108,3,-0.065,False,False,False,,True
faltered,3,single_tax AND NOT investment AND contestation,single_tax;investment;contestation,101,0.807,0.395,130,28,0.5,0.104,0.135,0.064,0.1,0.069,0.189,4,-0.065,False,False,False,,True
faltered,3,local_tax_base AND NOT single_tax AND NOT contestation,local_tax_base;single_tax;contestation,100,0.807,0.393,122,38,0.543,0.141,0.165,0.141,0.033,0.138,0.23,3,-0.065,False,False,False,,True
faltered,3,property_tax AND NOT single_tax AND NOT payroll_pit,property_tax;single_tax;payroll_pit,100,0.807,0.393,99,31,0.492,0.115,0.128,0.103,0.1,0.103,0.162,4,-0.065,False,False,False,,True
faltered,3,NOT payroll_pit AND culture AND balance,payroll_pit;culture;balance,011,0.807,0.388,101,19,0.352,0.07,0.06,0.09,0.067,0.069,0.041,4,-0.065,False,False,False,,True
faltered,3,payroll_pit AND NOT education AND contestation,payroll_pit;education;contestation,101,0.807,0.388,115,37,0.569,0.137,0.12,0.141,0.2,0.138,0.149,4,-0.065,False,False,False,,True
faltered,3,local_tax_base AND investment AND NOT small,local_tax_base;investment;small,110,0.807,0.386,98,26,0.542,0.096,0.09,0.09,0.067,0.172,0.108,4,-0.065,False,False,False,,True
faltered,3,local_tax_base AND single_tax AND NOT education,local_tax_base;single_tax;education,110,0.807,0.383,89,23,0.426,0.085,0.105,0.064,0.033,0.103,0.108,3,-0.065,False,False,False,,True
faltered,3,NOT local_tax_base AND NOT extracurricular AND small,local_tax_base;extracurricular;small,001,0.807,0.381,119,34,0.567,0.126,0.12,0.141,0.167,0.069,0.095,4,-0.065,False,False,False,,True
faltered,3,NOT autonomy AND investment AND social,autonomy;investment;social,011,0.807,0.381,107,19,0.38,0.07,0.068,0.09,0.067,0.034,0.068,3,-0.065,False,False,False,,True
faltered,3,property_tax AND culture AND NOT small,property_tax;culture;small,110,0.807,0.379,96,16,0.372,0.059,0.06,0.077,0.067,0.0,0.095,3,-0.065,False,False,False,,True
faltered,3,property_tax AND single_tax AND NOT education,property_tax;single_tax;education,110,0.807,0.377,83,22,0.458,0.081,0.075,0.103,0.1,0.034,0.108,3,-0.065,False,False,False,,True
faltered,3,NOT payroll_pit AND investment AND social,payroll_pit;investment;social,011,0.807,0.377,98,19,0.38,0.07,0.075,0.064,0.1,0.034,0.081,3,-0.065,False,False,False,,True
faltered,3,local_tax_base AND NOT property_tax AND contestation,local_tax_base;property_tax;contestation,101,0.807,0.375,90,13,0.325,0.048,0.045,0.051,0.067,0.034,0.027,4,-0.065,False,False,False,,True
faltered,3,NOT social AND NOT contestation AND balance,social;contestation;balance,001,0.807,0.375,106,28,0.459,0.104,0.09,0.141,0.067,0.103,0.095,4,-0.065,False,False,False,,True
faltered,3,single_tax AND NOT payroll_pit AND education,single_tax;payroll_pit;education,101,0.807,0.371,71,11,0.314,0.041,0.06,0.026,0.0,0.034,0.054,3,-0.065,False,False,False,,True
faltered,3,property_tax AND NOT payroll_pit AND education,property_tax;payroll_pit;education,101,0.807,0.368,77,11,0.262,0.041,0.053,0.038,0.0,0.034,0.054,3,-0.065,False,False,False,,True
faltered,3,NOT single_tax AND investment AND small,single_tax;investment;small,011,0.807,0.368,93,29,0.492,0.107,0.12,0.103,0.033,0.138,0.122,3,-0.065,False,False,False,,True
faltered,3,property_tax AND NOT culture AND NOT extracurricular,property_tax;culture;extracurricular,100,0.807,0.367,84,23,0.489,0.085,0.075,0.115,0.067,0.069,0.095,4,-0.065,False,False,False,,True
faltered,3,NOT extracurricular AND NOT balance AND NOT small,extracurricular;balance;small,000,0.807,0.366,87,19,0.422,0.07,0.09,0.038,0.067,0.069,0.135,4,-0.065,False,False,False,,True
faltered,3,NOT payroll_pit AND investment AND education,payroll_pit;investment;education,011,0.807,0.36,82,15,0.341,0.056,0.068,0.077,0.0,0.0,0.068,2,-0.065,False,False,False,,False
faltered,3,single_tax AND NOT payroll_pit AND investment,single_tax;payroll_pit;investment,101,0.807,0.357,65,10,0.286,0.037,0.038,0.026,0.033,0.069,0.041,4,-0.065,False,False,False,,True
faltered,3,NOT property_tax AND NOT investment AND NOT culture,property_tax;investment;culture,000,0.806,0.451,197,54,0.535,0.2,0.233,0.167,0.267,0.069,0.149,3,-0.066,False,False,False,,True
faltered,3,NOT property_tax AND NOT social AND extracurricular,property_tax;social;extracurricular,001,0.806,0.438,175,52,0.584,0.193,0.165,0.218,0.267,0.172,0.135,4,-0.066,False,False,False,,True
faltered,3,property_tax AND payroll_pit AND NOT investment,property_tax;payroll_pit;investment,110,0.806,0.433,167,41,0.661,0.152,0.143,0.141,0.133,0.241,0.189,4,-0.066,False,False,False,,True
faltered,3,local_tax_base AND property_tax AND extracurricular,local_tax_base;property_tax;extracurricular,111,0.806,0.427,137,34,0.557,0.126,0.165,0.077,0.1,0.103,0.203,4,-0.066,False,False,False,,True
faltered,3,NOT local_tax_base AND education AND small,local_tax_base;education;small,011,0.806,0.423,153,45,0.57,0.167,0.195,0.128,0.2,0.103,0.162,4,-0.066,False,False,False,,True
faltered,3,NOT investment AND education AND NOT contestation,investment;education;contestation,010,0.806,0.422,151,43,0.581,0.159,0.173,0.115,0.133,0.241,0.149,4,-0.066,False,False,False,,True
faltered,3,payroll_pit AND autonomy AND NOT balance,payroll_pit;autonomy;balance,110,0.806,0.421,160,48,0.615,0.178,0.12,0.282,0.2,0.138,0.108,4,-0.066,False,False,False,,True
faltered,3,NOT education AND contestation AND balance,education;contestation;balance,011,0.806,0.414,147,40,0.58,0.148,0.128,0.167,0.133,0.207,0.162,4,-0.066,False,False,False,,True
faltered,3,NOT education AND NOT contestation AND NOT small,education;contestation;small,000,0.806,0.414,167,45,0.536,0.167,0.15,0.231,0.133,0.103,0.189,4,-0.066,False,False,False,,True
faltered,3,local_tax_base AND NOT investment AND NOT contestation,local_tax_base;investment;contestation,100,0.806,0.41,141,37,0.552,0.137,0.173,0.128,0.0,0.138,0.203,3,-0.066,False,False,False,,True
faltered,3,property_tax AND extracurricular AND NOT small,property_tax;extracurricular;small,110,0.806,0.409,132,35,0.53,0.13,0.12,0.141,0.1,0.172,0.176,4,-0.066,False,False,False,,True
faltered,3,NOT payroll_pit AND NOT contestation AND NOT small,payroll_pit;contestation;small,000,0.806,0.407,162,44,0.543,0.163,0.173,0.192,0.133,0.069,0.23,3,-0.066,False,False,False,,True
faltered,3,NOT local_tax_base AND NOT property_tax AND NOT extracurricular,local_tax_base;property_tax;extracurricular,000,0.806,0.404,114,24,0.375,0.089,0.128,0.051,0.033,0.069,0.135,3,-0.066,False,False,False,,True
faltered,3,single_tax AND payroll_pit AND NOT social,single_tax;payroll_pit;social,110,0.806,0.403,126,36,0.537,0.133,0.135,0.128,0.133,0.138,0.095,4,-0.066,False,False,False,,True
faltered,3,payroll_pit AND NOT education AND NOT small,payroll_pit;education;small,100,0.806,0.403,132,38,0.551,0.141,0.12,0.167,0.133,0.172,0.162,4,-0.066,False,False,False,,True
faltered,3,NOT autonomy AND NOT education AND NOT extracurricular,autonomy;education;extracurricular,000,0.806,0.4,133,37,0.481,0.137,0.15,0.115,0.1,0.172,0.189,4,-0.066,False,False,False,,True
faltered,3,NOT autonomy AND culture AND NOT balance,autonomy;culture;balance,010,0.806,0.399,132,30,0.462,0.111,0.128,0.077,0.033,0.207,0.176,3,-0.066,False,False,False,,True
faltered,3,NOT payroll_pit AND NOT extracurricular AND NOT small,payroll_pit;extracurricular;small,000,0.806,0.397,116,27,0.458,0.1,0.128,0.077,0.067,0.069,0.176,4,-0.066,False,False,False,,True
faltered,3,social AND NOT balance AND small,social;balance;small,101,0.806,0.396,138,35,0.593,0.13,0.105,0.218,0.067,0.069,0.108,4,-0.066,False,False,False,,True
faltered,3,autonomy AND NOT extracurricular AND NOT contestation,autonomy;extracurricular;contestation,100,0.806,0.391,129,33,0.541,0.122,0.105,0.154,0.133,0.103,0.068,4,-0.066,False,False,False,,True
faltered,3,investment AND social AND NOT culture,investment;social;culture,110,0.806,0.391,117,32,0.485,0.119,0.083,0.154,0.167,0.138,0.095,4,-0.066,False,False,False,,True
faltered,3,local_tax_base AND NOT education AND small,local_tax_base;education;small,101,0.806,0.388,103,32,0.471,0.119,0.128,0.103,0.1,0.138,0.149,4,-0.066,False,False,False,,True
faltered,3,NOT autonomy AND NOT education AND NOT balance,autonomy;education;balance,000,0.806,0.387,127,37,0.514,0.137,0.173,0.077,0.133,0.138,0.189,4,-0.066,False,False,False,,True
faltered,3,NOT payroll_pit AND social AND balance,payroll_pit;social;balance,011,0.806,0.386,102,16,0.302,0.059,0.03,0.115,0.1,0.0,0.014,3,-0.066,False,False,False,,True
faltered,3,local_tax_base AND single_tax AND NOT culture,local_tax_base;single_tax;culture,110,0.806,0.385,99,22,0.449,0.081,0.12,0.064,0.0,0.034,0.108,2,-0.066,False,False,False,,False
faltered,3,NOT single_tax AND NOT extracurricular AND balance,single_tax;extracurricular;balance,001,0.806,0.38,103,23,0.404,0.085,0.083,0.103,0.033,0.103,0.095,3,-0.066,False,False,False,,True
faltered,3,investment AND NOT social AND culture,investment;social;culture,101,0.806,0.379,102,24,0.444,0.089,0.105,0.09,0.0,0.103,0.081,3,-0.066,False,False,False,,True
faltered,3,single_tax AND education AND NOT small,single_tax;education;small,110,0.806,0.378,84,12,0.343,0.044,0.06,0.013,0.033,0.069,0.068,3,-0.066,False,False,False,,True
faltered,3,payroll_pit AND investment AND NOT culture,payroll_pit;investment;culture,110,0.806,0.378,98,34,0.54,0.126,0.098,0.179,0.1,0.138,0.068,4,-0.066,False,False,False,,True
faltered,3,local_tax_base AND NOT property_tax AND NOT balance,local_tax_base;property_tax;balance,100,0.806,0.377,107,23,0.479,0.085,0.113,0.051,0.067,0.069,0.149,4,-0.066,False,False,False,,True
faltered,3,NOT property_tax AND NOT balance AND small,property_tax;balance;small,001,0.806,0.376,110,37,0.536,0.137,0.188,0.077,0.1,0.103,0.149,4,-0.066,False,False,False,,True
faltered,3,NOT property_tax AND education AND NOT extracurricular,property_tax;education;extracurricular,010,0.806,0.364,79,18,0.429,0.067,0.09,0.051,0.033,0.034,0.095,3,-0.066,False,False,False,,True
faltered,3,NOT local_tax_base AND NOT education AND extracurricular,local_tax_base;education;extracurricular,001,0.805,0.455,206,62,0.559,0.23,0.158,0.295,0.367,0.241,0.135,4,-0.067,False,False,False,,True
faltered,3,NOT culture AND extracurricular AND contestation,culture;extracurricular;contestation,011,0.805,0.448,179,54,0.581,0.2,0.173,0.205,0.233,0.276,0.162,4,-0.067,False,False,False,,True
faltered,3,NOT property_tax AND autonomy AND NOT small,property_tax;autonomy;small,010,0.805,0.43,158,40,0.533,0.148,0.12,0.167,0.3,0.069,0.095,3,-0.067,False,False,False,,True
faltered,3,NOT investment AND social AND balance,investment;social;balance,011,0.805,0.423,146,29,0.509,0.107,0.105,0.128,0.067,0.103,0.135,4,-0.067,False,False,False,,True
faltered,3,autonomy AND education AND extracurricular,autonomy;education;extracurricular,111,0.805,0.419,130,29,0.509,0.107,0.105,0.103,0.167,0.069,0.081,4,-0.067,False,False,False,,True
faltered,3,local_tax_base AND single_tax AND extracurricular,local_tax_base;single_tax;extracurricular,111,0.805,0.415,123,24,0.533,0.089,0.128,0.051,0.033,0.069,0.135,3,-0.067,False,False,False,,True
faltered,3,NOT investment AND balance AND NOT small,investment;balance;small,010,0.805,0.415,168,35,0.53,0.13,0.098,0.179,0.1,0.172,0.135,4,-0.067,False,False,False,,True
faltered,3,NOT property_tax AND NOT investment AND contestation,property_tax;investment;contestation,001,0.805,0.41,145,35,0.479,0.13,0.15,0.09,0.2,0.069,0.149,4,-0.067,False,False,False,,True
faltered,3,local_tax_base AND NOT autonomy AND NOT education,local_tax_base;autonomy;education,100,0.805,0.409,136,38,0.528,0.141,0.128,0.154,0.1,0.207,0.176,4,-0.067,False,False,False,,True
faltered,3,NOT single_tax AND NOT social AND balance,single_tax;social;balance,001,0.805,0.407,135,42,0.583,0.156,0.128,0.231,0.067,0.172,0.135,3,-0.067,False,False,False,,True
faltered,3,NOT autonomy AND NOT social AND NOT small,autonomy;social;small,000,0.805,0.407,148,43,0.551,0.159,0.165,0.128,0.1,0.276,0.23,4,-0.067,False,False,False,,True
faltered,3,NOT investment AND NOT extracurricular AND NOT contestation,investment;extracurricular;contestation,000,0.805,0.405,138,35,0.556,0.13,0.135,0.141,0.067,0.138,0.135,4,-0.067,False,False,False,,True
faltered,3,autonomy AND investment AND NOT contestation,autonomy;investment;contestation,110,0.805,0.399,126,31,0.437,0.115,0.09,0.141,0.167,0.103,0.054,4,-0.067,False,False,False,,True
faltered,3,NOT property_tax AND NOT extracurricular AND NOT small,property_tax;extracurricular;small,000,0.805,0.397,115,22,0.407,0.081,0.113,0.051,0.033,0.069,0.149,3,-0.067,False,False,False,,True
faltered,3,NOT property_tax AND NOT contestation AND balance,property_tax;contestation;balance,001,0.805,0.392,134,36,0.5,0.133,0.083,0.218,0.133,0.138,0.054,4,-0.067,False,False,False,,True
faltered,3,NOT single_tax AND investment AND NOT contestation,single_tax;investment;contestation,010,0.805,0.391,127,42,0.525,0.156,0.128,0.205,0.1,0.207,0.149,4,-0.067,False,False,False,,True
faltered,3,single_tax AND NOT culture AND NOT education,single_tax;culture;education,100,0.805,0.39,91,23,0.426,0.085,0.105,0.077,0.1,0.0,0.135,3,-0.067,False,False,False,,True
faltered,3,local_tax_base AND NOT social AND balance,local_tax_base;social;balance,101,0.805,0.388,113,34,0.493,0.126,0.158,0.115,0.033,0.103,0.176,3,-0.067,False,False,False,,True
faltered,3,NOT payroll_pit AND culture AND education,payroll_pit;culture;education,011,0.805,0.386,92,16,0.308,0.059,0.083,0.038,0.0,0.069,0.081,3,-0.067,False,False,False,,True
faltered,3,payroll_pit AND investment AND NOT education,payroll_pit;investment;education,110,0.805,0.382,103,35,0.522,0.13,0.098,0.192,0.067,0.172,0.068,4,-0.067,False,False,False,,True
faltered,3,investment AND NOT contestation AND NOT small,investment;contestation;small,100,0.805,0.381,121,30,0.441,0.111,0.098,0.141,0.1,0.103,0.149,4,-0.067,False,False,False,,True
faltered,3,NOT local_tax_base AND investment AND NOT extracurricular,local_tax_base;investment;extracurricular,010,0.805,0.378,106,26,0.448,0.096,0.098,0.103,0.067,0.103,0.081,4,-0.067,False,False,False,,True
faltered,3,property_tax AND NOT single_tax AND small,property_tax;single_tax;small,101,0.805,0.378,92,24,0.453,0.089,0.12,0.077,0.033,0.034,0.122,2,-0.067,False,False,False,,False
faltered,3,NOT autonomy AND investment AND contestation,autonomy;investment;contestation,011,0.805,0.378,99,16,0.356,0.059,0.068,0.026,0.067,0.103,0.054,3,-0.067,False,False,False,,True
faltered,3,property_tax AND contestation AND NOT balance,property_tax;contestation;balance,110,0.805,0.377,104,26,0.51,0.096,0.045,0.167,0.1,0.138,0.041,3,-0.067,False,False,False,,True
faltered,3,NOT social AND education AND balance,social;education;balance,011,0.805,0.375,84,16,0.308,0.059,0.09,0.038,0.033,0.0,0.068,3,-0.067,False,False,False,,True
faltered,3,NOT payroll_pit AND social AND NOT extracurricular,payroll_pit;social;extracurricular,010,0.805,0.374,85,13,0.31,0.048,0.06,0.064,0.0,0.0,0.054,2,-0.067,False,False,False,,False
faltered,3,property_tax AND NOT payroll_pit AND culture,property_tax;payroll_pit;culture,101,0.805,0.37,76,16,0.32,0.059,0.068,0.051,0.033,0.069,0.081,4,-0.067,False,False,False,,True
faltered,3,NOT local_tax_base AND NOT culture AND extracurricular,local_tax_base;culture;extracurricular,001,0.804,0.457,198,63,0.562,0.233,0.203,0.244,0.367,0.207,0.149,4,-0.068,False,False,False,,True
faltered,3,NOT investment AND NOT social AND NOT culture,investment;social;culture,000,0.804,0.435,180,54,0.545,0.2,0.248,0.103,0.3,0.138,0.203,4,-0.068,False,False,False,,True
faltered,3,NOT local_tax_base AND autonomy AND NOT education,local_tax_base;autonomy;education,010,0.804,0.431,170,50,0.568,0.185,0.135,0.218,0.3,0.207,0.135,4,-0.068,False,False,False,,True
faltered,3,NOT single_tax AND NOT culture AND NOT contestation,single_tax;culture;contestation,000,0.804,0.431,172,61,0.61,0.226,0.248,0.244,0.167,0.138,0.257,4,-0.068,False,False,False,,True
faltered,3,NOT investment AND NOT contestation AND small,investment;contestation;small,001,0.804,0.428,150,44,0.55,0.163,0.188,0.128,0.1,0.207,0.149,4,-0.068,False,False,False,,True
faltered,3,NOT single_tax AND NOT autonomy AND extracurricular,single_tax;autonomy;extracurricular,001,0.804,0.424,154,40,0.506,0.148,0.143,0.179,0.067,0.172,0.135,3,-0.068,False,False,False,,True
faltered,3,NOT local_tax_base AND NOT single_tax AND NOT autonomy,local_tax_base;single_tax;autonomy,000,0.804,0.422,162,46,0.517,0.17,0.188,0.179,0.067,0.172,0.176,3,-0.068,False,False,False,,True
faltered,3,local_tax_base AND NOT investment AND culture,local_tax_base;investment;culture,101,0.804,0.42,142,33,0.485,0.122,0.12,0.128,0.033,0.207,0.149,3,-0.068,False,False,False,,True
faltered,3,social AND NOT culture AND NOT small,social;culture;small,100,0.804,0.418,144,33,0.471,0.122,0.09,0.154,0.133,0.172,0.122,4,-0.068,False,False,False,,True
faltered,3,NOT local_tax_base AND property_tax AND single_tax,local_tax_base;property_tax;single_tax,011,0.804,0.409,132,33,0.541,0.122,0.09,0.128,0.267,0.103,0.095,4,-0.068,False,False,False,,True
faltered,3,NOT investment AND NOT social AND small,investment;social;small,001,0.804,0.405,149,46,0.529,0.17,0.203,0.103,0.2,0.172,0.162,4,-0.068,False,False,False,,True
faltered,3,autonomy AND culture AND NOT small,autonomy;culture;small,110,0.804,0.404,135,29,0.475,0.107,0.105,0.128,0.167,0.0,0.122,3,-0.068,False,False,False,,True
faltered,3,local_tax_base AND property_tax AND NOT education,local_tax_base;property_tax;education,110,0.804,0.403,114,39,0.527,0.144,0.165,0.115,0.133,0.138,0.216,4,-0.068,False,False,False,,True
faltered,3,local_tax_base AND NOT investment AND social,local_tax_base;investment;social,101,0.804,0.403,123,23,0.469,0.085,0.098,0.103,0.0,0.069,0.095,3,-0.068,False,False,False,,True
faltered,3,property_tax AND single_tax AND NOT autonomy,property_tax;single_tax;autonomy,110,0.804,0.401,118,24,0.49,0.089,0.09,0.064,0.033,0.207,0.095,3,-0.068,False,False,False,,True
faltered,3,local_tax_base AND NOT investment AND balance,local_tax_base;investment;balance,101,0.804,0.399,120,24,0.421,0.089,0.12,0.077,0.033,0.034,0.135,2,-0.068,False,False,False,,False
faltered,3,NOT autonomy AND social AND balance,autonomy;social;balance,011,0.804,0.398,111,19,0.345,0.07,0.068,0.09,0.033,0.069,0.027,3,-0.068,False,False,False,,True
faltered,3,NOT culture AND NOT extracurricular AND NOT small,culture;extracurricular;small,000,0.804,0.398,110,28,0.483,0.104,0.12,0.09,0.067,0.103,0.162,4,-0.068,False,False,False,,True
faltered,3,NOT single_tax AND NOT investment AND NOT extracurricular,single_tax;investment;extracurricular,000,0.804,0.396,119,24,0.429,0.089,0.098,0.103,0.067,0.034,0.122,3,-0.068,False,False,False,,True
faltered,3,property_tax AND NOT social AND education,property_tax;social;education,101,0.804,0.395,118,24,0.4,0.089,0.105,0.064,0.067,0.103,0.081,4,-0.068,False,False,False,,True
faltered,3,NOT autonomy AND contestation AND balance,autonomy;contestation;balance,011,0.804,0.393,112,21,0.375,0.078,0.075,0.077,0.033,0.138,0.054,3,-0.068,False,False,False,,True
faltered,3,NOT autonomy AND NOT contestation AND balance,autonomy;contestation;balance,001,0.804,0.392,123,29,0.439,0.107,0.083,0.167,0.033,0.138,0.081,3,-0.068,False,False,False,,True
faltered,3,education AND balance AND NOT small,education;balance;small,110,0.804,0.39,95,13,0.325,0.048,0.03,0.064,0.1,0.034,0.027,4,-0.068,False,False,False,,True
faltered,3,NOT autonomy AND investment AND culture,autonomy;investment;culture,011,0.804,0.389,111,21,0.404,0.078,0.083,0.077,0.033,0.103,0.054,3,-0.068,False,False,False,,True
faltered,3,payroll_pit AND investment AND NOT balance,payroll_pit;investment;balance,110,0.804,0.388,115,35,0.614,0.13,0.09,0.231,0.067,0.103,0.068,4,-0.068,False,False,False,,True
faltered,3,NOT payroll_pit AND culture AND small,payroll_pit;culture;small,011,0.804,0.379,96,24,0.407,0.089,0.105,0.077,0.033,0.103,0.135,3,-0.068,False,False,False,,True
faltered,3,single_tax AND NOT autonomy AND contestation,single_tax;autonomy;contestation,101,0.804,0.37,97,17,0.37,0.063,0.075,0.013,0.067,0.138,0.081,3,-0.068,False,False,False,,True
faltered,3,single_tax AND NOT culture AND NOT extracurricular,single_tax;culture;extracurricular,100,0.804,0.362,84,21,0.447,0.078,0.09,0.077,0.067,0.034,0.108,3,-0.068,False,False,False,,True
faltered,3,NOT single_tax AND NOT education AND extracurricular,single_tax;education;extracurricular,001,0.803,0.473,208,67,0.609,0.248,0.173,0.321,0.333,0.31,0.135,4,-0.069,False,False,False,,True
faltered,3,NOT single_tax AND NOT investment AND NOT education,single_tax;investment;education,000,0.803,0.454,193,55,0.561,0.204,0.18,0.218,0.3,0.172,0.162,4,-0.069,False,False,False,,True
faltered,3,NOT local_tax_base AND NOT single_tax AND NOT payroll_pit,local_tax_base;single_tax;payroll_pit,000,0.803,0.446,192,53,0.525,0.196,0.211,0.205,0.167,0.138,0.162,4,-0.069,False,False,False,,True
faltered,3,NOT autonomy AND NOT investment AND NOT culture,autonomy;investment;culture,000,0.803,0.434,169,49,0.533,0.181,0.226,0.167,0.133,0.069,0.176,3,-0.069,False,False,False,,True
faltered,3,NOT autonomy AND NOT investment AND NOT balance,autonomy;investment;balance,000,0.803,0.434,169,50,0.538,0.185,0.256,0.077,0.133,0.207,0.257,3,-0.069,False,False,False,,True
faltered,3,NOT single_tax AND NOT culture AND balance,single_tax;culture;balance,001,0.803,0.425,153,43,0.537,0.159,0.098,0.269,0.1,0.207,0.095,4,-0.069,False,False,False,,True
faltered,3,NOT culture AND NOT education AND NOT contestation,culture;education;contestation,000,0.803,0.424,162,50,0.568,0.185,0.211,0.192,0.1,0.138,0.243,4,-0.069,False,False,False,,True
faltered,3,local_tax_base AND NOT education AND NOT small,local_tax_base;education;small,100,0.803,0.422,148,39,0.557,0.144,0.15,0.154,0.1,0.138,0.189,4,-0.069,False,False,False,,True
faltered,3,payroll_pit AND NOT autonomy AND education,payroll_pit;autonomy;education,101,0.803,0.422,135,33,0.516,0.122,0.15,0.064,0.067,0.207,0.149,4,-0.069,False,False,False,,True
faltered,3,NOT investment AND education AND NOT balance,investment;education;balance,010,0.803,0.42,173,49,0.583,0.181,0.211,0.128,0.133,0.241,0.216,4,-0.069,False,False,False,,True
faltered,3,NOT property_tax AND NOT contestation AND NOT small,property_tax;contestation;small,000,0.803,0.417,180,48,0.539,0.178,0.158,0.205,0.2,0.172,0.176,4,-0.069,False,False,False,,True
faltered,3,NOT investment AND NOT social AND NOT balance,investment;social;balance,000,0.803,0.417,172,61,0.61,0.226,0.263,0.103,0.367,0.241,0.243,3,-0.069,False,False,False,,True
faltered,3,NOT local_tax_base AND payroll_pit AND small,local_tax_base;payroll_pit;small,011,0.803,0.416,143,42,0.575,0.156,0.143,0.154,0.233,0.138,0.108,4,-0.069,False,False,False,,True
faltered,3,property_tax AND autonomy AND NOT education,property_tax;autonomy;education,110,0.803,0.414,135,45,0.57,0.167,0.158,0.179,0.167,0.172,0.203,4,-0.069,False,False,False,,True
faltered,3,NOT property_tax AND investment AND extracurricular,property_tax;investment;extracurricular,011,0.803,0.414,130,28,0.431,0.104,0.068,0.167,0.1,0.103,0.068,4,-0.069,False,False,False,,True
faltered,3,local_tax_base AND NOT property_tax AND NOT education,local_tax_base;property_tax;education,100,0.803,0.412,137,32,0.5,0.119,0.113,0.141,0.067,0.138,0.122,4,-0.069,False,False,False,,True
faltered,3,local_tax_base AND NOT investment AND NOT social,local_tax_base;investment;social,100,0.803,0.41,153,43,0.524,0.159,0.188,0.128,0.133,0.138,0.23,4,-0.069,False,False,False,,True
faltered,3,NOT local_tax_base AND NOT single_tax AND investment,local_tax_base;single_tax;investment,001,0.803,0.407,142,37,0.468,0.137,0.12,0.179,0.067,0.172,0.122,3,-0.069,False,False,False,,True
faltered,3,NOT local_tax_base AND investment AND culture,local_tax_base;investment;culture,011,0.803,0.406,132,25,0.391,0.093,0.09,0.115,0.067,0.069,0.054,4,-0.069,False,False,False,,True
faltered,3,single_tax AND NOT contestation AND NOT balance,single_tax;contestation;balance,100,0.803,0.405,158,44,0.611,0.163,0.143,0.192,0.133,0.207,0.122,4,-0.069,False,False,False,,True
faltered,3,local_tax_base AND payroll_pit AND balance,local_tax_base;payroll_pit;balance,111,0.803,0.404,101,20,0.455,0.074,0.105,0.013,0.1,0.069,0.095,3,-0.069,False,False,False,,True
faltered,3,NOT social AND NOT culture AND balance,social;culture;balance,001,0.803,0.403,125,36,0.522,0.133,0.128,0.167,0.067,0.138,0.135,4,-0.069,False,False,False,,True
faltered,3,property_tax AND social AND NOT balance,property_tax;social;balance,110,0.803,0.402,141,37,0.607,0.137,0.098,0.231,0.067,0.138,0.095,3,-0.069,False,False,False,,True
faltered,3,payroll_pit AND NOT contestation AND balance,payroll_pit;contestation;balance,101,0.803,0.401,103,19,0.422,0.07,0.053,0.051,0.133,0.138,0.041,4,-0.069,False,False,False,,True
faltered,3,local_tax_base AND payroll_pit AND contestation,local_tax_base;payroll_pit;contestation,111,0.803,0.394,116,24,0.48,0.089,0.105,0.064,0.067,0.103,0.081,4,-0.069,False,False,False,,True
faltered,3,NOT property_tax AND investment AND NOT contestation,property_tax;investment;contestation,010,0.803,0.394,135,41,0.526,0.152,0.143,0.179,0.067,0.207,0.176,3,-0.069,False,False,False,,True
faltered,3,NOT autonomy AND NOT social AND balance,autonomy;social;balance,001,0.803,0.393,124,31,0.463,0.115,0.09,0.154,0.033,0.207,0.108,3,-0.069,False,False,False,,True
faltered,3,social AND NOT extracurricular AND NOT balance,social;extracurricular;balance,100,0.803,0.392,129,29,0.537,0.107,0.068,0.205,0.067,0.069,0.068,4,-0.069,False,False,False,,True
faltered,3,NOT single_tax AND NOT payroll_pit AND education,single_tax;payroll_pit;education,001,0.803,0.391,103,24,0.414,0.089,0.128,0.077,0.0,0.034,0.135,2,-0.069,False,False,False,,False
faltered,3,NOT autonomy AND investment AND NOT culture,autonomy;investment;culture,010,0.803,0.389,129,34,0.493,0.126,0.12,0.128,0.1,0.172,0.176,4,-0.069,False,False,False,,True
faltered,3,NOT autonomy AND education AND contestation,autonomy;education;contestation,011,0.803,0.389,114,21,0.404,0.078,0.113,0.026,0.033,0.103,0.135,2,-0.069,False,False,False,,False
faltered,3,NOT contestation AND balance AND NOT small,contestation;balance;small,010,0.803,0.389,143,34,0.472,0.126,0.068,0.218,0.167,0.103,0.068,4,-0.069,False,False,False,,True
faltered,3,local_tax_base AND NOT single_tax AND investment,local_tax_base;single_tax;investment,101,0.803,0.387,119,36,0.522,0.133,0.128,0.141,0.1,0.172,0.149,4,-0.069,False,False,False,,True
faltered,3,NOT local_tax_base AND single_tax AND NOT small,local_tax_base;single_tax;small,010,0.803,0.387,120,23,0.383,0.085,0.09,0.077,0.133,0.034,0.135,3,-0.069,False,False,False,,True
faltered,3,NOT autonomy AND social AND NOT extracurricular,autonomy;social;extracurricular,010,0.803,0.386,110,24,0.436,0.089,0.098,0.103,0.033,0.069,0.095,3,-0.069,False,False,False,,True
faltered,3,NOT social AND education AND NOT balance,social;education;balance,010,0.803,0.386,133,37,0.587,0.137,0.15,0.103,0.133,0.172,0.149,4,-0.069,False,False,False,,True
faltered,3,autonomy AND NOT social AND NOT extracurricular,autonomy;social;extracurricular,100,0.803,0.382,103,24,0.407,0.089,0.105,0.09,0.067,0.034,0.095,3,-0.069,False,False,False,,True
faltered,3,NOT payroll_pit AND culture AND NOT extracurricular,payroll_pit;culture;extracurricular,010,0.803,0.38,96,20,0.351,0.074,0.098,0.051,0.0,0.103,0.108,3,-0.069,False,False,False,,True
faltered,3,property_tax AND investment AND NOT social,property_tax;investment;social,110,0.803,0.378,94,26,0.441,0.096,0.12,0.115,0.0,0.034,0.108,2,-0.069,False,False,False,,False
faltered,3,single_tax AND contestation AND NOT balance,single_tax;contestation;balance,110,0.803,0.372,97,21,0.447,0.078,0.06,0.115,0.067,0.069,0.081,4,-0.069,False,False,False,,True
faltered,3,single_tax AND NOT education AND NOT extracurricular,single_tax;education;extracurricular,100,0.803,0.363,71,15,0.349,0.056,0.045,0.077,0.033,0.069,0.041,4,-0.069,False,False,False,,True
faltered,3,NOT property_tax AND NOT single_tax AND NOT investment,property_tax;single_tax;investment,000,0.802,0.454,205,60,0.561,0.222,0.233,0.205,0.3,0.138,0.189,4,-0.07,False,False,False,,True
faltered,3,NOT payroll_pit AND NOT education AND extracurricular,payroll_pit;education;extracurricular,001,0.802,0.454,186,54,0.568,0.2,0.15,0.244,0.3,0.207,0.122,4,-0.07,False,False,False,,True
faltered,3,payroll_pit AND NOT investment AND culture,payroll_pit;investment;culture,101,0.802,0.442,172,40,0.597,0.148,0.128,0.141,0.167,0.241,0.162,4,-0.07,False,False,False,,True
faltered,3,NOT culture AND NOT education AND balance,culture;education;balance,001,0.802,0.433,166,48,0.545,0.178,0.143,0.244,0.133,0.207,0.162,4,-0.07,False,False,False,,True
faltered,3,NOT investment AND social AND education,investment;social;education,011,0.802,0.426,157,35,0.556,0.13,0.15,0.128,0.033,0.138,0.176,3,-0.07,False,False,False,,True
faltered,3,NOT property_tax AND NOT social AND NOT contestation,property_tax;social;contestation,000,0.802,0.421,182,64,0.627,0.237,0.248,0.231,0.167,0.276,0.243,4,-0.07,False,False,False,,True
faltered,3,local_tax_base AND NOT investment AND NOT balance,local_tax_base;investment;balance,100,0.802,0.417,156,42,0.568,0.156,0.165,0.154,0.1,0.172,0.189,4,-0.07,False,False,False,,True
faltered,3,property_tax AND autonomy AND NOT contestation,property_tax;autonomy;contestation,110,0.802,0.416,146,38,0.543,0.141,0.113,0.167,0.2,0.138,0.122,4,-0.07,False,False,False,,True
faltered,3,NOT local_tax_base AND property_tax AND social,local_tax_base;property_tax;social,011,0.802,0.409,150,34,0.515,0.126,0.09,0.154,0.2,0.138,0.095,4,-0.07,False,False,False,,True
faltered,3,autonomy AND balance AND small,autonomy;balance;small,111,0.802,0.407,118,25,0.417,0.093,0.105,0.038,0.2,0.069,0.095,3,-0.07,False,False,False,,True
faltered,3,local_tax_base AND NOT investment AND contestation,local_tax_base;investment;contestation,101,0.802,0.403,135,29,0.453,0.107,0.113,0.103,0.133,0.069,0.122,4,-0.07,False,False,False,,True
faltered,3,NOT local_tax_base AND single_tax AND contestation,local_tax_base;single_tax;contestation,011,0.802,0.399,130,31,0.47,0.115,0.12,0.115,0.2,0.0,0.149,3,-0.07,False,False,False,,True
faltered,3,NOT autonomy AND NOT culture AND small,autonomy;culture;small,001,0.802,0.398,125,37,0.529,0.137,0.18,0.103,0.1,0.069,0.135,4,-0.07,False,False,False,,True
faltered,3,NOT autonomy AND NOT culture AND balance,autonomy;culture;balance,001,0.802,0.397,129,30,0.435,0.111,0.083,0.179,0.067,0.103,0.081,4,-0.07,False,False,False,,True
faltered,3,NOT payroll_pit AND NOT investment AND small,payroll_pit;investment;small,001,0.802,0.396,126,35,0.486,0.13,0.173,0.09,0.067,0.103,0.149,4,-0.07,False,False,False,,True
faltered,3,NOT social AND NOT balance AND NOT small,social;balance;small,000,0.802,0.39,134,40,0.548,0.148,0.15,0.115,0.233,0.138,0.216,4,-0.07,False,False,False,,True
faltered,3,single_tax AND culture AND NOT small,single_tax;culture;small,110,0.802,0.388,111,19,0.432,0.07,0.075,0.051,0.067,0.103,0.081,4,-0.07,False,False,False,,True
faltered,3,NOT property_tax AND NOT social AND small,property_tax;social;small,001,0.802,0.387,126,42,0.506,0.156,0.188,0.128,0.1,0.138,0.135,4,-0.07,False,False,False,,True
faltered,3,NOT single_tax AND education AND small,single_tax;education;small,011,0.802,0.385,106,27,0.429,0.1,0.143,0.09,0.0,0.034,0.122,2,-0.07,False,False,False,,False
faltered,3,NOT autonomy AND investment AND NOT balance,autonomy;investment;balance,010,0.802,0.385,132,33,0.516,0.122,0.135,0.115,0.067,0.138,0.189,4,-0.07,False,False,False,,True
faltered,3,property_tax AND NOT education AND contestation,property_tax;education;contestation,101,0.802,0.383,112,34,0.523,0.126,0.09,0.141,0.167,0.207,0.122,4,-0.07,False,False,False,,True
faltered,3,NOT payroll_pit AND education AND NOT contestation,payroll_pit;education;contestation,010,0.802,0.383,110,28,0.438,0.104,0.143,0.09,0.0,0.069,0.122,3,-0.07,False,False,False,,True
faltered,3,NOT single_tax AND NOT balance AND small,single_tax;balance;small,001,0.802,0.377,114,40,0.556,0.148,0.195,0.115,0.067,0.103,0.149,3,-0.07,False,False,False,,True
faltered,3,single_tax AND NOT culture AND NOT small,single_tax;culture;small,100,0.802,0.376,84,20,0.435,0.074,0.098,0.051,0.067,0.034,0.135,3,-0.07,False,False,False,,True
faltered,3,NOT social AND balance AND small,social;balance;small,011,0.802,0.368,93,23,0.377,0.085,0.12,0.064,0.033,0.034,0.135,2,-0.07,False,False,False,,False
faltered,3,payroll_pit AND NOT investment AND education,payroll_pit;investment;education,101,0.801,0.445,179,47,0.635,0.174,0.165,0.154,0.2,0.241,0.176,4,-0.071,False,False,False,,True
faltered,3,NOT education AND extracurricular AND balance,education;extracurricular;balance,011,0.801,0.443,189,54,0.581,0.2,0.135,0.282,0.267,0.207,0.149,4,-0.071,False,False,False,,True
faltered,3,NOT single_tax AND NOT education AND balance,single_tax;education;balance,001,0.801,0.44,177,54,0.568,0.2,0.12,0.321,0.167,0.276,0.135,4,-0.071,False,False,False,,True
faltered,3,autonomy AND culture AND extracurricular,autonomy;culture;extracurricular,111,0.801,0.437,155,37,0.536,0.137,0.135,0.128,0.233,0.069,0.149,4,-0.071,False,False,False,,True
faltered,3,NOT property_tax AND NOT investment AND NOT social,property_tax;investment;social,000,0.801,0.429,185,56,0.544,0.207,0.233,0.154,0.3,0.138,0.189,4,-0.071,False,False,False,,True
faltered,3,NOT local_tax_base AND NOT education AND contestation,local_tax_base;education;contestation,001,0.801,0.425,168,48,0.545,0.178,0.143,0.192,0.233,0.241,0.162,4,-0.071,False,False,False,,True
faltered,3,payroll_pit AND culture AND NOT balance,payroll_pit;culture;balance,110,0.801,0.42,160,39,0.6,0.144,0.128,0.179,0.1,0.172,0.108,4,-0.071,False,False,False,,True
faltered,3,NOT social AND contestation AND NOT small,social;contestation;small,010,0.801,0.416,136,37,0.493,0.137,0.113,0.128,0.2,0.207,0.095,4,-0.071,False,False,False,,True
faltered,3,local_tax_base AND autonomy AND balance,local_tax_base;autonomy;balance,111,0.801,0.412,116,21,0.382,0.078,0.098,0.038,0.133,0.034,0.108,2,-0.071,False,False,False,,False
faltered,3,NOT single_tax AND NOT payroll_pit AND social,single_tax;payroll_pit;social,001,0.801,0.409,131,25,0.373,0.093,0.083,0.128,0.1,0.034,0.081,3,-0.071,False,False,False,,True
faltered,3,NOT autonomy AND culture AND NOT contestation,autonomy;culture;contestation,010,0.801,0.409,135,30,0.429,0.111,0.098,0.103,0.033,0.276,0.081,3,-0.071,False,False,False,,True
faltered,3,NOT education AND NOT extracurricular AND NOT small,education;extracurricular;small,000,0.801,0.408,128,29,0.453,0.107,0.128,0.09,0.067,0.103,0.176,4,-0.071,False,False,False,,True
faltered,3,NOT autonomy AND NOT investment AND contestation,autonomy;investment;contestation,001,0.801,0.407,142,34,0.453,0.126,0.135,0.115,0.1,0.138,0.162,4,-0.071,False,False,False,,True
faltered,3,social AND NOT education AND balance,social;education;balance,101,0.801,0.407,136,30,0.441,0.111,0.075,0.154,0.167,0.103,0.095,4,-0.071,False,False,False,,True
faltered,3,NOT payroll_pit AND NOT contestation AND NOT balance,payroll_pit;contestation;balance,000,0.801,0.406,150,49,0.613,0.181,0.263,0.09,0.067,0.172,0.284,2,-0.071,False,False,False,,False
faltered,3,property_tax AND NOT contestation AND NOT balance,property_tax;contestation;balance,100,0.801,0.405,147,42,0.636,0.156,0.135,0.205,0.1,0.172,0.135,4,-0.071,False,False,False,,True
faltered,3,NOT payroll_pit AND NOT autonomy AND culture,payroll_pit;autonomy;culture,001,0.801,0.405,123,24,0.375,0.089,0.098,0.077,0.0,0.172,0.122,3,-0.071,False,False,False,,True
faltered,3,NOT property_tax AND NOT extracurricular AND NOT contestation,property_tax;extracurricular;contestation,000,0.801,0.398,138,41,0.547,0.152,0.188,0.128,0.0,0.207,0.216,3,-0.071,False,False,False,,True
faltered,3,local_tax_base AND property_tax AND NOT single_tax,local_tax_base;property_tax;single_tax,110,0.801,0.396,117,37,0.487,0.137,0.158,0.115,0.133,0.103,0.176,4,-0.071,False,False,False,,True
faltered,3,single_tax AND NOT social AND culture,single_tax;social;culture,101,0.801,0.394,121,32,0.478,0.119,0.09,0.115,0.133,0.241,0.068,4,-0.071,False,False,False,,True
faltered,3,single_tax AND NOT education AND NOT small,single_tax;education;small,100,0.801,0.391,111,27,0.491,0.1,0.113,0.09,0.1,0.069,0.149,4,-0.071,False,False,False,,True
faltered,3,NOT single_tax AND NOT contestation AND balance,single_tax;contestation;balance,001,0.801,0.39,131,37,0.474,0.137,0.068,0.244,0.167,0.138,0.054,3,-0.071,False,False,False,,True
faltered,3,autonomy AND contestation AND small,autonomy;contestation;small,111,0.801,0.39,121,28,0.491,0.104,0.105,0.128,0.133,0.0,0.081,3,-0.071,False,False,False,,True
faltered,3,property_tax AND NOT payroll_pit AND NOT autonomy,property_tax;payroll_pit;autonomy,100,0.801,0.385,103,20,0.364,0.074,0.068,0.077,0.033,0.138,0.095,3,-0.071,False,False,False,,True
faltered,3,single_tax AND NOT payroll_pit AND NOT autonomy,single_tax;payroll_pit;autonomy,100,0.801,0.383,95,19,0.38,0.07,0.083,0.038,0.033,0.138,0.095,3,-0.071,False,False,False,,True
faltered,3,autonomy AND NOT extracurricular AND balance,autonomy;extracurricular;balance,101,0.801,0.381,96,16,0.333,0.059,0.068,0.026,0.1,0.069,0.081,3,-0.071,False,False,False,,True
faltered,3,NOT autonomy AND contestation AND NOT balance,autonomy;contestation;balance,010,0.801,0.381,129,29,0.453,0.107,0.128,0.064,0.133,0.103,0.162,4,-0.071,False,False,False,,True
faltered,3,NOT investment AND NOT extracurricular AND contestation,investment;extracurricular;contestation,001,0.801,0.38,115,20,0.351,0.074,0.06,0.09,0.1,0.069,0.068,4,-0.071,False,False,False,,True
faltered,3,single_tax AND NOT education AND contestation,single_tax;education;contestation,101,0.801,0.376,91,25,0.446,0.093,0.098,0.09,0.133,0.034,0.122,3,-0.071,False,False,False,,True
faltered,3,single_tax AND NOT social AND contestation,single_tax;social;contestation,101,0.801,0.373,97,22,0.415,0.081,0.083,0.077,0.1,0.069,0.068,4,-0.071,False,False,False,,True
faltered,3,NOT payroll_pit AND education AND balance,payroll_pit;education;balance,011,0.801,0.371,81,9,0.205,0.033,0.038,0.051,0.0,0.0,0.014,2,-0.071,False,False,False,,False
faltered,3,property_tax AND NOT payroll_pit AND investment,property_tax;payroll_pit;investment,101,0.801,0.362,82,19,0.38,0.07,0.083,0.064,0.033,0.069,0.081,3,-0.071,False,False,False,,True
faltered,3,NOT education AND extracurricular AND contestation,education;extracurricular;contestation,011,0.8,0.449,192,58,0.604,0.215,0.18,0.218,0.267,0.31,0.203,4,-0.072,False,False,False,,True
faltered,3,single_tax AND payroll_pit AND NOT investment,single_tax;payroll_pit;investment,110,0.8,0.444,187,46,0.63,0.17,0.188,0.128,0.167,0.207,0.23,4,-0.072,False,False,False,,True
faltered,3,NOT property_tax AND extracurricular AND contestation,property_tax;extracurricular;contestation,011,0.8,0.437,160,38,0.514,0.141,0.143,0.128,0.167,0.138,0.149,4,-0.072,False,False,False,,True
faltered,3,NOT property_tax AND NOT autonomy AND extracurricular,property_tax;autonomy;extracurricular,001,0.8,0.433,162,42,0.506,0.156,0.173,0.141,0.1,0.172,0.162,4,-0.072,False,False,False,,True
faltered,3,NOT autonomy AND NOT investment AND education,autonomy;investment;education,001,0.8,0.432,155,38,0.487,0.141,0.203,0.038,0.033,0.241,0.216,2,-0.072,False,False,False,,False
faltered,3,NOT single_tax AND NOT investment AND NOT social,single_tax;investment;social,000,0.8,0.431,179,57,0.57,0.211,0.241,0.141,0.3,0.172,0.23,4,-0.072,False,False,False,,True
faltered,3,payroll_pit AND autonomy AND NOT contestation,payroll_pit;autonomy;contestation,110,0.8,0.429,165,42,0.568,0.156,0.098,0.218,0.233,0.172,0.068,4,-0.072,False,False,False,,True
faltered,3,NOT property_tax AND NOT culture AND NOT contestation,property_tax;culture;contestation,000,0.8,0.428,175,58,0.58,0.215,0.241,0.218,0.167,0.138,0.243,4,-0.072,False,False,False,,True
faltered,3,NOT local_tax_base AND NOT culture AND contestation,local_tax_base;culture;contestation,001,0.8,0.426,166,50,0.543,0.185,0.165,0.167,0.267,0.241,0.176,4,-0.072,False,False,False,,True
faltered,3,culture AND extracurricular AND contestation,culture;extracurricular;contestation,111,0.8,0.426,138,28,0.509,0.104,0.143,0.064,0.1,0.034,0.176,3,-0.072,False,False,False,,True
faltered,3,single_tax AND NOT investment AND social,single_tax;investment;social,101,0.8,0.42,156,31,0.544,0.115,0.15,0.09,0.033,0.103,0.189,3,-0.072,False,False,False,,True
faltered,3,investment AND NOT education AND extracurricular,investment;education;extracurricular,101,0.8,0.42,137,37,0.493,0.137,0.083,0.205,0.167,0.172,0.068,4,-0.072,False,False,False,,True
faltered,3,NOT single_tax AND NOT social AND NOT contestation,single_tax;social;contestation,000,0.8,0.418,164,58,0.624,0.215,0.248,0.192,0.133,0.207,0.27,4,-0.072,False,False,False,,True
faltered,3,property_tax AND NOT investment AND social,property_tax;investment;social,101,0.8,0.414,148,30,0.536,0.111,0.105,0.141,0.033,0.138,0.162,3,-0.072,False,False,False,,True
faltered,3,NOT autonomy AND social AND culture,autonomy;social;culture,011,0.8,0.41,124,23,0.397,0.085,0.105,0.064,0.033,0.103,0.095,3,-0.072,False,False,False,,True
faltered,3,local_tax_base AND NOT autonomy AND social,local_tax_base;autonomy;social,101,0.8,0.405,129,25,0.439,0.093,0.113,0.077,0.033,0.103,0.081,3,-0.072,False,False,False,,True
faltered,3,NOT property_tax AND NOT social AND balance,property_tax;social;balance,001,0.8,0.4,141,35,0.493,0.13,0.083,0.205,0.1,0.172,0.054,4,-0.072,False,False,False,,True
faltered,3,NOT autonomy AND investment AND NOT contestation,autonomy;investment;contestation,010,0.8,0.394,141,39,0.513,0.144,0.135,0.179,0.067,0.172,0.176,3,-0.072,False,False,False,,True
faltered,3,autonomy AND contestation AND NOT balance,autonomy;contestation;balance,110,0.8,0.394,113,28,0.444,0.104,0.068,0.141,0.167,0.103,0.054,4,-0.072,False,False,False,,True
faltered,3,NOT property_tax AND NOT payroll_pit AND small,property_tax;payroll_pit;small,001,0.8,0.393,118,37,0.514,0.137,0.165,0.128,0.067,0.103,0.135,3,-0.072,False,False,False,,True
faltered,3,NOT payroll_pit AND contestation AND balance,payroll_pit;contestation;balance,011,0.8,0.392,114,19,0.38,0.07,0.06,0.09,0.033,0.103,0.068,3,-0.072,False,False,False,,True
faltered,3,autonomy AND NOT culture AND NOT balance,autonomy;culture;balance,100,0.8,0.392,129,37,0.507,0.137,0.098,0.179,0.2,0.138,0.095,4,-0.072,False,False,False,,True
faltered,3,investment AND NOT social AND balance,investment;social;balance,101,0.8,0.391,112,35,0.493,0.13,0.15,0.128,0.033,0.138,0.135,3,-0.072,False,False,False,,True
faltered,3,NOT autonomy AND investment AND balance,autonomy;investment;balance,011,0.8,0.389,108,22,0.386,0.081,0.068,0.09,0.067,0.138,0.041,4,-0.072,False,False,False,,True
faltered,3,NOT autonomy AND NOT education AND contestation,autonomy;education;contestation,001,0.8,0.389,127,29,0.426,0.107,0.09,0.115,0.133,0.138,0.081,4,-0.072,False,False,False,,True
faltered,3,local_tax_base AND NOT single_tax AND contestation,local_tax_base;single_tax;contestation,101,0.8,0.388,114,26,0.426,0.096,0.083,0.103,0.167,0.069,0.081,4,-0.072,False,False,False,,True
faltered,3,property_tax AND investment AND NOT balance,property_tax;investment;balance,110,0.8,0.386,114,32,0.571,0.119,0.06,0.244,0.067,0.103,0.027,4,-0.072,False,False,False,,True
faltered,3,NOT payroll_pit AND investment AND balance,payroll_pit;investment;balance,011,0.8,0.384,111,29,0.46,0.107,0.083,0.141,0.133,0.103,0.081,4,-0.072,False,False,False,,True
faltered,3,single_tax AND NOT culture AND contestation,single_tax;culture;contestation,101,0.8,0.379,101,28,0.475,0.104,0.12,0.077,0.167,0.034,0.122,3,-0.072,False,False,False,,True
faltered,3,investment AND NOT social AND education,investment;social;education,101,0.8,0.374,103,21,0.382,0.078,0.105,0.09,0.0,0.0,0.095,2,-0.072,False,False,False,,False
faltered,3,property_tax AND NOT single_tax AND NOT extracurricular,property_tax;single_tax;extracurricular,100,0.8,0.373,93,23,0.426,0.085,0.083,0.103,0.067,0.069,0.081,4,-0.072,False,False,False,,True
faltered,3,single_tax AND NOT payroll_pit AND NOT social,single_tax;payroll_pit;social,100,0.8,0.367,83,16,0.333,0.059,0.06,0.038,0.067,0.103,0.081,4,-0.072,False,False,False,,True
faltered,3,NOT single_tax AND education AND NOT extracurricular,single_tax;education;extracurricular,010,0.8,0.365,88,19,0.396,0.07,0.075,0.09,0.033,0.034,0.081,2,-0.072,False,False,False,,False
faltered,3,NOT property_tax AND NOT education AND balance,property_tax;education;balance,001,0.799,0.43,176,44,0.512,0.163,0.098,0.269,0.167,0.172,0.081,4,-0.073,False,False,False,,True
faltered,3,NOT payroll_pit AND NOT education AND NOT contestation,payroll_pit;education;contestation,000,0.799,0.429,179,56,0.566,0.207,0.211,0.218,0.2,0.172,0.243,4,-0.073,False,False,False,,True
faltered,3,NOT autonomy AND NOT culture AND NOT small,autonomy;culture;small,000,0.799,0.426,173,46,0.505,0.17,0.165,0.192,0.133,0.172,0.216,4,-0.073,False,False,False,,True
faltered,3,NOT autonomy AND NOT education AND NOT small,autonomy;education;small,000,0.799,0.425,182,46,0.495,0.17,0.143,0.205,0.133,0.241,0.189,4,-0.073,False,False,False,,True
faltered,3,NOT investment AND contestation AND balance,investment;contestation;balance,011,0.799,0.419,162,33,0.485,0.122,0.128,0.103,0.1,0.172,0.176,4,-0.073,False,False,False,,True
faltered,3,investment AND NOT culture AND extracurricular,investment;culture;extracurricular,101,0.799,0.417,136,37,0.507,0.137,0.09,0.218,0.167,0.103,0.081,4,-0.073,False,False,False,,True
faltered,3,single_tax AND autonomy AND NOT contestation,single_tax;autonomy;contestation,110,0.799,0.413,154,31,0.47,0.115,0.083,0.141,0.2,0.103,0.054,4,-0.073,False,False,False,,True
faltered,3,NOT social AND NOT contestation AND NOT balance,social;contestation;balance,000,0.799,0.41,170,60,0.638,0.222,0.271,0.141,0.167,0.276,0.284,4,-0.073,False,False,False,,True
faltered,3,local_tax_base AND culture AND NOT balance,local_tax_base;culture;balance,110,0.799,0.406,134,32,0.552,0.119,0.105,0.154,0.033,0.172,0.095,3,-0.073,False,False,False,,True
faltered,3,single_tax AND extracurricular AND small,single_tax;extracurricular;small,111,0.799,0.406,117,24,0.5,0.089,0.105,0.051,0.1,0.103,0.108,4,-0.073,False,False,False,,True
faltered,3,NOT local_tax_base AND investment AND NOT education,local_tax_base;investment;education,010,0.799,0.405,146,40,0.46,0.148,0.098,0.218,0.167,0.172,0.095,4,-0.073,False,False,False,,True
faltered,3,NOT payroll_pit AND NOT investment AND contestation,payroll_pit;investment;contestation,001,0.799,0.404,136,29,0.414,0.107,0.105,0.103,0.133,0.103,0.108,4,-0.073,False,False,False,,True
faltered,3,social AND NOT education AND contestation,social;education;contestation,101,0.799,0.404,130,30,0.5,0.111,0.098,0.115,0.133,0.138,0.122,4,-0.073,False,False,False,,True
faltered,3,local_tax_base AND NOT property_tax AND NOT social,local_tax_base;property_tax;social,100,0.799,0.4,133,33,0.508,0.122,0.128,0.115,0.067,0.172,0.162,4,-0.073,False,False,False,,True
faltered,3,NOT local_tax_base AND investment AND education,local_tax_base;investment;education,011,0.799,0.396,130,28,0.424,0.104,0.12,0.103,0.1,0.034,0.108,3,-0.073,False,False,False,,True
faltered,3,NOT culture AND NOT extracurricular AND NOT contestation,culture;extracurricular;contestation,000,0.799,0.393,134,43,0.581,0.159,0.188,0.179,0.0,0.138,0.257,3,-0.073,False,False,False,,True
faltered,3,local_tax_base AND NOT contestation AND balance,local_tax_base;contestation;balance,101,0.799,0.392,117,27,0.422,0.1,0.098,0.115,0.067,0.103,0.095,4,-0.073,False,False,False,,True
faltered,3,property_tax AND single_tax AND NOT social,property_tax;single_tax;social,110,0.799,0.39,109,29,0.468,0.107,0.105,0.103,0.1,0.138,0.095,4,-0.073,False,False,False,,True
faltered,3,NOT local_tax_base AND payroll_pit AND NOT extracurricular,local_tax_base;payroll_pit;extracurricular,010,0.799,0.389,123,31,0.534,0.115,0.098,0.128,0.167,0.103,0.081,4,-0.073,False,False,False,,True
faltered,3,NOT culture AND NOT balance AND small,culture;balance;small,001,0.799,0.382,133,44,0.579,0.163,0.188,0.167,0.133,0.069,0.122,3,-0.073,False,False,False,,True
faltered,3,property_tax AND investment AND NOT education,property_tax;investment;education,110,0.799,0.381,104,34,0.515,0.126,0.09,0.192,0.1,0.138,0.095,4,-0.073,False,False,False,,True
faltered,3,NOT payroll_pit AND NOT social AND education,payroll_pit;social;education,001,0.799,0.378,98,20,0.377,0.074,0.113,0.051,0.0,0.034,0.135,2,-0.073,False,False,False,,False
faltered,3,property_tax AND NOT education AND NOT extracurricular,property_tax;education;extracurricular,100,0.799,0.37,80,22,0.44,0.081,0.06,0.115,0.067,0.103,0.081,4,-0.073,False,False,False,,True
faltered,3,NOT local_tax_base AND NOT single_tax AND NOT culture,local_tax_base;single_tax;culture,000,0.798,0.459,205,65,0.556,0.241,0.218,0.244,0.267,0.31,0.149,4,-0.074,False,False,False,,True
faltered,3,NOT payroll_pit AND NOT autonomy AND extracurricular,payroll_pit;autonomy;extracurricular,001,0.798,0.441,177,45,0.517,0.167,0.173,0.179,0.1,0.172,0.176,4,-0.074,False,False,False,,True
faltered,3,NOT autonomy AND NOT investment AND small,autonomy;investment;small,001,0.798,0.439,171,47,0.5,0.174,0.226,0.103,0.1,0.207,0.203,4,-0.074,False,False,False,,True
faltered,3,NOT investment AND culture AND small,investment;culture;small,011,0.798,0.435,165,40,0.494,0.148,0.113,0.167,0.133,0.276,0.149,4,-0.074,False,False,False,,True
faltered,3,NOT local_tax_base AND NOT property_tax AND balance,local_tax_base;property_tax;balance,001,0.798,0.433,170,37,0.446,0.137,0.083,0.218,0.2,0.103,0.054,4,-0.074,False,False,False,,True
faltered,3,NOT property_tax AND extracurricular AND balance,property_tax;extracurricular;balance,011,0.798,0.433,164,40,0.519,0.148,0.083,0.244,0.2,0.138,0.041,4,-0.074,False,False,False,,True
faltered,3,NOT property_tax AND NOT single_tax AND NOT contestation,property_tax;single_tax;contestation,000,0.798,0.432,186,63,0.594,0.233,0.226,0.256,0.2,0.241,0.216,4,-0.074,False,False,False,,True
faltered,3,NOT local_tax_base AND social AND contestation,local_tax_base;social;contestation,011,0.798,0.428,166,39,0.52,0.144,0.15,0.128,0.2,0.103,0.189,4,-0.074,False,False,False,,True
faltered,3,NOT local_tax_base AND contestation AND balance,local_tax_base;contestation;balance,011,0.798,0.428,167,40,0.519,0.148,0.135,0.154,0.167,0.172,0.135,4,-0.074,False,False,False,,True
faltered,3,payroll_pit AND education AND NOT balance,payroll_pit;education;balance,110,0.798,0.428,179,47,0.627,0.174,0.143,0.218,0.167,0.207,0.135,4,-0.074,False,False,False,,True
faltered,3,NOT autonomy AND NOT contestation AND NOT balance,autonomy;contestation;balance,000,0.798,0.425,172,54,0.581,0.2,0.263,0.128,0.067,0.241,0.284,3,-0.074,False,False,False,,True
faltered,3,NOT property_tax AND NOT single_tax AND balance,property_tax;single_tax;balance,001,0.798,0.421,153,41,0.532,0.152,0.06,0.308,0.167,0.138,0.041,3,-0.074,False,False,False,,True
faltered,3,NOT local_tax_base AND single_tax AND extracurricular,local_tax_base;single_tax;extracurricular,011,0.798,0.417,142,32,0.464,0.119,0.12,0.09,0.2,0.103,0.162,4,-0.074,False,False,False,,True
faltered,3,education AND extracurricular AND contestation,education;extracurricular;contestation,111,0.798,0.414,125,24,0.462,0.089,0.135,0.051,0.067,0.0,0.135,3,-0.074,False,False,False,,True
faltered,3,local_tax_base AND NOT payroll_pit AND culture,local_tax_base;payroll_pit;culture,101,0.798,0.406,115,27,0.391,0.1,0.105,0.09,0.033,0.172,0.108,3,-0.074,False,False,False,,True
faltered,3,NOT payroll_pit AND NOT autonomy AND social,payroll_pit;autonomy;social,001,0.798,0.403,131,23,0.371,0.085,0.09,0.115,0.033,0.034,0.081,2,-0.074,False,False,False,,False
faltered,3,NOT payroll_pit AND NOT investment AND balance,payroll_pit;investment;balance,001,0.798,0.399,142,25,0.357,0.093,0.068,0.167,0.033,0.069,0.068,3,-0.074,False,False,False,,True
faltered,3,investment AND social AND NOT education,investment;social;education,110,0.798,0.398,126,30,0.423,0.111,0.075,0.141,0.167,0.138,0.081,4,-0.074,False,False,False,,True
faltered,3,autonomy AND investment AND NOT social,autonomy;investment;social,110,0.798,0.395,117,32,0.444,0.119,0.128,0.179,0.0,0.034,0.108,2,-0.074,False,False,False,,False
faltered,3,NOT single_tax AND NOT autonomy AND education,single_tax;autonomy;education,001,0.798,0.392,109,27,0.435,0.1,0.15,0.064,0.0,0.069,0.149,3,-0.074,False,False,False,,True
faltered,3,property_tax AND NOT investment AND NOT extracurricular,property_tax;investment;extracurricular,100,0.798,0.391,135,30,0.508,0.111,0.075,0.154,0.1,0.172,0.095,4,-0.074,False,False,False,,True
faltered,3,NOT single_tax AND NOT social AND small,single_tax;social;small,001,0.798,0.391,129,44,0.518,0.163,0.226,0.103,0.067,0.138,0.203,3,-0.074,False,False,False,,True
faltered,3,single_tax AND NOT investment AND NOT extracurricular,single_tax;investment;extracurricular,100,0.798,0.387,134,31,0.484,0.115,0.098,0.128,0.1,0.172,0.081,4,-0.074,False,False,False,,True
faltered,3,NOT social AND culture AND NOT extracurricular,social;culture;extracurricular,010,0.798,0.387,124,33,0.471,0.122,0.12,0.128,0.067,0.172,0.095,4,-0.074,False,False,False,,True
faltered,3,single_tax AND NOT social AND NOT balance,single_tax;social;balance,100,0.798,0.379,122,33,0.532,0.122,0.09,0.154,0.133,0.172,0.081,4,-0.074,False,False,False,,True
faltered,3,NOT social AND NOT extracurricular AND balance,social;extracurricular;balance,001,0.798,0.369,104,23,0.359,0.085,0.12,0.064,0.0,0.069,0.122,3,-0.074,False,False,False,,True
faltered,3,NOT payroll_pit AND balance AND small,payroll_pit;balance;small,011,0.798,0.368,94,18,0.327,0.067,0.075,0.077,0.033,0.034,0.081,3,-0.074,False,False,False,,True
faltered,3,NOT property_tax AND NOT culture AND extracurricular,property_tax;culture;extracurricular,001,0.797,0.469,203,57,0.538,0.211,0.203,0.231,0.3,0.103,0.135,3,-0.075,False,False,False,,True
faltered,3,NOT property_tax AND NOT single_tax AND extracurricular,property_tax;single_tax;extracurricular,001,0.797,0.467,204,61,0.57,0.226,0.188,0.269,0.333,0.172,0.122,4,-0.075,False,False,False,,True
faltered,3,NOT payroll_pit AND NOT investment AND NOT education,payroll_pit;investment;education,000,0.797,0.448,194,55,0.534,0.204,0.203,0.218,0.233,0.138,0.176,4,-0.075,False,False,False,,True
faltered,3,NOT single_tax AND balance AND NOT small,single_tax;balance;small,010,0.797,0.433,177,48,0.533,0.178,0.083,0.308,0.2,0.241,0.068,3,-0.075,False,False,False,,True
faltered,3,NOT investment AND social AND culture,investment;social;culture,011,0.797,0.431,163,32,0.478,0.119,0.128,0.115,0.067,0.138,0.162,4,-0.075,False,False,False,,True
faltered,3,NOT local_tax_base AND culture AND balance,local_tax_base;culture;balance,011,0.797,0.429,152,29,0.439,0.107,0.075,0.141,0.167,0.103,0.054,4,-0.075,False,False,False,,True
faltered,3,payroll_pit AND autonomy AND NOT education,payroll_pit;autonomy;education,110,0.797,0.428,161,50,0.562,0.185,0.158,0.218,0.2,0.207,0.189,4,-0.075,False,False,False,,True
faltered,3,local_tax_base AND NOT autonomy AND culture,local_tax_base;autonomy;culture,101,0.797,0.424,145,32,0.457,0.119,0.12,0.09,0.033,0.276,0.108,3,-0.075,False,False,False,,True
faltered,3,autonomy AND NOT culture AND contestation,autonomy;culture;contestation,101,0.797,0.423,152,46,0.548,0.17,0.15,0.167,0.233,0.207,0.149,4,-0.075,False,False,False,,True
faltered,3,autonomy AND social AND NOT education,autonomy;social;education,110,0.797,0.42,147,36,0.48,0.133,0.113,0.128,0.2,0.172,0.135,4,-0.075,False,False,False,,True
faltered,3,local_tax_base AND NOT property_tax AND NOT autonomy,local_tax_base;property_tax;autonomy,100,0.797,0.418,146,40,0.548,0.148,0.165,0.141,0.067,0.172,0.189,3,-0.075,False,False,False,,True
faltered,3,NOT social AND NOT culture AND NOT contestation,social;culture;contestation,000,0.797,0.417,162,54,0.614,0.2,0.256,0.167,0.1,0.138,0.297,4,-0.075,False,False,False,,True
faltered,3,investment AND culture AND extracurricular,investment;culture;extracurricular,111,0.797,0.416,131,22,0.379,0.081,0.083,0.077,0.067,0.103,0.081,4,-0.075,False,False,False,,True
faltered,3,NOT single_tax AND NOT balance AND NOT small,single_tax;balance;small,000,0.797,0.415,166,45,0.536,0.167,0.188,0.103,0.233,0.172,0.257,4,-0.075,False,False,False,,True
faltered,3,NOT property_tax AND NOT autonomy AND small,property_tax;autonomy;small,001,0.797,0.409,138,45,0.517,0.167,0.218,0.128,0.1,0.103,0.189,4,-0.075,False,False,False,,True
faltered,3,local_tax_base AND NOT social AND NOT contestation,local_tax_base;social;contestation,100,0.797,0.407,151,43,0.518,0.159,0.211,0.115,0.0,0.207,0.27,3,-0.075,False,False,False,,True
faltered,3,social AND culture AND NOT small,social;culture;small,110,0.797,0.404,131,21,0.368,0.078,0.09,0.064,0.1,0.034,0.108,3,-0.075,False,False,False,,True
faltered,3,single_tax AND autonomy AND NOT education,single_tax;autonomy;education,110,0.797,0.402,127,30,0.448,0.111,0.113,0.141,0.133,0.0,0.149,3,-0.075,False,False,False,,True
faltered,3,NOT single_tax AND NOT extracurricular AND NOT contestation,single_tax;extracurricular;contestation,000,0.797,0.401,140,44,0.55,0.163,0.173,0.192,0.0,0.207,0.216,3,-0.075,False,False,False,,True
faltered,3,single_tax AND NOT contestation AND balance,single_tax;contestation;balance,101,0.797,0.401,111,17,0.34,0.063,0.075,0.026,0.1,0.069,0.068,3,-0.075,False,False,False,,True
faltered,3,NOT investment AND NOT social AND NOT extracurricular,investment;social;extracurricular,000,0.797,0.399,140,36,0.48,0.133,0.143,0.103,0.167,0.138,0.135,4,-0.075,False,False,False,,True
faltered,3,local_tax_base AND autonomy AND education,local_tax_base;autonomy;education,111,0.797,0.398,121,17,0.378,0.063,0.045,0.115,0.067,0.0,0.027,3,-0.075,False,False,False,,True
faltered,3,property_tax AND balance AND NOT small,property_tax;balance;small,110,0.797,0.397,131,31,0.484,0.115,0.113,0.115,0.1,0.138,0.162,4,-0.075,False,False,False,,True
faltered,3,property_tax AND contestation AND NOT small,property_tax;contestation;small,110,0.797,0.393,119,32,0.5,0.119,0.09,0.115,0.133,0.241,0.108,4,-0.075,False,False,False,,True
faltered,3,NOT social AND education AND NOT contestation,social;education;contestation,010,0.797,0.393,131,34,0.459,0.126,0.143,0.09,0.133,0.138,0.135,4,-0.075,False,False,False,,True
faltered,3,local_tax_base AND investment AND NOT culture,local_tax_base;investment;culture,110,0.797,0.392,121,33,0.5,0.122,0.113,0.154,0.033,0.172,0.135,3,-0.075,False,False,False,,True
faltered,3,local_tax_base AND NOT property_tax AND NOT extracurricular,local_tax_base;property_tax;extracurricular,100,0.797,0.391,121,32,0.508,0.119,0.135,0.103,0.067,0.138,0.149,4,-0.075,False,False,False,,True
faltered,3,contestation AND NOT balance AND small,contestation;balance;small,101,0.797,0.375,117,25,0.455,0.093,0.09,0.115,0.1,0.034,0.095,3,-0.075,False,False,False,,True
faltered,3,investment AND NOT extracurricular AND NOT small,investment;extracurricular;small,100,0.797,0.374,98,23,0.411,0.085,0.09,0.064,0.067,0.138,0.135,4,-0.075,False,False,False,,True
faltered,3,NOT culture AND NOT education AND extracurricular,culture;education;extracurricular,001,0.796,0.477,213,66,0.579,0.244,0.203,0.282,0.3,0.276,0.189,4,-0.076,False,False,False,,True
faltered,3,NOT single_tax AND NOT payroll_pit AND extracurricular,single_tax;payroll_pit;extracurricular,001,0.796,0.467,202,58,0.574,0.215,0.203,0.244,0.233,0.172,0.162,4,-0.076,False,False,False,,True
faltered,3,NOT local_tax_base AND NOT property_tax AND NOT payroll_pit,local_tax_base;property_tax;payroll_pit,000,0.796,0.455,203,52,0.468,0.193,0.211,0.179,0.233,0.103,0.162,4,-0.076,False,False,False,,True
faltered,3,NOT local_tax_base AND NOT property_tax AND NOT social,local_tax_base;property_tax;social,000,0.796,0.453,208,65,0.533,0.241,0.248,0.218,0.3,0.207,0.189,4,-0.076,False,False,False,,True
faltered,3,NOT local_tax_base AND NOT property_tax AND contestation,local_tax_base;property_tax;contestation,001,0.796,0.443,167,40,0.465,0.148,0.173,0.103,0.2,0.103,0.189,4,-0.076,False,False,False,,True
faltered,3,local_tax_base AND NOT single_tax AND NOT education,local_tax_base;single_tax;education,100,0.796,0.432,162,48,0.571,0.178,0.173,0.192,0.167,0.172,0.23,4,-0.076,False,False,False,,True
faltered,3,NOT local_tax_base AND NOT property_tax AND NOT balance,local_tax_base;property_tax;balance,000,0.796,0.428,177,59,0.536,0.219,0.293,0.103,0.233,0.172,0.284,3,-0.076,False,False,False,,True
faltered,3,NOT local_tax_base AND single_tax AND culture,local_tax_base;single_tax;culture,011,0.796,0.427,159,32,0.438,0.119,0.105,0.103,0.2,0.138,0.095,4,-0.076,False,False,False,,True
faltered,3,education AND extracurricular AND small,education;extracurricular;small,111,0.796,0.426,139,32,0.508,0.119,0.165,0.064,0.067,0.103,0.135,4,-0.076,False,False,False,,True
faltered,3,NOT property_tax AND NOT culture AND balance,property_tax;culture;balance,001,0.796,0.421,161,39,0.476,0.144,0.113,0.231,0.133,0.069,0.081,3,-0.076,False,False,False,,True
faltered,3,local_tax_base AND NOT payroll_pit AND NOT small,local_tax_base;payroll_pit;small,100,0.796,0.42,149,37,0.529,0.137,0.143,0.141,0.1,0.138,0.189,4,-0.076,False,False,False,,True
faltered,3,local_tax_base AND NOT contestation AND NOT balance,local_tax_base;contestation;balance,100,0.796,0.419,170,49,0.628,0.181,0.218,0.179,0.033,0.172,0.257,3,-0.076,False,False,False,,True
faltered,3,investment AND education AND extracurricular,investment;education;extracurricular,111,0.796,0.41,130,22,0.393,0.081,0.09,0.09,0.067,0.034,0.095,3,-0.076,False,False,False,,True
faltered,3,local_tax_base AND autonomy AND contestation,local_tax_base;autonomy;contestation,111,0.796,0.407,120,21,0.375,0.078,0.083,0.077,0.1,0.034,0.081,3,-0.076,False,False,False,,True
faltered,3,NOT property_tax AND NOT autonomy AND education,property_tax;autonomy;education,001,0.796,0.403,130,34,0.479,0.126,0.195,0.051,0.033,0.103,0.216,2,-0.076,False,False,False,,False
faltered,3,local_tax_base AND NOT payroll_pit AND social,local_tax_base;payroll_pit;social,101,0.796,0.399,113,20,0.377,0.074,0.083,0.077,0.033,0.069,0.068,3,-0.076,False,False,False,,True
faltered,3,property_tax AND payroll_pit AND NOT small,property_tax;payroll_pit;small,110,0.796,0.394,125,28,0.491,0.104,0.098,0.103,0.1,0.138,0.135,4,-0.076,False,False,False,,True
faltered,3,property_tax AND NOT contestation AND balance,property_tax;contestation;balance,101,0.796,0.392,108,18,0.321,0.067,0.06,0.051,0.133,0.069,0.068,4,-0.076,False,False,False,,True
faltered,3,investment AND NOT social AND NOT contestation,investment;social;contestation,100,0.796,0.391,133,39,0.513,0.144,0.143,0.179,0.0,0.207,0.176,3,-0.076,False,False,False,,True
faltered,3,investment AND NOT balance AND small,investment;balance;small,101,0.796,0.387,124,35,0.565,0.13,0.113,0.205,0.067,0.069,0.095,4,-0.076,False,False,False,,True
faltered,3,single_tax AND investment AND NOT balance,single_tax;investment;balance,110,0.796,0.384,114,28,0.509,0.104,0.083,0.179,0.067,0.034,0.068,3,-0.076,False,False,False,,True
faltered,3,NOT local_tax_base AND NOT property_tax AND extracurricular,local_tax_base;property_tax;extracurricular,001,0.795,0.483,233,72,0.558,0.267,0.248,0.269,0.4,0.207,0.203,4,-0.077,False,False,False,,True
faltered,3,NOT local_tax_base AND NOT single_tax AND NOT education,local_tax_base;single_tax;education,000,0.795,0.46,211,64,0.542,0.237,0.188,0.269,0.267,0.345,0.135,4,-0.077,False,False,False,,True
faltered,3,NOT property_tax AND NOT payroll_pit AND extracurricular,property_tax;payroll_pit;extracurricular,001,0.795,0.457,199,50,0.521,0.185,0.18,0.205,0.233,0.103,0.122,4,-0.077,False,False,False,,True
faltered,3,NOT payroll_pit AND extracurricular AND NOT small,payroll_pit;extracurricular;small,010,0.795,0.455,197,48,0.495,0.178,0.128,0.231,0.233,0.207,0.122,4,-0.077,False,False,False,,True
faltered,3,single_tax AND NOT investment AND culture,single_tax;investment;culture,101,0.795,0.438,176,41,0.539,0.152,0.128,0.141,0.167,0.276,0.149,4,-0.077,False,False,False,,True
faltered,3,NOT autonomy AND NOT investment AND NOT social,autonomy;investment;social,000,0.795,0.432,181,52,0.505,0.193,0.226,0.141,0.133,0.241,0.243,4,-0.077,False,False,False,,True
faltered,3,NOT payroll_pit AND NOT education AND balance,payroll_pit;education;balance,001,0.795,0.427,172,45,0.506,0.167,0.113,0.256,0.167,0.172,0.135,4,-0.077,False,False,False,,True
faltered,3,property_tax AND extracurricular AND contestation,property_tax;extracurricular;contestation,111,0.795,0.426,157,44,0.595,0.163,0.173,0.141,0.167,0.172,0.189,4,-0.077,False,False,False,,True
faltered,3,NOT local_tax_base AND social AND education,local_tax_base;social;education,011,0.795,0.425,158,33,0.471,0.122,0.135,0.103,0.133,0.103,0.149,4,-0.077,False,False,False,,True
faltered,3,NOT autonomy AND NOT social AND NOT contestation,autonomy;social;contestation,000,0.795,0.421,174,54,0.545,0.2,0.241,0.154,0.033,0.31,0.284,3,-0.077,False,False,False,,True
faltered,3,education AND NOT contestation AND NOT balance,education;contestation;balance,100,0.795,0.42,183,54,0.607,0.2,0.218,0.192,0.133,0.207,0.203,4,-0.077,False,False,False,,True
faltered,3,autonomy AND education AND contestation,autonomy;education;contestation,111,0.795,0.408,135,24,0.436,0.089,0.105,0.09,0.1,0.0,0.081,3,-0.077,False,False,False,,True
faltered,3,NOT local_tax_base AND investment AND NOT culture,local_tax_base;investment;culture,010,0.795,0.402,144,43,0.483,0.159,0.128,0.205,0.2,0.138,0.149,4,-0.077,False,False,False,,True
faltered,3,NOT autonomy AND social AND small,autonomy;social;small,011,0.795,0.402,132,31,0.477,0.115,0.15,0.103,0.033,0.069,0.135,3,-0.077,False,False,False,,True
faltered,3,local_tax_base AND NOT culture AND contestation,local_tax_base;culture;contestation,101,0.795,0.399,124,26,0.406,0.096,0.083,0.103,0.133,0.103,0.041,4,-0.077,False,False,False,,True
faltered,3,NOT autonomy AND balance AND small,autonomy;balance;small,011,0.795,0.398,114,24,0.387,0.089,0.12,0.077,0.0,0.069,0.095,3,-0.077,False,False,False,,True
faltered,3,NOT payroll_pit AND investment AND NOT contestation,payroll_pit;investment;contestation,010,0.795,0.39,139,38,0.469,0.141,0.135,0.167,0.1,0.138,0.176,4,-0.077,False,False,False,,True
faltered,3,NOT property_tax AND investment AND NOT extracurricular,property_tax;investment;extracurricular,010,0.795,0.384,117,31,0.47,0.115,0.143,0.077,0.033,0.172,0.176,3,-0.077,False,False,False,,True
faltered,3,property_tax AND investment AND NOT small,property_tax;investment;small,110,0.795,0.383,106,27,0.429,0.1,0.068,0.141,0.1,0.138,0.068,4,-0.077,False,False,False,,True
faltered,3,NOT education AND NOT extracurricular AND small,education;extracurricular;small,001,0.795,0.383,108,31,0.437,0.115,0.105,0.128,0.067,0.172,0.095,4,-0.077,False,False,False,,True
faltered,3,NOT single_tax AND extracurricular AND NOT small,single_tax;extracurricular;small,010,0.794,0.481,229,66,0.559,0.244,0.158,0.321,0.333,0.345,0.162,4,-0.078,False,False,False,,True
faltered,3,NOT local_tax_base AND extracurricular AND contestation,local_tax_base;extracurricular;contestation,011,0.794,0.464,205,55,0.55,0.204,0.203,0.179,0.267,0.207,0.23,4,-0.078,False,False,False,,True
faltered,3,NOT property_tax AND NOT education AND extracurricular,property_tax;education;extracurricular,001,0.794,0.464,204,56,0.544,0.207,0.15,0.269,0.333,0.172,0.108,4,-0.078,False,False,False,,True
faltered,3,NOT local_tax_base AND social AND extracurricular,local_tax_base;social;extracurricular,011,0.794,0.457,191,48,0.5,0.178,0.173,0.167,0.267,0.138,0.189,4,-0.078,False,False,False,,True
faltered,3,NOT property_tax AND NOT autonomy AND NOT investment,property_tax;autonomy;investment,000,0.794,0.445,192,55,0.514,0.204,0.256,0.179,0.1,0.138,0.23,3,-0.078,False,False,False,,True
faltered,3,NOT property_tax AND NOT autonomy AND NOT contestation,property_tax;autonomy;contestation,000,0.794,0.432,186,61,0.57,0.226,0.263,0.205,0.067,0.276,0.284,3,-0.078,False,False,False,,True
faltered,3,NOT local_tax_base AND social AND culture,local_tax_base;social;culture,011,0.794,0.431,161,32,0.438,0.119,0.113,0.128,0.133,0.103,0.122,4,-0.078,False,False,False,,True
faltered,3,NOT local_tax_base AND single_tax AND autonomy,local_tax_base;single_tax;autonomy,011,0.794,0.428,173,43,0.531,0.159,0.135,0.167,0.3,0.103,0.149,4,-0.078,False,False,False,,True
faltered,3,property_tax AND single_tax AND NOT investment,property_tax;single_tax;investment,110,0.794,0.427,174,40,0.58,0.148,0.143,0.128,0.133,0.241,0.203,4,-0.078,False,False,False,,True
faltered,3,local_tax_base AND NOT single_tax AND NOT culture,local_tax_base;single_tax;culture,100,0.794,0.424,156,44,0.55,0.163,0.158,0.192,0.133,0.138,0.203,4,-0.078,False,False,False,,True
faltered,3,local_tax_base AND payroll_pit AND autonomy,local_tax_base;payroll_pit;autonomy,111,0.794,0.421,147,29,0.475,0.107,0.098,0.154,0.1,0.034,0.081,3,-0.078,False,False,False,,True
faltered,3,single_tax AND culture AND NOT balance,single_tax;culture;balance,110,0.794,0.419,165,41,0.577,0.152,0.12,0.179,0.133,0.241,0.095,4,-0.078,False,False,False,,True
faltered,3,local_tax_base AND single_tax AND NOT investment,local_tax_base;single_tax;investment,110,0.794,0.418,159,38,0.551,0.141,0.165,0.128,0.033,0.172,0.162,3,-0.078,False,False,False,,True
faltered,3,single_tax AND NOT autonomy AND culture,single_tax;autonomy;culture,101,0.794,0.415,142,29,0.439,0.107,0.113,0.064,0.033,0.276,0.108,3,-0.078,False,False,False,,True
faltered,3,NOT local_tax_base AND single_tax AND balance,local_tax_base;single_tax;balance,011,0.794,0.413,144,26,0.394,0.096,0.105,0.064,0.2,0.034,0.108,3,-0.078,False,False,False,,True
faltered,3,NOT local_tax_base AND education AND balance,local_tax_base;education;balance,011,0.794,0.413,135,27,0.422,0.1,0.105,0.077,0.167,0.069,0.081,4,-0.078,False,False,False,,True
faltered,3,culture AND balance AND NOT small,culture;balance;small,110,0.794,0.412,144,25,0.417,0.093,0.06,0.115,0.133,0.138,0.081,4,-0.078,False,False,False,,True
faltered,3,NOT investment AND NOT extracurricular AND NOT balance,investment;extracurricular;balance,000,0.794,0.411,161,39,0.527,0.144,0.12,0.167,0.167,0.172,0.122,4,-0.078,False,False,False,,True
faltered,3,local_tax_base AND education AND NOT balance,local_tax_base;education;balance,110,0.794,0.408,158,37,0.578,0.137,0.135,0.167,0.033,0.172,0.135,3,-0.078,False,False,False,,True
faltered,3,NOT social AND culture AND education,social;culture;education,011,0.794,0.406,132,28,0.406,0.104,0.105,0.09,0.067,0.172,0.095,4,-0.078,False,False,False,,True
faltered,3,NOT single_tax AND investment AND contestation,single_tax;investment;contestation,011,0.794,0.403,134,31,0.456,0.115,0.12,0.115,0.067,0.138,0.122,4,-0.078,False,False,False,,True
faltered,3,autonomy AND NOT extracurricular AND NOT balance,autonomy;extracurricular;balance,100,0.794,0.4,140,32,0.5,0.119,0.075,0.218,0.1,0.069,0.041,4,-0.078,False,False,False,,True
faltered,3,investment AND NOT social AND NOT small,investment;social;small,100,0.794,0.4,130,37,0.529,0.137,0.12,0.179,0.067,0.172,0.135,3,-0.078,False,False,False,,True
faltered,3,NOT social AND culture AND small,social;culture;small,011,0.794,0.399,135,38,0.487,0.141,0.15,0.128,0.1,0.172,0.149,4,-0.078,False,False,False,,True
faltered,3,NOT payroll_pit AND NOT contestation AND small,payroll_pit;contestation;small,001,0.794,0.398,127,40,0.488,0.148,0.18,0.115,0.067,0.172,0.135,3,-0.078,False,False,False,,True
faltered,3,property_tax AND social AND NOT small,property_tax;social;small,110,0.794,0.394,130,25,0.424,0.093,0.075,0.103,0.1,0.138,0.122,4,-0.078,False,False,False,,True
faltered,3,NOT contestation AND balance AND small,contestation;balance;small,011,0.794,0.394,99,20,0.357,0.074,0.075,0.051,0.1,0.103,0.054,4,-0.078,False,False,False,,True
faltered,3,local_tax_base AND NOT social AND education,local_tax_base;social;education,101,0.794,0.391,126,23,0.377,0.085,0.113,0.064,0.0,0.103,0.108,3,-0.078,False,False,False,,True
faltered,3,autonomy AND NOT education AND NOT extracurricular,autonomy;education;extracurricular,100,0.794,0.391,103,23,0.397,0.085,0.083,0.103,0.033,0.103,0.081,3,-0.078,False,False,False,,True
faltered,3,NOT autonomy AND contestation AND small,autonomy;contestation;small,011,0.794,0.391,129,26,0.406,0.096,0.135,0.051,0.067,0.069,0.149,4,-0.078,False,False,False,,True
faltered,3,NOT autonomy AND NOT extracurricular AND balance,autonomy;extracurricular;balance,001,0.794,0.388,122,26,0.371,0.096,0.12,0.09,0.0,0.103,0.095,3,-0.078,False,False,False,,True
faltered,3,local_tax_base AND NOT single_tax AND NOT balance,local_tax_base;single_tax;balance,100,0.794,0.386,127,36,0.522,0.133,0.15,0.103,0.133,0.138,0.203,4,-0.078,False,False,False,,True
faltered,3,social AND NOT extracurricular AND contestation,social;extracurricular;contestation,101,0.794,0.379,106,16,0.327,0.059,0.053,0.051,0.067,0.103,0.068,4,-0.078,False,False,False,,True
faltered,3,NOT extracurricular AND contestation AND balance,extracurricular;contestation;balance,011,0.794,0.378,107,18,0.34,0.067,0.09,0.038,0.033,0.069,0.081,3,-0.078,False,False,False,,True
faltered,3,single_tax AND investment AND NOT education,single_tax;investment;education,110,0.794,0.373,93,20,0.364,0.074,0.053,0.103,0.1,0.069,0.054,4,-0.078,False,False,False,,True
faltered,3,single_tax AND investment AND NOT culture,single_tax;investment;culture,110,0.794,0.372,91,24,0.421,0.089,0.075,0.115,0.133,0.034,0.081,3,-0.078,False,False,False,,True
faltered,3,single_tax AND NOT payroll_pit AND small,single_tax;payroll_pit;small,101,0.794,0.366,83,13,0.289,0.048,0.053,0.051,0.0,0.069,0.054,3,-0.078,False,False,False,,True
faltered,3,NOT payroll_pit AND NOT investment AND NOT culture,payroll_pit;investment;culture,000,0.793,0.452,193,50,0.515,0.185,0.226,0.154,0.167,0.103,0.162,4,-0.079,False,False,False,,True
faltered,3,NOT local_tax_base AND social AND NOT small,local_tax_base;social;small,010,0.793,0.432,182,39,0.429,0.144,0.128,0.154,0.2,0.138,0.162,4,-0.079,False,False,False,,True
faltered,3,property_tax AND payroll_pit AND NOT balance,property_tax;payroll_pit;balance,110,0.793,0.43,177,45,0.625,0.167,0.098,0.295,0.133,0.172,0.068,4,-0.079,False,False,False,,True
faltered,3,NOT culture AND balance AND NOT small,culture;balance;small,010,0.793,0.426,173,46,0.529,0.17,0.128,0.244,0.167,0.172,0.122,4,-0.079,False,False,False,,True
faltered,3,payroll_pit AND NOT balance AND small,payroll_pit;balance;small,101,0.793,0.421,183,50,0.617,0.185,0.135,0.282,0.167,0.172,0.095,4,-0.079,False,False,False,,True
faltered,3,NOT property_tax AND NOT education AND NOT extracurricular,property_tax;education;extracurricular,000,0.793,0.419,156,38,0.447,0.141,0.173,0.103,0.067,0.172,0.189,3,-0.079,False,False,False,,True
faltered,3,property_tax AND investment AND extracurricular,property_tax;investment;extracurricular,111,0.793,0.414,137,31,0.47,0.115,0.105,0.128,0.133,0.103,0.095,4,-0.079,False,False,False,,True
faltered,3,local_tax_base AND NOT property_tax AND NOT culture,local_tax_base;property_tax;culture,100,0.793,0.413,140,32,0.485,0.119,0.143,0.115,0.067,0.069,0.162,4,-0.079,False,False,False,,True
faltered,3,NOT payroll_pit AND balance AND NOT small,payroll_pit;balance;small,010,0.793,0.411,159,36,0.462,0.133,0.075,0.231,0.133,0.138,0.068,4,-0.079,False,False,False,,True
faltered,3,NOT autonomy AND NOT culture AND NOT balance,autonomy;culture;balance,000,0.793,0.41,169,53,0.576,0.196,0.263,0.115,0.167,0.138,0.27,4,-0.079,False,False,False,,True
faltered,3,property_tax AND NOT autonomy AND culture,property_tax;autonomy;culture,101,0.793,0.405,131,25,0.391,0.093,0.098,0.077,0.033,0.172,0.081,3,-0.079,False,False,False,,True
faltered,3,NOT autonomy AND culture AND NOT extracurricular,autonomy;culture;extracurricular,010,0.793,0.403,134,29,0.403,0.107,0.113,0.09,0.033,0.207,0.095,3,-0.079,False,False,False,,True
faltered,3,NOT autonomy AND NOT culture AND contestation,autonomy;culture;contestation,001,0.793,0.4,138,30,0.417,0.111,0.098,0.103,0.167,0.138,0.068,4,-0.079,False,False,False,,True
faltered,3,NOT autonomy AND education AND balance,autonomy;education;balance,011,0.793,0.4,110,18,0.321,0.067,0.105,0.026,0.0,0.069,0.068,2,-0.079,False,False,False,,False
faltered,3,local_tax_base AND investment AND NOT education,local_tax_base;investment;education,110,0.793,0.399,127,37,0.514,0.137,0.135,0.128,0.067,0.241,0.162,3,-0.079,False,False,False,,True
faltered,3,payroll_pit AND NOT extracurricular AND NOT balance,payroll_pit;extracurricular;balance,100,0.793,0.399,156,45,0.634,0.167,0.105,0.269,0.167,0.172,0.068,4,-0.079,False,False,False,,True
faltered,3,local_tax_base AND social AND NOT contestation,local_tax_base;social;contestation,110,0.793,0.398,136,33,0.559,0.122,0.105,0.179,0.1,0.069,0.081,4,-0.079,False,False,False,,True
faltered,3,NOT property_tax AND investment AND contestation,property_tax;investment;contestation,011,0.793,0.393,112,18,0.34,0.067,0.068,0.064,0.067,0.069,0.068,4,-0.079,False,False,False,,True
faltered,3,local_tax_base AND NOT single_tax AND small,local_tax_base;single_tax;small,101,0.793,0.385,117,32,0.438,0.119,0.135,0.103,0.067,0.138,0.149,4,-0.079,False,False,False,,True
faltered,3,NOT social AND contestation AND small,social;contestation;small,011,0.793,0.379,120,30,0.448,0.111,0.135,0.103,0.1,0.034,0.135,3,-0.079,False,False,False,,True
faltered,3,NOT property_tax AND NOT extracurricular AND contestation,property_tax;extracurricular;contestation,001,0.793,0.377,97,15,0.288,0.056,0.075,0.026,0.1,0.0,0.068,2,-0.079,False,False,False,,False
faltered,3,NOT local_tax_base AND autonomy AND extracurricular,local_tax_base;autonomy;extracurricular,011,0.792,0.465,217,65,0.58,0.241,0.195,0.256,0.433,0.207,0.176,4,-0.08,False,False,False,,True
faltered,3,NOT single_tax AND NOT autonomy AND NOT investment,single_tax;autonomy;investment,000,0.792,0.438,179,52,0.52,0.193,0.218,0.205,0.1,0.138,0.216,4,-0.08,False,False,False,,True
faltered,3,local_tax_base AND NOT autonomy AND NOT investment,local_tax_base;autonomy;investment,100,0.792,0.437,174,42,0.477,0.156,0.188,0.115,0.067,0.207,0.203,3,-0.08,False,False,False,,True
faltered,3,NOT autonomy AND NOT social AND NOT education,autonomy;social;education,000,0.792,0.424,177,55,0.534,0.204,0.195,0.179,0.167,0.345,0.23,4,-0.08,False,False,False,,True
faltered,3,local_tax_base AND NOT investment AND education,local_tax_base;investment;education,101,0.792,0.415,152,32,0.492,0.119,0.143,0.103,0.0,0.172,0.149,3,-0.08,False,False,False,,True
faltered,3,property_tax AND autonomy AND NOT small,property_tax;autonomy;small,110,0.792,0.411,142,35,0.493,0.13,0.12,0.141,0.133,0.138,0.176,4,-0.08,False,False,False,,True
faltered,3,NOT social AND NOT contestation AND small,social;contestation;small,001,0.792,0.408,149,47,0.505,0.174,0.211,0.115,0.1,0.241,0.162,4,-0.08,False,False,False,,True
faltered,3,NOT payroll_pit AND NOT balance AND NOT small,payroll_pit;balance;small,000,0.792,0.406,154,39,0.5,0.144,0.18,0.077,0.167,0.138,0.23,4,-0.08,False,False,False,,True
faltered,3,NOT single_tax AND NOT autonomy AND balance,single_tax;autonomy;balance,001,0.792,0.404,140,30,0.411,0.111,0.045,0.231,0.033,0.172,0.041,2,-0.08,False,False,False,,False
faltered,3,NOT autonomy AND NOT social AND contestation,autonomy;social;contestation,001,0.792,0.402,140,34,0.453,0.126,0.12,0.103,0.167,0.172,0.122,4,-0.08,False,False,False,,True
faltered,3,autonomy AND NOT education AND NOT balance,autonomy;education;balance,100,0.792,0.402,136,40,0.506,0.148,0.12,0.179,0.2,0.138,0.108,4,-0.08,False,False,False,,True
faltered,3,autonomy AND investment AND NOT balance,autonomy;investment;balance,110,0.792,0.397,124,30,0.455,0.111,0.075,0.205,0.033,0.103,0.054,3,-0.08,False,False,False,,True
faltered,3,NOT social AND NOT culture AND small,social;culture;small,001,0.792,0.394,134,39,0.476,0.144,0.195,0.09,0.1,0.103,0.149,4,-0.08,False,False,False,,True
faltered,3,NOT autonomy AND investment AND NOT social,autonomy;investment;social,010,0.792,0.393,133,36,0.507,0.133,0.135,0.115,0.067,0.241,0.162,4,-0.08,False,False,False,,True
faltered,3,property_tax AND NOT autonomy AND NOT extracurricular,property_tax;autonomy;extracurricular,100,0.792,0.386,121,28,0.438,0.104,0.098,0.103,0.067,0.172,0.068,4,-0.08,False,False,False,,True
faltered,3,NOT payroll_pit AND NOT contestation AND balance,payroll_pit;contestation;balance,001,0.792,0.386,139,35,0.422,0.13,0.09,0.218,0.133,0.069,0.081,4,-0.08,False,False,False,,True
faltered,3,NOT local_tax_base AND NOT single_tax AND NOT small,local_tax_base;single_tax;small,000,0.791,0.465,224,61,0.526,0.226,0.158,0.269,0.3,0.345,0.162,4,-0.081,False,False,False,,True
faltered,3,NOT property_tax AND NOT payroll_pit AND NOT investment,property_tax;payroll_pit;investment,000,0.791,0.454,208,55,0.514,0.204,0.248,0.179,0.167,0.103,0.176,4,-0.081,False,False,False,,True
faltered,3,NOT single_tax AND NOT social AND NOT small,single_tax;social;small,000,0.791,0.452,194,59,0.608,0.219,0.188,0.244,0.267,0.241,0.23,4,-0.081,False,False,False,,True
faltered,3,NOT local_tax_base AND NOT property_tax AND NOT autonomy,local_tax_base;property_tax;autonomy,000,0.791,0.443,194,50,0.45,0.185,0.226,0.141,0.133,0.172,0.23,4,-0.081,False,False,False,,True
faltered,3,NOT local_tax_base AND property_tax AND payroll_pit,local_tax_base;property_tax;payroll_pit,011,0.791,0.442,179,44,0.543,0.163,0.113,0.192,0.267,0.207,0.122,4,-0.081,False,False,False,,True
faltered,3,NOT local_tax_base AND autonomy AND contestation,local_tax_base;autonomy;contestation,011,0.791,0.442,188,52,0.565,0.193,0.18,0.192,0.267,0.172,0.189,4,-0.081,False,False,False,,True
faltered,3,property_tax AND NOT investment AND education,property_tax;investment;education,101,0.791,0.434,172,37,0.536,0.137,0.12,0.154,0.1,0.207,0.149,4,-0.081,False,False,False,,True
faltered,3,NOT single_tax AND NOT autonomy AND NOT small,single_tax;autonomy;small,000,0.791,0.433,189,46,0.495,0.17,0.158,0.205,0.1,0.207,0.216,4,-0.081,False,False,False,,True
faltered,3,NOT payroll_pit AND NOT culture AND NOT contestation,payroll_pit;culture;contestation,000,0.791,0.432,185,58,0.574,0.215,0.271,0.205,0.1,0.103,0.297,2,-0.081,False,False,False,,False
faltered,3,property_tax AND NOT investment AND culture,property_tax;investment;culture,101,0.791,0.43,172,38,0.514,0.141,0.113,0.154,0.133,0.241,0.162,4,-0.081,False,False,False,,True
faltered,3,property_tax AND education AND NOT balance,property_tax;education;balance,110,0.791,0.422,172,41,0.603,0.152,0.113,0.218,0.1,0.207,0.095,4,-0.081,False,False,False,,True
faltered,3,local_tax_base AND single_tax AND NOT autonomy,local_tax_base;single_tax;autonomy,110,0.791,0.42,151,36,0.537,0.133,0.158,0.077,0.033,0.276,0.149,3,-0.081,False,False,False,,True
faltered,3,NOT autonomy AND NOT investment AND NOT extracurricular,autonomy;investment;extracurricular,000,0.791,0.416,153,36,0.439,0.133,0.15,0.103,0.1,0.172,0.162,4,-0.081,False,False,False,,True
faltered,3,NOT payroll_pit AND NOT culture AND balance,payroll_pit;culture;balance,001,0.791,0.415,152,35,0.443,0.13,0.09,0.218,0.1,0.103,0.108,4,-0.081,False,False,False,,True
faltered,3,NOT autonomy AND social AND education,autonomy;social;education,011,0.791,0.415,147,31,0.443,0.115,0.158,0.064,0.033,0.138,0.149,3,-0.081,False,False,False,,True
faltered,3,local_tax_base AND NOT single_tax AND NOT social,local_tax_base;single_tax;social,100,0.791,0.414,152,46,0.535,0.17,0.195,0.154,0.133,0.138,0.257,4,-0.081,False,False,False,,True
faltered,3,local_tax_base AND autonomy AND social,local_tax_base;autonomy;social,111,0.791,0.414,134,25,0.472,0.093,0.06,0.154,0.1,0.069,0.068,4,-0.081,False,False,False,,True
faltered,3,NOT property_tax AND NOT autonomy AND balance,property_tax;autonomy;balance,001,0.791,0.407,148,35,0.449,0.13,0.075,0.218,0.067,0.207,0.054,4,-0.081,False,False,False,,True
faltered,3,NOT single_tax AND NOT payroll_pit AND small,single_tax;payroll_pit;small,001,0.791,0.407,142,44,0.506,0.163,0.218,0.115,0.1,0.103,0.203,4,-0.081,False,False,False,,True
faltered,3,local_tax_base AND NOT autonomy AND investment,local_tax_base;autonomy;investment,101,0.791,0.404,139,34,0.507,0.126,0.12,0.128,0.067,0.207,0.135,4,-0.081,False,False,False,,True
faltered,3,NOT autonomy AND NOT social AND education,autonomy;social;education,001,0.791,0.403,137,33,0.465,0.122,0.165,0.077,0.033,0.138,0.176,3,-0.081,False,False,False,,True
faltered,3,culture AND NOT extracurricular AND NOT balance,culture;extracurricular;balance,100,0.791,0.401,149,38,0.543,0.141,0.098,0.218,0.1,0.172,0.081,4,-0.081,False,False,False,,True
faltered,3,NOT property_tax AND NOT autonomy AND investment,property_tax;autonomy;investment,001,0.791,0.398,148,35,0.455,0.13,0.135,0.103,0.1,0.207,0.189,4,-0.081,False,False,False,,True
faltered,3,NOT investment AND education AND NOT extracurricular,investment;education;extracurricular,010,0.791,0.398,153,35,0.507,0.13,0.113,0.154,0.1,0.172,0.122,4,-0.081,False,False,False,,True
faltered,3,investment AND social AND NOT contestation,investment;social;contestation,110,0.791,0.397,134,31,0.437,0.115,0.083,0.141,0.233,0.069,0.054,4,-0.081,False,False,False,,True
faltered,3,local_tax_base AND NOT culture AND small,local_tax_base;culture;small,101,0.791,0.393,130,30,0.435,0.111,0.128,0.128,0.033,0.069,0.108,3,-0.081,False,False,False,,True
faltered,3,single_tax AND NOT autonomy AND NOT extracurricular,single_tax;autonomy;extracurricular,100,0.791,0.386,129,30,0.448,0.111,0.12,0.077,0.067,0.207,0.095,4,-0.081,False,False,False,,True
faltered,3,NOT property_tax AND NOT extracurricular AND small,property_tax;extracurricular;small,001,0.791,0.385,120,34,0.466,0.126,0.15,0.103,0.067,0.138,0.135,4,-0.081,False,False,False,,True
faltered,3,NOT payroll_pit AND NOT extracurricular AND balance,payroll_pit;extracurricular;balance,001,0.791,0.381,118,24,0.343,0.089,0.105,0.103,0.0,0.069,0.122,3,-0.081,False,False,False,,True
faltered,3,property_tax AND single_tax AND NOT small,property_tax;single_tax;small,110,0.791,0.379,97,19,0.422,0.07,0.083,0.064,0.067,0.034,0.122,3,-0.081,False,False,False,,True
faltered,3,property_tax AND autonomy AND extracurricular,property_tax;autonomy;extracurricular,111,0.79,0.446,172,47,0.566,0.174,0.188,0.128,0.233,0.172,0.216,4,-0.082,False,False,False,,True
faltered,3,NOT local_tax_base AND autonomy AND balance,local_tax_base;autonomy;balance,011,0.79,0.444,198,49,0.533,0.181,0.158,0.192,0.3,0.138,0.149,4,-0.082,False,False,False,,True
faltered,3,payroll_pit AND extracurricular AND NOT small,payroll_pit;extracurricular;small,110,0.79,0.435,180,50,0.575,0.185,0.173,0.179,0.233,0.207,0.23,4,-0.082,False,False,False,,True
faltered,3,NOT investment AND NOT balance AND small,investment;balance;small,001,0.79,0.435,190,54,0.562,0.2,0.218,0.167,0.167,0.241,0.176,4,-0.082,False,False,False,,True
faltered,3,NOT local_tax_base AND investment AND extracurricular,local_tax_base;investment;extracurricular,011,0.79,0.434,170,42,0.442,0.156,0.12,0.218,0.2,0.103,0.122,4,-0.082,False,False,False,,True
faltered,3,property_tax AND NOT investment AND small,property_tax;investment;small,101,0.79,0.433,173,41,0.526,0.152,0.135,0.154,0.133,0.241,0.162,4,-0.082,False,False,False,,True
faltered,3,local_tax_base AND NOT autonomy AND NOT contestation,local_tax_base;autonomy;contestation,100,0.79,0.431,171,47,0.54,0.174,0.203,0.154,0.033,0.241,0.243,3,-0.082,False,False,False,,True
faltered,3,single_tax AND NOT investment AND small,single_tax;investment;small,101,0.79,0.429,177,42,0.519,0.156,0.143,0.141,0.167,0.241,0.149,4,-0.082,False,False,False,,True
faltered,3,NOT local_tax_base AND single_tax AND education,local_tax_base;single_tax;education,011,0.79,0.426,159,37,0.463,0.137,0.143,0.09,0.233,0.138,0.135,4,-0.082,False,False,False,,True
faltered,3,payroll_pit AND balance AND NOT small,payroll_pit;balance;small,110,0.79,0.416,158,35,0.507,0.13,0.113,0.128,0.167,0.172,0.135,4,-0.082,False,False,False,,True
faltered,3,property_tax AND culture AND NOT balance,property_tax;culture;balance,110,0.79,0.414,156,38,0.576,0.141,0.098,0.205,0.1,0.207,0.081,4,-0.082,False,False,False,,True
faltered,3,local_tax_base AND NOT autonomy AND balance,local_tax_base;autonomy;balance,101,0.79,0.413,141,32,0.438,0.119,0.135,0.128,0.0,0.138,0.122,3,-0.082,False,False,False,,True
faltered,3,NOT payroll_pit AND NOT social AND balance,payroll_pit;social;balance,001,0.79,0.404,151,38,0.475,0.141,0.12,0.192,0.067,0.172,0.135,3,-0.082,False,False,False,,True
faltered,3,NOT single_tax AND NOT autonomy AND small,single_tax;autonomy;small,001,0.79,0.402,135,40,0.476,0.148,0.18,0.141,0.067,0.103,0.149,3,-0.082,False,False,False,,True
faltered,3,autonomy AND investment AND small,autonomy;investment;small,111,0.79,0.401,141,35,0.486,0.13,0.128,0.128,0.167,0.103,0.081,4,-0.082,False,False,False,,True
faltered,3,single_tax AND NOT social AND education,single_tax;social;education,101,0.79,0.4,133,28,0.424,0.104,0.113,0.077,0.1,0.138,0.081,4,-0.082,False,False,False,,True
faltered,3,NOT single_tax AND NOT autonomy AND investment,single_tax;autonomy;investment,001,0.79,0.395,145,34,0.442,0.126,0.12,0.141,0.067,0.172,0.149,4,-0.082,False,False,False,,True
faltered,3,NOT payroll_pit AND NOT culture AND small,payroll_pit;culture;small,001,0.79,0.395,129,33,0.452,0.122,0.165,0.09,0.067,0.069,0.122,4,-0.082,False,False,False,,True
faltered,3,NOT local_tax_base AND single_tax AND investment,local_tax_base;single_tax;investment,011,0.79,0.394,134,31,0.419,0.115,0.098,0.141,0.2,0.034,0.081,3,-0.082,False,False,False,,True
faltered,3,NOT autonomy AND investment AND education,autonomy;investment;education,011,0.79,0.391,129,26,0.413,0.096,0.12,0.103,0.033,0.034,0.108,2,-0.082,False,False,False,,False
faltered,3,NOT autonomy AND NOT extracurricular AND contestation,autonomy;extracurricular;contestation,001,0.79,0.383,125,26,0.377,0.096,0.113,0.051,0.133,0.103,0.095,4,-0.082,False,False,False,,True
faltered,3,single_tax AND NOT payroll_pit AND NOT extracurricular,single_tax;payroll_pit;extracurricular,100,0.79,0.362,80,12,0.273,0.044,0.053,0.038,0.0,0.069,0.041,3,-0.082,False,False,False,,True
faltered,3,NOT payroll_pit AND contestation AND small,payroll_pit;contestation;small,011,0.79,0.362,98,17,0.34,0.063,0.09,0.051,0.033,0.0,0.122,3,-0.082,False,False,False,,True
faltered,3,NOT local_tax_base AND NOT culture AND NOT education,local_tax_base;culture;education,000,0.789,0.456,206,60,0.513,0.222,0.173,0.244,0.3,0.31,0.149,4,-0.083,False,False,False,,True
faltered,3,NOT investment AND culture AND education,investment;culture;education,011,0.789,0.452,190,43,0.506,0.159,0.158,0.128,0.1,0.31,0.203,4,-0.083,False,False,False,,True
faltered,3,NOT contestation AND NOT balance AND small,contestation;balance;small,001,0.789,0.441,197,64,0.621,0.237,0.241,0.256,0.133,0.276,0.176,4,-0.083,False,False,False,,True
faltered,3,NOT payroll_pit AND NOT investment AND NOT social,payroll_pit;investment;social,000,0.789,0.439,199,60,0.545,0.222,0.271,0.154,0.233,0.172,0.27,4,-0.083,False,False,False,,True
faltered,3,social AND NOT education AND NOT small,social;education;small,100,0.789,0.434,178,39,0.438,0.144,0.12,0.179,0.167,0.138,0.149,4,-0.083,False,False,False,,True
faltered,3,NOT property_tax AND balance AND NOT small,property_tax;balance;small,010,0.789,0.432,186,40,0.482,0.148,0.075,0.244,0.2,0.172,0.041,4,-0.083,False,False,False,,True
faltered,3,NOT single_tax AND NOT education AND NOT extracurricular,single_tax;education;extracurricular,000,0.789,0.431,165,45,0.489,0.167,0.188,0.141,0.1,0.207,0.23,4,-0.083,False,False,False,,True
faltered,3,NOT single_tax AND NOT social AND contestation,single_tax;social;contestation,001,0.789,0.422,159,45,0.506,0.167,0.165,0.154,0.2,0.172,0.162,4,-0.083,False,False,False,,True
faltered,3,NOT local_tax_base AND investment AND contestation,local_tax_base;investment;contestation,011,0.789,0.418,155,37,0.457,0.137,0.135,0.167,0.133,0.069,0.122,4,-0.083,False,False,False,,True
faltered,3,NOT autonomy AND education AND NOT balance,autonomy;education;balance,010,0.789,0.418,174,46,0.541,0.17,0.218,0.115,0.067,0.207,0.257,3,-0.083,False,False,False,,True
faltered,3,culture AND NOT contestation AND balance,culture;contestation;balance,101,0.789,0.414,138,28,0.394,0.104,0.068,0.115,0.167,0.172,0.027,4,-0.083,False,False,False,,True
faltered,3,NOT single_tax AND investment AND NOT social,single_tax;investment;social,010,0.789,0.412,144,46,0.561,0.17,0.173,0.205,0.033,0.207,0.203,3,-0.083,False,False,False,,True
faltered,3,social AND NOT contestation AND balance,social;contestation;balance,101,0.789,0.408,136,26,0.388,0.096,0.053,0.128,0.2,0.103,0.027,4,-0.083,False,False,False,,True
faltered,3,local_tax_base AND social AND contestation,local_tax_base;social;contestation,111,0.789,0.404,127,17,0.333,0.063,0.068,0.051,0.033,0.103,0.068,4,-0.083,False,False,False,,True
faltered,3,local_tax_base AND investment AND NOT contestation,local_tax_base;investment;contestation,110,0.789,0.403,146,39,0.52,0.144,0.143,0.167,0.1,0.138,0.149,4,-0.083,False,False,False,,True
faltered,3,NOT single_tax AND NOT autonomy AND contestation,single_tax;autonomy;contestation,001,0.789,0.403,144,33,0.446,0.122,0.128,0.128,0.1,0.103,0.135,4,-0.083,False,False,False,,True
faltered,3,education AND NOT contestation AND balance,education;contestation;balance,101,0.789,0.403,115,19,0.339,0.07,0.053,0.077,0.133,0.069,0.027,4,-0.083,False,False,False,,True
faltered,3,local_tax_base AND NOT education AND contestation,local_tax_base;education;contestation,101,0.789,0.401,132,30,0.411,0.111,0.105,0.103,0.167,0.103,0.108,4,-0.083,False,False,False,,True
faltered,3,payroll_pit AND investment AND NOT contestation,payroll_pit;investment;contestation,110,0.789,0.396,128,32,0.485,0.119,0.09,0.154,0.133,0.138,0.054,4,-0.083,False,False,False,,True
faltered,3,local_tax_base AND payroll_pit AND investment,local_tax_base;payroll_pit;investment,111,0.789,0.391,114,23,0.46,0.085,0.075,0.103,0.1,0.069,0.027,4,-0.083,False,False,False,,True
faltered,3,social AND contestation AND small,social;contestation;small,111,0.789,0.39,130,24,0.444,0.089,0.105,0.077,0.1,0.034,0.095,3,-0.083,False,False,False,,True
faltered,3,contestation AND NOT balance AND NOT small,contestation;balance;small,100,0.789,0.386,125,32,0.444,0.119,0.105,0.09,0.2,0.172,0.122,4,-0.083,False,False,False,,True
faltered,3,single_tax AND investment AND NOT social,single_tax;investment;social,110,0.789,0.374,106,22,0.361,0.081,0.09,0.09,0.033,0.069,0.068,3,-0.083,False,False,False,,True
faltered,3,NOT local_tax_base AND NOT property_tax AND NOT culture,local_tax_base;property_tax;culture,000,0.788,0.476,224,67,0.515,0.248,0.248,0.244,0.333,0.172,0.189,4,-0.084,False,False,False,,True
faltered,3,autonomy AND extracurricular AND contestation,autonomy;extracurricular;contestation,111,0.788,0.464,201,58,0.598,0.215,0.226,0.179,0.3,0.172,0.216,4,-0.084,False,False,False,,True
faltered,3,NOT single_tax AND contestation AND NOT small,single_tax;contestation;small,010,0.788,0.445,182,46,0.511,0.17,0.12,0.167,0.267,0.31,0.122,4,-0.084,False,False,False,,True
faltered,3,NOT property_tax AND NOT payroll_pit AND NOT contestation,property_tax;payroll_pit;contestation,000,0.788,0.438,203,63,0.583,0.233,0.256,0.244,0.167,0.172,0.243,4,-0.084,False,False,False,,True
faltered,3,culture AND education AND NOT balance,culture;education;balance,110,0.788,0.432,191,44,0.537,0.163,0.165,0.154,0.1,0.241,0.176,4,-0.084,False,False,False,,True
faltered,3,local_tax_base AND property_tax AND NOT investment,local_tax_base;property_tax;investment,110,0.788,0.429,175,43,0.518,0.159,0.18,0.141,0.1,0.172,0.243,4,-0.084,False,False,False,,True
faltered,3,NOT payroll_pit AND NOT social AND NOT contestation,payroll_pit;social;contestation,000,0.788,0.427,185,58,0.552,0.215,0.263,0.179,0.1,0.207,0.311,3,-0.084,False,False,False,,True
faltered,3,NOT local_tax_base AND NOT property_tax AND investment,local_tax_base;property_tax;investment,001,0.788,0.424,158,38,0.413,0.141,0.135,0.167,0.1,0.138,0.135,4,-0.084,False,False,False,,True
faltered,3,NOT single_tax AND NOT autonomy AND NOT contestation,single_tax;autonomy;contestation,000,0.788,0.423,180,53,0.515,0.196,0.211,0.218,0.067,0.207,0.23,3,-0.084,False,False,False,,True
faltered,3,property_tax AND NOT autonomy AND education,property_tax;autonomy;education,101,0.788,0.42,154,30,0.429,0.111,0.128,0.09,0.033,0.172,0.108,3,-0.084,False,False,False,,True
faltered,3,local_tax_base AND NOT social AND NOT education,local_tax_base;social;education,100,0.788,0.417,160,53,0.558,0.196,0.218,0.167,0.167,0.207,0.27,4,-0.084,False,False,False,,True
faltered,3,single_tax AND extracurricular AND NOT small,single_tax;extracurricular;small,110,0.788,0.412,148,32,0.485,0.119,0.143,0.09,0.133,0.069,0.189,4,-0.084,False,False,False,,True
faltered,3,autonomy AND social AND small,autonomy;social;small,111,0.788,0.409,145,30,0.545,0.111,0.06,0.167,0.2,0.103,0.027,4,-0.084,False,False,False,,True
faltered,3,NOT payroll_pit AND NOT investment AND NOT extracurricular,payroll_pit;investment;extracurricular,000,0.788,0.403,136,26,0.366,0.096,0.105,0.103,0.067,0.069,0.108,4,-0.084,False,False,False,,True
faltered,3,property_tax AND NOT social AND small,property_tax;social;small,101,0.788,0.402,143,35,0.455,0.13,0.158,0.09,0.1,0.138,0.162,4,-0.084,False,False,False,,True
faltered,3,NOT single_tax AND investment AND NOT extracurricular,single_tax;investment;extracurricular,010,0.788,0.393,134,40,0.476,0.148,0.165,0.128,0.067,0.207,0.189,3,-0.084,False,False,False,,True
faltered,3,NOT autonomy AND investment AND NOT extracurricular,autonomy;investment;extracurricular,010,0.788,0.392,146,40,0.482,0.148,0.165,0.141,0.067,0.172,0.162,3,-0.084,False,False,False,,True
faltered,3,NOT single_tax AND NOT extracurricular AND contestation,single_tax;extracurricular;contestation,001,0.788,0.384,113,20,0.333,0.074,0.09,0.038,0.133,0.034,0.095,3,-0.084,False,False,False,,True
faltered,3,autonomy AND education AND NOT extracurricular,autonomy;education;extracurricular,110,0.788,0.384,133,25,0.463,0.093,0.06,0.141,0.167,0.034,0.041,3,-0.084,False,False,False,,True
faltered,3,NOT single_tax AND NOT payroll_pit AND NOT investment,single_tax;payroll_pit;investment,000,0.787,0.464,214,60,0.526,0.222,0.256,0.205,0.2,0.138,0.23,4,-0.085,False,False,False,,True
faltered,3,autonomy AND NOT culture AND NOT education,autonomy;culture;education,100,0.787,0.454,184,53,0.535,0.196,0.18,0.192,0.233,0.241,0.189,4,-0.085,False,False,False,,True
faltered,3,NOT local_tax_base AND culture AND education,local_tax_base;culture;education,011,0.787,0.441,175,36,0.444,0.133,0.135,0.103,0.167,0.172,0.135,4,-0.085,False,False,False,,True
faltered,3,autonomy AND NOT culture AND NOT small,autonomy;culture;small,100,0.787,0.436,165,46,0.541,0.17,0.135,0.179,0.267,0.207,0.149,4,-0.085,False,False,False,,True
faltered,3,single_tax AND education AND NOT balance,single_tax;education;balance,110,0.787,0.428,188,46,0.613,0.17,0.15,0.192,0.133,0.241,0.135,4,-0.085,False,False,False,,True
faltered,3,NOT single_tax AND investment AND NOT small,single_tax;investment;small,010,0.787,0.426,168,44,0.494,0.163,0.128,0.218,0.133,0.207,0.149,4,-0.085,False,False,False,,True
faltered,3,NOT property_tax AND NOT single_tax AND NOT extracurricular,property_tax;single_tax;extracurricular,000,0.787,0.421,160,41,0.477,0.152,0.18,0.128,0.067,0.172,0.23,3,-0.085,False,False,False,,True
faltered,3,local_tax_base AND property_tax AND NOT social,local_tax_base;property_tax;social,110,0.787,0.412,153,43,0.473,0.159,0.203,0.115,0.1,0.138,0.216,4,-0.085,False,False,False,,True
faltered,3,NOT property_tax AND investment AND NOT social,property_tax;investment;social,010,0.787,0.406,156,42,0.5,0.156,0.143,0.179,0.067,0.241,0.162,3,-0.085,False,False,False,,True
faltered,3,local_tax_base AND NOT autonomy AND contestation,local_tax_base;autonomy;contestation,101,0.787,0.403,142,29,0.426,0.107,0.105,0.09,0.1,0.172,0.095,4,-0.085,False,False,False,,True
faltered,3,property_tax AND investment AND NOT contestation,property_tax;investment;contestation,110,0.787,0.397,132,29,0.42,0.107,0.083,0.141,0.167,0.069,0.054,4,-0.085,False,False,False,,True
faltered,3,contestation AND balance AND small,contestation;balance;small,111,0.787,0.397,133,29,0.439,0.107,0.15,0.064,0.1,0.034,0.135,3,-0.085,False,False,False,,True
faltered,3,investment AND NOT social AND contestation,investment;social;contestation,101,0.787,0.394,117,29,0.433,0.107,0.12,0.115,0.067,0.069,0.095,4,-0.085,False,False,False,,True
faltered,3,NOT single_tax AND investment AND NOT balance,single_tax;investment;balance,010,0.787,0.388,142,35,0.467,0.13,0.128,0.141,0.033,0.207,0.176,3,-0.085,False,False,False,,True
faltered,3,investment AND NOT culture AND NOT extracurricular,investment;culture;extracurricular,100,0.787,0.386,129,39,0.476,0.144,0.15,0.141,0.067,0.207,0.203,3,-0.085,False,False,False,,True
faltered,3,local_tax_base AND contestation AND NOT balance,local_tax_base;contestation;balance,110,0.787,0.384,122,24,0.4,0.089,0.053,0.115,0.133,0.138,0.041,4,-0.085,False,False,False,,True
faltered,3,culture AND NOT extracurricular AND contestation,culture;extracurricular;contestation,101,0.787,0.383,121,19,0.333,0.07,0.075,0.077,0.033,0.069,0.095,3,-0.085,False,False,False,,True
faltered,3,payroll_pit AND NOT extracurricular AND balance,payroll_pit;extracurricular;balance,101,0.787,0.381,100,18,0.375,0.067,0.083,0.013,0.1,0.103,0.054,3,-0.085,False,False,False,,True
faltered,3,payroll_pit AND NOT extracurricular AND contestation,payroll_pit;extracurricular;contestation,101,0.787,0.374,112,23,0.426,0.085,0.068,0.09,0.1,0.138,0.054,4,-0.085,False,False,False,,True
faltered,3,NOT local_tax_base AND NOT property_tax AND NOT education,local_tax_base;property_tax;education,000,0.786,0.47,223,62,0.5,0.23,0.211,0.231,0.333,0.207,0.176,4,-0.086,False,False,False,,True
faltered,3,NOT local_tax_base AND extracurricular AND balance,local_tax_base;extracurricular;balance,011,0.786,0.458,212,56,0.538,0.207,0.128,0.282,0.333,0.241,0.108,4,-0.086,False,False,False,,True
faltered,3,NOT autonomy AND NOT culture AND NOT education,autonomy;culture;education,000,0.786,0.444,199,56,0.5,0.207,0.195,0.231,0.2,0.207,0.203,4,-0.086,False,False,False,,True
faltered,3,NOT local_tax_base AND autonomy AND social,local_tax_base;autonomy;social,011,0.786,0.442,196,45,0.506,0.167,0.143,0.154,0.3,0.172,0.149,4,-0.086,False,False,False,,True
faltered,3,NOT autonomy AND NOT contestation AND small,autonomy;contestation;small,001,0.786,0.435,169,50,0.515,0.185,0.211,0.179,0.067,0.207,0.162,3,-0.086,False,False,False,,True
faltered,3,NOT single_tax AND investment AND NOT culture,single_tax;investment;culture,010,0.786,0.429,174,52,0.531,0.193,0.165,0.244,0.1,0.276,0.203,4,-0.086,False,False,False,,True
faltered,3,culture AND NOT balance AND small,culture;balance;small,101,0.786,0.429,181,45,0.549,0.167,0.143,0.205,0.1,0.241,0.149,4,-0.086,False,False,False,,True
faltered,3,local_tax_base AND NOT autonomy AND NOT balance,local_tax_base;autonomy;balance,100,0.786,0.426,172,44,0.537,0.163,0.173,0.115,0.133,0.276,0.216,4,-0.086,False,False,False,,True
faltered,3,NOT social AND NOT education AND contestation,social;education;contestation,001,0.786,0.426,170,48,0.475,0.178,0.15,0.179,0.267,0.207,0.149,4,-0.086,False,False,False,,True
faltered,3,NOT local_tax_base AND payroll_pit AND NOT small,local_tax_base;payroll_pit;small,010,0.786,0.425,180,46,0.511,0.17,0.135,0.179,0.233,0.241,0.189,4,-0.086,False,False,False,,True
faltered,3,local_tax_base AND NOT autonomy AND NOT culture,local_tax_base;autonomy;culture,100,0.786,0.422,168,44,0.518,0.163,0.188,0.154,0.1,0.138,0.23,4,-0.086,False,False,False,,True
faltered,3,payroll_pit AND social AND NOT contestation,payroll_pit;social;contestation,110,0.786,0.418,155,33,0.524,0.122,0.083,0.179,0.133,0.138,0.081,4,-0.086,False,False,False,,True
faltered,3,NOT local_tax_base AND single_tax AND social,local_tax_base;single_tax;social,011,0.786,0.417,159,32,0.451,0.119,0.128,0.09,0.2,0.069,0.162,4,-0.086,False,False,False,,True
faltered,3,NOT property_tax AND NOT payroll_pit AND balance,property_tax;payroll_pit;balance,001,0.786,0.417,167,38,0.458,0.141,0.075,0.256,0.133,0.138,0.054,4,-0.086,False,False,False,,True
faltered,3,NOT local_tax_base AND investment AND social,local_tax_base;investment;social,011,0.786,0.415,159,33,0.393,0.122,0.098,0.128,0.233,0.103,0.081,4,-0.086,False,False,False,,True
faltered,3,local_tax_base AND culture AND contestation,local_tax_base;culture;contestation,111,0.786,0.41,138,24,0.4,0.089,0.105,0.064,0.067,0.103,0.135,4,-0.086,False,False,False,,True
faltered,3,local_tax_base AND autonomy AND small,local_tax_base;autonomy;small,111,0.786,0.408,149,30,0.423,0.111,0.113,0.141,0.1,0.034,0.095,3,-0.086,False,False,False,,True
faltered,3,single_tax AND balance AND NOT small,single_tax;balance;small,110,0.786,0.403,140,23,0.404,0.085,0.105,0.051,0.1,0.069,0.135,4,-0.086,False,False,False,,True
faltered,3,local_tax_base AND NOT social AND contestation,local_tax_base;social;contestation,101,0.786,0.398,135,33,0.452,0.122,0.12,0.115,0.167,0.103,0.108,4,-0.086,False,False,False,,True
faltered,3,local_tax_base AND investment AND NOT balance,local_tax_base;investment;balance,110,0.786,0.394,136,31,0.484,0.115,0.105,0.141,0.067,0.138,0.108,4,-0.086,False,False,False,,True
faltered,3,local_tax_base AND NOT education AND NOT balance,local_tax_base;education;balance,100,0.786,0.394,134,36,0.486,0.133,0.135,0.128,0.133,0.138,0.162,4,-0.086,False,False,False,,True
faltered,3,payroll_pit AND NOT extracurricular AND NOT contestation,payroll_pit;extracurricular;contestation,100,0.786,0.394,144,40,0.615,0.148,0.12,0.192,0.167,0.138,0.068,4,-0.086,False,False,False,,True
faltered,3,NOT property_tax AND investment AND NOT balance,property_tax;investment;balance,010,0.786,0.386,142,31,0.419,0.115,0.15,0.077,0.033,0.138,0.216,3,-0.086,False,False,False,,True
faltered,3,NOT payroll_pit AND investment AND small,payroll_pit;investment;small,011,0.786,0.364,99,22,0.367,0.081,0.098,0.077,0.033,0.069,0.108,3,-0.086,False,False,False,,True
faltered,3,NOT culture AND extracurricular AND NOT small,culture;extracurricular;small,010,0.785,0.481,228,64,0.542,0.237,0.18,0.282,0.333,0.276,0.203,4,-0.087,False,False,False,,True
faltered,3,NOT payroll_pit AND NOT social AND NOT small,payroll_pit;social;small,000,0.785,0.444,200,58,0.58,0.215,0.211,0.205,0.233,0.241,0.257,4,-0.087,False,False,False,,True
faltered,3,local_tax_base AND NOT culture AND NOT education,local_tax_base;culture;education,100,0.785,0.44,177,49,0.521,0.181,0.203,0.179,0.133,0.138,0.243,4,-0.087,False,False,False,,True
faltered,3,NOT property_tax AND NOT autonomy AND NOT small,property_tax;autonomy;small,000,0.785,0.437,202,45,0.464,0.167,0.173,0.154,0.1,0.241,0.23,4,-0.087,False,False,False,,True
faltered,3,NOT single_tax AND investment AND NOT education,single_tax;investment;education,010,0.785,0.437,180,57,0.548,0.211,0.18,0.244,0.133,0.345,0.203,4,-0.087,False,False,False,,True
faltered,3,NOT local_tax_base AND social AND balance,local_tax_base;social;balance,011,0.785,0.434,183,40,0.471,0.148,0.105,0.179,0.267,0.138,0.108,4,-0.087,False,False,False,,True
faltered,3,education AND extracurricular AND balance,education;extracurricular;balance,111,0.785,0.433,142,24,0.414,0.089,0.09,0.077,0.133,0.069,0.068,4,-0.087,False,False,False,,True
faltered,3,NOT extracurricular AND NOT contestation AND NOT balance,extracurricular;contestation;balance,000,0.785,0.422,192,59,0.641,0.219,0.211,0.269,0.1,0.241,0.203,3,-0.087,False,False,False,,True
faltered,3,local_tax_base AND culture AND NOT contestation,local_tax_base;culture;contestation,110,0.785,0.421,156,36,0.468,0.133,0.12,0.141,0.1,0.207,0.081,4,-0.087,False,False,False,,True
faltered,3,local_tax_base AND single_tax AND NOT balance,local_tax_base;single_tax;balance,110,0.785,0.419,165,37,0.536,0.137,0.12,0.192,0.033,0.172,0.095,3,-0.087,False,False,False,,True
faltered,3,payroll_pit AND social AND NOT small,payroll_pit;social;small,110,0.785,0.416,162,37,0.521,0.137,0.135,0.115,0.167,0.172,0.189,4,-0.087,False,False,False,,True
faltered,3,local_tax_base AND contestation AND balance,local_tax_base;contestation;balance,111,0.785,0.413,140,26,0.406,0.096,0.135,0.051,0.067,0.069,0.135,4,-0.087,False,False,False,,True
faltered,3,NOT payroll_pit AND investment AND NOT small,payroll_pit;investment;small,010,0.785,0.406,153,35,0.461,0.13,0.105,0.154,0.133,0.172,0.149,4,-0.087,False,False,False,,True
faltered,3,payroll_pit AND contestation AND small,payroll_pit;contestation;small,111,0.785,0.405,152,37,0.521,0.137,0.15,0.128,0.167,0.069,0.108,4,-0.087,False,False,False,,True
faltered,3,autonomy AND investment AND NOT culture,autonomy;investment;culture,110,0.785,0.404,136,42,0.488,0.156,0.12,0.231,0.133,0.138,0.108,4,-0.087,False,False,False,,True
faltered,3,education AND NOT extracurricular AND NOT balance,education;extracurricular;balance,100,0.785,0.4,166,43,0.597,0.159,0.12,0.231,0.133,0.172,0.108,4,-0.087,False,False,False,,True
faltered,3,local_tax_base AND NOT payroll_pit AND education,local_tax_base;payroll_pit;education,101,0.785,0.395,118,21,0.333,0.078,0.105,0.064,0.0,0.069,0.108,3,-0.087,False,False,False,,True
faltered,3,local_tax_base AND single_tax AND NOT social,local_tax_base;single_tax;social,110,0.785,0.393,134,30,0.429,0.111,0.135,0.077,0.033,0.172,0.122,3,-0.087,False,False,False,,True
faltered,3,NOT social AND contestation AND NOT balance,social;contestation;balance,010,0.785,0.39,140,34,0.436,0.126,0.105,0.128,0.233,0.103,0.095,4,-0.087,False,False,False,,True
faltered,3,NOT payroll_pit AND NOT balance AND small,payroll_pit;balance;small,001,0.785,0.388,131,39,0.506,0.144,0.195,0.09,0.067,0.138,0.176,3,-0.087,False,False,False,,True
faltered,3,property_tax AND NOT payroll_pit AND small,property_tax;payroll_pit;small,101,0.785,0.377,107,20,0.333,0.074,0.105,0.038,0.033,0.069,0.122,3,-0.087,False,False,False,,True
faltered,3,social AND extracurricular AND NOT small,social;extracurricular;small,110,0.784,0.461,208,45,0.469,0.167,0.165,0.167,0.2,0.138,0.203,4,-0.088,False,False,False,,True
faltered,3,NOT social AND NOT culture AND NOT small,social;culture;small,000,0.784,0.452,194,59,0.557,0.219,0.211,0.218,0.267,0.207,0.243,4,-0.088,False,False,False,,True
faltered,3,culture AND extracurricular AND balance,culture;extracurricular;balance,111,0.784,0.448,171,36,0.48,0.133,0.098,0.167,0.2,0.138,0.122,4,-0.088,False,False,False,,True
faltered,3,autonomy AND investment AND extracurricular,autonomy;investment;extracurricular,111,0.784,0.441,173,44,0.473,0.163,0.135,0.231,0.167,0.103,0.095,4,-0.088,False,False,False,,True
faltered,3,NOT local_tax_base AND payroll_pit AND contestation,local_tax_base;payroll_pit;contestation,011,0.784,0.437,184,51,0.548,0.189,0.188,0.179,0.267,0.138,0.216,4,-0.088,False,False,False,,True
faltered,3,NOT local_tax_base AND balance AND NOT small,local_tax_base;balance;small,010,0.784,0.437,212,47,0.465,0.174,0.09,0.256,0.267,0.241,0.095,4,-0.088,False,False,False,,True
faltered,3,property_tax AND extracurricular AND balance,property_tax;extracurricular;balance,111,0.784,0.437,167,38,0.514,0.141,0.143,0.115,0.2,0.138,0.176,4,-0.088,False,False,False,,True
faltered,3,NOT single_tax AND NOT payroll_pit AND balance,single_tax;payroll_pit;balance,001,0.784,0.431,179,43,0.457,0.159,0.098,0.295,0.133,0.103,0.108,4,-0.088,False,False,False,,True
faltered,3,local_tax_base AND property_tax AND NOT autonomy,local_tax_base;property_tax;autonomy,110,0.784,0.428,167,36,0.439,0.133,0.143,0.103,0.067,0.241,0.149,4,-0.088,False,False,False,,True
faltered,3,local_tax_base AND NOT payroll_pit AND NOT investment,local_tax_base;payroll_pit;investment,100,0.784,0.427,167,39,0.443,0.144,0.165,0.141,0.1,0.103,0.203,4,-0.088,False,False,False,,True
faltered,3,NOT autonomy AND education AND NOT contestation,autonomy;education;contestation,010,0.784,0.426,170,43,0.483,0.159,0.211,0.115,0.033,0.172,0.189,3,-0.088,False,False,False,,True
faltered,3,single_tax AND NOT autonomy AND small,single_tax;autonomy;small,101,0.784,0.423,163,36,0.468,0.133,0.165,0.09,0.067,0.172,0.162,4,-0.088,False,False,False,,True
faltered,3,NOT property_tax AND NOT single_tax AND investment,property_tax;single_tax;investment,001,0.784,0.421,159,42,0.488,0.156,0.135,0.192,0.1,0.207,0.162,4,-0.088,False,False,False,,True
faltered,3,NOT payroll_pit AND contestation AND NOT small,payroll_pit;contestation;small,010,0.784,0.421,151,31,0.413,0.115,0.083,0.115,0.167,0.207,0.068,4,-0.088,False,False,False,,True
faltered,3,NOT local_tax_base AND investment AND balance,local_tax_base;investment;balance,011,0.784,0.414,156,36,0.414,0.133,0.113,0.141,0.233,0.103,0.068,4,-0.088,False,False,False,,True
faltered,3,NOT property_tax AND NOT balance AND NOT small,property_tax;balance;small,000,0.784,0.413,174,45,0.506,0.167,0.218,0.077,0.2,0.138,0.284,3,-0.088,False,False,False,,True
faltered,3,payroll_pit AND contestation AND NOT small,payroll_pit;contestation;small,110,0.784,0.407,148,38,0.528,0.141,0.143,0.115,0.167,0.172,0.189,4,-0.088,False,False,False,,True
faltered,3,local_tax_base AND single_tax AND NOT payroll_pit,local_tax_base;single_tax;payroll_pit,110,0.784,0.401,117,22,0.373,0.081,0.098,0.064,0.0,0.138,0.095,3,-0.088,False,False,False,,True
faltered,3,single_tax AND investment AND NOT contestation,single_tax;investment;contestation,110,0.784,0.398,140,28,0.418,0.104,0.098,0.115,0.133,0.069,0.081,4,-0.088,False,False,False,,True
faltered,3,single_tax AND social AND NOT small,single_tax;social;small,110,0.784,0.396,126,20,0.4,0.074,0.098,0.051,0.067,0.034,0.135,3,-0.088,False,False,False,,True
faltered,3,NOT property_tax AND NOT extracurricular AND NOT balance,property_tax;extracurricular;balance,000,0.784,0.393,146,38,0.463,0.141,0.195,0.064,0.1,0.138,0.23,3,-0.088,False,False,False,,True
faltered,3,NOT autonomy AND investment AND small,autonomy;investment;small,011,0.784,0.392,127,29,0.433,0.107,0.12,0.128,0.033,0.069,0.108,3,-0.088,False,False,False,,True
faltered,3,social AND NOT extracurricular AND balance,social;extracurricular;balance,101,0.784,0.392,114,19,0.352,0.07,0.068,0.051,0.1,0.103,0.054,4,-0.088,False,False,False,,True
faltered,3,NOT payroll_pit AND education AND small,payroll_pit;education;small,011,0.784,0.387,125,27,0.391,0.1,0.143,0.077,0.0,0.069,0.122,3,-0.088,False,False,False,,True
faltered,3,property_tax AND NOT social AND NOT extracurricular,property_tax;social;extracurricular,100,0.784,0.382,126,30,0.423,0.111,0.113,0.115,0.1,0.103,0.108,4,-0.088,False,False,False,,True
faltered,3,autonomy AND NOT extracurricular AND contestation,autonomy;extracurricular;contestation,101,0.784,0.38,107,15,0.294,0.056,0.038,0.09,0.067,0.034,0.054,4,-0.088,False,False,False,,True
faltered,3,NOT extracurricular AND NOT contestation AND balance,extracurricular;contestation;balance,001,0.784,0.378,111,24,0.369,0.089,0.098,0.077,0.067,0.103,0.095,4,-0.088,False,False,False,,True
faltered,3,NOT property_tax AND extracurricular AND NOT small,property_tax;extracurricular;small,010,0.783,0.484,245,63,0.534,0.233,0.18,0.269,0.367,0.241,0.176,4,-0.089,False,False,False,,True
faltered,3,NOT local_tax_base AND NOT culture AND NOT small,local_tax_base;culture;small,000,0.783,0.46,213,56,0.483,0.207,0.15,0.244,0.3,0.276,0.162,4,-0.089,False,False,False,,True
faltered,3,NOT social AND NOT education AND NOT small,social;education;small,000,0.783,0.459,218,66,0.589,0.244,0.211,0.269,0.267,0.31,0.243,4,-0.089,False,False,False,,True
faltered,3,NOT local_tax_base AND payroll_pit AND extracurricular,local_tax_base;payroll_pit;extracurricular,011,0.783,0.457,200,57,0.543,0.211,0.18,0.205,0.3,0.276,0.216,4,-0.089,False,False,False,,True
faltered,3,NOT property_tax AND NOT autonomy AND NOT education,property_tax;autonomy;education,000,0.783,0.446,210,56,0.496,0.207,0.195,0.231,0.167,0.241,0.203,4,-0.089,False,False,False,,True
faltered,3,NOT single_tax AND NOT payroll_pit AND NOT contestation,single_tax;payroll_pit;contestation,000,0.783,0.445,206,65,0.537,0.241,0.271,0.256,0.167,0.138,0.284,4,-0.089,False,False,False,,True
faltered,3,single_tax AND NOT investment AND education,single_tax;investment;education,101,0.783,0.442,188,41,0.539,0.152,0.158,0.115,0.133,0.241,0.162,4,-0.089,False,False,False,,True
faltered,3,single_tax AND payroll_pit AND NOT balance,single_tax;payroll_pit;balance,110,0.783,0.432,192,51,0.6,0.189,0.15,0.256,0.167,0.207,0.135,4,-0.089,False,False,False,,True
faltered,3,property_tax AND payroll_pit AND NOT contestation,property_tax;payroll_pit;contestation,110,0.783,0.429,169,39,0.582,0.144,0.098,0.192,0.2,0.172,0.081,4,-0.089,False,False,False,,True
faltered,3,autonomy AND culture AND contestation,autonomy;culture;contestation,111,0.783,0.424,156,27,0.422,0.1,0.113,0.103,0.133,0.0,0.122,3,-0.089,False,False,False,,True
faltered,3,property_tax AND NOT autonomy AND small,property_tax;autonomy;small,101,0.783,0.422,160,31,0.419,0.115,0.128,0.103,0.033,0.172,0.122,3,-0.089,False,False,False,,True
faltered,3,NOT property_tax AND NOT social AND contestation,property_tax;social;contestation,001,0.783,0.417,159,34,0.4,0.126,0.128,0.103,0.2,0.103,0.108,4,-0.089,False,False,False,,True
faltered,3,social AND NOT contestation AND small,social;contestation;small,101,0.783,0.413,147,37,0.561,0.137,0.105,0.192,0.133,0.138,0.068,4,-0.089,False,False,False,,True
faltered,3,investment AND NOT social AND NOT education,investment;social;education,100,0.783,0.412,147,47,0.534,0.174,0.158,0.205,0.067,0.276,0.176,3,-0.089,False,False,False,,True
faltered,3,investment AND balance AND NOT small,investment;balance;small,110,0.783,0.41,149,36,0.444,0.133,0.09,0.179,0.2,0.138,0.068,4,-0.089,False,False,False,,True
faltered,3,investment AND culture AND NOT contestation,investment;culture;contestation,110,0.783,0.409,154,33,0.429,0.122,0.098,0.141,0.167,0.138,0.041,4,-0.089,False,False,False,,True
faltered,3,NOT social AND NOT extracurricular AND NOT contestation,social;extracurricular;contestation,000,0.783,0.404,166,51,0.52,0.189,0.226,0.141,0.067,0.276,0.243,3,-0.089,False,False,False,,True
faltered,3,investment AND education AND NOT contestation,investment;education;contestation,110,0.783,0.403,147,30,0.423,0.111,0.098,0.154,0.133,0.034,0.081,3,-0.089,False,False,False,,True
faltered,3,investment AND NOT education AND NOT extracurricular,investment;education;extracurricular,100,0.783,0.395,136,40,0.476,0.148,0.15,0.141,0.067,0.241,0.189,3,-0.089,False,False,False,,True
faltered,3,single_tax AND NOT social AND small,single_tax;social;small,101,0.783,0.394,140,33,0.44,0.122,0.12,0.115,0.133,0.138,0.095,4,-0.089,False,False,False,,True
faltered,3,social AND NOT extracurricular AND NOT contestation,social;extracurricular;contestation,100,0.783,0.394,137,32,0.542,0.119,0.083,0.205,0.1,0.069,0.054,4,-0.089,False,False,False,,True
faltered,3,investment AND NOT social AND NOT balance,investment;social;balance,100,0.783,0.39,138,33,0.458,0.122,0.113,0.167,0.033,0.138,0.135,3,-0.089,False,False,False,,True
faltered,3,NOT single_tax AND contestation AND NOT balance,single_tax;contestation;balance,010,0.783,0.387,145,36,0.45,0.133,0.135,0.09,0.233,0.138,0.135,4,-0.089,False,False,False,,True
faltered,3,local_tax_base AND payroll_pit AND NOT extracurricular,local_tax_base;payroll_pit;extracurricular,110,0.783,0.385,133,32,0.525,0.119,0.09,0.154,0.1,0.172,0.041,4,-0.089,False,False,False,,True
faltered,3,NOT payroll_pit AND investment AND contestation,payroll_pit;investment;contestation,011,0.783,0.384,113,19,0.345,0.07,0.068,0.064,0.067,0.103,0.081,4,-0.089,False,False,False,,True
faltered,3,investment AND NOT balance AND NOT small,investment;balance;small,100,0.783,0.384,132,28,0.412,0.104,0.098,0.115,0.033,0.172,0.149,3,-0.089,False,False,False,,True
faltered,3,investment AND NOT social AND small,investment;social;small,101,0.783,0.379,120,31,0.425,0.115,0.143,0.115,0.0,0.103,0.135,3,-0.089,False,False,False,,True
faltered,3,NOT investment AND education AND small,investment;education;small,011,0.782,0.454,205,51,0.526,0.189,0.211,0.154,0.133,0.241,0.189,4,-0.09,False,False,False,,True
faltered,3,NOT local_tax_base AND autonomy AND NOT small,local_tax_base;autonomy;small,010,0.782,0.449,213,55,0.519,0.204,0.158,0.231,0.367,0.172,0.176,4,-0.09,False,False,False,,True
faltered,3,payroll_pit AND extracurricular AND contestation,payroll_pit;extracurricular;contestation,111,0.782,0.446,188,52,0.584,0.193,0.226,0.154,0.233,0.103,0.243,4,-0.09,False,False,False,,True
faltered,3,NOT payroll_pit AND NOT autonomy AND NOT small,payroll_pit;autonomy;small,000,0.782,0.442,210,50,0.476,0.185,0.188,0.192,0.133,0.207,0.257,4,-0.09,False,False,False,,True
faltered,3,autonomy AND balance AND NOT small,autonomy;balance;small,110,0.782,0.441,196,45,0.517,0.167,0.15,0.192,0.233,0.103,0.162,4,-0.09,False,False,False,,True
faltered,3,investment AND extracurricular AND contestation,investment;extracurricular;contestation,111,0.782,0.435,165,37,0.474,0.137,0.12,0.179,0.1,0.138,0.095,4,-0.09,False,False,False,,True
faltered,3,autonomy AND education AND small,autonomy;education;small,111,0.782,0.433,177,38,0.521,0.141,0.113,0.179,0.2,0.103,0.054,4,-0.09,False,False,False,,True
faltered,3,payroll_pit AND NOT contestation AND small,payroll_pit;contestation;small,101,0.782,0.429,169,44,0.571,0.163,0.135,0.192,0.167,0.207,0.095,4,-0.09,False,False,False,,True
faltered,3,social AND contestation AND NOT small,social;contestation;small,110,0.782,0.426,163,32,0.444,0.119,0.113,0.103,0.133,0.172,0.162,4,-0.09,False,False,False,,True
faltered,3,NOT single_tax AND NOT culture AND NOT extracurricular,single_tax;culture;extracurricular,000,0.782,0.424,161,44,0.489,0.163,0.173,0.167,0.1,0.172,0.203,4,-0.09,False,False,False,,True
faltered,3,NOT property_tax AND investment AND NOT education,property_tax;investment;education,010,0.782,0.422,169,43,0.462,0.159,0.143,0.154,0.133,0.276,0.162,4,-0.09,False,False,False,,True
faltered,3,payroll_pit AND balance AND small,payroll_pit;balance;small,111,0.782,0.421,138,31,0.463,0.115,0.15,0.038,0.167,0.103,0.108,3,-0.09,False,False,False,,True
faltered,3,local_tax_base AND payroll_pit AND social,local_tax_base;payroll_pit;social,111,0.782,0.417,150,30,0.526,0.111,0.09,0.154,0.1,0.103,0.081,4,-0.09,False,False,False,,True
faltered,3,NOT culture AND NOT balance AND NOT small,culture;balance;small,000,0.782,0.415,165,46,0.517,0.17,0.173,0.128,0.233,0.207,0.243,4,-0.09,False,False,False,,True
faltered,3,investment AND NOT contestation AND small,investment;contestation;small,101,0.782,0.408,146,40,0.506,0.148,0.128,0.179,0.133,0.172,0.081,4,-0.09,False,False,False,,True
faltered,3,NOT property_tax AND NOT autonomy AND contestation,property_tax;autonomy;contestation,001,0.782,0.406,154,29,0.377,0.107,0.128,0.077,0.133,0.069,0.135,4,-0.09,False,False,False,,True
faltered,3,local_tax_base AND NOT culture AND NOT balance,local_tax_base;culture;balance,100,0.782,0.399,158,41,0.512,0.152,0.165,0.141,0.133,0.138,0.203,4,-0.09,False,False,False,,True
faltered,3,local_tax_base AND education AND contestation,local_tax_base;education;contestation,111,0.782,0.397,130,20,0.392,0.074,0.083,0.064,0.033,0.103,0.068,3,-0.09,False,False,False,,True
faltered,3,autonomy AND social AND NOT extracurricular,autonomy;social;extracurricular,110,0.782,0.396,133,24,0.453,0.089,0.038,0.154,0.133,0.103,0.027,3,-0.09,False,False,False,,True
faltered,3,local_tax_base AND investment AND NOT social,local_tax_base;investment;social,110,0.782,0.394,133,33,0.446,0.122,0.143,0.103,0.033,0.172,0.149,3,-0.09,False,False,False,,True
faltered,3,NOT culture AND NOT extracurricular AND small,culture;extracurricular;small,001,0.782,0.387,135,37,0.468,0.137,0.143,0.154,0.1,0.103,0.149,4,-0.09,False,False,False,,True
faltered,3,NOT property_tax AND contestation AND NOT balance,property_tax;contestation;balance,010,0.782,0.386,138,31,0.408,0.115,0.15,0.038,0.2,0.069,0.176,3,-0.09,False,False,False,,True
faltered,3,NOT culture AND NOT extracurricular AND contestation,culture;extracurricular;contestation,001,0.782,0.381,111,22,0.349,0.081,0.075,0.064,0.167,0.069,0.054,4,-0.09,False,False,False,,True
faltered,3,education AND NOT extracurricular AND contestation,education;extracurricular;contestation,101,0.782,0.372,124,21,0.382,0.078,0.083,0.064,0.067,0.103,0.081,4,-0.09,False,False,False,,True
faltered,3,autonomy AND extracurricular AND NOT small,autonomy;extracurricular;small,110,0.781,0.474,231,66,0.569,0.244,0.218,0.256,0.4,0.172,0.243,4,-0.091,False,False,False,,True
faltered,3,autonomy AND social AND extracurricular,autonomy;social;extracurricular,111,0.781,0.462,197,46,0.517,0.17,0.165,0.154,0.267,0.138,0.189,4,-0.091,False,False,False,,True
faltered,3,NOT education AND balance AND NOT small,education;balance;small,010,0.781,0.45,222,58,0.542,0.215,0.158,0.295,0.2,0.276,0.176,4,-0.091,False,False,False,,True
faltered,3,NOT property_tax AND NOT social AND NOT small,property_tax;social;small,000,0.781,0.449,215,56,0.538,0.207,0.188,0.205,0.267,0.241,0.216,4,-0.091,False,False,False,,True
faltered,3,NOT local_tax_base AND contestation AND NOT small,local_tax_base;contestation;small,010,0.781,0.448,201,48,0.48,0.178,0.158,0.179,0.2,0.241,0.216,4,-0.091,False,False,False,,True
faltered,3,local_tax_base AND NOT investment AND small,local_tax_base;investment;small,101,0.781,0.432,180,44,0.484,0.163,0.18,0.154,0.067,0.207,0.189,3,-0.091,False,False,False,,True
faltered,3,contestation AND balance AND NOT small,contestation;balance;small,110,0.781,0.431,174,37,0.493,0.137,0.12,0.141,0.133,0.207,0.135,4,-0.091,False,False,False,,True
faltered,3,NOT autonomy AND NOT balance AND small,autonomy;balance;small,001,0.781,0.43,184,52,0.525,0.193,0.226,0.154,0.133,0.207,0.216,4,-0.091,False,False,False,,True
faltered,3,NOT property_tax AND NOT social AND NOT balance,property_tax;social;balance,000,0.781,0.421,200,63,0.543,0.233,0.293,0.128,0.267,0.207,0.297,4,-0.091,False,False,False,,True
faltered,3,NOT property_tax AND NOT culture AND NOT extracurricular,property_tax;culture;extracurricular,000,0.781,0.419,161,42,0.467,0.156,0.188,0.128,0.1,0.138,0.216,4,-0.091,False,False,False,,True
faltered,3,local_tax_base AND autonomy AND culture,local_tax_base;autonomy;culture,111,0.781,0.418,149,28,0.418,0.104,0.105,0.115,0.133,0.034,0.108,3,-0.091,False,False,False,,True
faltered,3,local_tax_base AND NOT single_tax AND NOT autonomy,local_tax_base;single_tax;autonomy,100,0.781,0.417,162,40,0.455,0.148,0.15,0.167,0.1,0.138,0.189,4,-0.091,False,False,False,,True
faltered,3,NOT payroll_pit AND NOT autonomy AND education,payroll_pit;autonomy;education,001,0.781,0.413,149,31,0.403,0.115,0.173,0.077,0.0,0.069,0.176,3,-0.091,False,False,False,,True
faltered,3,local_tax_base AND NOT investment AND NOT extracurricular,local_tax_base;investment;extracurricular,100,0.781,0.412,167,37,0.451,0.137,0.128,0.167,0.067,0.172,0.122,3,-0.091,False,False,False,,True
faltered,3,NOT local_tax_base AND extracurricular AND NOT small,local_tax_base;extracurricular;small,010,0.78,0.492,271,74,0.529,0.274,0.203,0.321,0.433,0.31,0.23,4,-0.092,False,False,False,,True
faltered,3,NOT single_tax AND NOT culture AND contestation,single_tax;culture;contestation,001,0.78,0.446,189,48,0.495,0.178,0.128,0.192,0.233,0.31,0.095,4,-0.092,False,False,False,,True
faltered,3,local_tax_base AND NOT property_tax AND NOT payroll_pit,local_tax_base;property_tax;payroll_pit,100,0.78,0.437,175,41,0.5,0.152,0.158,0.167,0.067,0.172,0.189,3,-0.092,False,False,False,,True
faltered,3,investment AND social AND extracurricular,investment;social;extracurricular,111,0.78,0.437,169,31,0.378,0.115,0.09,0.128,0.2,0.103,0.081,4,-0.092,False,False,False,,True
faltered,3,autonomy AND NOT education AND contestation,autonomy;education;contestation,101,0.78,0.435,173,49,0.527,0.181,0.158,0.179,0.267,0.207,0.189,4,-0.092,False,False,False,,True
faltered,3,local_tax_base AND NOT payroll_pit AND NOT contestation,local_tax_base;payroll_pit;contestation,100,0.78,0.429,180,50,0.505,0.185,0.226,0.167,0.033,0.207,0.284,3,-0.092,False,False,False,,True
faltered,3,NOT social AND NOT culture AND contestation,social;culture;contestation,001,0.78,0.426,166,44,0.44,0.163,0.15,0.141,0.267,0.172,0.095,4,-0.092,False,False,False,,True
faltered,3,NOT property_tax AND investment AND NOT culture,property_tax;investment;culture,010,0.78,0.421,167,45,0.474,0.167,0.158,0.192,0.133,0.172,0.203,4,-0.092,False,False,False,,True
faltered,3,local_tax_base AND single_tax AND NOT contestation,local_tax_base;single_tax;contestation,110,0.78,0.42,165,38,0.528,0.141,0.15,0.154,0.067,0.138,0.122,3,-0.092,False,False,False,,True
faltered,3,single_tax AND social AND NOT contestation,single_tax;social;contestation,110,0.78,0.415,157,31,0.517,0.115,0.105,0.128,0.133,0.103,0.081,4,-0.092,False,False,False,,True
faltered,3,NOT autonomy AND NOT social AND small,autonomy;social;small,001,0.78,0.415,166,45,0.469,0.167,0.195,0.128,0.1,0.207,0.176,4,-0.092,False,False,False,,True
faltered,3,NOT social AND NOT education AND NOT extracurricular,social;education;extracurricular,000,0.78,0.414,158,46,0.474,0.17,0.203,0.128,0.1,0.207,0.23,4,-0.092,False,False,False,,True
faltered,3,NOT social AND NOT balance AND small,social;balance;small,001,0.78,0.411,176,54,0.545,0.2,0.226,0.154,0.167,0.241,0.162,4,-0.092,False,False,False,,True
faltered,3,NOT property_tax AND NOT social AND NOT extracurricular,property_tax;social;extracurricular,000,0.78,0.41,166,46,0.469,0.17,0.211,0.115,0.1,0.207,0.216,4,-0.092,False,False,False,,True
faltered,3,investment AND social AND NOT small,investment;social;small,110,0.78,0.41,151,27,0.342,0.1,0.068,0.115,0.167,0.138,0.081,4,-0.092,False,False,False,,True
faltered,3,autonomy AND investment AND education,autonomy;investment;education,111,0.78,0.409,147,25,0.379,0.093,0.083,0.103,0.167,0.034,0.041,3,-0.092,False,False,False,,True
faltered,3,investment AND NOT contestation AND balance,investment;contestation;balance,101,0.78,0.405,148,32,0.376,0.119,0.083,0.128,0.2,0.172,0.068,4,-0.092,False,False,False,,True
faltered,3,NOT single_tax AND NOT extracurricular AND NOT balance,single_tax;extracurricular;balance,000,0.78,0.4,150,41,0.494,0.152,0.18,0.128,0.1,0.138,0.216,4,-0.092,False,False,False,,True
faltered,3,NOT education AND NOT extracurricular AND contestation,education;extracurricular;contestation,001,0.78,0.383,108,20,0.308,0.074,0.068,0.077,0.133,0.034,0.068,3,-0.092,False,False,False,,True
faltered,3,NOT payroll_pit AND education AND NOT extracurricular,payroll_pit;education;extracurricular,010,0.78,0.365,101,18,0.31,0.067,0.083,0.077,0.0,0.034,0.081,3,-0.092,False,False,False,,True
faltered,3,autonomy AND extracurricular AND balance,autonomy;extracurricular;balance,111,0.779,0.473,218,54,0.545,0.2,0.188,0.205,0.333,0.103,0.176,4,-0.093,False,False,False,,True
faltered,3,NOT local_tax_base AND payroll_pit AND culture,local_tax_base;payroll_pit;culture,011,0.779,0.455,192,44,0.5,0.163,0.143,0.167,0.2,0.207,0.135,4,-0.093,False,False,False,,True
faltered,3,social AND extracurricular AND contestation,social;extracurricular;contestation,111,0.779,0.455,187,40,0.519,0.148,0.165,0.128,0.167,0.103,0.189,4,-0.093,False,False,False,,True
faltered,3,NOT single_tax AND NOT autonomy AND NOT education,single_tax;autonomy;education,000,0.779,0.45,215,59,0.513,0.219,0.188,0.282,0.167,0.241,0.216,4,-0.093,False,False,False,,True
faltered,3,autonomy AND contestation AND balance,autonomy;contestation;balance,111,0.779,0.45,195,45,0.529,0.167,0.195,0.128,0.2,0.103,0.216,4,-0.093,False,False,False,,True
faltered,3,investment AND extracurricular AND NOT small,investment;extracurricular;small,110,0.779,0.445,183,41,0.441,0.152,0.098,0.231,0.167,0.172,0.081,4,-0.093,False,False,False,,True
faltered,3,local_tax_base AND NOT autonomy AND NOT social,local_tax_base;autonomy;social,100,0.779,0.432,184,51,0.52,0.189,0.195,0.167,0.1,0.31,0.257,4,-0.093,False,False,False,,True
faltered,3,payroll_pit AND investment AND extracurricular,payroll_pit;investment;extracurricular,111,0.779,0.428,158,37,0.451,0.137,0.135,0.167,0.1,0.103,0.122,4,-0.093,False,False,False,,True
faltered,3,NOT local_tax_base AND autonomy AND investment,local_tax_base;autonomy;investment,011,0.779,0.427,175,47,0.475,0.174,0.135,0.244,0.2,0.138,0.108,4,-0.093,False,False,False,,True
faltered,3,property_tax AND single_tax AND NOT balance,property_tax;single_tax;balance,110,0.779,0.426,182,44,0.571,0.163,0.105,0.244,0.133,0.241,0.081,4,-0.093,False,False,False,,True
faltered,3,social AND education AND NOT contestation,social;education;contestation,110,0.779,0.424,167,39,0.549,0.144,0.128,0.179,0.133,0.138,0.095,4,-0.093,False,False,False,,True
faltered,3,local_tax_base AND NOT payroll_pit AND balance,local_tax_base;payroll_pit;balance,101,0.779,0.416,156,33,0.393,0.122,0.128,0.154,0.033,0.103,0.135,3,-0.093,False,False,False,,True
faltered,3,NOT property_tax AND NOT autonomy AND NOT extracurricular,property_tax;autonomy;extracurricular,000,0.779,0.416,178,48,0.475,0.178,0.218,0.141,0.1,0.172,0.257,4,-0.093,False,False,False,,True
faltered,3,investment AND NOT culture AND contestation,investment;culture;contestation,101,0.779,0.41,152,39,0.459,0.144,0.113,0.179,0.167,0.172,0.095,4,-0.093,False,False,False,,True
faltered,3,property_tax AND social AND NOT contestation,property_tax;social;contestation,110,0.779,0.409,161,36,0.522,0.133,0.083,0.205,0.167,0.138,0.068,4,-0.093,False,False,False,,True
faltered,3,NOT autonomy AND NOT culture AND NOT extracurricular,autonomy;culture;extracurricular,000,0.779,0.409,165,47,0.505,0.174,0.203,0.154,0.133,0.138,0.23,4,-0.093,False,False,False,,True
faltered,3,local_tax_base AND investment AND social,local_tax_base;investment;social,111,0.779,0.407,140,27,0.443,0.1,0.075,0.128,0.133,0.103,0.054,4,-0.093,False,False,False,,True
faltered,3,local_tax_base AND autonomy AND investment,local_tax_base;autonomy;investment,111,0.779,0.406,134,26,0.382,0.096,0.098,0.103,0.1,0.069,0.068,4,-0.093,False,False,False,,True
faltered,3,investment AND culture AND contestation,investment;culture;contestation,111,0.779,0.406,130,19,0.339,0.07,0.098,0.051,0.033,0.034,0.081,2,-0.093,False,False,False,,False
faltered,3,local_tax_base AND NOT single_tax AND NOT extracurricular,local_tax_base;single_tax;extracurricular,100,0.779,0.401,153,42,0.462,0.156,0.165,0.154,0.133,0.138,0.203,4,-0.093,False,False,False,,True
faltered,3,investment AND social AND NOT extracurricular,investment;social;extracurricular,110,0.779,0.395,130,29,0.46,0.107,0.083,0.128,0.167,0.103,0.054,4,-0.093,False,False,False,,True
faltered,3,payroll_pit AND investment AND NOT small,payroll_pit;investment;small,110,0.779,0.392,128,29,0.397,0.107,0.083,0.141,0.1,0.138,0.068,4,-0.093,False,False,False,,True
faltered,3,property_tax AND NOT payroll_pit AND NOT extracurricular,property_tax;payroll_pit;extracurricular,100,0.779,0.37,100,18,0.295,0.067,0.083,0.064,0.033,0.034,0.095,3,-0.093,False,False,False,,True
faltered,3,NOT education AND extracurricular AND NOT small,education;extracurricular;small,010,0.778,0.496,268,76,0.555,0.281,0.203,0.359,0.367,0.345,0.216,4,-0.094,False,False,False,,True
faltered,3,NOT local_tax_base AND payroll_pit AND education,local_tax_base;payroll_pit;education,011,0.778,0.453,193,49,0.521,0.181,0.18,0.141,0.3,0.172,0.176,4,-0.094,False,False,False,,True
faltered,3,NOT autonomy AND NOT social AND NOT culture,autonomy;social;culture,000,0.778,0.444,200,61,0.535,0.226,0.263,0.179,0.2,0.207,0.27,4,-0.094,False,False,False,,True
faltered,3,social AND education AND extracurricular,social;education;extracurricular,111,0.778,0.442,165,31,0.463,0.115,0.143,0.077,0.1,0.103,0.149,4,-0.094,False,False,False,,True
faltered,3,NOT property_tax AND investment AND NOT small,property_tax;investment;small,010,0.778,0.422,175,37,0.43,0.137,0.12,0.154,0.133,0.172,0.149,4,-0.094,False,False,False,,True
faltered,3,NOT property_tax AND NOT payroll_pit AND investment,property_tax;payroll_pit;investment,001,0.778,0.415,170,38,0.442,0.141,0.12,0.167,0.133,0.172,0.176,4,-0.094,False,False,False,,True
faltered,3,NOT autonomy AND NOT extracurricular AND NOT contestation,autonomy;extracurricular;contestation,000,0.778,0.415,174,50,0.521,0.185,0.203,0.192,0.033,0.241,0.23,3,-0.094,False,False,False,,True
faltered,3,NOT autonomy AND NOT extracurricular AND NOT balance,autonomy;extracurricular;balance,000,0.778,0.414,177,50,0.526,0.185,0.195,0.154,0.167,0.241,0.23,4,-0.094,False,False,False,,True
faltered,3,investment AND NOT social AND NOT culture,investment;social;culture,100,0.778,0.411,148,44,0.494,0.163,0.158,0.205,0.067,0.172,0.189,3,-0.094,False,False,False,,True
faltered,3,single_tax AND NOT extracurricular AND balance,single_tax;extracurricular;balance,101,0.778,0.387,115,19,0.311,0.07,0.105,0.013,0.067,0.069,0.081,3,-0.094,False,False,False,,True
faltered,3,single_tax AND contestation AND NOT small,single_tax;contestation;small,110,0.778,0.387,117,23,0.404,0.085,0.105,0.064,0.067,0.069,0.135,4,-0.094,False,False,False,,True
faltered,3,single_tax AND NOT social AND NOT extracurricular,single_tax;social;extracurricular,100,0.778,0.374,126,29,0.403,0.107,0.098,0.115,0.1,0.138,0.054,4,-0.094,False,False,False,,True
faltered,3,NOT local_tax_base AND NOT education AND NOT small,local_tax_base;education;small,000,0.777,0.471,248,66,0.504,0.244,0.18,0.295,0.333,0.31,0.203,4,-0.095,False,False,False,,True
faltered,3,social AND culture AND extracurricular,social;culture;extracurricular,111,0.777,0.453,179,34,0.447,0.126,0.143,0.103,0.133,0.103,0.162,4,-0.095,False,False,False,,True
faltered,3,NOT property_tax AND contestation AND NOT small,property_tax;contestation;small,010,0.777,0.443,180,37,0.446,0.137,0.135,0.115,0.2,0.138,0.149,4,-0.095,False,False,False,,True
faltered,3,single_tax AND autonomy AND extracurricular,single_tax;autonomy;extracurricular,111,0.777,0.441,182,39,0.494,0.144,0.158,0.128,0.2,0.069,0.176,3,-0.095,False,False,False,,True
faltered,3,NOT property_tax AND NOT single_tax AND contestation,property_tax;single_tax;contestation,001,0.777,0.436,178,39,0.448,0.144,0.143,0.141,0.2,0.103,0.135,4,-0.095,False,False,False,,True
faltered,3,property_tax AND education AND extracurricular,property_tax;education;extracurricular,111,0.777,0.431,150,26,0.433,0.096,0.12,0.051,0.1,0.103,0.135,4,-0.095,False,False,False,,True
faltered,3,single_tax AND NOT balance AND small,single_tax;balance;small,101,0.777,0.431,200,49,0.57,0.181,0.135,0.256,0.167,0.207,0.122,4,-0.095,False,False,False,,True
faltered,3,NOT autonomy AND culture AND small,autonomy;culture;small,011,0.777,0.431,173,39,0.429,0.144,0.165,0.128,0.033,0.207,0.176,3,-0.095,False,False,False,,True
faltered,3,single_tax AND NOT autonomy AND education,single_tax;autonomy;education,101,0.777,0.43,175,37,0.468,0.137,0.173,0.077,0.067,0.207,0.176,3,-0.095,False,False,False,,True
faltered,3,NOT property_tax AND NOT autonomy AND NOT balance,property_tax;autonomy;balance,000,0.777,0.422,192,55,0.519,0.204,0.316,0.064,0.133,0.138,0.365,3,-0.095,False,False,False,,True
faltered,3,local_tax_base AND social AND balance,local_tax_base;social;balance,111,0.777,0.419,144,19,0.322,0.07,0.075,0.051,0.1,0.069,0.054,4,-0.095,False,False,False,,True
faltered,3,NOT education AND NOT balance AND NOT small,education;balance;small,000,0.777,0.418,174,47,0.5,0.174,0.173,0.154,0.233,0.172,0.216,4,-0.095,False,False,False,,True
faltered,3,social AND balance AND small,social;balance;small,111,0.777,0.414,139,26,0.426,0.096,0.105,0.051,0.167,0.103,0.054,4,-0.095,False,False,False,,True
faltered,3,local_tax_base AND investment AND balance,local_tax_base;investment;balance,111,0.777,0.412,137,29,0.408,0.107,0.113,0.09,0.1,0.138,0.095,4,-0.095,False,False,False,,True
faltered,3,single_tax AND investment AND extracurricular,single_tax;investment;extracurricular,111,0.777,0.412,140,26,0.388,0.096,0.09,0.103,0.133,0.069,0.081,4,-0.095,False,False,False,,True
faltered,3,culture AND contestation AND small,culture;contestation;small,111,0.777,0.412,158,30,0.429,0.111,0.135,0.103,0.067,0.069,0.149,4,-0.095,False,False,False,,True
faltered,3,local_tax_base AND NOT education AND NOT extracurricular,local_tax_base;education;extracurricular,100,0.777,0.411,156,41,0.446,0.152,0.158,0.154,0.1,0.172,0.189,4,-0.095,False,False,False,,True
faltered,3,single_tax AND autonomy AND NOT small,single_tax;autonomy;small,110,0.777,0.405,146,28,0.431,0.104,0.128,0.103,0.1,0.0,0.162,3,-0.095,False,False,False,,True
faltered,3,single_tax AND NOT extracurricular AND NOT balance,single_tax;extracurricular;balance,100,0.777,0.402,167,41,0.539,0.152,0.09,0.244,0.167,0.172,0.054,4,-0.095,False,False,False,,True
faltered,3,single_tax AND payroll_pit AND NOT small,single_tax;payroll_pit;small,110,0.777,0.399,141,27,0.435,0.1,0.12,0.09,0.067,0.069,0.162,4,-0.095,False,False,False,,True
faltered,3,investment AND education AND contestation,investment;education;contestation,111,0.777,0.397,129,21,0.362,0.078,0.105,0.051,0.067,0.034,0.068,3,-0.095,False,False,False,,True
faltered,3,NOT local_tax_base AND NOT property_tax AND NOT single_tax,local_tax_base;property_tax;single_tax,000,0.776,0.483,245,75,0.543,0.278,0.278,0.269,0.333,0.241,0.216,4,-0.096,False,False,False,,True
faltered,3,payroll_pit AND extracurricular AND balance,payroll_pit;extracurricular;balance,111,0.776,0.459,196,48,0.545,0.178,0.18,0.154,0.233,0.172,0.189,4,-0.096,False,False,False,,True
faltered,3,payroll_pit AND education AND NOT contestation,payroll_pit;education;contestation,110,0.776,0.442,188,45,0.556,0.167,0.128,0.179,0.267,0.207,0.108,4,-0.096,False,False,False,,True
faltered,3,investment AND extracurricular AND balance,investment;extracurricular;balance,111,0.776,0.441,167,39,0.453,0.144,0.113,0.179,0.233,0.103,0.068,4,-0.096,False,False,False,,True
faltered,3,payroll_pit AND culture AND NOT contestation,payroll_pit;culture;contestation,110,0.776,0.44,186,44,0.543,0.163,0.12,0.179,0.2,0.276,0.081,4,-0.096,False,False,False,,True
faltered,3,single_tax AND payroll_pit AND NOT contestation,single_tax;payroll_pit;contestation,110,0.776,0.438,186,42,0.525,0.156,0.135,0.167,0.2,0.172,0.108,4,-0.096,False,False,False,,True
faltered,3,autonomy AND education AND balance,autonomy;education;balance,111,0.776,0.437,165,27,0.375,0.1,0.09,0.09,0.233,0.034,0.068,3,-0.096,False,False,False,,True
faltered,3,property_tax AND culture AND extracurricular,property_tax;culture;extracurricular,111,0.776,0.431,160,31,0.456,0.115,0.135,0.077,0.133,0.103,0.176,4,-0.096,False,False,False,,True
faltered,3,social AND balance AND NOT small,social;balance;small,110,0.776,0.43,188,33,0.398,0.122,0.075,0.179,0.2,0.103,0.108,4,-0.096,False,False,False,,True
faltered,3,NOT autonomy AND NOT social AND NOT balance,autonomy;social;balance,000,0.776,0.424,190,57,0.533,0.211,0.271,0.103,0.167,0.276,0.297,3,-0.096,False,False,False,,True
faltered,3,NOT local_tax_base AND investment AND NOT small,local_tax_base;investment;small,010,0.776,0.423,183,38,0.376,0.141,0.098,0.205,0.167,0.138,0.108,4,-0.096,False,False,False,,True
faltered,3,NOT single_tax AND NOT social AND NOT balance,single_tax;social;balance,000,0.776,0.422,188,61,0.555,0.226,0.286,0.115,0.267,0.207,0.297,4,-0.096,False,False,False,,True
faltered,3,single_tax AND extracurricular AND contestation,single_tax;extracurricular;contestation,111,0.776,0.422,159,34,0.493,0.126,0.165,0.077,0.167,0.034,0.189,3,-0.096,False,False,False,,True
faltered,3,NOT payroll_pit AND NOT autonomy AND investment,payroll_pit;autonomy;investment,001,0.776,0.412,175,39,0.429,0.144,0.135,0.154,0.1,0.207,0.189,4,-0.096,False,False,False,,True
faltered,3,NOT social AND NOT education AND NOT balance,social;education;balance,000,0.776,0.412,177,57,0.523,0.211,0.226,0.167,0.267,0.207,0.23,4,-0.096,False,False,False,,True
faltered,3,NOT payroll_pit AND NOT extracurricular AND NOT contestation,payroll_pit;extracurricular;contestation,000,0.776,0.405,159,43,0.467,0.159,0.188,0.154,0.0,0.207,0.23,3,-0.096,False,False,False,,True
faltered,3,NOT single_tax AND NOT extracurricular AND small,single_tax;extracurricular;small,001,0.776,0.392,139,37,0.44,0.137,0.15,0.141,0.033,0.172,0.149,3,-0.096,False,False,False,,True
faltered,3,investment AND contestation AND NOT balance,investment;contestation;balance,110,0.776,0.388,137,25,0.368,0.093,0.068,0.128,0.067,0.138,0.081,4,-0.096,False,False,False,,True
faltered,3,NOT payroll_pit AND investment AND NOT balance,payroll_pit;investment;balance,010,0.776,0.386,141,28,0.384,0.104,0.12,0.09,0.033,0.138,0.176,3,-0.096,False,False,False,,True
faltered,3,NOT payroll_pit AND contestation AND NOT balance,payroll_pit;contestation;balance,010,0.776,0.384,135,29,0.387,0.107,0.113,0.077,0.167,0.103,0.122,4,-0.096,False,False,False,,True
faltered,3,investment AND contestation AND small,investment;contestation;small,111,0.776,0.383,122,24,0.4,0.089,0.12,0.077,0.067,0.0,0.108,3,-0.096,False,False,False,,True
faltered,3,NOT single_tax AND NOT culture AND NOT small,single_tax;culture;small,000,0.775,0.491,254,72,0.554,0.267,0.203,0.321,0.333,0.345,0.23,4,-0.097,False,False,False,,True
faltered,3,NOT local_tax_base AND NOT property_tax AND NOT small,local_tax_base;property_tax;small,000,0.775,0.483,256,64,0.478,0.237,0.203,0.244,0.367,0.241,0.216,4,-0.097,False,False,False,,True
faltered,3,autonomy AND NOT education AND NOT small,autonomy;education;small,100,0.775,0.462,214,59,0.546,0.219,0.188,0.244,0.3,0.207,0.203,4,-0.097,False,False,False,,True
faltered,3,NOT payroll_pit AND NOT autonomy AND NOT investment,payroll_pit;autonomy;investment,000,0.775,0.458,214,56,0.483,0.207,0.248,0.192,0.1,0.172,0.243,3,-0.097,False,False,False,,True
faltered,3,extracurricular AND contestation AND balance,extracurricular;contestation;balance,111,0.775,0.458,200,48,0.545,0.178,0.18,0.167,0.2,0.172,0.189,4,-0.097,False,False,False,,True
faltered,3,payroll_pit AND culture AND extracurricular,payroll_pit;culture;extracurricular,111,0.775,0.452,177,38,0.521,0.141,0.165,0.09,0.133,0.172,0.216,4,-0.097,False,False,False,,True
faltered,3,NOT property_tax AND NOT education AND contestation,property_tax;education;contestation,001,0.775,0.441,188,44,0.458,0.163,0.158,0.154,0.233,0.138,0.149,4,-0.097,False,False,False,,True
faltered,3,NOT single_tax AND NOT education AND NOT balance,single_tax;education;balance,000,0.775,0.435,196,58,0.542,0.215,0.241,0.141,0.267,0.241,0.23,4,-0.097,False,False,False,,True
faltered,3,autonomy AND social AND NOT small,autonomy;social;small,110,0.775,0.434,185,40,0.46,0.148,0.143,0.141,0.2,0.138,0.189,4,-0.097,False,False,False,,True
faltered,3,local_tax_base AND property_tax AND NOT balance,local_tax_base;property_tax;balance,110,0.775,0.43,185,50,0.556,0.185,0.158,0.244,0.1,0.241,0.149,4,-0.097,False,False,False,,True
faltered,3,local_tax_base AND NOT autonomy AND education,local_tax_base;autonomy;education,101,0.775,0.43,177,38,0.458,0.141,0.18,0.09,0.033,0.207,0.162,3,-0.097,False,False,False,,True
faltered,3,NOT culture AND NOT education AND NOT extracurricular,culture;education;extracurricular,000,0.775,0.429,170,43,0.443,0.159,0.173,0.141,0.133,0.172,0.203,4,-0.097,False,False,False,,True
faltered,3,NOT property_tax AND NOT education AND NOT balance,property_tax;education;balance,000,0.775,0.421,184,50,0.49,0.185,0.226,0.103,0.233,0.172,0.216,4,-0.097,False,False,False,,True
faltered,3,social AND education AND contestation,social;education;contestation,111,0.775,0.421,163,26,0.394,0.096,0.12,0.064,0.1,0.069,0.135,4,-0.097,False,False,False,,True
faltered,3,local_tax_base AND education AND NOT contestation,local_tax_base;education;contestation,110,0.775,0.419,168,35,0.455,0.13,0.143,0.141,0.067,0.103,0.122,4,-0.097,False,False,False,,True
faltered,3,NOT payroll_pit AND investment AND NOT culture,payroll_pit;investment;culture,010,0.775,0.417,167,42,0.457,0.156,0.143,0.179,0.133,0.172,0.216,4,-0.097,False,False,False,,True
faltered,3,NOT single_tax AND NOT autonomy AND NOT extracurricular,single_tax;autonomy;extracurricular,000,0.775,0.416,170,46,0.469,0.17,0.195,0.167,0.1,0.138,0.23,4,-0.097,False,False,False,,True
faltered,3,NOT social AND education AND small,social;education;small,011,0.775,0.413,172,41,0.456,0.152,0.188,0.115,0.1,0.138,0.149,4,-0.097,False,False,False,,True
faltered,3,investment AND social AND small,investment;social;small,111,0.775,0.403,148,33,0.5,0.122,0.105,0.141,0.2,0.069,0.054,4,-0.097,False,False,False,,True
faltered,3,NOT payroll_pit AND NOT social AND small,payroll_pit;social;small,001,0.775,0.399,153,40,0.417,0.148,0.188,0.115,0.067,0.138,0.189,3,-0.097,False,False,False,,True
faltered,3,investment AND NOT extracurricular AND balance,investment;extracurricular;balance,101,0.775,0.387,126,26,0.361,0.096,0.113,0.051,0.1,0.138,0.095,4,-0.097,False,False,False,,True
faltered,3,NOT payroll_pit AND NOT extracurricular AND contestation,payroll_pit;extracurricular;contestation,001,0.775,0.383,120,18,0.273,0.067,0.083,0.051,0.1,0.0,0.095,3,-0.097,False,False,False,,True
faltered,3,single_tax AND investment AND NOT small,single_tax;investment;small,110,0.775,0.379,113,20,0.333,0.074,0.06,0.077,0.1,0.103,0.068,4,-0.097,False,False,False,,True
faltered,3,NOT social AND education AND NOT extracurricular,social;education;extracurricular,010,0.775,0.379,134,30,0.417,0.111,0.12,0.103,0.1,0.103,0.095,4,-0.097,False,False,False,,True
faltered,3,payroll_pit AND autonomy AND small,payroll_pit;autonomy;small,111,0.774,0.447,202,50,0.562,0.185,0.135,0.244,0.267,0.172,0.068,4,-0.098,False,False,False,,True
faltered,3,education AND NOT balance AND small,education;balance;small,101,0.774,0.447,225,59,0.584,0.219,0.211,0.269,0.133,0.207,0.189,4,-0.098,False,False,False,,True
faltered,3,single_tax AND extracurricular AND balance,single_tax;extracurricular;balance,111,0.774,0.444,177,32,0.451,0.119,0.135,0.077,0.2,0.069,0.149,4,-0.098,False,False,False,,True
faltered,3,property_tax AND social AND extracurricular,property_tax;social;extracurricular,111,0.774,0.44,182,35,0.467,0.13,0.128,0.115,0.167,0.138,0.162,4,-0.098,False,False,False,,True
faltered,3,NOT single_tax AND NOT culture AND NOT balance,single_tax;culture;balance,000,0.774,0.44,208,66,0.564,0.244,0.278,0.167,0.3,0.241,0.257,4,-0.098,False,False,False,,True
faltered,3,NOT property_tax AND NOT culture AND NOT balance,property_tax;culture;balance,000,0.774,0.432,203,60,0.526,0.222,0.278,0.128,0.267,0.172,0.27,4,-0.098,False,False,False,,True
faltered,3,autonomy AND culture AND small,autonomy;culture;small,111,0.774,0.431,176,38,0.5,0.141,0.113,0.154,0.233,0.138,0.068,4,-0.098,False,False,False,,True
faltered,3,local_tax_base AND single_tax AND autonomy,local_tax_base;single_tax;autonomy,111,0.774,0.426,162,26,0.382,0.096,0.098,0.141,0.067,0.0,0.068,3,-0.098,False,False,False,,True
faltered,3,local_tax_base AND single_tax AND balance,local_tax_base;single_tax;balance,111,0.774,0.424,148,25,0.379,0.093,0.135,0.026,0.067,0.103,0.122,3,-0.098,False,False,False,,True
faltered,3,local_tax_base AND payroll_pit AND small,local_tax_base;payroll_pit;small,111,0.774,0.422,178,39,0.52,0.144,0.143,0.167,0.1,0.138,0.095,4,-0.098,False,False,False,,True
faltered,3,investment AND contestation AND balance,investment;contestation;balance,111,0.774,0.422,145,33,0.452,0.122,0.143,0.103,0.133,0.069,0.095,4,-0.098,False,False,False,,True
faltered,3,NOT payroll_pit AND NOT social AND contestation,payroll_pit;social;contestation,001,0.774,0.421,168,40,0.44,0.148,0.135,0.141,0.2,0.172,0.135,4,-0.098,False,False,False,,True
faltered,3,local_tax_base AND property_tax AND NOT payroll_pit,local_tax_base;property_tax;payroll_pit,110,0.774,0.419,151,35,0.385,0.13,0.15,0.103,0.1,0.138,0.189,4,-0.098,False,False,False,,True
faltered,3,NOT single_tax AND NOT social AND NOT extracurricular,single_tax;social;extracurricular,000,0.774,0.417,166,47,0.485,0.174,0.226,0.115,0.1,0.172,0.27,4,-0.098,False,False,False,,True
faltered,3,NOT single_tax AND NOT autonomy AND NOT balance,single_tax;autonomy;balance,000,0.774,0.416,184,56,0.538,0.207,0.293,0.115,0.133,0.138,0.324,4,-0.098,False,False,False,,True
faltered,3,local_tax_base AND NOT social AND NOT balance,local_tax_base;social;balance,100,0.774,0.411,173,42,0.483,0.156,0.173,0.115,0.133,0.207,0.203,4,-0.098,False,False,False,,True
faltered,3,property_tax AND NOT extracurricular AND NOT balance,property_tax;extracurricular;balance,100,0.774,0.407,171,44,0.571,0.163,0.075,0.308,0.167,0.172,0.041,3,-0.098,False,False,False,,True
faltered,3,local_tax_base AND investment AND contestation,local_tax_base;investment;contestation,111,0.774,0.4,127,21,0.35,0.078,0.075,0.064,0.067,0.138,0.054,4,-0.098,False,False,False,,True
faltered,3,NOT local_tax_base AND payroll_pit AND balance,local_tax_base;payroll_pit;balance,011,0.773,0.448,195,46,0.5,0.17,0.158,0.154,0.233,0.207,0.149,4,-0.099,False,False,False,,True
faltered,3,NOT payroll_pit AND NOT autonomy AND NOT contestation,payroll_pit;autonomy;contestation,000,0.773,0.447,214,62,0.517,0.23,0.263,0.231,0.067,0.241,0.284,3,-0.099,False,False,False,,True
faltered,3,NOT property_tax AND NOT culture AND contestation,property_tax;culture;contestation,001,0.773,0.441,189,41,0.427,0.152,0.15,0.141,0.233,0.103,0.108,4,-0.099,False,False,False,,True
faltered,3,local_tax_base AND payroll_pit AND education,local_tax_base;payroll_pit;education,111,0.773,0.435,180,34,0.523,0.126,0.12,0.141,0.1,0.138,0.081,4,-0.099,False,False,False,,True
faltered,3,NOT payroll_pit AND NOT education AND NOT extracurricular,payroll_pit;education;extracurricular,000,0.773,0.432,178,43,0.43,0.159,0.188,0.128,0.1,0.172,0.243,4,-0.099,False,False,False,,True
faltered,3,local_tax_base AND culture AND balance,local_tax_base;culture;balance,111,0.773,0.43,160,28,0.354,0.104,0.12,0.051,0.133,0.138,0.122,3,-0.099,False,False,False,,True
faltered,3,social AND culture AND NOT contestation,social;culture;contestation,110,0.773,0.427,176,36,0.474,0.133,0.098,0.167,0.167,0.172,0.068,4,-0.099,False,False,False,,True
faltered,3,NOT property_tax AND NOT payroll_pit AND NOT extracurricular,property_tax;payroll_pit;extracurricular,000,0.773,0.425,179,43,0.443,0.159,0.188,0.141,0.067,0.172,0.23,3,-0.099,False,False,False,,True
faltered,3,education AND contestation AND small,education;contestation;small,111,0.773,0.423,179,36,0.468,0.133,0.173,0.103,0.1,0.069,0.162,4,-0.099,False,False,False,,True
faltered,3,local_tax_base AND NOT social AND NOT culture,local_tax_base;social;culture,100,0.773,0.422,176,44,0.478,0.163,0.211,0.115,0.133,0.103,0.243,4,-0.099,False,False,False,,True
faltered,3,NOT payroll_pit AND NOT autonomy AND balance,payroll_pit;autonomy;balance,001,0.773,0.422,178,36,0.391,0.133,0.083,0.231,0.067,0.172,0.081,4,-0.099,False,False,False,,True
faltered,3,NOT payroll_pit AND investment AND NOT education,payroll_pit;investment;education,010,0.773,0.42,170,42,0.457,0.156,0.135,0.154,0.167,0.241,0.189,4,-0.099,False,False,False,,True
faltered,3,culture AND NOT extracurricular AND balance,culture;extracurricular;balance,101,0.773,0.403,141,21,0.3,0.078,0.098,0.026,0.1,0.103,0.054,3,-0.099,False,False,False,,True
faltered,3,investment AND NOT extracurricular AND NOT contestation,investment;extracurricular;contestation,100,0.773,0.402,165,48,0.511,0.178,0.173,0.205,0.1,0.207,0.162,4,-0.099,False,False,False,,True
faltered,3,autonomy AND culture AND NOT extracurricular,autonomy;culture;extracurricular,110,0.773,0.4,156,30,0.441,0.111,0.083,0.154,0.167,0.069,0.041,4,-0.099,False,False,False,,True
faltered,3,investment AND NOT extracurricular AND NOT balance,investment;extracurricular;balance,100,0.773,0.4,156,43,0.506,0.159,0.15,0.205,0.1,0.138,0.149,4,-0.099,False,False,False,,True
faltered,3,local_tax_base AND NOT extracurricular AND balance,local_tax_base;extracurricular;balance,101,0.773,0.395,138,31,0.383,0.115,0.135,0.09,0.067,0.138,0.122,4,-0.099,False,False,False,,True
faltered,3,local_tax_base AND autonomy AND NOT extracurricular,local_tax_base;autonomy;extracurricular,110,0.773,0.394,141,26,0.371,0.096,0.083,0.154,0.067,0.034,0.068,3,-0.099,False,False,False,,True
faltered,3,NOT social AND NOT extracurricular AND contestation,social;extracurricular;contestation,001,0.773,0.384,126,25,0.352,0.093,0.098,0.09,0.133,0.034,0.081,3,-0.099,False,False,False,,True
faltered,3,NOT extracurricular AND contestation AND NOT balance,extracurricular;contestation;balance,010,0.773,0.379,125,23,0.343,0.085,0.06,0.103,0.167,0.069,0.068,4,-0.099,False,False,False,,True
faltered,3,NOT payroll_pit AND NOT culture AND NOT small,payroll_pit;culture;small,000,0.772,0.471,231,59,0.509,0.219,0.203,0.244,0.233,0.207,0.257,4,-0.1,False,False,False,,True
faltered,3,NOT property_tax AND NOT social AND NOT education,property_tax;social;education,000,0.772,0.463,242,69,0.523,0.256,0.241,0.256,0.267,0.31,0.216,4,-0.1,False,False,False,,True
faltered,3,NOT single_tax AND NOT autonomy AND NOT culture,single_tax;autonomy;culture,000,0.772,0.459,228,65,0.52,0.241,0.248,0.269,0.167,0.207,0.243,4,-0.1,False,False,False,,True
faltered,3,NOT single_tax AND NOT education AND contestation,single_tax;education;contestation,001,0.772,0.451,209,53,0.505,0.196,0.15,0.205,0.267,0.31,0.149,4,-0.1,False,False,False,,True
faltered,3,culture AND education AND extracurricular,culture;education;extracurricular,111,0.772,0.45,171,32,0.444,0.119,0.15,0.064,0.067,0.172,0.189,4,-0.1,False,False,False,,True
faltered,3,property_tax AND NOT balance AND small,property_tax;balance;small,101,0.772,0.435,204,52,0.584,0.193,0.143,0.295,0.133,0.207,0.122,4,-0.1,False,False,False,,True
faltered,3,autonomy AND NOT extracurricular AND small,autonomy;extracurricular;small,101,0.772,0.401,167,39,0.476,0.144,0.12,0.192,0.167,0.103,0.095,4,-0.1,False,False,False,,True
faltered,3,NOT education AND NOT extracurricular AND NOT balance,education;extracurricular;balance,000,0.772,0.4,151,39,0.448,0.144,0.15,0.141,0.133,0.138,0.162,4,-0.1,False,False,False,,True
faltered,3,NOT culture AND contestation AND NOT balance,culture;contestation;balance,010,0.772,0.394,157,39,0.438,0.144,0.105,0.141,0.3,0.172,0.095,4,-0.1,False,False,False,,True
faltered,3,NOT single_tax AND NOT social AND NOT education,single_tax;social;education,000,0.771,0.478,239,78,0.586,0.289,0.286,0.282,0.267,0.345,0.297,4,-0.101,False,False,False,,True
faltered,3,extracurricular AND contestation AND NOT small,extracurricular;contestation;small,110,0.771,0.473,228,56,0.514,0.207,0.18,0.205,0.233,0.31,0.23,4,-0.101,False,False,False,,True
faltered,3,NOT payroll_pit AND NOT autonomy AND NOT education,payroll_pit;autonomy;education,000,0.771,0.465,240,64,0.492,0.237,0.211,0.269,0.2,0.31,0.257,4,-0.101,False,False,False,,True
faltered,3,NOT property_tax AND NOT autonomy AND NOT culture,property_tax;autonomy;culture,000,0.771,0.461,233,65,0.5,0.241,0.286,0.218,0.2,0.138,0.27,4,-0.101,False,False,False,,True
faltered,3,single_tax AND autonomy AND small,single_tax;autonomy;small,111,0.771,0.436,189,41,0.488,0.152,0.105,0.205,0.267,0.103,0.054,4,-0.101,False,False,False,,True
faltered,3,culture AND contestation AND balance,culture;contestation;balance,111,0.771,0.436,174,29,0.392,0.107,0.128,0.077,0.133,0.069,0.149,4,-0.101,False,False,False,,True
faltered,3,NOT single_tax AND NOT payroll_pit AND investment,single_tax;payroll_pit;investment,001,0.771,0.428,187,47,0.465,0.174,0.165,0.205,0.133,0.172,0.216,4,-0.101,False,False,False,,True
faltered,3,autonomy AND investment AND NOT education,autonomy;investment;education,110,0.771,0.419,162,48,0.475,0.178,0.15,0.244,0.133,0.172,0.135,4,-0.101,False,False,False,,True
faltered,3,NOT payroll_pit AND NOT autonomy AND contestation,payroll_pit;autonomy;contestation,001,0.771,0.417,175,33,0.379,0.122,0.12,0.115,0.133,0.138,0.149,4,-0.101,False,False,False,,True
faltered,3,local_tax_base AND balance AND small,local_tax_base;balance;small,111,0.771,0.412,152,29,0.354,0.107,0.135,0.064,0.1,0.103,0.122,4,-0.101,False,False,False,,True
faltered,3,investment AND NOT education AND contestation,investment;education;contestation,101,0.771,0.409,153,37,0.446,0.137,0.105,0.179,0.133,0.172,0.108,4,-0.101,False,False,False,,True
faltered,3,local_tax_base AND NOT payroll_pit AND contestation,local_tax_base;payroll_pit;contestation,101,0.771,0.408,146,26,0.351,0.096,0.083,0.103,0.133,0.103,0.095,4,-0.101,False,False,False,,True
faltered,3,local_tax_base AND NOT culture AND NOT extracurricular,local_tax_base;culture;extracurricular,100,0.771,0.405,163,41,0.461,0.152,0.165,0.167,0.1,0.103,0.189,4,-0.101,False,False,False,,True
faltered,3,investment AND NOT culture AND NOT balance,investment;culture;balance,100,0.771,0.394,164,45,0.484,0.167,0.143,0.218,0.067,0.241,0.203,3,-0.101,False,False,False,,True
faltered,3,single_tax AND NOT extracurricular AND contestation,single_tax;extracurricular;contestation,101,0.771,0.371,119,21,0.35,0.078,0.06,0.103,0.067,0.103,0.054,4,-0.101,False,False,False,,True
faltered,3,payroll_pit AND autonomy AND extracurricular,payroll_pit;autonomy;extracurricular,111,0.77,0.476,230,63,0.573,0.233,0.226,0.231,0.333,0.172,0.243,4,-0.102,False,False,False,,True
faltered,3,payroll_pit AND contestation AND balance,payroll_pit;contestation;balance,111,0.77,0.445,193,47,0.516,0.174,0.211,0.115,0.2,0.138,0.203,4,-0.102,False,False,False,,True
faltered,3,payroll_pit AND education AND contestation,payroll_pit;education;contestation,111,0.77,0.442,185,38,0.487,0.141,0.173,0.103,0.133,0.103,0.149,4,-0.102,False,False,False,,True
faltered,3,NOT autonomy AND culture AND education,autonomy;culture;education,011,0.77,0.441,185,37,0.402,0.137,0.173,0.077,0.033,0.241,0.176,3,-0.102,False,False,False,,True
faltered,3,single_tax AND culture AND NOT contestation,single_tax;culture;contestation,110,0.77,0.44,196,45,0.506,0.167,0.135,0.154,0.233,0.276,0.081,4,-0.102,False,False,False,,True
faltered,3,autonomy AND social AND education,autonomy;social;education,111,0.77,0.439,183,34,0.507,0.126,0.09,0.179,0.2,0.069,0.081,4,-0.102,False,False,False,,True
faltered,3,payroll_pit AND autonomy AND NOT small,payroll_pit;autonomy;small,110,0.77,0.436,197,50,0.526,0.185,0.173,0.192,0.267,0.138,0.23,4,-0.102,False,False,False,,True
faltered,3,NOT payroll_pit AND NOT culture AND contestation,payroll_pit;culture;contestation,001,0.77,0.433,175,34,0.386,0.126,0.098,0.128,0.2,0.172,0.081,4,-0.102,False,False,False,,True
faltered,3,property_tax AND single_tax AND NOT contestation,property_tax;single_tax;contestation,110,0.77,0.426,175,37,0.5,0.137,0.105,0.141,0.2,0.207,0.095,4,-0.102,False,False,False,,True
faltered,3,single_tax AND balance AND small,single_tax;balance;small,111,0.77,0.425,152,28,0.373,0.104,0.135,0.038,0.167,0.069,0.095,3,-0.102,False,False,False,,True
faltered,3,NOT investment AND NOT extracurricular AND small,investment;extracurricular;small,001,0.77,0.42,190,44,0.458,0.163,0.143,0.192,0.133,0.207,0.149,4,-0.102,False,False,False,,True
faltered,3,property_tax AND contestation AND small,property_tax;contestation;small,111,0.77,0.415,173,38,0.487,0.141,0.158,0.141,0.133,0.069,0.162,3,-0.102,False,False,False,,True
faltered,3,local_tax_base AND education AND balance,local_tax_base;education;balance,111,0.77,0.413,140,18,0.281,0.067,0.09,0.038,0.067,0.034,0.054,4,-0.102,False,False,False,,True
faltered,3,single_tax AND contestation AND small,single_tax;contestation;small,111,0.77,0.407,161,32,0.444,0.119,0.12,0.115,0.167,0.069,0.108,4,-0.102,False,False,False,,True
faltered,3,NOT payroll_pit AND investment AND NOT social,payroll_pit;investment;social,010,0.77,0.406,154,38,0.442,0.141,0.128,0.167,0.067,0.207,0.176,3,-0.102,False,False,False,,True
faltered,3,local_tax_base AND investment AND education,local_tax_base;investment;education,111,0.77,0.401,146,23,0.365,0.085,0.083,0.103,0.1,0.034,0.041,3,-0.102,False,False,False,,True
faltered,3,single_tax AND NOT extracurricular AND NOT contestation,single_tax;extracurricular;contestation,100,0.77,0.401,163,39,0.506,0.144,0.135,0.154,0.167,0.138,0.081,4,-0.102,False,False,False,,True
faltered,3,autonomy AND investment AND NOT extracurricular,autonomy;investment;extracurricular,110,0.77,0.394,136,29,0.392,0.107,0.098,0.115,0.133,0.103,0.081,4,-0.102,False,False,False,,True
faltered,3,NOT payroll_pit AND investment AND NOT extracurricular,payroll_pit;investment;extracurricular,010,0.77,0.389,143,35,0.402,0.13,0.165,0.103,0.033,0.138,0.216,3,-0.102,False,False,False,,True
faltered,3,NOT property_tax AND NOT single_tax AND NOT social,property_tax;single_tax;social,000,0.769,0.468,241,75,0.56,0.278,0.286,0.269,0.267,0.276,0.27,4,-0.103,False,False,False,,True
faltered,3,NOT local_tax_base AND single_tax AND payroll_pit,local_tax_base;single_tax;payroll_pit,011,0.769,0.454,214,51,0.5,0.189,0.18,0.179,0.3,0.138,0.203,4,-0.103,False,False,False,,True
faltered,3,payroll_pit AND education AND extracurricular,payroll_pit;education;extracurricular,111,0.769,0.45,175,37,0.493,0.137,0.158,0.09,0.167,0.138,0.162,4,-0.103,False,False,False,,True
faltered,3,property_tax AND payroll_pit AND extracurricular,property_tax;payroll_pit;extracurricular,111,0.769,0.449,187,41,0.512,0.152,0.173,0.115,0.167,0.138,0.203,4,-0.103,False,False,False,,True
faltered,3,autonomy AND social AND contestation,autonomy;social;contestation,111,0.769,0.448,192,40,0.494,0.148,0.135,0.141,0.233,0.138,0.162,4,-0.103,False,False,False,,True
faltered,3,NOT single_tax AND NOT autonomy AND NOT social,single_tax;autonomy;social,000,0.769,0.444,216,65,0.528,0.241,0.271,0.218,0.133,0.276,0.297,4,-0.103,False,False,False,,True
faltered,3,single_tax AND culture AND extracurricular,single_tax;culture;extracurricular,111,0.769,0.443,175,33,0.478,0.122,0.135,0.077,0.133,0.172,0.176,4,-0.103,False,False,False,,True
faltered,3,property_tax AND contestation AND balance,property_tax;contestation;balance,111,0.769,0.432,188,44,0.484,0.163,0.203,0.09,0.167,0.172,0.23,4,-0.103,False,False,False,,True
faltered,3,local_tax_base AND investment AND culture,local_tax_base;investment;culture,111,0.769,0.415,152,27,0.391,0.1,0.105,0.077,0.133,0.103,0.068,4,-0.103,False,False,False,,True
faltered,3,culture AND NOT extracurricular AND NOT contestation,culture;extracurricular;contestation,100,0.769,0.411,169,40,0.482,0.148,0.12,0.167,0.167,0.207,0.041,4,-0.103,False,False,False,,True
faltered,3,investment AND NOT extracurricular AND contestation,investment;extracurricular;contestation,101,0.769,0.381,117,21,0.333,0.078,0.09,0.051,0.1,0.069,0.081,4,-0.103,False,False,False,,True
faltered,3,social AND extracurricular AND balance,social;extracurricular;balance,111,0.768,0.466,213,40,0.444,0.148,0.113,0.179,0.267,0.103,0.108,4,-0.104,False,False,False,,True
faltered,3,NOT local_tax_base AND payroll_pit AND social,local_tax_base;payroll_pit;social,011,0.768,0.455,217,51,0.52,0.189,0.173,0.179,0.267,0.207,0.203,4,-0.104,False,False,False,,True
faltered,3,NOT culture AND contestation AND NOT small,culture;contestation;small,010,0.768,0.451,198,52,0.495,0.193,0.143,0.192,0.267,0.345,0.135,4,-0.104,False,False,False,,True
faltered,3,property_tax AND autonomy AND small,property_tax;autonomy;small,111,0.768,0.448,209,52,0.531,0.193,0.165,0.218,0.3,0.138,0.135,4,-0.104,False,False,False,,True
faltered,3,NOT single_tax AND NOT payroll_pit AND contestation,single_tax;payroll_pit;contestation,001,0.768,0.442,195,42,0.447,0.156,0.15,0.154,0.167,0.172,0.162,4,-0.104,False,False,False,,True
faltered,3,local_tax_base AND NOT contestation AND small,local_tax_base;contestation;small,101,0.768,0.441,191,49,0.485,0.181,0.188,0.179,0.1,0.241,0.149,4,-0.104,False,False,False,,True
faltered,3,single_tax AND NOT contestation AND small,single_tax;contestation;small,101,0.768,0.441,191,45,0.506,0.167,0.15,0.179,0.167,0.207,0.108,4,-0.104,False,False,False,,True
faltered,3,local_tax_base AND payroll_pit AND culture,local_tax_base;payroll_pit;culture,111,0.768,0.437,179,33,0.485,0.122,0.12,0.115,0.133,0.138,0.108,4,-0.104,False,False,False,,True
faltered,3,property_tax AND single_tax AND extracurricular,property_tax;single_tax;extracurricular,111,0.768,0.435,167,33,0.485,0.122,0.143,0.077,0.167,0.103,0.176,4,-0.104,False,False,False,,True
faltered,3,NOT property_tax AND NOT single_tax AND NOT balance,property_tax;single_tax;balance,000,0.768,0.434,211,61,0.526,0.226,0.308,0.09,0.233,0.207,0.311,3,-0.104,False,False,False,,True
faltered,3,social AND culture AND contestation,social;culture;contestation,111,0.768,0.429,169,24,0.343,0.089,0.12,0.051,0.1,0.034,0.135,3,-0.104,False,False,False,,True
faltered,3,NOT payroll_pit AND NOT autonomy AND small,payroll_pit;autonomy;small,001,0.768,0.426,179,45,0.441,0.167,0.195,0.154,0.067,0.172,0.176,3,-0.104,False,False,False,,True
faltered,3,payroll_pit AND autonomy AND NOT extracurricular,payroll_pit;autonomy;extracurricular,110,0.768,0.414,169,37,0.5,0.137,0.083,0.205,0.2,0.138,0.054,4,-0.104,False,False,False,,True
faltered,3,local_tax_base AND NOT payroll_pit AND investment,local_tax_base;payroll_pit;investment,101,0.768,0.411,159,37,0.435,0.137,0.143,0.128,0.067,0.207,0.176,3,-0.104,False,False,False,,True
faltered,3,property_tax AND NOT extracurricular AND balance,property_tax;extracurricular;balance,101,0.768,0.386,129,24,0.329,0.089,0.12,0.026,0.1,0.103,0.122,3,-0.104,False,False,False,,True
faltered,3,property_tax AND NOT extracurricular AND contestation,property_tax;extracurricular;contestation,101,0.768,0.38,135,26,0.382,0.096,0.075,0.115,0.1,0.138,0.081,4,-0.104,False,False,False,,True
faltered,3,local_tax_base AND NOT single_tax AND NOT payroll_pit,local_tax_base;single_tax;payroll_pit,100,0.767,0.457,209,54,0.474,0.2,0.211,0.205,0.167,0.172,0.284,4,-0.105,False,False,False,,True
faltered,3,local_tax_base AND NOT payroll_pit AND NOT education,local_tax_base;payroll_pit;education,100,0.767,0.455,208,55,0.5,0.204,0.203,0.205,0.167,0.241,0.27,4,-0.105,False,False,False,,True
faltered,3,property_tax AND autonomy AND contestation,property_tax;autonomy;contestation,111,0.767,0.446,205,49,0.495,0.181,0.173,0.192,0.233,0.138,0.189,4,-0.105,False,False,False,,True
faltered,3,single_tax AND education AND NOT contestation,single_tax;education;contestation,110,0.767,0.445,196,46,0.523,0.17,0.165,0.154,0.2,0.207,0.122,4,-0.105,False,False,False,,True
faltered,3,autonomy AND contestation AND NOT small,autonomy;contestation;small,110,0.767,0.444,187,45,0.495,0.167,0.158,0.141,0.233,0.207,0.189,4,-0.105,False,False,False,,True
faltered,3,autonomy AND investment AND balance,autonomy;investment;balance,111,0.767,0.443,185,43,0.426,0.159,0.158,0.141,0.267,0.103,0.122,4,-0.105,False,False,False,,True
faltered,3,payroll_pit AND culture AND contestation,payroll_pit;culture;contestation,111,0.767,0.441,185,33,0.44,0.122,0.143,0.103,0.133,0.069,0.162,4,-0.105,False,False,False,,True
faltered,3,NOT payroll_pit AND NOT education AND contestation,payroll_pit;education;contestation,001,0.767,0.436,185,41,0.427,0.152,0.128,0.154,0.2,0.207,0.122,4,-0.105,False,False,False,,True
faltered,3,local_tax_base AND property_tax AND contestation,local_tax_base;property_tax;contestation,111,0.767,0.429,172,37,0.44,0.137,0.143,0.115,0.133,0.172,0.149,4,-0.105,False,False,False,,True
faltered,3,property_tax AND education AND contestation,property_tax;education;contestation,111,0.767,0.429,180,36,0.468,0.133,0.158,0.115,0.1,0.103,0.149,4,-0.105,False,False,False,,True
faltered,3,NOT property_tax AND NOT payroll_pit AND contestation,property_tax;payroll_pit;contestation,001,0.767,0.427,175,30,0.353,0.111,0.113,0.103,0.133,0.103,0.108,4,-0.105,False,False,False,,True
faltered,3,property_tax AND balance AND small,property_tax;balance;small,111,0.767,0.425,165,31,0.373,0.115,0.15,0.026,0.2,0.103,0.135,3,-0.105,False,False,False,,True
faltered,3,investment AND social AND contestation,investment;social;contestation,111,0.767,0.425,165,29,0.392,0.107,0.09,0.115,0.133,0.138,0.081,4,-0.105,False,False,False,,True
faltered,3,education AND contestation AND balance,education;contestation;balance,111,0.767,0.423,160,26,0.361,0.096,0.143,0.038,0.1,0.034,0.108,2,-0.105,False,False,False,,False
faltered,3,local_tax_base AND NOT payroll_pit AND NOT balance,local_tax_base;payroll_pit;balance,100,0.767,0.419,170,43,0.483,0.159,0.18,0.115,0.133,0.207,0.243,4,-0.105,False,False,False,,True
faltered,3,local_tax_base AND single_tax AND contestation,local_tax_base;single_tax;contestation,111,0.767,0.409,148,24,0.381,0.089,0.105,0.064,0.033,0.138,0.095,3,-0.105,False,False,False,,True
faltered,3,investment AND balance AND small,investment;balance;small,111,0.767,0.407,144,29,0.377,0.107,0.135,0.051,0.133,0.103,0.095,3,-0.105,False,False,False,,True
faltered,3,payroll_pit AND social AND NOT extracurricular,payroll_pit;social;extracurricular,110,0.767,0.405,158,35,0.53,0.13,0.075,0.192,0.167,0.172,0.068,4,-0.105,False,False,False,,True
faltered,3,NOT culture AND NOT extracurricular AND NOT balance,culture;extracurricular;balance,000,0.767,0.403,168,44,0.494,0.163,0.173,0.154,0.167,0.138,0.189,4,-0.105,False,False,False,,True
faltered,3,single_tax AND autonomy AND NOT extracurricular,single_tax;autonomy;extracurricular,110,0.767,0.401,153,30,0.429,0.111,0.075,0.179,0.167,0.034,0.041,3,-0.105,False,False,False,,True
faltered,3,investment AND NOT education AND NOT balance,investment;education;balance,100,0.767,0.392,157,39,0.433,0.144,0.128,0.179,0.067,0.207,0.149,3,-0.105,False,False,False,,True
faltered,3,NOT single_tax AND NOT social AND NOT culture,single_tax;social;culture,000,0.766,0.476,240,78,0.557,0.289,0.301,0.256,0.3,0.31,0.284,4,-0.106,False,False,False,,True
faltered,3,NOT property_tax AND NOT social AND NOT culture,property_tax;social;culture,000,0.766,0.471,244,72,0.514,0.267,0.286,0.244,0.3,0.207,0.257,4,-0.106,False,False,False,,True
faltered,3,extracurricular AND balance AND NOT small,extracurricular;balance;small,110,0.766,0.469,243,56,0.5,0.207,0.135,0.295,0.267,0.241,0.149,4,-0.106,False,False,False,,True
faltered,3,payroll_pit AND social AND extracurricular,payroll_pit;social;extracurricular,111,0.766,0.463,209,46,0.517,0.17,0.188,0.141,0.2,0.138,0.216,4,-0.106,False,False,False,,True
faltered,3,local_tax_base AND property_tax AND autonomy,local_tax_base;property_tax;autonomy,111,0.766,0.449,192,46,0.474,0.17,0.18,0.192,0.167,0.069,0.189,3,-0.106,False,False,False,,True
faltered,3,culture AND NOT contestation AND small,culture;contestation;small,101,0.766,0.444,191,47,0.485,0.174,0.143,0.179,0.2,0.276,0.095,4,-0.106,False,False,False,,True
faltered,3,investment AND NOT culture AND NOT education,investment;culture;education,100,0.766,0.439,194,56,0.487,0.207,0.165,0.256,0.2,0.276,0.189,4,-0.106,False,False,False,,True
faltered,3,culture AND education AND contestation,culture;education;contestation,111,0.766,0.437,180,28,0.378,0.104,0.135,0.077,0.067,0.069,0.149,4,-0.106,False,False,False,,True
faltered,3,NOT local_tax_base AND payroll_pit AND investment,local_tax_base;payroll_pit;investment,011,0.766,0.429,183,48,0.471,0.178,0.158,0.218,0.167,0.172,0.122,4,-0.106,False,False,False,,True
faltered,3,investment AND NOT culture AND NOT small,investment;culture;small,100,0.766,0.428,181,49,0.48,0.181,0.158,0.218,0.167,0.207,0.189,4,-0.106,False,False,False,,True
faltered,3,autonomy AND investment AND culture,autonomy;investment;culture,111,0.766,0.426,173,31,0.383,0.115,0.113,0.115,0.167,0.069,0.068,4,-0.106,False,False,False,,True
faltered,3,local_tax_base AND NOT social AND small,local_tax_base;social;small,101,0.766,0.416,185,43,0.413,0.159,0.188,0.128,0.067,0.207,0.203,3,-0.106,False,False,False,,True
faltered,3,property_tax AND NOT extracurricular AND NOT contestation,property_tax;extracurricular;contestation,100,0.766,0.402,165,42,0.512,0.156,0.12,0.218,0.167,0.138,0.081,4,-0.106,False,False,False,,True
faltered,3,payroll_pit AND investment AND NOT extracurricular,payroll_pit;investment;extracurricular,110,0.766,0.39,139,34,0.486,0.126,0.098,0.154,0.167,0.138,0.027,4,-0.106,False,False,False,,True
faltered,3,NOT single_tax AND NOT payroll_pit AND NOT small,single_tax;payroll_pit;small,000,0.765,0.484,259,63,0.492,0.233,0.203,0.295,0.233,0.207,0.243,4,-0.107,False,False,False,,True
faltered,3,NOT property_tax AND NOT autonomy AND NOT social,property_tax;autonomy;social,000,0.765,0.446,225,64,0.5,0.237,0.278,0.167,0.167,0.31,0.311,4,-0.107,False,False,False,,True
faltered,3,NOT single_tax AND NOT payroll_pit AND NOT extracurricular,single_tax;payroll_pit;extracurricular,000,0.765,0.44,199,49,0.43,0.181,0.218,0.167,0.1,0.138,0.284,4,-0.107,False,False,False,,True
faltered,3,local_tax_base AND NOT balance AND small,local_tax_base;balance;small,101,0.765,0.435,203,49,0.51,0.181,0.173,0.231,0.067,0.207,0.162,3,-0.107,False,False,False,,True
faltered,3,local_tax_base AND property_tax AND balance,local_tax_base;property_tax;balance,111,0.765,0.432,174,32,0.36,0.119,0.165,0.051,0.133,0.069,0.189,3,-0.107,False,False,False,,True
faltered,3,NOT social AND NOT culture AND NOT balance,social;culture;balance,000,0.765,0.427,203,62,0.521,0.23,0.278,0.141,0.3,0.172,0.257,4,-0.107,False,False,False,,True
faltered,3,NOT autonomy AND NOT social AND NOT extracurricular,autonomy;social;extracurricular,000,0.765,0.417,189,52,0.473,0.193,0.218,0.141,0.133,0.276,0.23,4,-0.107,False,False,False,,True
faltered,3,local_tax_base AND social AND NOT extracurricular,local_tax_base;social;extracurricular,110,0.765,0.397,145,31,0.463,0.115,0.09,0.167,0.1,0.103,0.068,4,-0.107,False,False,False,,True
faltered,3,investment AND NOT social AND NOT extracurricular,investment;social;extracurricular,100,0.765,0.392,152,40,0.426,0.148,0.18,0.128,0.033,0.172,0.189,3,-0.107,False,False,False,,True
faltered,3,NOT education AND contestation AND NOT balance,education;contestation;balance,010,0.765,0.389,153,38,0.413,0.141,0.12,0.128,0.267,0.138,0.108,4,-0.107,False,False,False,,True
faltered,3,NOT culture AND NOT education AND contestation,culture;education;contestation,001,0.764,0.46,221,59,0.48,0.219,0.165,0.231,0.333,0.31,0.149,4,-0.108,False,False,False,,True
faltered,3,property_tax AND autonomy AND balance,property_tax;autonomy;balance,111,0.764,0.456,209,47,0.456,0.174,0.18,0.115,0.3,0.172,0.216,4,-0.108,False,False,False,,True
faltered,3,local_tax_base AND single_tax AND payroll_pit,local_tax_base;single_tax;payroll_pit,111,0.764,0.448,196,40,0.526,0.148,0.158,0.154,0.1,0.138,0.122,4,-0.108,False,False,False,,True
faltered,3,single_tax AND social AND extracurricular,single_tax;social;extracurricular,111,0.764,0.444,182,33,0.465,0.122,0.15,0.09,0.133,0.069,0.176,4,-0.108,False,False,False,,True
faltered,3,single_tax AND education AND extracurricular,single_tax;education;extracurricular,111,0.764,0.443,172,31,0.463,0.115,0.143,0.064,0.1,0.138,0.149,4,-0.108,False,False,False,,True
faltered,3,social AND contestation AND balance,social;contestation;balance,111,0.764,0.443,191,33,0.429,0.122,0.128,0.103,0.167,0.103,0.135,4,-0.108,False,False,False,,True
faltered,3,NOT property_tax AND NOT payroll_pit AND NOT balance,property_tax;payroll_pit;balance,000,0.764,0.434,211,55,0.5,0.204,0.293,0.09,0.167,0.138,0.297,3,-0.108,False,False,False,,True
faltered,3,property_tax AND education AND NOT contestation,property_tax;education;contestation,110,0.764,0.434,190,36,0.434,0.133,0.098,0.154,0.2,0.172,0.068,4,-0.108,False,False,False,,True
faltered,3,culture AND balance AND small,culture;balance;small,111,0.764,0.433,168,32,0.376,0.119,0.135,0.077,0.167,0.103,0.095,4,-0.108,False,False,False,,True
faltered,3,property_tax AND culture AND NOT contestation,property_tax;culture;contestation,110,0.764,0.43,185,41,0.461,0.152,0.105,0.167,0.233,0.241,0.081,4,-0.108,False,False,False,,True
faltered,3,investment AND contestation AND NOT small,investment;contestation;small,110,0.764,0.421,160,34,0.42,0.126,0.09,0.154,0.133,0.207,0.068,4,-0.108,False,False,False,,True
faltered,3,local_tax_base AND NOT extracurricular AND NOT contestation,local_tax_base;extracurricular;contestation,100,0.764,0.419,193,57,0.543,0.211,0.218,0.244,0.067,0.241,0.216,3,-0.108,False,False,False,,True
faltered,3,payroll_pit AND investment AND small,payroll_pit;investment;small,111,0.764,0.415,169,42,0.532,0.156,0.15,0.179,0.167,0.103,0.081,4,-0.108,False,False,False,,True
faltered,3,NOT social AND NOT culture AND NOT extracurricular,social;culture;extracurricular,000,0.764,0.413,168,43,0.434,0.159,0.203,0.103,0.133,0.138,0.23,4,-0.108,False,False,False,,True
faltered,3,NOT autonomy AND education AND NOT extracurricular,autonomy;education;extracurricular,010,0.764,0.406,166,39,0.443,0.144,0.165,0.128,0.067,0.172,0.135,3,-0.108,False,False,False,,True
faltered,3,education AND NOT extracurricular AND balance,education;extracurricular;balance,101,0.764,0.388,133,21,0.3,0.078,0.105,0.038,0.1,0.034,0.068,2,-0.108,False,False,False,,False
faltered,3,NOT single_tax AND NOT education AND NOT small,single_tax;education;small,000,0.763,0.504,285,78,0.534,0.289,0.218,0.359,0.333,0.379,0.243,4,-0.109,False,False,False,,True
faltered,3,NOT property_tax AND NOT single_tax AND NOT small,property_tax;single_tax;small,000,0.763,0.488,262,65,0.512,0.241,0.203,0.282,0.333,0.207,0.23,4,-0.109,False,False,False,,True
faltered,3,NOT property_tax AND NOT culture AND NOT small,property_tax;culture;small,000,0.763,0.486,256,61,0.48,0.226,0.211,0.256,0.3,0.138,0.243,4,-0.109,False,False,False,,True
faltered,3,single_tax AND autonomy AND contestation,single_tax;autonomy;contestation,111,0.763,0.434,181,38,0.458,0.141,0.15,0.167,0.167,0.0,0.162,3,-0.109,False,False,False,,True
faltered,3,NOT payroll_pit AND NOT education AND NOT balance,payroll_pit;education;balance,000,0.763,0.43,192,52,0.491,0.193,0.226,0.115,0.233,0.207,0.23,4,-0.109,False,False,False,,True
faltered,3,local_tax_base AND property_tax AND NOT contestation,local_tax_base;property_tax;contestation,110,0.763,0.428,187,45,0.474,0.167,0.18,0.179,0.1,0.138,0.189,4,-0.109,False,False,False,,True
faltered,3,investment AND social AND education,investment;social;education,111,0.763,0.424,173,30,0.405,0.111,0.098,0.115,0.2,0.069,0.054,4,-0.109,False,False,False,,True
faltered,3,local_tax_base AND social AND education,local_tax_base;social;education,111,0.763,0.421,172,32,0.478,0.119,0.113,0.141,0.1,0.103,0.081,4,-0.109,False,False,False,,True
faltered,3,local_tax_base AND contestation AND small,local_tax_base;contestation;small,111,0.763,0.404,164,29,0.377,0.107,0.12,0.115,0.067,0.069,0.135,4,-0.109,False,False,False,,True
faltered,3,social AND education AND NOT extracurricular,social;education;extracurricular,110,0.763,0.402,165,34,0.486,0.126,0.105,0.167,0.133,0.103,0.081,4,-0.109,False,False,False,,True
faltered,3,NOT payroll_pit AND NOT education AND NOT small,payroll_pit;education;small,000,0.762,0.482,264,67,0.508,0.248,0.211,0.282,0.3,0.276,0.23,4,-0.11,False,False,False,,True
faltered,3,NOT local_tax_base AND payroll_pit AND autonomy,local_tax_base;payroll_pit;autonomy,011,0.762,0.479,252,71,0.577,0.263,0.211,0.282,0.433,0.276,0.216,4,-0.11,False,False,False,,True
faltered,3,NOT education AND contestation AND NOT small,education;contestation;small,010,0.762,0.465,229,60,0.513,0.222,0.18,0.218,0.3,0.345,0.203,4,-0.11,False,False,False,,True
faltered,3,autonomy AND social AND balance,autonomy;social;balance,111,0.762,0.462,216,40,0.449,0.148,0.113,0.141,0.333,0.138,0.135,4,-0.11,False,False,False,,True
faltered,3,single_tax AND autonomy AND balance,single_tax;autonomy;balance,111,0.762,0.453,197,31,0.373,0.115,0.128,0.077,0.233,0.034,0.135,3,-0.11,False,False,False,,True
faltered,3,property_tax AND NOT contestation AND small,property_tax;contestation;small,101,0.762,0.441,196,45,0.479,0.167,0.135,0.179,0.2,0.241,0.095,4,-0.11,False,False,False,,True
faltered,3,NOT payroll_pit AND NOT culture AND NOT balance,payroll_pit;culture;balance,000,0.762,0.438,208,57,0.518,0.211,0.278,0.115,0.2,0.172,0.27,4,-0.11,False,False,False,,True
faltered,3,NOT payroll_pit AND NOT autonomy AND NOT balance,payroll_pit;autonomy;balance,000,0.762,0.437,211,59,0.513,0.219,0.301,0.115,0.133,0.207,0.351,4,-0.11,False,False,False,,True
faltered,3,local_tax_base AND single_tax AND social,local_tax_base;single_tax;social,111,0.762,0.435,179,32,0.492,0.119,0.12,0.141,0.067,0.103,0.095,4,-0.11,False,False,False,,True
faltered,3,local_tax_base AND NOT autonomy AND NOT extracurricular,local_tax_base;autonomy;extracurricular,100,0.762,0.432,202,54,0.486,0.2,0.211,0.167,0.133,0.31,0.216,4,-0.11,False,False,False,,True
faltered,3,investment AND education AND NOT extracurricular,investment;education;extracurricular,110,0.762,0.387,146,29,0.397,0.107,0.113,0.115,0.133,0.034,0.054,3,-0.11,False,False,False,,True
faltered,3,NOT social AND NOT culture AND NOT education,social;culture;education,000,0.761,0.477,243,73,0.514,0.27,0.271,0.256,0.267,0.31,0.27,4,-0.111,False,False,False,,True
faltered,3,NOT property_tax AND NOT single_tax AND NOT autonomy,property_tax;single_tax;autonomy,000,0.761,0.467,246,67,0.511,0.248,0.271,0.256,0.133,0.241,0.297,4,-0.111,False,False,False,,True
faltered,3,autonomy AND culture AND balance,autonomy;culture;balance,111,0.761,0.458,206,37,0.402,0.137,0.12,0.128,0.3,0.069,0.122,4,-0.111,False,False,False,,True
faltered,3,autonomy AND culture AND education,autonomy;culture;education,111,0.761,0.456,210,37,0.451,0.137,0.113,0.154,0.233,0.103,0.081,4,-0.111,False,False,False,,True
faltered,3,local_tax_base AND property_tax AND payroll_pit,local_tax_base;property_tax;payroll_pit,111,0.761,0.454,208,47,0.534,0.174,0.173,0.192,0.133,0.172,0.149,4,-0.111,False,False,False,,True
faltered,3,local_tax_base AND NOT payroll_pit AND NOT culture,local_tax_base;payroll_pit;culture,100,0.761,0.453,211,49,0.471,0.181,0.203,0.179,0.133,0.138,0.27,4,-0.111,False,False,False,,True
faltered,3,local_tax_base AND NOT autonomy AND small,local_tax_base;autonomy;small,101,0.761,0.448,206,48,0.449,0.178,0.195,0.154,0.067,0.276,0.189,3,-0.111,False,False,False,,True
faltered,3,investment AND NOT education AND NOT small,investment;education;small,100,0.761,0.439,205,53,0.473,0.196,0.15,0.256,0.167,0.276,0.176,4,-0.111,False,False,False,,True
faltered,3,NOT payroll_pit AND NOT social AND NOT balance,payroll_pit;social;balance,000,0.761,0.431,202,60,0.517,0.222,0.278,0.128,0.233,0.207,0.311,4,-0.111,False,False,False,,True
faltered,3,autonomy AND investment AND NOT small,autonomy;investment;small,110,0.761,0.423,168,38,0.4,0.141,0.105,0.218,0.133,0.103,0.095,4,-0.111,False,False,False,,True
faltered,3,property_tax AND autonomy AND NOT extracurricular,property_tax;autonomy;extracurricular,110,0.761,0.411,179,40,0.465,0.148,0.098,0.231,0.2,0.103,0.095,4,-0.111,False,False,False,,True
faltered,3,single_tax AND social AND NOT extracurricular,single_tax;social;extracurricular,110,0.761,0.403,156,31,0.477,0.115,0.098,0.141,0.133,0.103,0.081,4,-0.111,False,False,False,,True
faltered,3,investment AND culture AND NOT extracurricular,investment;culture;extracurricular,110,0.761,0.399,153,30,0.4,0.111,0.113,0.115,0.133,0.069,0.041,4,-0.111,False,False,False,,True
faltered,3,property_tax AND autonomy AND education,property_tax;autonomy;education,111,0.76,0.456,216,42,0.467,0.156,0.128,0.179,0.267,0.103,0.108,4,-0.112,False,False,False,,True
faltered,3,NOT single_tax AND NOT payroll_pit AND NOT balance,single_tax;payroll_pit;balance,000,0.76,0.45,222,64,0.529,0.237,0.323,0.115,0.2,0.207,0.338,3,-0.112,False,False,False,,True
faltered,3,payroll_pit AND social AND contestation,payroll_pit;social;contestation,111,0.76,0.449,212,48,0.522,0.178,0.18,0.154,0.233,0.172,0.203,4,-0.112,False,False,False,,True
faltered,3,autonomy AND investment AND social,autonomy;investment;social,111,0.76,0.443,192,41,0.432,0.152,0.105,0.167,0.3,0.172,0.068,4,-0.112,False,False,False,,True
faltered,3,single_tax AND contestation AND balance,single_tax;contestation;balance,111,0.76,0.43,181,34,0.415,0.126,0.165,0.064,0.167,0.069,0.162,4,-0.112,False,False,False,,True
faltered,3,property_tax AND social AND contestation,property_tax;social;contestation,111,0.76,0.429,195,37,0.435,0.137,0.128,0.128,0.167,0.172,0.149,4,-0.112,False,False,False,,True
faltered,3,payroll_pit AND investment AND contestation,payroll_pit;investment;contestation,111,0.76,0.423,169,39,0.453,0.144,0.143,0.167,0.133,0.103,0.095,4,-0.112,False,False,False,,True
faltered,3,property_tax AND investment AND contestation,property_tax;investment;contestation,111,0.76,0.416,170,40,0.455,0.148,0.143,0.167,0.133,0.138,0.108,4,-0.112,False,False,False,,True
faltered,3,local_tax_base AND social AND small,local_tax_base;social;small,111,0.76,0.415,170,35,0.473,0.13,0.12,0.167,0.1,0.103,0.081,4,-0.112,False,False,False,,True
faltered,3,NOT payroll_pit AND NOT extracurricular AND NOT balance,payroll_pit;extracurricular;balance,000,0.76,0.406,161,37,0.42,0.137,0.165,0.103,0.1,0.138,0.203,4,-0.112,False,False,False,,True
faltered,3,NOT extracurricular AND balance AND small,extracurricular;balance;small,011,0.76,0.391,144,27,0.325,0.1,0.135,0.051,0.067,0.103,0.122,4,-0.112,False,False,False,,True
faltered,3,NOT property_tax AND NOT payroll_pit AND NOT small,property_tax;payroll_pit;small,000,0.759,0.475,260,56,0.463,0.207,0.203,0.218,0.233,0.172,0.216,4,-0.113,False,False,False,,True
faltered,3,NOT payroll_pit AND NOT social AND NOT education,payroll_pit;social;education,000,0.759,0.472,255,78,0.545,0.289,0.286,0.269,0.3,0.345,0.311,4,-0.113,False,False,False,,True
faltered,3,single_tax AND autonomy AND education,single_tax;autonomy;education,111,0.759,0.457,208,39,0.476,0.144,0.12,0.167,0.233,0.103,0.068,4,-0.113,False,False,False,,True
faltered,3,property_tax AND payroll_pit AND contestation,property_tax;payroll_pit;contestation,111,0.759,0.45,218,52,0.51,0.193,0.188,0.192,0.2,0.207,0.189,4,-0.113,False,False,False,,True
faltered,3,investment AND social AND balance,investment;social;balance,111,0.759,0.439,181,30,0.345,0.111,0.075,0.103,0.3,0.103,0.027,4,-0.113,False,False,False,,True
faltered,3,single_tax AND culture AND contestation,single_tax;culture;contestation,111,0.759,0.429,177,27,0.386,0.1,0.105,0.103,0.067,0.103,0.122,4,-0.113,False,False,False,,True
faltered,3,NOT payroll_pit AND NOT culture AND NOT extracurricular,payroll_pit;culture;extracurricular,000,0.759,0.427,183,41,0.406,0.152,0.173,0.154,0.1,0.103,0.216,4,-0.113,False,False,False,,True
faltered,3,education AND NOT extracurricular AND NOT contestation,education;extracurricular;contestation,100,0.759,0.406,175,43,0.494,0.159,0.143,0.205,0.167,0.103,0.095,4,-0.113,False,False,False,,True
faltered,3,culture AND education AND NOT contestation,culture;education;contestation,110,0.758,0.453,215,46,0.46,0.17,0.15,0.154,0.2,0.276,0.108,4,-0.114,False,False,False,,True
faltered,3,education AND balance AND small,education;balance;small,111,0.758,0.438,180,32,0.364,0.119,0.165,0.051,0.133,0.069,0.108,3,-0.114,False,False,False,,True
faltered,3,property_tax AND culture AND contestation,property_tax;culture;contestation,111,0.758,0.429,191,35,0.427,0.13,0.15,0.128,0.1,0.069,0.162,4,-0.114,False,False,False,,True
faltered,3,local_tax_base AND NOT payroll_pit AND small,local_tax_base;payroll_pit;small,101,0.758,0.421,177,39,0.379,0.144,0.165,0.128,0.067,0.172,0.189,3,-0.114,False,False,False,,True
faltered,3,local_tax_base AND single_tax AND investment,local_tax_base;single_tax;investment,111,0.758,0.414,154,24,0.364,0.089,0.09,0.09,0.067,0.103,0.054,4,-0.114,False,False,False,,True
faltered,3,NOT social AND NOT extracurricular AND NOT balance,social;extracurricular;balance,000,0.758,0.414,188,53,0.505,0.196,0.203,0.167,0.2,0.241,0.203,4,-0.114,False,False,False,,True
faltered,3,payroll_pit AND autonomy AND education,payroll_pit;autonomy;education,111,0.757,0.479,238,50,0.526,0.185,0.15,0.218,0.333,0.103,0.108,4,-0.115,False,False,False,,True
faltered,3,NOT property_tax AND NOT payroll_pit AND NOT social,property_tax;payroll_pit;social,000,0.757,0.471,261,72,0.526,0.267,0.293,0.231,0.233,0.276,0.297,4,-0.115,False,False,False,,True
faltered,3,payroll_pit AND autonomy AND contestation,payroll_pit;autonomy;contestation,111,0.757,0.464,234,58,0.527,0.215,0.211,0.218,0.3,0.138,0.23,4,-0.115,False,False,False,,True
faltered,3,local_tax_base AND NOT payroll_pit AND NOT social,local_tax_base;payroll_pit;social,100,0.757,0.448,213,56,0.467,0.207,0.226,0.192,0.133,0.241,0.311,4,-0.115,False,False,False,,True
faltered,3,single_tax AND social AND contestation,single_tax;social;contestation,111,0.757,0.429,181,33,0.434,0.122,0.143,0.103,0.133,0.069,0.176,4,-0.115,False,False,False,,True
faltered,3,local_tax_base AND culture AND NOT extracurricular,local_tax_base;culture;extracurricular,110,0.757,0.42,180,39,0.424,0.144,0.128,0.154,0.1,0.241,0.095,4,-0.115,False,False,False,,True
faltered,3,local_tax_base AND NOT extracurricular AND contestation,local_tax_base;extracurricular;contestation,101,0.757,0.392,150,23,0.303,0.085,0.075,0.077,0.133,0.103,0.068,4,-0.115,False,False,False,,True
faltered,3,NOT property_tax AND NOT single_tax AND NOT culture,property_tax;single_tax;culture,000,0.756,0.496,277,78,0.517,0.289,0.278,0.308,0.333,0.241,0.23,4,-0.116,False,False,False,,True
faltered,3,payroll_pit AND autonomy AND balance,payroll_pit;autonomy;balance,111,0.756,0.483,239,52,0.491,0.193,0.188,0.154,0.333,0.172,0.189,4,-0.116,False,False,False,,True
faltered,3,payroll_pit AND education AND balance,payroll_pit;education;balance,111,0.756,0.462,194,36,0.429,0.133,0.158,0.064,0.233,0.103,0.122,3,-0.116,False,False,False,,True
faltered,3,payroll_pit AND investment AND balance,payroll_pit;investment;balance,111,0.756,0.442,182,36,0.379,0.133,0.143,0.09,0.2,0.138,0.081,4,-0.116,False,False,False,,True
faltered,3,local_tax_base AND social AND culture,local_tax_base;social;culture,111,0.756,0.431,184,28,0.384,0.104,0.105,0.09,0.133,0.103,0.081,4,-0.116,False,False,False,,True
faltered,3,payroll_pit AND education AND NOT extracurricular,payroll_pit;education;extracurricular,110,0.756,0.425,198,46,0.548,0.17,0.143,0.192,0.233,0.172,0.095,4,-0.116,False,False,False,,True
faltered,3,local_tax_base AND investment AND small,local_tax_base;investment;small,111,0.756,0.412,175,34,0.391,0.126,0.128,0.141,0.1,0.103,0.095,4,-0.116,False,False,False,,True
faltered,3,single_tax AND investment AND NOT extracurricular,single_tax;investment;extracurricular,110,0.756,0.39,148,29,0.397,0.107,0.098,0.128,0.133,0.069,0.054,4,-0.116,False,False,False,,True
faltered,3,NOT single_tax AND NOT culture AND NOT education,single_tax;culture;education,000,0.755,0.512,292,86,0.548,0.319,0.271,0.346,0.333,0.448,0.257,4,-0.117,False,False,False,,True
faltered,3,NOT single_tax AND NOT payroll_pit AND NOT social,single_tax;payroll_pit;social,000,0.755,0.488,270,82,0.554,0.304,0.338,0.282,0.233,0.276,0.365,4,-0.117,False,False,False,,True
faltered,3,autonomy AND investment AND contestation,autonomy;investment;contestation,111,0.755,0.436,183,42,0.438,0.156,0.143,0.205,0.133,0.103,0.122,4,-0.117,False,False,False,,True
faltered,3,investment AND social AND culture,investment;social;culture,111,0.755,0.434,182,28,0.354,0.104,0.09,0.103,0.2,0.069,0.041,4,-0.117,False,False,False,,True
faltered,3,single_tax AND education AND contestation,single_tax;education;contestation,111,0.755,0.43,187,30,0.411,0.111,0.128,0.09,0.1,0.103,0.122,4,-0.117,False,False,False,,True
faltered,3,local_tax_base AND NOT extracurricular AND NOT balance,local_tax_base;extracurricular;balance,100,0.755,0.426,205,49,0.49,0.181,0.158,0.231,0.133,0.207,0.162,4,-0.117,False,False,False,,True
faltered,3,single_tax AND investment AND small,single_tax;investment;small,111,0.755,0.418,175,35,0.438,0.13,0.128,0.154,0.167,0.034,0.068,3,-0.117,False,False,False,,True
faltered,3,NOT culture AND NOT education AND NOT small,culture;education;small,000,0.754,0.506,290,80,0.523,0.296,0.248,0.346,0.333,0.345,0.297,4,-0.118,False,False,False,,True
faltered,3,NOT property_tax AND NOT culture AND NOT education,property_tax;culture;education,000,0.754,0.499,281,73,0.48,0.27,0.256,0.295,0.3,0.241,0.23,4,-0.118,False,False,False,,True
faltered,3,NOT property_tax AND NOT single_tax AND NOT education,property_tax;single_tax;education,000,0.754,0.496,279,76,0.521,0.281,0.248,0.321,0.333,0.276,0.216,4,-0.118,False,False,False,,True
faltered,3,NOT payroll_pit AND NOT autonomy AND NOT culture,payroll_pit;autonomy;culture,000,0.754,0.478,266,71,0.497,0.263,0.286,0.269,0.2,0.207,0.311,4,-0.118,False,False,False,,True
faltered,3,property_tax AND payroll_pit AND balance,property_tax;payroll_pit;balance,111,0.754,0.461,210,46,0.474,0.17,0.188,0.09,0.267,0.207,0.203,4,-0.118,False,False,False,,True
faltered,3,NOT autonomy AND education AND small,autonomy;education;small,011,0.754,0.458,228,53,0.457,0.196,0.263,0.141,0.067,0.172,0.243,3,-0.118,False,False,False,,True
faltered,3,social AND education AND balance,social;education;balance,111,0.754,0.453,191,29,0.382,0.107,0.105,0.077,0.2,0.103,0.068,4,-0.118,False,False,False,,True
faltered,3,investment AND culture AND balance,investment;culture;balance,111,0.754,0.444,192,34,0.354,0.126,0.128,0.09,0.167,0.172,0.081,4,-0.118,False,False,False,,True
faltered,3,NOT extracurricular AND NOT balance AND small,extracurricular;balance;small,001,0.754,0.436,230,63,0.553,0.233,0.18,0.333,0.2,0.241,0.135,4,-0.118,False,False,False,,True
faltered,3,local_tax_base AND NOT social AND NOT extracurricular,local_tax_base;social;extracurricular,100,0.754,0.416,198,49,0.43,0.181,0.203,0.154,0.1,0.241,0.216,4,-0.118,False,False,False,,True
faltered,3,NOT payroll_pit AND NOT social AND NOT culture,payroll_pit;social;culture,000,0.753,0.478,256,72,0.511,0.267,0.301,0.231,0.233,0.241,0.311,4,-0.119,False,False,False,,True
faltered,3,single_tax AND payroll_pit AND extracurricular,single_tax;payroll_pit;extracurricular,111,0.753,0.458,208,43,0.506,0.159,0.195,0.115,0.167,0.103,0.23,4,-0.119,False,False,False,,True
faltered,3,NOT extracurricular AND NOT contestation AND small,extracurricular;contestation;small,001,0.753,0.437,213,62,0.539,0.23,0.211,0.269,0.167,0.276,0.135,4,-0.119,False,False,False,,True
faltered,3,single_tax AND investment AND balance,single_tax;investment;balance,111,0.753,0.432,174,27,0.318,0.1,0.105,0.051,0.2,0.103,0.068,4,-0.119,False,False,False,,True
faltered,3,investment AND culture AND small,investment;culture;small,111,0.753,0.426,184,37,0.43,0.137,0.165,0.115,0.133,0.069,0.095,4,-0.119,False,False,False,,True
faltered,3,social AND culture AND NOT extracurricular,social;culture;extracurricular,110,0.753,0.409,166,26,0.371,0.096,0.075,0.115,0.133,0.103,0.041,4,-0.119,False,False,False,,True
faltered,3,single_tax AND investment AND contestation,single_tax;investment;contestation,111,0.753,0.406,148,27,0.37,0.1,0.09,0.115,0.133,0.069,0.054,4,-0.119,False,False,False,,True
faltered,3,NOT extracurricular AND contestation AND small,extracurricular;contestation;small,011,0.753,0.382,161,28,0.341,0.104,0.105,0.115,0.1,0.069,0.122,4,-0.119,False,False,False,,True
faltered,3,NOT property_tax AND NOT education AND NOT small,property_tax;education;small,000,0.752,0.496,286,68,0.489,0.252,0.218,0.282,0.333,0.241,0.23,4,-0.12,False,False,False,,True
faltered,3,payroll_pit AND culture AND balance,payroll_pit;culture;balance,111,0.752,0.47,211,38,0.418,0.141,0.135,0.103,0.233,0.172,0.135,4,-0.12,False,False,False,,True
faltered,3,payroll_pit AND social AND balance,payroll_pit;social;balance,111,0.752,0.469,225,43,0.473,0.159,0.15,0.115,0.267,0.207,0.149,4,-0.12,False,False,False,,True
faltered,3,education AND NOT contestation AND small,education;contestation;small,101,0.752,0.459,226,55,0.491,0.204,0.203,0.218,0.167,0.207,0.135,4,-0.12,False,False,False,,True
faltered,3,payroll_pit AND social AND small,payroll_pit;social;small,111,0.752,0.441,205,44,0.524,0.163,0.128,0.218,0.2,0.138,0.095,4,-0.12,False,False,False,,True
faltered,3,NOT culture AND NOT education AND NOT balance,culture;education;balance,000,0.752,0.44,217,61,0.496,0.226,0.233,0.179,0.3,0.241,0.23,4,-0.12,False,False,False,,True
faltered,3,property_tax AND investment AND balance,property_tax;investment;balance,111,0.752,0.431,188,37,0.366,0.137,0.165,0.064,0.233,0.103,0.135,3,-0.12,False,False,False,,True
faltered,3,investment AND education AND balance,investment;education;balance,111,0.752,0.43,177,27,0.303,0.1,0.12,0.064,0.167,0.034,0.054,3,-0.12,False,False,False,,True
faltered,3,property_tax AND payroll_pit AND NOT extracurricular,property_tax;payroll_pit;extracurricular,110,0.752,0.424,200,50,0.562,0.185,0.113,0.269,0.233,0.241,0.068,4,-0.12,False,False,False,,True
faltered,3,social AND NOT extracurricular AND small,social;extracurricular;small,101,0.752,0.403,176,39,0.506,0.144,0.12,0.205,0.133,0.103,0.095,4,-0.12,False,False,False,,True
faltered,3,local_tax_base AND NOT payroll_pit AND NOT autonomy,local_tax_base;payroll_pit;autonomy,100,0.751,0.463,237,55,0.447,0.204,0.211,0.205,0.1,0.276,0.27,3,-0.121,False,False,False,,True
faltered,3,single_tax AND social AND balance,single_tax;social;balance,111,0.751,0.457,205,32,0.405,0.119,0.135,0.077,0.2,0.069,0.135,4,-0.121,False,False,False,,True
faltered,3,property_tax AND single_tax AND balance,property_tax;single_tax;balance,111,0.751,0.447,192,34,0.391,0.126,0.15,0.064,0.233,0.069,0.176,4,-0.121,False,False,False,,True
faltered,3,NOT payroll_pit AND NOT autonomy AND NOT extracurricular,payroll_pit;autonomy;extracurricular,000,0.751,0.435,212,50,0.417,0.185,0.211,0.167,0.1,0.207,0.257,4,-0.121,False,False,False,,True
faltered,3,property_tax AND investment AND small,property_tax;investment;small,111,0.751,0.424,196,42,0.447,0.156,0.158,0.167,0.2,0.069,0.095,3,-0.121,False,False,False,,True
faltered,3,single_tax AND payroll_pit AND NOT extracurricular,single_tax;payroll_pit;extracurricular,110,0.751,0.424,202,48,0.516,0.178,0.143,0.218,0.233,0.172,0.095,4,-0.121,False,False,False,,True
faltered,3,NOT payroll_pit AND NOT social AND NOT extracurricular,payroll_pit;social;extracurricular,000,0.751,0.424,194,48,0.414,0.178,0.211,0.141,0.1,0.207,0.27,4,-0.121,False,False,False,,True
faltered,3,local_tax_base AND investment AND NOT extracurricular,local_tax_base;investment;extracurricular,110,0.751,0.407,176,43,0.434,0.159,0.165,0.154,0.133,0.172,0.162,4,-0.121,False,False,False,,True
faltered,3,property_tax AND social AND NOT extracurricular,property_tax;social;extracurricular,110,0.751,0.402,174,38,0.481,0.141,0.083,0.218,0.167,0.172,0.054,4,-0.121,False,False,False,,True
faltered,3,NOT single_tax AND NOT payroll_pit AND NOT culture,single_tax;payroll_pit;culture,000,0.75,0.507,289,81,0.526,0.3,0.308,0.308,0.267,0.276,0.297,4,-0.122,False,False,False,,True
faltered,3,single_tax AND payroll_pit AND balance,single_tax;payroll_pit;balance,111,0.75,0.469,218,40,0.43,0.148,0.188,0.077,0.233,0.069,0.189,3,-0.122,False,False,False,,True
faltered,3,NOT payroll_pit AND NOT autonomy AND NOT social,payroll_pit;autonomy;social,000,0.75,0.468,258,72,0.497,0.267,0.293,0.231,0.167,0.345,0.351,4,-0.122,False,False,False,,True
faltered,3,property_tax AND education AND balance,property_tax;education;balance,111,0.75,0.449,198,31,0.337,0.115,0.143,0.051,0.2,0.069,0.122,3,-0.122,False,False,False,,True
faltered,3,payroll_pit AND investment AND education,payroll_pit;investment;education,111,0.75,0.439,194,36,0.424,0.133,0.135,0.128,0.2,0.069,0.081,4,-0.122,False,False,False,,True
faltered,3,single_tax AND investment AND social,single_tax;investment;social,111,0.75,0.431,182,33,0.418,0.122,0.098,0.141,0.233,0.069,0.068,4,-0.122,False,False,False,,True
faltered,3,payroll_pit AND NOT extracurricular AND small,payroll_pit;extracurricular;small,101,0.75,0.421,211,56,0.571,0.207,0.173,0.256,0.233,0.207,0.108,4,-0.122,False,False,False,,True
faltered,3,NOT payroll_pit AND NOT extracurricular AND small,payroll_pit;extracurricular;small,001,0.75,0.396,163,34,0.343,0.126,0.143,0.128,0.033,0.138,0.149,3,-0.122,False,False,False,,True
faltered,3,property_tax AND investment AND NOT extracurricular,property_tax;investment;extracurricular,110,0.75,0.395,165,38,0.418,0.141,0.12,0.179,0.167,0.103,0.068,4,-0.122,False,False,False,,True
faltered,3,NOT property_tax AND NOT payroll_pit AND NOT culture,property_tax;payroll_pit;culture,000,0.749,0.492,276,69,0.479,0.256,0.278,0.256,0.233,0.172,0.257,4,-0.123,False,False,False,,True
faltered,3,NOT property_tax AND NOT payroll_pit AND NOT education,property_tax;payroll_pit;education,000,0.749,0.491,281,69,0.486,0.256,0.233,0.282,0.3,0.241,0.216,4,-0.123,False,False,False,,True
faltered,3,single_tax AND culture AND balance,single_tax;culture;balance,111,0.749,0.461,208,31,0.352,0.115,0.12,0.077,0.167,0.138,0.108,4,-0.123,False,False,False,,True
faltered,3,single_tax AND education AND balance,single_tax;education;balance,111,0.749,0.457,195,30,0.349,0.111,0.143,0.051,0.167,0.069,0.108,3,-0.123,False,False,False,,True
faltered,3,property_tax AND investment AND social,property_tax;investment;social,111,0.749,0.432,208,43,0.439,0.159,0.105,0.192,0.3,0.172,0.054,4,-0.123,False,False,False,,True
faltered,3,investment AND education AND small,investment;education;small,111,0.749,0.431,200,40,0.435,0.148,0.165,0.167,0.133,0.034,0.108,3,-0.123,False,False,False,,True
faltered,3,NOT autonomy AND NOT extracurricular AND small,autonomy;extracurricular;small,001,0.749,0.428,207,51,0.443,0.189,0.195,0.192,0.1,0.241,0.162,4,-0.123,False,False,False,,True
faltered,3,payroll_pit AND culture AND NOT extracurricular,payroll_pit;culture;extracurricular,110,0.749,0.423,194,39,0.47,0.144,0.098,0.192,0.2,0.172,0.027,4,-0.123,False,False,False,,True
faltered,3,NOT single_tax AND NOT payroll_pit AND NOT education,single_tax;payroll_pit;education,000,0.748,0.51,298,83,0.529,0.307,0.293,0.333,0.333,0.276,0.311,4,-0.124,False,False,False,,True
faltered,3,social AND culture AND balance,social;culture;balance,111,0.748,0.464,215,32,0.36,0.119,0.09,0.115,0.233,0.138,0.081,4,-0.124,False,False,False,,True
faltered,3,single_tax AND payroll_pit AND contestation,single_tax;payroll_pit;contestation,111,0.748,0.452,224,49,0.5,0.181,0.203,0.167,0.2,0.103,0.216,4,-0.124,False,False,False,,True
faltered,3,local_tax_base AND property_tax AND investment,local_tax_base;property_tax;investment,111,0.748,0.429,184,39,0.406,0.144,0.143,0.154,0.133,0.138,0.095,4,-0.124,False,False,False,,True
faltered,3,NOT payroll_pit AND NOT culture AND NOT education,payroll_pit;culture;education,000,0.747,0.501,278,73,0.493,0.27,0.263,0.269,0.3,0.276,0.27,4,-0.125,False,False,False,,True
faltered,3,NOT property_tax AND NOT payroll_pit AND NOT autonomy,property_tax;payroll_pit;autonomy,000,0.747,0.488,286,75,0.493,0.278,0.316,0.269,0.167,0.241,0.338,4,-0.125,False,False,False,,True
faltered,3,single_tax AND autonomy AND culture,single_tax;autonomy;culture,111,0.747,0.465,231,43,0.462,0.159,0.128,0.192,0.267,0.103,0.095,4,-0.125,False,False,False,,True
faltered,3,culture AND education AND balance,culture;education;balance,111,0.747,0.461,204,30,0.326,0.111,0.12,0.077,0.167,0.103,0.081,4,-0.125,False,False,False,,True
faltered,3,autonomy AND social AND culture,autonomy;social;culture,111,0.747,0.454,221,37,0.42,0.137,0.113,0.154,0.233,0.103,0.108,4,-0.125,False,False,False,,True
faltered,3,property_tax AND autonomy AND investment,property_tax;autonomy;investment,111,0.747,0.443,210,49,0.434,0.181,0.158,0.205,0.267,0.138,0.122,4,-0.125,False,False,False,,True
faltered,3,single_tax AND social AND small,single_tax;social;small,111,0.747,0.443,212,44,0.512,0.163,0.15,0.179,0.2,0.138,0.122,4,-0.125,False,False,False,,True
faltered,3,payroll_pit AND investment AND social,payroll_pit;investment;social,111,0.747,0.443,201,41,0.432,0.152,0.098,0.192,0.267,0.172,0.054,4,-0.125,False,False,False,,True
faltered,3,payroll_pit AND investment AND culture,payroll_pit;investment;culture,111,0.747,0.443,199,37,0.416,0.137,0.135,0.141,0.167,0.103,0.081,4,-0.125,False,False,False,,True
faltered,3,single_tax AND investment AND education,single_tax;investment;education,111,0.747,0.435,195,35,0.412,0.13,0.135,0.128,0.167,0.069,0.081,4,-0.125,False,False,False,,True
faltered,3,property_tax AND single_tax AND contestation,property_tax;single_tax;contestation,111,0.747,0.434,199,41,0.456,0.152,0.15,0.167,0.167,0.103,0.162,4,-0.125,False,False,False,,True
faltered,3,property_tax AND investment AND education,property_tax;investment;education,111,0.747,0.432,198,35,0.385,0.13,0.135,0.115,0.2,0.069,0.068,4,-0.125,False,False,False,,True
faltered,3,NOT social AND NOT extracurricular AND small,social;extracurricular;small,001,0.747,0.409,198,51,0.425,0.189,0.195,0.179,0.133,0.241,0.162,4,-0.125,False,False,False,,True
faltered,3,investment AND NOT extracurricular AND small,investment;extracurricular;small,101,0.747,0.404,184,46,0.455,0.17,0.173,0.192,0.133,0.138,0.108,4,-0.125,False,False,False,,True
faltered,3,NOT property_tax AND NOT single_tax AND NOT payroll_pit,property_tax;single_tax;payroll_pit,000,0.746,0.504,302,76,0.5,0.281,0.293,0.308,0.233,0.207,0.284,4,-0.126,False,False,False,,True
faltered,3,property_tax AND autonomy AND social,property_tax;autonomy;social,111,0.746,0.464,249,54,0.514,0.2,0.135,0.269,0.3,0.207,0.149,4,-0.126,False,False,False,,True
faltered,3,local_tax_base AND culture AND education,local_tax_base;culture;education,111,0.746,0.457,220,38,0.409,0.141,0.15,0.128,0.1,0.172,0.122,4,-0.126,False,False,False,,True
faltered,3,local_tax_base AND property_tax AND social,local_tax_base;property_tax;social,111,0.746,0.44,206,39,0.443,0.144,0.12,0.179,0.133,0.172,0.122,4,-0.126,False,False,False,,True
faltered,3,payroll_pit AND autonomy AND culture,payroll_pit;autonomy;culture,111,0.745,0.486,256,51,0.5,0.189,0.158,0.218,0.3,0.138,0.135,4,-0.127,False,False,False,,True
faltered,3,local_tax_base AND single_tax AND culture,local_tax_base;single_tax;culture,111,0.745,0.456,214,40,0.465,0.148,0.135,0.154,0.1,0.241,0.108,4,-0.127,False,False,False,,True
faltered,3,property_tax AND social AND balance,property_tax;social;balance,111,0.745,0.449,215,36,0.387,0.133,0.113,0.103,0.267,0.172,0.122,4,-0.127,False,False,False,,True
faltered,3,investment AND culture AND education,investment;culture;education,111,0.745,0.444,205,31,0.348,0.115,0.128,0.103,0.167,0.034,0.054,3,-0.127,False,False,False,,True
faltered,3,local_tax_base AND education AND NOT extracurricular,local_tax_base;education;extracurricular,110,0.745,0.407,187,39,0.438,0.144,0.135,0.167,0.1,0.172,0.095,4,-0.127,False,False,False,,True
faltered,3,single_tax AND autonomy AND social,single_tax;autonomy;social,111,0.744,0.46,224,40,0.471,0.148,0.128,0.179,0.233,0.069,0.149,3,-0.128,False,False,False,,True
faltered,3,local_tax_base AND culture AND small,local_tax_base;culture;small,111,0.744,0.452,225,48,0.44,0.178,0.18,0.167,0.133,0.241,0.176,4,-0.128,False,False,False,,True
faltered,3,single_tax AND investment AND culture,single_tax;investment;culture,111,0.744,0.436,197,31,0.373,0.115,0.113,0.115,0.133,0.103,0.054,4,-0.128,False,False,False,,True
faltered,3,NOT single_tax AND NOT payroll_pit AND NOT autonomy,single_tax;payroll_pit;autonomy,000,0.743,0.492,294,76,0.484,0.281,0.301,0.308,0.167,0.241,0.338,4,-0.129,False,False,False,,True
faltered,3,property_tax AND autonomy AND culture,property_tax;autonomy;culture,111,0.743,0.466,245,51,0.477,0.189,0.158,0.218,0.3,0.138,0.162,4,-0.129,False,False,False,,True
faltered,3,social AND education AND small,social;education;small,111,0.742,0.458,233,50,0.505,0.185,0.188,0.205,0.167,0.138,0.149,4,-0.13,False,False,False,,True
faltered,3,local_tax_base AND single_tax AND education,local_tax_base;single_tax;education,111,0.742,0.456,224,39,0.481,0.144,0.15,0.154,0.067,0.172,0.108,3,-0.13,False,False,False,,True
faltered,3,single_tax AND autonomy AND investment,single_tax;autonomy;investment,111,0.742,0.431,193,34,0.354,0.126,0.105,0.167,0.2,0.034,0.054,3,-0.13,False,False,False,,True
faltered,3,single_tax AND culture AND NOT extracurricular,single_tax;culture;extracurricular,110,0.742,0.424,198,39,0.433,0.144,0.105,0.179,0.167,0.207,0.027,4,-0.13,False,False,False,,True
faltered,3,property_tax AND culture AND balance,property_tax;culture;balance,111,0.741,0.455,220,38,0.362,0.141,0.158,0.09,0.233,0.103,0.162,4,-0.131,False,False,False,,True
faltered,3,property_tax AND payroll_pit AND investment,property_tax;payroll_pit;investment,111,0.741,0.448,220,50,0.467,0.185,0.143,0.244,0.267,0.138,0.081,4,-0.131,False,False,False,,True
faltered,3,payroll_pit AND autonomy AND investment,payroll_pit;autonomy;investment,111,0.74,0.46,232,55,0.451,0.204,0.165,0.269,0.233,0.172,0.108,4,-0.132,False,False,False,,True
faltered,3,property_tax AND investment AND culture,property_tax;investment;culture,111,0.74,0.436,204,38,0.392,0.141,0.143,0.141,0.2,0.069,0.081,3,-0.132,False,False,False,,True
faltered,3,local_tax_base AND NOT payroll_pit AND NOT extracurricular,local_tax_base;payroll_pit;extracurricular,100,0.74,0.434,210,48,0.4,0.178,0.203,0.167,0.1,0.172,0.243,4,-0.132,False,False,False,,True
faltered,3,single_tax AND education AND NOT extracurricular,single_tax;education;extracurricular,110,0.74,0.424,211,45,0.479,0.167,0.15,0.179,0.2,0.172,0.095,4,-0.132,False,False,False,,True
faltered,3,property_tax AND education AND NOT extracurricular,property_tax;education;extracurricular,110,0.739,0.423,220,46,0.46,0.17,0.135,0.218,0.2,0.172,0.081,4,-0.133,False,False,False,,True
faltered,3,local_tax_base AND single_tax AND NOT extracurricular,local_tax_base;single_tax;extracurricular,110,0.739,0.416,190,38,0.422,0.141,0.128,0.167,0.067,0.207,0.081,3,-0.133,False,False,False,,True
faltered,3,property_tax AND payroll_pit AND small,property_tax;payroll_pit;small,111,0.738,0.476,262,63,0.562,0.233,0.188,0.282,0.3,0.241,0.135,4,-0.134,False,False,False,,True
faltered,3,social AND culture AND small,social;culture;small,111,0.738,0.447,214,39,0.438,0.144,0.128,0.154,0.167,0.172,0.095,4,-0.134,False,False,False,,True
faltered,3,property_tax AND social AND small,property_tax;social;small,111,0.738,0.441,226,48,0.505,0.178,0.135,0.231,0.233,0.172,0.095,4,-0.134,False,False,False,,True
faltered,3,payroll_pit AND autonomy AND social,payroll_pit;autonomy;social,111,0.737,0.489,276,59,0.527,0.219,0.165,0.269,0.333,0.207,0.189,4,-0.135,False,False,False,,True
faltered,3,local_tax_base AND single_tax AND small,local_tax_base;single_tax;small,111,0.737,0.455,238,46,0.438,0.17,0.173,0.192,0.1,0.172,0.135,4,-0.135,False,False,False,,True
faltered,3,culture AND education AND NOT extracurricular,culture;education;extracurricular,110,0.736,0.435,224,42,0.412,0.156,0.135,0.167,0.2,0.172,0.068,4,-0.136,False,False,False,,True
faltered,3,local_tax_base AND education AND small,local_tax_base;education;small,111,0.735,0.46,252,46,0.418,0.17,0.18,0.192,0.067,0.172,0.135,3,-0.137,False,False,False,,True
faltered,3,single_tax AND payroll_pit AND small,single_tax;payroll_pit;small,111,0.734,0.481,269,64,0.552,0.237,0.218,0.244,0.333,0.207,0.162,4,-0.138,False,False,False,,True
faltered,3,property_tax AND single_tax AND autonomy,property_tax;single_tax;autonomy,111,0.734,0.473,256,54,0.47,0.2,0.165,0.244,0.333,0.103,0.162,4,-0.138,False,False,False,,True
faltered,3,property_tax AND single_tax AND NOT extracurricular,property_tax;single_tax;extracurricular,110,0.734,0.42,207,45,0.469,0.167,0.113,0.231,0.2,0.207,0.081,4,-0.138,False,False,False,,True
faltered,3,property_tax AND payroll_pit AND autonomy,property_tax;payroll_pit;autonomy,111,0.733,0.498,294,68,0.527,0.252,0.195,0.308,0.367,0.241,0.203,4,-0.139,False,False,False,,True
faltered,3,property_tax AND single_tax AND investment,property_tax;single_tax;investment,111,0.733,0.435,200,38,0.4,0.141,0.113,0.179,0.233,0.069,0.054,3,-0.139,False,False,False,,True
faltered,3,payroll_pit AND education AND small,payroll_pit;education;small,111,0.732,0.493,280,64,0.533,0.237,0.233,0.244,0.267,0.207,0.176,4,-0.14,False,False,False,,True
faltered,3,property_tax AND culture AND NOT extracurricular,property_tax;culture;extracurricular,110,0.732,0.424,216,45,0.437,0.167,0.12,0.218,0.2,0.207,0.068,4,-0.14,False,False,False,,True
faltered,3,payroll_pit AND culture AND small,payroll_pit;culture;small,111,0.731,0.475,253,53,0.491,0.196,0.173,0.205,0.233,0.241,0.108,4,-0.141,False,False,False,,True
faltered,3,local_tax_base AND property_tax AND education,local_tax_base;property_tax;education,111,0.731,0.46,245,43,0.41,0.159,0.158,0.179,0.1,0.172,0.122,4,-0.141,False,False,False,,True
faltered,3,single_tax AND NOT extracurricular AND small,single_tax;extracurricular;small,101,0.731,0.432,235,53,0.469,0.196,0.165,0.244,0.233,0.172,0.108,4,-0.141,False,False,False,,True
faltered,3,payroll_pit AND social AND education,payroll_pit;social;education,111,0.73,0.482,254,50,0.515,0.185,0.173,0.192,0.233,0.172,0.176,4,-0.142,False,False,False,,True
faltered,3,single_tax AND payroll_pit AND autonomy,single_tax;payroll_pit;autonomy,111,0.729,0.5,293,63,0.5,0.233,0.211,0.282,0.333,0.103,0.203,3,-0.143,False,False,False,,True
faltered,3,local_tax_base AND property_tax AND single_tax,local_tax_base;property_tax;single_tax,111,0.729,0.465,242,45,0.437,0.167,0.165,0.179,0.1,0.207,0.162,4,-0.143,False,False,False,,True
faltered,3,single_tax AND payroll_pit AND investment,single_tax;payroll_pit;investment,111,0.729,0.447,223,45,0.429,0.167,0.15,0.205,0.233,0.069,0.095,3,-0.143,False,False,False,,True
faltered,3,culture AND NOT extracurricular AND small,culture;extracurricular;small,101,0.728,0.439,239,53,0.449,0.196,0.173,0.231,0.167,0.241,0.108,4,-0.144,False,False,False,,True
faltered,3,single_tax AND social AND education,single_tax;social;education,111,0.727,0.471,250,48,0.505,0.178,0.18,0.167,0.2,0.172,0.162,4,-0.145,False,False,False,,True
faltered,3,property_tax AND social AND education,property_tax;social;education,111,0.726,0.464,252,48,0.48,0.178,0.15,0.205,0.233,0.172,0.135,4,-0.146,False,False,False,,True
faltered,3,local_tax_base AND property_tax AND culture,local_tax_base;property_tax;culture,111,0.725,0.462,244,48,0.414,0.178,0.188,0.154,0.167,0.207,0.189,4,-0.147,False,False,False,,True
faltered,3,single_tax AND culture AND small,single_tax;culture;small,111,0.724,0.479,262,53,0.461,0.196,0.165,0.205,0.233,0.276,0.122,4,-0.148,False,False,False,,True
faltered,3,local_tax_base AND property_tax AND NOT extracurricular,local_tax_base;property_tax;extracurricular,110,0.724,0.43,222,48,0.407,0.178,0.158,0.218,0.133,0.207,0.135,4,-0.148,False,False,False,,True
faltered,3,property_tax AND payroll_pit AND education,property_tax;payroll_pit;education,111,0.723,0.501,293,61,0.517,0.226,0.203,0.231,0.3,0.241,0.162,4,-0.149,False,False,False,,True
faltered,3,social AND culture AND education,social;culture;education,111,0.723,0.481,263,46,0.438,0.17,0.18,0.141,0.2,0.172,0.162,4,-0.149,False,False,False,,True
faltered,3,property_tax AND single_tax AND small,property_tax;single_tax;small,111,0.723,0.477,277,59,0.496,0.219,0.173,0.244,0.3,0.276,0.135,4,-0.149,False,False,False,,True
faltered,3,property_tax AND payroll_pit AND social,property_tax;payroll_pit;social,111,0.722,0.484,288,60,0.508,0.222,0.158,0.295,0.3,0.241,0.162,4,-0.15,False,False,False,,True
faltered,3,single_tax AND social AND culture,single_tax;social;culture,111,0.722,0.473,252,40,0.435,0.148,0.15,0.141,0.167,0.138,0.135,4,-0.15,False,False,False,,True
faltered,3,property_tax AND education AND small,property_tax;education;small,111,0.721,0.492,302,62,0.477,0.23,0.218,0.244,0.233,0.241,0.162,4,-0.151,False,False,False,,True
faltered,3,payroll_pit AND social AND culture,payroll_pit;social;culture,111,0.721,0.483,264,46,0.451,0.17,0.158,0.167,0.233,0.172,0.162,4,-0.151,False,False,False,,True
faltered,3,education AND NOT extracurricular AND small,education;extracurricular;small,101,0.72,0.446,266,59,0.468,0.219,0.211,0.256,0.2,0.172,0.162,4,-0.152,False,False,False,,True
faltered,3,local_tax_base AND property_tax AND small,local_tax_base;property_tax;small,111,0.719,0.47,269,55,0.426,0.204,0.218,0.205,0.133,0.207,0.203,4,-0.153,False,False,False,,True
faltered,3,single_tax AND education AND small,single_tax;education;small,111,0.718,0.496,299,64,0.508,0.237,0.233,0.231,0.267,0.241,0.176,4,-0.154,False,False,False,,True
faltered,3,single_tax AND payroll_pit AND social,single_tax;payroll_pit;social,111,0.718,0.489,284,55,0.495,0.204,0.203,0.205,0.267,0.138,0.23,4,-0.154,False,False,False,,True
faltered,3,property_tax AND single_tax AND social,property_tax;single_tax;social,111,0.718,0.468,265,49,0.48,0.181,0.15,0.205,0.267,0.172,0.162,4,-0.154,False,False,False,,True
faltered,3,property_tax AND NOT extracurricular AND small,property_tax;extracurricular;small,101,0.717,0.438,254,56,0.452,0.207,0.165,0.282,0.2,0.207,0.122,4,-0.155,False,False,False,,True
faltered,3,property_tax AND culture AND small,property_tax;culture;small,111,0.716,0.477,280,60,0.469,0.222,0.195,0.218,0.267,0.31,0.149,4,-0.156,False,False,False,,True
faltered,3,local_tax_base AND NOT extracurricular AND small,local_tax_base;extracurricular;small,101,0.715,0.44,255,56,0.409,0.207,0.195,0.244,0.1,0.276,0.162,3,-0.157,False,False,False,,True
faltered,3,property_tax AND payroll_pit AND culture,property_tax;payroll_pit;culture,111,0.714,0.498,300,60,0.496,0.222,0.188,0.244,0.3,0.241,0.162,4,-0.158,False,False,False,,True
faltered,3,payroll_pit AND culture AND education,payroll_pit;culture;education,111,0.713,0.509,303,58,0.475,0.215,0.203,0.192,0.267,0.276,0.176,4,-0.159,False,False,False,,True
faltered,3,culture AND education AND small,culture;education;small,111,0.713,0.5,301,59,0.44,0.219,0.226,0.192,0.2,0.276,0.176,4,-0.159,False,False,False,,True
faltered,3,property_tax AND social AND culture,property_tax;social;culture,111,0.712,0.464,269,45,0.413,0.167,0.143,0.179,0.233,0.172,0.122,4,-0.16,False,False,False,,True
faltered,3,single_tax AND payroll_pit AND education,single_tax;payroll_pit;education,111,0.711,0.513,312,65,0.516,0.241,0.233,0.218,0.3,0.276,0.189,4,-0.161,False,False,False,,True
faltered,3,single_tax AND payroll_pit AND culture,single_tax;payroll_pit;culture,111,0.711,0.508,307,58,0.479,0.215,0.195,0.218,0.267,0.241,0.176,4,-0.161,False,False,False,,True
faltered,3,property_tax AND single_tax AND education,property_tax;single_tax;education,111,0.711,0.494,291,56,0.483,0.207,0.18,0.205,0.267,0.276,0.149,4,-0.161,False,False,False,,True
faltered,3,property_tax AND single_tax AND payroll_pit,property_tax;single_tax;payroll_pit,111,0.709,0.508,313,70,0.53,0.259,0.226,0.282,0.367,0.241,0.216,4,-0.163,False,False,False,,True
faltered,3,single_tax AND culture AND education,single_tax;culture;education,111,0.708,0.505,300,55,0.447,0.204,0.195,0.179,0.233,0.276,0.149,4,-0.164,False,False,False,,True
faltered,3,property_tax AND single_tax AND culture,property_tax;single_tax;culture,111,0.708,0.489,287,55,0.47,0.204,0.165,0.218,0.267,0.276,0.149,4,-0.164,False,False,False,,True
faltered,3,property_tax AND culture AND education,property_tax;culture;education,111,0.707,0.496,301,54,0.429,0.2,0.188,0.179,0.267,0.241,0.149,4,-0.165,False,False,False,,True
held_up,1,investment,investment,1,0.692,0.704,549,160,0.556,0.584,0.646,0.538,0.471,0.591,0.639,4,0.007,False,False,False,,True
held_up,1,NOT extracurricular,extracurricular,0,0.69,0.674,535,153,0.552,0.558,0.575,0.527,0.618,0.5,0.569,4,0.005,False,False,False,,True
held_up,1,local_tax_base,local_tax_base,1,0.684,0.696,549,140,0.526,0.511,0.512,0.495,0.529,0.545,0.458,4,-0.001,False,False,False,,True
held_up,1,single_tax,single_tax,1,0.681,0.692,547,135,0.538,0.493,0.598,0.407,0.324,0.5,0.625,4,-0.004,False,False,False,,True
held_up,1,culture,culture,1,0.677,0.689,549,138,0.541,0.504,0.591,0.418,0.5,0.364,0.611,4,-0.008,False,False,False,,True
held_up,1,education,education,1,0.676,0.687,547,134,0.532,0.489,0.575,0.418,0.412,0.409,0.611,4,-0.009,False,False,False,,True
held_up,1,NOT autonomy,autonomy,0,0.676,0.66,536,146,0.523,0.533,0.449,0.615,0.676,0.455,0.417,4,-0.009,False,False,False,,True
held_up,1,contestation,contestation,1,0.675,0.687,549,145,0.541,0.529,0.512,0.593,0.441,0.5,0.514,4,-0.01,False,False,False,,True
held_up,1,property_tax,property_tax,1,0.674,0.685,547,134,0.508,0.489,0.591,0.407,0.441,0.318,0.597,4,-0.011,False,False,False,,True
held_up,1,social,social,1,0.673,0.688,552,132,0.534,0.482,0.52,0.407,0.559,0.455,0.528,4,-0.012,False,False,False,,True
held_up,1,balance,balance,1,0.673,0.686,549,149,0.554,0.544,0.535,0.495,0.706,0.545,0.569,4,-0.012,False,False,False,,True
held_up,1,autonomy,autonomy,1,0.67,0.681,548,128,0.483,0.467,0.551,0.385,0.324,0.545,0.583,4,-0.015,False,False,False,,True
held_up,1,NOT small,small,0,0.666,0.65,538,132,0.5,0.482,0.386,0.582,0.529,0.545,0.306,4,-0.019,False,False,False,,True
held_up,1,small,small,1,0.665,0.676,546,142,0.507,0.518,0.614,0.418,0.471,0.455,0.694,4,-0.02,False,False,False,,True
held_up,1,NOT payroll_pit,payroll_pit,0,0.664,0.65,538,156,0.542,0.569,0.449,0.637,0.706,0.773,0.389,4,-0.021,False,False,False,,True
held_up,1,NOT contestation,contestation,0,0.663,0.647,535,129,0.467,0.471,0.488,0.407,0.559,0.5,0.486,4,-0.022,False,False,False,,True
held_up,1,payroll_pit,payroll_pit,1,0.662,0.672,546,118,0.461,0.431,0.551,0.363,0.294,0.227,0.611,4,-0.023,False,False,False,,True
held_up,1,NOT social,social,0,0.661,0.642,532,142,0.478,0.518,0.48,0.593,0.441,0.545,0.472,4,-0.024,False,False,False,,True
held_up,1,NOT local_tax_base,local_tax_base,0,0.66,0.644,535,134,0.482,0.489,0.488,0.505,0.471,0.455,0.542,4,-0.025,False,False,False,,True
held_up,1,NOT culture,culture,0,0.66,0.644,535,136,0.471,0.496,0.409,0.582,0.5,0.636,0.389,4,-0.025,False,False,False,,True
held_up,1,NOT property_tax,property_tax,0,0.659,0.644,537,140,0.5,0.511,0.409,0.593,0.559,0.682,0.403,4,-0.026,False,False,False,,True
held_up,1,NOT balance,balance,0,0.659,0.642,535,125,0.455,0.456,0.465,0.505,0.294,0.455,0.431,4,-0.026,False,False,False,,True
held_up,1,NOT education,education,0,0.658,0.643,537,140,0.479,0.511,0.425,0.582,0.588,0.591,0.389,4,-0.027,False,False,False,,True
held_up,1,NOT investment,investment,0,0.652,0.636,535,114,0.445,0.416,0.354,0.462,0.529,0.409,0.361,4,-0.033,False,False,False,,True
held_up,1,NOT single_tax,single_tax,0,0.651,0.635,537,139,0.474,0.507,0.402,0.593,0.676,0.5,0.375,4,-0.034,False,False,False,,True
held_up,1,extracurricular,extracurricular,1,0.65,0.661,549,121,0.453,0.442,0.425,0.473,0.382,0.5,0.431,4,-0.035,False,False,False,,True
held_up,2,education AND NOT small,education;small,10,0.814,0.448,142,36,0.571,0.131,0.134,0.165,0.059,0.091,0.111,3,-0.001,False,False,False,,True
held_up,2,single_tax AND NOT payroll_pit,single_tax;payroll_pit,10,0.812,0.448,137,48,0.658,0.175,0.173,0.154,0.118,0.364,0.194,4,-0.003,False,False,False,,True
held_up,2,NOT extracurricular AND NOT small,extracurricular;small,00,0.809,0.452,161,46,0.575,0.168,0.134,0.198,0.206,0.182,0.083,4,-0.006,False,False,False,,True
held_up,2,single_tax AND NOT small,single_tax;small,10,0.808,0.477,195,51,0.567,0.186,0.236,0.165,0.088,0.136,0.194,3,-0.007,False,False,False,,True
held_up,2,single_tax AND NOT education,single_tax;education,10,0.802,0.456,164,50,0.556,0.182,0.244,0.143,0.088,0.136,0.25,3,-0.013,False,False,False,,True
held_up,2,culture AND NOT small,culture;small,10,0.8,0.47,200,48,0.545,0.175,0.181,0.176,0.206,0.091,0.153,4,-0.015,False,False,False,,True
held_up,2,property_tax AND NOT small,property_tax;small,10,0.797,0.46,178,45,0.489,0.164,0.22,0.143,0.118,0.0,0.222,3,-0.018,False,False,False,,True
held_up,2,NOT payroll_pit AND education,payroll_pit;education,01,0.797,0.456,174,58,0.624,0.212,0.22,0.165,0.235,0.318,0.236,4,-0.018,False,False,False,,True
held_up,2,payroll_pit AND NOT autonomy,payroll_pit;autonomy,10,0.797,0.447,147,34,0.472,0.124,0.142,0.099,0.176,0.045,0.139,3,-0.018,False,False,False,,True
held_up,2,NOT payroll_pit AND culture,payroll_pit;culture,01,0.796,0.457,178,59,0.596,0.215,0.22,0.176,0.324,0.182,0.194,4,-0.019,False,False,False,,True
held_up,2,NOT extracurricular AND balance,extracurricular;balance,01,0.795,0.488,218,76,0.644,0.277,0.315,0.209,0.382,0.182,0.347,4,-0.02,False,False,False,,True
held_up,2,local_tax_base AND NOT small,local_tax_base;small,10,0.795,0.47,194,40,0.455,0.146,0.11,0.187,0.206,0.091,0.056,4,-0.02,False,False,False,,True
held_up,2,single_tax AND NOT culture,single_tax;culture,10,0.795,0.459,174,48,0.522,0.175,0.205,0.143,0.118,0.227,0.222,4,-0.02,False,False,False,,True
held_up,2,NOT property_tax AND single_tax,property_tax;single_tax,01,0.794,0.458,173,49,0.563,0.179,0.181,0.176,0.147,0.227,0.208,4,-0.021,False,False,False,,True
held_up,2,culture AND NOT education,culture;education,10,0.793,0.445,154,38,0.469,0.139,0.173,0.077,0.176,0.136,0.181,4,-0.022,False,False,False,,True
held_up,2,property_tax AND NOT payroll_pit,property_tax;payroll_pit,10,0.792,0.448,160,56,0.589,0.204,0.189,0.198,0.265,0.227,0.153,4,-0.023,False,False,False,,True
held_up,2,NOT extracurricular AND contestation,extracurricular;contestation,01,0.791,0.496,232,79,0.658,0.288,0.26,0.341,0.324,0.182,0.25,4,-0.024,False,False,False,,True
held_up,2,NOT payroll_pit AND autonomy,payroll_pit;autonomy,01,0.791,0.445,149,44,0.543,0.161,0.142,0.121,0.206,0.364,0.111,4,-0.024,False,False,False,,True
held_up,2,NOT culture AND education,culture;education,01,0.79,0.442,152,34,0.436,0.124,0.157,0.077,0.088,0.182,0.181,4,-0.025,False,False,False,,True
held_up,2,NOT single_tax AND culture,single_tax;culture,01,0.788,0.455,176,51,0.531,0.186,0.197,0.154,0.294,0.091,0.208,3,-0.027,False,False,False,,True
held_up,2,NOT single_tax AND education,single_tax;education,01,0.788,0.448,164,49,0.538,0.179,0.22,0.154,0.176,0.045,0.236,3,-0.027,False,False,False,,True
held_up,2,NOT property_tax AND education,property_tax;education,01,0.787,0.457,177,46,0.5,0.168,0.22,0.121,0.088,0.182,0.25,4,-0.028,False,False,False,,True
held_up,2,single_tax AND NOT autonomy,single_tax;autonomy,10,0.786,0.48,212,55,0.539,0.201,0.189,0.176,0.235,0.318,0.194,4,-0.029,False,False,False,,True
held_up,2,local_tax_base AND NOT property_tax,local_tax_base;property_tax,10,0.785,0.464,190,43,0.494,0.157,0.134,0.176,0.147,0.227,0.111,4,-0.03,False,False,False,,True
held_up,2,NOT property_tax AND culture,property_tax;culture,01,0.785,0.453,173,43,0.512,0.157,0.189,0.143,0.118,0.091,0.222,4,-0.03,False,False,False,,True
held_up,2,NOT property_tax AND payroll_pit,property_tax;payroll_pit,01,0.785,0.444,159,40,0.46,0.146,0.15,0.154,0.118,0.136,0.167,4,-0.03,False,False,False,,True
held_up,2,NOT autonomy AND investment,autonomy;investment,01,0.784,0.489,240,66,0.545,0.241,0.228,0.242,0.324,0.182,0.194,4,-0.031,False,False,False,,True
held_up,2,NOT payroll_pit AND social,payroll_pit;social,01,0.783,0.459,185,58,0.63,0.212,0.173,0.187,0.382,0.273,0.125,4,-0.032,False,False,False,,True
held_up,2,local_tax_base AND autonomy,local_tax_base;autonomy,11,0.782,0.509,236,61,0.55,0.223,0.26,0.165,0.206,0.273,0.264,4,-0.033,False,False,False,,True
held_up,2,property_tax AND NOT autonomy,property_tax;autonomy,10,0.782,0.467,196,52,0.547,0.19,0.165,0.22,0.235,0.136,0.111,4,-0.033,False,False,False,,True
held_up,2,NOT education AND small,education;small,01,0.782,0.431,141,44,0.484,0.161,0.173,0.165,0.118,0.136,0.194,4,-0.033,False,False,False,,True
held_up,2,autonomy AND NOT extracurricular,autonomy;extracurricular,10,0.781,0.498,236,64,0.571,0.234,0.276,0.154,0.235,0.318,0.306,4,-0.034,False,False,False,,True
held_up,2,NOT single_tax AND payroll_pit,single_tax;payroll_pit,01,0.781,0.43,136,31,0.397,0.113,0.126,0.11,0.088,0.091,0.181,4,-0.034,False,False,False,,True
held_up,2,education AND balance,education;balance,11,0.779,0.546,275,83,0.648,0.303,0.323,0.275,0.294,0.318,0.361,4,-0.036,False,False,False,,True
held_up,2,single_tax AND NOT social,single_tax;social,10,0.779,0.467,209,63,0.548,0.23,0.26,0.209,0.176,0.227,0.264,4,-0.036,False,False,False,,True
held_up,2,property_tax AND NOT education,property_tax;education,10,0.779,0.452,177,46,0.442,0.168,0.236,0.11,0.118,0.091,0.236,4,-0.036,False,False,False,,True
held_up,2,payroll_pit AND NOT education,payroll_pit;education,10,0.779,0.445,173,42,0.433,0.153,0.197,0.11,0.118,0.136,0.236,4,-0.036,False,False,False,,True
held_up,2,balance AND small,balance;small,11,0.778,0.504,232,73,0.598,0.266,0.331,0.176,0.294,0.227,0.417,4,-0.037,False,False,False,,True
held_up,2,NOT autonomy AND contestation,autonomy;contestation,01,0.778,0.487,241,70,0.583,0.255,0.197,0.33,0.324,0.182,0.181,4,-0.037,False,False,False,,True
held_up,2,NOT local_tax_base AND property_tax,local_tax_base;property_tax,01,0.778,0.459,188,37,0.435,0.135,0.213,0.088,0.059,0.0,0.25,2,-0.037,False,False,False,,False
held_up,2,local_tax_base AND balance,local_tax_base;balance,11,0.777,0.519,257,75,0.586,0.274,0.283,0.231,0.353,0.273,0.319,4,-0.038,False,False,False,,True
held_up,2,NOT contestation AND balance,contestation;balance,01,0.777,0.493,242,74,0.578,0.27,0.244,0.253,0.382,0.318,0.278,4,-0.038,False,False,False,,True
held_up,2,NOT property_tax AND small,property_tax;small,01,0.777,0.449,177,53,0.491,0.193,0.244,0.154,0.147,0.136,0.319,4,-0.038,False,False,False,,True
held_up,2,investment AND education,investment;education,11,0.776,0.529,276,78,0.605,0.285,0.346,0.242,0.235,0.182,0.347,4,-0.039,False,False,False,,True
held_up,2,culture AND contestation,culture;contestation,11,0.776,0.517,259,65,0.58,0.237,0.315,0.198,0.176,0.045,0.319,3,-0.039,False,False,False,,True
held_up,2,single_tax AND investment,single_tax;investment,11,0.775,0.545,288,85,0.607,0.31,0.417,0.264,0.147,0.136,0.431,2,-0.04,False,False,False,,False
held_up,2,investment AND NOT extracurricular,investment;extracurricular,10,0.775,0.521,282,88,0.561,0.321,0.362,0.286,0.294,0.273,0.347,4,-0.04,False,False,False,,True
held_up,2,local_tax_base AND contestation,local_tax_base;contestation,11,0.775,0.52,262,74,0.597,0.27,0.244,0.286,0.324,0.273,0.208,4,-0.04,False,False,False,,True
held_up,2,contestation AND small,contestation;small,11,0.775,0.494,250,67,0.554,0.245,0.244,0.264,0.235,0.182,0.278,4,-0.04,False,False,False,,True
held_up,2,local_tax_base AND payroll_pit,local_tax_base;payroll_pit,11,0.775,0.487,223,43,0.462,0.157,0.197,0.132,0.118,0.091,0.208,4,-0.04,False,False,False,,True
held_up,2,payroll_pit AND NOT small,payroll_pit;small,10,0.775,0.476,225,51,0.472,0.186,0.22,0.176,0.118,0.136,0.208,4,-0.04,False,False,False,,True
held_up,2,property_tax AND NOT single_tax,property_tax;single_tax,10,0.775,0.447,173,48,0.48,0.175,0.173,0.176,0.265,0.045,0.181,3,-0.04,False,False,False,,True
held_up,2,single_tax AND contestation,single_tax;contestation,11,0.774,0.53,278,74,0.574,0.27,0.331,0.242,0.176,0.182,0.319,4,-0.041,False,False,False,,True
held_up,2,education AND contestation,education;contestation,11,0.774,0.507,249,62,0.579,0.226,0.276,0.198,0.206,0.091,0.278,3,-0.041,False,False,False,,True
held_up,2,NOT autonomy AND culture,autonomy;culture,01,0.774,0.497,238,68,0.576,0.248,0.283,0.231,0.235,0.136,0.264,4,-0.041,False,False,False,,True
held_up,2,local_tax_base AND extracurricular,local_tax_base;extracurricular,11,0.774,0.49,206,39,0.459,0.142,0.11,0.198,0.088,0.182,0.056,4,-0.041,False,False,False,,True
held_up,2,NOT local_tax_base AND single_tax,local_tax_base;single_tax,01,0.774,0.486,234,62,0.534,0.226,0.291,0.198,0.147,0.091,0.319,3,-0.041,False,False,False,,True
held_up,2,NOT autonomy AND social,autonomy;social,01,0.774,0.482,222,60,0.571,0.219,0.189,0.22,0.353,0.182,0.167,4,-0.041,False,False,False,,True
held_up,2,NOT local_tax_base AND NOT extracurricular,local_tax_base;extracurricular,00,0.774,0.457,192,52,0.542,0.19,0.173,0.231,0.176,0.136,0.167,4,-0.041,False,False,False,,True
held_up,2,single_tax AND balance,single_tax;balance,11,0.773,0.548,292,81,0.614,0.296,0.378,0.231,0.147,0.318,0.389,3,-0.042,False,False,False,,True
held_up,2,social AND NOT extracurricular,social;extracurricular,10,0.773,0.5,243,60,0.556,0.219,0.252,0.154,0.265,0.227,0.264,4,-0.042,False,False,False,,True
held_up,2,NOT property_tax AND investment,property_tax;investment,01,0.773,0.494,247,72,0.55,0.263,0.181,0.319,0.265,0.5,0.153,4,-0.042,False,False,False,,True
held_up,2,property_tax AND NOT culture,property_tax;culture,10,0.773,0.445,171,39,0.419,0.142,0.189,0.132,0.059,0.045,0.208,2,-0.042,False,False,False,,False
held_up,2,NOT autonomy AND balance,autonomy;balance,01,0.772,0.489,235,72,0.59,0.263,0.181,0.308,0.441,0.273,0.139,4,-0.043,False,False,False,,True
held_up,2,social AND NOT education,social;education,10,0.772,0.478,222,60,0.545,0.219,0.213,0.154,0.382,0.273,0.25,4,-0.043,False,False,False,,True
held_up,2,NOT single_tax AND social,single_tax;social,01,0.772,0.467,214,60,0.541,0.219,0.181,0.209,0.412,0.182,0.167,4,-0.043,False,False,False,,True
held_up,2,NOT property_tax AND social,property_tax;social,01,0.772,0.465,196,51,0.548,0.186,0.15,0.154,0.324,0.318,0.125,4,-0.043,False,False,False,,True
held_up,2,NOT single_tax AND small,single_tax;small,01,0.772,0.455,194,58,0.487,0.212,0.252,0.176,0.235,0.091,0.264,3,-0.043,False,False,False,,True
held_up,2,investment AND contestation,investment;contestation,11,0.771,0.539,282,83,0.589,0.303,0.339,0.308,0.147,0.318,0.333,3,-0.044,False,False,False,,True
held_up,2,NOT property_tax AND NOT extracurricular,property_tax;extracurricular,00,0.771,0.482,235,71,0.559,0.259,0.22,0.308,0.294,0.227,0.222,4,-0.044,False,False,False,,True
held_up,2,NOT autonomy AND NOT small,autonomy;small,00,0.771,0.468,238,61,0.517,0.223,0.094,0.352,0.353,0.227,0.056,3,-0.044,False,False,False,,True
held_up,2,NOT contestation AND NOT small,contestation;small,00,0.771,0.46,239,54,0.462,0.197,0.118,0.253,0.324,0.227,0.069,4,-0.044,False,False,False,,True
held_up,2,investment AND social,investment;social,11,0.77,0.543,299,85,0.586,0.31,0.378,0.242,0.235,0.318,0.389,4,-0.045,False,False,False,,True
held_up,2,investment AND NOT balance,investment;balance,10,0.77,0.498,256,67,0.515,0.245,0.252,0.286,0.118,0.227,0.222,3,-0.045,False,False,False,,True
held_up,2,NOT payroll_pit AND investment,payroll_pit;investment,01,0.77,0.491,252,79,0.581,0.288,0.26,0.297,0.294,0.409,0.236,4,-0.045,False,False,False,,True
held_up,2,NOT payroll_pit AND small,payroll_pit;small,01,0.77,0.473,225,75,0.568,0.274,0.283,0.231,0.294,0.364,0.292,4,-0.045,False,False,False,,True
held_up,2,social AND NOT culture,social;culture,10,0.77,0.463,207,46,0.455,0.168,0.173,0.11,0.265,0.227,0.194,4,-0.045,False,False,False,,True
held_up,2,payroll_pit AND NOT culture,payroll_pit;culture,10,0.77,0.44,175,39,0.39,0.142,0.181,0.121,0.118,0.045,0.194,3,-0.045,False,False,False,,True
held_up,2,NOT property_tax AND autonomy,property_tax;autonomy,01,0.769,0.46,197,46,0.479,0.168,0.126,0.198,0.118,0.364,0.097,4,-0.046,False,False,False,,True
held_up,2,NOT social AND culture,social;culture,01,0.769,0.459,204,52,0.477,0.19,0.244,0.121,0.206,0.136,0.278,4,-0.046,False,False,False,,True
held_up,2,culture AND balance,culture;balance,11,0.768,0.557,312,88,0.607,0.321,0.37,0.264,0.382,0.182,0.389,4,-0.047,False,False,False,,True
held_up,2,local_tax_base AND investment,local_tax_base;investment,11,0.768,0.527,273,75,0.556,0.274,0.331,0.22,0.235,0.227,0.306,4,-0.047,False,False,False,,True
held_up,2,investment AND NOT contestation,investment;contestation,10,0.768,0.503,267,77,0.524,0.281,0.307,0.231,0.324,0.273,0.306,4,-0.047,False,False,False,,True
held_up,2,contestation AND NOT balance,contestation;balance,10,0.768,0.486,242,70,0.551,0.255,0.22,0.352,0.118,0.273,0.222,3,-0.047,False,False,False,,True
held_up,2,autonomy AND NOT contestation,autonomy;contestation,10,0.768,0.48,240,53,0.453,0.193,0.236,0.121,0.206,0.227,0.25,4,-0.047,False,False,False,,True
held_up,2,payroll_pit AND NOT social,payroll_pit;social,10,0.768,0.444,179,44,0.436,0.161,0.205,0.143,0.118,0.045,0.208,3,-0.047,False,False,False,,True
held_up,2,investment AND culture,investment;culture,11,0.767,0.534,284,81,0.609,0.296,0.37,0.231,0.265,0.182,0.361,4,-0.048,False,False,False,,True
held_up,2,local_tax_base AND social,local_tax_base;social,11,0.767,0.517,263,60,0.545,0.219,0.236,0.187,0.265,0.182,0.208,4,-0.048,False,False,False,,True
held_up,2,investment AND small,investment;small,11,0.767,0.514,268,75,0.54,0.274,0.354,0.198,0.235,0.182,0.389,4,-0.048,False,False,False,,True
held_up,2,social AND NOT small,social;small,10,0.767,0.507,275,73,0.575,0.266,0.244,0.231,0.441,0.273,0.236,4,-0.048,False,False,False,,True
held_up,2,NOT social AND education,social;education,01,0.767,0.47,217,62,0.539,0.226,0.268,0.165,0.235,0.227,0.333,4,-0.048,False,False,False,,True
held_up,2,property_tax AND balance,property_tax;balance,11,0.766,0.539,296,85,0.578,0.31,0.394,0.231,0.324,0.136,0.444,3,-0.049,False,False,False,,True
held_up,2,social AND NOT balance,social;balance,10,0.766,0.472,225,47,0.456,0.172,0.213,0.143,0.118,0.136,0.222,4,-0.049,False,False,False,,True
held_up,2,autonomy AND education,autonomy;education,11,0.765,0.511,263,57,0.514,0.208,0.276,0.165,0.118,0.136,0.319,4,-0.05,False,False,False,,True
held_up,2,NOT education AND NOT extracurricular,education;extracurricular,00,0.765,0.488,236,75,0.556,0.274,0.236,0.308,0.324,0.273,0.208,4,-0.05,False,False,False,,True
held_up,2,NOT culture AND small,culture;small,01,0.765,0.449,197,52,0.46,0.19,0.205,0.176,0.176,0.182,0.236,4,-0.05,False,False,False,,True
held_up,2,NOT local_tax_base AND investment,local_tax_base;investment,01,0.764,0.511,276,85,0.556,0.31,0.315,0.319,0.235,0.364,0.333,4,-0.051,False,False,False,,True
held_up,2,NOT autonomy AND extracurricular,autonomy;extracurricular,01,0.764,0.488,237,57,0.5,0.208,0.15,0.242,0.294,0.273,0.153,4,-0.051,False,False,False,,True
held_up,2,NOT local_tax_base AND NOT autonomy,local_tax_base;autonomy,00,0.764,0.466,223,67,0.54,0.245,0.197,0.286,0.353,0.182,0.222,4,-0.051,False,False,False,,True
held_up,2,local_tax_base AND education,local_tax_base;education,11,0.763,0.536,298,73,0.57,0.266,0.276,0.231,0.294,0.318,0.264,4,-0.052,False,False,False,,True
held_up,2,investment AND NOT social,investment;social,10,0.763,0.495,250,75,0.524,0.274,0.268,0.297,0.235,0.273,0.25,4,-0.052,False,False,False,,True
held_up,2,local_tax_base AND NOT single_tax,local_tax_base;single_tax,10,0.763,0.48,236,67,0.511,0.245,0.205,0.286,0.353,0.136,0.153,4,-0.052,False,False,False,,True
held_up,2,extracurricular AND small,extracurricular;small,11,0.763,0.457,172,35,0.422,0.128,0.173,0.088,0.059,0.136,0.208,3,-0.052,False,False,False,,True
held_up,2,investment AND balance,investment;balance,11,0.762,0.542,293,93,0.589,0.339,0.394,0.253,0.353,0.364,0.417,4,-0.053,False,False,False,,True
held_up,2,property_tax AND investment,property_tax;investment,11,0.762,0.54,302,88,0.561,0.321,0.465,0.22,0.206,0.091,0.486,3,-0.053,False,False,False,,True
held_up,2,investment AND extracurricular,investment;extracurricular,11,0.762,0.522,267,72,0.55,0.263,0.283,0.253,0.176,0.318,0.292,4,-0.053,False,False,False,,True
held_up,2,investment AND NOT small,investment;small,10,0.762,0.518,281,85,0.57,0.31,0.291,0.341,0.235,0.409,0.25,4,-0.053,False,False,False,,True
held_up,2,single_tax AND NOT extracurricular,single_tax;extracurricular,10,0.762,0.514,282,77,0.562,0.281,0.331,0.22,0.265,0.273,0.319,4,-0.053,False,False,False,,True
held_up,2,NOT payroll_pit AND contestation,payroll_pit;contestation,01,0.762,0.495,249,77,0.616,0.281,0.213,0.352,0.265,0.409,0.194,4,-0.053,False,False,False,,True
held_up,2,property_tax AND NOT social,property_tax;social,10,0.762,0.454,191,53,0.482,0.193,0.22,0.154,0.206,0.182,0.194,4,-0.053,False,False,False,,True
held_up,2,local_tax_base AND culture,local_tax_base;culture,11,0.761,0.541,294,77,0.562,0.281,0.307,0.22,0.353,0.273,0.278,4,-0.054,False,False,False,,True
held_up,2,autonomy AND small,autonomy;small,11,0.761,0.492,248,57,0.479,0.208,0.26,0.154,0.147,0.227,0.333,4,-0.054,False,False,False,,True
held_up,2,NOT single_tax AND NOT extracurricular,single_tax;extracurricular,00,0.761,0.491,253,76,0.543,0.277,0.244,0.308,0.353,0.227,0.25,4,-0.054,False,False,False,,True
held_up,2,culture AND NOT balance,culture;balance,10,0.761,0.474,237,50,0.455,0.182,0.22,0.154,0.118,0.182,0.222,4,-0.054,False,False,False,,True
held_up,2,autonomy AND NOT social,autonomy;social,10,0.761,0.469,218,56,0.455,0.204,0.22,0.198,0.118,0.273,0.222,4,-0.054,False,False,False,,True
held_up,2,NOT culture AND NOT extracurricular,culture;extracurricular,00,0.76,0.486,245,72,0.526,0.263,0.22,0.319,0.265,0.273,0.208,4,-0.055,False,False,False,,True
held_up,2,extracurricular AND NOT contestation,extracurricular;contestation,10,0.76,0.476,232,55,0.462,0.201,0.173,0.22,0.265,0.182,0.167,4,-0.055,False,False,False,,True
held_up,2,NOT local_tax_base AND small,local_tax_base;small,01,0.76,0.449,191,42,0.412,0.153,0.213,0.11,0.147,0.0,0.292,3,-0.055,False,False,False,,True
held_up,2,social AND contestation,social;contestation,11,0.759,0.532,293,70,0.556,0.255,0.307,0.209,0.235,0.182,0.333,4,-0.056,False,False,False,,True
held_up,2,NOT payroll_pit AND NOT extracurricular,payroll_pit;extracurricular,00,0.759,0.51,279,97,0.614,0.354,0.315,0.363,0.441,0.409,0.319,4,-0.056,False,False,False,,True
held_up,2,single_tax AND NOT contestation,single_tax;contestation,10,0.759,0.504,269,61,0.5,0.223,0.268,0.165,0.147,0.318,0.306,4,-0.056,False,False,False,,True
held_up,2,NOT single_tax AND investment,single_tax;investment,01,0.759,0.492,261,75,0.507,0.274,0.228,0.275,0.324,0.455,0.208,4,-0.056,False,False,False,,True
held_up,2,NOT property_tax AND contestation,property_tax;contestation,01,0.758,0.501,257,73,0.579,0.266,0.173,0.374,0.206,0.455,0.167,4,-0.057,False,False,False,,True
held_up,2,property_tax AND NOT contestation,property_tax;contestation,10,0.758,0.5,255,62,0.508,0.226,0.252,0.187,0.206,0.273,0.25,4,-0.057,False,False,False,,True
held_up,2,NOT social AND contestation,social;contestation,01,0.758,0.494,256,75,0.528,0.274,0.205,0.385,0.206,0.318,0.181,4,-0.057,False,False,False,,True
held_up,2,NOT payroll_pit AND balance,payroll_pit;balance,01,0.758,0.481,253,79,0.594,0.288,0.189,0.319,0.529,0.364,0.181,4,-0.057,False,False,False,,True
held_up,2,NOT social AND balance,social;balance,01,0.758,0.464,222,64,0.512,0.234,0.228,0.231,0.265,0.227,0.264,4,-0.057,False,False,False,,True
held_up,2,local_tax_base AND single_tax,local_tax_base;single_tax,11,0.757,0.55,313,73,0.541,0.266,0.307,0.209,0.176,0.409,0.306,4,-0.058,False,False,False,,True
held_up,2,NOT local_tax_base AND culture,local_tax_base;culture,01,0.757,0.494,255,61,0.517,0.223,0.283,0.198,0.147,0.091,0.333,3,-0.058,False,False,False,,True
held_up,2,single_tax AND NOT balance,single_tax;balance,10,0.757,0.486,255,54,0.454,0.197,0.22,0.176,0.176,0.182,0.236,4,-0.058,False,False,False,,True
held_up,2,autonomy AND NOT balance,autonomy;balance,10,0.757,0.478,234,51,0.432,0.186,0.197,0.198,0.059,0.273,0.153,3,-0.058,False,False,False,,True
held_up,2,NOT culture AND balance,culture;balance,01,0.757,0.472,237,61,0.492,0.223,0.165,0.231,0.324,0.364,0.181,4,-0.058,False,False,False,,True
held_up,2,property_tax AND contestation,property_tax;contestation,11,0.756,0.522,292,72,0.507,0.263,0.339,0.22,0.235,0.045,0.347,3,-0.059,False,False,False,,True
held_up,2,local_tax_base AND NOT investment,local_tax_base;investment,10,0.756,0.505,276,65,0.496,0.237,0.181,0.275,0.294,0.318,0.153,4,-0.059,False,False,False,,True
held_up,2,autonomy AND NOT investment,autonomy;investment,10,0.756,0.471,239,34,0.347,0.124,0.134,0.088,0.176,0.136,0.139,4,-0.059,False,False,False,,True
held_up,2,NOT balance AND NOT small,balance;small,00,0.756,0.458,221,56,0.479,0.204,0.181,0.264,0.118,0.227,0.153,4,-0.059,False,False,False,,True
held_up,2,NOT local_tax_base AND NOT payroll_pit,local_tax_base;payroll_pit,00,0.756,0.445,212,59,0.513,0.215,0.134,0.275,0.294,0.318,0.139,4,-0.059,False,False,False,,True
held_up,2,payroll_pit AND investment,payroll_pit;investment,11,0.755,0.539,297,81,0.533,0.296,0.386,0.242,0.176,0.182,0.403,4,-0.06,False,False,False,,True
held_up,2,education AND NOT extracurricular,education;extracurricular,10,0.755,0.516,299,78,0.549,0.285,0.339,0.22,0.294,0.227,0.361,4,-0.06,False,False,False,,True
held_up,2,NOT investment AND culture,investment;culture,01,0.755,0.498,265,57,0.467,0.208,0.22,0.187,0.235,0.182,0.25,4,-0.06,False,False,False,,True
held_up,2,local_tax_base AND NOT education,local_tax_base;education,10,0.755,0.492,251,67,0.486,0.245,0.236,0.264,0.235,0.227,0.194,4,-0.06,False,False,False,,True
held_up,2,payroll_pit AND NOT extracurricular,payroll_pit;extracurricular,10,0.755,0.489,256,56,0.471,0.204,0.26,0.165,0.176,0.091,0.25,3,-0.06,False,False,False,,True
held_up,2,single_tax AND NOT investment,single_tax;investment,10,0.755,0.488,259,50,0.45,0.182,0.181,0.143,0.176,0.364,0.194,4,-0.06,False,False,False,,True
held_up,2,social AND balance,social;balance,11,0.754,0.558,327,85,0.59,0.31,0.307,0.264,0.441,0.318,0.306,4,-0.061,False,False,False,,True
held_up,2,culture AND NOT extracurricular,culture;extracurricular,10,0.754,0.519,290,81,0.579,0.296,0.354,0.209,0.353,0.227,0.361,4,-0.061,False,False,False,,True
held_up,2,culture AND extracurricular,culture;extracurricular,11,0.754,0.514,259,57,0.496,0.208,0.236,0.209,0.147,0.136,0.25,4,-0.061,False,False,False,,True
held_up,2,investment AND NOT education,investment;education,10,0.754,0.506,273,82,0.516,0.299,0.299,0.297,0.235,0.409,0.292,4,-0.061,False,False,False,,True
held_up,2,investment AND NOT culture,investment;culture,10,0.754,0.497,265,79,0.51,0.288,0.276,0.308,0.206,0.409,0.278,4,-0.061,False,False,False,,True
held_up,2,payroll_pit AND NOT contestation,payroll_pit;contestation,10,0.754,0.488,246,50,0.442,0.182,0.252,0.121,0.118,0.136,0.292,4,-0.061,False,False,False,,True
held_up,2,local_tax_base AND NOT autonomy,local_tax_base;autonomy,10,0.753,0.534,313,79,0.51,0.288,0.252,0.33,0.324,0.273,0.194,4,-0.062,False,False,False,,True
held_up,2,property_tax AND NOT extracurricular,property_tax;extracurricular,10,0.753,0.522,300,82,0.547,0.299,0.354,0.22,0.324,0.273,0.347,4,-0.062,False,False,False,,True
held_up,2,NOT autonomy AND NOT extracurricular,autonomy;extracurricular,00,0.753,0.512,299,89,0.539,0.325,0.299,0.374,0.382,0.182,0.264,4,-0.062,False,False,False,,True
held_up,2,social AND NOT contestation,social;contestation,10,0.753,0.495,259,62,0.512,0.226,0.213,0.198,0.324,0.273,0.194,4,-0.062,False,False,False,,True
held_up,2,local_tax_base AND NOT culture,local_tax_base;culture,10,0.753,0.492,255,63,0.488,0.23,0.205,0.275,0.176,0.273,0.181,4,-0.062,False,False,False,,True
held_up,2,NOT investment AND balance,investment;balance,01,0.753,0.488,256,56,0.505,0.204,0.142,0.242,0.353,0.182,0.153,4,-0.062,False,False,False,,True
held_up,2,NOT autonomy AND education,autonomy;education,01,0.752,0.519,284,77,0.546,0.281,0.299,0.253,0.294,0.273,0.292,4,-0.063,False,False,False,,True
held_up,2,NOT property_tax AND balance,property_tax;balance,01,0.752,0.485,253,64,0.525,0.234,0.142,0.264,0.382,0.409,0.125,4,-0.063,False,False,False,,True
held_up,2,property_tax AND NOT investment,property_tax;investment,10,0.752,0.48,245,46,0.43,0.168,0.126,0.187,0.235,0.227,0.111,4,-0.063,False,False,False,,True
held_up,2,NOT autonomy AND NOT education,autonomy;education,00,0.752,0.473,252,69,0.5,0.252,0.15,0.363,0.382,0.182,0.125,4,-0.063,False,False,False,,True
held_up,2,extracurricular AND NOT balance,extracurricular;balance,10,0.752,0.46,218,48,0.414,0.175,0.205,0.187,0.059,0.136,0.208,3,-0.063,False,False,False,,True
held_up,2,single_tax AND autonomy,single_tax;autonomy,11,0.751,0.561,335,80,0.537,0.292,0.409,0.231,0.088,0.182,0.431,3,-0.064,False,False,False,,True
held_up,2,single_tax AND extracurricular,single_tax;extracurricular,11,0.751,0.516,265,58,0.509,0.212,0.268,0.187,0.059,0.227,0.306,3,-0.064,False,False,False,,True
held_up,2,local_tax_base AND NOT balance,local_tax_base;balance,10,0.751,0.51,292,65,0.471,0.237,0.228,0.264,0.176,0.273,0.139,4,-0.064,False,False,False,,True
held_up,2,NOT investment AND social,investment;social,01,0.751,0.491,253,47,0.461,0.172,0.142,0.165,0.324,0.136,0.139,4,-0.064,False,False,False,,True
held_up,2,NOT local_tax_base AND education,local_tax_base;education,01,0.751,0.488,249,61,0.492,0.223,0.299,0.187,0.118,0.091,0.347,3,-0.064,False,False,False,,True
held_up,2,NOT social AND NOT small,social;small,00,0.751,0.484,263,59,0.431,0.215,0.142,0.352,0.088,0.273,0.069,3,-0.064,False,False,False,,True
held_up,2,NOT investment AND NOT extracurricular,investment;extracurricular,00,0.751,0.483,253,65,0.542,0.237,0.213,0.242,0.324,0.227,0.222,4,-0.064,False,False,False,,True
held_up,2,property_tax AND NOT balance,property_tax;balance,10,0.751,0.482,251,49,0.419,0.179,0.197,0.176,0.118,0.182,0.153,4,-0.064,False,False,False,,True
held_up,2,NOT single_tax AND autonomy,single_tax;autonomy,01,0.751,0.459,213,48,0.414,0.175,0.142,0.154,0.235,0.364,0.153,4,-0.064,False,False,False,,True
held_up,2,autonomy AND investment,autonomy;investment,11,0.75,0.551,309,94,0.563,0.343,0.417,0.297,0.147,0.409,0.444,3,-0.065,False,False,False,,True
held_up,2,NOT investment AND contestation,investment;contestation,01,0.75,0.492,267,62,0.488,0.226,0.173,0.286,0.294,0.182,0.181,4,-0.065,False,False,False,,True
held_up,2,payroll_pit AND balance,payroll_pit;balance,11,0.749,0.541,296,70,0.515,0.255,0.346,0.176,0.176,0.182,0.389,4,-0.066,False,False,False,,True
held_up,2,education AND NOT contestation,education;contestation,10,0.749,0.521,298,72,0.497,0.263,0.299,0.22,0.206,0.318,0.333,4,-0.066,False,False,False,,True
held_up,2,property_tax AND extracurricular,property_tax;extracurricular,11,0.749,0.498,247,52,0.456,0.19,0.236,0.187,0.118,0.045,0.25,3,-0.066,False,False,False,,True
held_up,2,payroll_pit AND NOT balance,payroll_pit;balance,10,0.749,0.473,250,48,0.4,0.175,0.205,0.187,0.118,0.045,0.222,3,-0.066,False,False,False,,True
held_up,2,autonomy AND culture,autonomy;culture,11,0.748,0.538,311,70,0.511,0.255,0.307,0.187,0.265,0.227,0.347,4,-0.067,False,False,False,,True
held_up,2,contestation AND balance,contestation;balance,11,0.748,0.532,307,75,0.532,0.274,0.291,0.242,0.324,0.227,0.292,4,-0.067,False,False,False,,True
held_up,2,local_tax_base AND NOT social,local_tax_base;social,10,0.748,0.505,286,80,0.513,0.292,0.276,0.308,0.265,0.364,0.25,4,-0.067,False,False,False,,True
held_up,2,autonomy AND NOT culture,autonomy;culture,10,0.748,0.479,237,58,0.453,0.212,0.244,0.198,0.059,0.318,0.236,3,-0.067,False,False,False,,True
held_up,2,local_tax_base AND NOT extracurricular,local_tax_base;extracurricular,10,0.747,0.548,343,101,0.558,0.369,0.402,0.297,0.441,0.364,0.403,4,-0.068,False,False,False,,True
held_up,2,culture AND NOT contestation,culture;contestation,10,0.747,0.513,290,73,0.51,0.266,0.276,0.22,0.324,0.318,0.292,4,-0.068,False,False,False,,True
held_up,2,NOT local_tax_base AND social,local_tax_base;social,01,0.747,0.508,289,72,0.526,0.263,0.283,0.22,0.294,0.273,0.319,4,-0.068,False,False,False,,True
held_up,2,education AND extracurricular,education;extracurricular,11,0.747,0.506,248,56,0.509,0.204,0.236,0.198,0.118,0.182,0.25,4,-0.068,False,False,False,,True
held_up,2,payroll_pit AND NOT investment,payroll_pit;investment,10,0.747,0.474,249,37,0.356,0.135,0.165,0.121,0.118,0.045,0.208,3,-0.068,False,False,False,,True
held_up,2,NOT local_tax_base AND NOT contestation,local_tax_base;contestation,00,0.747,0.469,248,63,0.47,0.23,0.22,0.198,0.353,0.227,0.236,4,-0.068,False,False,False,,True
held_up,2,NOT investment AND NOT small,investment;small,00,0.747,0.469,257,47,0.409,0.172,0.094,0.242,0.294,0.136,0.056,4,-0.068,False,False,False,,True
held_up,2,NOT education AND NOT contestation,education;contestation,00,0.747,0.459,237,57,0.435,0.208,0.189,0.187,0.353,0.182,0.153,4,-0.068,False,False,False,,True
held_up,2,NOT investment AND education,investment;education,01,0.746,0.499,271,56,0.455,0.204,0.228,0.176,0.176,0.227,0.264,4,-0.069,False,False,False,,True
held_up,2,NOT payroll_pit AND extracurricular,payroll_pit;extracurricular,01,0.746,0.485,259,59,0.454,0.215,0.134,0.275,0.265,0.364,0.069,4,-0.069,False,False,False,,True
held_up,2,payroll_pit AND contestation,payroll_pit;contestation,11,0.745,0.523,300,68,0.476,0.248,0.299,0.242,0.176,0.091,0.319,3,-0.07,False,False,False,,True
held_up,2,local_tax_base AND NOT contestation,local_tax_base;contestation,10,0.745,0.508,287,66,0.465,0.241,0.268,0.209,0.206,0.273,0.25,4,-0.07,False,False,False,,True
held_up,2,autonomy AND balance,autonomy;balance,11,0.744,0.541,314,77,0.524,0.281,0.354,0.187,0.265,0.273,0.431,4,-0.071,False,False,False,,True
held_up,2,NOT local_tax_base AND balance,local_tax_base;balance,01,0.744,0.506,292,74,0.525,0.27,0.252,0.264,0.353,0.273,0.25,4,-0.071,False,False,False,,True
held_up,2,NOT education AND balance,education;balance,01,0.744,0.483,274,66,0.468,0.241,0.213,0.22,0.412,0.227,0.208,4,-0.071,False,False,False,,True
held_up,2,NOT single_tax AND balance,single_tax;balance,01,0.744,0.479,257,68,0.496,0.248,0.157,0.264,0.559,0.227,0.181,4,-0.071,False,False,False,,True
held_up,2,autonomy AND contestation,autonomy;contestation,11,0.743,0.539,308,75,0.507,0.274,0.315,0.264,0.118,0.318,0.333,3,-0.072,False,False,False,,True
held_up,2,social AND small,social;small,11,0.743,0.513,277,59,0.492,0.215,0.276,0.176,0.118,0.182,0.292,4,-0.072,False,False,False,,True
held_up,2,NOT local_tax_base AND contestation,local_tax_base;contestation,01,0.743,0.507,287,71,0.493,0.259,0.268,0.308,0.118,0.227,0.306,3,-0.072,False,False,False,,True
held_up,2,NOT social AND extracurricular,social;extracurricular,01,0.743,0.476,240,49,0.383,0.179,0.157,0.22,0.088,0.273,0.167,3,-0.072,False,False,False,,True
held_up,2,NOT local_tax_base AND NOT social,local_tax_base;social,00,0.743,0.466,246,62,0.44,0.226,0.205,0.286,0.176,0.182,0.222,4,-0.072,False,False,False,,True
held_up,2,autonomy AND social,autonomy;social,11,0.742,0.551,330,72,0.507,0.263,0.331,0.187,0.206,0.273,0.361,4,-0.073,False,False,False,,True
held_up,2,NOT autonomy AND small,autonomy;small,01,0.742,0.521,298,85,0.528,0.31,0.354,0.264,0.324,0.227,0.361,4,-0.073,False,False,False,,True
held_up,2,NOT culture AND contestation,culture;contestation,01,0.742,0.509,290,80,0.513,0.292,0.197,0.396,0.265,0.455,0.194,4,-0.073,False,False,False,,True
held_up,2,education AND NOT balance,education;balance,10,0.742,0.48,272,51,0.411,0.186,0.252,0.143,0.118,0.091,0.25,3,-0.073,False,False,False,,True
held_up,2,single_tax AND social,single_tax;social,11,0.741,0.564,338,72,0.529,0.263,0.339,0.198,0.147,0.273,0.361,4,-0.074,False,False,False,,True
held_up,2,NOT social AND NOT extracurricular,social;extracurricular,00,0.741,0.505,292,93,0.55,0.339,0.323,0.374,0.353,0.273,0.306,4,-0.074,False,False,False,,True
held_up,2,NOT culture AND NOT contestation,culture;contestation,00,0.741,0.463,245,56,0.421,0.204,0.213,0.187,0.235,0.182,0.194,4,-0.074,False,False,False,,True
held_up,2,local_tax_base AND NOT payroll_pit,local_tax_base;payroll_pit,10,0.74,0.543,326,97,0.561,0.354,0.315,0.363,0.412,0.455,0.25,4,-0.075,False,False,False,,True
held_up,2,NOT autonomy AND NOT culture,autonomy;culture,00,0.74,0.501,298,78,0.484,0.285,0.165,0.385,0.441,0.318,0.153,4,-0.075,False,False,False,,True
held_up,2,NOT single_tax AND contestation,single_tax;contestation,01,0.74,0.493,271,71,0.511,0.259,0.181,0.352,0.265,0.318,0.194,4,-0.075,False,False,False,,True
held_up,2,NOT single_tax AND NOT contestation,single_tax;contestation,00,0.74,0.476,266,68,0.442,0.248,0.22,0.242,0.412,0.182,0.181,4,-0.075,False,False,False,,True
held_up,2,social AND extracurricular,social;extracurricular,11,0.739,0.538,309,72,0.518,0.263,0.268,0.253,0.294,0.227,0.264,4,-0.076,False,False,False,,True
held_up,2,balance AND NOT small,balance;small,10,0.739,0.515,317,76,0.517,0.277,0.205,0.319,0.412,0.318,0.153,4,-0.076,False,False,False,,True
held_up,2,NOT extracurricular AND NOT contestation,extracurricular;contestation,00,0.738,0.506,303,74,0.471,0.27,0.315,0.187,0.294,0.318,0.319,4,-0.077,False,False,False,,True
held_up,2,social AND culture,social;culture,11,0.737,0.568,345,86,0.589,0.314,0.346,0.297,0.294,0.227,0.333,4,-0.078,False,False,False,,True
held_up,2,property_tax AND social,property_tax;social,11,0.737,0.557,356,81,0.526,0.296,0.37,0.253,0.235,0.136,0.403,3,-0.078,False,False,False,,True
held_up,2,social AND education,social;education,11,0.737,0.552,330,72,0.526,0.263,0.307,0.253,0.176,0.182,0.278,4,-0.078,False,False,False,,True
held_up,2,contestation AND NOT small,contestation;small,10,0.737,0.527,299,78,0.531,0.285,0.268,0.33,0.206,0.318,0.236,4,-0.078,False,False,False,,True
held_up,2,autonomy AND NOT small,autonomy;small,10,0.737,0.518,300,71,0.486,0.259,0.291,0.231,0.176,0.318,0.25,4,-0.078,False,False,False,,True
held_up,2,NOT education AND contestation,education;contestation,01,0.737,0.513,300,83,0.516,0.303,0.236,0.396,0.235,0.409,0.236,4,-0.078,False,False,False,,True
held_up,2,NOT social AND small,social;small,01,0.737,0.483,269,83,0.519,0.303,0.339,0.242,0.353,0.273,0.403,4,-0.078,False,False,False,,True
held_up,2,NOT local_tax_base AND NOT balance,local_tax_base;balance,00,0.737,0.46,243,60,0.438,0.219,0.236,0.242,0.118,0.182,0.292,4,-0.078,False,False,False,,True
held_up,2,NOT autonomy AND NOT investment,autonomy;investment,00,0.736,0.509,296,80,0.506,0.292,0.22,0.374,0.353,0.273,0.222,4,-0.079,False,False,False,,True
held_up,2,NOT autonomy AND NOT contestation,autonomy;contestation,00,0.735,0.502,295,76,0.478,0.277,0.252,0.286,0.353,0.273,0.236,4,-0.08,False,False,False,,True
held_up,2,property_tax AND autonomy,property_tax;autonomy,11,0.734,0.559,351,82,0.485,0.299,0.425,0.187,0.206,0.182,0.486,4,-0.081,False,False,False,,True
held_up,2,NOT extracurricular AND NOT balance,extracurricular;balance,00,0.734,0.514,317,77,0.484,0.281,0.26,0.319,0.235,0.318,0.222,4,-0.081,False,False,False,,True
held_up,2,NOT property_tax AND extracurricular,property_tax;extracurricular,01,0.734,0.509,302,69,0.451,0.252,0.189,0.286,0.265,0.455,0.181,4,-0.081,False,False,False,,True
held_up,2,NOT education AND extracurricular,education;extracurricular,01,0.734,0.503,301,65,0.414,0.237,0.189,0.275,0.265,0.318,0.181,4,-0.081,False,False,False,,True
held_up,2,NOT property_tax AND NOT contestation,property_tax;contestation,00,0.734,0.476,280,67,0.435,0.245,0.236,0.22,0.353,0.227,0.236,4,-0.081,False,False,False,,True
held_up,2,autonomy AND NOT education,autonomy;education,10,0.733,0.506,285,71,0.461,0.259,0.276,0.22,0.206,0.409,0.264,4,-0.082,False,False,False,,True
held_up,2,NOT investment AND small,investment;small,01,0.733,0.497,278,67,0.475,0.245,0.26,0.22,0.235,0.273,0.306,4,-0.082,False,False,False,,True
held_up,2,local_tax_base AND small,local_tax_base;small,11,0.732,0.557,355,100,0.562,0.365,0.402,0.308,0.324,0.455,0.403,4,-0.083,False,False,False,,True
held_up,2,extracurricular AND contestation,extracurricular;contestation,11,0.732,0.532,317,66,0.446,0.241,0.252,0.253,0.118,0.318,0.264,3,-0.083,False,False,False,,True
held_up,2,NOT autonomy AND NOT social,autonomy;social,00,0.732,0.51,314,86,0.494,0.314,0.26,0.396,0.324,0.273,0.25,4,-0.083,False,False,False,,True
held_up,2,NOT local_tax_base AND NOT education,local_tax_base;education,00,0.732,0.485,286,73,0.474,0.266,0.189,0.319,0.353,0.364,0.194,4,-0.083,False,False,False,,True
held_up,2,NOT payroll_pit AND NOT contestation,payroll_pit;contestation,00,0.732,0.485,289,79,0.485,0.288,0.236,0.286,0.441,0.364,0.194,4,-0.083,False,False,False,,True
held_up,2,NOT local_tax_base AND NOT investment,local_tax_base;investment,00,0.732,0.471,259,49,0.392,0.179,0.173,0.187,0.235,0.091,0.208,4,-0.083,False,False,False,,True
held_up,2,NOT investment AND NOT education,investment;education,00,0.732,0.469,264,58,0.436,0.212,0.126,0.286,0.353,0.182,0.097,4,-0.083,False,False,False,,True
held_up,2,NOT investment AND NOT contestation,investment;contestation,00,0.731,0.48,268,52,0.403,0.19,0.181,0.176,0.235,0.227,0.181,4,-0.084,False,False,False,,True
held_up,2,property_tax AND single_tax,property_tax;single_tax,11,0.73,0.583,374,86,0.524,0.314,0.417,0.231,0.176,0.273,0.417,4,-0.085,False,False,False,,True
held_up,2,payroll_pit AND extracurricular,payroll_pit;extracurricular,11,0.73,0.519,290,62,0.453,0.226,0.291,0.198,0.118,0.136,0.361,4,-0.085,False,False,False,,True
held_up,2,NOT payroll_pit AND NOT small,payroll_pit;small,00,0.73,0.505,313,81,0.519,0.296,0.165,0.407,0.412,0.409,0.097,4,-0.085,False,False,False,,True
held_up,2,NOT payroll_pit AND NOT investment,payroll_pit;investment,00,0.73,0.492,286,77,0.507,0.281,0.189,0.341,0.412,0.364,0.153,4,-0.085,False,False,False,,True
held_up,2,autonomy AND extracurricular,autonomy;extracurricular,11,0.729,0.526,312,64,0.418,0.234,0.276,0.231,0.088,0.227,0.278,3,-0.086,False,False,False,,True
held_up,2,NOT social AND NOT contestation,social;contestation,00,0.729,0.477,276,67,0.432,0.245,0.276,0.209,0.235,0.227,0.292,4,-0.086,False,False,False,,True
held_up,2,NOT contestation AND small,contestation;small,01,0.728,0.52,296,75,0.472,0.274,0.37,0.154,0.235,0.273,0.417,4,-0.087,False,False,False,,True
held_up,2,NOT single_tax AND extracurricular,single_tax;extracurricular,01,0.728,0.492,284,63,0.412,0.23,0.157,0.286,0.324,0.273,0.125,4,-0.087,False,False,False,,True
held_up,2,property_tax AND education,property_tax;education,11,0.727,0.573,370,88,0.55,0.321,0.354,0.297,0.324,0.227,0.361,4,-0.088,False,False,False,,True
held_up,2,local_tax_base AND property_tax,local_tax_base;property_tax,11,0.727,0.57,359,97,0.542,0.354,0.378,0.319,0.382,0.318,0.347,4,-0.088,False,False,False,,True
held_up,2,NOT culture AND extracurricular,culture;extracurricular,01,0.727,0.5,290,64,0.421,0.234,0.189,0.264,0.235,0.364,0.181,4,-0.088,False,False,False,,True
held_up,2,NOT education AND NOT balance,education;balance,00,0.727,0.479,263,74,0.49,0.27,0.213,0.363,0.176,0.364,0.181,4,-0.088,False,False,False,,True
held_up,2,single_tax AND culture,single_tax;culture,11,0.726,0.581,373,87,0.547,0.318,0.394,0.264,0.206,0.273,0.403,4,-0.089,False,False,False,,True
held_up,2,NOT local_tax_base AND NOT small,local_tax_base;small,00,0.726,0.522,344,92,0.523,0.336,0.276,0.396,0.324,0.455,0.25,4,-0.089,False,False,False,,True
held_up,2,NOT balance AND small,balance;small,01,0.726,0.504,314,69,0.437,0.252,0.283,0.242,0.176,0.227,0.278,4,-0.089,False,False,False,,True
held_up,2,NOT property_tax AND NOT investment,property_tax;investment,00,0.726,0.484,290,68,0.456,0.248,0.228,0.275,0.294,0.182,0.25,4,-0.089,False,False,False,,True
held_up,2,NOT investment AND NOT culture,investment;culture,00,0.726,0.475,270,57,0.425,0.208,0.134,0.275,0.294,0.227,0.111,4,-0.089,False,False,False,,True
held_up,2,property_tax AND culture,property_tax;culture,11,0.725,0.577,376,95,0.556,0.347,0.402,0.275,0.382,0.273,0.389,4,-0.09,False,False,False,,True
held_up,2,extracurricular AND balance,extracurricular;balance,11,0.725,0.539,331,73,0.483,0.266,0.22,0.286,0.324,0.364,0.222,4,-0.09,False,False,False,,True
held_up,2,NOT single_tax AND NOT autonomy,single_tax;autonomy,00,0.725,0.512,324,91,0.514,0.332,0.26,0.44,0.441,0.136,0.222,3,-0.09,False,False,False,,True
held_up,2,NOT investment AND extracurricular,investment;extracurricular,01,0.725,0.487,282,49,0.36,0.179,0.142,0.22,0.206,0.182,0.139,4,-0.09,False,False,False,,True
held_up,2,NOT local_tax_base AND NOT culture,local_tax_base;culture,00,0.725,0.485,280,73,0.456,0.266,0.205,0.308,0.324,0.364,0.208,4,-0.09,False,False,False,,True
held_up,2,NOT property_tax AND NOT autonomy,property_tax;autonomy,00,0.724,0.522,340,94,0.511,0.343,0.283,0.396,0.441,0.318,0.306,4,-0.091,False,False,False,,True
held_up,2,NOT property_tax AND NOT social,property_tax;social,00,0.724,0.514,341,89,0.476,0.325,0.26,0.44,0.235,0.364,0.278,4,-0.091,False,False,False,,True
held_up,2,NOT local_tax_base AND autonomy,local_tax_base;autonomy,01,0.724,0.512,312,67,0.435,0.245,0.291,0.22,0.118,0.273,0.319,3,-0.091,False,False,False,,True
held_up,2,NOT property_tax AND NOT balance,property_tax;balance,00,0.724,0.479,284,76,0.481,0.277,0.268,0.33,0.176,0.273,0.278,4,-0.091,False,False,False,,True
held_up,2,NOT single_tax AND NOT investment,single_tax;investment,00,0.724,0.479,276,64,0.441,0.234,0.173,0.319,0.353,0.045,0.167,3,-0.091,False,False,False,,True
held_up,2,NOT autonomy AND NOT balance,autonomy;balance,00,0.723,0.495,301,74,0.471,0.27,0.268,0.308,0.235,0.182,0.278,4,-0.092,False,False,False,,True
held_up,2,extracurricular AND NOT small,extracurricular;small,10,0.722,0.55,377,86,0.467,0.314,0.252,0.385,0.324,0.364,0.222,4,-0.093,False,False,False,,True
held_up,2,single_tax AND education,single_tax;education,11,0.721,0.586,383,85,0.528,0.31,0.354,0.264,0.235,0.364,0.375,4,-0.094,False,False,False,,True
held_up,2,culture AND small,culture;small,11,0.721,0.558,349,90,0.539,0.328,0.409,0.242,0.294,0.273,0.458,4,-0.094,False,False,False,,True
held_up,2,NOT extracurricular AND small,extracurricular;small,01,0.721,0.549,374,107,0.543,0.391,0.441,0.33,0.412,0.318,0.486,4,-0.094,False,False,False,,True
held_up,2,NOT local_tax_base AND extracurricular,local_tax_base;extracurricular,01,0.721,0.529,343,82,0.451,0.299,0.315,0.275,0.294,0.318,0.375,4,-0.094,False,False,False,,True
held_up,2,payroll_pit AND social,payroll_pit;social,11,0.72,0.565,367,74,0.477,0.27,0.346,0.22,0.176,0.182,0.403,4,-0.095,False,False,False,,True
held_up,2,single_tax AND small,single_tax;small,11,0.72,0.553,352,84,0.522,0.307,0.362,0.242,0.235,0.364,0.431,4,-0.095,False,False,False,,True
held_up,2,NOT culture AND NOT small,culture;small,00,0.72,0.528,338,84,0.477,0.307,0.205,0.407,0.324,0.455,0.153,4,-0.095,False,False,False,,True
held_up,2,NOT investment AND NOT social,investment;social,00,0.72,0.474,282,67,0.435,0.245,0.213,0.297,0.206,0.273,0.222,4,-0.095,False,False,False,,True
held_up,2,culture AND education,culture;education,11,0.719,0.595,395,100,0.575,0.365,0.417,0.341,0.324,0.227,0.431,4,-0.096,False,False,False,,True
held_up,2,NOT social AND NOT culture,social;culture,00,0.719,0.521,328,90,0.479,0.328,0.236,0.473,0.235,0.409,0.194,4,-0.096,False,False,False,,True
held_up,2,NOT contestation AND NOT balance,contestation;balance,00,0.719,0.48,293,55,0.372,0.201,0.244,0.154,0.176,0.182,0.208,4,-0.096,False,False,False,,True
held_up,2,NOT property_tax AND NOT small,property_tax;small,00,0.718,0.533,360,87,0.506,0.318,0.165,0.44,0.412,0.545,0.083,4,-0.097,False,False,False,,True
held_up,2,NOT local_tax_base AND payroll_pit,local_tax_base;payroll_pit,01,0.718,0.525,323,75,0.46,0.274,0.354,0.231,0.176,0.136,0.403,3,-0.097,False,False,False,,True
held_up,2,payroll_pit AND small,payroll_pit;small,11,0.718,0.525,321,67,0.453,0.245,0.331,0.187,0.176,0.091,0.403,3,-0.097,False,False,False,,True
held_up,2,NOT social AND NOT education,social;education,00,0.718,0.505,315,80,0.44,0.292,0.213,0.429,0.206,0.318,0.139,4,-0.097,False,False,False,,True
held_up,2,property_tax AND small,property_tax;small,11,0.717,0.56,369,89,0.517,0.325,0.37,0.264,0.324,0.318,0.375,4,-0.098,False,False,False,,True
held_up,2,payroll_pit AND culture,payroll_pit;culture,11,0.716,0.574,371,79,0.506,0.288,0.37,0.242,0.176,0.182,0.417,4,-0.099,False,False,False,,True
held_up,2,NOT investment AND NOT balance,investment;balance,00,0.716,0.478,279,58,0.4,0.212,0.213,0.22,0.176,0.227,0.208,4,-0.099,False,False,False,,True
held_up,2,NOT property_tax AND NOT culture,property_tax;culture,00,0.715,0.54,364,97,0.495,0.354,0.22,0.451,0.441,0.591,0.181,4,-0.1,False,False,False,,True
held_up,2,NOT payroll_pit AND NOT balance,payroll_pit;balance,00,0.715,0.487,285,77,0.497,0.281,0.26,0.319,0.176,0.409,0.208,4,-0.1,False,False,False,,True
held_up,2,property_tax AND payroll_pit,property_tax;payroll_pit,11,0.713,0.573,387,78,0.462,0.285,0.402,0.209,0.176,0.091,0.444,3,-0.102,False,False,False,,True
held_up,2,payroll_pit AND education,payroll_pit;education,11,0.713,0.572,373,76,0.478,0.277,0.354,0.253,0.176,0.091,0.375,3,-0.102,False,False,False,,True
held_up,2,NOT payroll_pit AND NOT autonomy,payroll_pit;autonomy,00,0.713,0.552,389,112,0.541,0.409,0.307,0.516,0.5,0.409,0.278,4,-0.102,False,False,False,,True
held_up,2,NOT social AND NOT balance,social;balance,00,0.713,0.493,310,78,0.453,0.285,0.252,0.363,0.176,0.318,0.208,4,-0.102,False,False,False,,True
held_up,2,NOT payroll_pit AND NOT social,payroll_pit;social,00,0.712,0.527,353,98,0.5,0.358,0.276,0.451,0.324,0.5,0.264,4,-0.103,False,False,False,,True
held_up,2,NOT local_tax_base AND NOT single_tax,local_tax_base;single_tax,00,0.712,0.489,301,72,0.444,0.263,0.197,0.308,0.324,0.364,0.222,4,-0.103,False,False,False,,True
held_up,2,NOT culture AND NOT balance,culture;balance,00,0.712,0.486,298,75,0.455,0.274,0.244,0.352,0.176,0.273,0.208,4,-0.103,False,False,False,,True
held_up,2,NOT local_tax_base AND NOT property_tax,local_tax_base;property_tax,00,0.71,0.528,347,97,0.503,0.354,0.276,0.418,0.412,0.455,0.292,4,-0.105,False,False,False,,True
held_up,2,payroll_pit AND autonomy,payroll_pit;autonomy,11,0.709,0.576,399,84,0.457,0.307,0.409,0.264,0.118,0.182,0.472,3,-0.106,False,False,False,,True
held_up,2,NOT single_tax AND NOT social,single_tax;social,00,0.709,0.507,323,79,0.434,0.288,0.22,0.385,0.265,0.318,0.208,4,-0.106,False,False,False,,True
held_up,2,NOT single_tax AND NOT balance,single_tax;balance,00,0.709,0.473,280,71,0.455,0.259,0.244,0.33,0.118,0.273,0.194,3,-0.106,False,False,False,,True
held_up,2,education AND small,education;small,11,0.708,0.579,405,98,0.519,0.358,0.441,0.253,0.353,0.318,0.5,4,-0.107,False,False,False,,True
held_up,2,NOT single_tax AND NOT small,single_tax;small,00,0.708,0.516,343,81,0.466,0.296,0.15,0.418,0.441,0.409,0.111,4,-0.107,False,False,False,,True
held_up,2,single_tax AND payroll_pit,single_tax;payroll_pit,11,0.707,0.59,410,87,0.489,0.318,0.425,0.253,0.206,0.136,0.431,3,-0.108,False,False,False,,True
held_up,2,NOT payroll_pit AND NOT culture,payroll_pit;culture,00,0.707,0.539,360,97,0.513,0.354,0.228,0.462,0.382,0.591,0.194,4,-0.108,False,False,False,,True
held_up,2,NOT property_tax AND NOT education,property_tax;education,00,0.707,0.53,360,94,0.5,0.343,0.189,0.473,0.471,0.5,0.153,4,-0.108,False,False,False,,True
held_up,2,NOT property_tax AND NOT payroll_pit,property_tax;payroll_pit,00,0.703,0.539,378,100,0.518,0.365,0.26,0.44,0.441,0.545,0.236,4,-0.112,False,False,False,,True
held_up,2,NOT education AND NOT small,education;small,00,0.702,0.547,396,96,0.478,0.35,0.252,0.418,0.471,0.455,0.194,4,-0.113,False,False,False,,True
held_up,2,NOT property_tax AND NOT single_tax,property_tax;single_tax,00,0.702,0.532,364,91,0.472,0.332,0.228,0.418,0.412,0.455,0.194,4,-0.113,False,False,False,,True
held_up,2,NOT payroll_pit AND NOT education,payroll_pit;education,00,0.7,0.534,364,98,0.503,0.358,0.228,0.473,0.471,0.455,0.153,4,-0.115,False,False,False,,True
held_up,2,NOT culture AND NOT education,culture;education,00,0.699,0.55,383,102,0.483,0.372,0.252,0.505,0.412,0.455,0.208,4,-0.116,False,False,False,,True
held_up,2,NOT single_tax AND NOT culture,single_tax;culture,00,0.697,0.53,361,88,0.447,0.321,0.205,0.44,0.382,0.409,0.167,4,-0.118,False,False,False,,True
held_up,2,NOT single_tax AND NOT payroll_pit,single_tax;payroll_pit,00,0.691,0.55,401,108,0.502,0.394,0.276,0.484,0.588,0.409,0.194,4,-0.124,False,False,False,,True
held_up,2,NOT single_tax AND NOT education,single_tax;education,00,0.691,0.534,373,90,0.446,0.328,0.181,0.44,0.5,0.455,0.139,4,-0.124,False,False,False,,True
held_up,3,single_tax AND NOT extracurricular AND NOT small,single_tax;extracurricular;small,100,0.87,0.361,47,17,0.708,0.062,0.079,0.044,0.059,0.045,0.028,4,-0.002,False,False,False,,True
held_up,3,single_tax AND NOT autonomy AND NOT small,single_tax;autonomy;small,100,0.865,0.357,49,14,0.56,0.051,0.047,0.044,0.059,0.091,0.028,4,-0.007,False,False,False,,True
held_up,3,education AND NOT extracurricular AND NOT small,education;extracurricular;small,100,0.864,0.348,33,11,0.688,0.04,0.047,0.044,0.0,0.045,0.042,3,-0.008,False,False,False,,True
held_up,3,payroll_pit AND NOT autonomy AND NOT small,payroll_pit;autonomy;small,100,0.862,0.341,28,6,0.462,0.022,0.024,0.011,0.059,0.0,0.0,3,-0.01,False,False,False,,True
held_up,3,local_tax_base AND education AND NOT small,local_tax_base;education;small,110,0.86,0.368,46,9,0.5,0.033,0.016,0.066,0.029,0.0,0.014,2,-0.012,False,False,False,,False
held_up,3,payroll_pit AND NOT extracurricular AND NOT small,payroll_pit;extracurricular;small,100,0.86,0.352,45,14,0.667,0.051,0.063,0.044,0.059,0.0,0.028,3,-0.012,False,False,False,,True
held_up,3,local_tax_base AND NOT property_tax AND payroll_pit,local_tax_base;property_tax;payroll_pit,101,0.86,0.336,15,2,0.4,0.007,0.008,0.011,0.0,0.0,0.014,2,-0.012,False,False,False,,False
held_up,3,local_tax_base AND payroll_pit AND NOT small,local_tax_base;payroll_pit;small,110,0.857,0.355,45,7,0.389,0.026,0.024,0.044,0.0,0.0,0.014,2,-0.015,False,False,False,,False
held_up,3,single_tax AND NOT payroll_pit AND contestation,single_tax;payroll_pit;contestation,101,0.856,0.374,54,25,0.806,0.091,0.102,0.088,0.029,0.136,0.111,3,-0.016,False,False,False,,True
held_up,3,NOT payroll_pit AND autonomy AND education,payroll_pit;autonomy;education,011,0.856,0.341,25,12,0.75,0.044,0.055,0.011,0.059,0.091,0.083,3,-0.016,False,False,False,,True
held_up,3,culture AND NOT extracurricular AND NOT small,culture;extracurricular;small,100,0.855,0.361,51,16,0.727,0.058,0.071,0.044,0.088,0.0,0.056,3,-0.017,False,False,False,,True
held_up,3,NOT local_tax_base AND single_tax AND NOT payroll_pit,local_tax_base;single_tax;payroll_pit,010,0.855,0.335,20,11,0.786,0.04,0.039,0.033,0.059,0.045,0.056,4,-0.017,False,False,False,,True
held_up,3,payroll_pit AND NOT autonomy AND NOT education,payroll_pit;autonomy;education,100,0.855,0.33,12,3,0.375,0.011,0.008,0.0,0.059,0.0,0.0,2,-0.017,False,False,False,,False
held_up,3,single_tax AND education AND NOT small,single_tax;education;small,110,0.854,0.398,84,23,0.657,0.084,0.094,0.088,0.029,0.091,0.069,3,-0.018,False,False,False,,True
held_up,3,local_tax_base AND single_tax AND NOT small,local_tax_base;single_tax;small,110,0.854,0.388,75,14,0.467,0.051,0.071,0.044,0.0,0.045,0.042,3,-0.018,False,False,False,,True
held_up,3,local_tax_base AND culture AND NOT small,local_tax_base;culture;small,110,0.853,0.383,69,16,0.571,0.058,0.047,0.066,0.118,0.0,0.014,3,-0.019,False,False,False,,True
held_up,3,single_tax AND NOT contestation AND NOT small,single_tax;contestation;small,100,0.853,0.365,78,17,0.515,0.062,0.071,0.055,0.029,0.091,0.056,3,-0.019,False,False,False,,True
held_up,3,single_tax AND NOT balance AND NOT small,single_tax;balance;small,100,0.853,0.354,55,17,0.515,0.062,0.079,0.066,0.029,0.0,0.083,2,-0.019,False,False,False,,False
held_up,3,single_tax AND NOT autonomy AND NOT education,single_tax;autonomy;education,100,0.853,0.353,37,13,0.565,0.047,0.055,0.033,0.059,0.045,0.056,4,-0.019,False,False,False,,True
held_up,3,autonomy AND NOT extracurricular AND NOT small,autonomy;extracurricular;small,100,0.852,0.381,69,21,0.7,0.077,0.094,0.044,0.088,0.091,0.069,4,-0.02,False,False,False,,True
held_up,3,property_tax AND NOT extracurricular AND NOT small,property_tax;extracurricular;small,100,0.852,0.356,46,14,0.538,0.051,0.071,0.044,0.029,0.0,0.056,3,-0.02,False,False,False,,True
held_up,3,single_tax AND NOT payroll_pit AND autonomy,single_tax;payroll_pit;autonomy,101,0.851,0.366,42,17,0.739,0.062,0.079,0.055,0.0,0.091,0.083,3,-0.021,False,False,False,,True
held_up,3,single_tax AND NOT social AND NOT small,single_tax;social;small,100,0.851,0.366,69,21,0.525,0.077,0.079,0.11,0.0,0.045,0.028,3,-0.021,False,False,False,,True
held_up,3,local_tax_base AND NOT property_tax AND autonomy,local_tax_base;property_tax;autonomy,101,0.851,0.358,44,10,0.714,0.036,0.024,0.044,0.029,0.091,0.014,4,-0.021,False,False,False,,True
held_up,3,property_tax AND NOT autonomy AND NOT small,property_tax;autonomy;small,100,0.851,0.34,36,9,0.429,0.033,0.016,0.066,0.029,0.0,0.0,2,-0.021,False,False,False,,False
held_up,3,property_tax AND education AND NOT small,property_tax;education;small,110,0.85,0.383,68,20,0.667,0.073,0.079,0.099,0.029,0.0,0.069,2,-0.022,False,False,False,,False
held_up,3,social AND NOT extracurricular AND NOT small,social;extracurricular;small,100,0.85,0.375,67,22,0.71,0.08,0.071,0.055,0.176,0.091,0.069,4,-0.022,False,False,False,,True
held_up,3,single_tax AND NOT payroll_pit AND NOT small,single_tax;payroll_pit;small,100,0.85,0.367,54,16,0.571,0.058,0.063,0.055,0.029,0.091,0.042,3,-0.022,False,False,False,,True
held_up,3,NOT autonomy AND culture AND NOT small,autonomy;culture;small,010,0.849,0.368,65,16,0.593,0.058,0.055,0.088,0.029,0.0,0.042,2,-0.023,False,False,False,,False
held_up,3,culture AND NOT balance AND NOT small,culture;balance;small,100,0.849,0.347,56,13,0.464,0.047,0.055,0.055,0.029,0.0,0.069,3,-0.023,False,False,False,,True
held_up,3,property_tax AND single_tax AND NOT small,property_tax;single_tax;small,110,0.848,0.404,97,26,0.578,0.095,0.173,0.044,0.0,0.0,0.167,1,-0.024,False,False,False,,False
held_up,3,NOT payroll_pit AND education AND contestation,payroll_pit;education;contestation,011,0.848,0.368,64,22,0.759,0.08,0.102,0.055,0.059,0.091,0.125,4,-0.024,False,False,False,,True
held_up,3,payroll_pit AND NOT autonomy AND investment,payroll_pit;autonomy;investment,101,0.847,0.371,65,14,0.467,0.051,0.055,0.044,0.059,0.045,0.028,4,-0.025,False,False,False,,True
held_up,3,local_tax_base AND NOT property_tax AND education,local_tax_base;property_tax;education,101,0.847,0.367,53,11,0.478,0.04,0.055,0.022,0.0,0.091,0.028,3,-0.025,False,False,False,,True
held_up,3,NOT local_tax_base AND single_tax AND NOT autonomy,local_tax_base;single_tax;autonomy,010,0.847,0.362,61,24,0.686,0.088,0.094,0.077,0.118,0.045,0.111,4,-0.025,False,False,False,,True
held_up,3,property_tax AND NOT contestation AND NOT small,property_tax;contestation;small,100,0.847,0.355,59,13,0.464,0.047,0.039,0.066,0.059,0.0,0.056,3,-0.025,False,False,False,,True
held_up,3,single_tax AND NOT autonomy AND contestation,single_tax;autonomy;contestation,101,0.846,0.387,97,29,0.63,0.106,0.102,0.099,0.118,0.136,0.097,4,-0.026,False,False,False,,True
held_up,3,single_tax AND NOT payroll_pit AND education,single_tax;payroll_pit;education,101,0.846,0.386,71,24,0.686,0.088,0.071,0.066,0.088,0.273,0.111,4,-0.026,False,False,False,,True
held_up,3,education AND contestation AND NOT small,education;contestation;small,110,0.846,0.385,70,21,0.7,0.077,0.11,0.066,0.029,0.0,0.097,2,-0.026,False,False,False,,False
held_up,3,single_tax AND NOT payroll_pit AND investment,single_tax;payroll_pit;investment,101,0.846,0.372,65,25,0.714,0.091,0.102,0.099,0.059,0.045,0.125,3,-0.026,False,False,False,,True
held_up,3,NOT local_tax_base AND property_tax AND NOT payroll_pit,local_tax_base;property_tax;payroll_pit,010,0.846,0.32,9,0,0.0,0.0,0.0,0.0,0.0,0.0,0.0,4,-0.026,False,False,False,,True
held_up,3,NOT property_tax AND single_tax AND contestation,property_tax;single_tax;contestation,011,0.845,0.385,79,25,0.641,0.091,0.079,0.11,0.059,0.136,0.097,4,-0.027,False,False,False,,True
held_up,3,investment AND education AND NOT small,investment;education;small,110,0.845,0.381,76,26,0.703,0.095,0.102,0.121,0.029,0.045,0.069,2,-0.027,False,False,False,,False
held_up,3,property_tax AND single_tax AND NOT payroll_pit,property_tax;single_tax;payroll_pit,110,0.845,0.379,61,24,0.75,0.088,0.094,0.077,0.029,0.182,0.097,3,-0.027,False,False,False,,True
held_up,3,NOT social AND education AND NOT small,social;education;small,010,0.845,0.355,45,13,0.52,0.047,0.047,0.077,0.0,0.0,0.042,2,-0.027,False,False,False,,False
held_up,3,local_tax_base AND NOT single_tax AND payroll_pit,local_tax_base;single_tax;payroll_pit,101,0.845,0.338,27,7,0.412,0.026,0.024,0.044,0.0,0.0,0.042,2,-0.027,False,False,False,,False
held_up,3,single_tax AND culture AND NOT small,single_tax;culture;small,110,0.844,0.405,111,25,0.568,0.091,0.126,0.077,0.029,0.045,0.083,2,-0.028,False,False,False,,False
held_up,3,local_tax_base AND NOT property_tax AND contestation,local_tax_base;property_tax;contestation,101,0.844,0.39,90,27,0.675,0.099,0.063,0.121,0.088,0.227,0.056,4,-0.028,False,False,False,,True
held_up,3,payroll_pit AND NOT autonomy AND extracurricular,payroll_pit;autonomy;extracurricular,101,0.844,0.377,60,15,0.556,0.055,0.071,0.033,0.088,0.0,0.083,3,-0.028,False,False,False,,True
held_up,3,autonomy AND NOT extracurricular AND balance,autonomy;extracurricular;balance,101,0.843,0.399,96,32,0.667,0.117,0.165,0.033,0.176,0.091,0.222,3,-0.029,False,False,False,,True
held_up,3,single_tax AND NOT autonomy AND investment,single_tax;autonomy;investment,101,0.843,0.387,95,23,0.523,0.084,0.087,0.088,0.059,0.091,0.083,4,-0.029,False,False,False,,True
held_up,3,single_tax AND NOT payroll_pit AND culture,single_tax;payroll_pit;culture,101,0.843,0.384,66,24,0.632,0.088,0.094,0.077,0.059,0.136,0.097,4,-0.029,False,False,False,,True
held_up,3,single_tax AND NOT investment AND NOT small,single_tax;investment;small,100,0.843,0.368,82,11,0.367,0.04,0.031,0.033,0.059,0.091,0.028,4,-0.029,False,False,False,,True
held_up,3,NOT autonomy AND education AND NOT small,autonomy;education;small,010,0.843,0.365,56,14,0.56,0.051,0.039,0.077,0.029,0.045,0.028,4,-0.029,False,False,False,,True
held_up,3,NOT single_tax AND payroll_pit AND NOT autonomy,single_tax;payroll_pit;autonomy,010,0.843,0.349,30,10,0.5,0.036,0.047,0.022,0.059,0.0,0.056,3,-0.029,False,False,False,,True
held_up,3,NOT local_tax_base AND property_tax AND NOT autonomy,local_tax_base;property_tax;autonomy,010,0.843,0.338,29,6,0.462,0.022,0.024,0.022,0.029,0.0,0.014,3,-0.029,False,False,False,,True
held_up,3,education AND NOT balance AND NOT small,education;balance;small,100,0.843,0.337,47,9,0.391,0.033,0.047,0.033,0.0,0.0,0.042,2,-0.029,False,False,False,,False
held_up,3,autonomy AND NOT extracurricular AND contestation,autonomy;extracurricular;contestation,101,0.842,0.406,107,36,0.706,0.131,0.15,0.099,0.118,0.182,0.153,4,-0.03,False,False,False,,True
held_up,3,payroll_pit AND NOT autonomy AND balance,payroll_pit;autonomy;balance,101,0.842,0.382,57,16,0.533,0.058,0.055,0.055,0.088,0.045,0.028,4,-0.03,False,False,False,,True
held_up,3,NOT property_tax AND education AND contestation,property_tax;education;contestation,011,0.842,0.374,69,21,0.7,0.077,0.087,0.066,0.059,0.091,0.083,4,-0.03,False,False,False,,True
held_up,3,NOT property_tax AND autonomy AND NOT extracurricular,property_tax;autonomy;extracurricular,010,0.842,0.369,57,18,0.692,0.066,0.047,0.066,0.088,0.136,0.042,4,-0.03,False,False,False,,True
held_up,3,culture AND education AND NOT small,culture;education;small,110,0.841,0.4,94,25,0.625,0.091,0.094,0.121,0.029,0.045,0.083,2,-0.031,False,False,False,,False
held_up,3,NOT extracurricular AND contestation AND NOT small,extracurricular;contestation;small,010,0.841,0.384,71,25,0.658,0.091,0.079,0.099,0.118,0.091,0.042,4,-0.031,False,False,False,,True
held_up,3,single_tax AND NOT payroll_pit AND NOT extracurricular,single_tax;payroll_pit;extracurricular,100,0.841,0.383,80,32,0.727,0.117,0.118,0.11,0.088,0.182,0.153,4,-0.031,False,False,False,,True
held_up,3,single_tax AND NOT education AND NOT extracurricular,single_tax;education;extracurricular,100,0.841,0.378,71,28,0.651,0.102,0.134,0.066,0.088,0.091,0.125,4,-0.031,False,False,False,,True
held_up,3,NOT local_tax_base AND NOT extracurricular AND NOT small,local_tax_base;extracurricular;small,000,0.841,0.377,73,26,0.722,0.095,0.063,0.132,0.088,0.136,0.042,4,-0.031,False,False,False,,True
held_up,3,local_tax_base AND NOT single_tax AND education,local_tax_base;single_tax;education,101,0.841,0.374,74,31,0.66,0.113,0.118,0.11,0.147,0.045,0.097,3,-0.031,False,False,False,,True
held_up,3,single_tax AND NOT payroll_pit AND social,single_tax;payroll_pit;social,101,0.841,0.372,54,16,0.64,0.058,0.063,0.044,0.029,0.136,0.056,3,-0.031,False,False,False,,True
held_up,3,NOT extracurricular AND balance AND NOT small,extracurricular;balance;small,010,0.841,0.371,74,20,0.571,0.073,0.055,0.088,0.118,0.045,0.028,4,-0.031,False,False,False,,True
held_up,3,local_tax_base AND NOT property_tax AND culture,local_tax_base;property_tax;culture,101,0.841,0.367,50,9,0.429,0.033,0.047,0.022,0.029,0.0,0.028,3,-0.031,False,False,False,,True
held_up,3,NOT property_tax AND payroll_pit AND NOT autonomy,property_tax;payroll_pit;autonomy,010,0.841,0.362,54,17,0.531,0.062,0.079,0.044,0.088,0.0,0.097,3,-0.031,False,False,False,,True
held_up,3,single_tax AND NOT education AND small,single_tax;education;small,101,0.841,0.361,53,22,0.629,0.08,0.102,0.066,0.029,0.091,0.125,3,-0.031,False,False,False,,True
held_up,3,NOT payroll_pit AND autonomy AND culture,payroll_pit;autonomy;culture,011,0.841,0.361,55,19,0.543,0.069,0.063,0.044,0.147,0.091,0.056,4,-0.031,False,False,False,,True
held_up,3,NOT property_tax AND autonomy AND education,property_tax;autonomy;education,011,0.841,0.352,47,9,0.429,0.033,0.047,0.022,0.0,0.045,0.056,3,-0.031,False,False,False,,True
held_up,3,payroll_pit AND NOT autonomy AND NOT culture,payroll_pit;autonomy;culture,100,0.841,0.343,32,6,0.333,0.022,0.016,0.0,0.118,0.0,0.014,2,-0.031,False,False,False,,False
held_up,3,single_tax AND NOT extracurricular AND balance,single_tax;extracurricular;balance,101,0.84,0.415,115,42,0.689,0.153,0.205,0.099,0.118,0.136,0.208,4,-0.032,False,False,False,,True
held_up,3,property_tax AND culture AND NOT small,property_tax;culture;small,110,0.84,0.392,96,27,0.628,0.099,0.118,0.088,0.118,0.0,0.097,3,-0.032,False,False,False,,True
held_up,3,autonomy AND education AND NOT small,autonomy;education;small,110,0.84,0.383,86,22,0.579,0.08,0.094,0.088,0.029,0.045,0.083,3,-0.032,False,False,False,,True
held_up,3,NOT property_tax AND culture AND contestation,property_tax;culture;contestation,011,0.84,0.379,68,18,0.6,0.066,0.094,0.066,0.0,0.0,0.111,2,-0.032,False,False,False,,False
held_up,3,single_tax AND NOT payroll_pit AND extracurricular,single_tax;payroll_pit;extracurricular,101,0.84,0.372,57,16,0.552,0.058,0.055,0.044,0.029,0.182,0.042,3,-0.032,False,False,False,,True
held_up,3,NOT payroll_pit AND investment AND education,payroll_pit;investment;education,011,0.84,0.372,82,29,0.659,0.106,0.118,0.077,0.147,0.091,0.125,4,-0.032,False,False,False,,True
held_up,3,education AND NOT contestation AND NOT small,education;contestation;small,100,0.84,0.364,72,15,0.455,0.055,0.024,0.099,0.029,0.091,0.014,3,-0.032,False,False,False,,True
held_up,3,payroll_pit AND NOT contestation AND NOT small,payroll_pit;contestation;small,100,0.84,0.359,77,17,0.472,0.062,0.063,0.044,0.088,0.091,0.042,4,-0.032,False,False,False,,True
held_up,3,property_tax AND NOT balance AND NOT small,property_tax;balance;small,100,0.84,0.344,47,12,0.429,0.044,0.071,0.033,0.0,0.0,0.069,2,-0.032,False,False,False,,False
held_up,3,single_tax AND investment AND NOT small,single_tax;investment;small,110,0.839,0.408,113,40,0.667,0.146,0.205,0.132,0.029,0.045,0.167,2,-0.033,False,False,False,,False
held_up,3,local_tax_base AND social AND NOT small,local_tax_base;social;small,110,0.839,0.391,93,21,0.583,0.077,0.063,0.077,0.176,0.0,0.042,3,-0.033,False,False,False,,True
held_up,3,investment AND NOT extracurricular AND NOT small,investment;extracurricular;small,100,0.839,0.391,98,33,0.589,0.12,0.11,0.143,0.088,0.136,0.069,4,-0.033,False,False,False,,True
held_up,3,NOT payroll_pit AND education AND balance,payroll_pit;education;balance,011,0.839,0.386,81,35,0.795,0.128,0.102,0.11,0.206,0.227,0.125,4,-0.033,False,False,False,,True
held_up,3,property_tax AND NOT payroll_pit AND education,property_tax;payroll_pit;education,101,0.839,0.381,77,31,0.738,0.113,0.094,0.099,0.176,0.182,0.111,4,-0.033,False,False,False,,True
held_up,3,NOT payroll_pit AND culture AND contestation,payroll_pit;culture;contestation,011,0.839,0.378,74,23,0.622,0.084,0.11,0.066,0.088,0.0,0.097,3,-0.033,False,False,False,,True
held_up,3,single_tax AND NOT autonomy AND NOT culture,single_tax;autonomy;culture,100,0.839,0.37,70,18,0.5,0.066,0.039,0.055,0.118,0.182,0.056,4,-0.033,False,False,False,,True
held_up,3,payroll_pit AND NOT autonomy AND contestation,payroll_pit;autonomy;contestation,101,0.839,0.367,66,16,0.485,0.058,0.055,0.055,0.118,0.0,0.042,3,-0.033,False,False,False,,True
held_up,3,NOT payroll_pit AND education AND NOT small,payroll_pit;education;small,010,0.839,0.36,49,16,0.667,0.058,0.047,0.077,0.059,0.045,0.056,4,-0.033,False,False,False,,True
held_up,3,NOT property_tax AND payroll_pit AND NOT extracurricular,property_tax;payroll_pit;extracurricular,010,0.839,0.359,56,17,0.567,0.062,0.063,0.077,0.059,0.0,0.056,3,-0.033,False,False,False,,True
held_up,3,NOT property_tax AND autonomy AND small,property_tax;autonomy;small,011,0.839,0.34,39,11,0.524,0.04,0.039,0.044,0.029,0.045,0.069,4,-0.033,False,False,False,,True
held_up,3,single_tax AND NOT extracurricular AND contestation,single_tax;extracurricular;contestation,101,0.838,0.401,119,39,0.65,0.142,0.165,0.132,0.147,0.045,0.139,3,-0.034,False,False,False,,True
held_up,3,local_tax_base AND autonomy AND NOT small,local_tax_base;autonomy;small,110,0.838,0.392,87,20,0.5,0.073,0.079,0.066,0.088,0.045,0.042,4,-0.034,False,False,False,,True
held_up,3,single_tax AND NOT culture AND NOT small,single_tax;culture;small,100,0.838,0.391,84,26,0.565,0.095,0.11,0.088,0.059,0.091,0.111,4,-0.034,False,False,False,,True
held_up,3,NOT autonomy AND investment AND contestation,autonomy;investment;contestation,011,0.838,0.391,99,29,0.644,0.106,0.102,0.132,0.088,0.045,0.111,3,-0.034,False,False,False,,True
held_up,3,NOT property_tax AND single_tax AND NOT small,property_tax;single_tax;small,010,0.838,0.39,98,25,0.556,0.091,0.063,0.121,0.088,0.136,0.028,4,-0.034,False,False,False,,True
held_up,3,single_tax AND culture AND NOT education,single_tax;culture;education,110,0.838,0.382,73,19,0.528,0.069,0.102,0.033,0.029,0.091,0.097,2,-0.034,False,False,False,,False
held_up,3,NOT property_tax AND investment AND education,property_tax;investment;education,011,0.838,0.376,78,22,0.579,0.08,0.079,0.088,0.059,0.091,0.069,4,-0.034,False,False,False,,True
held_up,3,single_tax AND NOT payroll_pit AND NOT investment,single_tax;payroll_pit;investment,100,0.838,0.372,72,23,0.605,0.084,0.071,0.055,0.059,0.318,0.069,4,-0.034,False,False,False,,True
held_up,3,NOT payroll_pit AND autonomy AND social,payroll_pit;autonomy;social,011,0.838,0.368,54,19,0.633,0.069,0.063,0.033,0.147,0.136,0.028,3,-0.034,False,False,False,,True
held_up,3,local_tax_base AND NOT property_tax AND social,local_tax_base;property_tax;social,101,0.838,0.364,57,11,0.5,0.04,0.047,0.011,0.088,0.045,0.028,3,-0.034,False,False,False,,True
held_up,3,NOT social AND culture AND NOT small,social;culture;small,010,0.838,0.363,69,12,0.387,0.044,0.055,0.055,0.0,0.0,0.042,2,-0.034,False,False,False,,False
held_up,3,payroll_pit AND NOT education AND NOT extracurricular,payroll_pit;education;extracurricular,100,0.838,0.36,58,18,0.514,0.066,0.094,0.033,0.059,0.045,0.097,4,-0.034,False,False,False,,True
held_up,3,local_tax_base AND payroll_pit AND NOT education,local_tax_base;payroll_pit;education,110,0.838,0.35,43,12,0.429,0.044,0.071,0.022,0.0,0.045,0.083,3,-0.034,False,False,False,,True
held_up,3,NOT payroll_pit AND autonomy AND small,payroll_pit;autonomy;small,011,0.838,0.345,46,18,0.6,0.066,0.047,0.055,0.088,0.182,0.069,4,-0.034,False,False,False,,True
held_up,3,investment AND NOT extracurricular AND contestation,investment;extracurricular;contestation,101,0.837,0.412,117,42,0.667,0.153,0.157,0.165,0.118,0.136,0.139,4,-0.035,False,False,False,,True
held_up,3,social AND NOT extracurricular AND contestation,social;extracurricular;contestation,101,0.837,0.396,106,33,0.673,0.12,0.142,0.088,0.147,0.091,0.167,4,-0.035,False,False,False,,True
held_up,3,NOT extracurricular AND contestation AND balance,extracurricular;contestation;balance,011,0.837,0.396,107,35,0.66,0.128,0.142,0.11,0.206,0.0,0.139,3,-0.035,False,False,False,,True
held_up,3,local_tax_base AND NOT property_tax AND extracurricular,local_tax_base;property_tax;extracurricular,101,0.837,0.387,69,12,0.5,0.044,0.031,0.044,0.029,0.136,0.014,4,-0.035,False,False,False,,True
held_up,3,NOT local_tax_base AND NOT extracurricular AND balance,local_tax_base;extracurricular;balance,001,0.837,0.372,80,26,0.703,0.095,0.087,0.11,0.118,0.045,0.056,3,-0.035,False,False,False,,True
held_up,3,NOT culture AND education AND NOT small,culture;education;small,010,0.837,0.368,48,11,0.478,0.04,0.039,0.044,0.029,0.045,0.028,4,-0.035,False,False,False,,True
held_up,3,NOT investment AND education AND NOT small,investment;education;small,010,0.837,0.365,66,10,0.385,0.036,0.031,0.044,0.029,0.045,0.042,4,-0.035,False,False,False,,True
held_up,3,NOT autonomy AND culture AND NOT education,autonomy;culture;education,010,0.837,0.359,53,13,0.5,0.047,0.063,0.044,0.029,0.0,0.056,3,-0.035,False,False,False,,True
held_up,3,autonomy AND NOT culture AND education,autonomy;culture;education,101,0.837,0.354,53,12,0.414,0.044,0.079,0.011,0.0,0.045,0.097,2,-0.035,False,False,False,,False
held_up,3,property_tax AND NOT autonomy AND NOT education,property_tax;autonomy;education,100,0.837,0.344,42,12,0.48,0.044,0.039,0.066,0.029,0.0,0.014,3,-0.035,False,False,False,,True
held_up,3,culture AND NOT education AND NOT balance,culture;education;balance,100,0.837,0.343,46,12,0.429,0.044,0.047,0.033,0.029,0.091,0.056,4,-0.035,False,False,False,,True
held_up,3,education AND balance AND NOT small,education;balance;small,110,0.836,0.403,95,27,0.675,0.099,0.087,0.132,0.059,0.091,0.069,4,-0.036,False,False,False,,True
held_up,3,investment AND culture AND NOT small,investment;culture;small,110,0.836,0.396,100,32,0.681,0.117,0.134,0.11,0.088,0.091,0.111,4,-0.036,False,False,False,,True
held_up,3,NOT autonomy AND investment AND extracurricular,autonomy;investment;extracurricular,011,0.836,0.395,94,23,0.605,0.084,0.079,0.077,0.118,0.091,0.069,4,-0.036,False,False,False,,True
held_up,3,payroll_pit AND education AND NOT small,payroll_pit;education;small,110,0.836,0.394,93,20,0.513,0.073,0.087,0.088,0.0,0.045,0.056,3,-0.036,False,False,False,,True
held_up,3,property_tax AND single_tax AND NOT education,property_tax;single_tax;education,110,0.836,0.388,83,26,0.542,0.095,0.165,0.033,0.0,0.091,0.167,2,-0.036,False,False,False,,False
held_up,3,single_tax AND NOT autonomy AND extracurricular,single_tax;autonomy;extracurricular,101,0.836,0.387,83,18,0.514,0.066,0.071,0.033,0.059,0.182,0.097,4,-0.036,False,False,False,,True
held_up,3,NOT payroll_pit AND autonomy AND NOT extracurricular,payroll_pit;autonomy;extracurricular,010,0.836,0.375,67,27,0.711,0.099,0.087,0.055,0.147,0.273,0.111,4,-0.036,False,False,False,,True
held_up,3,NOT property_tax AND single_tax AND NOT extracurricular,property_tax;single_tax;extracurricular,010,0.836,0.373,75,26,0.634,0.095,0.102,0.088,0.118,0.045,0.097,3,-0.036,False,False,False,,True
held_up,3,NOT single_tax AND investment AND education,single_tax;investment;education,011,0.836,0.373,81,28,0.636,0.102,0.118,0.077,0.147,0.045,0.111,3,-0.036,False,False,False,,True
held_up,3,NOT property_tax AND contestation AND small,property_tax;contestation;small,011,0.836,0.368,77,27,0.628,0.099,0.087,0.121,0.059,0.136,0.097,4,-0.036,False,False,False,,True
held_up,3,single_tax AND NOT education AND NOT contestation,single_tax;education;contestation,100,0.836,0.365,73,19,0.559,0.069,0.102,0.033,0.059,0.045,0.097,3,-0.036,False,False,False,,True
held_up,3,single_tax AND NOT culture AND NOT contestation,single_tax;culture;contestation,100,0.836,0.363,73,17,0.515,0.062,0.094,0.022,0.029,0.091,0.097,2,-0.036,False,False,False,,False
held_up,3,social AND NOT education AND small,social;education;small,101,0.836,0.349,44,10,0.476,0.036,0.055,0.011,0.0,0.091,0.083,2,-0.036,False,False,False,,False
held_up,3,single_tax AND contestation AND NOT small,single_tax;contestation;small,110,0.835,0.413,117,34,0.596,0.124,0.165,0.11,0.059,0.045,0.139,2,-0.037,False,False,False,,False
held_up,3,payroll_pit AND NOT extracurricular AND balance,payroll_pit;extracurricular;balance,101,0.835,0.402,100,30,0.625,0.109,0.157,0.066,0.088,0.045,0.167,3,-0.037,False,False,False,,True
held_up,3,social AND education AND NOT small,social;education;small,110,0.835,0.396,97,23,0.605,0.084,0.087,0.088,0.059,0.091,0.069,4,-0.037,False,False,False,,True
held_up,3,NOT property_tax AND NOT extracurricular AND contestation,property_tax;extracurricular;contestation,001,0.835,0.394,97,37,0.712,0.135,0.087,0.209,0.118,0.136,0.083,4,-0.037,False,False,False,,True
held_up,3,NOT autonomy AND investment AND social,autonomy;investment;social,011,0.835,0.392,107,31,0.62,0.113,0.118,0.088,0.147,0.136,0.083,4,-0.037,False,False,False,,True
held_up,3,single_tax AND NOT social AND contestation,single_tax;social;contestation,101,0.835,0.387,97,31,0.585,0.113,0.11,0.132,0.088,0.091,0.097,4,-0.037,False,False,False,,True
held_up,3,investment AND culture AND NOT balance,investment;culture;balance,110,0.835,0.384,92,19,0.514,0.069,0.087,0.077,0.029,0.0,0.069,2,-0.037,False,False,False,,False
held_up,3,NOT property_tax AND single_tax AND investment,property_tax;single_tax;investment,011,0.835,0.383,88,28,0.622,0.102,0.087,0.132,0.088,0.091,0.083,4,-0.037,False,False,False,,True
held_up,3,single_tax AND NOT payroll_pit AND balance,single_tax;payroll_pit;balance,101,0.835,0.383,74,28,0.718,0.102,0.102,0.088,0.059,0.227,0.097,4,-0.037,False,False,False,,True
held_up,3,single_tax AND NOT payroll_pit AND NOT culture,single_tax;payroll_pit;culture,100,0.835,0.382,71,24,0.686,0.088,0.079,0.077,0.059,0.227,0.097,4,-0.037,False,False,False,,True
held_up,3,single_tax AND NOT payroll_pit AND small,single_tax;payroll_pit;small,101,0.835,0.382,83,32,0.711,0.117,0.11,0.099,0.088,0.273,0.153,4,-0.037,False,False,False,,True
held_up,3,NOT payroll_pit AND investment AND culture,payroll_pit;investment;culture,011,0.835,0.38,85,29,0.659,0.106,0.126,0.077,0.147,0.045,0.111,3,-0.037,False,False,False,,True
held_up,3,local_tax_base AND NOT property_tax AND single_tax,local_tax_base;property_tax;single_tax,101,0.835,0.378,71,15,0.469,0.055,0.047,0.055,0.029,0.136,0.056,4,-0.037,False,False,False,,True
held_up,3,NOT payroll_pit AND culture AND NOT small,payroll_pit;culture;small,010,0.835,0.378,82,24,0.6,0.088,0.079,0.099,0.147,0.0,0.056,3,-0.037,False,False,False,,True
held_up,3,payroll_pit AND NOT social AND NOT small,payroll_pit;social;small,100,0.835,0.357,63,17,0.459,0.062,0.063,0.088,0.0,0.045,0.028,3,-0.037,False,False,False,,True
held_up,3,local_tax_base AND payroll_pit AND NOT culture,local_tax_base;payroll_pit;culture,110,0.835,0.344,44,8,0.32,0.029,0.039,0.022,0.029,0.0,0.028,3,-0.037,False,False,False,,True
held_up,3,education AND NOT extracurricular AND balance,education;extracurricular;balance,101,0.834,0.421,133,49,0.7,0.179,0.205,0.132,0.206,0.182,0.222,4,-0.038,False,False,False,,True
held_up,3,local_tax_base AND autonomy AND education,local_tax_base;autonomy;education,111,0.834,0.414,121,28,0.622,0.102,0.118,0.077,0.118,0.091,0.153,4,-0.038,False,False,False,,True
held_up,3,social AND NOT extracurricular AND balance,social;extracurricular;balance,101,0.834,0.414,114,35,0.648,0.128,0.15,0.088,0.176,0.091,0.153,4,-0.038,False,False,False,,True
held_up,3,NOT property_tax AND education AND balance,property_tax;education;balance,011,0.834,0.39,77,22,0.611,0.08,0.055,0.088,0.088,0.182,0.056,4,-0.038,False,False,False,,True
held_up,3,single_tax AND NOT education AND contestation,single_tax;education;contestation,101,0.834,0.389,91,31,0.554,0.113,0.142,0.11,0.029,0.091,0.153,3,-0.038,False,False,False,,True
held_up,3,NOT payroll_pit AND education AND NOT extracurricular,payroll_pit;education;extracurricular,010,0.834,0.388,101,40,0.69,0.146,0.173,0.088,0.176,0.182,0.208,4,-0.038,False,False,False,,True
held_up,3,single_tax AND contestation AND NOT balance,single_tax;contestation;balance,110,0.834,0.384,97,26,0.553,0.095,0.11,0.099,0.059,0.045,0.125,3,-0.038,False,False,False,,True
held_up,3,property_tax AND NOT payroll_pit AND culture,property_tax;payroll_pit;culture,101,0.834,0.38,76,34,0.68,0.124,0.11,0.088,0.235,0.182,0.083,4,-0.038,False,False,False,,True
held_up,3,property_tax AND NOT autonomy AND investment,property_tax;autonomy;investment,101,0.834,0.378,92,24,0.545,0.088,0.11,0.066,0.088,0.045,0.069,4,-0.038,False,False,False,,True
held_up,3,local_tax_base AND NOT culture AND education,local_tax_base;culture;education,101,0.834,0.377,78,18,0.514,0.066,0.079,0.044,0.029,0.136,0.083,3,-0.038,False,False,False,,True
held_up,3,NOT property_tax AND education AND NOT small,property_tax;education;small,010,0.834,0.377,74,16,0.485,0.058,0.055,0.066,0.029,0.091,0.042,3,-0.038,False,False,False,,True
held_up,3,NOT autonomy AND social AND NOT small,autonomy;social;small,010,0.834,0.376,90,26,0.65,0.095,0.031,0.121,0.265,0.091,0.028,3,-0.038,False,False,False,,True
held_up,3,property_tax AND NOT autonomy AND extracurricular,property_tax;autonomy;extracurricular,101,0.834,0.372,75,16,0.516,0.058,0.039,0.088,0.059,0.045,0.028,4,-0.038,False,False,False,,True
held_up,3,investment AND NOT culture AND education,investment;culture;education,101,0.834,0.363,71,20,0.5,0.073,0.094,0.066,0.029,0.045,0.111,3,-0.038,False,False,False,,True
held_up,3,single_tax AND NOT investment AND NOT education,single_tax;investment;education,100,0.834,0.362,71,15,0.429,0.055,0.055,0.044,0.029,0.136,0.056,4,-0.038,False,False,False,,True
held_up,3,NOT investment AND NOT extracurricular AND NOT small,investment;extracurricular;small,000,0.834,0.359,63,13,0.542,0.047,0.024,0.055,0.118,0.045,0.014,4,-0.038,False,False,False,,True
held_up,3,property_tax AND NOT investment AND NOT small,property_tax;investment;small,100,0.834,0.356,72,9,0.31,0.033,0.016,0.055,0.059,0.0,0.014,2,-0.038,False,False,False,,False
held_up,3,NOT single_tax AND payroll_pit AND NOT extracurricular,single_tax;payroll_pit;extracurricular,010,0.834,0.356,54,11,0.423,0.04,0.047,0.055,0.0,0.0,0.083,2,-0.038,False,False,False,,False
held_up,3,NOT local_tax_base AND NOT payroll_pit AND culture,local_tax_base;payroll_pit;culture,001,0.834,0.355,63,17,0.567,0.062,0.071,0.066,0.059,0.0,0.097,3,-0.038,False,False,False,,True
held_up,3,payroll_pit AND NOT balance AND NOT small,payroll_pit;balance;small,100,0.834,0.35,67,17,0.436,0.062,0.063,0.088,0.029,0.0,0.069,2,-0.038,False,False,False,,False
held_up,3,NOT single_tax AND autonomy AND education,single_tax;autonomy;education,011,0.834,0.349,55,14,0.483,0.051,0.055,0.044,0.059,0.045,0.083,4,-0.038,False,False,False,,True
held_up,3,local_tax_base AND education AND balance,local_tax_base;education;balance,111,0.833,0.444,140,46,0.719,0.168,0.173,0.132,0.206,0.227,0.208,4,-0.039,False,False,False,,True
held_up,3,single_tax AND social AND NOT small,single_tax;social;small,110,0.833,0.418,126,30,0.6,0.109,0.157,0.055,0.088,0.091,0.167,4,-0.039,False,False,False,,True
held_up,3,culture AND contestation AND NOT small,culture;contestation;small,110,0.833,0.403,101,25,0.595,0.091,0.134,0.066,0.059,0.0,0.111,3,-0.039,False,False,False,,True
held_up,3,single_tax AND NOT autonomy AND balance,single_tax;autonomy;balance,101,0.833,0.401,95,29,0.592,0.106,0.094,0.099,0.088,0.227,0.056,4,-0.039,False,False,False,,True
held_up,3,NOT payroll_pit AND culture AND education,payroll_pit;culture;education,011,0.833,0.396,92,36,0.692,0.131,0.134,0.099,0.206,0.136,0.139,4,-0.039,False,False,False,,True
held_up,3,single_tax AND social AND NOT education,single_tax;social;education,110,0.833,0.391,88,25,0.61,0.091,0.142,0.033,0.059,0.091,0.194,3,-0.039,False,False,False,,True
held_up,3,NOT autonomy AND social AND contestation,autonomy;social;contestation,011,0.833,0.388,101,29,0.644,0.106,0.094,0.099,0.206,0.045,0.083,3,-0.039,False,False,False,,True
held_up,3,NOT social AND education AND balance,social;education;balance,011,0.833,0.386,84,36,0.692,0.131,0.15,0.088,0.176,0.136,0.208,4,-0.039,False,False,False,,True
held_up,3,NOT property_tax AND single_tax AND NOT autonomy,property_tax;single_tax;autonomy,010,0.833,0.385,94,30,0.566,0.109,0.118,0.077,0.118,0.182,0.153,4,-0.039,False,False,False,,True
held_up,3,single_tax AND NOT culture AND education,single_tax;culture;education,101,0.833,0.385,83,17,0.447,0.062,0.063,0.033,0.059,0.182,0.069,4,-0.039,False,False,False,,True
held_up,3,NOT property_tax AND single_tax AND NOT payroll_pit,property_tax;single_tax;payroll_pit,010,0.833,0.383,76,24,0.585,0.088,0.079,0.077,0.088,0.182,0.097,4,-0.039,False,False,False,,True
held_up,3,social AND NOT education AND NOT extracurricular,social;education;extracurricular,100,0.833,0.383,78,24,0.632,0.088,0.087,0.044,0.176,0.136,0.111,4,-0.039,False,False,False,,True
held_up,3,local_tax_base AND NOT extracurricular AND NOT small,local_tax_base;extracurricular;small,100,0.833,0.382,88,20,0.455,0.073,0.071,0.066,0.118,0.045,0.042,4,-0.039,False,False,False,,True
held_up,3,local_tax_base AND NOT single_tax AND culture,local_tax_base;single_tax;culture,101,0.833,0.38,80,31,0.608,0.113,0.11,0.088,0.235,0.045,0.083,3,-0.039,False,False,False,,True
held_up,3,single_tax AND NOT payroll_pit AND NOT social,single_tax;payroll_pit;social,100,0.833,0.379,83,32,0.667,0.117,0.11,0.11,0.088,0.227,0.139,4,-0.039,False,False,False,,True
held_up,3,local_tax_base AND NOT single_tax AND social,local_tax_base;single_tax;social,101,0.833,0.377,84,27,0.6,0.099,0.079,0.099,0.235,0.0,0.056,3,-0.039,False,False,False,,True
held_up,3,NOT local_tax_base AND NOT autonomy AND investment,local_tax_base;autonomy;investment,001,0.833,0.377,101,33,0.611,0.12,0.087,0.154,0.176,0.091,0.083,4,-0.039,False,False,False,,True
held_up,3,NOT local_tax_base AND NOT extracurricular AND contestation,local_tax_base;extracurricular;contestation,001,0.833,0.375,82,26,0.591,0.095,0.079,0.143,0.059,0.045,0.069,3,-0.039,False,False,False,,True
held_up,3,NOT property_tax AND education AND NOT extracurricular,property_tax;education;extracurricular,010,0.833,0.374,79,24,0.571,0.088,0.118,0.077,0.029,0.045,0.139,3,-0.039,False,False,False,,True
held_up,3,culture AND contestation AND NOT balance,culture;contestation;balance,110,0.833,0.373,85,20,0.526,0.073,0.102,0.055,0.029,0.045,0.125,3,-0.039,False,False,False,,True
held_up,3,single_tax AND NOT social AND NOT education,single_tax;social;education,100,0.833,0.372,76,25,0.51,0.091,0.102,0.11,0.029,0.045,0.056,2,-0.039,False,False,False,,False
held_up,3,culture AND NOT contestation AND NOT small,culture;contestation;small,100,0.833,0.371,99,23,0.5,0.084,0.047,0.11,0.147,0.091,0.042,4,-0.039,False,False,False,,True
held_up,3,NOT culture AND education AND contestation,culture;education;contestation,011,0.833,0.369,69,16,0.485,0.058,0.063,0.033,0.088,0.091,0.069,4,-0.039,False,False,False,,True
held_up,3,NOT extracurricular AND NOT contestation AND NOT small,extracurricular;contestation;small,000,0.833,0.368,90,21,0.5,0.077,0.055,0.099,0.088,0.091,0.042,4,-0.039,False,False,False,,True
held_up,3,NOT local_tax_base AND single_tax AND NOT education,local_tax_base;single_tax;education,010,0.833,0.365,75,19,0.528,0.069,0.094,0.055,0.059,0.0,0.111,3,-0.039,False,False,False,,True
held_up,3,NOT education AND contestation AND small,education;contestation;small,011,0.833,0.361,71,26,0.591,0.095,0.079,0.132,0.059,0.091,0.097,4,-0.039,False,False,False,,True
held_up,3,single_tax AND NOT education AND NOT balance,single_tax;education;balance,100,0.833,0.358,67,25,0.568,0.091,0.102,0.088,0.059,0.091,0.111,4,-0.039,False,False,False,,True
held_up,3,payroll_pit AND NOT education AND small,payroll_pit;education;small,101,0.833,0.34,41,11,0.393,0.04,0.063,0.022,0.0,0.045,0.083,3,-0.039,False,False,False,,True
held_up,3,property_tax AND NOT extracurricular AND balance,property_tax;extracurricular;balance,101,0.832,0.416,129,49,0.671,0.179,0.228,0.099,0.235,0.136,0.264,4,-0.04,False,False,False,,True
held_up,3,property_tax AND NOT contestation AND balance,property_tax;contestation;balance,101,0.832,0.407,108,38,0.679,0.139,0.157,0.11,0.147,0.136,0.194,4,-0.04,False,False,False,,True
held_up,3,NOT autonomy AND investment AND culture,autonomy;investment;culture,011,0.832,0.399,111,31,0.596,0.113,0.142,0.088,0.118,0.045,0.111,3,-0.04,False,False,False,,True
held_up,3,NOT local_tax_base AND single_tax AND NOT small,local_tax_base;single_tax;small,010,0.832,0.398,120,37,0.617,0.135,0.165,0.121,0.088,0.091,0.153,4,-0.04,False,False,False,,True
held_up,3,NOT property_tax AND single_tax AND education,property_tax;single_tax;education,011,0.832,0.395,92,25,0.556,0.091,0.102,0.066,0.059,0.182,0.125,4,-0.04,False,False,False,,True
held_up,3,single_tax AND investment AND NOT education,single_tax;investment;education,110,0.832,0.389,93,35,0.636,0.128,0.189,0.099,0.059,0.0,0.194,2,-0.04,False,False,False,,False
held_up,3,NOT payroll_pit AND culture AND extracurricular,payroll_pit;culture;extracurricular,011,0.832,0.385,82,22,0.524,0.08,0.071,0.099,0.088,0.045,0.042,4,-0.04,False,False,False,,True
held_up,3,single_tax AND NOT payroll_pit AND NOT education,single_tax;payroll_pit;education,100,0.832,0.381,66,24,0.632,0.088,0.102,0.088,0.029,0.091,0.083,3,-0.04,False,False,False,,True
held_up,3,investment AND education AND NOT balance,investment;education;balance,110,0.832,0.38,99,16,0.4,0.058,0.087,0.055,0.0,0.0,0.069,2,-0.04,False,False,False,,False
held_up,3,NOT property_tax AND single_tax AND autonomy,property_tax;single_tax;autonomy,011,0.832,0.379,79,19,0.559,0.069,0.063,0.099,0.029,0.045,0.056,3,-0.04,False,False,False,,True
held_up,3,property_tax AND NOT single_tax AND education,property_tax;single_tax;education,101,0.832,0.379,79,28,0.636,0.102,0.102,0.099,0.147,0.045,0.111,3,-0.04,False,False,False,,True
held_up,3,NOT property_tax AND investment AND culture,property_tax;investment;culture,011,0.832,0.379,80,22,0.611,0.08,0.071,0.099,0.059,0.091,0.069,4,-0.04,False,False,False,,True
held_up,3,culture AND NOT education AND contestation,culture;education;contestation,101,0.832,0.379,79,19,0.5,0.069,0.102,0.033,0.059,0.045,0.111,3,-0.04,False,False,False,,True
held_up,3,NOT local_tax_base AND property_tax AND NOT small,local_tax_base;property_tax;small,010,0.832,0.376,88,22,0.524,0.08,0.142,0.033,0.029,0.0,0.181,1,-0.04,False,False,False,,False
held_up,3,NOT payroll_pit AND social AND education,payroll_pit;social;education,011,0.832,0.373,76,25,0.625,0.091,0.102,0.066,0.118,0.091,0.097,4,-0.04,False,False,False,,True
held_up,3,NOT property_tax AND social AND NOT extracurricular,property_tax;social;extracurricular,010,0.832,0.372,69,19,0.655,0.069,0.063,0.044,0.147,0.091,0.069,4,-0.04,False,False,False,,True
held_up,3,property_tax AND NOT payroll_pit AND NOT small,property_tax;payroll_pit;small,100,0.832,0.356,53,16,0.457,0.058,0.055,0.066,0.088,0.0,0.028,3,-0.04,False,False,False,,True
held_up,3,education AND NOT contestation AND balance,education;contestation;balance,101,0.831,0.422,115,37,0.661,0.135,0.126,0.121,0.147,0.227,0.167,4,-0.041,False,False,False,,True
held_up,3,investment AND NOT extracurricular AND balance,investment;extracurricular;balance,101,0.831,0.412,126,46,0.639,0.168,0.213,0.11,0.206,0.091,0.222,4,-0.041,False,False,False,,True
held_up,3,NOT extracurricular AND NOT contestation AND balance,extracurricular;contestation;balance,001,0.831,0.398,111,41,0.631,0.15,0.173,0.099,0.176,0.182,0.208,4,-0.041,False,False,False,,True
held_up,3,local_tax_base AND single_tax AND NOT education,local_tax_base;single_tax;education,110,0.831,0.392,89,31,0.574,0.113,0.15,0.088,0.029,0.136,0.139,3,-0.041,False,False,False,,True
held_up,3,NOT property_tax AND single_tax AND culture,property_tax;single_tax;culture,011,0.831,0.389,86,25,0.595,0.091,0.118,0.077,0.059,0.045,0.139,3,-0.041,False,False,False,,True
held_up,3,property_tax AND single_tax AND NOT culture,property_tax;single_tax;culture,110,0.831,0.386,87,24,0.511,0.088,0.142,0.044,0.029,0.045,0.153,3,-0.041,False,False,False,,True
held_up,3,NOT payroll_pit AND social AND contestation,payroll_pit;social;contestation,011,0.831,0.383,81,26,0.765,0.095,0.087,0.066,0.176,0.136,0.069,4,-0.041,False,False,False,,True
held_up,3,local_tax_base AND NOT investment AND NOT small,local_tax_base;investment;small,100,0.831,0.381,96,18,0.45,0.066,0.016,0.11,0.147,0.045,0.0,3,-0.041,False,False,False,,True
held_up,3,NOT payroll_pit AND autonomy AND investment,payroll_pit;autonomy;investment,011,0.831,0.378,77,27,0.6,0.099,0.087,0.099,0.029,0.273,0.069,3,-0.041,False,False,False,,True
held_up,3,property_tax AND NOT payroll_pit AND contestation,property_tax;payroll_pit;contestation,101,0.831,0.369,74,22,0.55,0.08,0.079,0.088,0.118,0.0,0.069,3,-0.041,False,False,False,,True
held_up,3,property_tax AND NOT payroll_pit AND social,property_tax;payroll_pit;social,101,0.831,0.366,68,23,0.639,0.084,0.079,0.077,0.147,0.045,0.056,4,-0.041,False,False,False,,True
held_up,3,payroll_pit AND NOT autonomy AND NOT social,payroll_pit;autonomy;social,100,0.831,0.356,56,13,0.448,0.047,0.063,0.033,0.059,0.0,0.069,3,-0.041,False,False,False,,True
held_up,3,NOT property_tax AND social AND small,property_tax;social;small,011,0.831,0.351,51,12,0.48,0.044,0.079,0.011,0.0,0.045,0.083,2,-0.041,False,False,False,,False
held_up,3,NOT autonomy AND education AND balance,autonomy;education;balance,011,0.83,0.416,110,38,0.679,0.139,0.11,0.154,0.176,0.182,0.083,4,-0.042,False,False,False,,True
held_up,3,NOT autonomy AND culture AND balance,autonomy;culture;balance,011,0.83,0.41,106,33,0.623,0.12,0.118,0.132,0.147,0.045,0.083,3,-0.042,False,False,False,,True
held_up,3,NOT autonomy AND culture AND extracurricular,autonomy;culture;extracurricular,011,0.83,0.403,104,25,0.543,0.091,0.102,0.099,0.059,0.045,0.111,3,-0.042,False,False,False,,True
held_up,3,local_tax_base AND contestation AND NOT small,local_tax_base;contestation;small,110,0.83,0.401,98,26,0.553,0.095,0.079,0.099,0.147,0.091,0.028,4,-0.042,False,False,False,,True
held_up,3,single_tax AND NOT payroll_pit AND NOT autonomy,single_tax;payroll_pit;autonomy,100,0.83,0.395,95,31,0.62,0.113,0.094,0.099,0.118,0.273,0.111,4,-0.042,False,False,False,,True
held_up,3,NOT property_tax AND investment AND social,property_tax;investment;social,011,0.83,0.392,91,30,0.638,0.109,0.071,0.11,0.147,0.273,0.056,4,-0.042,False,False,False,,True
held_up,3,NOT autonomy AND culture AND contestation,autonomy;culture;contestation,011,0.83,0.392,103,28,0.583,0.102,0.126,0.099,0.088,0.0,0.125,3,-0.042,False,False,False,,True
held_up,3,single_tax AND investment AND NOT social,single_tax;investment;social,110,0.83,0.391,106,39,0.639,0.142,0.173,0.143,0.118,0.0,0.167,3,-0.042,False,False,False,,True
held_up,3,social AND culture AND NOT education,social;culture;education,110,0.83,0.388,82,27,0.659,0.099,0.102,0.055,0.176,0.136,0.125,4,-0.042,False,False,False,,True
held_up,3,NOT property_tax AND single_tax AND social,property_tax;single_tax;social,011,0.83,0.383,73,19,0.559,0.069,0.071,0.044,0.088,0.136,0.083,4,-0.042,False,False,False,,True
held_up,3,local_tax_base AND culture AND NOT education,local_tax_base;culture;education,110,0.83,0.382,74,22,0.5,0.08,0.11,0.033,0.088,0.091,0.097,3,-0.042,False,False,False,,True
held_up,3,NOT payroll_pit AND social AND culture,payroll_pit;social;culture,011,0.83,0.382,81,30,0.682,0.109,0.094,0.11,0.206,0.045,0.056,3,-0.042,False,False,False,,True
held_up,3,NOT investment AND NOT extracurricular AND balance,investment;extracurricular;balance,001,0.83,0.381,92,30,0.652,0.109,0.102,0.099,0.176,0.091,0.125,4,-0.042,False,False,False,,True
held_up,3,local_tax_base AND NOT property_tax AND investment,local_tax_base;property_tax;investment,101,0.83,0.379,89,18,0.462,0.066,0.063,0.055,0.059,0.136,0.042,4,-0.042,False,False,False,,True
held_up,3,local_tax_base AND payroll_pit AND NOT autonomy,local_tax_base;payroll_pit;autonomy,110,0.83,0.379,76,11,0.344,0.04,0.039,0.033,0.059,0.045,0.028,4,-0.042,False,False,False,,True
held_up,3,local_tax_base AND NOT contestation AND NOT small,local_tax_base;contestation;small,100,0.83,0.373,96,14,0.341,0.051,0.031,0.088,0.059,0.0,0.028,3,-0.042,False,False,False,,True
held_up,3,property_tax AND NOT payroll_pit AND investment,property_tax;payroll_pit;investment,101,0.83,0.372,82,31,0.62,0.113,0.142,0.088,0.118,0.045,0.125,3,-0.042,False,False,False,,True
held_up,3,property_tax AND NOT autonomy AND contestation,property_tax;autonomy;contestation,101,0.83,0.372,87,22,0.512,0.08,0.071,0.099,0.118,0.0,0.069,3,-0.042,False,False,False,,True
held_up,3,single_tax AND NOT culture AND NOT extracurricular,single_tax;culture;extracurricular,100,0.83,0.371,84,26,0.553,0.095,0.11,0.077,0.088,0.091,0.111,4,-0.042,False,False,False,,True
held_up,3,culture AND NOT education AND NOT extracurricular,culture;education;extracurricular,100,0.83,0.371,66,21,0.553,0.077,0.11,0.022,0.088,0.091,0.125,3,-0.042,False,False,False,,True
held_up,3,NOT property_tax AND single_tax AND NOT balance,property_tax;single_tax;balance,010,0.83,0.359,73,21,0.5,0.077,0.087,0.088,0.059,0.0,0.111,3,-0.042,False,False,False,,True
held_up,3,NOT single_tax AND social AND small,single_tax;social;small,011,0.83,0.359,65,17,0.5,0.062,0.094,0.033,0.059,0.0,0.097,3,-0.042,False,False,False,,True
held_up,3,property_tax AND NOT social AND NOT small,property_tax;social;small,100,0.83,0.352,48,11,0.333,0.04,0.047,0.055,0.0,0.0,0.028,2,-0.042,False,False,False,,False
held_up,3,NOT local_tax_base AND NOT payroll_pit AND education,local_tax_base;payroll_pit;education,001,0.83,0.344,56,16,0.533,0.058,0.071,0.044,0.059,0.045,0.097,4,-0.042,False,False,False,,True
held_up,3,single_tax AND NOT contestation AND balance,single_tax;contestation;balance,101,0.829,0.414,111,33,0.66,0.12,0.157,0.088,0.029,0.182,0.194,3,-0.043,False,False,False,,True
held_up,3,investment AND contestation AND small,investment;contestation;small,111,0.829,0.407,122,36,0.6,0.131,0.15,0.121,0.118,0.091,0.153,4,-0.043,False,False,False,,True
held_up,3,NOT education AND NOT extracurricular AND contestation,education;extracurricular;contestation,001,0.829,0.404,108,45,0.692,0.164,0.118,0.22,0.176,0.182,0.097,4,-0.043,False,False,False,,True
held_up,3,single_tax AND NOT culture AND contestation,single_tax;culture;contestation,101,0.829,0.39,101,31,0.525,0.113,0.11,0.121,0.088,0.136,0.125,4,-0.043,False,False,False,,True
held_up,3,single_tax AND NOT social AND NOT culture,single_tax;social;culture,100,0.829,0.38,88,28,0.583,0.102,0.094,0.132,0.029,0.136,0.069,3,-0.043,False,False,False,,True
held_up,3,NOT single_tax AND social AND NOT extracurricular,single_tax;social;extracurricular,010,0.829,0.38,87,26,0.605,0.095,0.094,0.077,0.176,0.045,0.111,3,-0.043,False,False,False,,True
held_up,3,NOT property_tax AND payroll_pit AND investment,property_tax;payroll_pit;investment,011,0.829,0.379,77,24,0.533,0.088,0.063,0.11,0.088,0.136,0.042,4,-0.043,False,False,False,,True
held_up,3,NOT investment AND culture AND NOT small,investment;culture;small,010,0.829,0.379,100,16,0.39,0.058,0.047,0.066,0.118,0.0,0.042,3,-0.043,False,False,False,,True
held_up,3,investment AND culture AND NOT education,investment;culture;education,110,0.829,0.377,79,23,0.523,0.084,0.118,0.055,0.059,0.045,0.125,4,-0.043,False,False,False,,True
held_up,3,NOT single_tax AND education AND NOT extracurricular,single_tax;education;extracurricular,010,0.829,0.376,88,29,0.604,0.106,0.142,0.066,0.118,0.045,0.167,3,-0.043,False,False,False,,True
held_up,3,NOT local_tax_base AND single_tax AND NOT extracurricular,local_tax_base;single_tax;extracurricular,010,0.829,0.368,92,25,0.532,0.091,0.102,0.088,0.088,0.045,0.056,3,-0.043,False,False,False,,True
held_up,3,education AND contestation AND NOT balance,education;contestation;balance,110,0.829,0.367,89,16,0.457,0.058,0.079,0.044,0.059,0.0,0.083,3,-0.043,False,False,False,,True
held_up,3,NOT single_tax AND education AND contestation,single_tax;education;contestation,011,0.829,0.362,62,19,0.559,0.069,0.087,0.066,0.059,0.0,0.111,3,-0.043,False,False,False,,True
held_up,3,single_tax AND NOT payroll_pit AND NOT balance,single_tax;payroll_pit;balance,100,0.829,0.359,63,20,0.588,0.073,0.071,0.066,0.059,0.136,0.097,4,-0.043,False,False,False,,True
held_up,3,NOT single_tax AND payroll_pit AND NOT contestation,single_tax;payroll_pit;contestation,010,0.829,0.356,60,12,0.364,0.044,0.055,0.022,0.059,0.045,0.069,4,-0.043,False,False,False,,True
held_up,3,culture AND NOT education AND small,culture;education;small,101,0.829,0.356,48,15,0.455,0.055,0.087,0.022,0.0,0.091,0.111,2,-0.043,False,False,False,,False
held_up,3,culture AND NOT extracurricular AND balance,culture;extracurricular;balance,101,0.828,0.429,141,49,0.7,0.179,0.22,0.11,0.265,0.091,0.236,4,-0.044,False,False,False,,True
held_up,3,autonomy AND investment AND NOT extracurricular,autonomy;investment;extracurricular,110,0.828,0.421,136,45,0.608,0.164,0.213,0.121,0.088,0.182,0.222,4,-0.044,False,False,False,,True
held_up,3,local_tax_base AND education AND contestation,local_tax_base;education;contestation,111,0.828,0.418,130,31,0.608,0.113,0.118,0.099,0.147,0.091,0.111,4,-0.044,False,False,False,,True
held_up,3,local_tax_base AND payroll_pit AND balance,local_tax_base;payroll_pit;balance,111,0.828,0.413,101,24,0.545,0.088,0.126,0.055,0.059,0.045,0.167,4,-0.044,False,False,False,,True
held_up,3,NOT autonomy AND investment AND education,autonomy;investment;education,011,0.828,0.407,129,37,0.587,0.135,0.15,0.121,0.147,0.091,0.111,4,-0.044,False,False,False,,True
held_up,3,local_tax_base AND autonomy AND extracurricular,local_tax_base;autonomy;extracurricular,111,0.828,0.402,95,17,0.415,0.062,0.063,0.088,0.029,0.0,0.028,2,-0.044,False,False,False,,False
held_up,3,local_tax_base AND contestation AND NOT balance,local_tax_base;contestation;balance,110,0.828,0.401,122,36,0.6,0.131,0.11,0.165,0.118,0.136,0.083,4,-0.044,False,False,False,,True
held_up,3,local_tax_base AND NOT property_tax AND NOT small,local_tax_base;property_tax;small,100,0.828,0.398,104,17,0.447,0.062,0.031,0.077,0.118,0.091,0.014,3,-0.044,False,False,False,,True
held_up,3,NOT payroll_pit AND culture AND balance,payroll_pit;culture;balance,011,0.828,0.395,101,35,0.648,0.128,0.11,0.11,0.294,0.045,0.097,3,-0.044,False,False,False,,True
held_up,3,local_tax_base AND investment AND NOT small,local_tax_base;investment;small,110,0.828,0.394,98,22,0.458,0.08,0.094,0.077,0.059,0.045,0.056,4,-0.044,False,False,False,,True
held_up,3,local_tax_base AND property_tax AND NOT small,local_tax_base;property_tax;small,110,0.828,0.389,90,23,0.46,0.084,0.079,0.11,0.088,0.0,0.042,3,-0.044,False,False,False,,True
held_up,3,NOT property_tax AND single_tax AND NOT culture,property_tax;single_tax;culture,010,0.828,0.388,87,24,0.533,0.088,0.063,0.099,0.088,0.182,0.069,4,-0.044,False,False,False,,True
held_up,3,single_tax AND investment AND NOT culture,single_tax;investment;culture,110,0.828,0.385,91,33,0.579,0.12,0.173,0.099,0.029,0.045,0.194,2,-0.044,False,False,False,,False
held_up,3,NOT single_tax AND education AND balance,single_tax;education;balance,011,0.828,0.385,80,27,0.643,0.099,0.087,0.099,0.176,0.045,0.111,3,-0.044,False,False,False,,True
held_up,3,single_tax AND social AND NOT culture,single_tax;social;culture,110,0.828,0.384,86,20,0.455,0.073,0.11,0.011,0.088,0.091,0.153,3,-0.044,False,False,False,,True
held_up,3,single_tax AND NOT autonomy AND NOT social,single_tax;autonomy;social,100,0.828,0.383,98,28,0.549,0.102,0.087,0.099,0.118,0.182,0.111,4,-0.044,False,False,False,,True
held_up,3,NOT payroll_pit AND autonomy AND contestation,payroll_pit;autonomy;contestation,011,0.828,0.383,74,23,0.605,0.084,0.071,0.077,0.059,0.227,0.056,4,-0.044,False,False,False,,True
held_up,3,NOT single_tax AND investment AND culture,single_tax;investment;culture,011,0.828,0.382,87,29,0.58,0.106,0.126,0.066,0.147,0.091,0.125,4,-0.044,False,False,False,,True
held_up,3,NOT property_tax AND single_tax AND NOT social,property_tax;single_tax;social,010,0.828,0.379,100,30,0.566,0.109,0.11,0.132,0.059,0.091,0.125,4,-0.044,False,False,False,,True
held_up,3,NOT culture AND education AND balance,culture;education;balance,011,0.828,0.378,71,21,0.583,0.077,0.079,0.055,0.059,0.182,0.097,4,-0.044,False,False,False,,True
held_up,3,NOT single_tax AND autonomy AND NOT extracurricular,single_tax;autonomy;extracurricular,010,0.828,0.377,83,24,0.571,0.088,0.063,0.077,0.147,0.182,0.083,4,-0.044,False,False,False,,True
held_up,3,NOT payroll_pit AND contestation AND small,payroll_pit;contestation;small,011,0.828,0.377,98,33,0.66,0.12,0.102,0.154,0.088,0.136,0.125,4,-0.044,False,False,False,,True
held_up,3,single_tax AND NOT payroll_pit AND NOT contestation,single_tax;payroll_pit;contestation,100,0.828,0.373,83,23,0.548,0.084,0.071,0.066,0.088,0.227,0.083,4,-0.044,False,False,False,,True
held_up,3,NOT property_tax AND culture AND NOT extracurricular,property_tax;culture;extracurricular,010,0.828,0.372,74,23,0.622,0.084,0.102,0.077,0.088,0.0,0.125,3,-0.044,False,False,False,,True
held_up,3,local_tax_base AND NOT balance AND NOT small,local_tax_base;balance;small,100,0.828,0.371,89,18,0.429,0.066,0.063,0.077,0.059,0.045,0.028,4,-0.044,False,False,False,,True
held_up,3,NOT local_tax_base AND payroll_pit AND NOT autonomy,local_tax_base;payroll_pit;autonomy,010,0.828,0.37,71,23,0.575,0.084,0.102,0.066,0.118,0.0,0.111,3,-0.044,False,False,False,,True
held_up,3,NOT autonomy AND social AND NOT education,autonomy;social;education,010,0.828,0.367,75,21,0.6,0.077,0.024,0.099,0.235,0.045,0.014,3,-0.044,False,False,False,,True
held_up,3,NOT local_tax_base AND single_tax AND NOT culture,local_tax_base;single_tax;culture,010,0.828,0.366,75,21,0.488,0.077,0.094,0.066,0.059,0.045,0.111,4,-0.044,False,False,False,,True
held_up,3,NOT property_tax AND autonomy AND culture,property_tax;autonomy;culture,011,0.828,0.366,66,14,0.467,0.051,0.039,0.044,0.088,0.091,0.042,4,-0.044,False,False,False,,True
held_up,3,NOT property_tax AND investment AND small,property_tax;investment;small,011,0.828,0.366,72,23,0.511,0.084,0.094,0.066,0.088,0.091,0.111,4,-0.044,False,False,False,,True
held_up,3,NOT culture AND education AND NOT extracurricular,culture;education;extracurricular,010,0.828,0.364,75,18,0.45,0.066,0.094,0.033,0.029,0.091,0.125,3,-0.044,False,False,False,,True
held_up,3,NOT property_tax AND extracurricular AND small,property_tax;extracurricular;small,011,0.828,0.36,57,14,0.4,0.051,0.087,0.0,0.029,0.091,0.125,3,-0.044,False,False,False,,True
held_up,3,NOT local_tax_base AND single_tax AND NOT social,local_tax_base;single_tax;social,010,0.828,0.357,75,23,0.511,0.084,0.11,0.088,0.029,0.0,0.111,2,-0.044,False,False,False,,False
held_up,3,NOT education AND extracurricular AND small,education;extracurricular;small,011,0.828,0.343,33,4,0.2,0.015,0.024,0.011,0.0,0.0,0.028,2,-0.044,False,False,False,,False
held_up,3,investment AND culture AND contestation,investment;culture;contestation,111,0.827,0.428,130,37,0.661,0.135,0.197,0.099,0.088,0.0,0.181,3,-0.045,False,False,False,,True
held_up,3,local_tax_base AND investment AND contestation,local_tax_base;investment;contestation,111,0.827,0.425,127,39,0.65,0.142,0.157,0.132,0.118,0.136,0.125,4,-0.045,False,False,False,,True
held_up,3,investment AND education AND contestation,investment;education;contestation,111,0.827,0.419,129,37,0.638,0.135,0.173,0.11,0.118,0.045,0.153,3,-0.045,False,False,False,,True
held_up,3,NOT property_tax AND investment AND contestation,property_tax;investment;contestation,011,0.827,0.407,112,35,0.66,0.128,0.063,0.198,0.059,0.318,0.069,2,-0.045,False,False,False,,False
held_up,3,property_tax AND investment AND NOT small,property_tax;investment;small,110,0.827,0.396,106,36,0.571,0.131,0.205,0.088,0.059,0.0,0.208,2,-0.045,False,False,False,,False
held_up,3,single_tax AND investment AND NOT balance,single_tax;investment;balance,110,0.827,0.396,114,27,0.491,0.099,0.118,0.11,0.059,0.0,0.139,3,-0.045,False,False,False,,True
held_up,3,NOT single_tax AND culture AND education,single_tax;culture;education,011,0.827,0.393,95,32,0.627,0.117,0.126,0.11,0.147,0.045,0.125,3,-0.045,False,False,False,,True
held_up,3,local_tax_base AND NOT autonomy AND NOT small,local_tax_base;autonomy;small,100,0.827,0.392,107,20,0.417,0.073,0.031,0.121,0.118,0.045,0.014,3,-0.045,False,False,False,,True
held_up,3,NOT single_tax AND social AND culture,single_tax;social;culture,011,0.827,0.39,93,34,0.63,0.124,0.118,0.11,0.235,0.045,0.125,3,-0.045,False,False,False,,True
held_up,3,single_tax AND NOT education AND extracurricular,single_tax;education;extracurricular,101,0.827,0.388,93,22,0.468,0.08,0.11,0.077,0.0,0.045,0.125,3,-0.045,False,False,False,,True
held_up,3,investment AND extracurricular AND NOT balance,investment;extracurricular;balance,110,0.827,0.388,100,25,0.556,0.091,0.102,0.11,0.029,0.045,0.097,2,-0.045,False,False,False,,False
held_up,3,property_tax AND NOT autonomy AND balance,property_tax;autonomy;balance,101,0.827,0.387,87,29,0.659,0.106,0.102,0.121,0.118,0.045,0.069,3,-0.045,False,False,False,,True
held_up,3,NOT local_tax_base AND investment AND NOT extracurricular,local_tax_base;investment;extracurricular,010,0.827,0.386,106,32,0.552,0.117,0.102,0.154,0.088,0.091,0.069,4,-0.045,False,False,False,,True
held_up,3,property_tax AND extracurricular AND NOT contestation,property_tax;extracurricular;contestation,110,0.827,0.384,90,22,0.55,0.08,0.071,0.099,0.088,0.045,0.069,4,-0.045,False,False,False,,True
held_up,3,NOT property_tax AND single_tax AND NOT education,property_tax;single_tax;education,010,0.827,0.383,81,24,0.571,0.088,0.079,0.11,0.088,0.045,0.083,4,-0.045,False,False,False,,True
held_up,3,NOT local_tax_base AND NOT autonomy AND balance,local_tax_base;autonomy;balance,001,0.827,0.38,94,31,0.633,0.113,0.047,0.143,0.294,0.091,0.028,3,-0.045,False,False,False,,True
held_up,3,NOT social AND culture AND extracurricular,social;culture;extracurricular,011,0.827,0.379,80,15,0.385,0.055,0.087,0.033,0.0,0.045,0.125,3,-0.045,False,False,False,,True
held_up,3,single_tax AND NOT social AND extracurricular,single_tax;social;extracurricular,101,0.827,0.378,83,20,0.465,0.073,0.087,0.066,0.0,0.136,0.097,3,-0.045,False,False,False,,True
held_up,3,NOT extracurricular AND NOT balance AND NOT small,extracurricular;balance;small,000,0.827,0.372,87,26,0.578,0.095,0.079,0.11,0.088,0.136,0.056,4,-0.045,False,False,False,,True
held_up,3,social AND NOT culture AND education,social;culture;education,101,0.827,0.368,67,13,0.406,0.047,0.063,0.011,0.059,0.091,0.069,3,-0.045,False,False,False,,True
held_up,3,single_tax AND NOT investment AND NOT culture,single_tax;investment;culture,100,0.827,0.365,83,15,0.429,0.055,0.031,0.044,0.088,0.182,0.028,4,-0.045,False,False,False,,True
held_up,3,NOT local_tax_base AND NOT payroll_pit AND NOT extracurricular,local_tax_base;payroll_pit;extracurricular,000,0.827,0.364,69,25,0.658,0.091,0.063,0.11,0.118,0.136,0.083,4,-0.045,False,False,False,,True
held_up,3,NOT local_tax_base AND property_tax AND NOT education,local_tax_base;property_tax;education,010,0.827,0.35,63,11,0.367,0.04,0.079,0.0,0.029,0.0,0.125,2,-0.045,False,False,False,,False
held_up,3,NOT single_tax AND payroll_pit AND small,single_tax;payroll_pit;small,011,0.827,0.35,52,15,0.469,0.055,0.079,0.044,0.029,0.0,0.125,3,-0.045,False,False,False,,True
held_up,3,payroll_pit AND NOT culture AND NOT contestation,payroll_pit;culture;contestation,100,0.827,0.348,60,13,0.406,0.047,0.087,0.011,0.029,0.0,0.097,2,-0.045,False,False,False,,False
held_up,3,NOT local_tax_base AND property_tax AND NOT social,local_tax_base;property_tax;social,010,0.827,0.338,38,5,0.263,0.018,0.031,0.011,0.0,0.0,0.028,2,-0.045,False,False,False,,False
held_up,3,single_tax AND investment AND NOT extracurricular,single_tax;investment;extracurricular,110,0.826,0.423,148,44,0.603,0.161,0.213,0.121,0.147,0.045,0.194,3,-0.046,False,False,False,,True
held_up,3,local_tax_base AND autonomy AND contestation,local_tax_base;autonomy;contestation,111,0.826,0.419,120,35,0.625,0.128,0.134,0.121,0.118,0.136,0.111,4,-0.046,False,False,False,,True
held_up,3,social AND culture AND NOT small,social;culture;small,110,0.826,0.415,131,36,0.632,0.131,0.126,0.121,0.206,0.091,0.111,4,-0.046,False,False,False,,True
held_up,3,local_tax_base AND NOT payroll_pit AND education,local_tax_base;payroll_pit;education,101,0.826,0.413,118,42,0.667,0.153,0.15,0.121,0.176,0.273,0.139,4,-0.046,False,False,False,,True
held_up,3,NOT investment AND education AND balance,investment;education;balance,011,0.826,0.406,98,21,0.538,0.077,0.063,0.088,0.059,0.136,0.083,4,-0.046,False,False,False,,True
held_up,3,local_tax_base AND NOT contestation AND balance,local_tax_base;contestation;balance,101,0.826,0.403,117,37,0.578,0.135,0.15,0.11,0.147,0.136,0.194,4,-0.046,False,False,False,,True
held_up,3,NOT payroll_pit AND investment AND contestation,payroll_pit;investment;contestation,011,0.826,0.402,113,36,0.655,0.131,0.11,0.154,0.059,0.273,0.111,3,-0.046,False,False,False,,True
held_up,3,single_tax AND NOT education AND NOT small,single_tax;education;small,100,0.826,0.4,111,28,0.509,0.102,0.142,0.077,0.059,0.045,0.125,3,-0.046,False,False,False,,True
held_up,3,culture AND NOT extracurricular AND contestation,culture;extracurricular;contestation,101,0.826,0.4,121,38,0.667,0.139,0.165,0.121,0.147,0.045,0.167,3,-0.046,False,False,False,,True
held_up,3,NOT autonomy AND investment AND balance,autonomy;investment;balance,011,0.826,0.399,108,35,0.614,0.128,0.102,0.121,0.235,0.136,0.083,4,-0.046,False,False,False,,True
held_up,3,investment AND extracurricular AND NOT contestation,investment;extracurricular;contestation,110,0.826,0.395,102,31,0.585,0.113,0.102,0.11,0.147,0.136,0.097,4,-0.046,False,False,False,,True
held_up,3,NOT payroll_pit AND social AND balance,payroll_pit;social;balance,011,0.826,0.393,102,37,0.698,0.135,0.071,0.132,0.353,0.182,0.028,4,-0.046,False,False,False,,True
held_up,3,local_tax_base AND payroll_pit AND extracurricular,local_tax_base;payroll_pit;extracurricular,111,0.826,0.392,90,14,0.438,0.051,0.047,0.088,0.0,0.0,0.042,2,-0.046,False,False,False,,False
held_up,3,NOT single_tax AND culture AND extracurricular,single_tax;culture;extracurricular,011,0.826,0.387,84,21,0.457,0.077,0.063,0.088,0.118,0.045,0.056,4,-0.046,False,False,False,,True
held_up,3,NOT local_tax_base AND NOT autonomy AND culture,local_tax_base;autonomy;culture,001,0.826,0.384,93,30,0.625,0.109,0.142,0.11,0.059,0.0,0.181,3,-0.046,False,False,False,,True
held_up,3,investment AND extracurricular AND small,investment;extracurricular;small,111,0.826,0.384,84,20,0.526,0.073,0.102,0.055,0.029,0.045,0.111,3,-0.046,False,False,False,,True
held_up,3,NOT payroll_pit AND investment AND social,payroll_pit;investment;social,011,0.826,0.383,98,31,0.62,0.113,0.11,0.088,0.147,0.182,0.083,4,-0.046,False,False,False,,True
held_up,3,single_tax AND NOT social AND balance,single_tax;social;balance,101,0.826,0.382,87,34,0.642,0.124,0.157,0.088,0.088,0.136,0.181,4,-0.046,False,False,False,,True
held_up,3,NOT payroll_pit AND social AND NOT extracurricular,payroll_pit;social;extracurricular,010,0.826,0.381,85,29,0.69,0.106,0.102,0.077,0.176,0.136,0.097,4,-0.046,False,False,False,,True
held_up,3,property_tax AND NOT education AND NOT extracurricular,property_tax;education;extracurricular,100,0.826,0.38,80,28,0.56,0.102,0.134,0.077,0.059,0.091,0.125,4,-0.046,False,False,False,,True
held_up,3,local_tax_base AND NOT property_tax AND balance,local_tax_base;property_tax;balance,101,0.826,0.377,83,18,0.462,0.066,0.055,0.066,0.059,0.136,0.056,4,-0.046,False,False,False,,True
held_up,3,NOT single_tax AND payroll_pit AND culture,single_tax;payroll_pit;culture,011,0.826,0.377,64,16,0.457,0.058,0.071,0.055,0.029,0.045,0.111,3,-0.046,False,False,False,,True
held_up,3,NOT social AND education AND contestation,social;education;contestation,011,0.826,0.377,86,22,0.537,0.08,0.087,0.066,0.118,0.045,0.111,4,-0.046,False,False,False,,True
held_up,3,property_tax AND culture AND NOT education,property_tax;culture;education,110,0.826,0.375,75,23,0.511,0.084,0.126,0.022,0.088,0.091,0.125,3,-0.046,False,False,False,,True
held_up,3,NOT property_tax AND single_tax AND small,property_tax;single_tax;small,011,0.826,0.374,75,24,0.571,0.088,0.118,0.055,0.059,0.091,0.181,4,-0.046,False,False,False,,True
held_up,3,NOT autonomy AND NOT extracurricular AND NOT small,autonomy;extracurricular;small,000,0.826,0.374,92,25,0.5,0.091,0.039,0.154,0.118,0.091,0.014,3,-0.046,False,False,False,,True
held_up,3,NOT property_tax AND single_tax AND NOT investment,property_tax;single_tax;investment,010,0.826,0.373,85,21,0.5,0.077,0.094,0.044,0.059,0.136,0.125,4,-0.046,False,False,False,,True
held_up,3,property_tax AND NOT culture AND education,property_tax;culture;education,101,0.826,0.371,69,16,0.471,0.058,0.079,0.044,0.029,0.045,0.097,3,-0.046,False,False,False,,True
held_up,3,NOT single_tax AND payroll_pit AND education,single_tax;payroll_pit;education,011,0.826,0.37,61,15,0.455,0.055,0.071,0.055,0.029,0.0,0.111,3,-0.046,False,False,False,,True
held_up,3,autonomy AND NOT social AND education,autonomy;social;education,101,0.826,0.367,80,24,0.545,0.088,0.134,0.033,0.059,0.091,0.194,3,-0.046,False,False,False,,True
held_up,3,property_tax AND NOT payroll_pit AND autonomy,property_tax;payroll_pit;autonomy,101,0.826,0.364,57,21,0.525,0.077,0.087,0.033,0.118,0.136,0.083,3,-0.046,False,False,False,,True
held_up,3,property_tax AND NOT payroll_pit AND extracurricular,property_tax;payroll_pit;extracurricular,101,0.826,0.36,60,13,0.382,0.047,0.031,0.066,0.059,0.045,0.0,4,-0.046,False,False,False,,True
held_up,3,single_tax AND investment AND contestation,single_tax;investment;contestation,111,0.825,0.442,148,46,0.63,0.168,0.244,0.132,0.059,0.045,0.222,2,-0.047,False,False,False,,False
held_up,3,local_tax_base AND investment AND education,local_tax_base;investment;education,111,0.825,0.427,146,40,0.635,0.146,0.165,0.11,0.176,0.136,0.181,4,-0.047,False,False,False,,True
held_up,3,local_tax_base AND autonomy AND NOT extracurricular,local_tax_base;autonomy;extracurricular,110,0.825,0.418,141,44,0.629,0.161,0.197,0.077,0.176,0.273,0.236,3,-0.047,False,False,False,,True
held_up,3,local_tax_base AND extracurricular AND NOT small,local_tax_base;extracurricular;small,110,0.825,0.411,106,20,0.455,0.073,0.039,0.121,0.088,0.045,0.014,4,-0.047,False,False,False,,True
held_up,3,property_tax AND social AND NOT small,property_tax;social;small,110,0.825,0.406,130,34,0.576,0.124,0.173,0.088,0.118,0.0,0.194,3,-0.047,False,False,False,,True
held_up,3,NOT autonomy AND social AND balance,autonomy;social;balance,011,0.825,0.405,111,36,0.655,0.131,0.087,0.132,0.265,0.182,0.042,4,-0.047,False,False,False,,True
held_up,3,single_tax AND NOT culture AND NOT education,single_tax;culture;education,100,0.825,0.397,91,31,0.574,0.113,0.142,0.11,0.059,0.045,0.153,3,-0.047,False,False,False,,True
held_up,3,NOT property_tax AND single_tax AND extracurricular,property_tax;single_tax;extracurricular,011,0.825,0.393,98,23,0.5,0.084,0.079,0.088,0.029,0.182,0.111,3,-0.047,False,False,False,,True
held_up,3,NOT autonomy AND contestation AND NOT small,autonomy;contestation;small,010,0.825,0.393,112,32,0.571,0.117,0.071,0.165,0.176,0.091,0.042,4,-0.047,False,False,False,,True
held_up,3,local_tax_base AND single_tax AND NOT culture,local_tax_base;single_tax;culture,110,0.825,0.392,99,27,0.551,0.099,0.11,0.077,0.059,0.182,0.111,4,-0.047,False,False,False,,True
held_up,3,autonomy AND extracurricular AND NOT contestation,autonomy;extracurricular;contestation,110,0.825,0.392,111,25,0.446,0.091,0.11,0.066,0.088,0.091,0.097,4,-0.047,False,False,False,,True
held_up,3,local_tax_base AND autonomy AND NOT investment,local_tax_base;autonomy;investment,110,0.825,0.39,102,19,0.442,0.069,0.071,0.033,0.118,0.136,0.069,3,-0.047,False,False,False,,True
held_up,3,education AND NOT extracurricular AND contestation,education;extracurricular;contestation,101,0.825,0.39,124,34,0.618,0.124,0.142,0.121,0.147,0.0,0.153,3,-0.047,False,False,False,,True
held_up,3,NOT property_tax AND culture AND NOT small,property_tax;culture;small,010,0.825,0.389,104,21,0.467,0.077,0.063,0.088,0.088,0.091,0.056,4,-0.047,False,False,False,,True
held_up,3,single_tax AND NOT culture AND extracurricular,single_tax;culture;extracurricular,101,0.825,0.389,90,22,0.489,0.08,0.094,0.066,0.029,0.136,0.111,3,-0.047,False,False,False,,True
held_up,3,payroll_pit AND NOT extracurricular AND contestation,payroll_pit;extracurricular;contestation,101,0.825,0.389,112,31,0.574,0.113,0.126,0.099,0.147,0.045,0.111,3,-0.047,False,False,False,,True
held_up,3,investment AND NOT contestation AND NOT small,investment;contestation;small,100,0.825,0.388,121,38,0.559,0.139,0.102,0.154,0.206,0.182,0.069,4,-0.047,False,False,False,,True
held_up,3,culture AND NOT education AND extracurricular,culture;education;extracurricular,101,0.825,0.386,88,17,0.395,0.062,0.063,0.055,0.088,0.045,0.056,4,-0.047,False,False,False,,True
held_up,3,NOT local_tax_base AND education AND NOT small,local_tax_base;education;small,010,0.825,0.385,96,27,0.6,0.099,0.118,0.099,0.029,0.091,0.097,3,-0.047,False,False,False,,True
held_up,3,investment AND NOT social AND education,investment;social;education,101,0.825,0.383,103,34,0.618,0.124,0.134,0.11,0.176,0.045,0.167,3,-0.047,False,False,False,,True
held_up,3,property_tax AND NOT single_tax AND culture,property_tax;single_tax;culture,101,0.825,0.382,89,33,0.611,0.12,0.126,0.088,0.235,0.045,0.125,3,-0.047,False,False,False,,True
held_up,3,NOT autonomy AND investment AND NOT small,autonomy;investment;small,010,0.825,0.381,113,28,0.519,0.102,0.047,0.165,0.147,0.091,0.042,3,-0.047,False,False,False,,True
held_up,3,NOT payroll_pit AND investment AND small,payroll_pit;investment;small,011,0.825,0.38,99,38,0.633,0.139,0.165,0.099,0.147,0.136,0.167,4,-0.047,False,False,False,,True
held_up,3,autonomy AND NOT contestation AND NOT small,autonomy;contestation;small,100,0.825,0.379,113,25,0.455,0.091,0.094,0.066,0.147,0.091,0.056,4,-0.047,False,False,False,,True
held_up,3,NOT social AND culture AND contestation,social;culture;contestation,011,0.825,0.379,90,19,0.452,0.069,0.094,0.044,0.088,0.0,0.111,3,-0.047,False,False,False,,True
held_up,3,social AND NOT contestation AND NOT small,social;contestation;small,100,0.825,0.379,112,33,0.6,0.12,0.079,0.11,0.265,0.182,0.069,4,-0.047,False,False,False,,True
held_up,3,NOT property_tax AND payroll_pit AND contestation,property_tax;payroll_pit;contestation,011,0.825,0.378,82,18,0.439,0.066,0.039,0.11,0.059,0.045,0.042,4,-0.047,False,False,False,,True
held_up,3,NOT single_tax AND culture AND contestation,single_tax;culture;contestation,011,0.825,0.378,82,22,0.524,0.08,0.094,0.077,0.088,0.0,0.125,3,-0.047,False,False,False,,True
held_up,3,autonomy AND NOT culture AND NOT extracurricular,autonomy;culture;extracurricular,100,0.825,0.378,80,26,0.591,0.095,0.102,0.077,0.059,0.182,0.097,4,-0.047,False,False,False,,True
held_up,3,autonomy AND extracurricular AND small,autonomy;extracurricular;small,111,0.825,0.377,81,14,0.378,0.051,0.079,0.044,0.0,0.0,0.097,2,-0.047,False,False,False,,False
held_up,3,NOT property_tax AND NOT extracurricular AND balance,property_tax;extracurricular;balance,001,0.825,0.376,89,27,0.6,0.099,0.087,0.11,0.147,0.045,0.083,3,-0.047,False,False,False,,True
held_up,3,payroll_pit AND culture AND NOT education,payroll_pit;culture;education,110,0.825,0.375,68,15,0.441,0.055,0.087,0.0,0.059,0.091,0.125,3,-0.047,False,False,False,,True
held_up,3,NOT single_tax AND social AND education,single_tax;social;education,011,0.825,0.374,80,25,0.595,0.091,0.11,0.088,0.088,0.0,0.111,3,-0.047,False,False,False,,True
held_up,3,payroll_pit AND NOT autonomy AND NOT extracurricular,payroll_pit;autonomy;extracurricular,100,0.825,0.37,87,19,0.422,0.069,0.071,0.066,0.088,0.045,0.056,4,-0.047,False,False,False,,True
held_up,3,NOT property_tax AND balance AND small,property_tax;balance;small,011,0.825,0.364,67,21,0.538,0.077,0.087,0.055,0.088,0.091,0.125,4,-0.047,False,False,False,,True
held_up,3,NOT property_tax AND payroll_pit AND small,property_tax;payroll_pit;small,011,0.825,0.355,59,18,0.5,0.066,0.094,0.055,0.029,0.0,0.153,2,-0.047,False,False,False,,False
held_up,3,NOT local_tax_base AND NOT payroll_pit AND autonomy,local_tax_base;payroll_pit;autonomy,001,0.825,0.351,60,15,0.484,0.055,0.039,0.055,0.059,0.136,0.028,4,-0.047,False,False,False,,True
held_up,3,payroll_pit AND NOT education AND NOT contestation,payroll_pit;education;contestation,100,0.825,0.349,58,14,0.438,0.051,0.071,0.011,0.088,0.045,0.069,3,-0.047,False,False,False,,True
held_up,3,NOT single_tax AND autonomy AND small,single_tax;autonomy;small,011,0.825,0.345,59,14,0.4,0.051,0.039,0.044,0.088,0.091,0.069,4,-0.047,False,False,False,,True
held_up,3,NOT local_tax_base AND NOT payroll_pit AND small,local_tax_base;payroll_pit;small,001,0.825,0.332,48,11,0.379,0.04,0.055,0.011,0.088,0.0,0.083,2,-0.047,False,False,False,,False
held_up,3,NOT local_tax_base AND NOT education AND small,local_tax_base;education;small,001,0.825,0.33,38,8,0.348,0.029,0.031,0.022,0.059,0.0,0.042,3,-0.047,False,False,False,,True
held_up,3,local_tax_base AND culture AND contestation,local_tax_base;culture;contestation,111,0.824,0.426,138,36,0.6,0.131,0.15,0.11,0.176,0.045,0.125,3,-0.048,False,False,False,,True
held_up,3,single_tax AND payroll_pit AND NOT small,single_tax;payroll_pit;small,110,0.824,0.421,141,35,0.565,0.128,0.173,0.11,0.059,0.045,0.153,2,-0.048,False,False,False,,False
held_up,3,local_tax_base AND culture AND extracurricular,local_tax_base;culture;extracurricular,111,0.824,0.418,114,24,0.533,0.088,0.079,0.121,0.059,0.045,0.042,4,-0.048,False,False,False,,True
held_up,3,investment AND social AND NOT extracurricular,investment;social;extracurricular,110,0.824,0.415,130,34,0.54,0.124,0.165,0.077,0.118,0.091,0.167,4,-0.048,False,False,False,,True
held_up,3,NOT local_tax_base AND single_tax AND investment,local_tax_base;single_tax;investment,011,0.824,0.408,134,43,0.581,0.157,0.213,0.143,0.059,0.045,0.208,2,-0.048,False,False,False,,False
held_up,3,education AND extracurricular AND NOT small,education;extracurricular;small,110,0.824,0.408,109,25,0.532,0.091,0.087,0.121,0.059,0.045,0.069,3,-0.048,False,False,False,,True
held_up,3,local_tax_base AND payroll_pit AND investment,local_tax_base;payroll_pit;investment,111,0.824,0.406,114,27,0.54,0.099,0.126,0.088,0.059,0.045,0.139,3,-0.048,False,False,False,,True
held_up,3,NOT contestation AND balance AND small,contestation;balance;small,011,0.824,0.406,99,36,0.643,0.131,0.181,0.066,0.118,0.136,0.25,4,-0.048,False,False,False,,True
held_up,3,NOT payroll_pit AND NOT extracurricular AND contestation,payroll_pit;extracurricular;contestation,001,0.824,0.405,120,48,0.727,0.175,0.134,0.242,0.176,0.136,0.139,4,-0.048,False,False,False,,True
held_up,3,NOT autonomy AND extracurricular AND contestation,autonomy;extracurricular;contestation,011,0.824,0.405,116,27,0.529,0.099,0.087,0.088,0.118,0.182,0.083,4,-0.048,False,False,False,,True
held_up,3,local_tax_base AND investment AND extracurricular,local_tax_base;investment;extracurricular,111,0.824,0.404,97,19,0.528,0.069,0.071,0.088,0.029,0.045,0.028,3,-0.048,False,False,False,,True
held_up,3,NOT property_tax AND NOT extracurricular AND NOT small,property_tax;extracurricular;small,000,0.824,0.404,115,32,0.593,0.117,0.063,0.154,0.176,0.182,0.028,4,-0.048,False,False,False,,True
held_up,3,payroll_pit AND culture AND NOT small,payroll_pit;culture;small,110,0.824,0.404,118,24,0.5,0.088,0.102,0.077,0.059,0.091,0.097,4,-0.048,False,False,False,,True
held_up,3,NOT extracurricular AND contestation AND NOT balance,extracurricular;contestation;balance,010,0.824,0.401,125,44,0.657,0.161,0.118,0.231,0.118,0.182,0.111,4,-0.048,False,False,False,,True
held_up,3,local_tax_base AND NOT payroll_pit AND autonomy,local_tax_base;payroll_pit;autonomy,101,0.824,0.397,89,29,0.58,0.106,0.102,0.066,0.147,0.227,0.083,4,-0.048,False,False,False,,True
held_up,3,NOT single_tax AND investment AND social,single_tax;investment;social,011,0.824,0.394,117,39,0.591,0.142,0.134,0.121,0.206,0.182,0.125,4,-0.048,False,False,False,,True
held_up,3,single_tax AND autonomy AND NOT culture,single_tax;autonomy;culture,110,0.824,0.393,104,30,0.536,0.109,0.165,0.088,0.0,0.045,0.167,2,-0.048,False,False,False,,False
held_up,3,property_tax AND NOT payroll_pit AND NOT extracurricular,property_tax;payroll_pit;extracurricular,100,0.824,0.389,100,43,0.705,0.157,0.157,0.132,0.206,0.182,0.153,4,-0.048,False,False,False,,True
held_up,3,single_tax AND NOT culture AND balance,single_tax;culture;balance,101,0.824,0.382,84,24,0.545,0.088,0.087,0.066,0.059,0.227,0.111,4,-0.048,False,False,False,,True
held_up,3,payroll_pit AND NOT autonomy AND NOT contestation,payroll_pit;autonomy;contestation,100,0.824,0.375,81,18,0.462,0.066,0.087,0.044,0.059,0.045,0.097,4,-0.048,False,False,False,,True
held_up,3,NOT payroll_pit AND autonomy AND balance,payroll_pit;autonomy;balance,011,0.824,0.375,75,23,0.561,0.084,0.063,0.066,0.176,0.136,0.069,4,-0.048,False,False,False,,True
held_up,3,NOT single_tax AND investment AND small,single_tax;investment;small,011,0.824,0.373,93,30,0.508,0.109,0.142,0.066,0.118,0.091,0.125,4,-0.048,False,False,False,,True
held_up,3,NOT local_tax_base AND NOT payroll_pit AND investment,local_tax_base;payroll_pit;investment,001,0.824,0.368,93,31,0.608,0.113,0.055,0.165,0.118,0.227,0.069,3,-0.048,False,False,False,,True
held_up,3,NOT culture AND NOT extracurricular AND balance,culture;extracurricular;balance,001,0.824,0.368,77,27,0.562,0.099,0.094,0.099,0.118,0.091,0.111,4,-0.048,False,False,False,,True
held_up,3,NOT single_tax AND education AND NOT small,single_tax;education;small,010,0.824,0.365,58,13,0.464,0.047,0.039,0.077,0.029,0.0,0.042,3,-0.048,False,False,False,,True
held_up,3,NOT payroll_pit AND social AND small,payroll_pit;social;small,011,0.824,0.361,72,19,0.528,0.069,0.087,0.044,0.059,0.091,0.069,4,-0.048,False,False,False,,True
held_up,3,NOT local_tax_base AND property_tax AND NOT extracurricular,local_tax_base;property_tax;extracurricular,010,0.824,0.359,78,12,0.375,0.044,0.055,0.055,0.0,0.0,0.042,2,-0.048,False,False,False,,False
held_up,3,property_tax AND NOT autonomy AND NOT culture,property_tax;autonomy;culture,100,0.824,0.357,65,13,0.419,0.047,0.031,0.088,0.029,0.0,0.028,3,-0.048,False,False,False,,True
held_up,3,local_tax_base AND single_tax AND balance,local_tax_base;single_tax;balance,111,0.823,0.448,148,41,0.621,0.15,0.189,0.11,0.059,0.227,0.208,3,-0.049,False,False,False,,True
held_up,3,single_tax AND autonomy AND NOT small,single_tax;autonomy;small,110,0.823,0.426,146,37,0.569,0.135,0.189,0.121,0.029,0.045,0.167,2,-0.049,False,False,False,,False
held_up,3,local_tax_base AND autonomy AND balance,local_tax_base;autonomy;balance,111,0.823,0.42,116,34,0.618,0.124,0.15,0.066,0.206,0.091,0.208,4,-0.049,False,False,False,,True
held_up,3,investment AND education AND NOT contestation,investment;education;contestation,110,0.823,0.42,147,41,0.577,0.15,0.173,0.132,0.118,0.136,0.194,4,-0.049,False,False,False,,True
held_up,3,single_tax AND balance AND NOT small,single_tax;balance;small,110,0.823,0.419,140,34,0.596,0.124,0.157,0.099,0.059,0.136,0.111,3,-0.049,False,False,False,,True
held_up,3,autonomy AND social AND NOT extracurricular,autonomy;social;extracurricular,110,0.823,0.414,133,29,0.547,0.106,0.142,0.044,0.118,0.136,0.167,3,-0.049,False,False,False,,True
held_up,3,investment AND contestation AND NOT balance,investment;contestation;balance,110,0.823,0.409,137,43,0.632,0.157,0.142,0.22,0.029,0.182,0.139,3,-0.049,False,False,False,,True
held_up,3,NOT autonomy AND contestation AND balance,autonomy;contestation;balance,011,0.823,0.4,112,35,0.625,0.128,0.094,0.143,0.206,0.136,0.056,4,-0.049,False,False,False,,True
held_up,3,autonomy AND contestation AND small,autonomy;contestation;small,111,0.823,0.398,121,29,0.509,0.106,0.118,0.099,0.088,0.091,0.139,4,-0.049,False,False,False,,True
held_up,3,NOT culture AND NOT extracurricular AND contestation,culture;extracurricular;contestation,001,0.823,0.398,111,41,0.651,0.15,0.094,0.22,0.176,0.136,0.083,4,-0.049,False,False,False,,True
held_up,3,NOT property_tax AND culture AND education,property_tax;culture;education,011,0.823,0.396,94,28,0.583,0.102,0.142,0.088,0.029,0.045,0.167,2,-0.049,False,False,False,,False
held_up,3,local_tax_base AND balance AND NOT small,local_tax_base;balance;small,110,0.823,0.394,105,22,0.478,0.08,0.047,0.11,0.147,0.045,0.028,4,-0.049,False,False,False,,True
held_up,3,single_tax AND extracurricular AND NOT contestation,single_tax;extracurricular;contestation,110,0.823,0.393,106,23,0.511,0.084,0.102,0.077,0.029,0.091,0.125,3,-0.049,False,False,False,,True
held_up,3,local_tax_base AND extracurricular AND NOT contestation,local_tax_base;extracurricular;contestation,110,0.823,0.389,94,18,0.486,0.066,0.047,0.11,0.029,0.045,0.028,3,-0.049,False,False,False,,True
held_up,3,NOT investment AND NOT extracurricular AND contestation,investment;extracurricular;contestation,001,0.823,0.388,115,37,0.649,0.135,0.102,0.176,0.206,0.045,0.111,3,-0.049,False,False,False,,True
held_up,3,local_tax_base AND social AND NOT education,local_tax_base;social;education,110,0.823,0.387,91,25,0.581,0.091,0.102,0.055,0.147,0.091,0.111,4,-0.049,False,False,False,,True
held_up,3,NOT single_tax AND culture AND NOT small,single_tax;culture;small,010,0.823,0.384,89,23,0.523,0.084,0.055,0.099,0.176,0.045,0.069,4,-0.049,False,False,False,,True
held_up,3,NOT social AND NOT extracurricular AND NOT small,social;extracurricular;small,000,0.823,0.384,94,24,0.49,0.088,0.063,0.143,0.029,0.091,0.014,3,-0.049,False,False,False,,True
held_up,3,NOT property_tax AND autonomy AND social,property_tax;autonomy;social,011,0.823,0.383,81,21,0.568,0.077,0.071,0.055,0.088,0.182,0.042,4,-0.049,False,False,False,,True
held_up,3,NOT single_tax AND culture AND NOT extracurricular,single_tax;culture;extracurricular,010,0.823,0.381,92,30,0.6,0.109,0.134,0.066,0.176,0.045,0.153,3,-0.049,False,False,False,,True
held_up,3,NOT payroll_pit AND NOT culture AND education,payroll_pit;culture;education,001,0.823,0.381,82,22,0.537,0.08,0.087,0.066,0.029,0.182,0.097,3,-0.049,False,False,False,,True
held_up,3,NOT property_tax AND social AND education,property_tax;social;education,011,0.823,0.376,78,20,0.541,0.073,0.094,0.044,0.029,0.136,0.083,3,-0.049,False,False,False,,True
held_up,3,NOT local_tax_base AND NOT education AND NOT extracurricular,local_tax_base;education;extracurricular,000,0.823,0.374,80,24,0.558,0.088,0.047,0.121,0.147,0.091,0.028,4,-0.049,False,False,False,,True
held_up,3,property_tax AND NOT payroll_pit AND balance,property_tax;payroll_pit;balance,101,0.823,0.374,86,34,0.68,0.124,0.11,0.11,0.235,0.091,0.111,4,-0.049,False,False,False,,True
held_up,3,NOT payroll_pit AND education AND extracurricular,payroll_pit;education;extracurricular,011,0.823,0.371,73,18,0.514,0.066,0.047,0.077,0.059,0.136,0.028,4,-0.049,False,False,False,,True
held_up,3,autonomy AND education AND NOT balance,autonomy;education;balance,110,0.823,0.37,98,12,0.308,0.044,0.063,0.044,0.0,0.0,0.042,2,-0.049,False,False,False,,False
held_up,3,NOT single_tax AND autonomy AND culture,single_tax;autonomy;culture,011,0.823,0.369,80,20,0.455,0.073,0.063,0.044,0.176,0.091,0.083,4,-0.049,False,False,False,,True
held_up,3,NOT investment AND culture AND NOT education,investment;culture;education,010,0.823,0.368,75,15,0.405,0.055,0.055,0.022,0.118,0.091,0.056,3,-0.049,False,False,False,,True
held_up,3,NOT local_tax_base AND single_tax AND NOT balance,local_tax_base;single_tax;balance,010,0.823,0.364,90,22,0.44,0.08,0.102,0.077,0.059,0.0,0.139,3,-0.049,False,False,False,,True
held_up,3,investment AND NOT education AND small,investment;education;small,101,0.823,0.36,68,23,0.489,0.084,0.11,0.077,0.029,0.045,0.111,3,-0.049,False,False,False,,True
held_up,3,local_tax_base AND payroll_pit AND NOT social,local_tax_base;payroll_pit;social,110,0.823,0.359,73,16,0.444,0.058,0.079,0.033,0.088,0.0,0.069,3,-0.049,False,False,False,,True
held_up,3,NOT local_tax_base AND NOT payroll_pit AND social,local_tax_base;payroll_pit;social,001,0.823,0.359,72,25,0.641,0.091,0.055,0.099,0.147,0.182,0.056,4,-0.049,False,False,False,,True
held_up,3,NOT payroll_pit AND autonomy AND NOT contestation,payroll_pit;autonomy;contestation,010,0.823,0.359,75,21,0.488,0.077,0.071,0.044,0.147,0.136,0.056,4,-0.049,False,False,False,,True
held_up,3,local_tax_base AND culture AND balance,local_tax_base;culture;balance,111,0.822,0.454,160,51,0.646,0.186,0.213,0.132,0.294,0.091,0.236,3,-0.05,False,False,False,,True
held_up,3,local_tax_base AND single_tax AND autonomy,local_tax_base;single_tax;autonomy,111,0.822,0.449,162,42,0.618,0.153,0.213,0.11,0.059,0.136,0.222,3,-0.05,False,False,False,,True
held_up,3,local_tax_base AND autonomy AND culture,local_tax_base;autonomy;culture,111,0.822,0.436,149,39,0.582,0.142,0.165,0.099,0.176,0.136,0.194,4,-0.05,False,False,False,,True
held_up,3,local_tax_base AND single_tax AND contestation,local_tax_base;single_tax;contestation,111,0.822,0.435,148,39,0.619,0.142,0.157,0.121,0.118,0.182,0.125,4,-0.05,False,False,False,,True
held_up,3,local_tax_base AND social AND contestation,local_tax_base;social;contestation,111,0.822,0.419,127,34,0.667,0.124,0.142,0.088,0.176,0.091,0.125,4,-0.05,False,False,False,,True
held_up,3,local_tax_base AND single_tax AND NOT payroll_pit,local_tax_base;single_tax;payroll_pit,110,0.822,0.418,117,37,0.627,0.135,0.134,0.121,0.059,0.318,0.139,3,-0.05,False,False,False,,True
held_up,3,local_tax_base AND NOT extracurricular AND balance,local_tax_base;extracurricular;balance,101,0.822,0.417,138,50,0.617,0.182,0.228,0.099,0.265,0.136,0.292,4,-0.05,False,False,False,,True
held_up,3,investment AND education AND NOT extracurricular,investment;education;extracurricular,110,0.822,0.415,146,44,0.603,0.161,0.197,0.121,0.176,0.091,0.222,4,-0.05,False,False,False,,True
held_up,3,property_tax AND payroll_pit AND NOT small,property_tax;payroll_pit;small,110,0.822,0.404,125,29,0.509,0.106,0.165,0.077,0.029,0.0,0.194,2,-0.05,False,False,False,,False
held_up,3,single_tax AND NOT investment AND contestation,single_tax;investment;contestation,101,0.822,0.4,130,28,0.5,0.102,0.087,0.11,0.118,0.136,0.097,4,-0.05,False,False,False,,True
held_up,3,NOT autonomy AND NOT extracurricular AND contestation,autonomy;extracurricular;contestation,001,0.822,0.396,125,43,0.623,0.157,0.11,0.242,0.206,0.0,0.097,3,-0.05,False,False,False,,True
held_up,3,local_tax_base AND autonomy AND NOT contestation,local_tax_base;autonomy;contestation,110,0.822,0.394,116,26,0.473,0.095,0.126,0.044,0.088,0.136,0.153,3,-0.05,False,False,False,,True
held_up,3,NOT property_tax AND single_tax AND balance,property_tax;single_tax;balance,011,0.822,0.394,100,28,0.622,0.102,0.094,0.088,0.088,0.227,0.097,4,-0.05,False,False,False,,True
held_up,3,property_tax AND NOT autonomy AND social,property_tax;autonomy;social,101,0.822,0.389,107,30,0.612,0.109,0.11,0.121,0.118,0.045,0.083,3,-0.05,False,False,False,,True
held_up,3,NOT single_tax AND NOT autonomy AND culture,single_tax;autonomy;culture,001,0.822,0.388,96,31,0.596,0.113,0.134,0.11,0.118,0.0,0.125,3,-0.05,False,False,False,,True
held_up,3,local_tax_base AND autonomy AND NOT social,local_tax_base;autonomy;social,110,0.822,0.387,102,33,0.569,0.12,0.142,0.088,0.088,0.182,0.139,4,-0.05,False,False,False,,True
held_up,3,NOT payroll_pit AND culture AND NOT extracurricular,payroll_pit;culture;extracurricular,010,0.822,0.386,96,37,0.649,0.135,0.15,0.077,0.235,0.136,0.153,4,-0.05,False,False,False,,True
held_up,3,NOT investment AND balance AND small,investment;balance;small,011,0.822,0.386,88,25,0.556,0.091,0.102,0.077,0.088,0.091,0.139,4,-0.05,False,False,False,,True
held_up,3,NOT social AND culture AND balance,social;culture;balance,011,0.822,0.386,97,31,0.554,0.113,0.157,0.055,0.147,0.045,0.181,2,-0.05,False,False,False,,False
held_up,3,NOT property_tax AND payroll_pit AND education,property_tax;payroll_pit;education,011,0.822,0.384,80,19,0.463,0.069,0.094,0.055,0.029,0.045,0.125,3,-0.05,False,False,False,,True
held_up,3,social AND contestation AND NOT balance,social;contestation;balance,110,0.822,0.384,102,26,0.531,0.095,0.11,0.088,0.059,0.091,0.125,4,-0.05,False,False,False,,True
held_up,3,NOT property_tax AND payroll_pit AND culture,property_tax;payroll_pit;culture,011,0.822,0.383,71,18,0.514,0.066,0.079,0.055,0.029,0.091,0.111,3,-0.05,False,False,False,,True
held_up,3,NOT single_tax AND education AND NOT contestation,single_tax;education;contestation,010,0.822,0.383,102,30,0.526,0.109,0.134,0.088,0.118,0.045,0.125,3,-0.05,False,False,False,,True
held_up,3,NOT property_tax AND NOT culture AND education,property_tax;culture;education,001,0.822,0.381,83,18,0.409,0.066,0.079,0.033,0.059,0.136,0.083,4,-0.05,False,False,False,,True
held_up,3,NOT payroll_pit AND NOT investment AND culture,payroll_pit;investment;culture,001,0.822,0.381,93,30,0.545,0.109,0.094,0.099,0.176,0.136,0.083,4,-0.05,False,False,False,,True
held_up,3,NOT property_tax AND culture AND NOT education,property_tax;culture;education,010,0.822,0.378,79,15,0.417,0.055,0.047,0.055,0.088,0.045,0.056,4,-0.05,False,False,False,,True
held_up,3,NOT single_tax AND culture AND NOT contestation,single_tax;culture;contestation,010,0.822,0.378,94,29,0.537,0.106,0.102,0.077,0.206,0.091,0.083,4,-0.05,False,False,False,,True
held_up,3,NOT education AND NOT extracurricular AND balance,education;extracurricular;balance,001,0.822,0.377,85,27,0.562,0.099,0.11,0.077,0.176,0.0,0.125,3,-0.05,False,False,False,,True
held_up,3,property_tax AND NOT single_tax AND social,property_tax;single_tax;social,101,0.822,0.376,91,28,0.538,0.102,0.102,0.099,0.176,0.0,0.125,3,-0.05,False,False,False,,True
held_up,3,autonomy AND NOT investment AND NOT extracurricular,autonomy;investment;extracurricular,100,0.822,0.375,100,19,0.5,0.069,0.063,0.033,0.147,0.136,0.083,3,-0.05,False,False,False,,True
held_up,3,NOT local_tax_base AND balance AND small,local_tax_base;balance;small,011,0.822,0.373,80,20,0.5,0.073,0.094,0.055,0.088,0.0,0.125,3,-0.05,False,False,False,,True
held_up,3,culture AND extracurricular AND NOT balance,culture;extracurricular;balance,110,0.822,0.373,88,18,0.45,0.066,0.087,0.055,0.029,0.045,0.097,3,-0.05,False,False,False,,True
held_up,3,single_tax AND NOT culture AND small,single_tax;culture;small,101,0.822,0.369,90,22,0.478,0.08,0.094,0.055,0.059,0.136,0.111,4,-0.05,False,False,False,,True
held_up,3,social AND NOT culture AND NOT extracurricular,social;culture;extracurricular,100,0.822,0.368,77,16,0.421,0.058,0.055,0.033,0.118,0.091,0.056,4,-0.05,False,False,False,,True
held_up,3,NOT culture AND contestation AND small,culture;contestation;small,011,0.822,0.368,92,27,0.529,0.099,0.063,0.132,0.118,0.136,0.069,4,-0.05,False,False,False,,True
held_up,3,NOT single_tax AND contestation AND small,single_tax;contestation;small,011,0.822,0.367,89,27,0.551,0.099,0.079,0.132,0.118,0.045,0.097,3,-0.05,False,False,False,,True
held_up,3,local_tax_base AND NOT single_tax AND autonomy,local_tax_base;single_tax;autonomy,101,0.822,0.366,74,19,0.442,0.069,0.047,0.055,0.147,0.136,0.042,4,-0.05,False,False,False,,True
held_up,3,NOT local_tax_base AND property_tax AND NOT contestation,local_tax_base;property_tax;contestation,010,0.822,0.364,68,12,0.444,0.044,0.055,0.033,0.059,0.0,0.056,3,-0.05,False,False,False,,True
held_up,3,NOT property_tax AND culture AND NOT balance,property_tax;culture;balance,010,0.822,0.355,81,22,0.5,0.08,0.126,0.055,0.029,0.0,0.167,2,-0.05,False,False,False,,False
held_up,3,NOT education AND balance AND small,education;balance;small,011,0.822,0.353,52,17,0.5,0.062,0.094,0.033,0.059,0.0,0.125,3,-0.05,False,False,False,,True
held_up,3,NOT single_tax AND culture AND NOT balance,single_tax;culture;balance,010,0.822,0.352,72,20,0.513,0.073,0.118,0.055,0.0,0.0,0.097,2,-0.05,False,False,False,,False
held_up,3,payroll_pit AND NOT investment AND NOT education,payroll_pit;investment;education,100,0.822,0.352,70,10,0.333,0.036,0.039,0.033,0.029,0.045,0.056,4,-0.05,False,False,False,,True
held_up,3,autonomy AND NOT culture AND small,autonomy;culture;small,101,0.822,0.35,72,19,0.442,0.069,0.079,0.055,0.059,0.091,0.097,4,-0.05,False,False,False,,True
held_up,3,payroll_pit AND NOT culture AND NOT extracurricular,payroll_pit;culture;extracurricular,100,0.822,0.348,62,12,0.333,0.044,0.055,0.033,0.059,0.0,0.042,3,-0.05,False,False,False,,True
held_up,3,social AND NOT culture AND small,social;culture;small,101,0.822,0.348,63,9,0.29,0.033,0.055,0.0,0.029,0.045,0.069,3,-0.05,False,False,False,,True
held_up,3,local_tax_base AND social AND balance,local_tax_base;social;balance,111,0.821,0.44,144,40,0.678,0.146,0.15,0.132,0.206,0.091,0.139,4,-0.051,False,False,False,,True
held_up,3,local_tax_base AND NOT extracurricular AND contestation,local_tax_base;extracurricular;contestation,101,0.821,0.423,150,53,0.697,0.193,0.181,0.198,0.265,0.136,0.181,4,-0.051,False,False,False,,True
held_up,3,single_tax AND investment AND NOT contestation,single_tax;investment;contestation,110,0.821,0.414,140,39,0.582,0.142,0.173,0.132,0.088,0.091,0.208,4,-0.051,False,False,False,,True
held_up,3,payroll_pit AND NOT contestation AND balance,payroll_pit;contestation;balance,101,0.821,0.407,103,26,0.578,0.095,0.126,0.055,0.059,0.136,0.153,4,-0.051,False,False,False,,True
held_up,3,NOT local_tax_base AND single_tax AND contestation,local_tax_base;single_tax;contestation,011,0.821,0.405,130,35,0.53,0.128,0.173,0.121,0.059,0.0,0.194,2,-0.051,False,False,False,,False
held_up,3,property_tax AND NOT extracurricular AND contestation,property_tax;extracurricular;contestation,101,0.821,0.404,135,42,0.618,0.153,0.173,0.132,0.206,0.045,0.167,3,-0.051,False,False,False,,True
held_up,3,NOT single_tax AND NOT extracurricular AND contestation,single_tax;extracurricular;contestation,001,0.821,0.397,113,40,0.667,0.146,0.094,0.209,0.176,0.136,0.111,4,-0.051,False,False,False,,True
held_up,3,investment AND social AND NOT balance,investment;social;balance,110,0.821,0.396,118,28,0.483,0.102,0.126,0.099,0.059,0.045,0.139,3,-0.051,False,False,False,,True
held_up,3,NOT property_tax AND investment AND NOT extracurricular,property_tax;investment;extracurricular,010,0.821,0.395,117,35,0.53,0.128,0.079,0.176,0.147,0.182,0.056,4,-0.051,False,False,False,,True
held_up,3,NOT autonomy AND education AND contestation,autonomy;education;contestation,011,0.821,0.395,114,31,0.596,0.113,0.118,0.099,0.147,0.091,0.125,4,-0.051,False,False,False,,True
held_up,3,NOT property_tax AND social AND contestation,property_tax;social;contestation,011,0.821,0.393,98,22,0.537,0.08,0.063,0.077,0.118,0.136,0.056,4,-0.051,False,False,False,,True
held_up,3,payroll_pit AND extracurricular AND NOT contestation,payroll_pit;extracurricular;contestation,110,0.821,0.393,102,25,0.521,0.091,0.118,0.055,0.088,0.091,0.153,4,-0.051,False,False,False,,True
held_up,3,NOT property_tax AND autonomy AND investment,property_tax;autonomy;investment,011,0.821,0.392,99,30,0.556,0.109,0.063,0.143,0.029,0.364,0.028,3,-0.051,False,False,False,,True
held_up,3,payroll_pit AND NOT autonomy AND social,payroll_pit;autonomy;social,101,0.821,0.388,91,21,0.488,0.077,0.079,0.066,0.118,0.045,0.069,4,-0.051,False,False,False,,True
held_up,3,NOT payroll_pit AND culture AND NOT education,payroll_pit;culture;education,010,0.821,0.384,86,23,0.489,0.084,0.087,0.077,0.118,0.045,0.056,4,-0.051,False,False,False,,True
held_up,3,contestation AND NOT balance AND small,contestation;balance;small,101,0.821,0.384,117,30,0.545,0.109,0.094,0.154,0.059,0.091,0.111,4,-0.051,False,False,False,,True
held_up,3,NOT property_tax AND social AND culture,property_tax;social;culture,011,0.821,0.381,76,22,0.595,0.08,0.087,0.066,0.088,0.091,0.083,4,-0.051,False,False,False,,True
held_up,3,NOT local_tax_base AND NOT autonomy AND contestation,local_tax_base;autonomy;contestation,001,0.821,0.379,99,31,0.596,0.113,0.087,0.165,0.118,0.045,0.083,3,-0.051,False,False,False,,True
held_up,3,NOT local_tax_base AND social AND NOT extracurricular,local_tax_base;social;extracurricular,010,0.821,0.378,98,24,0.585,0.088,0.079,0.099,0.088,0.091,0.083,4,-0.051,False,False,False,,True
held_up,3,NOT local_tax_base AND autonomy AND NOT extracurricular,local_tax_base;autonomy;extracurricular,010,0.821,0.376,95,20,0.476,0.073,0.079,0.077,0.059,0.045,0.069,4,-0.051,False,False,False,,True
held_up,3,NOT single_tax AND NOT investment AND culture,single_tax;investment;culture,001,0.821,0.376,89,22,0.478,0.08,0.071,0.088,0.147,0.0,0.083,3,-0.051,False,False,False,,True
held_up,3,single_tax AND extracurricular AND NOT balance,single_tax;extracurricular;balance,110,0.821,0.375,88,19,0.442,0.069,0.094,0.055,0.029,0.045,0.125,3,-0.051,False,False,False,,True
held_up,3,NOT property_tax AND NOT social AND culture,property_tax;social;culture,001,0.821,0.374,97,21,0.447,0.077,0.102,0.077,0.029,0.0,0.139,2,-0.051,False,False,False,,False
held_up,3,NOT property_tax AND culture AND small,property_tax;culture;small,011,0.821,0.371,69,22,0.564,0.08,0.126,0.055,0.029,0.0,0.167,2,-0.051,False,False,False,,False
held_up,3,NOT single_tax AND payroll_pit AND investment,single_tax;payroll_pit;investment,011,0.821,0.37,74,21,0.447,0.077,0.071,0.077,0.088,0.091,0.097,4,-0.051,False,False,False,,True
held_up,3,property_tax AND NOT single_tax AND NOT autonomy,property_tax;single_tax;autonomy,100,0.821,0.369,78,27,0.587,0.099,0.094,0.121,0.118,0.0,0.069,3,-0.051,False,False,False,,True
held_up,3,property_tax AND NOT single_tax AND NOT contestation,property_tax;single_tax;contestation,100,0.821,0.369,80,25,0.521,0.091,0.087,0.088,0.147,0.045,0.056,3,-0.051,False,False,False,,True
held_up,3,property_tax AND extracurricular AND NOT balance,property_tax;extracurricular;balance,110,0.821,0.369,80,16,0.4,0.058,0.071,0.055,0.029,0.045,0.069,3,-0.051,False,False,False,,True
held_up,3,NOT local_tax_base AND culture AND NOT education,local_tax_base;culture;education,010,0.821,0.366,80,16,0.432,0.058,0.063,0.044,0.088,0.045,0.083,4,-0.051,False,False,False,,True
held_up,3,property_tax AND NOT payroll_pit AND NOT investment,property_tax;payroll_pit;investment,100,0.821,0.365,78,25,0.556,0.091,0.047,0.11,0.147,0.182,0.028,4,-0.051,False,False,False,,True
held_up,3,NOT property_tax AND payroll_pit AND NOT social,property_tax;payroll_pit;social,010,0.821,0.364,80,24,0.48,0.088,0.094,0.11,0.029,0.045,0.111,3,-0.051,False,False,False,,True
held_up,3,culture AND NOT education AND NOT contestation,culture;education;contestation,100,0.821,0.363,75,19,0.442,0.069,0.071,0.044,0.118,0.091,0.069,4,-0.051,False,False,False,,True
held_up,3,payroll_pit AND NOT social AND NOT education,payroll_pit;social;education,100,0.821,0.356,60,15,0.385,0.055,0.055,0.077,0.0,0.045,0.014,3,-0.051,False,False,False,,True
held_up,3,NOT single_tax AND extracurricular AND small,single_tax;extracurricular;small,011,0.821,0.355,55,11,0.314,0.04,0.063,0.022,0.029,0.0,0.069,3,-0.051,False,False,False,,True
held_up,3,NOT property_tax AND payroll_pit AND NOT balance,property_tax;payroll_pit;balance,010,0.821,0.352,73,21,0.438,0.077,0.087,0.099,0.029,0.0,0.111,2,-0.051,False,False,False,,False
held_up,3,NOT local_tax_base AND property_tax AND NOT culture,local_tax_base;property_tax;culture,010,0.821,0.348,56,10,0.333,0.036,0.071,0.011,0.0,0.0,0.111,1,-0.051,False,False,False,,False
held_up,3,local_tax_base AND single_tax AND investment,local_tax_base;single_tax;investment,111,0.82,0.444,154,42,0.636,0.153,0.205,0.121,0.088,0.091,0.222,4,-0.052,False,False,False,,True
held_up,3,single_tax AND extracurricular AND NOT small,single_tax;extracurricular;small,110,0.82,0.426,148,34,0.515,0.124,0.157,0.121,0.029,0.091,0.167,3,-0.052,False,False,False,,True
held_up,3,local_tax_base AND NOT autonomy AND contestation,local_tax_base;autonomy;contestation,101,0.82,0.417,142,39,0.574,0.142,0.11,0.165,0.206,0.136,0.097,4,-0.052,False,False,False,,True
held_up,3,NOT investment AND culture AND balance,investment;culture;balance,011,0.82,0.416,120,26,0.531,0.095,0.087,0.11,0.147,0.0,0.097,3,-0.052,False,False,False,,True
held_up,3,local_tax_base AND NOT autonomy AND extracurricular,local_tax_base;autonomy;extracurricular,101,0.82,0.412,111,22,0.5,0.08,0.047,0.11,0.059,0.182,0.028,4,-0.052,False,False,False,,True
held_up,3,local_tax_base AND investment AND NOT balance,local_tax_base;investment;balance,110,0.82,0.408,136,33,0.516,0.12,0.142,0.121,0.059,0.091,0.097,3,-0.052,False,False,False,,True
held_up,3,NOT autonomy AND social AND extracurricular,autonomy;social;extracurricular,011,0.82,0.405,112,29,0.58,0.106,0.079,0.11,0.206,0.091,0.069,4,-0.052,False,False,False,,True
held_up,3,local_tax_base AND NOT investment AND balance,local_tax_base;investment;balance,101,0.82,0.404,120,33,0.579,0.12,0.094,0.132,0.176,0.136,0.111,4,-0.052,False,False,False,,True
held_up,3,autonomy AND NOT education AND NOT extracurricular,autonomy;education;extracurricular,100,0.82,0.402,103,35,0.603,0.128,0.134,0.088,0.147,0.227,0.125,4,-0.052,False,False,False,,True
held_up,3,single_tax AND NOT autonomy AND social,single_tax;autonomy;social,101,0.82,0.4,114,27,0.529,0.099,0.102,0.077,0.118,0.136,0.083,4,-0.052,False,False,False,,True
held_up,3,local_tax_base AND payroll_pit AND contestation,local_tax_base;payroll_pit;contestation,111,0.82,0.399,116,26,0.52,0.095,0.11,0.077,0.118,0.045,0.097,3,-0.052,False,False,False,,True
held_up,3,single_tax AND NOT autonomy AND NOT extracurricular,single_tax;autonomy;extracurricular,100,0.82,0.398,129,37,0.552,0.135,0.118,0.143,0.176,0.136,0.097,4,-0.052,False,False,False,,True
held_up,3,NOT local_tax_base AND NOT property_tax AND single_tax,local_tax_base;property_tax;single_tax,001,0.82,0.394,102,34,0.618,0.124,0.134,0.121,0.118,0.091,0.153,4,-0.052,False,False,False,,True
held_up,3,property_tax AND investment AND NOT balance,property_tax;investment;balance,110,0.82,0.393,114,24,0.429,0.088,0.134,0.077,0.0,0.0,0.125,2,-0.052,False,False,False,,False
held_up,3,NOT local_tax_base AND property_tax AND investment,local_tax_base;property_tax;investment,011,0.82,0.392,118,31,0.508,0.113,0.197,0.055,0.029,0.0,0.222,1,-0.052,False,False,False,,False
held_up,3,single_tax AND payroll_pit AND NOT education,single_tax;payroll_pit;education,110,0.82,0.39,98,26,0.5,0.095,0.142,0.055,0.059,0.045,0.167,3,-0.052,False,False,False,,True
held_up,3,single_tax AND NOT education AND balance,single_tax;education;balance,101,0.82,0.389,97,25,0.543,0.091,0.142,0.055,0.029,0.045,0.139,2,-0.052,False,False,False,,False
held_up,3,local_tax_base AND NOT social AND NOT small,local_tax_base;social;small,100,0.82,0.388,101,19,0.365,0.069,0.047,0.11,0.029,0.091,0.014,3,-0.052,False,False,False,,True
held_up,3,property_tax AND social AND NOT education,property_tax;social;education,110,0.82,0.385,104,29,0.537,0.106,0.157,0.044,0.088,0.091,0.208,3,-0.052,False,False,False,,True
held_up,3,investment AND NOT social AND culture,investment;social;culture,101,0.82,0.383,102,30,0.556,0.109,0.142,0.066,0.147,0.045,0.153,3,-0.052,False,False,False,,True
held_up,3,NOT payroll_pit AND NOT investment AND education,payroll_pit;investment;education,001,0.82,0.382,92,29,0.592,0.106,0.102,0.088,0.088,0.227,0.111,4,-0.052,False,False,False,,True
held_up,3,local_tax_base AND autonomy AND NOT culture,local_tax_base;autonomy;culture,110,0.82,0.38,87,22,0.5,0.08,0.094,0.066,0.029,0.136,0.069,3,-0.052,False,False,False,,True
held_up,3,NOT property_tax AND NOT social AND education,property_tax;social;education,001,0.82,0.38,99,26,0.473,0.095,0.126,0.077,0.059,0.045,0.167,3,-0.052,False,False,False,,True
held_up,3,NOT autonomy AND social AND NOT culture,autonomy;social;culture,010,0.82,0.377,98,25,0.532,0.091,0.047,0.077,0.265,0.136,0.056,4,-0.052,False,False,False,,True
held_up,3,local_tax_base AND social AND NOT culture,local_tax_base;social;culture,110,0.82,0.375,79,15,0.405,0.055,0.063,0.033,0.088,0.045,0.069,4,-0.052,False,False,False,,True
held_up,3,NOT single_tax AND culture AND small,single_tax;culture;small,011,0.82,0.375,87,28,0.538,0.102,0.142,0.055,0.118,0.045,0.139,3,-0.052,False,False,False,,True
held_up,3,NOT single_tax AND education AND extracurricular,single_tax;education;extracurricular,011,0.82,0.374,76,20,0.465,0.073,0.079,0.088,0.059,0.0,0.069,3,-0.052,False,False,False,,True
held_up,3,NOT local_tax_base AND investment AND small,local_tax_base;investment;small,011,0.82,0.372,93,22,0.423,0.08,0.118,0.055,0.059,0.0,0.139,3,-0.052,False,False,False,,True
held_up,3,NOT local_tax_base AND extracurricular AND small,local_tax_base;extracurricular;small,011,0.82,0.368,72,16,0.381,0.058,0.102,0.011,0.059,0.0,0.167,2,-0.052,False,False,False,,False
held_up,3,NOT culture AND education AND NOT contestation,culture;education;contestation,010,0.82,0.368,83,18,0.4,0.066,0.094,0.044,0.0,0.091,0.111,3,-0.052,False,False,False,,True
held_up,3,social AND NOT balance AND NOT small,social;balance;small,100,0.82,0.367,87,23,0.523,0.084,0.102,0.077,0.059,0.045,0.111,4,-0.052,False,False,False,,True
held_up,3,NOT local_tax_base AND contestation AND small,local_tax_base;contestation;small,011,0.82,0.364,86,19,0.432,0.069,0.079,0.077,0.059,0.0,0.097,3,-0.052,False,False,False,,True
held_up,3,NOT payroll_pit AND autonomy AND NOT investment,payroll_pit;autonomy;investment,010,0.82,0.364,72,17,0.472,0.062,0.055,0.022,0.176,0.091,0.042,3,-0.052,False,False,False,,True
held_up,3,autonomy AND NOT culture AND NOT contestation,autonomy;culture;contestation,100,0.82,0.364,85,20,0.455,0.073,0.118,0.033,0.029,0.045,0.097,2,-0.052,False,False,False,,False
held_up,3,property_tax AND NOT education AND NOT contestation,property_tax;education;contestation,100,0.82,0.357,65,15,0.385,0.055,0.087,0.022,0.029,0.045,0.083,3,-0.052,False,False,False,,True
held_up,3,NOT single_tax AND payroll_pit AND NOT investment,single_tax;payroll_pit;investment,010,0.82,0.355,62,10,0.323,0.036,0.055,0.033,0.0,0.0,0.083,2,-0.052,False,False,False,,False
held_up,3,NOT local_tax_base AND property_tax AND NOT single_tax,local_tax_base;property_tax;single_tax,010,0.82,0.348,56,9,0.375,0.033,0.055,0.011,0.029,0.0,0.083,2,-0.052,False,False,False,,False
held_up,3,investment AND social AND NOT small,investment;social;small,110,0.819,0.428,151,52,0.658,0.19,0.205,0.154,0.206,0.227,0.222,4,-0.053,False,False,False,,True
held_up,3,local_tax_base AND autonomy AND social,local_tax_base;autonomy;social,111,0.819,0.426,134,28,0.528,0.102,0.118,0.077,0.118,0.091,0.125,4,-0.053,False,False,False,,True
held_up,3,local_tax_base AND autonomy AND investment,local_tax_base;autonomy;investment,111,0.819,0.424,134,42,0.618,0.153,0.189,0.132,0.088,0.136,0.194,4,-0.053,False,False,False,,True
held_up,3,autonomy AND education AND contestation,autonomy;education;contestation,111,0.819,0.418,135,31,0.564,0.113,0.157,0.099,0.059,0.0,0.153,3,-0.053,False,False,False,,True
held_up,3,local_tax_base AND NOT payroll_pit AND culture,local_tax_base;payroll_pit;culture,101,0.819,0.413,115,42,0.609,0.153,0.15,0.11,0.265,0.182,0.097,4,-0.053,False,False,False,,True
held_up,3,local_tax_base AND education AND extracurricular,local_tax_base;education;extracurricular,111,0.819,0.409,111,23,0.59,0.084,0.063,0.121,0.029,0.136,0.042,3,-0.053,False,False,False,,True
held_up,3,payroll_pit AND investment AND NOT small,payroll_pit;investment;small,110,0.819,0.409,128,44,0.603,0.161,0.197,0.143,0.088,0.136,0.181,4,-0.053,False,False,False,,True
held_up,3,investment AND NOT social AND contestation,investment;social;contestation,101,0.819,0.407,117,38,0.567,0.139,0.118,0.176,0.088,0.182,0.097,4,-0.053,False,False,False,,True
held_up,3,single_tax AND NOT investment AND balance,single_tax;investment;balance,101,0.819,0.406,118,23,0.489,0.084,0.079,0.077,0.059,0.182,0.097,4,-0.053,False,False,False,,True
held_up,3,NOT autonomy AND extracurricular AND balance,autonomy;extracurricular;balance,011,0.819,0.405,113,28,0.538,0.102,0.031,0.132,0.235,0.182,0.014,3,-0.053,False,False,False,,True
held_up,3,investment AND social AND NOT education,investment;social;education,110,0.819,0.405,126,41,0.577,0.15,0.165,0.11,0.176,0.182,0.208,4,-0.053,False,False,False,,True
held_up,3,social AND contestation AND small,social;contestation;small,111,0.819,0.402,130,30,0.556,0.109,0.142,0.088,0.059,0.091,0.167,4,-0.053,False,False,False,,True
held_up,3,property_tax AND contestation AND NOT small,property_tax;contestation;small,110,0.819,0.401,119,32,0.5,0.117,0.181,0.077,0.059,0.0,0.167,3,-0.053,False,False,False,,True
held_up,3,NOT property_tax AND culture AND extracurricular,property_tax;culture;extracurricular,011,0.819,0.394,99,20,0.426,0.073,0.087,0.066,0.029,0.091,0.097,3,-0.053,False,False,False,,True
held_up,3,NOT property_tax AND culture AND balance,property_tax;culture;balance,011,0.819,0.393,92,21,0.525,0.077,0.063,0.088,0.088,0.091,0.056,4,-0.053,False,False,False,,True
held_up,3,NOT property_tax AND single_tax AND payroll_pit,property_tax;single_tax;payroll_pit,011,0.819,0.391,97,25,0.543,0.091,0.102,0.099,0.059,0.045,0.111,3,-0.053,False,False,False,,True
held_up,3,local_tax_base AND payroll_pit AND NOT contestation,local_tax_base;payroll_pit;contestation,110,0.819,0.387,107,17,0.395,0.062,0.087,0.055,0.0,0.045,0.111,3,-0.053,False,False,False,,True
held_up,3,NOT property_tax AND NOT payroll_pit AND education,property_tax;payroll_pit;education,001,0.819,0.386,97,27,0.529,0.099,0.126,0.066,0.059,0.136,0.125,4,-0.053,False,False,False,,True
held_up,3,local_tax_base AND payroll_pit AND NOT investment,local_tax_base;payroll_pit;investment,110,0.819,0.385,109,16,0.372,0.058,0.071,0.044,0.059,0.045,0.069,4,-0.053,False,False,False,,True
held_up,3,NOT payroll_pit AND NOT social AND education,payroll_pit;social;education,001,0.819,0.385,98,33,0.623,0.12,0.118,0.099,0.118,0.227,0.139,4,-0.053,False,False,False,,True
held_up,3,NOT property_tax AND payroll_pit AND NOT small,property_tax;payroll_pit;small,010,0.819,0.383,100,22,0.431,0.08,0.055,0.099,0.088,0.136,0.014,4,-0.053,False,False,False,,True
held_up,3,NOT payroll_pit AND autonomy AND extracurricular,payroll_pit;autonomy;extracurricular,011,0.819,0.383,82,17,0.395,0.062,0.055,0.066,0.059,0.091,0.0,4,-0.053,False,False,False,,True
held_up,3,extracurricular AND NOT contestation AND small,extracurricular;contestation;small,101,0.819,0.382,83,22,0.5,0.08,0.11,0.066,0.029,0.045,0.139,3,-0.053,False,False,False,,True
held_up,3,property_tax AND contestation AND NOT balance,property_tax;contestation;balance,110,0.819,0.381,104,25,0.49,0.091,0.102,0.099,0.059,0.045,0.097,3,-0.053,False,False,False,,True
held_up,3,local_tax_base AND extracurricular AND NOT balance,local_tax_base;extracurricular;balance,110,0.819,0.38,87,14,0.368,0.051,0.055,0.066,0.0,0.045,0.028,3,-0.053,False,False,False,,True
held_up,3,property_tax AND NOT single_tax AND NOT extracurricular,property_tax;single_tax;extracurricular,100,0.819,0.379,93,31,0.574,0.113,0.126,0.088,0.176,0.045,0.125,3,-0.053,False,False,False,,True
held_up,3,autonomy AND extracurricular AND NOT balance,autonomy;extracurricular;balance,110,0.819,0.379,94,19,0.352,0.069,0.087,0.077,0.0,0.045,0.069,3,-0.053,False,False,False,,True
held_up,3,NOT local_tax_base AND NOT autonomy AND NOT extracurricular,local_tax_base;autonomy;extracurricular,000,0.819,0.377,97,32,0.593,0.117,0.094,0.154,0.118,0.091,0.097,4,-0.053,False,False,False,,True
held_up,3,NOT social AND education AND extracurricular,social;education;extracurricular,011,0.819,0.377,83,20,0.465,0.073,0.094,0.055,0.029,0.091,0.125,3,-0.053,False,False,False,,True
held_up,3,property_tax AND NOT culture AND NOT small,property_tax;culture;small,100,0.819,0.376,82,18,0.367,0.066,0.102,0.055,0.0,0.0,0.125,2,-0.053,False,False,False,,False
held_up,3,NOT social AND NOT extracurricular AND balance,social;extracurricular;balance,001,0.819,0.376,104,41,0.641,0.15,0.165,0.121,0.206,0.091,0.194,4,-0.053,False,False,False,,True
held_up,3,property_tax AND NOT culture AND NOT extracurricular,property_tax;culture;extracurricular,100,0.819,0.37,84,24,0.511,0.088,0.102,0.088,0.059,0.045,0.111,4,-0.053,False,False,False,,True
held_up,3,payroll_pit AND NOT culture AND education,payroll_pit;culture;education,101,0.819,0.37,70,12,0.324,0.044,0.071,0.011,0.059,0.0,0.083,2,-0.053,False,False,False,,False
held_up,3,NOT property_tax AND NOT single_tax AND payroll_pit,property_tax;single_tax;payroll_pit,001,0.819,0.369,62,15,0.366,0.055,0.047,0.055,0.059,0.091,0.056,4,-0.053,False,False,False,,True
held_up,3,property_tax AND NOT education AND small,property_tax;education;small,101,0.819,0.365,67,21,0.5,0.077,0.094,0.066,0.029,0.091,0.083,3,-0.053,False,False,False,,True
held_up,3,NOT social AND culture AND NOT education,social;culture;education,010,0.819,0.363,72,11,0.275,0.04,0.071,0.022,0.0,0.0,0.056,2,-0.053,False,False,False,,False
held_up,3,payroll_pit AND NOT investment AND NOT small,payroll_pit;investment;small,100,0.819,0.362,97,7,0.2,0.026,0.024,0.033,0.029,0.0,0.028,3,-0.053,False,False,False,,True
held_up,3,NOT local_tax_base AND property_tax AND NOT investment,local_tax_base;property_tax;investment,010,0.819,0.361,70,6,0.25,0.022,0.016,0.033,0.029,0.0,0.028,3,-0.053,False,False,False,,True
held_up,3,property_tax AND NOT culture AND NOT contestation,property_tax;culture;contestation,100,0.819,0.356,70,14,0.424,0.051,0.071,0.044,0.0,0.045,0.069,3,-0.053,False,False,False,,True
held_up,3,NOT culture AND balance AND small,culture;balance;small,011,0.819,0.354,64,20,0.541,0.073,0.087,0.033,0.088,0.136,0.111,3,-0.053,False,False,False,,True
held_up,3,culture AND balance AND NOT small,culture;balance;small,110,0.818,0.422,144,35,0.583,0.128,0.126,0.121,0.176,0.091,0.083,4,-0.054,False,False,False,,True
held_up,3,local_tax_base AND extracurricular AND contestation,local_tax_base;extracurricular;contestation,111,0.818,0.411,112,21,0.438,0.077,0.063,0.088,0.059,0.136,0.028,4,-0.054,False,False,False,,True
held_up,3,NOT autonomy AND investment AND small,autonomy;investment;small,011,0.818,0.406,127,38,0.567,0.139,0.181,0.077,0.176,0.091,0.153,4,-0.054,False,False,False,,True
held_up,3,autonomy AND NOT contestation AND balance,autonomy;contestation;balance,101,0.818,0.406,119,37,0.597,0.135,0.157,0.088,0.147,0.182,0.194,4,-0.054,False,False,False,,True
held_up,3,property_tax AND single_tax AND NOT autonomy,property_tax;single_tax;autonomy,110,0.818,0.405,118,25,0.51,0.091,0.071,0.099,0.118,0.136,0.042,4,-0.054,False,False,False,,True
held_up,3,NOT local_tax_base AND investment AND education,local_tax_base;investment;education,011,0.818,0.402,130,38,0.576,0.139,0.181,0.132,0.059,0.045,0.167,2,-0.054,False,False,False,,False
held_up,3,autonomy AND education AND NOT contestation,autonomy;education;contestation,110,0.818,0.4,128,26,0.464,0.095,0.118,0.066,0.059,0.136,0.167,4,-0.054,False,False,False,,True
held_up,3,local_tax_base AND autonomy AND NOT balance,local_tax_base;autonomy;balance,110,0.818,0.397,120,27,0.482,0.099,0.11,0.099,0.0,0.182,0.056,3,-0.054,False,False,False,,True
held_up,3,NOT single_tax AND culture AND balance,single_tax;culture;balance,011,0.818,0.396,104,31,0.544,0.113,0.079,0.099,0.294,0.091,0.111,4,-0.054,False,False,False,,True
held_up,3,NOT property_tax AND investment AND balance,property_tax;investment;balance,011,0.818,0.395,105,29,0.509,0.106,0.063,0.11,0.147,0.273,0.056,4,-0.054,False,False,False,,True
held_up,3,NOT payroll_pit AND social AND NOT small,payroll_pit;social;small,010,0.818,0.395,113,39,0.696,0.142,0.087,0.143,0.324,0.182,0.056,4,-0.054,False,False,False,,True
held_up,3,autonomy AND education AND NOT extracurricular,autonomy;education;extracurricular,110,0.818,0.395,133,29,0.537,0.106,0.142,0.066,0.088,0.091,0.181,4,-0.054,False,False,False,,True
held_up,3,culture AND NOT education AND NOT small,culture;education;small,100,0.818,0.394,106,23,0.479,0.084,0.087,0.055,0.176,0.045,0.069,4,-0.054,False,False,False,,True
held_up,3,NOT autonomy AND social AND NOT extracurricular,autonomy;social;extracurricular,010,0.818,0.39,110,31,0.564,0.113,0.11,0.11,0.147,0.091,0.097,4,-0.054,False,False,False,,True
held_up,3,local_tax_base AND NOT single_tax AND extracurricular,local_tax_base;single_tax;extracurricular,101,0.818,0.388,83,18,0.45,0.066,0.031,0.121,0.088,0.0,0.014,2,-0.054,False,False,False,,False
held_up,3,NOT property_tax AND NOT payroll_pit AND culture,property_tax;payroll_pit;culture,001,0.818,0.388,102,25,0.51,0.091,0.11,0.088,0.088,0.0,0.111,3,-0.054,False,False,False,,True
held_up,3,local_tax_base AND NOT property_tax AND NOT investment,local_tax_base;property_tax;investment,100,0.818,0.387,101,25,0.521,0.091,0.071,0.121,0.088,0.091,0.069,4,-0.054,False,False,False,,True
held_up,3,NOT single_tax AND NOT extracurricular AND balance,single_tax;extracurricular;balance,001,0.818,0.383,103,34,0.596,0.124,0.11,0.11,0.265,0.045,0.139,3,-0.054,False,False,False,,True
held_up,3,NOT investment AND NOT contestation AND balance,investment;contestation;balance,001,0.818,0.381,94,21,0.488,0.077,0.047,0.088,0.147,0.091,0.056,4,-0.054,False,False,False,,True
held_up,3,NOT local_tax_base AND single_tax AND NOT contestation,local_tax_base;single_tax;contestation,010,0.818,0.38,104,27,0.54,0.099,0.118,0.077,0.088,0.091,0.125,4,-0.054,False,False,False,,True
held_up,3,NOT culture AND education AND extracurricular,culture;education;extracurricular,011,0.818,0.378,77,16,0.421,0.058,0.063,0.044,0.059,0.091,0.056,4,-0.054,False,False,False,,True
held_up,3,NOT local_tax_base AND NOT autonomy AND social,local_tax_base;autonomy;social,001,0.818,0.376,93,28,0.583,0.102,0.071,0.11,0.206,0.091,0.083,4,-0.054,False,False,False,,True
held_up,3,payroll_pit AND NOT autonomy AND NOT investment,payroll_pit;autonomy;investment,100,0.818,0.376,82,20,0.476,0.073,0.087,0.055,0.118,0.0,0.111,3,-0.054,False,False,False,,True
held_up,3,local_tax_base AND NOT property_tax AND small,local_tax_base;property_tax;small,101,0.818,0.375,86,26,0.531,0.095,0.102,0.099,0.029,0.136,0.097,3,-0.054,False,False,False,,True
held_up,3,NOT payroll_pit AND balance AND small,payroll_pit;balance;small,011,0.818,0.374,94,37,0.673,0.135,0.142,0.088,0.206,0.182,0.167,4,-0.054,False,False,False,,True
held_up,3,NOT property_tax AND payroll_pit AND NOT education,property_tax;payroll_pit;education,010,0.818,0.372,79,21,0.457,0.077,0.055,0.099,0.088,0.091,0.042,4,-0.054,False,False,False,,True
held_up,3,social AND NOT education AND NOT contestation,social;education;contestation,100,0.818,0.37,92,30,0.6,0.109,0.094,0.077,0.235,0.136,0.083,4,-0.054,False,False,False,,True
held_up,3,NOT single_tax AND balance AND small,single_tax;balance;small,011,0.818,0.367,80,26,0.553,0.095,0.11,0.044,0.206,0.045,0.139,2,-0.054,False,False,False,,False
held_up,3,single_tax AND NOT culture AND NOT balance,single_tax;culture;balance,100,0.818,0.363,90,24,0.5,0.088,0.118,0.077,0.059,0.0,0.111,3,-0.054,False,False,False,,True
held_up,3,property_tax AND NOT single_tax AND NOT investment,property_tax;single_tax;investment,100,0.818,0.362,71,17,0.447,0.062,0.039,0.088,0.118,0.0,0.042,3,-0.054,False,False,False,,True
held_up,3,investment AND NOT culture AND small,investment;culture;small,101,0.818,0.362,84,26,0.491,0.095,0.118,0.077,0.059,0.091,0.139,4,-0.054,False,False,False,,True
held_up,3,autonomy AND NOT education AND small,autonomy;education;small,101,0.818,0.36,71,22,0.478,0.08,0.079,0.077,0.059,0.136,0.097,4,-0.054,False,False,False,,True
held_up,3,NOT single_tax AND payroll_pit AND NOT social,single_tax;payroll_pit;social,010,0.818,0.353,53,13,0.382,0.047,0.055,0.044,0.029,0.045,0.083,4,-0.054,False,False,False,,True
held_up,3,NOT local_tax_base AND property_tax AND NOT balance,local_tax_base;property_tax;balance,010,0.818,0.35,66,9,0.333,0.033,0.047,0.022,0.029,0.0,0.069,3,-0.054,False,False,False,,True
held_up,3,culture AND extracurricular AND NOT small,culture;extracurricular;small,110,0.817,0.426,149,32,0.485,0.117,0.11,0.132,0.118,0.091,0.097,4,-0.055,False,False,False,,True
held_up,3,culture AND NOT contestation AND balance,culture;contestation;balance,101,0.817,0.426,138,43,0.606,0.157,0.157,0.121,0.235,0.182,0.194,4,-0.055,False,False,False,,True
held_up,3,local_tax_base AND single_tax AND extracurricular,local_tax_base;single_tax;extracurricular,111,0.817,0.419,123,21,0.467,0.077,0.079,0.077,0.0,0.182,0.042,3,-0.055,False,False,False,,True
held_up,3,NOT extracurricular AND balance AND small,extracurricular;balance;small,011,0.817,0.418,144,56,0.675,0.204,0.26,0.121,0.265,0.136,0.319,4,-0.055,False,False,False,,True
held_up,3,investment AND education AND extracurricular,investment;education;extracurricular,111,0.817,0.417,130,34,0.607,0.124,0.15,0.121,0.059,0.091,0.125,3,-0.055,False,False,False,,True
held_up,3,local_tax_base AND NOT autonomy AND investment,local_tax_base;autonomy;investment,101,0.817,0.414,139,33,0.493,0.12,0.142,0.088,0.147,0.091,0.111,4,-0.055,False,False,False,,True
held_up,3,contestation AND balance AND small,contestation;balance;small,111,0.817,0.41,133,37,0.561,0.135,0.15,0.11,0.176,0.091,0.167,4,-0.055,False,False,False,,True
held_up,3,autonomy AND culture AND NOT small,autonomy;culture;small,110,0.817,0.408,135,32,0.525,0.117,0.126,0.088,0.176,0.091,0.111,4,-0.055,False,False,False,,True
held_up,3,investment AND social AND NOT contestation,investment;social;contestation,110,0.817,0.408,134,40,0.563,0.146,0.157,0.11,0.176,0.182,0.153,4,-0.055,False,False,False,,True
held_up,3,NOT local_tax_base AND property_tax AND extracurricular,local_tax_base;property_tax;extracurricular,011,0.817,0.398,110,25,0.472,0.091,0.157,0.033,0.059,0.0,0.208,2,-0.055,False,False,False,,False
held_up,3,NOT autonomy AND NOT extracurricular AND balance,autonomy;extracurricular;balance,001,0.817,0.397,122,44,0.629,0.161,0.15,0.176,0.206,0.091,0.125,4,-0.055,False,False,False,,True
held_up,3,NOT investment AND education AND contestation,investment;education;contestation,011,0.817,0.397,120,25,0.51,0.091,0.102,0.088,0.088,0.045,0.125,3,-0.055,False,False,False,,True
held_up,3,NOT property_tax AND NOT autonomy AND culture,property_tax;autonomy;culture,001,0.817,0.393,107,29,0.537,0.106,0.15,0.099,0.029,0.0,0.181,2,-0.055,False,False,False,,False
held_up,3,NOT property_tax AND education AND extracurricular,property_tax;education;extracurricular,011,0.817,0.388,98,22,0.44,0.08,0.102,0.044,0.059,0.136,0.111,4,-0.055,False,False,False,,True
held_up,3,NOT single_tax AND NOT autonomy AND social,single_tax;autonomy;social,001,0.817,0.386,108,33,0.611,0.12,0.087,0.143,0.235,0.045,0.083,3,-0.055,False,False,False,,True
held_up,3,NOT property_tax AND NOT single_tax AND culture,property_tax;single_tax;culture,001,0.817,0.384,87,18,0.429,0.066,0.071,0.066,0.059,0.045,0.083,4,-0.055,False,False,False,,True
held_up,3,NOT payroll_pit AND culture AND small,payroll_pit;culture;small,011,0.817,0.383,96,35,0.593,0.128,0.142,0.077,0.176,0.182,0.139,4,-0.055,False,False,False,,True
held_up,3,NOT property_tax AND payroll_pit AND social,property_tax;payroll_pit;social,011,0.817,0.38,79,16,0.432,0.058,0.055,0.044,0.088,0.091,0.056,4,-0.055,False,False,False,,True
held_up,3,autonomy AND culture AND NOT balance,autonomy;culture;balance,110,0.817,0.38,105,15,0.333,0.055,0.055,0.055,0.029,0.091,0.042,4,-0.055,False,False,False,,True
held_up,3,NOT payroll_pit AND NOT investment AND social,payroll_pit;investment;social,001,0.817,0.379,87,27,0.643,0.099,0.063,0.099,0.235,0.091,0.042,4,-0.055,False,False,False,,True
held_up,3,extracurricular AND contestation AND small,extracurricular;contestation;small,111,0.817,0.378,89,13,0.333,0.047,0.063,0.022,0.029,0.091,0.069,3,-0.055,False,False,False,,True
held_up,3,NOT property_tax AND single_tax AND NOT contestation,property_tax;single_tax;contestation,010,0.817,0.375,94,24,0.5,0.088,0.102,0.066,0.088,0.091,0.111,4,-0.055,False,False,False,,True
held_up,3,payroll_pit AND NOT social AND extracurricular,payroll_pit;social;extracurricular,101,0.817,0.375,81,19,0.396,0.069,0.094,0.055,0.029,0.045,0.125,3,-0.055,False,False,False,,True
held_up,3,property_tax AND NOT payroll_pit AND NOT contestation,property_tax;payroll_pit;contestation,100,0.817,0.371,86,34,0.618,0.124,0.11,0.11,0.147,0.227,0.083,4,-0.055,False,False,False,,True
held_up,3,payroll_pit AND NOT social AND balance,payroll_pit;social;balance,101,0.817,0.371,71,22,0.489,0.08,0.11,0.044,0.088,0.045,0.111,4,-0.055,False,False,False,,True
held_up,3,NOT local_tax_base AND NOT social AND culture,local_tax_base;social;culture,001,0.817,0.366,94,20,0.444,0.073,0.11,0.055,0.029,0.0,0.139,2,-0.055,False,False,False,,False
held_up,3,NOT property_tax AND payroll_pit AND NOT contestation,property_tax;payroll_pit;contestation,010,0.817,0.362,77,22,0.478,0.08,0.11,0.044,0.059,0.091,0.125,4,-0.055,False,False,False,,True
held_up,3,social AND NOT culture AND NOT contestation,social;culture;contestation,100,0.817,0.362,83,22,0.489,0.08,0.087,0.055,0.118,0.091,0.069,4,-0.055,False,False,False,,True
held_up,3,NOT payroll_pit AND culture AND NOT balance,payroll_pit;culture;balance,010,0.817,0.36,77,24,0.533,0.088,0.11,0.066,0.029,0.136,0.097,3,-0.055,False,False,False,,True
held_up,3,NOT payroll_pit AND extracurricular AND small,payroll_pit;extracurricular;small,011,0.817,0.356,62,10,0.303,0.036,0.039,0.022,0.0,0.136,0.028,3,-0.055,False,False,False,,True
held_up,3,single_tax AND autonomy AND NOT extracurricular,single_tax;autonomy;extracurricular,110,0.816,0.424,153,40,0.571,0.146,0.213,0.077,0.088,0.136,0.222,4,-0.056,False,False,False,,True
held_up,3,local_tax_base AND investment AND social,local_tax_base;investment;social,111,0.816,0.423,140,34,0.557,0.124,0.165,0.088,0.088,0.091,0.139,4,-0.056,False,False,False,,True
held_up,3,investment AND culture AND extracurricular,investment;culture;extracurricular,111,0.816,0.423,131,36,0.621,0.131,0.165,0.121,0.059,0.091,0.153,3,-0.056,False,False,False,,True
held_up,3,social AND NOT contestation AND balance,social;contestation;balance,101,0.816,0.419,136,41,0.612,0.15,0.11,0.143,0.265,0.227,0.097,4,-0.056,False,False,False,,True
held_up,3,local_tax_base AND social AND extracurricular,local_tax_base;social;extracurricular,111,0.816,0.418,118,24,0.558,0.088,0.063,0.132,0.088,0.045,0.028,4,-0.056,False,False,False,,True
held_up,3,NOT property_tax AND investment AND extracurricular,property_tax;investment;extracurricular,011,0.816,0.418,130,37,0.569,0.135,0.102,0.143,0.118,0.318,0.097,4,-0.056,False,False,False,,True
held_up,3,local_tax_base AND NOT autonomy AND social,local_tax_base;autonomy;social,101,0.816,0.41,129,32,0.561,0.117,0.118,0.11,0.147,0.091,0.083,4,-0.056,False,False,False,,True
held_up,3,property_tax AND investment AND NOT contestation,property_tax;investment;contestation,110,0.816,0.409,132,40,0.58,0.146,0.189,0.11,0.118,0.091,0.222,4,-0.056,False,False,False,,True
held_up,3,local_tax_base AND NOT investment AND social,local_tax_base;investment;social,101,0.816,0.406,123,26,0.531,0.095,0.071,0.099,0.176,0.091,0.069,4,-0.056,False,False,False,,True
held_up,3,payroll_pit AND investment AND NOT contestation,payroll_pit;investment;contestation,110,0.816,0.406,128,34,0.515,0.124,0.157,0.088,0.088,0.136,0.181,4,-0.056,False,False,False,,True
held_up,3,NOT investment AND culture AND contestation,investment;culture;contestation,011,0.816,0.406,129,28,0.5,0.102,0.118,0.099,0.088,0.045,0.139,3,-0.056,False,False,False,,True
held_up,3,NOT local_tax_base AND culture AND NOT small,local_tax_base;culture;small,010,0.816,0.4,131,32,0.533,0.117,0.134,0.11,0.088,0.091,0.139,4,-0.056,False,False,False,,True
held_up,3,property_tax AND NOT investment AND balance,property_tax;investment;balance,101,0.816,0.395,108,21,0.457,0.077,0.063,0.088,0.118,0.045,0.083,4,-0.056,False,False,False,,True
held_up,3,investment AND NOT balance AND small,investment;balance;small,101,0.816,0.394,124,27,0.435,0.099,0.126,0.099,0.029,0.045,0.111,2,-0.056,False,False,False,,False
held_up,3,local_tax_base AND NOT single_tax AND contestation,local_tax_base;single_tax;contestation,101,0.816,0.393,114,35,0.574,0.128,0.087,0.165,0.206,0.091,0.083,4,-0.056,False,False,False,,True
held_up,3,investment AND social AND NOT culture,investment;social;culture,110,0.816,0.393,117,34,0.515,0.124,0.15,0.077,0.118,0.182,0.181,4,-0.056,False,False,False,,True
held_up,3,single_tax AND autonomy AND NOT social,single_tax;autonomy;social,110,0.816,0.391,111,35,0.547,0.128,0.173,0.11,0.059,0.045,0.153,2,-0.056,False,False,False,,False
held_up,3,NOT payroll_pit AND NOT extracurricular AND balance,payroll_pit;extracurricular;balance,001,0.816,0.391,118,46,0.657,0.168,0.157,0.143,0.294,0.136,0.181,4,-0.056,False,False,False,,True
held_up,3,NOT local_tax_base AND investment AND NOT contestation,local_tax_base;investment;contestation,010,0.816,0.39,121,41,0.569,0.15,0.134,0.143,0.206,0.182,0.125,4,-0.056,False,False,False,,True
held_up,3,property_tax AND NOT payroll_pit AND NOT autonomy,property_tax;payroll_pit;autonomy,100,0.816,0.39,103,35,0.636,0.128,0.102,0.165,0.147,0.091,0.069,4,-0.056,False,False,False,,True
held_up,3,property_tax AND payroll_pit AND NOT autonomy,property_tax;payroll_pit;autonomy,110,0.816,0.389,93,17,0.425,0.062,0.063,0.055,0.088,0.045,0.042,4,-0.056,False,False,False,,True
held_up,3,property_tax AND NOT payroll_pit AND small,property_tax;payroll_pit;small,101,0.816,0.389,107,40,0.667,0.146,0.134,0.132,0.176,0.227,0.125,4,-0.056,False,False,False,,True
held_up,3,NOT payroll_pit AND investment AND balance,payroll_pit;investment;balance,011,0.816,0.389,111,34,0.54,0.124,0.094,0.121,0.206,0.182,0.097,4,-0.056,False,False,False,,True
held_up,3,NOT autonomy AND balance AND NOT small,autonomy;balance;small,010,0.816,0.388,121,34,0.567,0.124,0.039,0.187,0.265,0.136,0.0,3,-0.056,False,False,False,,True
held_up,3,NOT investment AND social AND NOT extracurricular,investment;social;extracurricular,010,0.816,0.387,113,26,0.578,0.095,0.087,0.077,0.147,0.136,0.097,4,-0.056,False,False,False,,True
held_up,3,NOT property_tax AND NOT payroll_pit AND autonomy,property_tax;payroll_pit;autonomy,001,0.816,0.385,92,23,0.561,0.084,0.055,0.088,0.088,0.227,0.028,4,-0.056,False,False,False,,True
held_up,3,NOT property_tax AND NOT single_tax AND education,property_tax;single_tax;education,001,0.816,0.381,85,21,0.447,0.077,0.118,0.055,0.029,0.0,0.125,2,-0.056,False,False,False,,False
held_up,3,NOT payroll_pit AND NOT social AND culture,payroll_pit;social;culture,001,0.816,0.381,97,29,0.527,0.106,0.126,0.066,0.118,0.136,0.139,4,-0.056,False,False,False,,True
held_up,3,payroll_pit AND extracurricular AND NOT balance,payroll_pit;extracurricular;balance,110,0.816,0.377,94,22,0.449,0.08,0.102,0.088,0.029,0.0,0.139,2,-0.056,False,False,False,,False
held_up,3,NOT single_tax AND NOT culture AND education,single_tax;culture;education,001,0.816,0.373,69,17,0.425,0.062,0.094,0.044,0.029,0.0,0.111,2,-0.056,False,False,False,,False
held_up,3,NOT single_tax AND NOT social AND education,single_tax;social;education,001,0.816,0.372,84,24,0.49,0.088,0.11,0.066,0.088,0.045,0.125,4,-0.056,False,False,False,,True
held_up,3,NOT local_tax_base AND NOT payroll_pit AND balance,local_tax_base;payroll_pit;balance,001,0.816,0.366,97,28,0.571,0.102,0.031,0.143,0.235,0.136,0.028,3,-0.056,False,False,False,,True
held_up,3,property_tax AND NOT social AND extracurricular,property_tax;social;extracurricular,101,0.816,0.363,65,12,0.308,0.044,0.055,0.044,0.0,0.045,0.042,3,-0.056,False,False,False,,True
held_up,3,property_tax AND NOT investment AND NOT education,property_tax;investment;education,100,0.816,0.355,73,14,0.368,0.051,0.039,0.044,0.088,0.091,0.028,4,-0.056,False,False,False,,True
held_up,3,payroll_pit AND NOT education AND NOT balance,payroll_pit;education;balance,100,0.816,0.349,71,20,0.444,0.073,0.071,0.099,0.029,0.045,0.083,3,-0.056,False,False,False,,True
held_up,3,local_tax_base AND investment AND culture,local_tax_base;investment;culture,111,0.815,0.437,152,42,0.609,0.153,0.197,0.099,0.176,0.091,0.181,4,-0.057,False,False,False,,True
held_up,3,local_tax_base AND investment AND balance,local_tax_base;investment;balance,111,0.815,0.429,137,42,0.592,0.153,0.189,0.099,0.176,0.136,0.208,4,-0.057,False,False,False,,True
held_up,3,single_tax AND investment AND extracurricular,single_tax;investment;extracurricular,111,0.815,0.429,140,41,0.612,0.15,0.205,0.143,0.0,0.091,0.236,3,-0.057,False,False,False,,True
held_up,3,investment AND NOT contestation AND balance,investment;contestation;balance,101,0.815,0.42,148,53,0.624,0.193,0.197,0.165,0.235,0.227,0.222,4,-0.057,False,False,False,,True
held_up,3,property_tax AND extracurricular AND NOT small,property_tax;extracurricular;small,110,0.815,0.411,132,31,0.47,0.113,0.15,0.099,0.088,0.0,0.167,3,-0.057,False,False,False,,True
held_up,3,autonomy AND balance AND small,autonomy;balance;small,111,0.815,0.411,118,35,0.583,0.128,0.189,0.055,0.118,0.091,0.278,3,-0.057,False,False,False,,True
held_up,3,payroll_pit AND NOT autonomy AND culture,payroll_pit;autonomy;culture,101,0.815,0.41,115,28,0.519,0.102,0.126,0.099,0.059,0.045,0.125,3,-0.057,False,False,False,,True
held_up,3,single_tax AND autonomy AND NOT education,single_tax;autonomy;education,110,0.815,0.409,127,37,0.552,0.135,0.189,0.11,0.029,0.091,0.194,3,-0.057,False,False,False,,True
held_up,3,local_tax_base AND NOT investment AND contestation,local_tax_base;investment;contestation,101,0.815,0.407,135,35,0.547,0.128,0.087,0.154,0.206,0.136,0.083,4,-0.057,False,False,False,,True
held_up,3,local_tax_base AND single_tax AND NOT social,local_tax_base;single_tax;social,110,0.815,0.406,134,40,0.571,0.146,0.15,0.121,0.147,0.227,0.153,4,-0.057,False,False,False,,True
held_up,3,single_tax AND payroll_pit AND NOT autonomy,single_tax;payroll_pit;autonomy,110,0.815,0.406,117,24,0.462,0.088,0.094,0.077,0.118,0.045,0.083,4,-0.057,False,False,False,,True
held_up,3,NOT social AND NOT extracurricular AND contestation,social;extracurricular;contestation,001,0.815,0.403,126,46,0.648,0.168,0.118,0.253,0.176,0.091,0.083,4,-0.057,False,False,False,,True
held_up,3,autonomy AND investment AND NOT contestation,autonomy;investment;contestation,110,0.815,0.401,126,40,0.563,0.146,0.181,0.121,0.088,0.136,0.222,4,-0.057,False,False,False,,True
held_up,3,NOT culture AND NOT extracurricular AND NOT small,culture;extracurricular;small,000,0.815,0.401,110,30,0.517,0.109,0.063,0.154,0.118,0.182,0.028,4,-0.057,False,False,False,,True
held_up,3,NOT payroll_pit AND education AND small,payroll_pit;education;small,011,0.815,0.4,125,42,0.609,0.153,0.173,0.088,0.176,0.273,0.181,4,-0.057,False,False,False,,True
held_up,3,NOT payroll_pit AND investment AND extracurricular,payroll_pit;investment;extracurricular,011,0.815,0.399,109,27,0.551,0.099,0.079,0.11,0.088,0.182,0.056,4,-0.057,False,False,False,,True
held_up,3,single_tax AND NOT autonomy AND NOT investment,single_tax;autonomy;investment,100,0.815,0.398,117,32,0.552,0.117,0.102,0.088,0.176,0.227,0.111,4,-0.057,False,False,False,,True
held_up,3,autonomy AND social AND NOT balance,autonomy;social;balance,110,0.815,0.394,114,23,0.434,0.084,0.11,0.055,0.029,0.136,0.097,3,-0.057,False,False,False,,True
held_up,3,payroll_pit AND investment AND NOT balance,payroll_pit;investment;balance,110,0.815,0.391,115,22,0.386,0.08,0.087,0.11,0.029,0.0,0.083,2,-0.057,False,False,False,,False
held_up,3,local_tax_base AND NOT single_tax AND investment,local_tax_base;single_tax;investment,101,0.815,0.39,119,33,0.478,0.12,0.126,0.099,0.147,0.136,0.083,4,-0.057,False,False,False,,True
held_up,3,NOT local_tax_base AND property_tax AND contestation,local_tax_base;property_tax;contestation,011,0.815,0.389,120,25,0.431,0.091,0.157,0.055,0.0,0.0,0.194,2,-0.057,False,False,False,,False
held_up,3,autonomy AND culture AND NOT education,autonomy;culture;education,110,0.815,0.389,101,25,0.455,0.091,0.11,0.033,0.147,0.136,0.125,3,-0.057,False,False,False,,True
held_up,3,local_tax_base AND NOT social AND extracurricular,local_tax_base;social;extracurricular,101,0.815,0.387,88,15,0.357,0.055,0.047,0.066,0.0,0.136,0.028,3,-0.057,False,False,False,,True
held_up,3,property_tax AND investment AND NOT education,property_tax;investment;education,110,0.815,0.386,104,32,0.485,0.117,0.197,0.066,0.029,0.0,0.208,2,-0.057,False,False,False,,False
held_up,3,NOT property_tax AND payroll_pit AND balance,property_tax;payroll_pit;balance,011,0.815,0.384,86,19,0.487,0.069,0.063,0.055,0.088,0.136,0.056,4,-0.057,False,False,False,,True
held_up,3,NOT single_tax AND culture AND NOT education,single_tax;culture;education,010,0.815,0.384,81,19,0.422,0.069,0.071,0.044,0.147,0.045,0.083,4,-0.057,False,False,False,,True
held_up,3,property_tax AND payroll_pit AND NOT education,property_tax;payroll_pit;education,110,0.815,0.382,94,21,0.412,0.077,0.142,0.011,0.029,0.045,0.194,2,-0.057,False,False,False,,False
held_up,3,NOT local_tax_base AND culture AND NOT extracurricular,local_tax_base;culture;extracurricular,010,0.815,0.381,110,28,0.583,0.102,0.126,0.11,0.059,0.0,0.125,3,-0.057,False,False,False,,True
held_up,3,property_tax AND investment AND NOT social,property_tax;investment;social,110,0.815,0.381,94,33,0.559,0.12,0.157,0.088,0.118,0.045,0.153,3,-0.057,False,False,False,,True
held_up,3,NOT local_tax_base AND single_tax AND NOT investment,local_tax_base;single_tax;investment,010,0.815,0.378,100,19,0.452,0.069,0.079,0.055,0.088,0.045,0.111,4,-0.057,False,False,False,,True
held_up,3,NOT single_tax AND social AND NOT contestation,single_tax;social;contestation,010,0.815,0.375,102,33,0.541,0.12,0.094,0.11,0.265,0.091,0.056,4,-0.057,False,False,False,,True
held_up,3,NOT social AND NOT culture AND education,social;culture;education,001,0.815,0.374,85,21,0.457,0.077,0.094,0.066,0.029,0.091,0.111,3,-0.057,False,False,False,,True
held_up,3,property_tax AND NOT single_tax AND payroll_pit,property_tax;single_tax;payroll_pit,101,0.815,0.371,74,16,0.432,0.058,0.079,0.055,0.029,0.0,0.125,2,-0.057,False,False,False,,False
held_up,3,property_tax AND social AND NOT culture,property_tax;social;culture,110,0.815,0.371,87,17,0.378,0.062,0.11,0.022,0.029,0.0,0.153,1,-0.057,False,False,False,,False
held_up,3,property_tax AND NOT single_tax AND extracurricular,property_tax;single_tax;extracurricular,101,0.815,0.37,80,17,0.37,0.062,0.047,0.088,0.088,0.0,0.056,3,-0.057,False,False,False,,True
held_up,3,NOT single_tax AND NOT social AND culture,single_tax;social;culture,001,0.815,0.37,83,17,0.405,0.062,0.079,0.044,0.059,0.045,0.083,4,-0.057,False,False,False,,True
held_up,3,payroll_pit AND NOT social AND NOT culture,payroll_pit;social;culture,100,0.815,0.364,72,21,0.447,0.077,0.087,0.088,0.029,0.045,0.069,3,-0.057,False,False,False,,True
held_up,3,education AND contestation AND balance,education;contestation;balance,111,0.814,0.446,160,46,0.639,0.168,0.197,0.154,0.147,0.091,0.194,4,-0.058,False,False,False,,True
held_up,3,local_tax_base AND NOT payroll_pit AND contestation,local_tax_base;payroll_pit;contestation,101,0.814,0.428,146,48,0.649,0.175,0.134,0.209,0.206,0.227,0.111,4,-0.058,False,False,False,,True
held_up,3,autonomy AND investment AND education,autonomy;investment;education,111,0.814,0.425,147,41,0.621,0.15,0.197,0.121,0.088,0.091,0.236,4,-0.058,False,False,False,,True
held_up,3,investment AND culture AND NOT extracurricular,investment;culture;extracurricular,110,0.814,0.423,153,45,0.6,0.164,0.205,0.11,0.206,0.091,0.208,4,-0.058,False,False,False,,True
held_up,3,single_tax AND autonomy AND NOT contestation,single_tax;autonomy;contestation,110,0.814,0.418,154,35,0.53,0.128,0.181,0.088,0.029,0.136,0.208,3,-0.058,False,False,False,,True
held_up,3,payroll_pit AND investment AND NOT extracurricular,payroll_pit;investment;extracurricular,110,0.814,0.411,139,36,0.514,0.131,0.181,0.099,0.088,0.045,0.167,3,-0.058,False,False,False,,True
held_up,3,NOT extracurricular AND contestation AND small,extracurricular;contestation;small,011,0.814,0.41,161,54,0.659,0.197,0.181,0.242,0.206,0.091,0.208,3,-0.058,False,False,False,,True
held_up,3,local_tax_base AND NOT payroll_pit AND social,local_tax_base;payroll_pit;social,101,0.814,0.405,113,33,0.623,0.12,0.118,0.088,0.235,0.091,0.069,4,-0.058,False,False,False,,True
held_up,3,property_tax AND balance AND NOT small,property_tax;balance;small,110,0.814,0.403,131,33,0.516,0.12,0.15,0.11,0.118,0.0,0.153,3,-0.058,False,False,False,,True
held_up,3,NOT single_tax AND investment AND NOT extracurricular,single_tax;investment;extracurricular,010,0.814,0.403,134,44,0.524,0.161,0.15,0.165,0.147,0.227,0.153,4,-0.058,False,False,False,,True
held_up,3,NOT autonomy AND investment AND NOT extracurricular,autonomy;investment;extracurricular,010,0.814,0.402,146,43,0.518,0.157,0.15,0.165,0.206,0.091,0.125,4,-0.058,False,False,False,,True
held_up,3,NOT property_tax AND social AND balance,property_tax;social;balance,011,0.814,0.399,112,28,0.549,0.102,0.039,0.088,0.265,0.273,0.028,3,-0.058,False,False,False,,True
held_up,3,NOT property_tax AND autonomy AND contestation,property_tax;autonomy;contestation,011,0.814,0.397,103,25,0.51,0.091,0.047,0.143,0.0,0.273,0.056,3,-0.058,False,False,False,,True
held_up,3,NOT payroll_pit AND social AND extracurricular,payroll_pit;social;extracurricular,011,0.814,0.396,100,29,0.58,0.106,0.071,0.11,0.206,0.136,0.028,4,-0.058,False,False,False,,True
held_up,3,culture AND NOT education AND balance,culture;education;balance,101,0.814,0.395,108,26,0.491,0.095,0.126,0.044,0.147,0.045,0.125,2,-0.058,False,False,False,,False
held_up,3,NOT single_tax AND NOT payroll_pit AND education,single_tax;payroll_pit;education,001,0.814,0.394,103,34,0.586,0.124,0.15,0.099,0.147,0.045,0.125,3,-0.058,False,False,False,,True
held_up,3,autonomy AND NOT investment AND education,autonomy;investment;education,101,0.814,0.39,116,16,0.356,0.058,0.079,0.044,0.029,0.045,0.083,3,-0.058,False,False,False,,True
held_up,3,NOT autonomy AND NOT social AND culture,autonomy;social;culture,001,0.814,0.39,114,33,0.55,0.12,0.142,0.088,0.147,0.091,0.153,4,-0.058,False,False,False,,True
held_up,3,single_tax AND NOT social AND NOT extracurricular,single_tax;social;extracurricular,100,0.814,0.389,126,43,0.597,0.157,0.173,0.143,0.176,0.091,0.167,4,-0.058,False,False,False,,True
held_up,3,NOT single_tax AND education AND small,single_tax;education;small,011,0.814,0.388,106,36,0.571,0.131,0.181,0.077,0.147,0.045,0.194,3,-0.058,False,False,False,,True
held_up,3,NOT payroll_pit AND education AND NOT contestation,payroll_pit;education;contestation,010,0.814,0.386,110,36,0.562,0.131,0.118,0.11,0.176,0.227,0.111,4,-0.058,False,False,False,,True
held_up,3,autonomy AND NOT social AND NOT extracurricular,autonomy;social;extracurricular,100,0.814,0.385,103,35,0.593,0.128,0.134,0.11,0.118,0.182,0.139,4,-0.058,False,False,False,,True
held_up,3,payroll_pit AND investment AND NOT education,payroll_pit;investment;education,110,0.814,0.384,103,32,0.478,0.117,0.157,0.077,0.088,0.091,0.181,4,-0.058,False,False,False,,True
held_up,3,NOT payroll_pit AND culture AND NOT contestation,payroll_pit;culture;contestation,010,0.814,0.381,104,36,0.581,0.131,0.11,0.11,0.235,0.182,0.097,4,-0.058,False,False,False,,True
held_up,3,NOT autonomy AND investment AND NOT education,autonomy;investment;education,010,0.814,0.379,111,29,0.5,0.106,0.079,0.121,0.176,0.091,0.083,4,-0.058,False,False,False,,True
held_up,3,NOT property_tax AND NOT investment AND culture,property_tax;investment;culture,001,0.814,0.378,93,21,0.438,0.077,0.118,0.044,0.059,0.0,0.153,3,-0.058,False,False,False,,True
held_up,3,property_tax AND NOT single_tax AND investment,property_tax;single_tax;investment,101,0.814,0.377,102,31,0.5,0.113,0.134,0.088,0.147,0.045,0.139,3,-0.058,False,False,False,,True
held_up,3,NOT property_tax AND payroll_pit AND NOT culture,property_tax;payroll_pit;culture,010,0.814,0.375,88,22,0.423,0.08,0.071,0.099,0.088,0.045,0.056,4,-0.058,False,False,False,,True
held_up,3,payroll_pit AND NOT social AND contestation,payroll_pit;social;contestation,101,0.814,0.374,88,24,0.471,0.088,0.079,0.099,0.118,0.045,0.056,4,-0.058,False,False,False,,True
held_up,3,NOT culture AND NOT contestation AND balance,culture;contestation;balance,001,0.814,0.373,104,31,0.544,0.113,0.087,0.132,0.147,0.136,0.083,4,-0.058,False,False,False,,True
held_up,3,NOT single_tax AND payroll_pit AND NOT balance,single_tax;payroll_pit;balance,010,0.814,0.338,58,14,0.4,0.051,0.055,0.077,0.0,0.0,0.083,2,-0.058,False,False,False,,False
held_up,3,single_tax AND investment AND balance,single_tax;investment;balance,111,0.813,0.463,174,58,0.682,0.212,0.299,0.154,0.088,0.136,0.292,3,-0.059,False,False,False,,True
held_up,3,investment AND education AND balance,investment;education;balance,111,0.813,0.462,177,62,0.697,0.226,0.26,0.187,0.235,0.182,0.278,4,-0.059,False,False,False,,True
held_up,3,investment AND social AND contestation,investment;social;contestation,111,0.813,0.447,165,45,0.608,0.164,0.22,0.132,0.059,0.136,0.236,3,-0.059,False,False,False,,True
held_up,3,local_tax_base AND contestation AND balance,local_tax_base;contestation;balance,111,0.813,0.425,140,38,0.594,0.139,0.134,0.121,0.206,0.136,0.125,4,-0.059,False,False,False,,True
held_up,3,single_tax AND NOT autonomy AND culture,single_tax;autonomy;culture,101,0.813,0.423,142,37,0.561,0.135,0.15,0.121,0.118,0.136,0.139,4,-0.059,False,False,False,,True
held_up,3,local_tax_base AND social AND NOT extracurricular,local_tax_base;social;extracurricular,110,0.813,0.419,145,36,0.537,0.131,0.173,0.055,0.176,0.136,0.181,3,-0.059,False,False,False,,True
held_up,3,autonomy AND culture AND NOT extracurricular,autonomy;culture;extracurricular,110,0.813,0.418,156,38,0.559,0.139,0.173,0.077,0.176,0.136,0.208,4,-0.059,False,False,False,,True
held_up,3,NOT local_tax_base AND property_tax AND single_tax,local_tax_base;property_tax;single_tax,011,0.813,0.411,132,28,0.459,0.102,0.157,0.077,0.029,0.0,0.167,2,-0.059,False,False,False,,False
held_up,3,NOT payroll_pit AND NOT autonomy AND culture,payroll_pit;autonomy;culture,001,0.813,0.409,123,40,0.625,0.146,0.157,0.132,0.176,0.091,0.139,4,-0.059,False,False,False,,True
held_up,3,NOT payroll_pit AND investment AND NOT extracurricular,payroll_pit;investment;extracurricular,010,0.813,0.409,143,52,0.598,0.19,0.181,0.187,0.206,0.227,0.181,4,-0.059,False,False,False,,True
held_up,3,NOT local_tax_base AND investment AND culture,local_tax_base;investment;culture,011,0.813,0.408,132,39,0.609,0.142,0.173,0.132,0.088,0.091,0.181,4,-0.059,False,False,False,,True
held_up,3,local_tax_base AND NOT culture AND contestation,local_tax_base;culture;contestation,101,0.813,0.405,124,38,0.594,0.139,0.094,0.176,0.147,0.227,0.083,4,-0.059,False,False,False,,True
held_up,3,NOT local_tax_base AND culture AND contestation,local_tax_base;culture;contestation,011,0.813,0.405,121,29,0.558,0.106,0.165,0.088,0.0,0.0,0.194,2,-0.059,False,False,False,,False
held_up,3,autonomy AND social AND NOT contestation,autonomy;social;contestation,110,0.813,0.405,138,31,0.508,0.113,0.118,0.077,0.176,0.136,0.111,4,-0.059,False,False,False,,True
held_up,3,NOT single_tax AND NOT payroll_pit AND culture,single_tax;payroll_pit;culture,001,0.813,0.4,112,35,0.574,0.128,0.126,0.099,0.265,0.045,0.097,3,-0.059,False,False,False,,True
held_up,3,autonomy AND investment AND NOT social,autonomy;investment;social,110,0.813,0.4,117,40,0.556,0.146,0.157,0.143,0.059,0.227,0.139,3,-0.059,False,False,False,,True
held_up,3,local_tax_base AND NOT investment AND extracurricular,local_tax_base;investment;extracurricular,101,0.813,0.398,109,20,0.408,0.073,0.039,0.11,0.059,0.136,0.028,4,-0.059,False,False,False,,True
held_up,3,local_tax_base AND NOT social AND education,local_tax_base;social;education,101,0.813,0.398,126,38,0.623,0.139,0.142,0.099,0.176,0.227,0.167,4,-0.059,False,False,False,,True
held_up,3,NOT payroll_pit AND NOT extracurricular AND NOT small,payroll_pit;extracurricular;small,000,0.813,0.398,116,32,0.542,0.117,0.071,0.154,0.147,0.182,0.056,4,-0.059,False,False,False,,True
held_up,3,NOT autonomy AND investment AND NOT contestation,autonomy;investment;contestation,010,0.813,0.398,141,37,0.487,0.135,0.126,0.11,0.235,0.136,0.083,4,-0.059,False,False,False,,True
held_up,3,autonomy AND contestation AND NOT balance,autonomy;contestation;balance,110,0.813,0.398,113,35,0.556,0.128,0.118,0.165,0.0,0.227,0.097,3,-0.059,False,False,False,,True
held_up,3,NOT payroll_pit AND contestation AND balance,payroll_pit;contestation;balance,011,0.813,0.396,114,31,0.62,0.113,0.071,0.121,0.206,0.182,0.056,4,-0.059,False,False,False,,True
held_up,3,local_tax_base AND NOT education AND extracurricular,local_tax_base;education;extracurricular,101,0.813,0.395,95,16,0.348,0.058,0.047,0.077,0.059,0.045,0.014,4,-0.059,False,False,False,,True
held_up,3,investment AND NOT culture AND NOT extracurricular,investment;culture;extracurricular,100,0.813,0.395,129,43,0.524,0.157,0.157,0.176,0.088,0.182,0.139,4,-0.059,False,False,False,,True
held_up,3,single_tax AND NOT autonomy AND NOT contestation,single_tax;autonomy;contestation,100,0.813,0.394,115,26,0.464,0.095,0.087,0.077,0.118,0.182,0.097,4,-0.059,False,False,False,,True
held_up,3,NOT autonomy AND NOT education AND contestation,autonomy;education;contestation,001,0.813,0.393,127,39,0.574,0.142,0.079,0.231,0.176,0.091,0.056,4,-0.059,False,False,False,,True
held_up,3,NOT autonomy AND NOT contestation AND balance,autonomy;contestation;balance,001,0.813,0.393,123,37,0.561,0.135,0.087,0.165,0.235,0.136,0.083,4,-0.059,False,False,False,,True
held_up,3,investment AND NOT culture AND balance,investment;culture;balance,101,0.813,0.387,101,31,0.5,0.113,0.11,0.099,0.118,0.182,0.125,4,-0.059,False,False,False,,True
held_up,3,property_tax AND NOT education AND contestation,property_tax;education;contestation,101,0.813,0.386,112,31,0.477,0.113,0.15,0.088,0.088,0.045,0.153,3,-0.059,False,False,False,,True
held_up,3,NOT autonomy AND contestation AND NOT balance,autonomy;contestation;balance,010,0.813,0.384,129,35,0.547,0.128,0.102,0.187,0.118,0.045,0.125,3,-0.059,False,False,False,,True
held_up,3,payroll_pit AND investment AND NOT social,payroll_pit;investment;social,110,0.813,0.379,96,27,0.474,0.099,0.118,0.088,0.088,0.045,0.097,3,-0.059,False,False,False,,True
held_up,3,property_tax AND NOT education AND extracurricular,property_tax;education;extracurricular,101,0.813,0.377,97,18,0.333,0.066,0.102,0.033,0.059,0.0,0.111,3,-0.059,False,False,False,,True
held_up,3,NOT single_tax AND NOT investment AND education,single_tax;investment;education,001,0.813,0.372,83,21,0.447,0.077,0.102,0.077,0.029,0.0,0.125,2,-0.059,False,False,False,,False
held_up,3,NOT social AND balance AND small,social;balance;small,011,0.813,0.37,93,38,0.623,0.139,0.165,0.066,0.235,0.136,0.236,3,-0.059,False,False,False,,True
held_up,3,property_tax AND NOT single_tax AND NOT small,property_tax;single_tax;small,100,0.813,0.368,81,19,0.404,0.069,0.047,0.099,0.118,0.0,0.056,3,-0.059,False,False,False,,True
held_up,3,property_tax AND NOT culture AND balance,property_tax;culture;balance,101,0.813,0.368,76,18,0.429,0.066,0.087,0.055,0.029,0.045,0.111,3,-0.059,False,False,False,,True
held_up,3,property_tax AND NOT social AND balance,property_tax;social;balance,101,0.813,0.367,81,28,0.519,0.102,0.126,0.055,0.147,0.091,0.167,4,-0.059,False,False,False,,True
held_up,3,NOT autonomy AND NOT education AND small,autonomy;education;small,001,0.813,0.366,70,22,0.489,0.08,0.094,0.088,0.059,0.0,0.097,3,-0.059,False,False,False,,True
held_up,3,social AND NOT education AND NOT balance,social;education;balance,100,0.813,0.366,86,22,0.524,0.08,0.079,0.077,0.059,0.136,0.097,4,-0.059,False,False,False,,True
held_up,3,NOT property_tax AND payroll_pit AND NOT investment,property_tax;payroll_pit;investment,010,0.813,0.361,82,16,0.381,0.058,0.087,0.044,0.029,0.0,0.125,2,-0.059,False,False,False,,False
held_up,3,payroll_pit AND NOT culture AND small,payroll_pit;culture;small,101,0.813,0.344,68,12,0.3,0.044,0.063,0.022,0.059,0.0,0.083,3,-0.059,False,False,False,,True
held_up,3,single_tax AND balance AND small,single_tax;balance;small,111,0.812,0.446,152,47,0.627,0.172,0.22,0.132,0.088,0.182,0.278,4,-0.06,False,False,False,,True
held_up,3,autonomy AND culture AND contestation,autonomy;culture;contestation,111,0.812,0.437,156,37,0.578,0.135,0.189,0.099,0.088,0.045,0.194,3,-0.06,False,False,False,,True
held_up,3,local_tax_base AND payroll_pit AND autonomy,local_tax_base;payroll_pit;autonomy,111,0.812,0.428,147,32,0.525,0.117,0.157,0.099,0.059,0.045,0.181,3,-0.06,False,False,False,,True
held_up,3,single_tax AND contestation AND small,single_tax;contestation;small,111,0.812,0.426,161,40,0.556,0.146,0.165,0.132,0.118,0.136,0.181,4,-0.06,False,False,False,,True
held_up,3,property_tax AND investment AND NOT extracurricular,property_tax;investment;extracurricular,110,0.812,0.425,165,53,0.582,0.193,0.283,0.11,0.147,0.091,0.292,3,-0.06,False,False,False,,True
held_up,3,local_tax_base AND autonomy AND small,local_tax_base;autonomy;small,111,0.812,0.418,149,41,0.577,0.15,0.181,0.099,0.118,0.227,0.222,4,-0.06,False,False,False,,True
held_up,3,property_tax AND NOT autonomy AND culture,property_tax;autonomy;culture,101,0.812,0.412,131,39,0.609,0.142,0.134,0.132,0.206,0.136,0.083,4,-0.06,False,False,False,,True
held_up,3,NOT education AND NOT extracurricular AND NOT small,education;extracurricular;small,000,0.812,0.411,128,35,0.547,0.128,0.087,0.154,0.206,0.136,0.042,4,-0.06,False,False,False,,True
held_up,3,local_tax_base AND NOT education AND contestation,local_tax_base;education;contestation,101,0.812,0.41,132,43,0.589,0.157,0.126,0.187,0.176,0.182,0.097,4,-0.06,False,False,False,,True
held_up,3,local_tax_base AND NOT social AND contestation,local_tax_base;social;contestation,101,0.812,0.409,135,40,0.548,0.146,0.102,0.198,0.147,0.182,0.083,4,-0.06,False,False,False,,True
held_up,3,NOT property_tax AND NOT autonomy AND investment,property_tax;autonomy;investment,001,0.812,0.406,148,42,0.545,0.153,0.118,0.176,0.235,0.136,0.125,4,-0.06,False,False,False,,True
held_up,3,autonomy AND investment AND NOT balance,autonomy;investment;balance,110,0.812,0.404,124,36,0.545,0.131,0.126,0.165,0.029,0.182,0.111,3,-0.06,False,False,False,,True
held_up,3,local_tax_base AND NOT property_tax AND NOT single_tax,local_tax_base;property_tax;single_tax,100,0.812,0.402,119,28,0.509,0.102,0.087,0.121,0.118,0.091,0.056,4,-0.06,False,False,False,,True
held_up,3,culture AND extracurricular AND NOT contestation,culture;extracurricular;contestation,110,0.812,0.401,121,30,0.5,0.109,0.087,0.132,0.118,0.136,0.097,4,-0.06,False,False,False,,True
held_up,3,NOT local_tax_base AND property_tax AND balance,local_tax_base;property_tax;balance,011,0.812,0.399,122,28,0.483,0.102,0.165,0.066,0.029,0.0,0.181,2,-0.06,False,False,False,,False
held_up,3,NOT single_tax AND social AND balance,single_tax;social;balance,011,0.812,0.399,122,38,0.585,0.139,0.087,0.121,0.382,0.136,0.097,4,-0.06,False,False,False,,True
held_up,3,NOT autonomy AND contestation AND small,autonomy;contestation;small,011,0.812,0.398,129,38,0.594,0.139,0.126,0.165,0.147,0.091,0.139,4,-0.06,False,False,False,,True
held_up,3,property_tax AND NOT autonomy AND NOT extracurricular,property_tax;autonomy;extracurricular,100,0.812,0.393,121,36,0.562,0.131,0.126,0.132,0.176,0.091,0.083,4,-0.06,False,False,False,,True
held_up,3,NOT single_tax AND social AND contestation,single_tax;social;contestation,011,0.812,0.392,112,27,0.54,0.099,0.087,0.099,0.147,0.091,0.111,4,-0.06,False,False,False,,True
held_up,3,autonomy AND NOT extracurricular AND NOT contestation,autonomy;extracurricular;contestation,100,0.812,0.392,129,28,0.459,0.102,0.126,0.055,0.118,0.136,0.153,4,-0.06,False,False,False,,True
held_up,3,social AND NOT culture AND balance,social;culture;balance,101,0.812,0.392,112,28,0.509,0.102,0.094,0.055,0.206,0.182,0.097,4,-0.06,False,False,False,,True
held_up,3,NOT property_tax AND payroll_pit AND extracurricular,property_tax;payroll_pit;extracurricular,011,0.812,0.391,103,23,0.404,0.084,0.087,0.077,0.059,0.136,0.111,4,-0.06,False,False,False,,True
held_up,3,extracurricular AND balance AND small,extracurricular;balance;small,111,0.812,0.39,88,17,0.436,0.062,0.071,0.055,0.029,0.091,0.097,3,-0.06,False,False,False,,True
held_up,3,NOT property_tax AND education AND small,property_tax;education;small,011,0.812,0.389,103,30,0.508,0.109,0.165,0.055,0.059,0.091,0.208,4,-0.06,False,False,False,,True
held_up,3,property_tax AND NOT autonomy AND NOT contestation,property_tax;autonomy;contestation,100,0.812,0.388,109,30,0.577,0.109,0.094,0.121,0.118,0.136,0.042,4,-0.06,False,False,False,,True
held_up,3,single_tax AND payroll_pit AND NOT culture,single_tax;payroll_pit;culture,110,0.812,0.388,103,24,0.421,0.088,0.126,0.066,0.059,0.0,0.125,3,-0.06,False,False,False,,True
held_up,3,NOT autonomy AND investment AND NOT balance,autonomy;investment;balance,010,0.812,0.387,132,31,0.484,0.113,0.126,0.121,0.088,0.045,0.111,3,-0.06,False,False,False,,True
held_up,3,NOT autonomy AND NOT culture AND education,autonomy;culture;education,001,0.812,0.385,99,22,0.449,0.08,0.079,0.066,0.088,0.136,0.083,4,-0.06,False,False,False,,True
held_up,3,payroll_pit AND contestation AND NOT balance,payroll_pit;contestation;balance,110,0.812,0.38,107,24,0.462,0.088,0.079,0.121,0.059,0.045,0.083,4,-0.06,False,False,False,,True
held_up,3,NOT local_tax_base AND NOT single_tax AND culture,local_tax_base;single_tax;culture,001,0.812,0.378,96,20,0.444,0.073,0.087,0.066,0.059,0.045,0.125,4,-0.06,False,False,False,,True
held_up,3,property_tax AND NOT single_tax AND small,property_tax;single_tax;small,101,0.812,0.378,92,29,0.547,0.106,0.126,0.077,0.147,0.045,0.125,3,-0.06,False,False,False,,True
held_up,3,local_tax_base AND NOT property_tax AND NOT balance,local_tax_base;property_tax;balance,100,0.812,0.377,107,25,0.521,0.091,0.079,0.11,0.088,0.091,0.056,4,-0.06,False,False,False,,True
held_up,3,property_tax AND NOT payroll_pit AND NOT culture,property_tax;payroll_pit;culture,100,0.812,0.375,84,22,0.489,0.08,0.079,0.11,0.029,0.045,0.069,3,-0.06,False,False,False,,True
held_up,3,NOT social AND NOT contestation AND balance,social;contestation;balance,001,0.812,0.375,106,33,0.541,0.12,0.134,0.11,0.118,0.091,0.181,4,-0.06,False,False,False,,True
held_up,3,NOT investment AND NOT culture AND education,investment;culture;education,001,0.812,0.368,81,14,0.368,0.051,0.063,0.011,0.059,0.136,0.069,3,-0.06,False,False,False,,True
held_up,3,NOT local_tax_base AND culture AND NOT balance,local_tax_base;culture;balance,010,0.812,0.367,103,24,0.462,0.088,0.126,0.066,0.059,0.0,0.181,3,-0.06,False,False,False,,True
held_up,3,NOT property_tax AND autonomy AND NOT balance,property_tax;autonomy;balance,010,0.812,0.363,92,25,0.481,0.091,0.063,0.121,0.059,0.182,0.042,4,-0.06,False,False,False,,True
held_up,3,NOT investment AND NOT education AND small,investment;education;small,001,0.812,0.36,73,21,0.477,0.077,0.063,0.088,0.088,0.091,0.083,4,-0.06,False,False,False,,True
held_up,3,NOT culture AND extracurricular AND small,culture;extracurricular;small,011,0.812,0.354,62,10,0.294,0.036,0.047,0.011,0.029,0.091,0.056,3,-0.06,False,False,False,,True
held_up,3,single_tax AND culture AND contestation,single_tax;culture;contestation,111,0.811,0.455,177,43,0.614,0.157,0.22,0.121,0.088,0.045,0.194,3,-0.061,False,False,False,,True
held_up,3,culture AND contestation AND balance,culture;contestation;balance,111,0.811,0.455,174,45,0.608,0.164,0.213,0.143,0.147,0.0,0.194,3,-0.061,False,False,False,,True
held_up,3,investment AND contestation AND balance,investment;contestation;balance,111,0.811,0.439,145,40,0.548,0.146,0.197,0.088,0.118,0.136,0.194,4,-0.061,False,False,False,,True
held_up,3,social AND balance AND small,social;balance;small,111,0.811,0.429,139,35,0.574,0.128,0.165,0.11,0.059,0.091,0.181,3,-0.061,False,False,False,,True
held_up,3,investment AND balance AND small,investment;balance;small,111,0.811,0.428,144,48,0.623,0.175,0.228,0.099,0.206,0.136,0.278,4,-0.061,False,False,False,,True
held_up,3,NOT local_tax_base AND investment AND social,local_tax_base;investment;social,011,0.811,0.426,159,51,0.607,0.186,0.213,0.154,0.147,0.227,0.25,4,-0.061,False,False,False,,True
held_up,3,local_tax_base AND contestation AND small,local_tax_base;contestation;small,111,0.811,0.426,164,48,0.623,0.175,0.165,0.187,0.176,0.182,0.181,4,-0.061,False,False,False,,True
held_up,3,education AND extracurricular AND contestation,education;extracurricular;contestation,111,0.811,0.418,125,28,0.538,0.102,0.134,0.077,0.059,0.091,0.125,4,-0.061,False,False,False,,True
held_up,3,NOT autonomy AND social AND culture,autonomy;social;culture,011,0.811,0.413,124,35,0.603,0.128,0.142,0.143,0.088,0.045,0.111,3,-0.061,False,False,False,,True
held_up,3,NOT autonomy AND NOT culture AND contestation,autonomy;culture;contestation,001,0.811,0.407,138,42,0.583,0.153,0.071,0.231,0.235,0.182,0.056,3,-0.061,False,False,False,,True
held_up,3,NOT local_tax_base AND NOT property_tax AND NOT extracurricular,local_tax_base;property_tax;extracurricular,000,0.811,0.404,114,40,0.625,0.146,0.118,0.176,0.176,0.136,0.125,4,-0.061,False,False,False,,True
held_up,3,local_tax_base AND payroll_pit AND NOT extracurricular,local_tax_base;payroll_pit;extracurricular,110,0.811,0.396,133,29,0.475,0.106,0.15,0.044,0.118,0.091,0.167,3,-0.061,False,False,False,,True
held_up,3,investment AND NOT social AND extracurricular,investment;social;extracurricular,101,0.811,0.396,98,21,0.429,0.077,0.071,0.088,0.059,0.091,0.069,4,-0.061,False,False,False,,True
held_up,3,NOT payroll_pit AND autonomy AND NOT small,payroll_pit;autonomy;small,010,0.811,0.393,103,26,0.51,0.095,0.094,0.066,0.118,0.182,0.042,4,-0.061,False,False,False,,True
held_up,3,property_tax AND NOT investment AND contestation,property_tax;investment;contestation,101,0.811,0.389,122,24,0.444,0.088,0.063,0.11,0.147,0.045,0.083,4,-0.061,False,False,False,,True
held_up,3,property_tax AND NOT autonomy AND NOT investment,property_tax;autonomy;investment,100,0.811,0.386,104,28,0.549,0.102,0.055,0.154,0.147,0.091,0.042,4,-0.061,False,False,False,,True
held_up,3,social AND extracurricular AND NOT balance,social;extracurricular;balance,110,0.811,0.386,96,22,0.449,0.08,0.11,0.077,0.029,0.0,0.111,2,-0.061,False,False,False,,False
held_up,3,single_tax AND NOT social AND NOT contestation,single_tax;social;contestation,100,0.811,0.378,112,32,0.516,0.117,0.15,0.077,0.088,0.136,0.167,4,-0.061,False,False,False,,True
held_up,3,property_tax AND investment AND NOT culture,property_tax;investment;culture,110,0.811,0.376,98,29,0.483,0.106,0.165,0.088,0.0,0.0,0.194,2,-0.061,False,False,False,,False
held_up,3,autonomy AND NOT investment AND NOT contestation,autonomy;investment;contestation,100,0.811,0.376,114,13,0.283,0.047,0.055,0.0,0.118,0.091,0.028,3,-0.061,False,False,False,,True
held_up,3,NOT single_tax AND payroll_pit AND social,single_tax;payroll_pit;social,011,0.811,0.375,83,18,0.409,0.066,0.071,0.066,0.059,0.045,0.097,4,-0.061,False,False,False,,True
held_up,3,autonomy AND NOT social AND culture,autonomy;social;culture,101,0.811,0.373,90,19,0.388,0.069,0.102,0.033,0.059,0.045,0.125,3,-0.061,False,False,False,,True
held_up,3,property_tax AND NOT single_tax AND contestation,property_tax;single_tax;contestation,101,0.811,0.37,93,23,0.442,0.084,0.087,0.088,0.118,0.0,0.125,3,-0.061,False,False,False,,True
held_up,3,NOT local_tax_base AND NOT investment AND NOT extracurricular,local_tax_base;investment;extracurricular,000,0.811,0.368,86,20,0.526,0.073,0.071,0.077,0.088,0.045,0.097,4,-0.061,False,False,False,,True
held_up,3,NOT property_tax AND NOT education AND small,property_tax;education;small,001,0.811,0.366,74,23,0.469,0.084,0.079,0.099,0.088,0.045,0.111,4,-0.061,False,False,False,,True
held_up,3,NOT single_tax AND payroll_pit AND contestation,single_tax;payroll_pit;contestation,011,0.811,0.366,76,19,0.422,0.069,0.071,0.088,0.029,0.045,0.111,3,-0.061,False,False,False,,True
held_up,3,NOT local_tax_base AND NOT social AND education,local_tax_base;social;education,001,0.811,0.364,91,24,0.444,0.088,0.126,0.066,0.059,0.0,0.167,3,-0.061,False,False,False,,True
held_up,3,NOT property_tax AND autonomy AND NOT contestation,property_tax;autonomy;contestation,010,0.811,0.363,94,21,0.447,0.077,0.079,0.055,0.118,0.091,0.042,4,-0.061,False,False,False,,True
held_up,3,NOT single_tax AND autonomy AND NOT contestation,single_tax;autonomy;contestation,010,0.811,0.362,86,18,0.353,0.066,0.055,0.033,0.176,0.091,0.042,4,-0.061,False,False,False,,True
held_up,3,property_tax AND NOT payroll_pit AND NOT balance,property_tax;payroll_pit;balance,100,0.811,0.359,74,22,0.489,0.08,0.079,0.088,0.029,0.136,0.042,3,-0.061,False,False,False,,True
held_up,3,property_tax AND NOT education AND NOT balance,property_tax;education;balance,100,0.811,0.357,79,22,0.449,0.08,0.11,0.066,0.0,0.091,0.097,3,-0.061,False,False,False,,True
held_up,3,single_tax AND contestation AND balance,single_tax;contestation;balance,111,0.81,0.455,181,48,0.585,0.175,0.22,0.143,0.118,0.136,0.194,4,-0.062,False,False,False,,True
held_up,3,culture AND extracurricular AND contestation,culture;extracurricular;contestation,111,0.81,0.428,138,27,0.491,0.099,0.15,0.077,0.029,0.0,0.153,2,-0.062,False,False,False,,False
held_up,3,NOT local_tax_base AND single_tax AND balance,local_tax_base;single_tax;balance,011,0.81,0.419,144,40,0.606,0.146,0.189,0.121,0.088,0.091,0.181,4,-0.062,False,False,False,,True
held_up,3,local_tax_base AND extracurricular AND balance,local_tax_base;extracurricular;balance,111,0.81,0.418,119,25,0.532,0.091,0.055,0.132,0.088,0.136,0.028,4,-0.062,False,False,False,,True
held_up,3,property_tax AND autonomy AND NOT small,property_tax;autonomy;small,110,0.81,0.418,142,36,0.507,0.131,0.205,0.077,0.088,0.0,0.222,3,-0.062,False,False,False,,True
held_up,3,autonomy AND investment AND small,autonomy;investment;small,111,0.81,0.408,141,37,0.514,0.135,0.173,0.121,0.059,0.091,0.236,3,-0.062,False,False,False,,True
held_up,3,investment AND NOT education AND NOT extracurricular,investment;education;extracurricular,100,0.81,0.405,136,44,0.524,0.161,0.165,0.165,0.118,0.182,0.125,4,-0.062,False,False,False,,True
held_up,3,NOT property_tax AND contestation AND balance,property_tax;contestation;balance,011,0.81,0.401,119,28,0.56,0.102,0.055,0.121,0.147,0.227,0.042,4,-0.062,False,False,False,,True
held_up,3,social AND culture AND NOT balance,social;culture;balance,110,0.81,0.397,130,29,0.509,0.106,0.134,0.088,0.059,0.091,0.125,4,-0.062,False,False,False,,True
held_up,3,NOT local_tax_base AND education AND contestation,local_tax_base;education;contestation,011,0.81,0.395,119,31,0.554,0.113,0.157,0.099,0.059,0.0,0.167,3,-0.062,False,False,False,,True
held_up,3,local_tax_base AND NOT property_tax AND NOT extracurricular,local_tax_base;property_tax;extracurricular,100,0.81,0.394,121,31,0.492,0.113,0.102,0.132,0.118,0.091,0.097,4,-0.062,False,False,False,,True
held_up,3,local_tax_base AND social AND NOT balance,local_tax_base;social;balance,110,0.81,0.394,119,20,0.392,0.073,0.087,0.055,0.059,0.091,0.069,4,-0.062,False,False,False,,True
held_up,3,property_tax AND single_tax AND NOT social,property_tax;single_tax;social,110,0.81,0.393,109,33,0.532,0.12,0.15,0.077,0.118,0.136,0.139,4,-0.062,False,False,False,,True
held_up,3,local_tax_base AND NOT social AND culture,local_tax_base;social;culture,101,0.81,0.391,110,32,0.5,0.117,0.134,0.066,0.176,0.136,0.139,4,-0.062,False,False,False,,True
held_up,3,NOT contestation AND balance AND NOT small,contestation;balance;small,010,0.81,0.39,143,38,0.528,0.139,0.063,0.187,0.265,0.182,0.028,3,-0.062,False,False,False,,True
held_up,3,NOT local_tax_base AND NOT autonomy AND education,local_tax_base;autonomy;education,001,0.81,0.386,107,32,0.552,0.117,0.142,0.099,0.118,0.045,0.181,3,-0.062,False,False,False,,True
held_up,3,NOT single_tax AND autonomy AND social,single_tax;autonomy;social,011,0.81,0.384,106,27,0.474,0.099,0.094,0.066,0.176,0.136,0.083,4,-0.062,False,False,False,,True
held_up,3,NOT local_tax_base AND investment AND NOT balance,local_tax_base;investment;balance,010,0.81,0.383,120,34,0.515,0.124,0.11,0.165,0.059,0.136,0.125,3,-0.062,False,False,False,,True
held_up,3,property_tax AND NOT culture AND contestation,property_tax;culture;contestation,101,0.81,0.38,101,25,0.417,0.091,0.118,0.088,0.059,0.0,0.139,3,-0.062,False,False,False,,True
held_up,3,autonomy AND NOT balance AND NOT small,autonomy;balance;small,100,0.81,0.379,104,29,0.492,0.106,0.126,0.099,0.029,0.136,0.097,3,-0.062,False,False,False,,True
held_up,3,NOT property_tax AND NOT investment AND education,property_tax;investment;education,001,0.81,0.378,99,24,0.444,0.088,0.142,0.033,0.029,0.091,0.181,2,-0.062,False,False,False,,False
held_up,3,NOT investment AND social AND NOT education,investment;social;education,010,0.81,0.378,96,19,0.487,0.069,0.047,0.044,0.206,0.091,0.042,4,-0.062,False,False,False,,True
held_up,3,investment AND NOT culture AND NOT contestation,investment;culture;contestation,100,0.81,0.378,113,33,0.471,0.12,0.134,0.099,0.147,0.091,0.125,4,-0.062,False,False,False,,True
held_up,3,NOT investment AND contestation AND NOT balance,investment;contestation;balance,010,0.81,0.378,105,27,0.458,0.099,0.079,0.132,0.088,0.091,0.083,4,-0.062,False,False,False,,True
held_up,3,NOT single_tax AND payroll_pit AND extracurricular,single_tax;payroll_pit;extracurricular,011,0.81,0.377,82,20,0.385,0.073,0.079,0.055,0.088,0.091,0.097,4,-0.062,False,False,False,,True
held_up,3,NOT single_tax AND payroll_pit AND balance,single_tax;payroll_pit;balance,011,0.81,0.377,78,17,0.395,0.062,0.071,0.033,0.088,0.091,0.097,4,-0.062,False,False,False,,True
held_up,3,property_tax AND NOT social AND contestation,property_tax;social;contestation,101,0.81,0.376,97,24,0.421,0.088,0.094,0.088,0.118,0.0,0.069,3,-0.062,False,False,False,,True
held_up,3,NOT local_tax_base AND NOT social AND NOT extracurricular,local_tax_base;social;extracurricular,000,0.81,0.371,94,28,0.509,0.102,0.094,0.132,0.088,0.045,0.083,3,-0.062,False,False,False,,True
held_up,3,property_tax AND NOT autonomy AND NOT social,property_tax;autonomy;social,100,0.81,0.369,89,22,0.478,0.08,0.055,0.099,0.118,0.091,0.028,4,-0.062,False,False,False,,True
held_up,3,NOT property_tax AND social AND NOT balance,property_tax;social;balance,010,0.81,0.362,84,23,0.548,0.084,0.11,0.066,0.059,0.045,0.097,4,-0.062,False,False,False,,True
held_up,3,NOT local_tax_base AND NOT culture AND education,local_tax_base;culture;education,001,0.81,0.359,74,16,0.372,0.058,0.079,0.033,0.059,0.045,0.097,4,-0.062,False,False,False,,True
held_up,3,NOT social AND extracurricular AND small,social;extracurricular;small,011,0.81,0.358,71,14,0.35,0.051,0.079,0.011,0.029,0.091,0.111,3,-0.062,False,False,False,,True
held_up,3,property_tax AND NOT investment AND NOT culture,property_tax;investment;culture,100,0.81,0.355,73,10,0.303,0.036,0.024,0.044,0.059,0.045,0.014,4,-0.062,False,False,False,,True
held_up,3,payroll_pit AND NOT investment AND NOT culture,payroll_pit;investment;culture,100,0.81,0.351,77,10,0.27,0.036,0.039,0.033,0.059,0.0,0.042,3,-0.062,False,False,False,,True
held_up,3,NOT culture AND education AND NOT balance,culture;education;balance,010,0.81,0.347,81,13,0.31,0.047,0.079,0.022,0.029,0.0,0.083,2,-0.062,False,False,False,,False
held_up,3,single_tax AND education AND contestation,single_tax;education;contestation,111,0.809,0.457,187,43,0.589,0.157,0.189,0.132,0.147,0.091,0.167,4,-0.063,False,False,False,,True
held_up,3,property_tax AND investment AND contestation,property_tax;investment;contestation,111,0.809,0.44,170,48,0.545,0.175,0.276,0.11,0.088,0.0,0.264,3,-0.063,False,False,False,,True
held_up,3,local_tax_base AND balance AND small,local_tax_base;balance;small,111,0.809,0.429,152,53,0.646,0.193,0.236,0.121,0.206,0.227,0.292,4,-0.063,False,False,False,,True
held_up,3,single_tax AND social AND NOT extracurricular,single_tax;social;extracurricular,110,0.809,0.426,156,34,0.523,0.124,0.157,0.077,0.088,0.182,0.153,4,-0.063,False,False,False,,True
held_up,3,local_tax_base AND NOT investment AND education,local_tax_base;investment;education,101,0.809,0.421,152,33,0.508,0.12,0.11,0.121,0.118,0.182,0.083,4,-0.063,False,False,False,,True
held_up,3,NOT local_tax_base AND education AND balance,local_tax_base;education;balance,011,0.809,0.418,135,37,0.578,0.135,0.15,0.143,0.088,0.091,0.153,4,-0.063,False,False,False,,True
held_up,3,investment AND social AND small,investment;social;small,111,0.809,0.418,148,33,0.5,0.12,0.173,0.088,0.029,0.091,0.167,3,-0.063,False,False,False,,True
held_up,3,single_tax AND autonomy AND NOT balance,single_tax;autonomy;balance,110,0.809,0.404,138,28,0.424,0.102,0.126,0.099,0.029,0.091,0.097,3,-0.063,False,False,False,,True
held_up,3,extracurricular AND NOT contestation AND balance,extracurricular;contestation;balance,101,0.809,0.404,131,33,0.524,0.12,0.071,0.154,0.206,0.136,0.069,4,-0.063,False,False,False,,True
held_up,3,NOT autonomy AND balance AND small,autonomy;balance;small,011,0.809,0.403,114,38,0.613,0.139,0.142,0.121,0.176,0.136,0.139,4,-0.063,False,False,False,,True
held_up,3,NOT investment AND social AND contestation,investment;social;contestation,011,0.809,0.403,128,25,0.481,0.091,0.087,0.077,0.176,0.045,0.097,3,-0.063,False,False,False,,True
held_up,3,NOT single_tax AND NOT autonomy AND investment,single_tax;autonomy;investment,001,0.809,0.402,145,43,0.558,0.157,0.142,0.154,0.265,0.091,0.111,4,-0.063,False,False,False,,True
held_up,3,social AND extracurricular AND NOT contestation,social;extracurricular;contestation,110,0.809,0.401,122,35,0.565,0.128,0.102,0.132,0.206,0.136,0.097,4,-0.063,False,False,False,,True
held_up,3,education AND extracurricular AND NOT contestation,education;extracurricular;contestation,110,0.809,0.401,123,28,0.483,0.102,0.102,0.121,0.059,0.091,0.125,4,-0.063,False,False,False,,True
held_up,3,NOT single_tax AND NOT extracurricular AND NOT small,single_tax;extracurricular;small,000,0.809,0.398,114,29,0.518,0.106,0.055,0.154,0.147,0.136,0.056,4,-0.063,False,False,False,,True
held_up,3,autonomy AND NOT social AND contestation,autonomy;social;contestation,101,0.809,0.398,116,34,0.507,0.124,0.102,0.154,0.088,0.182,0.083,4,-0.063,False,False,False,,True
held_up,3,NOT autonomy AND NOT education AND extracurricular,autonomy;education;extracurricular,001,0.809,0.397,119,29,0.475,0.106,0.047,0.143,0.206,0.136,0.042,3,-0.063,False,False,False,,True
held_up,3,NOT single_tax AND NOT autonomy AND education,single_tax;autonomy;education,001,0.809,0.395,109,35,0.565,0.128,0.165,0.11,0.118,0.0,0.153,3,-0.063,False,False,False,,True
held_up,3,single_tax AND NOT social AND culture,single_tax;social;culture,101,0.809,0.395,121,35,0.522,0.128,0.165,0.077,0.147,0.091,0.194,4,-0.063,False,False,False,,True
held_up,3,NOT payroll_pit AND social AND NOT culture,payroll_pit;social;culture,010,0.809,0.394,104,28,0.583,0.102,0.079,0.077,0.176,0.227,0.069,4,-0.063,False,False,False,,True
held_up,3,NOT investment AND contestation AND small,investment;contestation;small,011,0.809,0.392,128,31,0.508,0.113,0.094,0.143,0.118,0.091,0.125,4,-0.063,False,False,False,,True
held_up,3,single_tax AND NOT investment AND NOT extracurricular,single_tax;investment;extracurricular,100,0.809,0.39,134,33,0.516,0.12,0.118,0.099,0.118,0.227,0.125,4,-0.063,False,False,False,,True
held_up,3,NOT single_tax AND investment AND NOT contestation,single_tax;investment;contestation,010,0.809,0.39,127,38,0.475,0.139,0.134,0.099,0.235,0.182,0.097,4,-0.063,False,False,False,,True
held_up,3,payroll_pit AND social AND NOT education,payroll_pit;social;education,110,0.809,0.39,113,27,0.466,0.099,0.142,0.033,0.118,0.091,0.222,3,-0.063,False,False,False,,True
held_up,3,NOT autonomy AND investment AND NOT culture,autonomy;investment;culture,010,0.809,0.389,129,35,0.507,0.128,0.087,0.154,0.206,0.136,0.083,4,-0.063,False,False,False,,True
held_up,3,payroll_pit AND NOT culture AND NOT small,payroll_pit;culture;small,100,0.809,0.386,107,27,0.45,0.099,0.118,0.099,0.059,0.045,0.111,3,-0.063,False,False,False,,True
held_up,3,NOT local_tax_base AND investment AND NOT social,local_tax_base;investment;social,010,0.809,0.385,117,34,0.493,0.124,0.102,0.165,0.088,0.136,0.083,4,-0.063,False,False,False,,True
held_up,3,local_tax_base AND NOT culture AND balance,local_tax_base;culture;balance,101,0.809,0.383,97,24,0.49,0.088,0.071,0.099,0.059,0.182,0.083,4,-0.063,False,False,False,,True
held_up,3,investment AND NOT contestation AND NOT balance,investment;contestation;balance,100,0.809,0.383,119,24,0.387,0.088,0.11,0.066,0.088,0.045,0.083,4,-0.063,False,False,False,,True
held_up,3,autonomy AND NOT investment AND small,autonomy;investment;small,101,0.809,0.38,107,20,0.426,0.073,0.087,0.033,0.088,0.136,0.097,3,-0.063,False,False,False,,True
held_up,3,property_tax AND NOT education AND balance,property_tax;education;balance,101,0.809,0.379,98,24,0.436,0.088,0.126,0.044,0.118,0.0,0.139,3,-0.063,False,False,False,,True
held_up,3,property_tax AND NOT payroll_pit AND NOT education,property_tax;payroll_pit;education,100,0.809,0.376,83,25,0.472,0.091,0.094,0.099,0.088,0.045,0.042,3,-0.063,False,False,False,,True
held_up,3,NOT local_tax_base AND education AND NOT extracurricular,local_tax_base;education;extracurricular,010,0.809,0.375,112,28,0.528,0.102,0.126,0.11,0.029,0.045,0.139,2,-0.063,False,False,False,,False
held_up,3,property_tax AND NOT culture AND extracurricular,property_tax;culture;extracurricular,101,0.809,0.374,87,15,0.326,0.055,0.087,0.044,0.0,0.0,0.097,2,-0.063,False,False,False,,False
held_up,3,payroll_pit AND NOT culture AND balance,payroll_pit;culture;balance,101,0.809,0.373,85,17,0.378,0.062,0.087,0.022,0.088,0.045,0.097,3,-0.063,False,False,False,,True
held_up,3,NOT local_tax_base AND NOT culture AND NOT extracurricular,local_tax_base;culture;extracurricular,000,0.809,0.371,82,24,0.5,0.088,0.047,0.121,0.118,0.136,0.042,4,-0.063,False,False,False,,True
held_up,3,payroll_pit AND NOT autonomy AND NOT balance,payroll_pit;autonomy;balance,100,0.809,0.364,90,18,0.429,0.066,0.087,0.044,0.088,0.0,0.111,3,-0.063,False,False,False,,True
held_up,3,extracurricular AND NOT balance AND small,extracurricular;balance;small,101,0.809,0.364,84,18,0.409,0.066,0.102,0.033,0.029,0.045,0.111,3,-0.063,False,False,False,,True
held_up,3,NOT contestation AND NOT balance AND NOT small,contestation;balance;small,000,0.809,0.352,96,16,0.356,0.058,0.055,0.066,0.059,0.045,0.042,4,-0.063,False,False,False,,True
held_up,3,single_tax AND education AND balance,single_tax;education;balance,111,0.808,0.49,195,56,0.651,0.204,0.236,0.176,0.118,0.273,0.25,4,-0.064,False,False,False,,True
held_up,3,culture AND balance AND small,culture;balance;small,111,0.808,0.454,168,53,0.624,0.193,0.244,0.143,0.206,0.091,0.306,3,-0.064,False,False,False,,True
held_up,3,investment AND social AND education,investment;social;education,111,0.808,0.446,173,44,0.595,0.161,0.213,0.132,0.059,0.136,0.181,3,-0.064,False,False,False,,True
held_up,3,local_tax_base AND investment AND NOT extracurricular,local_tax_base;investment;extracurricular,110,0.808,0.435,176,56,0.566,0.204,0.26,0.132,0.206,0.182,0.278,4,-0.064,False,False,False,,True
held_up,3,local_tax_base AND single_tax AND NOT autonomy,local_tax_base;single_tax;autonomy,110,0.808,0.427,151,31,0.463,0.113,0.094,0.099,0.118,0.273,0.083,4,-0.064,False,False,False,,True
held_up,3,local_tax_base AND NOT autonomy AND culture,local_tax_base;autonomy;culture,101,0.808,0.427,145,38,0.543,0.139,0.142,0.121,0.176,0.136,0.083,4,-0.064,False,False,False,,True
held_up,3,culture AND contestation AND small,culture;contestation;small,111,0.808,0.426,158,40,0.571,0.146,0.181,0.132,0.118,0.045,0.208,3,-0.064,False,False,False,,True
held_up,3,NOT local_tax_base AND single_tax AND extracurricular,local_tax_base;single_tax;extracurricular,011,0.808,0.42,142,37,0.536,0.135,0.189,0.11,0.059,0.045,0.264,2,-0.064,False,False,False,,False
held_up,3,investment AND balance AND NOT small,investment;balance;small,110,0.808,0.42,149,45,0.556,0.164,0.165,0.154,0.147,0.227,0.139,4,-0.064,False,False,False,,True
held_up,3,local_tax_base AND NOT autonomy AND balance,local_tax_base;autonomy;balance,101,0.808,0.419,141,41,0.562,0.15,0.134,0.165,0.147,0.182,0.111,4,-0.064,False,False,False,,True
held_up,3,local_tax_base AND NOT investment AND culture,local_tax_base;investment;culture,101,0.808,0.419,142,35,0.515,0.128,0.11,0.121,0.176,0.182,0.097,4,-0.064,False,False,False,,True
held_up,3,property_tax AND investment AND extracurricular,property_tax;investment;extracurricular,111,0.808,0.419,137,35,0.53,0.128,0.181,0.11,0.059,0.0,0.194,2,-0.064,False,False,False,,False
held_up,3,autonomy AND education AND extracurricular,autonomy;education;extracurricular,111,0.808,0.418,130,28,0.491,0.102,0.134,0.099,0.029,0.045,0.139,2,-0.064,False,False,False,,False
held_up,3,NOT autonomy AND extracurricular AND NOT small,autonomy;extracurricular;small,010,0.808,0.416,146,36,0.529,0.131,0.055,0.198,0.235,0.136,0.042,3,-0.064,False,False,False,,True
held_up,3,local_tax_base AND investment AND NOT contestation,local_tax_base;investment;contestation,110,0.808,0.41,146,36,0.48,0.131,0.173,0.088,0.118,0.091,0.181,4,-0.064,False,False,False,,True
held_up,3,NOT autonomy AND NOT investment AND contestation,autonomy;investment;contestation,001,0.808,0.408,142,41,0.547,0.15,0.094,0.198,0.235,0.136,0.069,4,-0.064,False,False,False,,True
held_up,3,social AND NOT education AND balance,social;education;balance,101,0.808,0.408,136,38,0.559,0.139,0.134,0.077,0.324,0.136,0.153,4,-0.064,False,False,False,,True
held_up,3,local_tax_base AND NOT culture AND NOT small,local_tax_base;culture;small,100,0.808,0.406,125,24,0.4,0.088,0.063,0.121,0.088,0.091,0.042,4,-0.064,False,False,False,,True
held_up,3,local_tax_base AND investment AND NOT social,local_tax_base;investment;social,110,0.808,0.404,133,41,0.554,0.15,0.165,0.132,0.147,0.136,0.167,4,-0.064,False,False,False,,True
held_up,3,NOT autonomy AND education AND extracurricular,autonomy;education;extracurricular,011,0.808,0.404,118,28,0.528,0.102,0.102,0.099,0.088,0.136,0.111,4,-0.064,False,False,False,,True
held_up,3,investment AND NOT social AND NOT small,investment;social;small,100,0.808,0.404,130,33,0.471,0.12,0.087,0.187,0.029,0.182,0.028,3,-0.064,False,False,False,,True
held_up,3,single_tax AND social AND NOT balance,single_tax;social;balance,110,0.808,0.401,133,25,0.439,0.091,0.118,0.055,0.088,0.091,0.153,4,-0.064,False,False,False,,True
held_up,3,investment AND NOT education AND balance,investment;education;balance,101,0.808,0.396,116,31,0.449,0.113,0.134,0.066,0.118,0.182,0.139,4,-0.064,False,False,False,,True
held_up,3,social AND extracurricular AND small,social;extracurricular;small,111,0.808,0.394,101,21,0.488,0.077,0.094,0.077,0.029,0.045,0.097,3,-0.064,False,False,False,,True
held_up,3,investment AND NOT balance AND NOT small,investment;balance;small,100,0.808,0.393,132,40,0.588,0.146,0.126,0.187,0.088,0.182,0.111,4,-0.064,False,False,False,,True
held_up,3,NOT property_tax AND NOT autonomy AND social,property_tax;autonomy;social,001,0.808,0.39,115,30,0.536,0.109,0.079,0.099,0.235,0.136,0.083,4,-0.064,False,False,False,,True
held_up,3,local_tax_base AND NOT single_tax AND small,local_tax_base;single_tax;small,101,0.808,0.389,117,41,0.562,0.15,0.165,0.143,0.147,0.091,0.139,4,-0.064,False,False,False,,True
held_up,3,NOT investment AND social AND NOT small,investment;social;small,010,0.808,0.389,124,21,0.438,0.077,0.039,0.077,0.235,0.045,0.014,4,-0.064,False,False,False,,True
held_up,3,NOT local_tax_base AND NOT single_tax AND NOT extracurricular,local_tax_base;single_tax;extracurricular,000,0.808,0.384,100,27,0.551,0.099,0.071,0.143,0.088,0.091,0.111,4,-0.064,False,False,False,,True
held_up,3,NOT autonomy AND extracurricular AND small,autonomy;extracurricular;small,011,0.808,0.384,91,21,0.457,0.077,0.094,0.044,0.059,0.136,0.111,4,-0.064,False,False,False,,True
held_up,3,NOT investment AND NOT education AND NOT extracurricular,investment;education;extracurricular,000,0.808,0.384,100,31,0.608,0.113,0.071,0.143,0.206,0.091,0.083,4,-0.064,False,False,False,,True
held_up,3,payroll_pit AND investment AND NOT culture,payroll_pit;investment;culture,110,0.808,0.376,98,29,0.46,0.106,0.142,0.088,0.059,0.045,0.153,3,-0.064,False,False,False,,True
held_up,3,property_tax AND payroll_pit AND NOT culture,property_tax;payroll_pit;culture,110,0.808,0.374,87,17,0.354,0.062,0.11,0.022,0.029,0.0,0.139,1,-0.064,False,False,False,,False
held_up,3,single_tax AND NOT investment AND NOT social,single_tax;investment;social,100,0.808,0.368,103,24,0.444,0.088,0.087,0.066,0.059,0.227,0.097,4,-0.064,False,False,False,,True
held_up,3,NOT property_tax AND education AND NOT balance,property_tax;education;balance,010,0.808,0.359,100,24,0.429,0.088,0.165,0.033,0.0,0.0,0.194,1,-0.064,False,False,False,,False
held_up,3,property_tax AND NOT single_tax AND NOT balance,property_tax;single_tax;balance,100,0.808,0.349,69,16,0.4,0.058,0.063,0.088,0.0,0.0,0.028,2,-0.064,False,False,False,,False
held_up,3,investment AND social AND balance,investment;social;balance,111,0.807,0.463,181,57,0.655,0.208,0.252,0.143,0.176,0.273,0.25,4,-0.065,False,False,False,,True
held_up,3,single_tax AND investment AND social,single_tax;investment;social,111,0.807,0.46,182,46,0.582,0.168,0.244,0.121,0.029,0.136,0.264,3,-0.065,False,False,False,,True
held_up,3,single_tax AND autonomy AND contestation,single_tax;autonomy;contestation,111,0.807,0.455,181,45,0.542,0.164,0.228,0.143,0.059,0.045,0.222,2,-0.065,False,False,False,,False
held_up,3,single_tax AND social AND contestation,single_tax;social;contestation,111,0.807,0.454,181,43,0.566,0.157,0.22,0.11,0.088,0.091,0.222,4,-0.065,False,False,False,,True
held_up,3,social AND culture AND contestation,social;culture;contestation,111,0.807,0.448,169,46,0.657,0.168,0.22,0.154,0.088,0.045,0.208,3,-0.065,False,False,False,,True
held_up,3,single_tax AND extracurricular AND contestation,single_tax;extracurricular;contestation,111,0.807,0.436,159,35,0.507,0.128,0.165,0.11,0.029,0.136,0.181,3,-0.065,False,False,False,,True
held_up,3,NOT local_tax_base AND investment AND balance,local_tax_base;investment;balance,011,0.807,0.424,156,51,0.586,0.186,0.205,0.154,0.176,0.227,0.208,4,-0.065,False,False,False,,True
held_up,3,investment AND culture AND NOT contestation,investment;culture;contestation,110,0.807,0.419,154,44,0.571,0.161,0.173,0.132,0.176,0.182,0.181,4,-0.065,False,False,False,,True
held_up,3,local_tax_base AND NOT property_tax AND NOT culture,local_tax_base;property_tax;culture,100,0.807,0.417,140,34,0.515,0.124,0.087,0.154,0.118,0.227,0.083,4,-0.065,False,False,False,,True
held_up,3,NOT property_tax AND NOT autonomy AND contestation,property_tax;autonomy;contestation,001,0.807,0.417,154,48,0.623,0.175,0.126,0.231,0.206,0.182,0.111,4,-0.065,False,False,False,,True
held_up,3,investment AND NOT extracurricular AND NOT balance,investment;extracurricular;balance,100,0.807,0.415,156,42,0.494,0.153,0.15,0.176,0.088,0.182,0.125,4,-0.065,False,False,False,,True
held_up,3,NOT autonomy AND NOT investment AND culture,autonomy;investment;culture,001,0.807,0.408,127,37,0.561,0.135,0.142,0.143,0.118,0.091,0.153,4,-0.065,False,False,False,,True
held_up,3,NOT property_tax AND NOT autonomy AND education,property_tax;autonomy;education,001,0.807,0.406,130,37,0.521,0.135,0.173,0.099,0.088,0.136,0.194,4,-0.065,False,False,False,,True
held_up,3,single_tax AND autonomy AND NOT investment,single_tax;autonomy;investment,110,0.807,0.406,142,18,0.34,0.066,0.079,0.055,0.0,0.136,0.083,3,-0.065,False,False,False,,True
held_up,3,single_tax AND NOT social AND education,single_tax;social;education,101,0.807,0.406,133,38,0.576,0.139,0.157,0.099,0.147,0.182,0.208,4,-0.065,False,False,False,,True
held_up,3,social AND NOT education AND contestation,social;education;contestation,101,0.807,0.405,130,30,0.5,0.109,0.118,0.077,0.147,0.136,0.167,4,-0.065,False,False,False,,True
held_up,3,local_tax_base AND social AND NOT contestation,local_tax_base;social;contestation,110,0.807,0.402,136,26,0.441,0.095,0.094,0.099,0.088,0.091,0.083,4,-0.065,False,False,False,,True
held_up,3,local_tax_base AND autonomy AND NOT education,local_tax_base;autonomy;education,110,0.807,0.401,115,33,0.5,0.12,0.142,0.088,0.088,0.182,0.111,4,-0.065,False,False,False,,True
held_up,3,NOT payroll_pit AND social AND NOT education,payroll_pit;social;education,010,0.807,0.399,109,33,0.635,0.12,0.071,0.121,0.265,0.182,0.028,4,-0.065,False,False,False,,True
held_up,3,local_tax_base AND NOT single_tax AND NOT small,local_tax_base;single_tax;small,100,0.807,0.398,119,26,0.448,0.095,0.039,0.143,0.206,0.045,0.014,2,-0.065,False,False,False,,False
held_up,3,social AND NOT culture AND contestation,social;culture;contestation,101,0.807,0.398,124,24,0.429,0.088,0.087,0.055,0.147,0.136,0.125,4,-0.065,False,False,False,,True
held_up,3,social AND NOT extracurricular AND NOT balance,social;extracurricular;balance,100,0.807,0.392,129,25,0.463,0.091,0.102,0.066,0.088,0.136,0.111,4,-0.065,False,False,False,,True
held_up,3,property_tax AND NOT education AND NOT small,property_tax;education;small,100,0.807,0.389,110,25,0.403,0.091,0.142,0.044,0.088,0.0,0.153,2,-0.065,False,False,False,,False
held_up,3,local_tax_base AND NOT social AND balance,local_tax_base;social;balance,101,0.807,0.386,113,35,0.507,0.128,0.134,0.099,0.147,0.182,0.181,4,-0.065,False,False,False,,True
held_up,3,NOT education AND NOT extracurricular AND small,education;extracurricular;small,001,0.807,0.386,108,40,0.563,0.146,0.15,0.154,0.118,0.136,0.167,4,-0.065,False,False,False,,True
held_up,3,extracurricular AND contestation AND NOT balance,extracurricular;contestation;balance,110,0.807,0.386,117,26,0.433,0.095,0.102,0.121,0.0,0.091,0.111,3,-0.065,False,False,False,,True
held_up,3,single_tax AND NOT autonomy AND NOT balance,single_tax;autonomy;balance,100,0.807,0.385,117,26,0.491,0.095,0.094,0.077,0.147,0.091,0.139,4,-0.065,False,False,False,,True
held_up,3,payroll_pit AND NOT education AND contestation,payroll_pit;education;contestation,101,0.807,0.385,115,28,0.431,0.102,0.126,0.099,0.029,0.091,0.167,3,-0.065,False,False,False,,True
held_up,3,NOT education AND extracurricular AND NOT contestation,education;extracurricular;contestation,010,0.807,0.385,109,27,0.443,0.099,0.071,0.099,0.206,0.091,0.042,4,-0.065,False,False,False,,True
held_up,3,NOT payroll_pit AND autonomy AND NOT social,payroll_pit;autonomy;social,010,0.807,0.383,95,25,0.49,0.091,0.079,0.088,0.059,0.227,0.083,4,-0.065,False,False,False,,True
held_up,3,NOT social AND contestation AND small,social;contestation;small,011,0.807,0.383,120,37,0.552,0.135,0.102,0.176,0.176,0.091,0.111,4,-0.065,False,False,False,,True
held_up,3,autonomy AND NOT social AND balance,autonomy;social;balance,101,0.807,0.382,98,28,0.483,0.102,0.134,0.055,0.088,0.136,0.167,4,-0.065,False,False,False,,True
held_up,3,property_tax AND NOT single_tax AND balance,property_tax;single_tax;balance,101,0.807,0.38,104,32,0.533,0.117,0.11,0.088,0.265,0.045,0.153,3,-0.065,False,False,False,,True
held_up,3,NOT single_tax AND NOT investment AND social,single_tax;investment;social,001,0.807,0.379,97,21,0.467,0.077,0.047,0.088,0.206,0.0,0.042,3,-0.065,False,False,False,,True
held_up,3,NOT culture AND education AND small,culture;education;small,011,0.807,0.378,104,23,0.418,0.084,0.118,0.033,0.059,0.136,0.153,3,-0.065,False,False,False,,True
held_up,3,payroll_pit AND NOT investment AND NOT extracurricular,payroll_pit;investment;extracurricular,100,0.807,0.374,117,20,0.408,0.073,0.079,0.066,0.088,0.045,0.083,4,-0.065,False,False,False,,True
held_up,3,property_tax AND NOT culture AND small,property_tax;culture;small,101,0.807,0.368,89,21,0.477,0.077,0.087,0.077,0.059,0.045,0.083,4,-0.065,False,False,False,,True
held_up,3,NOT education AND NOT contestation AND small,education;contestation;small,001,0.807,0.362,70,18,0.383,0.066,0.094,0.033,0.059,0.045,0.097,4,-0.065,False,False,False,,True
held_up,3,NOT payroll_pit AND education AND NOT balance,payroll_pit;education;balance,010,0.807,0.361,93,23,0.469,0.084,0.118,0.055,0.029,0.091,0.111,3,-0.065,False,False,False,,True
held_up,3,NOT payroll_pit AND autonomy AND NOT balance,payroll_pit;autonomy;balance,010,0.807,0.359,74,21,0.525,0.077,0.079,0.055,0.029,0.227,0.042,3,-0.065,False,False,False,,True
held_up,3,NOT local_tax_base AND NOT single_tax AND small,local_tax_base;single_tax;small,001,0.807,0.352,77,17,0.37,0.062,0.087,0.033,0.088,0.0,0.125,3,-0.065,False,False,False,,True
held_up,3,NOT single_tax AND education AND NOT balance,single_tax;education;balance,010,0.807,0.35,84,22,0.449,0.08,0.134,0.055,0.0,0.0,0.125,2,-0.065,False,False,False,,False
held_up,3,property_tax AND single_tax AND balance,property_tax;single_tax;balance,111,0.806,0.476,192,53,0.609,0.193,0.283,0.143,0.059,0.091,0.292,2,-0.066,False,False,False,,False
held_up,3,single_tax AND investment AND education,single_tax;investment;education,111,0.806,0.466,195,50,0.588,0.182,0.228,0.165,0.088,0.136,0.236,3,-0.066,False,False,False,,True
held_up,3,single_tax AND autonomy AND investment,single_tax;autonomy;investment,111,0.806,0.465,193,62,0.646,0.226,0.331,0.176,0.088,0.045,0.347,2,-0.066,False,False,False,,False
held_up,3,autonomy AND education AND balance,autonomy;education;balance,111,0.806,0.451,165,45,0.625,0.164,0.213,0.121,0.118,0.136,0.278,4,-0.066,False,False,False,,True
held_up,3,local_tax_base AND social AND education,local_tax_base;social;education,111,0.806,0.441,172,35,0.522,0.128,0.134,0.132,0.118,0.091,0.097,4,-0.066,False,False,False,,True
held_up,3,social AND education AND contestation,social;education;contestation,111,0.806,0.435,163,40,0.606,0.146,0.189,0.132,0.088,0.045,0.167,3,-0.066,False,False,False,,True
held_up,3,investment AND NOT contestation AND small,investment;contestation;small,101,0.806,0.418,146,39,0.494,0.142,0.205,0.077,0.118,0.091,0.236,4,-0.066,False,False,False,,True
held_up,3,local_tax_base AND NOT payroll_pit AND extracurricular,local_tax_base;payroll_pit;extracurricular,101,0.806,0.414,116,25,0.472,0.091,0.063,0.11,0.088,0.182,0.014,4,-0.066,False,False,False,,True
held_up,3,investment AND NOT social AND NOT extracurricular,investment;social;extracurricular,100,0.806,0.41,152,54,0.574,0.197,0.197,0.209,0.176,0.182,0.181,4,-0.066,False,False,False,,True
held_up,3,NOT single_tax AND investment AND contestation,single_tax;investment;contestation,011,0.806,0.406,134,37,0.544,0.135,0.094,0.176,0.088,0.273,0.111,4,-0.066,False,False,False,,True
held_up,3,local_tax_base AND investment AND NOT education,local_tax_base;investment;education,110,0.806,0.403,127,35,0.486,0.128,0.165,0.11,0.059,0.091,0.125,3,-0.066,False,False,False,,True
held_up,3,NOT property_tax AND social AND NOT culture,property_tax;social;culture,010,0.806,0.402,120,29,0.518,0.106,0.063,0.088,0.235,0.227,0.042,4,-0.066,False,False,False,,True
held_up,3,local_tax_base AND NOT property_tax AND NOT social,local_tax_base;property_tax;social,100,0.806,0.401,133,32,0.492,0.117,0.087,0.165,0.059,0.182,0.083,4,-0.066,False,False,False,,True
held_up,3,payroll_pit AND NOT investment AND balance,payroll_pit;investment;balance,101,0.806,0.399,114,11,0.268,0.04,0.047,0.044,0.029,0.0,0.069,3,-0.066,False,False,False,,True
held_up,3,autonomy AND NOT contestation AND small,autonomy;contestation;small,101,0.806,0.399,127,28,0.452,0.102,0.142,0.055,0.059,0.136,0.194,4,-0.066,False,False,False,,True
held_up,3,NOT property_tax AND NOT payroll_pit AND social,property_tax;payroll_pit;social,001,0.806,0.397,117,35,0.625,0.128,0.094,0.11,0.235,0.227,0.069,4,-0.066,False,False,False,,True
held_up,3,NOT local_tax_base AND social AND NOT education,local_tax_base;social;education,010,0.806,0.395,131,35,0.522,0.128,0.11,0.099,0.235,0.182,0.139,4,-0.066,False,False,False,,True
held_up,3,autonomy AND NOT social AND NOT small,autonomy;social;small,100,0.806,0.395,115,24,0.407,0.088,0.079,0.121,0.0,0.136,0.042,3,-0.066,False,False,False,,True
held_up,3,NOT autonomy AND NOT investment AND NOT small,autonomy;investment;small,000,0.806,0.394,125,33,0.516,0.12,0.047,0.187,0.206,0.136,0.014,3,-0.066,False,False,False,,True
held_up,3,local_tax_base AND NOT single_tax AND NOT investment,local_tax_base;single_tax;investment,100,0.806,0.393,117,34,0.548,0.124,0.079,0.187,0.206,0.0,0.069,3,-0.066,False,False,False,,True
held_up,3,local_tax_base AND investment AND NOT culture,local_tax_base;investment;culture,110,0.806,0.393,121,33,0.5,0.12,0.134,0.121,0.059,0.136,0.125,3,-0.066,False,False,False,,True
held_up,3,local_tax_base AND NOT culture AND extracurricular,local_tax_base;culture;extracurricular,101,0.806,0.393,92,15,0.375,0.055,0.031,0.077,0.029,0.136,0.014,4,-0.066,False,False,False,,True
held_up,3,NOT payroll_pit AND autonomy AND NOT culture,payroll_pit;autonomy;culture,010,0.806,0.392,94,25,0.543,0.091,0.079,0.077,0.059,0.273,0.056,4,-0.066,False,False,False,,True
held_up,3,autonomy AND social AND NOT culture,autonomy;social;culture,110,0.806,0.391,109,21,0.389,0.077,0.126,0.033,0.0,0.091,0.139,2,-0.066,False,False,False,,False
held_up,3,local_tax_base AND extracurricular AND small,local_tax_base;extracurricular;small,111,0.806,0.39,100,19,0.463,0.069,0.071,0.077,0.0,0.136,0.042,3,-0.066,False,False,False,,True
held_up,3,NOT local_tax_base AND NOT contestation AND balance,local_tax_base;contestation;balance,001,0.806,0.389,125,37,0.578,0.135,0.094,0.143,0.235,0.182,0.083,4,-0.066,False,False,False,,True
held_up,3,NOT property_tax AND NOT investment AND NOT extracurricular,property_tax;investment;extracurricular,000,0.806,0.389,118,36,0.59,0.131,0.142,0.132,0.147,0.045,0.167,3,-0.066,False,False,False,,True
held_up,3,NOT property_tax AND autonomy AND balance,property_tax;autonomy;balance,011,0.806,0.388,105,21,0.477,0.077,0.063,0.077,0.059,0.182,0.056,4,-0.066,False,False,False,,True
held_up,3,local_tax_base AND NOT single_tax AND balance,local_tax_base;single_tax;balance,101,0.806,0.385,109,34,0.548,0.124,0.094,0.121,0.294,0.045,0.111,3,-0.066,False,False,False,,True
held_up,3,NOT local_tax_base AND single_tax AND small,local_tax_base;single_tax;small,011,0.806,0.385,114,25,0.446,0.091,0.126,0.077,0.059,0.0,0.167,3,-0.066,False,False,False,,True
held_up,3,local_tax_base AND NOT education AND small,local_tax_base;education;small,101,0.806,0.385,103,36,0.529,0.131,0.142,0.143,0.059,0.136,0.153,3,-0.066,False,False,False,,True
held_up,3,investment AND NOT education AND NOT contestation,investment;education;contestation,100,0.806,0.384,120,36,0.474,0.131,0.134,0.099,0.206,0.136,0.111,4,-0.066,False,False,False,,True
held_up,3,NOT property_tax AND education AND NOT contestation,property_tax;education;contestation,010,0.806,0.382,108,25,0.403,0.091,0.134,0.055,0.029,0.091,0.167,3,-0.066,False,False,False,,True
held_up,3,NOT property_tax AND NOT single_tax AND small,property_tax;single_tax;small,001,0.806,0.381,102,29,0.439,0.106,0.126,0.099,0.088,0.045,0.139,3,-0.066,False,False,False,,True
held_up,3,NOT culture AND NOT education AND small,culture;education;small,001,0.806,0.381,93,29,0.5,0.106,0.087,0.143,0.118,0.045,0.083,3,-0.066,False,False,False,,True
held_up,3,NOT local_tax_base AND NOT extracurricular AND NOT contestation,local_tax_base;extracurricular;contestation,000,0.806,0.378,110,26,0.5,0.095,0.094,0.088,0.118,0.091,0.097,4,-0.066,False,False,False,,True
held_up,3,NOT property_tax AND culture AND NOT contestation,property_tax;culture;contestation,010,0.806,0.376,105,25,0.463,0.091,0.094,0.077,0.118,0.091,0.111,4,-0.066,False,False,False,,True
held_up,3,property_tax AND NOT payroll_pit AND NOT social,property_tax;payroll_pit;social,100,0.806,0.375,92,33,0.559,0.12,0.11,0.121,0.118,0.182,0.097,4,-0.066,False,False,False,,True
held_up,3,NOT payroll_pit AND social AND NOT contestation,payroll_pit;social;contestation,010,0.806,0.374,104,32,0.552,0.117,0.087,0.121,0.206,0.136,0.056,4,-0.066,False,False,False,,True
held_up,3,NOT local_tax_base AND NOT social AND balance,local_tax_base;social;balance,001,0.806,0.373,109,29,0.518,0.106,0.094,0.132,0.118,0.045,0.083,3,-0.066,False,False,False,,True
held_up,3,NOT local_tax_base AND NOT autonomy AND small,local_tax_base;autonomy;small,001,0.806,0.37,92,26,0.481,0.095,0.134,0.055,0.118,0.0,0.181,3,-0.066,False,False,False,,True
held_up,3,NOT property_tax AND autonomy AND NOT investment,property_tax;autonomy;investment,010,0.806,0.369,98,16,0.381,0.058,0.063,0.055,0.088,0.0,0.069,3,-0.066,False,False,False,,True
held_up,3,payroll_pit AND NOT social AND NOT extracurricular,payroll_pit;social;extracurricular,100,0.806,0.365,98,25,0.472,0.091,0.11,0.088,0.088,0.0,0.083,3,-0.066,False,False,False,,True
held_up,3,property_tax AND NOT social AND NOT education,property_tax;social;education,100,0.806,0.364,73,17,0.34,0.062,0.079,0.066,0.029,0.0,0.028,2,-0.066,False,False,False,,False
held_up,3,payroll_pit AND NOT social AND NOT contestation,payroll_pit;social;contestation,100,0.806,0.364,91,20,0.4,0.073,0.126,0.044,0.0,0.0,0.153,2,-0.066,False,False,False,,False
held_up,3,NOT local_tax_base AND NOT culture AND small,local_tax_base;culture;small,001,0.806,0.341,67,13,0.295,0.047,0.063,0.022,0.088,0.0,0.097,2,-0.066,False,False,False,,False
held_up,3,property_tax AND education AND balance,property_tax;education;balance,111,0.805,0.48,198,61,0.663,0.223,0.268,0.187,0.206,0.136,0.306,4,-0.067,False,False,False,,True
held_up,3,property_tax AND single_tax AND investment,property_tax;single_tax;investment,111,0.805,0.475,200,57,0.6,0.208,0.331,0.132,0.059,0.045,0.347,2,-0.067,False,False,False,,False
held_up,3,investment AND social AND extracurricular,investment;social;extracurricular,111,0.805,0.449,169,51,0.622,0.186,0.213,0.165,0.118,0.227,0.222,4,-0.067,False,False,False,,True
held_up,3,single_tax AND investment AND small,single_tax;investment;small,111,0.805,0.443,175,45,0.562,0.164,0.213,0.132,0.118,0.091,0.264,4,-0.067,False,False,False,,True
held_up,3,local_tax_base AND investment AND small,local_tax_base;investment;small,111,0.805,0.435,175,53,0.609,0.193,0.236,0.143,0.176,0.182,0.25,4,-0.067,False,False,False,,True
held_up,3,payroll_pit AND balance AND small,payroll_pit;balance;small,111,0.805,0.43,138,36,0.537,0.131,0.189,0.088,0.088,0.045,0.25,3,-0.067,False,False,False,,True
held_up,3,local_tax_base AND single_tax AND NOT investment,local_tax_base;single_tax;investment,110,0.805,0.42,159,31,0.449,0.113,0.102,0.088,0.088,0.318,0.083,4,-0.067,False,False,False,,True
held_up,3,payroll_pit AND NOT autonomy AND education,payroll_pit;autonomy;education,101,0.805,0.42,135,31,0.484,0.113,0.134,0.099,0.118,0.045,0.139,3,-0.067,False,False,False,,True
held_up,3,investment AND NOT extracurricular AND NOT contestation,investment;extracurricular;contestation,100,0.805,0.415,165,46,0.489,0.168,0.205,0.121,0.176,0.136,0.208,4,-0.067,False,False,False,,True
held_up,3,NOT autonomy AND culture AND NOT contestation,autonomy;culture;contestation,010,0.805,0.408,135,40,0.571,0.146,0.157,0.132,0.147,0.136,0.139,4,-0.067,False,False,False,,True
held_up,3,local_tax_base AND culture AND NOT balance,local_tax_base;culture;balance,110,0.805,0.406,134,26,0.448,0.095,0.094,0.088,0.059,0.182,0.042,4,-0.067,False,False,False,,True
held_up,3,NOT autonomy AND NOT social AND contestation,autonomy;social;contestation,001,0.805,0.406,140,41,0.547,0.15,0.102,0.231,0.118,0.136,0.097,4,-0.067,False,False,False,,True
held_up,3,NOT autonomy AND culture AND NOT extracurricular,autonomy;culture;extracurricular,010,0.805,0.406,134,43,0.597,0.157,0.181,0.132,0.176,0.091,0.153,4,-0.067,False,False,False,,True
held_up,3,culture AND extracurricular AND small,culture;extracurricular;small,111,0.805,0.406,110,25,0.51,0.091,0.126,0.077,0.029,0.045,0.153,2,-0.067,False,False,False,,False
held_up,3,NOT local_tax_base AND NOT property_tax AND culture,local_tax_base;property_tax;culture,001,0.805,0.405,123,34,0.54,0.124,0.142,0.121,0.088,0.091,0.194,4,-0.067,False,False,False,,True
held_up,3,autonomy AND NOT investment AND culture,autonomy;investment;culture,101,0.805,0.405,138,20,0.357,0.073,0.079,0.044,0.118,0.091,0.097,4,-0.067,False,False,False,,True
held_up,3,NOT payroll_pit AND NOT autonomy AND social,payroll_pit;autonomy;social,001,0.805,0.404,131,39,0.629,0.142,0.11,0.154,0.235,0.136,0.097,4,-0.067,False,False,False,,True
held_up,3,social AND NOT extracurricular AND NOT contestation,social;extracurricular;contestation,100,0.805,0.403,137,27,0.458,0.099,0.11,0.066,0.118,0.136,0.097,4,-0.067,False,False,False,,True
held_up,3,NOT local_tax_base AND NOT autonomy AND extracurricular,local_tax_base;autonomy;extracurricular,001,0.805,0.402,126,35,0.5,0.128,0.102,0.132,0.235,0.091,0.125,4,-0.067,False,False,False,,True
held_up,3,NOT property_tax AND social AND NOT education,property_tax;social;education,010,0.805,0.402,118,31,0.554,0.113,0.055,0.11,0.294,0.182,0.042,3,-0.067,False,False,False,,True
held_up,3,NOT autonomy AND investment AND NOT social,autonomy;investment;social,010,0.805,0.398,133,35,0.493,0.128,0.11,0.154,0.176,0.045,0.111,3,-0.067,False,False,False,,True
held_up,3,NOT single_tax AND investment AND balance,single_tax;investment;balance,011,0.805,0.394,119,35,0.479,0.128,0.094,0.099,0.265,0.227,0.125,4,-0.067,False,False,False,,True
held_up,3,NOT property_tax AND investment AND NOT balance,property_tax;investment;balance,010,0.805,0.393,142,43,0.581,0.157,0.118,0.209,0.118,0.227,0.097,4,-0.067,False,False,False,,True
held_up,3,NOT property_tax AND investment AND NOT contestation,property_tax;investment;contestation,010,0.805,0.392,135,37,0.474,0.135,0.118,0.121,0.206,0.182,0.083,4,-0.067,False,False,False,,True
held_up,3,NOT local_tax_base AND NOT autonomy AND NOT small,local_tax_base;autonomy;small,000,0.805,0.391,131,41,0.586,0.15,0.063,0.231,0.235,0.182,0.042,3,-0.067,False,False,False,,True
held_up,3,NOT single_tax AND autonomy AND investment,single_tax;autonomy;investment,011,0.805,0.391,116,32,0.451,0.117,0.087,0.121,0.059,0.364,0.097,4,-0.067,False,False,False,,True
held_up,3,investment AND NOT social AND balance,investment;social;balance,101,0.805,0.391,112,36,0.507,0.131,0.142,0.11,0.176,0.091,0.167,4,-0.067,False,False,False,,True
held_up,3,local_tax_base AND payroll_pit AND NOT balance,local_tax_base;payroll_pit;balance,110,0.805,0.384,122,19,0.388,0.069,0.071,0.077,0.059,0.045,0.042,4,-0.067,False,False,False,,True
held_up,3,NOT property_tax AND NOT culture AND small,property_tax;culture;small,001,0.805,0.384,108,31,0.449,0.113,0.118,0.099,0.118,0.136,0.153,4,-0.067,False,False,False,,True
held_up,3,payroll_pit AND NOT education AND balance,payroll_pit;education;balance,101,0.805,0.383,102,22,0.423,0.08,0.126,0.011,0.088,0.091,0.153,3,-0.067,False,False,False,,True
held_up,3,NOT autonomy AND NOT contestation AND NOT small,autonomy;contestation;small,000,0.805,0.376,126,29,0.468,0.106,0.024,0.187,0.176,0.136,0.014,3,-0.067,False,False,False,,True
held_up,3,NOT local_tax_base AND social AND NOT balance,local_tax_base;social;balance,010,0.805,0.373,106,27,0.519,0.099,0.126,0.088,0.059,0.045,0.153,3,-0.067,False,False,False,,True
held_up,3,education AND extracurricular AND NOT balance,education;extracurricular;balance,110,0.805,0.373,106,22,0.423,0.08,0.118,0.055,0.029,0.045,0.111,3,-0.067,False,False,False,,True
held_up,3,property_tax AND NOT social AND NOT contestation,property_tax;social;contestation,100,0.805,0.372,94,29,0.547,0.106,0.126,0.066,0.088,0.182,0.125,4,-0.067,False,False,False,,True
held_up,3,autonomy AND NOT social AND NOT contestation,autonomy;social;contestation,100,0.805,0.37,102,22,0.393,0.08,0.118,0.044,0.029,0.091,0.139,3,-0.067,False,False,False,,True
held_up,3,NOT single_tax AND payroll_pit AND NOT small,single_tax;payroll_pit;small,010,0.805,0.369,84,16,0.348,0.058,0.047,0.066,0.059,0.091,0.056,4,-0.067,False,False,False,,True
held_up,3,NOT payroll_pit AND social AND NOT balance,payroll_pit;social;balance,010,0.805,0.361,83,21,0.538,0.077,0.102,0.055,0.029,0.091,0.097,3,-0.067,False,False,False,,True
held_up,3,single_tax AND culture AND balance,single_tax;culture;balance,111,0.804,0.491,208,57,0.648,0.208,0.291,0.165,0.088,0.091,0.278,2,-0.068,False,False,False,,False
held_up,3,single_tax AND investment AND culture,single_tax;investment;culture,111,0.804,0.468,197,52,0.627,0.19,0.244,0.165,0.118,0.091,0.236,3,-0.068,False,False,False,,True
held_up,3,education AND balance AND small,education;balance;small,111,0.804,0.462,180,56,0.636,0.204,0.236,0.143,0.235,0.227,0.292,4,-0.068,False,False,False,,True
held_up,3,investment AND social AND culture,investment;social;culture,111,0.804,0.459,182,51,0.646,0.186,0.228,0.165,0.118,0.136,0.208,4,-0.068,False,False,False,,True
held_up,3,property_tax AND investment AND balance,property_tax;investment;balance,111,0.804,0.458,188,64,0.634,0.234,0.331,0.143,0.206,0.091,0.361,3,-0.068,False,False,False,,True
held_up,3,local_tax_base AND property_tax AND balance,local_tax_base;property_tax;balance,111,0.804,0.452,174,57,0.64,0.208,0.228,0.165,0.294,0.136,0.264,4,-0.068,False,False,False,,True
held_up,3,property_tax AND balance AND small,property_tax;balance;small,111,0.804,0.443,165,52,0.627,0.19,0.244,0.121,0.206,0.136,0.292,4,-0.068,False,False,False,,True
held_up,3,social AND culture AND NOT extracurricular,social;culture;extracurricular,110,0.804,0.433,166,44,0.629,0.161,0.197,0.121,0.147,0.136,0.208,4,-0.068,False,False,False,,True
held_up,3,NOT local_tax_base AND single_tax AND social,local_tax_base;single_tax;social,011,0.804,0.424,159,39,0.549,0.142,0.181,0.11,0.118,0.091,0.208,4,-0.068,False,False,False,,True
held_up,3,investment AND NOT education AND contestation,investment;education;contestation,101,0.804,0.424,153,46,0.554,0.168,0.165,0.198,0.029,0.273,0.181,3,-0.068,False,False,False,,True
held_up,3,NOT local_tax_base AND investment AND contestation,local_tax_base;investment;contestation,011,0.804,0.423,155,44,0.543,0.161,0.181,0.176,0.029,0.182,0.208,3,-0.068,False,False,False,,True
held_up,3,local_tax_base AND NOT payroll_pit AND NOT small,local_tax_base;payroll_pit;small,100,0.804,0.421,149,33,0.471,0.12,0.087,0.143,0.206,0.091,0.042,4,-0.068,False,False,False,,True
held_up,3,social AND education AND NOT extracurricular,social;education;extracurricular,110,0.804,0.421,165,36,0.514,0.131,0.165,0.11,0.088,0.091,0.153,4,-0.068,False,False,False,,True
held_up,3,local_tax_base AND NOT property_tax AND NOT autonomy,local_tax_base;property_tax;autonomy,100,0.804,0.419,146,33,0.452,0.12,0.11,0.132,0.118,0.136,0.097,4,-0.068,False,False,False,,True
held_up,3,NOT property_tax AND social AND NOT small,property_tax;social;small,010,0.804,0.415,145,39,0.574,0.142,0.071,0.143,0.324,0.273,0.042,3,-0.068,False,False,False,,True
held_up,3,property_tax AND autonomy AND NOT contestation,property_tax;autonomy;contestation,110,0.804,0.414,146,32,0.457,0.117,0.157,0.066,0.088,0.136,0.208,4,-0.068,False,False,False,,True
held_up,3,local_tax_base AND NOT property_tax AND NOT education,local_tax_base;property_tax;education,100,0.804,0.41,137,32,0.5,0.117,0.079,0.154,0.147,0.136,0.083,4,-0.068,False,False,False,,True
held_up,3,NOT social AND culture AND education,social;culture;education,011,0.804,0.408,132,41,0.594,0.15,0.173,0.099,0.206,0.136,0.222,4,-0.068,False,False,False,,True
held_up,3,NOT autonomy AND NOT investment AND balance,autonomy;investment;balance,001,0.804,0.401,127,37,0.569,0.135,0.079,0.187,0.206,0.136,0.056,4,-0.068,False,False,False,,True
held_up,3,NOT autonomy AND NOT investment AND social,autonomy;investment;social,001,0.804,0.398,115,29,0.527,0.106,0.071,0.132,0.206,0.045,0.083,3,-0.068,False,False,False,,True
held_up,3,single_tax AND NOT investment AND extracurricular,single_tax;investment;extracurricular,101,0.804,0.397,125,17,0.362,0.062,0.063,0.044,0.059,0.136,0.069,4,-0.068,False,False,False,,True
held_up,3,single_tax AND NOT investment AND NOT contestation,single_tax;investment;contestation,100,0.804,0.394,129,22,0.4,0.08,0.094,0.033,0.059,0.227,0.097,3,-0.068,False,False,False,,True
held_up,3,payroll_pit AND NOT investment AND contestation,payroll_pit;investment;contestation,101,0.804,0.394,131,21,0.368,0.077,0.071,0.088,0.088,0.045,0.097,4,-0.068,False,False,False,,True
held_up,3,NOT payroll_pit AND investment AND NOT contestation,payroll_pit;investment;contestation,010,0.804,0.392,139,43,0.531,0.157,0.15,0.143,0.235,0.136,0.125,4,-0.068,False,False,False,,True
held_up,3,NOT single_tax AND NOT contestation AND balance,single_tax;contestation;balance,001,0.804,0.389,131,41,0.526,0.15,0.087,0.165,0.353,0.136,0.083,4,-0.068,False,False,False,,True
held_up,3,NOT property_tax AND payroll_pit AND autonomy,property_tax;payroll_pit;autonomy,011,0.804,0.388,105,23,0.418,0.084,0.071,0.11,0.029,0.136,0.069,3,-0.068,False,False,False,,True
held_up,3,investment AND NOT social AND small,investment;social;small,101,0.804,0.387,120,42,0.575,0.153,0.181,0.11,0.206,0.091,0.222,4,-0.068,False,False,False,,True
held_up,3,NOT single_tax AND NOT contestation AND small,single_tax;contestation;small,001,0.804,0.383,105,31,0.443,0.113,0.173,0.044,0.118,0.045,0.167,2,-0.068,False,False,False,,False
held_up,3,autonomy AND NOT education AND NOT contestation,autonomy;education;contestation,100,0.804,0.38,112,27,0.443,0.099,0.118,0.055,0.147,0.091,0.083,4,-0.068,False,False,False,,True
held_up,3,NOT local_tax_base AND NOT payroll_pit AND contestation,local_tax_base;payroll_pit;contestation,001,0.804,0.378,103,29,0.569,0.106,0.079,0.143,0.059,0.182,0.083,4,-0.068,False,False,False,,True
held_up,3,NOT local_tax_base AND NOT property_tax AND small,local_tax_base;property_tax;small,001,0.804,0.375,91,27,0.458,0.099,0.142,0.055,0.118,0.0,0.222,3,-0.068,False,False,False,,True
held_up,3,NOT local_tax_base AND property_tax AND small,local_tax_base;property_tax;small,011,0.804,0.374,100,15,0.349,0.055,0.071,0.055,0.029,0.0,0.069,3,-0.068,False,False,False,,True
held_up,3,NOT property_tax AND social AND NOT contestation,property_tax;social;contestation,010,0.804,0.371,98,29,0.558,0.106,0.087,0.077,0.206,0.182,0.069,4,-0.068,False,False,False,,True
held_up,3,NOT local_tax_base AND autonomy AND small,local_tax_base;autonomy;small,011,0.804,0.366,99,16,0.333,0.058,0.079,0.055,0.029,0.0,0.111,2,-0.068,False,False,False,,False
held_up,3,NOT single_tax AND payroll_pit AND NOT culture,single_tax;payroll_pit;culture,010,0.804,0.363,72,15,0.349,0.055,0.055,0.055,0.059,0.045,0.069,4,-0.068,False,False,False,,True
held_up,3,NOT education AND NOT balance AND small,education;balance;small,001,0.804,0.36,89,27,0.474,0.099,0.079,0.132,0.059,0.136,0.069,4,-0.068,False,False,False,,True
held_up,3,NOT single_tax AND social AND NOT balance,single_tax;social;balance,010,0.804,0.359,92,22,0.478,0.08,0.094,0.088,0.029,0.045,0.069,3,-0.068,False,False,False,,True
held_up,3,NOT investment AND NOT balance AND NOT small,investment;balance;small,000,0.804,0.355,89,16,0.327,0.058,0.055,0.077,0.029,0.045,0.042,3,-0.068,False,False,False,,True
held_up,3,payroll_pit AND NOT investment AND NOT social,payroll_pit;investment;social,100,0.804,0.354,83,17,0.386,0.062,0.087,0.055,0.029,0.0,0.111,2,-0.068,False,False,False,,False
held_up,3,culture AND education AND balance,culture;education;balance,111,0.803,0.493,204,62,0.674,0.226,0.244,0.22,0.235,0.136,0.264,4,-0.069,False,False,False,,True
held_up,3,investment AND culture AND balance,investment;culture;balance,111,0.803,0.469,192,62,0.646,0.226,0.283,0.154,0.235,0.182,0.292,4,-0.069,False,False,False,,True
held_up,3,local_tax_base AND social AND culture,local_tax_base;social;culture,111,0.803,0.455,184,45,0.616,0.164,0.173,0.154,0.176,0.136,0.139,4,-0.069,False,False,False,,True
held_up,3,education AND extracurricular AND balance,education;extracurricular;balance,111,0.803,0.44,142,34,0.586,0.124,0.118,0.143,0.088,0.136,0.139,4,-0.069,False,False,False,,True
held_up,3,investment AND contestation AND NOT small,investment;contestation;small,110,0.803,0.439,160,47,0.58,0.172,0.189,0.187,0.029,0.227,0.181,3,-0.069,False,False,False,,True
held_up,3,NOT local_tax_base AND investment AND extracurricular,local_tax_base;investment;extracurricular,011,0.803,0.438,170,53,0.558,0.193,0.213,0.165,0.147,0.273,0.264,4,-0.069,False,False,False,,True
held_up,3,local_tax_base AND education AND NOT contestation,local_tax_base;education;contestation,110,0.803,0.431,168,42,0.545,0.153,0.157,0.132,0.147,0.227,0.153,4,-0.069,False,False,False,,True
held_up,3,property_tax AND autonomy AND NOT extracurricular,property_tax;autonomy;extracurricular,110,0.803,0.431,179,46,0.535,0.168,0.228,0.088,0.147,0.182,0.264,4,-0.069,False,False,False,,True
held_up,3,NOT local_tax_base AND culture AND balance,local_tax_base;culture;balance,011,0.803,0.429,152,37,0.561,0.135,0.157,0.132,0.088,0.091,0.153,4,-0.069,False,False,False,,True
held_up,3,local_tax_base AND NOT payroll_pit AND investment,local_tax_base;payroll_pit;investment,101,0.803,0.426,159,48,0.565,0.175,0.205,0.132,0.176,0.182,0.167,4,-0.069,False,False,False,,True
held_up,3,NOT payroll_pit AND NOT autonomy AND education,payroll_pit;autonomy;education,001,0.803,0.422,149,46,0.597,0.168,0.165,0.154,0.176,0.227,0.153,4,-0.069,False,False,False,,True
held_up,3,NOT investment AND culture AND extracurricular,investment;culture;extracurricular,011,0.803,0.409,128,21,0.368,0.077,0.071,0.088,0.088,0.045,0.097,4,-0.069,False,False,False,,True
held_up,3,NOT local_tax_base AND property_tax AND social,local_tax_base;property_tax;social,011,0.803,0.407,150,32,0.485,0.117,0.181,0.077,0.059,0.0,0.222,3,-0.069,False,False,False,,True
held_up,3,single_tax AND extracurricular AND small,single_tax;extracurricular;small,111,0.803,0.405,117,24,0.5,0.088,0.11,0.066,0.029,0.136,0.139,3,-0.069,False,False,False,,True
held_up,3,autonomy AND NOT investment AND social,autonomy;investment;social,101,0.803,0.405,138,18,0.383,0.066,0.071,0.033,0.118,0.091,0.056,4,-0.069,False,False,False,,True
held_up,3,autonomy AND NOT investment AND contestation,autonomy;investment;contestation,101,0.803,0.398,125,21,0.404,0.077,0.079,0.088,0.059,0.045,0.111,4,-0.069,False,False,False,,True
held_up,3,NOT autonomy AND extracurricular AND NOT contestation,autonomy;extracurricular;contestation,010,0.803,0.394,121,30,0.476,0.109,0.063,0.154,0.176,0.091,0.069,4,-0.069,False,False,False,,True
held_up,3,autonomy AND NOT social AND extracurricular,autonomy;social;extracurricular,101,0.803,0.393,115,21,0.328,0.077,0.087,0.088,0.0,0.091,0.083,3,-0.069,False,False,False,,True
held_up,3,property_tax AND NOT social AND education,property_tax;social;education,101,0.803,0.392,118,36,0.6,0.131,0.142,0.088,0.176,0.182,0.167,4,-0.069,False,False,False,,True
held_up,3,social AND education AND NOT balance,social;education;balance,110,0.803,0.392,139,25,0.41,0.091,0.134,0.066,0.059,0.0,0.125,3,-0.069,False,False,False,,True
held_up,3,NOT social AND contestation AND balance,social;contestation;balance,011,0.803,0.392,116,31,0.484,0.113,0.094,0.121,0.147,0.136,0.083,4,-0.069,False,False,False,,True
held_up,3,payroll_pit AND NOT culture AND extracurricular,payroll_pit;culture;extracurricular,101,0.803,0.391,113,27,0.422,0.099,0.126,0.088,0.059,0.045,0.153,3,-0.069,False,False,False,,True
held_up,3,NOT social AND education AND NOT extracurricular,social;education;extracurricular,010,0.803,0.39,134,42,0.583,0.153,0.173,0.11,0.206,0.136,0.208,4,-0.069,False,False,False,,True
held_up,3,contestation AND NOT balance AND NOT small,contestation;balance;small,100,0.803,0.39,125,40,0.556,0.146,0.126,0.198,0.059,0.182,0.111,3,-0.069,False,False,False,,True
held_up,3,NOT payroll_pit AND NOT contestation AND balance,payroll_pit;contestation;balance,001,0.803,0.389,139,48,0.578,0.175,0.118,0.198,0.324,0.182,0.125,4,-0.069,False,False,False,,True
held_up,3,property_tax AND NOT single_tax AND NOT payroll_pit,property_tax;single_tax;payroll_pit,100,0.803,0.388,99,32,0.508,0.117,0.094,0.121,0.235,0.045,0.056,3,-0.069,False,False,False,,True
held_up,3,NOT property_tax AND NOT extracurricular AND small,property_tax;extracurricular;small,001,0.803,0.388,120,39,0.534,0.142,0.157,0.154,0.118,0.045,0.194,3,-0.069,False,False,False,,True
held_up,3,property_tax AND NOT investment AND extracurricular,property_tax;investment;extracurricular,101,0.803,0.385,110,17,0.354,0.062,0.055,0.077,0.059,0.045,0.056,4,-0.069,False,False,False,,True
held_up,3,NOT education AND NOT contestation AND balance,education;contestation;balance,001,0.803,0.382,127,37,0.514,0.135,0.118,0.132,0.235,0.091,0.111,4,-0.069,False,False,False,,True
held_up,3,payroll_pit AND social AND NOT culture,payroll_pit;social;culture,110,0.803,0.378,103,18,0.34,0.066,0.094,0.033,0.088,0.0,0.125,3,-0.069,False,False,False,,True
held_up,3,NOT autonomy AND social AND NOT balance,autonomy;social;balance,010,0.803,0.377,111,24,0.48,0.088,0.102,0.088,0.088,0.0,0.125,3,-0.069,False,False,False,,True
held_up,3,NOT property_tax AND NOT investment AND small,property_tax;investment;small,001,0.803,0.376,105,30,0.476,0.109,0.15,0.088,0.059,0.045,0.208,3,-0.069,False,False,False,,True
held_up,3,NOT local_tax_base AND social AND small,local_tax_base;social;small,011,0.803,0.374,107,20,0.435,0.073,0.102,0.066,0.029,0.0,0.125,2,-0.069,False,False,False,,False
held_up,3,property_tax AND NOT social AND NOT culture,property_tax;social;culture,100,0.803,0.372,84,22,0.458,0.08,0.079,0.11,0.029,0.045,0.056,3,-0.069,False,False,False,,True
held_up,3,NOT investment AND social AND NOT culture,investment;social;culture,010,0.803,0.371,90,12,0.343,0.044,0.024,0.033,0.147,0.045,0.014,4,-0.069,False,False,False,,True
held_up,3,NOT single_tax AND payroll_pit AND NOT education,single_tax;payroll_pit;education,010,0.803,0.37,75,16,0.356,0.058,0.055,0.055,0.059,0.091,0.069,4,-0.069,False,False,False,,True
held_up,3,extracurricular AND NOT contestation AND NOT balance,extracurricular;contestation;balance,100,0.803,0.369,101,22,0.393,0.08,0.102,0.066,0.059,0.045,0.097,4,-0.069,False,False,False,,True
held_up,3,autonomy AND NOT social AND small,autonomy;social;small,101,0.803,0.368,103,32,0.5,0.117,0.142,0.077,0.118,0.136,0.181,4,-0.069,False,False,False,,True
held_up,3,property_tax AND NOT culture AND NOT balance,property_tax;culture;balance,100,0.803,0.359,95,21,0.412,0.077,0.102,0.077,0.029,0.0,0.097,2,-0.069,False,False,False,,False
held_up,3,property_tax AND investment AND education,property_tax;investment;education,111,0.802,0.46,198,56,0.615,0.204,0.268,0.154,0.176,0.091,0.278,3,-0.07,False,False,False,,True
held_up,3,investment AND extracurricular AND contestation,investment;extracurricular;contestation,111,0.802,0.444,165,41,0.526,0.15,0.181,0.143,0.029,0.182,0.194,3,-0.07,False,False,False,,True
held_up,3,social AND balance AND NOT small,social;balance;small,110,0.802,0.441,188,50,0.602,0.182,0.142,0.154,0.382,0.227,0.125,4,-0.07,False,False,False,,True
held_up,3,NOT property_tax AND investment AND NOT small,property_tax;investment;small,010,0.802,0.432,175,49,0.57,0.179,0.087,0.253,0.176,0.409,0.042,3,-0.07,False,False,False,,True
held_up,3,property_tax AND social AND NOT extracurricular,property_tax;social;extracurricular,110,0.802,0.427,174,41,0.519,0.15,0.189,0.11,0.118,0.136,0.194,4,-0.07,False,False,False,,True
held_up,3,local_tax_base AND payroll_pit AND social,local_tax_base;payroll_pit;social,111,0.802,0.425,150,27,0.474,0.099,0.118,0.099,0.029,0.091,0.139,3,-0.07,False,False,False,,True
held_up,3,property_tax AND NOT autonomy AND education,property_tax;autonomy;education,101,0.802,0.425,154,40,0.571,0.146,0.126,0.154,0.206,0.136,0.097,4,-0.07,False,False,False,,True
held_up,3,NOT investment AND social AND balance,investment;social;balance,011,0.802,0.419,146,28,0.491,0.102,0.055,0.121,0.265,0.045,0.056,3,-0.07,False,False,False,,True
held_up,3,investment AND NOT education AND extracurricular,investment;education;extracurricular,101,0.802,0.419,137,38,0.507,0.139,0.134,0.132,0.118,0.227,0.167,4,-0.07,False,False,False,,True
held_up,3,NOT autonomy AND social AND education,autonomy;social;education,011,0.802,0.418,147,39,0.557,0.142,0.165,0.121,0.118,0.136,0.153,4,-0.07,False,False,False,,True
held_up,3,NOT property_tax AND social AND extracurricular,property_tax;social;extracurricular,011,0.802,0.415,127,32,0.5,0.117,0.087,0.11,0.176,0.227,0.056,4,-0.07,False,False,False,,True
held_up,3,social AND NOT culture AND NOT small,social;culture;small,100,0.802,0.414,144,37,0.529,0.135,0.118,0.11,0.235,0.182,0.125,4,-0.07,False,False,False,,True
held_up,3,NOT property_tax AND investment AND NOT social,property_tax;investment;social,010,0.802,0.411,156,42,0.5,0.153,0.11,0.209,0.118,0.227,0.097,4,-0.07,False,False,False,,True
held_up,3,NOT single_tax AND NOT payroll_pit AND social,single_tax;payroll_pit;social,001,0.802,0.407,131,42,0.627,0.153,0.11,0.143,0.353,0.136,0.069,4,-0.07,False,False,False,,True
held_up,3,NOT single_tax AND investment AND extracurricular,single_tax;investment;extracurricular,011,0.802,0.407,127,31,0.484,0.113,0.079,0.11,0.176,0.227,0.056,4,-0.07,False,False,False,,True
held_up,3,NOT local_tax_base AND property_tax AND culture,local_tax_base;property_tax;culture,011,0.802,0.405,132,27,0.491,0.099,0.142,0.077,0.059,0.0,0.139,3,-0.07,False,False,False,,True
held_up,3,local_tax_base AND NOT autonomy AND NOT education,local_tax_base;autonomy;education,100,0.802,0.405,136,34,0.472,0.124,0.094,0.176,0.147,0.045,0.083,3,-0.07,False,False,False,,True
held_up,3,NOT local_tax_base AND property_tax AND education,local_tax_base;property_tax;education,011,0.802,0.404,125,26,0.473,0.095,0.134,0.088,0.029,0.0,0.125,2,-0.07,False,False,False,,False
held_up,3,autonomy AND NOT extracurricular AND NOT balance,autonomy;extracurricular;balance,100,0.802,0.402,140,32,0.5,0.117,0.11,0.121,0.059,0.227,0.083,4,-0.07,False,False,False,,True
held_up,3,NOT local_tax_base AND NOT investment AND culture,local_tax_base;investment;culture,001,0.802,0.395,123,22,0.407,0.08,0.11,0.066,0.059,0.0,0.153,3,-0.07,False,False,False,,True
held_up,3,NOT autonomy AND NOT culture AND balance,autonomy;culture;balance,001,0.802,0.395,129,39,0.565,0.142,0.063,0.176,0.294,0.227,0.056,3,-0.07,False,False,False,,True
held_up,3,NOT autonomy AND NOT education AND NOT extracurricular,autonomy;education;extracurricular,000,0.802,0.395,133,40,0.519,0.146,0.102,0.22,0.176,0.045,0.083,3,-0.07,False,False,False,,True
held_up,3,NOT property_tax AND contestation AND NOT balance,property_tax;contestation;balance,010,0.802,0.394,138,45,0.592,0.164,0.118,0.253,0.059,0.227,0.125,3,-0.07,False,False,False,,True
held_up,3,NOT autonomy AND NOT social AND balance,autonomy;social;balance,001,0.802,0.39,124,36,0.537,0.131,0.094,0.176,0.176,0.091,0.097,4,-0.07,False,False,False,,True
held_up,3,payroll_pit AND NOT education AND extracurricular,payroll_pit;education;extracurricular,101,0.802,0.389,115,24,0.387,0.088,0.102,0.077,0.059,0.091,0.139,4,-0.07,False,False,False,,True
held_up,3,local_tax_base AND NOT single_tax AND NOT contestation,local_tax_base;single_tax;contestation,100,0.802,0.388,122,32,0.457,0.117,0.118,0.121,0.147,0.045,0.069,3,-0.07,False,False,False,,True
held_up,3,property_tax AND autonomy AND NOT culture,property_tax;autonomy;culture,110,0.802,0.386,106,26,0.419,0.095,0.157,0.044,0.029,0.045,0.181,1,-0.07,False,False,False,,False
held_up,3,property_tax AND autonomy AND NOT social,property_tax;autonomy;social,110,0.802,0.385,102,31,0.484,0.113,0.165,0.055,0.088,0.091,0.167,3,-0.07,False,False,False,,True
held_up,3,NOT property_tax AND autonomy AND NOT social,property_tax;autonomy;social,010,0.802,0.385,116,25,0.424,0.091,0.055,0.143,0.029,0.182,0.056,3,-0.07,False,False,False,,True
held_up,3,payroll_pit AND NOT culture AND NOT education,payroll_pit;culture;education,100,0.802,0.383,105,27,0.429,0.099,0.11,0.11,0.059,0.045,0.111,3,-0.07,False,False,False,,True
held_up,3,NOT property_tax AND NOT investment AND social,property_tax;investment;social,001,0.802,0.38,105,21,0.457,0.077,0.079,0.044,0.176,0.045,0.069,4,-0.07,False,False,False,,True
held_up,3,property_tax AND NOT autonomy AND NOT balance,property_tax;autonomy;balance,100,0.802,0.376,109,23,0.451,0.084,0.063,0.099,0.118,0.091,0.042,4,-0.07,False,False,False,,True
held_up,3,local_tax_base AND NOT property_tax AND NOT contestation,local_tax_base;property_tax;contestation,100,0.802,0.375,100,16,0.34,0.058,0.071,0.055,0.059,0.0,0.056,3,-0.07,False,False,False,,True
held_up,3,NOT local_tax_base AND NOT autonomy AND NOT education,local_tax_base;autonomy;education,000,0.802,0.375,116,35,0.53,0.128,0.055,0.187,0.235,0.136,0.042,3,-0.07,False,False,False,,True
held_up,3,autonomy AND NOT contestation AND NOT balance,autonomy;contestation;balance,100,0.802,0.372,121,16,0.291,0.058,0.079,0.033,0.059,0.045,0.056,4,-0.07,False,False,False,,True
held_up,3,NOT investment AND NOT social AND culture,investment;social;culture,001,0.802,0.37,102,22,0.4,0.08,0.102,0.055,0.059,0.091,0.125,4,-0.07,False,False,False,,True
held_up,3,NOT autonomy AND NOT balance AND NOT small,autonomy;balance;small,000,0.802,0.369,117,27,0.466,0.099,0.055,0.165,0.088,0.091,0.056,4,-0.07,False,False,False,,True
held_up,3,NOT local_tax_base AND NOT single_tax AND education,local_tax_base;single_tax;education,001,0.802,0.368,90,18,0.409,0.066,0.102,0.044,0.029,0.0,0.139,2,-0.07,False,False,False,,False
held_up,3,NOT investment AND NOT contestation AND NOT small,investment;contestation;small,000,0.802,0.367,118,16,0.327,0.058,0.016,0.099,0.118,0.045,0.0,3,-0.07,False,False,False,,True
held_up,3,NOT local_tax_base AND NOT social AND small,local_tax_base;social;small,001,0.802,0.351,84,22,0.393,0.08,0.11,0.044,0.118,0.0,0.167,3,-0.07,False,False,False,,True
held_up,3,single_tax AND NOT autonomy AND education,single_tax;autonomy;education,101,0.801,0.441,175,42,0.532,0.153,0.134,0.143,0.176,0.273,0.139,4,-0.071,False,False,False,,True
held_up,3,local_tax_base AND education AND NOT extracurricular,local_tax_base;education;extracurricular,110,0.801,0.434,187,50,0.562,0.182,0.213,0.11,0.265,0.182,0.222,4,-0.071,False,False,False,,True
held_up,3,social AND contestation AND NOT small,social;contestation;small,110,0.801,0.434,163,40,0.556,0.146,0.165,0.121,0.176,0.091,0.167,4,-0.071,False,False,False,,True
held_up,3,single_tax AND social AND NOT contestation,single_tax;social;contestation,110,0.801,0.423,157,29,0.483,0.106,0.118,0.088,0.059,0.182,0.139,4,-0.071,False,False,False,,True
held_up,3,payroll_pit AND social AND NOT small,payroll_pit;social;small,110,0.801,0.422,162,34,0.479,0.124,0.157,0.088,0.118,0.091,0.181,4,-0.071,False,False,False,,True
held_up,3,property_tax AND social AND NOT contestation,property_tax;social;contestation,110,0.801,0.418,161,33,0.478,0.12,0.126,0.121,0.118,0.091,0.125,4,-0.071,False,False,False,,True
held_up,3,single_tax AND NOT investment AND social,single_tax;investment;social,101,0.801,0.417,156,26,0.456,0.095,0.094,0.077,0.118,0.136,0.097,4,-0.071,False,False,False,,True
held_up,3,payroll_pit AND contestation AND NOT small,payroll_pit;contestation;small,110,0.801,0.413,148,34,0.472,0.124,0.157,0.132,0.029,0.045,0.167,2,-0.071,False,False,False,,False
held_up,3,autonomy AND social AND small,autonomy;social;small,111,0.801,0.413,145,25,0.455,0.091,0.118,0.077,0.029,0.091,0.153,3,-0.071,False,False,False,,True
held_up,3,NOT payroll_pit AND investment AND NOT small,payroll_pit;investment;small,010,0.801,0.411,153,41,0.539,0.15,0.094,0.198,0.147,0.273,0.069,4,-0.071,False,False,False,,True
held_up,3,NOT local_tax_base AND NOT property_tax AND education,local_tax_base;property_tax;education,001,0.801,0.4,124,35,0.507,0.128,0.165,0.099,0.088,0.091,0.222,4,-0.071,False,False,False,,True
held_up,3,NOT property_tax AND NOT single_tax AND social,property_tax;single_tax;social,001,0.801,0.399,123,32,0.542,0.117,0.079,0.11,0.235,0.182,0.042,4,-0.071,False,False,False,,True
held_up,3,payroll_pit AND NOT autonomy AND small,payroll_pit;autonomy;small,101,0.801,0.397,119,28,0.475,0.102,0.118,0.088,0.118,0.045,0.139,3,-0.071,False,False,False,,True
held_up,3,payroll_pit AND extracurricular AND small,payroll_pit;extracurricular;small,111,0.801,0.397,110,25,0.5,0.091,0.134,0.066,0.059,0.0,0.181,3,-0.071,False,False,False,,True
held_up,3,investment AND NOT social AND NOT balance,investment;social;balance,100,0.801,0.397,138,39,0.542,0.142,0.126,0.187,0.059,0.182,0.083,3,-0.071,False,False,False,,True
held_up,3,local_tax_base AND NOT culture AND small,local_tax_base;culture;small,101,0.801,0.395,130,39,0.565,0.142,0.142,0.154,0.088,0.182,0.139,4,-0.071,False,False,False,,True
held_up,3,property_tax AND NOT culture AND NOT education,property_tax;culture;education,100,0.801,0.389,102,23,0.39,0.084,0.11,0.088,0.029,0.0,0.111,2,-0.071,False,False,False,,False
held_up,3,property_tax AND NOT social AND culture,property_tax;social;culture,101,0.801,0.384,107,31,0.5,0.113,0.142,0.044,0.176,0.136,0.139,3,-0.071,False,False,False,,True
held_up,3,NOT social AND extracurricular AND NOT contestation,social;extracurricular;contestation,010,0.801,0.382,110,20,0.351,0.073,0.071,0.088,0.059,0.045,0.069,4,-0.071,False,False,False,,True
held_up,3,NOT social AND culture AND NOT contestation,social;culture;contestation,010,0.801,0.379,114,33,0.493,0.12,0.15,0.077,0.118,0.136,0.167,4,-0.071,False,False,False,,True
held_up,3,NOT single_tax AND NOT investment AND small,single_tax;investment;small,001,0.801,0.375,101,28,0.467,0.102,0.11,0.11,0.118,0.0,0.139,3,-0.071,False,False,False,,True
held_up,3,social AND NOT culture AND NOT balance,social;culture;balance,100,0.801,0.361,95,18,0.391,0.066,0.079,0.055,0.059,0.045,0.097,4,-0.071,False,False,False,,True
held_up,3,culture AND education AND contestation,culture;education;contestation,111,0.8,0.453,180,46,0.622,0.168,0.213,0.165,0.118,0.0,0.208,3,-0.072,False,False,False,,True
held_up,3,payroll_pit AND investment AND contestation,payroll_pit;investment;contestation,111,0.8,0.442,169,47,0.547,0.172,0.228,0.154,0.088,0.045,0.222,3,-0.072,False,False,False,,True
held_up,3,autonomy AND investment AND culture,autonomy;investment;culture,111,0.8,0.442,173,50,0.617,0.182,0.228,0.143,0.147,0.136,0.25,4,-0.072,False,False,False,,True
held_up,3,local_tax_base AND NOT autonomy AND education,local_tax_base;autonomy;education,101,0.8,0.441,177,45,0.542,0.164,0.157,0.154,0.176,0.227,0.111,4,-0.072,False,False,False,,True
held_up,3,local_tax_base AND property_tax AND NOT payroll_pit,local_tax_base;property_tax;payroll_pit,110,0.8,0.43,151,56,0.615,0.204,0.189,0.198,0.265,0.227,0.153,4,-0.072,False,False,False,,True
held_up,3,local_tax_base AND single_tax AND NOT contestation,local_tax_base;single_tax;contestation,110,0.8,0.428,165,34,0.472,0.124,0.15,0.088,0.059,0.227,0.181,3,-0.072,False,False,False,,True
held_up,3,NOT local_tax_base AND culture AND extracurricular,local_tax_base;culture;extracurricular,011,0.8,0.423,145,33,0.471,0.12,0.157,0.088,0.088,0.091,0.208,4,-0.072,False,False,False,,True
held_up,3,NOT autonomy AND education AND NOT extracurricular,autonomy;education;extracurricular,010,0.8,0.422,166,49,0.557,0.179,0.197,0.154,0.206,0.136,0.181,4,-0.072,False,False,False,,True
held_up,3,local_tax_base AND NOT education AND NOT small,local_tax_base;education;small,100,0.8,0.418,148,31,0.443,0.113,0.094,0.121,0.176,0.091,0.042,4,-0.072,False,False,False,,True
held_up,3,investment AND NOT culture AND contestation,investment;culture;contestation,101,0.8,0.418,152,46,0.541,0.168,0.142,0.209,0.059,0.318,0.153,3,-0.072,False,False,False,,True
held_up,3,single_tax AND NOT extracurricular AND NOT contestation,single_tax;extracurricular;contestation,100,0.8,0.414,163,38,0.494,0.139,0.165,0.088,0.118,0.227,0.181,4,-0.072,False,False,False,,True
held_up,3,social AND NOT culture AND extracurricular,social;culture;extracurricular,101,0.8,0.411,130,30,0.476,0.109,0.118,0.077,0.147,0.136,0.139,4,-0.072,False,False,False,,True
held_up,3,NOT property_tax AND NOT autonomy AND balance,property_tax;autonomy;balance,001,0.8,0.409,148,43,0.551,0.157,0.079,0.187,0.324,0.227,0.069,4,-0.072,False,False,False,,True
held_up,3,autonomy AND culture AND NOT contestation,autonomy;culture;contestation,110,0.8,0.409,155,33,0.452,0.12,0.118,0.088,0.176,0.182,0.153,4,-0.072,False,False,False,,True
held_up,3,NOT single_tax AND social AND extracurricular,single_tax;social;extracurricular,011,0.8,0.406,127,34,0.5,0.124,0.087,0.132,0.235,0.136,0.056,4,-0.072,False,False,False,,True
held_up,3,NOT payroll_pit AND NOT investment AND NOT extracurricular,payroll_pit;investment;extracurricular,000,0.8,0.406,136,45,0.634,0.164,0.134,0.176,0.235,0.182,0.139,4,-0.072,False,False,False,,True
held_up,3,NOT local_tax_base AND investment AND NOT education,local_tax_base;investment;education,010,0.8,0.403,146,47,0.54,0.172,0.134,0.187,0.176,0.318,0.167,4,-0.072,False,False,False,,True
held_up,3,autonomy AND NOT investment AND balance,autonomy;investment;balance,101,0.8,0.402,129,19,0.413,0.069,0.063,0.055,0.147,0.045,0.097,4,-0.072,False,False,False,,True
held_up,3,local_tax_base AND property_tax AND NOT education,local_tax_base;property_tax;education,110,0.8,0.398,114,35,0.473,0.128,0.157,0.11,0.088,0.091,0.111,4,-0.072,False,False,False,,True
held_up,3,NOT payroll_pit AND NOT culture AND small,payroll_pit;culture;small,001,0.8,0.398,129,40,0.548,0.146,0.142,0.154,0.118,0.182,0.153,4,-0.072,False,False,False,,True
held_up,3,NOT social AND contestation AND NOT balance,social;contestation;balance,010,0.8,0.395,140,44,0.564,0.161,0.11,0.264,0.059,0.182,0.097,3,-0.072,False,False,False,,True
held_up,3,local_tax_base AND property_tax AND NOT single_tax,local_tax_base;property_tax;single_tax,110,0.8,0.393,117,39,0.513,0.142,0.118,0.165,0.235,0.045,0.097,3,-0.072,False,False,False,,True
held_up,3,NOT social AND education AND NOT contestation,social;education;contestation,010,0.8,0.392,131,40,0.541,0.146,0.181,0.099,0.118,0.182,0.222,4,-0.072,False,False,False,,True
held_up,3,local_tax_base AND NOT education AND balance,local_tax_base;education;balance,101,0.8,0.391,117,29,0.453,0.106,0.11,0.099,0.147,0.045,0.111,3,-0.072,False,False,False,,True
held_up,3,NOT property_tax AND NOT payroll_pit AND small,property_tax;payroll_pit;small,001,0.8,0.391,118,35,0.486,0.128,0.15,0.099,0.118,0.136,0.167,4,-0.072,False,False,False,,True
held_up,3,NOT autonomy AND social AND NOT contestation,autonomy;social;contestation,010,0.8,0.391,121,31,0.517,0.113,0.094,0.121,0.147,0.136,0.083,4,-0.072,False,False,False,,True
held_up,3,investment AND NOT social AND NOT contestation,investment;social;contestation,100,0.8,0.391,133,37,0.487,0.135,0.15,0.121,0.147,0.091,0.153,4,-0.072,False,False,False,,True
held_up,3,property_tax AND NOT investment AND NOT extracurricular,property_tax;investment;extracurricular,100,0.8,0.389,135,29,0.492,0.106,0.071,0.11,0.176,0.182,0.056,4,-0.072,False,False,False,,True
held_up,3,property_tax AND NOT social AND NOT extracurricular,property_tax;social;extracurricular,100,0.8,0.387,126,41,0.577,0.15,0.165,0.11,0.206,0.136,0.153,4,-0.072,False,False,False,,True
held_up,3,autonomy AND NOT culture AND balance,autonomy;culture;balance,101,0.8,0.386,108,22,0.4,0.08,0.102,0.055,0.029,0.136,0.125,3,-0.072,False,False,False,,True
held_up,3,NOT local_tax_base AND social AND NOT contestation,local_tax_base;social;contestation,010,0.8,0.385,123,36,0.581,0.131,0.118,0.099,0.235,0.182,0.111,4,-0.072,False,False,False,,True
held_up,3,NOT culture AND extracurricular AND NOT contestation,culture;extracurricular;contestation,010,0.8,0.385,111,25,0.424,0.091,0.087,0.088,0.147,0.045,0.069,3,-0.072,False,False,False,,True
held_up,3,NOT payroll_pit AND NOT education AND small,payroll_pit;education;small,001,0.8,0.383,100,33,0.524,0.12,0.11,0.143,0.118,0.091,0.111,4,-0.072,False,False,False,,True
held_up,3,NOT local_tax_base AND contestation AND NOT balance,local_tax_base;contestation;balance,010,0.8,0.382,120,34,0.507,0.124,0.11,0.187,0.0,0.136,0.139,3,-0.072,False,False,False,,True
held_up,3,payroll_pit AND NOT culture AND contestation,payroll_pit;culture;contestation,101,0.8,0.382,115,26,0.382,0.095,0.094,0.11,0.088,0.045,0.097,3,-0.072,False,False,False,,True
held_up,3,property_tax AND NOT single_tax AND autonomy,property_tax;single_tax;autonomy,101,0.8,0.375,95,21,0.389,0.077,0.079,0.055,0.147,0.045,0.111,4,-0.072,False,False,False,,True
held_up,3,NOT local_tax_base AND NOT extracurricular AND NOT balance,local_tax_base;extracurricular;balance,000,0.8,0.374,112,26,0.441,0.095,0.087,0.121,0.059,0.091,0.111,4,-0.072,False,False,False,,True
held_up,3,NOT investment AND extracurricular AND small,investment;extracurricular;small,011,0.8,0.374,88,15,0.333,0.055,0.071,0.033,0.029,0.091,0.097,4,-0.072,False,False,False,,True
held_up,3,NOT single_tax AND autonomy AND NOT investment,single_tax;autonomy;investment,010,0.8,0.368,97,16,0.356,0.058,0.055,0.033,0.176,0.0,0.056,3,-0.072,False,False,False,,True
held_up,3,payroll_pit AND NOT culture AND NOT balance,payroll_pit;culture;balance,100,0.8,0.35,90,22,0.4,0.08,0.094,0.099,0.029,0.0,0.097,2,-0.072,False,False,False,,False
held_up,3,property_tax AND social AND balance,property_tax;social;balance,111,0.799,0.478,215,57,0.613,0.208,0.268,0.176,0.176,0.045,0.278,3,-0.073,False,False,False,,True
held_up,3,social AND education AND balance,social;education;balance,111,0.799,0.477,191,47,0.618,0.172,0.173,0.187,0.118,0.182,0.153,4,-0.073,False,False,False,,True
held_up,3,property_tax AND single_tax AND contestation,property_tax;single_tax;contestation,111,0.799,0.461,199,49,0.544,0.179,0.252,0.132,0.118,0.045,0.222,3,-0.073,False,False,False,,True
held_up,3,autonomy AND investment AND contestation,autonomy;investment;contestation,111,0.799,0.458,183,54,0.562,0.197,0.236,0.176,0.059,0.273,0.222,3,-0.073,False,False,False,,True
held_up,3,autonomy AND investment AND NOT small,autonomy;investment;small,110,0.799,0.441,168,57,0.6,0.208,0.244,0.176,0.088,0.318,0.208,3,-0.073,False,False,False,,True
held_up,3,payroll_pit AND investment AND extracurricular,payroll_pit;investment;extracurricular,111,0.799,0.436,158,45,0.549,0.164,0.205,0.143,0.088,0.136,0.236,4,-0.073,False,False,False,,True
held_up,3,NOT local_tax_base AND investment AND NOT small,local_tax_base;investment;small,010,0.799,0.433,183,63,0.624,0.23,0.197,0.264,0.176,0.364,0.194,4,-0.073,False,False,False,,True
held_up,3,NOT payroll_pit AND NOT autonomy AND contestation,payroll_pit;autonomy;contestation,001,0.799,0.429,175,54,0.621,0.197,0.142,0.275,0.206,0.182,0.139,4,-0.073,False,False,False,,True
held_up,3,NOT local_tax_base AND NOT property_tax AND investment,local_tax_base;property_tax;investment,001,0.799,0.427,158,54,0.587,0.197,0.118,0.264,0.206,0.364,0.111,4,-0.073,False,False,False,,True
held_up,3,NOT local_tax_base AND single_tax AND culture,local_tax_base;single_tax;culture,011,0.799,0.426,159,41,0.562,0.15,0.197,0.132,0.088,0.045,0.208,3,-0.073,False,False,False,,True
held_up,3,payroll_pit AND social AND NOT extracurricular,payroll_pit;social;extracurricular,110,0.799,0.419,158,31,0.47,0.113,0.15,0.077,0.088,0.091,0.167,4,-0.073,False,False,False,,True
held_up,3,NOT payroll_pit AND NOT extracurricular AND small,payroll_pit;extracurricular;small,001,0.799,0.419,163,65,0.657,0.237,0.244,0.209,0.294,0.227,0.264,4,-0.073,False,False,False,,True
held_up,3,social AND NOT education AND extracurricular,social;education;extracurricular,101,0.799,0.417,144,36,0.5,0.131,0.126,0.11,0.206,0.136,0.139,4,-0.073,False,False,False,,True
held_up,3,investment AND NOT culture AND extracurricular,investment;culture;extracurricular,101,0.799,0.414,136,36,0.493,0.131,0.118,0.132,0.118,0.227,0.139,4,-0.073,False,False,False,,True
held_up,3,NOT social AND contestation AND NOT small,social;contestation;small,010,0.799,0.412,136,38,0.507,0.139,0.102,0.209,0.029,0.227,0.069,3,-0.073,False,False,False,,True
held_up,3,payroll_pit AND contestation AND small,payroll_pit;contestation;small,111,0.799,0.41,152,34,0.479,0.124,0.142,0.11,0.147,0.045,0.153,3,-0.073,False,False,False,,True
held_up,3,local_tax_base AND NOT single_tax AND NOT extracurricular,local_tax_base;single_tax;extracurricular,100,0.799,0.409,153,49,0.538,0.179,0.173,0.165,0.265,0.136,0.139,4,-0.073,False,False,False,,True
held_up,3,NOT payroll_pit AND extracurricular AND contestation,payroll_pit;extracurricular;contestation,011,0.799,0.408,129,29,0.492,0.106,0.079,0.11,0.088,0.273,0.056,4,-0.073,False,False,False,,True
held_up,3,NOT autonomy AND NOT social AND education,autonomy;social;education,001,0.799,0.405,137,38,0.535,0.139,0.134,0.132,0.176,0.136,0.139,4,-0.073,False,False,False,,True
held_up,3,NOT autonomy AND social AND small,autonomy;social;small,011,0.799,0.402,132,34,0.523,0.124,0.157,0.099,0.088,0.091,0.139,4,-0.073,False,False,False,,True
held_up,3,NOT single_tax AND NOT extracurricular AND small,single_tax;extracurricular;small,001,0.799,0.401,139,47,0.56,0.172,0.189,0.154,0.206,0.091,0.194,4,-0.073,False,False,False,,True
held_up,3,NOT autonomy AND NOT social AND extracurricular,autonomy;social;extracurricular,001,0.799,0.401,125,28,0.438,0.102,0.071,0.132,0.088,0.182,0.083,4,-0.073,False,False,False,,True
held_up,3,NOT investment AND culture AND NOT extracurricular,investment;culture;extracurricular,010,0.799,0.396,137,36,0.554,0.131,0.15,0.099,0.147,0.136,0.153,4,-0.073,False,False,False,,True
held_up,3,NOT local_tax_base AND culture AND NOT contestation,local_tax_base;culture;contestation,010,0.799,0.394,134,32,0.485,0.117,0.118,0.11,0.147,0.091,0.139,4,-0.073,False,False,False,,True
held_up,3,NOT autonomy AND culture AND NOT balance,autonomy;culture;balance,010,0.799,0.393,132,35,0.538,0.128,0.165,0.099,0.088,0.091,0.181,4,-0.073,False,False,False,,True
held_up,3,local_tax_base AND NOT investment AND NOT education,local_tax_base;investment;education,100,0.799,0.392,124,32,0.485,0.117,0.071,0.154,0.176,0.136,0.069,4,-0.073,False,False,False,,True
held_up,3,property_tax AND NOT investment AND NOT contestation,property_tax;investment;contestation,100,0.799,0.391,123,22,0.415,0.08,0.063,0.077,0.088,0.182,0.028,4,-0.073,False,False,False,,True
held_up,3,NOT single_tax AND NOT investment AND NOT extracurricular,single_tax;investment;extracurricular,000,0.799,0.391,119,32,0.571,0.117,0.094,0.143,0.206,0.0,0.097,3,-0.073,False,False,False,,True
held_up,3,NOT local_tax_base AND NOT autonomy AND NOT social,local_tax_base;autonomy;social,000,0.799,0.387,130,39,0.513,0.142,0.126,0.176,0.147,0.091,0.139,4,-0.073,False,False,False,,True
held_up,3,NOT local_tax_base AND payroll_pit AND NOT extracurricular,local_tax_base;payroll_pit;extracurricular,010,0.799,0.386,123,27,0.466,0.099,0.11,0.121,0.059,0.0,0.083,3,-0.073,False,False,False,,True
held_up,3,autonomy AND NOT balance AND small,autonomy;balance;small,101,0.799,0.385,130,22,0.373,0.08,0.071,0.099,0.029,0.136,0.056,3,-0.073,False,False,False,,True
held_up,3,payroll_pit AND NOT social AND culture,payroll_pit;social;culture,101,0.799,0.384,107,23,0.426,0.084,0.118,0.055,0.088,0.0,0.139,3,-0.073,False,False,False,,True
held_up,3,NOT autonomy AND NOT education AND balance,autonomy;education;balance,001,0.799,0.384,125,34,0.515,0.124,0.071,0.154,0.265,0.091,0.056,4,-0.073,False,False,False,,True
held_up,3,social AND NOT contestation AND NOT balance,social;contestation;balance,100,0.799,0.379,123,21,0.389,0.077,0.102,0.055,0.059,0.045,0.097,4,-0.073,False,False,False,,True
held_up,3,NOT investment AND social AND NOT balance,investment;social;balance,010,0.799,0.378,107,19,0.422,0.069,0.087,0.044,0.059,0.091,0.083,4,-0.073,False,False,False,,True
held_up,3,NOT culture AND NOT contestation AND small,culture;contestation;small,001,0.799,0.374,105,25,0.403,0.091,0.142,0.044,0.059,0.045,0.167,2,-0.073,False,False,False,,False
held_up,3,autonomy AND NOT investment AND NOT culture,autonomy;investment;culture,100,0.799,0.37,101,14,0.333,0.051,0.055,0.044,0.059,0.045,0.042,4,-0.073,False,False,False,,True
held_up,3,NOT local_tax_base AND NOT investment AND small,local_tax_base;investment;small,001,0.799,0.369,98,20,0.4,0.073,0.094,0.055,0.088,0.0,0.153,3,-0.073,False,False,False,,True
held_up,3,property_tax AND NOT single_tax AND NOT social,property_tax;single_tax;social,100,0.799,0.365,82,20,0.417,0.073,0.071,0.077,0.088,0.045,0.056,4,-0.073,False,False,False,,True
held_up,3,property_tax AND culture AND balance,property_tax;culture;balance,111,0.798,0.487,220,67,0.638,0.245,0.307,0.176,0.294,0.091,0.333,3,-0.074,False,False,False,,True
held_up,3,single_tax AND social AND balance,single_tax;social;balance,111,0.798,0.483,205,47,0.595,0.172,0.22,0.143,0.059,0.182,0.208,3,-0.074,False,False,False,,True
held_up,3,local_tax_base AND single_tax AND social,local_tax_base;single_tax;social,111,0.798,0.453,179,33,0.508,0.12,0.157,0.088,0.029,0.182,0.153,3,-0.074,False,False,False,,True
held_up,3,local_tax_base AND single_tax AND NOT extracurricular,local_tax_base;single_tax;extracurricular,110,0.798,0.446,190,52,0.578,0.19,0.228,0.132,0.176,0.227,0.264,4,-0.074,False,False,False,,True
held_up,3,property_tax AND single_tax AND NOT contestation,property_tax;single_tax;contestation,110,0.798,0.439,175,37,0.5,0.135,0.165,0.099,0.059,0.227,0.194,3,-0.074,False,False,False,,True
held_up,3,NOT local_tax_base AND single_tax AND education,local_tax_base;single_tax;education,011,0.798,0.427,159,43,0.537,0.157,0.197,0.143,0.088,0.091,0.208,4,-0.074,False,False,False,,True
held_up,3,local_tax_base AND NOT single_tax AND NOT autonomy,local_tax_base;single_tax;autonomy,100,0.798,0.423,162,48,0.545,0.175,0.157,0.231,0.206,0.0,0.111,3,-0.074,False,False,False,,True
held_up,3,NOT payroll_pit AND NOT autonomy AND investment,payroll_pit;autonomy;investment,001,0.798,0.421,175,52,0.571,0.19,0.173,0.198,0.265,0.136,0.167,4,-0.074,False,False,False,,True
held_up,3,payroll_pit AND balance AND NOT small,payroll_pit;balance;small,110,0.798,0.417,158,34,0.493,0.124,0.157,0.088,0.088,0.136,0.139,4,-0.074,False,False,False,,True
held_up,3,autonomy AND social AND NOT education,autonomy;social;education,110,0.798,0.417,147,39,0.52,0.142,0.189,0.055,0.147,0.227,0.236,3,-0.074,False,False,False,,True
held_up,3,property_tax AND NOT investment AND social,property_tax;investment;social,101,0.798,0.409,148,26,0.464,0.095,0.063,0.121,0.147,0.091,0.069,4,-0.074,False,False,False,,True
held_up,3,local_tax_base AND education AND NOT balance,local_tax_base;education;balance,110,0.798,0.407,158,27,0.422,0.099,0.102,0.099,0.088,0.091,0.056,4,-0.074,False,False,False,,True
held_up,3,NOT single_tax AND NOT autonomy AND contestation,single_tax;autonomy;contestation,001,0.798,0.405,144,41,0.554,0.15,0.094,0.231,0.206,0.045,0.083,3,-0.074,False,False,False,,True
held_up,3,NOT payroll_pit AND extracurricular AND balance,payroll_pit;extracurricular;balance,011,0.798,0.405,135,33,0.524,0.12,0.031,0.176,0.235,0.227,0.0,3,-0.074,False,False,False,,True
held_up,3,local_tax_base AND NOT investment AND NOT contestation,local_tax_base;investment;contestation,100,0.798,0.403,141,30,0.448,0.109,0.094,0.121,0.088,0.182,0.069,4,-0.074,False,False,False,,True
held_up,3,NOT investment AND culture AND NOT contestation,investment;culture;contestation,010,0.798,0.403,136,29,0.439,0.106,0.102,0.088,0.147,0.136,0.111,4,-0.074,False,False,False,,True
held_up,3,extracurricular AND NOT contestation AND NOT small,extracurricular;contestation;small,100,0.798,0.403,149,33,0.44,0.12,0.063,0.154,0.235,0.136,0.028,4,-0.074,False,False,False,,True
held_up,3,NOT payroll_pit AND NOT investment AND contestation,payroll_pit;investment;contestation,001,0.798,0.401,136,41,0.586,0.15,0.102,0.198,0.206,0.136,0.083,4,-0.074,False,False,False,,True
held_up,3,property_tax AND social AND NOT balance,property_tax;social;balance,110,0.798,0.397,141,24,0.393,0.088,0.102,0.077,0.059,0.091,0.125,4,-0.074,False,False,False,,True
held_up,3,payroll_pit AND NOT education AND NOT small,payroll_pit;education;small,100,0.798,0.396,132,31,0.449,0.113,0.134,0.088,0.118,0.091,0.153,4,-0.074,False,False,False,,True
held_up,3,NOT payroll_pit AND investment AND NOT balance,payroll_pit;investment;balance,010,0.798,0.394,141,45,0.616,0.164,0.165,0.176,0.088,0.227,0.139,4,-0.074,False,False,False,,True
held_up,3,NOT payroll_pit AND contestation AND NOT balance,payroll_pit;contestation;balance,010,0.798,0.392,135,46,0.613,0.168,0.142,0.231,0.059,0.227,0.139,3,-0.074,False,False,False,,True
held_up,3,payroll_pit AND NOT social AND education,payroll_pit;social;education,101,0.798,0.391,119,29,0.468,0.106,0.15,0.066,0.118,0.0,0.194,3,-0.074,False,False,False,,True
held_up,3,NOT local_tax_base AND social AND NOT culture,local_tax_base;social;culture,010,0.798,0.389,128,31,0.484,0.113,0.11,0.077,0.176,0.182,0.125,4,-0.074,False,False,False,,True
held_up,3,NOT property_tax AND NOT contestation AND balance,property_tax;contestation;balance,001,0.798,0.387,134,36,0.5,0.131,0.087,0.143,0.235,0.182,0.083,4,-0.074,False,False,False,,True
held_up,3,NOT single_tax AND NOT culture AND small,single_tax;culture;small,001,0.798,0.383,107,30,0.448,0.109,0.11,0.121,0.118,0.045,0.125,3,-0.074,False,False,False,,True
held_up,3,NOT property_tax AND NOT social AND small,property_tax;social;small,001,0.798,0.382,126,41,0.494,0.15,0.165,0.143,0.147,0.091,0.236,4,-0.074,False,False,False,,True
held_up,3,NOT local_tax_base AND autonomy AND NOT contestation,local_tax_base;autonomy;contestation,010,0.798,0.381,124,27,0.435,0.099,0.11,0.077,0.118,0.091,0.097,4,-0.074,False,False,False,,True
held_up,3,NOT social AND NOT contestation AND NOT small,social;contestation;small,000,0.798,0.378,127,21,0.339,0.077,0.039,0.143,0.059,0.045,0.0,4,-0.074,False,False,False,,True
held_up,3,single_tax AND NOT social AND NOT balance,single_tax;social;balance,100,0.798,0.377,122,29,0.468,0.106,0.102,0.121,0.088,0.091,0.083,4,-0.074,False,False,False,,True
held_up,3,NOT local_tax_base AND payroll_pit AND NOT social,local_tax_base;payroll_pit;social,010,0.798,0.376,106,28,0.431,0.102,0.126,0.11,0.029,0.045,0.139,2,-0.074,False,False,False,,False
held_up,3,NOT single_tax AND NOT education AND small,single_tax;education;small,001,0.798,0.376,88,22,0.393,0.08,0.071,0.099,0.088,0.045,0.069,4,-0.074,False,False,False,,True
held_up,3,autonomy AND NOT investment AND NOT balance,autonomy;investment;balance,100,0.798,0.372,110,15,0.288,0.055,0.071,0.033,0.029,0.091,0.042,4,-0.074,False,False,False,,True
held_up,3,NOT investment AND NOT social AND balance,investment;social;balance,001,0.798,0.371,110,28,0.519,0.102,0.087,0.121,0.088,0.136,0.097,4,-0.074,False,False,False,,True
held_up,3,NOT social AND NOT education AND small,social;education;small,001,0.798,0.371,97,34,0.486,0.124,0.118,0.154,0.118,0.045,0.111,3,-0.074,False,False,False,,True
held_up,3,investment AND culture AND education,investment;culture;education,111,0.797,0.472,205,58,0.652,0.212,0.252,0.176,0.206,0.136,0.236,4,-0.075,False,False,False,,True
held_up,3,payroll_pit AND investment AND balance,payroll_pit;investment;balance,111,0.797,0.463,182,59,0.621,0.215,0.299,0.132,0.147,0.182,0.319,4,-0.075,False,False,False,,True
held_up,3,autonomy AND investment AND social,autonomy;investment;social,111,0.797,0.461,192,54,0.568,0.197,0.26,0.154,0.088,0.182,0.306,3,-0.075,False,False,False,,True
held_up,3,investment AND education AND small,investment;education;small,111,0.797,0.455,200,52,0.565,0.19,0.244,0.121,0.206,0.136,0.278,4,-0.075,False,False,False,,True
held_up,3,culture AND extracurricular AND balance,culture;extracurricular;balance,111,0.797,0.452,171,39,0.52,0.142,0.15,0.154,0.118,0.091,0.153,4,-0.075,False,False,False,,True
held_up,3,property_tax AND culture AND contestation,property_tax;culture;contestation,111,0.797,0.448,191,47,0.573,0.172,0.22,0.132,0.176,0.045,0.208,3,-0.075,False,False,False,,True
held_up,3,property_tax AND social AND contestation,property_tax;social;contestation,111,0.797,0.447,195,48,0.565,0.175,0.244,0.132,0.118,0.045,0.278,3,-0.075,False,False,False,,True
held_up,3,property_tax AND education AND contestation,property_tax;education;contestation,111,0.797,0.443,180,41,0.532,0.15,0.189,0.132,0.147,0.0,0.194,3,-0.075,False,False,False,,True
held_up,3,local_tax_base AND property_tax AND NOT autonomy,local_tax_base;property_tax;autonomy,110,0.797,0.432,167,46,0.561,0.168,0.142,0.198,0.206,0.136,0.097,4,-0.075,False,False,False,,True
held_up,3,investment AND NOT extracurricular AND small,investment;extracurricular;small,101,0.797,0.428,184,55,0.545,0.201,0.252,0.143,0.206,0.136,0.278,4,-0.075,False,False,False,,True
held_up,3,local_tax_base AND culture AND NOT contestation,local_tax_base;culture;contestation,110,0.797,0.424,156,41,0.532,0.15,0.157,0.11,0.176,0.227,0.153,4,-0.075,False,False,False,,True
held_up,3,NOT property_tax AND NOT single_tax AND investment,property_tax;single_tax;investment,001,0.797,0.424,159,44,0.512,0.161,0.094,0.187,0.176,0.409,0.069,4,-0.075,False,False,False,,True
held_up,3,education AND NOT extracurricular AND NOT contestation,education;extracurricular;contestation,100,0.797,0.424,175,44,0.506,0.161,0.197,0.099,0.147,0.227,0.208,4,-0.075,False,False,False,,True
held_up,3,local_tax_base AND NOT payroll_pit AND balance,local_tax_base;payroll_pit;balance,101,0.797,0.423,156,51,0.607,0.186,0.157,0.176,0.294,0.227,0.153,4,-0.075,False,False,False,,True
held_up,3,NOT property_tax AND NOT payroll_pit AND investment,property_tax;payroll_pit;investment,001,0.797,0.423,170,48,0.558,0.175,0.118,0.209,0.176,0.364,0.111,4,-0.075,False,False,False,,True
held_up,3,NOT property_tax AND autonomy AND extracurricular,property_tax;autonomy;extracurricular,011,0.797,0.407,140,28,0.4,0.102,0.079,0.132,0.029,0.227,0.056,3,-0.075,False,False,False,,True
held_up,3,NOT single_tax AND social AND NOT education,single_tax;social;education,010,0.797,0.407,134,35,0.507,0.128,0.071,0.121,0.324,0.182,0.056,4,-0.075,False,False,False,,True
held_up,3,NOT property_tax AND NOT investment AND contestation,property_tax;investment;contestation,001,0.797,0.403,145,38,0.521,0.139,0.11,0.176,0.147,0.136,0.097,4,-0.075,False,False,False,,True
held_up,3,autonomy AND NOT social AND NOT culture,autonomy;social;culture,100,0.797,0.401,128,37,0.5,0.135,0.118,0.165,0.059,0.227,0.097,3,-0.075,False,False,False,,True
held_up,3,NOT autonomy AND NOT social AND NOT small,autonomy;social;small,000,0.797,0.4,148,35,0.449,0.128,0.063,0.231,0.088,0.136,0.028,3,-0.075,False,False,False,,True
held_up,3,NOT investment AND education AND extracurricular,investment;education;extracurricular,011,0.797,0.4,118,22,0.407,0.08,0.087,0.077,0.059,0.091,0.125,4,-0.075,False,False,False,,True
held_up,3,NOT culture AND contestation AND balance,culture;contestation;balance,011,0.797,0.4,133,30,0.448,0.109,0.079,0.099,0.176,0.227,0.097,4,-0.075,False,False,False,,True
held_up,3,property_tax AND extracurricular AND small,property_tax;extracurricular;small,111,0.797,0.398,115,21,0.438,0.077,0.087,0.088,0.029,0.045,0.083,3,-0.075,False,False,False,,True
held_up,3,local_tax_base AND NOT investment AND NOT culture,local_tax_base;investment;culture,100,0.797,0.397,134,30,0.476,0.109,0.071,0.154,0.118,0.136,0.056,4,-0.075,False,False,False,,True
held_up,3,NOT single_tax AND social AND NOT culture,single_tax;social;culture,010,0.797,0.396,121,26,0.456,0.095,0.063,0.099,0.176,0.136,0.042,4,-0.075,False,False,False,,True
held_up,3,NOT local_tax_base AND education AND NOT contestation,local_tax_base;education;contestation,010,0.797,0.394,130,30,0.441,0.109,0.142,0.088,0.059,0.091,0.181,4,-0.075,False,False,False,,True
held_up,3,NOT autonomy AND NOT culture AND small,autonomy;culture;small,001,0.797,0.393,125,33,0.471,0.12,0.126,0.121,0.118,0.091,0.139,4,-0.075,False,False,False,,True
held_up,3,NOT payroll_pit AND NOT investment AND small,payroll_pit;investment;small,001,0.797,0.39,126,37,0.514,0.135,0.118,0.132,0.147,0.227,0.125,4,-0.075,False,False,False,,True
held_up,3,social AND NOT balance AND small,social;balance;small,101,0.797,0.389,138,24,0.407,0.088,0.11,0.066,0.059,0.091,0.111,4,-0.075,False,False,False,,True
held_up,3,NOT local_tax_base AND NOT contestation AND NOT small,local_tax_base;contestation;small,000,0.797,0.386,143,40,0.526,0.146,0.087,0.165,0.265,0.227,0.042,4,-0.075,False,False,False,,True
held_up,3,NOT local_tax_base AND NOT autonomy AND NOT contestation,local_tax_base;autonomy;contestation,000,0.797,0.382,124,36,0.5,0.131,0.11,0.121,0.235,0.136,0.139,4,-0.075,False,False,False,,True
held_up,3,payroll_pit AND NOT investment AND NOT contestation,payroll_pit;investment;contestation,100,0.797,0.382,118,16,0.34,0.058,0.094,0.033,0.029,0.0,0.111,2,-0.075,False,False,False,,False
held_up,3,NOT local_tax_base AND NOT contestation AND small,local_tax_base;contestation;small,001,0.797,0.379,105,23,0.397,0.084,0.134,0.033,0.088,0.0,0.194,2,-0.075,False,False,False,,False
held_up,3,NOT investment AND NOT social AND education,investment;social;education,001,0.797,0.379,114,28,0.467,0.102,0.134,0.055,0.059,0.182,0.167,4,-0.075,False,False,False,,True
held_up,3,property_tax AND NOT single_tax AND NOT culture,property_tax;single_tax;culture,100,0.797,0.373,84,15,0.326,0.055,0.047,0.088,0.029,0.0,0.056,3,-0.075,False,False,False,,True
held_up,3,NOT property_tax AND NOT balance AND small,property_tax;balance;small,001,0.797,0.369,110,32,0.464,0.117,0.157,0.099,0.059,0.045,0.194,3,-0.075,False,False,False,,True
held_up,3,NOT local_tax_base AND education AND NOT balance,local_tax_base;education;balance,010,0.797,0.366,114,24,0.4,0.088,0.15,0.044,0.029,0.0,0.194,2,-0.075,False,False,False,,False
held_up,3,NOT social AND culture AND NOT balance,social;culture;balance,010,0.797,0.366,107,21,0.396,0.077,0.087,0.066,0.059,0.091,0.097,4,-0.075,False,False,False,,True
held_up,3,single_tax AND autonomy AND balance,single_tax;autonomy;balance,111,0.796,0.47,197,52,0.627,0.19,0.283,0.132,0.059,0.091,0.333,2,-0.076,False,False,False,,False
held_up,3,payroll_pit AND investment AND education,payroll_pit;investment;education,111,0.796,0.463,194,49,0.576,0.179,0.228,0.165,0.088,0.091,0.222,3,-0.076,False,False,False,,True
held_up,3,social AND contestation AND balance,social;contestation;balance,111,0.796,0.458,191,44,0.571,0.161,0.197,0.121,0.176,0.091,0.208,4,-0.076,False,False,False,,True
held_up,3,property_tax AND investment AND social,property_tax;investment;social,111,0.796,0.456,208,55,0.561,0.201,0.307,0.132,0.088,0.045,0.333,2,-0.076,False,False,False,,False
held_up,3,property_tax AND education AND NOT contestation,property_tax;education;contestation,110,0.796,0.449,190,47,0.566,0.172,0.165,0.165,0.176,0.227,0.167,4,-0.076,False,False,False,,True
held_up,3,property_tax AND investment AND small,property_tax;investment;small,111,0.796,0.446,196,52,0.553,0.19,0.26,0.132,0.147,0.091,0.278,3,-0.076,False,False,False,,True
held_up,3,local_tax_base AND payroll_pit AND education,local_tax_base;payroll_pit;education,111,0.796,0.445,180,31,0.477,0.113,0.126,0.11,0.118,0.045,0.125,3,-0.076,False,False,False,,True
held_up,3,social AND education AND NOT contestation,social;education;contestation,110,0.796,0.431,167,32,0.451,0.117,0.118,0.121,0.088,0.136,0.111,4,-0.076,False,False,False,,True
held_up,3,payroll_pit AND autonomy AND NOT extracurricular,payroll_pit;autonomy;extracurricular,110,0.796,0.426,169,37,0.5,0.135,0.189,0.099,0.088,0.045,0.194,3,-0.076,False,False,False,,True
held_up,3,local_tax_base AND NOT autonomy AND NOT culture,local_tax_base;autonomy;culture,100,0.796,0.425,168,41,0.482,0.15,0.11,0.209,0.147,0.136,0.111,4,-0.076,False,False,False,,True
held_up,3,local_tax_base AND single_tax AND NOT balance,local_tax_base;single_tax;balance,110,0.796,0.422,165,32,0.464,0.117,0.118,0.099,0.118,0.182,0.097,4,-0.076,False,False,False,,True
held_up,3,NOT property_tax AND NOT social AND contestation,property_tax;social;contestation,001,0.796,0.421,159,51,0.6,0.186,0.11,0.297,0.088,0.318,0.111,3,-0.076,False,False,False,,True
held_up,3,local_tax_base AND property_tax AND extracurricular,local_tax_base;property_tax;extracurricular,111,0.796,0.419,137,27,0.443,0.099,0.079,0.154,0.059,0.045,0.042,3,-0.076,False,False,False,,True
held_up,3,local_tax_base AND NOT education AND NOT extracurricular,local_tax_base;education;extracurricular,100,0.796,0.418,156,51,0.554,0.186,0.189,0.187,0.176,0.182,0.181,4,-0.076,False,False,False,,True
held_up,3,NOT payroll_pit AND investment AND NOT social,payroll_pit;investment;social,010,0.796,0.417,154,48,0.558,0.175,0.15,0.209,0.147,0.227,0.153,4,-0.076,False,False,False,,True
held_up,3,local_tax_base AND NOT culture AND NOT extracurricular,local_tax_base;culture;extracurricular,100,0.796,0.415,163,48,0.539,0.175,0.173,0.198,0.147,0.136,0.167,4,-0.076,False,False,False,,True
held_up,3,NOT investment AND contestation AND balance,investment;contestation;balance,011,0.796,0.415,162,35,0.515,0.128,0.094,0.154,0.206,0.091,0.097,4,-0.076,False,False,False,,True
held_up,3,NOT local_tax_base AND education AND extracurricular,local_tax_base;education;extracurricular,011,0.796,0.414,137,33,0.465,0.12,0.173,0.077,0.088,0.045,0.208,3,-0.076,False,False,False,,True
held_up,3,social AND NOT culture AND NOT education,social;culture;education,100,0.796,0.412,140,33,0.478,0.12,0.11,0.099,0.206,0.136,0.125,4,-0.076,False,False,False,,True
held_up,3,NOT single_tax AND social AND NOT small,single_tax;social;small,010,0.796,0.408,149,43,0.558,0.157,0.087,0.176,0.353,0.182,0.069,4,-0.076,False,False,False,,True
held_up,3,NOT social AND extracurricular AND contestation,social;extracurricular;contestation,011,0.796,0.404,130,29,0.408,0.106,0.087,0.132,0.029,0.227,0.097,3,-0.076,False,False,False,,True
held_up,3,NOT local_tax_base AND NOT single_tax AND investment,local_tax_base;single_tax;investment,001,0.796,0.401,142,42,0.532,0.153,0.102,0.176,0.176,0.318,0.125,4,-0.076,False,False,False,,True
held_up,3,NOT investment AND contestation AND NOT small,investment;contestation;small,010,0.796,0.401,139,31,0.47,0.113,0.079,0.143,0.176,0.091,0.056,4,-0.076,False,False,False,,True
held_up,3,NOT investment AND social AND small,investment;social;small,011,0.796,0.398,129,26,0.481,0.095,0.102,0.088,0.088,0.091,0.125,4,-0.076,False,False,False,,True
held_up,3,NOT local_tax_base AND extracurricular AND NOT contestation,local_tax_base;extracurricular;contestation,010,0.796,0.397,138,37,0.451,0.135,0.126,0.11,0.235,0.136,0.139,4,-0.076,False,False,False,,True
held_up,3,NOT investment AND education AND NOT extracurricular,investment;education;extracurricular,010,0.796,0.397,153,34,0.493,0.124,0.142,0.099,0.118,0.136,0.139,4,-0.076,False,False,False,,True
held_up,3,payroll_pit AND NOT extracurricular AND NOT contestation,payroll_pit;extracurricular;contestation,100,0.796,0.396,144,25,0.385,0.091,0.134,0.066,0.029,0.045,0.139,2,-0.076,False,False,False,,False
held_up,3,single_tax AND payroll_pit AND NOT social,single_tax;payroll_pit;social,110,0.796,0.395,126,31,0.463,0.113,0.15,0.099,0.088,0.0,0.125,3,-0.076,False,False,False,,True
held_up,3,local_tax_base AND property_tax AND NOT culture,local_tax_base;property_tax;culture,110,0.796,0.393,115,29,0.46,0.106,0.118,0.121,0.059,0.045,0.097,3,-0.076,False,False,False,,True
held_up,3,NOT single_tax AND NOT payroll_pit AND autonomy,single_tax;payroll_pit;autonomy,001,0.796,0.393,107,27,0.466,0.099,0.063,0.066,0.206,0.273,0.028,4,-0.076,False,False,False,,True
held_up,3,NOT single_tax AND extracurricular AND NOT contestation,single_tax;extracurricular;contestation,010,0.796,0.391,126,32,0.432,0.117,0.071,0.143,0.235,0.091,0.042,4,-0.076,False,False,False,,True
held_up,3,local_tax_base AND NOT culture AND NOT contestation,local_tax_base;culture;contestation,100,0.796,0.386,131,25,0.385,0.091,0.11,0.099,0.029,0.045,0.097,2,-0.076,False,False,False,,False
held_up,3,NOT investment AND NOT culture AND NOT extracurricular,investment;culture;extracurricular,000,0.796,0.386,116,29,0.527,0.106,0.063,0.143,0.176,0.091,0.069,4,-0.076,False,False,False,,True
held_up,3,local_tax_base AND NOT education AND NOT contestation,local_tax_base;education;contestation,100,0.796,0.384,119,24,0.369,0.088,0.11,0.077,0.059,0.045,0.097,4,-0.076,False,False,False,,True
held_up,3,autonomy AND NOT investment AND NOT small,autonomy;investment;small,100,0.796,0.384,132,14,0.275,0.051,0.047,0.055,0.088,0.0,0.042,3,-0.076,False,False,False,,True
held_up,3,property_tax AND payroll_pit AND NOT social,property_tax;payroll_pit;social,110,0.796,0.381,99,20,0.392,0.073,0.11,0.033,0.088,0.0,0.097,2,-0.076,False,False,False,,False
held_up,3,NOT property_tax AND NOT contestation AND small,property_tax;contestation;small,001,0.796,0.378,100,26,0.4,0.095,0.157,0.033,0.088,0.0,0.222,2,-0.076,False,False,False,,False
held_up,3,NOT local_tax_base AND autonomy AND NOT balance,local_tax_base;autonomy;balance,010,0.796,0.375,114,24,0.387,0.088,0.087,0.099,0.059,0.091,0.097,4,-0.076,False,False,False,,True
held_up,3,autonomy AND NOT investment AND NOT social,autonomy;investment;social,100,0.796,0.364,101,16,0.314,0.058,0.063,0.055,0.059,0.045,0.083,4,-0.076,False,False,False,,True
held_up,3,social AND culture AND balance,social;culture;balance,111,0.795,0.49,215,57,0.64,0.208,0.213,0.209,0.235,0.136,0.208,4,-0.077,False,False,False,,True
held_up,3,autonomy AND investment AND balance,autonomy;investment;balance,111,0.795,0.457,185,58,0.574,0.212,0.291,0.132,0.118,0.227,0.333,4,-0.077,False,False,False,,True
held_up,3,NOT autonomy AND culture AND education,autonomy;culture;education,011,0.795,0.452,185,55,0.598,0.201,0.22,0.187,0.206,0.136,0.208,4,-0.077,False,False,False,,True
held_up,3,local_tax_base AND payroll_pit AND culture,local_tax_base;payroll_pit;culture,111,0.795,0.45,179,35,0.515,0.128,0.157,0.11,0.088,0.091,0.181,4,-0.077,False,False,False,,True
held_up,3,investment AND culture AND small,investment;culture;small,111,0.795,0.447,184,49,0.57,0.179,0.236,0.121,0.176,0.091,0.25,4,-0.077,False,False,False,,True
held_up,3,property_tax AND contestation AND balance,property_tax;contestation;balance,111,0.795,0.444,188,47,0.516,0.172,0.236,0.121,0.176,0.0,0.25,3,-0.077,False,False,False,,True
held_up,3,local_tax_base AND culture AND NOT extracurricular,local_tax_base;culture;extracurricular,110,0.795,0.438,180,53,0.576,0.193,0.228,0.099,0.294,0.227,0.236,4,-0.077,False,False,False,,True
held_up,3,autonomy AND culture AND extracurricular,autonomy;culture;extracurricular,111,0.795,0.431,155,32,0.464,0.117,0.134,0.11,0.088,0.091,0.139,4,-0.077,False,False,False,,True
held_up,3,payroll_pit AND investment AND small,payroll_pit;investment;small,111,0.795,0.429,169,37,0.468,0.135,0.189,0.099,0.088,0.045,0.222,3,-0.077,False,False,False,,True
held_up,3,NOT property_tax AND investment AND NOT culture,property_tax;investment;culture,010,0.795,0.426,167,50,0.526,0.182,0.11,0.22,0.206,0.409,0.083,4,-0.077,False,False,False,,True
held_up,3,property_tax AND contestation AND small,property_tax;contestation;small,111,0.795,0.426,173,40,0.513,0.146,0.157,0.143,0.176,0.045,0.181,3,-0.077,False,False,False,,True
held_up,3,NOT local_tax_base AND social AND contestation,local_tax_base;social;contestation,011,0.795,0.424,166,36,0.48,0.131,0.165,0.121,0.059,0.091,0.208,3,-0.077,False,False,False,,True
held_up,3,NOT property_tax AND NOT education AND NOT extracurricular,property_tax;education;extracurricular,000,0.795,0.417,156,47,0.553,0.172,0.102,0.231,0.265,0.182,0.083,4,-0.077,False,False,False,,True
held_up,3,property_tax AND NOT extracurricular AND NOT contestation,property_tax;extracurricular;contestation,100,0.795,0.415,165,40,0.488,0.146,0.181,0.088,0.118,0.227,0.181,4,-0.077,False,False,False,,True
held_up,3,autonomy AND NOT extracurricular AND small,autonomy;extracurricular;small,101,0.795,0.41,167,43,0.524,0.157,0.181,0.11,0.147,0.227,0.236,4,-0.077,False,False,False,,True
held_up,3,autonomy AND investment AND NOT culture,autonomy;investment;culture,110,0.795,0.407,136,44,0.512,0.161,0.189,0.154,0.0,0.273,0.194,3,-0.077,False,False,False,,True
held_up,3,property_tax AND autonomy AND NOT investment,property_tax;autonomy;investment,110,0.795,0.403,141,18,0.321,0.066,0.071,0.033,0.088,0.136,0.069,4,-0.077,False,False,False,,True
held_up,3,single_tax AND NOT social AND small,single_tax;social;small,101,0.795,0.398,140,42,0.56,0.153,0.181,0.099,0.176,0.182,0.236,4,-0.077,False,False,False,,True
held_up,3,NOT local_tax_base AND culture AND small,local_tax_base;culture;small,011,0.795,0.397,124,29,0.5,0.106,0.15,0.088,0.059,0.0,0.194,3,-0.077,False,False,False,,True
held_up,3,NOT payroll_pit AND NOT investment AND balance,payroll_pit;investment;balance,001,0.795,0.395,142,45,0.643,0.164,0.094,0.198,0.324,0.182,0.083,4,-0.077,False,False,False,,True
held_up,3,NOT culture AND NOT contestation AND NOT small,culture;contestation;small,000,0.795,0.392,140,31,0.437,0.113,0.071,0.143,0.176,0.136,0.028,4,-0.077,False,False,False,,True
held_up,3,extracurricular AND NOT balance AND NOT small,extracurricular;balance;small,100,0.795,0.392,134,30,0.417,0.109,0.102,0.154,0.029,0.091,0.097,3,-0.077,False,False,False,,True
held_up,3,NOT local_tax_base AND NOT social AND contestation,local_tax_base;social;contestation,001,0.795,0.391,121,35,0.507,0.128,0.102,0.187,0.059,0.136,0.097,3,-0.077,False,False,False,,True
held_up,3,NOT culture AND NOT extracurricular AND small,culture;extracurricular;small,001,0.795,0.391,135,42,0.532,0.153,0.157,0.165,0.147,0.091,0.181,4,-0.077,False,False,False,,True
held_up,3,NOT local_tax_base AND payroll_pit AND NOT education,local_tax_base;payroll_pit;education,010,0.795,0.388,130,30,0.435,0.109,0.126,0.088,0.118,0.091,0.153,4,-0.077,False,False,False,,True
held_up,3,NOT social AND culture AND NOT extracurricular,social;culture;extracurricular,010,0.795,0.383,124,37,0.529,0.135,0.157,0.088,0.206,0.091,0.153,4,-0.077,False,False,False,,True
held_up,3,NOT local_tax_base AND NOT payroll_pit AND NOT contestation,local_tax_base;payroll_pit;contestation,000,0.795,0.363,109,30,0.469,0.109,0.055,0.132,0.235,0.136,0.056,4,-0.077,False,False,False,,True
held_up,3,property_tax AND NOT investment AND NOT social,property_tax;investment;social,100,0.795,0.359,97,20,0.392,0.073,0.063,0.066,0.088,0.136,0.042,4,-0.077,False,False,False,,True
held_up,3,local_tax_base AND property_tax AND investment,local_tax_base;property_tax;investment,111,0.794,0.452,184,57,0.594,0.208,0.268,0.165,0.176,0.091,0.264,3,-0.078,False,False,False,,True
held_up,3,investment AND extracurricular AND NOT small,investment;extracurricular;small,110,0.794,0.45,183,52,0.559,0.19,0.181,0.198,0.147,0.273,0.181,4,-0.078,False,False,False,,True
held_up,3,local_tax_base AND property_tax AND contestation,local_tax_base;property_tax;contestation,111,0.794,0.441,172,47,0.56,0.172,0.181,0.165,0.235,0.045,0.153,3,-0.078,False,False,False,,True
held_up,3,local_tax_base AND NOT autonomy AND NOT investment,local_tax_base;autonomy;investment,100,0.794,0.435,174,46,0.523,0.168,0.11,0.242,0.176,0.182,0.083,4,-0.078,False,False,False,,True
held_up,3,education AND contestation AND small,education;contestation;small,111,0.794,0.432,179,41,0.532,0.15,0.165,0.132,0.176,0.091,0.181,4,-0.078,False,False,False,,True
held_up,3,NOT local_tax_base AND social AND NOT small,local_tax_base;social;small,010,0.794,0.429,182,52,0.571,0.19,0.181,0.154,0.265,0.273,0.194,4,-0.078,False,False,False,,True
held_up,3,NOT investment AND social AND culture,investment;social;culture,011,0.794,0.427,163,35,0.522,0.128,0.118,0.132,0.176,0.091,0.125,4,-0.078,False,False,False,,True
held_up,3,NOT property_tax AND investment AND NOT education,property_tax;investment;education,010,0.794,0.426,169,50,0.538,0.182,0.102,0.231,0.206,0.409,0.083,4,-0.078,False,False,False,,True
held_up,3,single_tax AND NOT autonomy AND small,single_tax;autonomy;small,101,0.794,0.426,163,41,0.532,0.15,0.142,0.132,0.176,0.227,0.167,4,-0.078,False,False,False,,True
held_up,3,NOT local_tax_base AND single_tax AND autonomy,local_tax_base;single_tax;autonomy,011,0.794,0.425,173,38,0.469,0.139,0.197,0.121,0.029,0.045,0.208,2,-0.078,False,False,False,,False
held_up,3,NOT property_tax AND NOT culture AND NOT extracurricular,property_tax;culture;extracurricular,000,0.794,0.423,161,48,0.533,0.175,0.118,0.231,0.206,0.227,0.097,4,-0.078,False,False,False,,True
held_up,3,NOT property_tax AND NOT single_tax AND NOT extracurricular,property_tax;single_tax;extracurricular,000,0.794,0.422,160,45,0.523,0.164,0.118,0.22,0.176,0.182,0.125,4,-0.078,False,False,False,,True
held_up,3,local_tax_base AND NOT investment AND NOT extracurricular,local_tax_base;investment;extracurricular,100,0.794,0.417,167,45,0.549,0.164,0.142,0.165,0.235,0.182,0.125,4,-0.078,False,False,False,,True
held_up,3,NOT property_tax AND autonomy AND NOT culture,property_tax;autonomy;culture,010,0.794,0.405,131,32,0.485,0.117,0.087,0.154,0.029,0.273,0.056,3,-0.078,False,False,False,,True
held_up,3,property_tax AND autonomy AND NOT balance,property_tax;autonomy;balance,110,0.794,0.404,142,26,0.394,0.095,0.134,0.077,0.0,0.091,0.111,3,-0.078,False,False,False,,True
held_up,3,NOT single_tax AND NOT autonomy AND balance,single_tax;autonomy;balance,001,0.794,0.402,140,43,0.589,0.157,0.087,0.209,0.353,0.045,0.083,3,-0.078,False,False,False,,True
held_up,3,NOT single_tax AND NOT autonomy AND small,single_tax;autonomy;small,001,0.794,0.401,135,44,0.524,0.161,0.213,0.132,0.147,0.0,0.194,3,-0.078,False,False,False,,True
held_up,3,payroll_pit AND social AND NOT balance,payroll_pit;social;balance,110,0.794,0.4,142,26,0.406,0.095,0.11,0.088,0.088,0.045,0.125,3,-0.078,False,False,False,,True
held_up,3,NOT local_tax_base AND investment AND NOT culture,local_tax_base;investment;culture,010,0.794,0.399,144,46,0.517,0.168,0.142,0.187,0.147,0.273,0.153,4,-0.078,False,False,False,,True
held_up,3,NOT single_tax AND NOT extracurricular AND NOT contestation,single_tax;extracurricular;contestation,000,0.794,0.397,140,36,0.45,0.131,0.15,0.099,0.176,0.091,0.139,4,-0.078,False,False,False,,True
held_up,3,NOT property_tax AND NOT extracurricular AND NOT balance,property_tax;extracurricular;balance,000,0.794,0.396,146,44,0.537,0.161,0.134,0.198,0.147,0.182,0.139,4,-0.078,False,False,False,,True
held_up,3,NOT single_tax AND contestation AND balance,single_tax;contestation;balance,011,0.794,0.396,126,27,0.458,0.099,0.071,0.099,0.206,0.091,0.097,4,-0.078,False,False,False,,True
held_up,3,NOT social AND extracurricular AND balance,social;extracurricular;balance,011,0.794,0.396,118,23,0.377,0.084,0.063,0.11,0.059,0.136,0.069,4,-0.078,False,False,False,,True
held_up,3,NOT property_tax AND NOT single_tax AND autonomy,property_tax;single_tax;autonomy,001,0.794,0.393,118,27,0.435,0.099,0.063,0.099,0.088,0.318,0.042,4,-0.078,False,False,False,,True
held_up,3,NOT social AND balance AND NOT small,social;balance;small,010,0.794,0.39,129,26,0.406,0.095,0.063,0.165,0.029,0.091,0.028,3,-0.078,False,False,False,,True
held_up,3,NOT single_tax AND investment AND NOT balance,single_tax;investment;balance,010,0.794,0.389,142,40,0.533,0.146,0.134,0.176,0.059,0.227,0.083,3,-0.078,False,False,False,,True
held_up,3,NOT investment AND social AND NOT contestation,investment;social;contestation,010,0.794,0.389,125,22,0.44,0.08,0.055,0.088,0.147,0.091,0.042,4,-0.078,False,False,False,,True
held_up,3,NOT local_tax_base AND NOT investment AND education,local_tax_base;investment;education,001,0.794,0.388,119,23,0.397,0.084,0.118,0.055,0.059,0.045,0.181,4,-0.078,False,False,False,,True
held_up,3,NOT single_tax AND autonomy AND balance,single_tax;autonomy;balance,011,0.794,0.386,117,25,0.391,0.091,0.071,0.055,0.206,0.182,0.097,4,-0.078,False,False,False,,True
held_up,3,NOT social AND NOT balance AND NOT small,social;balance;small,000,0.794,0.384,134,33,0.452,0.12,0.079,0.187,0.059,0.182,0.042,3,-0.078,False,False,False,,True
held_up,3,NOT local_tax_base AND autonomy AND NOT social,local_tax_base;autonomy;social,010,0.794,0.38,116,23,0.354,0.084,0.079,0.11,0.029,0.091,0.083,3,-0.078,False,False,False,,True
held_up,3,property_tax AND NOT single_tax AND NOT education,property_tax;single_tax;education,100,0.794,0.379,94,20,0.357,0.073,0.071,0.077,0.118,0.0,0.069,3,-0.078,False,False,False,,True
held_up,3,NOT education AND extracurricular AND NOT balance,education;extracurricular;balance,010,0.794,0.377,112,26,0.406,0.095,0.087,0.132,0.029,0.091,0.097,3,-0.078,False,False,False,,True
held_up,3,NOT investment AND NOT culture AND small,investment;culture;small,001,0.794,0.375,113,26,0.433,0.095,0.087,0.099,0.118,0.091,0.097,4,-0.078,False,False,False,,True
held_up,3,NOT local_tax_base AND NOT education AND NOT contestation,local_tax_base;education;contestation,000,0.794,0.37,118,33,0.5,0.12,0.079,0.11,0.294,0.136,0.056,4,-0.078,False,False,False,,True
held_up,3,single_tax AND autonomy AND extracurricular,single_tax;autonomy;extracurricular,111,0.793,0.448,182,40,0.506,0.146,0.197,0.154,0.0,0.045,0.208,2,-0.079,False,False,False,,False
held_up,3,autonomy AND social AND NOT small,autonomy;social;small,110,0.793,0.442,185,47,0.54,0.172,0.213,0.11,0.176,0.182,0.208,4,-0.079,False,False,False,,True
held_up,3,NOT local_tax_base AND contestation AND balance,local_tax_base;contestation;balance,011,0.793,0.422,167,37,0.481,0.135,0.157,0.121,0.118,0.091,0.167,4,-0.079,False,False,False,,True
held_up,3,payroll_pit AND social AND NOT contestation,payroll_pit;social;contestation,110,0.793,0.419,155,30,0.476,0.109,0.126,0.077,0.118,0.136,0.139,4,-0.079,False,False,False,,True
held_up,3,NOT local_tax_base AND property_tax AND autonomy,local_tax_base;property_tax;autonomy,011,0.793,0.414,159,31,0.431,0.113,0.189,0.066,0.029,0.0,0.236,2,-0.079,False,False,False,,False
held_up,3,NOT property_tax AND NOT social AND NOT extracurricular,property_tax;social;extracurricular,000,0.793,0.414,166,52,0.531,0.19,0.157,0.264,0.147,0.136,0.153,4,-0.079,False,False,False,,True
held_up,3,NOT autonomy AND NOT culture AND NOT extracurricular,autonomy;culture;extracurricular,000,0.793,0.413,165,46,0.495,0.168,0.118,0.242,0.206,0.091,0.111,4,-0.079,False,False,False,,True
held_up,3,NOT property_tax AND NOT autonomy AND small,property_tax;autonomy;small,001,0.793,0.404,138,42,0.483,0.153,0.205,0.11,0.118,0.091,0.25,4,-0.079,False,False,False,,True
held_up,3,autonomy AND NOT investment AND extracurricular,autonomy;investment;extracurricular,101,0.793,0.401,139,15,0.25,0.055,0.071,0.055,0.029,0.0,0.056,3,-0.079,False,False,False,,True
held_up,3,NOT local_tax_base AND autonomy AND education,local_tax_base;autonomy;education,011,0.793,0.4,142,29,0.439,0.106,0.157,0.088,0.0,0.045,0.167,2,-0.079,False,False,False,,False
held_up,3,culture AND NOT extracurricular AND NOT balance,culture;extracurricular;balance,100,0.793,0.399,149,32,0.457,0.117,0.134,0.099,0.088,0.136,0.125,4,-0.079,False,False,False,,True
held_up,3,NOT local_tax_base AND NOT investment AND contestation,local_tax_base;investment;contestation,001,0.793,0.395,132,27,0.429,0.099,0.087,0.132,0.088,0.045,0.097,3,-0.079,False,False,False,,True
held_up,3,NOT single_tax AND autonomy AND contestation,single_tax;autonomy;contestation,011,0.793,0.395,127,30,0.462,0.109,0.087,0.121,0.059,0.273,0.111,4,-0.079,False,False,False,,True
held_up,3,local_tax_base AND NOT education AND NOT balance,local_tax_base;education;balance,100,0.793,0.394,134,38,0.514,0.139,0.126,0.165,0.088,0.182,0.083,4,-0.079,False,False,False,,True
held_up,3,NOT property_tax AND NOT social AND balance,property_tax;social;balance,001,0.793,0.394,141,36,0.507,0.131,0.102,0.176,0.118,0.136,0.097,4,-0.079,False,False,False,,True
held_up,3,payroll_pit AND autonomy AND NOT social,payroll_pit;autonomy;social,110,0.793,0.394,123,31,0.431,0.113,0.142,0.11,0.059,0.045,0.139,3,-0.079,False,False,False,,True
held_up,3,NOT property_tax AND NOT extracurricular AND NOT contestation,property_tax;extracurricular;contestation,000,0.793,0.391,138,34,0.453,0.124,0.134,0.099,0.176,0.091,0.139,4,-0.079,False,False,False,,True
held_up,3,NOT local_tax_base AND extracurricular AND NOT balance,local_tax_base;extracurricular;balance,010,0.793,0.388,131,34,0.436,0.124,0.15,0.121,0.059,0.091,0.181,3,-0.079,False,False,False,,True
held_up,3,NOT education AND NOT extracurricular AND NOT contestation,education;extracurricular;contestation,000,0.793,0.386,128,30,0.429,0.109,0.118,0.088,0.147,0.091,0.111,4,-0.079,False,False,False,,True
held_up,3,local_tax_base AND NOT single_tax AND NOT balance,local_tax_base;single_tax;balance,100,0.793,0.383,127,33,0.478,0.12,0.11,0.165,0.059,0.091,0.042,3,-0.079,False,False,False,,True
held_up,3,autonomy AND NOT social AND NOT balance,autonomy;social;balance,100,0.793,0.379,120,28,0.431,0.102,0.087,0.143,0.029,0.136,0.056,3,-0.079,False,False,False,,True
held_up,3,NOT single_tax AND autonomy AND NOT balance,single_tax;autonomy;balance,010,0.793,0.359,96,23,0.442,0.084,0.071,0.099,0.029,0.182,0.056,3,-0.079,False,False,False,,True
held_up,3,payroll_pit AND education AND balance,payroll_pit;education;balance,111,0.792,0.481,194,48,0.571,0.175,0.22,0.165,0.088,0.091,0.236,4,-0.08,False,False,False,,True
held_up,3,payroll_pit AND investment AND social,payroll_pit;investment;social,111,0.792,0.466,201,54,0.568,0.197,0.268,0.154,0.088,0.136,0.306,3,-0.08,False,False,False,,True
held_up,3,property_tax AND investment AND culture,property_tax;investment;culture,111,0.792,0.464,204,59,0.608,0.215,0.299,0.132,0.206,0.091,0.292,3,-0.08,False,False,False,,True
held_up,3,payroll_pit AND culture AND contestation,payroll_pit;culture;contestation,111,0.792,0.452,185,42,0.56,0.153,0.205,0.132,0.088,0.045,0.222,3,-0.08,False,False,False,,True
held_up,3,single_tax AND extracurricular AND balance,single_tax;extracurricular;balance,111,0.792,0.451,177,39,0.549,0.142,0.173,0.132,0.029,0.182,0.181,3,-0.08,False,False,False,,True
held_up,3,property_tax AND single_tax AND NOT extracurricular,property_tax;single_tax;extracurricular,110,0.792,0.45,207,51,0.531,0.186,0.228,0.132,0.147,0.227,0.222,4,-0.08,False,False,False,,True
held_up,3,property_tax AND single_tax AND extracurricular,property_tax;single_tax;extracurricular,111,0.792,0.445,167,35,0.515,0.128,0.189,0.099,0.029,0.045,0.194,2,-0.08,False,False,False,,False
held_up,3,autonomy AND investment AND extracurricular,autonomy;investment;extracurricular,111,0.792,0.443,173,49,0.527,0.179,0.205,0.176,0.059,0.227,0.222,3,-0.08,False,False,False,,True
held_up,3,property_tax AND culture AND extracurricular,property_tax;culture;extracurricular,111,0.792,0.437,160,37,0.544,0.135,0.15,0.143,0.118,0.045,0.153,3,-0.08,False,False,False,,True
held_up,3,property_tax AND education AND extracurricular,property_tax;education;extracurricular,111,0.792,0.437,150,34,0.567,0.124,0.134,0.154,0.059,0.045,0.139,2,-0.08,False,False,False,,False
held_up,3,contestation AND balance AND NOT small,contestation;balance;small,110,0.792,0.434,174,38,0.507,0.139,0.142,0.132,0.147,0.136,0.125,4,-0.08,False,False,False,,True
held_up,3,local_tax_base AND social AND small,local_tax_base;social;small,111,0.792,0.429,170,39,0.527,0.142,0.173,0.11,0.088,0.182,0.167,4,-0.08,False,False,False,,True
held_up,3,property_tax AND NOT autonomy AND small,property_tax;autonomy;small,101,0.792,0.424,160,43,0.581,0.157,0.15,0.154,0.206,0.136,0.111,4,-0.08,False,False,False,,True
held_up,3,property_tax AND extracurricular AND contestation,property_tax;extracurricular;contestation,111,0.792,0.421,157,30,0.405,0.109,0.165,0.088,0.029,0.0,0.181,2,-0.08,False,False,False,,False
held_up,3,NOT property_tax AND NOT autonomy AND NOT extracurricular,property_tax;autonomy;extracurricular,000,0.792,0.42,178,53,0.525,0.193,0.173,0.242,0.206,0.091,0.181,3,-0.08,False,False,False,,True
held_up,3,NOT investment AND social AND education,investment;social;education,011,0.792,0.418,157,28,0.444,0.102,0.094,0.121,0.118,0.045,0.097,3,-0.08,False,False,False,,True
held_up,3,NOT autonomy AND NOT investment AND NOT extracurricular,autonomy;investment;extracurricular,000,0.792,0.414,153,46,0.561,0.168,0.15,0.209,0.176,0.091,0.139,4,-0.08,False,False,False,,True
held_up,3,NOT autonomy AND NOT culture AND extracurricular,autonomy;culture;extracurricular,001,0.792,0.407,133,32,0.471,0.117,0.047,0.143,0.235,0.227,0.042,3,-0.08,False,False,False,,True
held_up,3,property_tax AND autonomy AND NOT education,property_tax;autonomy;education,110,0.792,0.405,135,34,0.43,0.124,0.197,0.044,0.088,0.091,0.222,3,-0.08,False,False,False,,True
held_up,3,NOT education AND contestation AND balance,education;contestation;balance,011,0.792,0.405,147,29,0.42,0.106,0.094,0.088,0.176,0.136,0.097,4,-0.08,False,False,False,,True
held_up,3,NOT education AND contestation AND NOT balance,education;contestation;balance,010,0.792,0.4,153,54,0.587,0.197,0.142,0.308,0.059,0.273,0.139,3,-0.08,False,False,False,,True
held_up,3,NOT payroll_pit AND NOT contestation AND small,payroll_pit;contestation;small,001,0.792,0.394,127,42,0.512,0.153,0.181,0.077,0.206,0.227,0.167,4,-0.08,False,False,False,,True
held_up,3,NOT local_tax_base AND NOT autonomy AND NOT investment,local_tax_base;autonomy;investment,000,0.792,0.391,122,34,0.486,0.124,0.11,0.132,0.176,0.091,0.139,4,-0.08,False,False,False,,True
held_up,3,NOT local_tax_base AND NOT extracurricular AND small,local_tax_base;extracurricular;small,001,0.792,0.371,119,26,0.433,0.095,0.11,0.099,0.088,0.0,0.125,3,-0.08,False,False,False,,True
held_up,3,autonomy AND culture AND balance,autonomy;culture;balance,111,0.791,0.473,206,55,0.598,0.201,0.252,0.132,0.235,0.136,0.306,4,-0.081,False,False,False,,True
held_up,3,autonomy AND social AND contestation,autonomy;social;contestation,111,0.791,0.458,192,41,0.506,0.15,0.213,0.11,0.029,0.136,0.25,3,-0.081,False,False,False,,True
held_up,3,autonomy AND social AND education,autonomy;social;education,111,0.791,0.448,183,33,0.493,0.12,0.142,0.132,0.059,0.045,0.125,2,-0.081,False,False,False,,False
held_up,3,local_tax_base AND NOT property_tax AND NOT payroll_pit,local_tax_base;property_tax;payroll_pit,100,0.791,0.44,175,41,0.5,0.15,0.126,0.165,0.147,0.227,0.097,4,-0.081,False,False,False,,True
held_up,3,NOT local_tax_base AND social AND balance,local_tax_base;social;balance,011,0.791,0.435,183,45,0.529,0.164,0.157,0.132,0.235,0.227,0.167,4,-0.081,False,False,False,,True
held_up,3,single_tax AND NOT investment AND culture,single_tax;investment;culture,101,0.791,0.433,176,35,0.461,0.128,0.15,0.099,0.088,0.182,0.167,4,-0.081,False,False,False,,True
held_up,3,local_tax_base AND NOT payroll_pit AND NOT investment,local_tax_base;payroll_pit;investment,100,0.791,0.428,167,49,0.557,0.179,0.11,0.231,0.235,0.273,0.083,4,-0.081,False,False,False,,True
held_up,3,autonomy AND investment AND NOT education,autonomy;investment;education,110,0.791,0.428,162,53,0.525,0.193,0.22,0.176,0.059,0.318,0.208,3,-0.081,False,False,False,,True
held_up,3,culture AND NOT extracurricular AND NOT contestation,culture;extracurricular;contestation,100,0.791,0.42,169,43,0.518,0.157,0.189,0.088,0.206,0.182,0.194,4,-0.081,False,False,False,,True
held_up,3,social AND NOT contestation AND small,social;contestation;small,101,0.791,0.414,147,29,0.439,0.106,0.134,0.088,0.059,0.091,0.125,4,-0.081,False,False,False,,True
held_up,3,NOT autonomy AND NOT investment AND extracurricular,autonomy;investment;extracurricular,001,0.791,0.41,143,34,0.447,0.124,0.071,0.165,0.176,0.182,0.083,4,-0.081,False,False,False,,True
held_up,3,NOT payroll_pit AND autonomy AND NOT education,payroll_pit;autonomy;education,010,0.791,0.409,124,32,0.492,0.117,0.087,0.11,0.147,0.273,0.028,4,-0.081,False,False,False,,True
held_up,3,payroll_pit AND NOT investment AND extracurricular,payroll_pit;investment;extracurricular,101,0.791,0.396,132,17,0.309,0.062,0.087,0.055,0.029,0.0,0.125,2,-0.081,False,False,False,,False
held_up,3,NOT investment AND NOT culture AND contestation,investment;culture;contestation,001,0.791,0.396,138,34,0.479,0.124,0.055,0.187,0.206,0.136,0.042,3,-0.081,False,False,False,,True
held_up,3,NOT payroll_pit AND extracurricular AND NOT contestation,payroll_pit;extracurricular;contestation,010,0.791,0.388,130,30,0.423,0.109,0.055,0.165,0.176,0.091,0.014,4,-0.081,False,False,False,,True
held_up,3,NOT autonomy AND extracurricular AND NOT balance,autonomy;extracurricular;balance,010,0.791,0.385,124,29,0.468,0.106,0.118,0.11,0.059,0.091,0.139,4,-0.081,False,False,False,,True
held_up,3,NOT local_tax_base AND payroll_pit AND NOT balance,local_tax_base;payroll_pit;balance,010,0.791,0.383,128,29,0.408,0.106,0.134,0.11,0.059,0.0,0.181,3,-0.081,False,False,False,,True
held_up,3,NOT single_tax AND payroll_pit AND autonomy,single_tax;payroll_pit;autonomy,011,0.791,0.382,106,21,0.362,0.077,0.079,0.088,0.029,0.091,0.125,3,-0.081,False,False,False,,True
held_up,3,NOT single_tax AND autonomy AND NOT social,single_tax;autonomy;social,010,0.791,0.382,107,21,0.356,0.077,0.047,0.088,0.059,0.227,0.069,4,-0.081,False,False,False,,True
held_up,3,NOT autonomy AND NOT education AND NOT contestation,autonomy;education;contestation,000,0.791,0.38,125,30,0.429,0.109,0.071,0.132,0.206,0.091,0.069,4,-0.081,False,False,False,,True
held_up,3,NOT single_tax AND NOT balance AND small,single_tax;balance;small,001,0.791,0.37,114,32,0.444,0.117,0.142,0.132,0.029,0.045,0.125,2,-0.081,False,False,False,,False
held_up,3,NOT local_tax_base AND NOT balance AND small,local_tax_base;balance;small,001,0.791,0.362,111,22,0.355,0.08,0.118,0.055,0.059,0.0,0.167,3,-0.081,False,False,False,,True
held_up,3,payroll_pit AND NOT social AND NOT balance,payroll_pit;social;balance,100,0.791,0.362,108,22,0.393,0.08,0.094,0.099,0.029,0.0,0.097,2,-0.081,False,False,False,,False
held_up,3,single_tax AND payroll_pit AND investment,single_tax;payroll_pit;investment,111,0.79,0.481,223,60,0.571,0.219,0.315,0.165,0.088,0.091,0.306,2,-0.082,False,False,False,,False
held_up,3,single_tax AND culture AND NOT extracurricular,single_tax;culture;extracurricular,110,0.79,0.448,198,51,0.567,0.186,0.22,0.143,0.176,0.182,0.208,4,-0.082,False,False,False,,True
held_up,3,investment AND extracurricular AND balance,investment;extracurricular;balance,111,0.79,0.446,167,47,0.547,0.172,0.181,0.143,0.147,0.273,0.194,4,-0.082,False,False,False,,True
held_up,3,local_tax_base AND NOT payroll_pit AND small,local_tax_base;payroll_pit;small,101,0.79,0.437,177,64,0.621,0.234,0.228,0.22,0.206,0.364,0.208,4,-0.082,False,False,False,,True
held_up,3,NOT local_tax_base AND autonomy AND investment,local_tax_base;autonomy;investment,011,0.79,0.431,175,52,0.525,0.19,0.228,0.165,0.059,0.273,0.25,3,-0.082,False,False,False,,True
held_up,3,NOT property_tax AND extracurricular AND contestation,property_tax;extracurricular;contestation,011,0.79,0.428,160,36,0.486,0.131,0.087,0.165,0.088,0.318,0.083,4,-0.082,False,False,False,,True
held_up,3,NOT local_tax_base AND social AND culture,local_tax_base;social;culture,011,0.79,0.426,161,41,0.562,0.15,0.173,0.143,0.118,0.091,0.194,4,-0.082,False,False,False,,True
held_up,3,NOT autonomy AND education AND NOT contestation,autonomy;education;contestation,010,0.79,0.426,170,46,0.517,0.168,0.181,0.154,0.147,0.182,0.167,4,-0.082,False,False,False,,True
held_up,3,property_tax AND single_tax AND NOT investment,property_tax;single_tax;investment,110,0.79,0.423,174,29,0.42,0.106,0.087,0.099,0.118,0.227,0.069,4,-0.082,False,False,False,,True
held_up,3,payroll_pit AND autonomy AND NOT contestation,payroll_pit;autonomy;contestation,110,0.79,0.422,165,32,0.432,0.117,0.165,0.077,0.059,0.091,0.194,4,-0.082,False,False,False,,True
held_up,3,NOT payroll_pit AND contestation AND NOT small,payroll_pit;contestation;small,010,0.79,0.421,151,44,0.587,0.161,0.11,0.198,0.176,0.273,0.069,4,-0.082,False,False,False,,True
held_up,3,NOT property_tax AND autonomy AND NOT small,property_tax;autonomy;small,010,0.79,0.419,158,35,0.467,0.128,0.087,0.154,0.088,0.318,0.028,4,-0.082,False,False,False,,True
held_up,3,investment AND NOT social AND NOT culture,investment;social;culture,100,0.79,0.415,148,45,0.506,0.164,0.126,0.231,0.088,0.227,0.097,4,-0.082,False,False,False,,True
held_up,3,NOT local_tax_base AND NOT property_tax AND social,local_tax_base;property_tax;social,001,0.79,0.414,139,40,0.563,0.146,0.102,0.143,0.235,0.273,0.097,4,-0.082,False,False,False,,True
held_up,3,investment AND NOT social AND NOT education,investment;social;education,100,0.79,0.413,147,41,0.466,0.15,0.134,0.187,0.059,0.227,0.083,3,-0.082,False,False,False,,True
held_up,3,single_tax AND NOT extracurricular AND NOT balance,single_tax;extracurricular;balance,100,0.79,0.406,167,35,0.461,0.128,0.126,0.121,0.147,0.136,0.111,4,-0.082,False,False,False,,True
held_up,3,investment AND NOT education AND NOT balance,investment;education;balance,100,0.79,0.401,157,51,0.567,0.186,0.165,0.231,0.118,0.227,0.153,4,-0.082,False,False,False,,True
held_up,3,NOT property_tax AND extracurricular AND NOT contestation,property_tax;extracurricular;contestation,010,0.79,0.396,142,33,0.418,0.12,0.102,0.121,0.176,0.136,0.097,4,-0.082,False,False,False,,True
held_up,3,NOT local_tax_base AND NOT investment AND balance,local_tax_base;investment;balance,001,0.79,0.393,136,23,0.426,0.084,0.047,0.11,0.176,0.045,0.042,4,-0.082,False,False,False,,True
held_up,3,NOT local_tax_base AND NOT investment AND social,local_tax_base;investment;social,001,0.79,0.392,130,21,0.396,0.077,0.071,0.066,0.147,0.045,0.069,4,-0.082,False,False,False,,True
held_up,3,NOT local_tax_base AND NOT single_tax AND social,local_tax_base;single_tax;social,001,0.79,0.389,130,33,0.5,0.12,0.102,0.11,0.176,0.182,0.111,4,-0.082,False,False,False,,True
held_up,3,NOT investment AND extracurricular AND NOT contestation,investment;extracurricular;contestation,010,0.79,0.386,130,24,0.364,0.088,0.071,0.11,0.118,0.045,0.069,4,-0.082,False,False,False,,True
held_up,3,NOT culture AND NOT extracurricular AND NOT contestation,culture;extracurricular;contestation,000,0.79,0.385,134,31,0.419,0.113,0.126,0.099,0.088,0.136,0.125,4,-0.082,False,False,False,,True
held_up,3,payroll_pit AND investment AND culture,payroll_pit;investment;culture,111,0.789,0.465,199,52,0.584,0.19,0.244,0.154,0.118,0.136,0.25,4,-0.083,False,False,False,,True
held_up,3,local_tax_base AND property_tax AND autonomy,local_tax_base;property_tax;autonomy,111,0.789,0.459,192,51,0.526,0.186,0.236,0.121,0.176,0.182,0.25,4,-0.083,False,False,False,,True
held_up,3,single_tax AND social AND extracurricular,single_tax;social;extracurricular,111,0.789,0.454,182,38,0.535,0.139,0.181,0.121,0.059,0.091,0.208,3,-0.083,False,False,False,,True
held_up,3,single_tax AND autonomy AND small,single_tax;autonomy;small,111,0.789,0.443,189,43,0.512,0.157,0.22,0.11,0.059,0.136,0.264,3,-0.083,False,False,False,,True
held_up,3,social AND NOT education AND NOT small,social;education;small,100,0.789,0.431,178,50,0.562,0.182,0.157,0.143,0.382,0.182,0.167,4,-0.083,False,False,False,,True
held_up,3,property_tax AND payroll_pit AND NOT contestation,property_tax;payroll_pit;contestation,110,0.789,0.429,169,28,0.418,0.102,0.142,0.077,0.059,0.045,0.167,3,-0.083,False,False,False,,True
held_up,3,NOT property_tax AND NOT autonomy AND extracurricular,property_tax;autonomy;extracurricular,001,0.789,0.425,162,41,0.494,0.15,0.11,0.154,0.235,0.227,0.125,4,-0.083,False,False,False,,True
held_up,3,NOT single_tax AND NOT autonomy AND extracurricular,single_tax;autonomy;extracurricular,001,0.789,0.413,154,39,0.494,0.142,0.079,0.209,0.235,0.091,0.056,4,-0.083,False,False,False,,True
held_up,3,single_tax AND culture AND NOT balance,single_tax;culture;balance,110,0.789,0.413,165,30,0.423,0.109,0.102,0.099,0.118,0.182,0.125,4,-0.083,False,False,False,,True
held_up,3,NOT single_tax AND NOT payroll_pit AND small,single_tax;payroll_pit;small,001,0.789,0.404,142,43,0.494,0.157,0.173,0.132,0.206,0.091,0.139,4,-0.083,False,False,False,,True
held_up,3,NOT education AND NOT contestation AND NOT small,education;contestation;small,000,0.789,0.402,167,39,0.464,0.142,0.094,0.154,0.294,0.136,0.056,4,-0.083,False,False,False,,True
held_up,3,NOT local_tax_base AND NOT education AND balance,local_tax_base;education;balance,001,0.789,0.396,157,37,0.481,0.135,0.102,0.121,0.265,0.182,0.097,4,-0.083,False,False,False,,True
held_up,3,NOT single_tax AND NOT investment AND contestation,single_tax;investment;contestation,001,0.789,0.396,137,34,0.479,0.124,0.087,0.176,0.176,0.045,0.083,3,-0.083,False,False,False,,True
held_up,3,NOT investment AND NOT social AND contestation,investment;social;contestation,001,0.789,0.39,139,37,0.493,0.135,0.087,0.209,0.118,0.136,0.083,4,-0.083,False,False,False,,True
held_up,3,NOT social AND NOT culture AND small,social;culture;small,001,0.789,0.39,134,43,0.524,0.157,0.15,0.176,0.147,0.136,0.167,4,-0.083,False,False,False,,True
held_up,3,NOT local_tax_base AND NOT culture AND balance,local_tax_base;culture;balance,001,0.789,0.388,140,37,0.493,0.135,0.094,0.132,0.265,0.182,0.097,4,-0.083,False,False,False,,True
held_up,3,NOT local_tax_base AND NOT balance AND NOT small,local_tax_base;balance;small,000,0.789,0.384,132,38,0.507,0.139,0.118,0.187,0.059,0.182,0.125,3,-0.083,False,False,False,,True
held_up,3,NOT investment AND NOT social AND NOT small,investment;social;small,000,0.789,0.383,133,26,0.388,0.095,0.055,0.165,0.059,0.091,0.042,4,-0.083,False,False,False,,True
held_up,3,NOT social AND extracurricular AND NOT balance,social;extracurricular;balance,010,0.789,0.378,122,26,0.388,0.095,0.094,0.11,0.029,0.136,0.097,3,-0.083,False,False,False,,True
held_up,3,NOT autonomy AND NOT education AND NOT balance,autonomy;education;balance,000,0.789,0.376,127,35,0.486,0.128,0.079,0.209,0.118,0.091,0.069,4,-0.083,False,False,False,,True
held_up,3,NOT local_tax_base AND NOT social AND NOT contestation,local_tax_base;social;contestation,000,0.789,0.372,125,27,0.375,0.099,0.102,0.099,0.118,0.045,0.125,3,-0.083,False,False,False,,True
held_up,3,payroll_pit AND culture AND balance,payroll_pit;culture;balance,111,0.788,0.489,211,53,0.582,0.193,0.26,0.154,0.088,0.136,0.292,3,-0.084,False,False,False,,True
held_up,3,single_tax AND autonomy AND education,single_tax;autonomy;education,111,0.788,0.471,208,43,0.524,0.157,0.22,0.121,0.059,0.091,0.236,3,-0.084,False,False,False,,True
held_up,3,property_tax AND autonomy AND investment,property_tax;autonomy;investment,111,0.788,0.464,210,64,0.566,0.234,0.354,0.154,0.118,0.045,0.417,3,-0.084,False,False,False,,True
held_up,3,local_tax_base AND single_tax AND payroll_pit,local_tax_base;single_tax;payroll_pit,111,0.788,0.458,196,36,0.474,0.131,0.173,0.088,0.118,0.091,0.167,4,-0.084,False,False,False,,True
held_up,3,single_tax AND culture AND extracurricular,single_tax;culture;extracurricular,111,0.788,0.45,175,36,0.522,0.131,0.173,0.121,0.029,0.091,0.194,3,-0.084,False,False,False,,True
held_up,3,payroll_pit AND education AND contestation,payroll_pit;education;contestation,111,0.788,0.449,185,40,0.513,0.146,0.173,0.143,0.147,0.0,0.153,3,-0.084,False,False,False,,True
held_up,3,NOT property_tax AND NOT payroll_pit AND contestation,property_tax;payroll_pit;contestation,001,0.788,0.436,175,55,0.647,0.201,0.134,0.264,0.147,0.409,0.125,4,-0.084,False,False,False,,True
held_up,3,property_tax AND extracurricular AND balance,property_tax;extracurricular;balance,111,0.788,0.436,167,36,0.486,0.131,0.165,0.132,0.088,0.0,0.181,3,-0.084,False,False,False,,True
held_up,3,autonomy AND culture AND small,autonomy;culture;small,111,0.788,0.435,176,38,0.5,0.139,0.181,0.099,0.088,0.136,0.236,4,-0.084,False,False,False,,True
held_up,3,property_tax AND NOT investment AND culture,property_tax;investment;culture,101,0.788,0.426,172,36,0.486,0.131,0.102,0.143,0.176,0.182,0.097,4,-0.084,False,False,False,,True
held_up,3,NOT social AND NOT culture AND NOT extracurricular,social;culture;extracurricular,000,0.788,0.424,168,56,0.566,0.204,0.165,0.286,0.147,0.182,0.153,4,-0.084,False,False,False,,True
held_up,3,NOT payroll_pit AND investment AND NOT culture,payroll_pit;investment;culture,010,0.788,0.422,167,50,0.543,0.182,0.134,0.22,0.147,0.364,0.125,4,-0.084,False,False,False,,True
held_up,3,NOT single_tax AND NOT autonomy AND NOT extracurricular,single_tax;autonomy;extracurricular,000,0.788,0.42,170,52,0.531,0.19,0.181,0.231,0.206,0.045,0.167,3,-0.084,False,False,False,,True
held_up,3,social AND NOT extracurricular AND small,social;extracurricular;small,101,0.788,0.419,176,38,0.494,0.139,0.181,0.099,0.088,0.136,0.194,4,-0.084,False,False,False,,True
held_up,3,NOT property_tax AND NOT culture AND balance,property_tax;culture;balance,001,0.788,0.414,161,43,0.524,0.157,0.079,0.176,0.294,0.318,0.069,4,-0.084,False,False,False,,True
held_up,3,NOT investment AND education AND NOT contestation,investment;education;contestation,010,0.788,0.41,151,31,0.419,0.113,0.126,0.088,0.088,0.182,0.139,4,-0.084,False,False,False,,True
held_up,3,payroll_pit AND autonomy AND NOT balance,payroll_pit;autonomy;balance,110,0.788,0.409,160,30,0.385,0.109,0.118,0.143,0.029,0.045,0.111,2,-0.084,False,False,False,,False
held_up,3,NOT payroll_pit AND NOT extracurricular AND NOT contestation,payroll_pit;extracurricular;contestation,000,0.788,0.408,159,49,0.533,0.179,0.181,0.121,0.265,0.273,0.181,4,-0.084,False,False,False,,True
held_up,3,NOT payroll_pit AND balance AND NOT small,payroll_pit;balance;small,010,0.788,0.406,159,42,0.538,0.153,0.047,0.231,0.324,0.182,0.014,3,-0.084,False,False,False,,True
held_up,3,NOT education AND NOT extracurricular AND NOT balance,education;extracurricular;balance,000,0.788,0.406,151,48,0.552,0.175,0.126,0.231,0.147,0.273,0.083,4,-0.084,False,False,False,,True
held_up,3,NOT payroll_pit AND NOT social AND small,payroll_pit;social;small,001,0.788,0.403,153,56,0.583,0.204,0.197,0.187,0.235,0.273,0.222,4,-0.084,False,False,False,,True
held_up,3,NOT autonomy AND NOT investment AND NOT education,autonomy;investment;education,000,0.788,0.397,141,40,0.5,0.146,0.071,0.242,0.206,0.091,0.042,3,-0.084,False,False,False,,True
held_up,3,NOT investment AND NOT education AND contestation,investment;education;contestation,001,0.788,0.397,147,37,0.474,0.135,0.071,0.198,0.206,0.136,0.056,4,-0.084,False,False,False,,True
held_up,3,single_tax AND NOT contestation AND NOT balance,single_tax;contestation;balance,100,0.788,0.395,158,28,0.389,0.102,0.11,0.077,0.118,0.136,0.111,4,-0.084,False,False,False,,True
held_up,3,culture AND NOT contestation AND NOT balance,culture;contestation;balance,100,0.788,0.394,152,30,0.417,0.109,0.118,0.099,0.088,0.136,0.097,4,-0.084,False,False,False,,True
held_up,3,NOT social AND NOT culture AND balance,social;culture;balance,001,0.788,0.393,125,33,0.478,0.12,0.071,0.176,0.118,0.182,0.083,4,-0.084,False,False,False,,True
held_up,3,single_tax AND NOT investment AND NOT balance,single_tax;investment;balance,100,0.788,0.389,141,27,0.422,0.099,0.102,0.066,0.118,0.182,0.097,4,-0.084,False,False,False,,True
held_up,3,NOT payroll_pit AND NOT balance AND small,payroll_pit;balance;small,001,0.788,0.387,131,38,0.494,0.139,0.142,0.143,0.088,0.182,0.125,4,-0.084,False,False,False,,True
held_up,3,NOT local_tax_base AND NOT autonomy AND NOT culture,local_tax_base;autonomy;culture,000,0.788,0.386,130,37,0.487,0.135,0.055,0.176,0.294,0.182,0.042,3,-0.084,False,False,False,,True
held_up,3,autonomy AND NOT investment AND NOT education,autonomy;investment;education,100,0.788,0.383,123,18,0.34,0.066,0.055,0.044,0.147,0.091,0.056,4,-0.084,False,False,False,,True
held_up,3,NOT local_tax_base AND NOT single_tax AND payroll_pit,local_tax_base;single_tax;payroll_pit,001,0.788,0.382,109,24,0.393,0.088,0.102,0.066,0.088,0.091,0.139,4,-0.084,False,False,False,,True
held_up,3,NOT local_tax_base AND NOT culture AND NOT contestation,local_tax_base;culture;contestation,000,0.788,0.371,114,31,0.456,0.113,0.102,0.088,0.206,0.136,0.097,4,-0.084,False,False,False,,True
held_up,3,property_tax AND NOT social AND NOT balance,property_tax;social;balance,100,0.788,0.371,110,25,0.446,0.091,0.094,0.099,0.059,0.091,0.028,4,-0.084,False,False,False,,True
held_up,3,local_tax_base AND single_tax AND culture,local_tax_base;single_tax;culture,111,0.787,0.478,214,46,0.535,0.168,0.197,0.132,0.118,0.227,0.194,4,-0.085,False,False,False,,True
held_up,3,local_tax_base AND culture AND education,local_tax_base;culture;education,111,0.787,0.478,220,55,0.591,0.201,0.197,0.187,0.265,0.182,0.181,4,-0.085,False,False,False,,True
held_up,3,property_tax AND autonomy AND contestation,property_tax;autonomy;contestation,111,0.787,0.454,205,50,0.505,0.182,0.268,0.121,0.118,0.045,0.278,3,-0.085,False,False,False,,True
held_up,3,property_tax AND social AND extracurricular,property_tax;social;extracurricular,111,0.787,0.444,182,40,0.533,0.146,0.181,0.143,0.118,0.0,0.208,3,-0.085,False,False,False,,True
held_up,3,property_tax AND culture AND NOT contestation,property_tax;culture;contestation,110,0.787,0.44,185,48,0.539,0.175,0.181,0.143,0.206,0.227,0.181,4,-0.085,False,False,False,,True
held_up,3,NOT single_tax AND NOT payroll_pit AND investment,single_tax;payroll_pit;investment,001,0.787,0.434,187,54,0.535,0.197,0.157,0.198,0.235,0.364,0.111,4,-0.085,False,False,False,,True
held_up,3,autonomy AND education AND small,autonomy;education;small,111,0.787,0.433,177,35,0.479,0.128,0.181,0.077,0.088,0.091,0.236,4,-0.085,False,False,False,,True
held_up,3,social AND culture AND NOT contestation,social;culture;contestation,110,0.787,0.433,176,40,0.526,0.146,0.126,0.143,0.206,0.182,0.125,4,-0.085,False,False,False,,True
held_up,3,payroll_pit AND extracurricular AND NOT small,payroll_pit;extracurricular;small,110,0.787,0.43,180,37,0.425,0.135,0.157,0.132,0.059,0.136,0.181,3,-0.085,False,False,False,,True
held_up,3,NOT property_tax AND NOT payroll_pit AND NOT extracurricular,property_tax;payroll_pit;extracurricular,000,0.787,0.429,179,54,0.557,0.197,0.157,0.231,0.235,0.227,0.167,4,-0.085,False,False,False,,True
held_up,3,local_tax_base AND payroll_pit AND small,local_tax_base;payroll_pit;small,111,0.787,0.426,178,36,0.48,0.131,0.173,0.088,0.118,0.091,0.194,4,-0.085,False,False,False,,True
held_up,3,NOT payroll_pit AND investment AND NOT education,payroll_pit;investment;education,010,0.787,0.425,170,50,0.543,0.182,0.142,0.22,0.147,0.318,0.111,4,-0.085,False,False,False,,True
held_up,3,NOT payroll_pit AND NOT social AND contestation,payroll_pit;social;contestation,001,0.787,0.425,168,51,0.56,0.186,0.126,0.286,0.088,0.273,0.125,3,-0.085,False,False,False,,True
held_up,3,NOT local_tax_base AND payroll_pit AND NOT small,local_tax_base;payroll_pit;small,010,0.787,0.423,180,44,0.489,0.161,0.197,0.132,0.118,0.136,0.194,4,-0.085,False,False,False,,True
held_up,3,NOT autonomy AND NOT culture AND NOT small,autonomy;culture;small,000,0.787,0.417,173,45,0.495,0.164,0.039,0.264,0.324,0.227,0.014,3,-0.085,False,False,False,,True
held_up,3,NOT local_tax_base AND NOT property_tax AND payroll_pit,local_tax_base;property_tax;payroll_pit,001,0.787,0.416,144,38,0.463,0.139,0.142,0.143,0.118,0.136,0.153,4,-0.085,False,False,False,,True
held_up,3,NOT investment AND social AND extracurricular,investment;social;extracurricular,011,0.787,0.411,140,21,0.368,0.077,0.055,0.088,0.176,0.0,0.042,3,-0.085,False,False,False,,True
held_up,3,local_tax_base AND property_tax AND NOT social,local_tax_base;property_tax;social,110,0.787,0.41,153,48,0.527,0.175,0.189,0.143,0.206,0.182,0.167,4,-0.085,False,False,False,,True
held_up,3,property_tax AND culture AND NOT balance,property_tax;culture;balance,110,0.787,0.409,156,28,0.424,0.102,0.094,0.099,0.088,0.182,0.056,4,-0.085,False,False,False,,True
held_up,3,NOT single_tax AND investment AND NOT social,single_tax;investment;social,010,0.787,0.408,144,36,0.439,0.131,0.094,0.154,0.118,0.273,0.083,4,-0.085,False,False,False,,True
held_up,3,NOT culture AND contestation AND NOT balance,culture;contestation;balance,010,0.787,0.399,157,50,0.562,0.182,0.118,0.297,0.088,0.227,0.097,3,-0.085,False,False,False,,True
held_up,3,NOT property_tax AND NOT investment AND balance,property_tax;investment;balance,001,0.787,0.395,148,35,0.538,0.128,0.079,0.154,0.235,0.136,0.069,4,-0.085,False,False,False,,True
held_up,3,NOT investment AND culture AND NOT balance,investment;culture;balance,010,0.787,0.394,145,31,0.425,0.113,0.134,0.077,0.088,0.182,0.153,4,-0.085,False,False,False,,True
held_up,3,NOT single_tax AND NOT investment AND balance,single_tax;investment;balance,001,0.787,0.392,138,33,0.516,0.12,0.063,0.165,0.294,0.0,0.056,3,-0.085,False,False,False,,True
held_up,3,NOT local_tax_base AND autonomy AND NOT investment,local_tax_base;autonomy;investment,010,0.787,0.387,137,15,0.273,0.055,0.063,0.055,0.059,0.0,0.069,3,-0.085,False,False,False,,True
held_up,3,NOT investment AND NOT education AND NOT contestation,investment;education;contestation,000,0.787,0.37,117,21,0.382,0.077,0.055,0.088,0.147,0.045,0.042,4,-0.085,False,False,False,,True
held_up,3,single_tax AND payroll_pit AND balance,single_tax;payroll_pit;balance,111,0.786,0.488,218,53,0.57,0.193,0.276,0.143,0.088,0.091,0.292,2,-0.086,False,False,False,,False
held_up,3,local_tax_base AND single_tax AND education,local_tax_base;single_tax;education,111,0.786,0.48,224,42,0.519,0.153,0.157,0.121,0.147,0.273,0.167,4,-0.086,False,False,False,,True
held_up,3,autonomy AND social AND balance,autonomy;social;balance,111,0.786,0.474,216,49,0.551,0.179,0.22,0.132,0.176,0.136,0.264,4,-0.086,False,False,False,,True
held_up,3,property_tax AND payroll_pit AND investment,property_tax;payroll_pit;investment,111,0.786,0.472,220,57,0.533,0.208,0.323,0.132,0.088,0.045,0.361,2,-0.086,False,False,False,,False
held_up,3,payroll_pit AND contestation AND balance,payroll_pit;contestation;balance,111,0.786,0.451,193,44,0.484,0.161,0.22,0.121,0.118,0.045,0.236,3,-0.086,False,False,False,,True
held_up,3,single_tax AND education AND NOT extracurricular,single_tax;education;extracurricular,110,0.786,0.448,211,49,0.521,0.179,0.197,0.154,0.176,0.182,0.194,4,-0.086,False,False,False,,True
held_up,3,social AND education AND extracurricular,social;education;extracurricular,111,0.786,0.444,165,36,0.537,0.131,0.142,0.143,0.088,0.091,0.125,4,-0.086,False,False,False,,True
held_up,3,local_tax_base AND property_tax AND NOT contestation,local_tax_base;property_tax;contestation,110,0.786,0.438,187,50,0.526,0.182,0.197,0.154,0.147,0.273,0.194,4,-0.086,False,False,False,,True
held_up,3,NOT local_tax_base AND payroll_pit AND investment,local_tax_base;payroll_pit;investment,011,0.786,0.438,183,54,0.529,0.197,0.26,0.154,0.118,0.136,0.264,4,-0.086,False,False,False,,True
held_up,3,NOT local_tax_base AND culture AND education,local_tax_base;culture;education,011,0.786,0.437,175,45,0.556,0.164,0.22,0.154,0.059,0.045,0.25,2,-0.086,False,False,False,,False
held_up,3,investment AND NOT culture AND NOT small,investment;culture;small,100,0.786,0.435,181,53,0.52,0.193,0.157,0.231,0.147,0.318,0.139,4,-0.086,False,False,False,,True
held_up,3,NOT autonomy AND culture AND small,autonomy;culture;small,011,0.786,0.433,173,52,0.571,0.19,0.228,0.143,0.206,0.136,0.222,4,-0.086,False,False,False,,True
held_up,3,NOT culture AND NOT education AND NOT extracurricular,culture;education;extracurricular,000,0.786,0.432,170,54,0.557,0.197,0.126,0.286,0.235,0.182,0.083,4,-0.086,False,False,False,,True
held_up,3,NOT social AND NOT culture AND contestation,social;culture;contestation,001,0.786,0.427,166,56,0.56,0.204,0.11,0.341,0.118,0.318,0.069,4,-0.086,False,False,False,,True
held_up,3,local_tax_base AND property_tax AND NOT investment,local_tax_base;property_tax;investment,110,0.786,0.425,175,40,0.482,0.146,0.11,0.154,0.206,0.227,0.083,4,-0.086,False,False,False,,True
held_up,3,NOT property_tax AND extracurricular AND balance,property_tax;extracurricular;balance,011,0.786,0.424,164,37,0.481,0.135,0.055,0.154,0.235,0.364,0.042,3,-0.086,False,False,False,,True
held_up,3,NOT local_tax_base AND autonomy AND culture,local_tax_base;autonomy;culture,011,0.786,0.415,162,31,0.443,0.113,0.142,0.088,0.088,0.091,0.153,4,-0.086,False,False,False,,True
held_up,3,NOT property_tax AND NOT payroll_pit AND balance,property_tax;payroll_pit;balance,001,0.786,0.414,167,45,0.542,0.164,0.079,0.209,0.294,0.273,0.069,3,-0.086,False,False,False,,True
held_up,3,NOT investment AND extracurricular AND contestation,investment;extracurricular;contestation,011,0.786,0.41,152,25,0.357,0.091,0.071,0.11,0.088,0.136,0.069,4,-0.086,False,False,False,,True
held_up,3,NOT payroll_pit AND NOT culture AND balance,payroll_pit;culture;balance,001,0.786,0.409,152,44,0.557,0.161,0.079,0.209,0.235,0.318,0.083,3,-0.086,False,False,False,,True
held_up,3,autonomy AND NOT education AND balance,autonomy;education;balance,101,0.786,0.409,149,32,0.427,0.117,0.142,0.066,0.147,0.136,0.153,4,-0.086,False,False,False,,True
held_up,3,local_tax_base AND NOT investment AND NOT balance,local_tax_base;investment;balance,100,0.786,0.406,156,32,0.432,0.117,0.087,0.143,0.118,0.182,0.042,4,-0.086,False,False,False,,True
held_up,3,NOT local_tax_base AND payroll_pit AND NOT contestation,local_tax_base;payroll_pit;contestation,010,0.786,0.399,139,33,0.471,0.12,0.165,0.066,0.118,0.091,0.181,4,-0.086,False,False,False,,True
held_up,3,local_tax_base AND NOT investment AND NOT social,local_tax_base;investment;social,100,0.786,0.398,153,39,0.476,0.142,0.11,0.176,0.118,0.227,0.083,4,-0.086,False,False,False,,True
held_up,3,local_tax_base AND NOT culture AND NOT balance,local_tax_base;culture;balance,100,0.786,0.398,158,39,0.487,0.142,0.134,0.176,0.118,0.091,0.097,4,-0.086,False,False,False,,True
held_up,3,NOT single_tax AND autonomy AND extracurricular,single_tax;autonomy;extracurricular,011,0.786,0.397,130,24,0.324,0.088,0.079,0.077,0.088,0.182,0.069,4,-0.086,False,False,False,,True
held_up,3,NOT social AND culture AND small,social;culture;small,011,0.786,0.393,135,40,0.513,0.146,0.189,0.066,0.206,0.136,0.236,3,-0.086,False,False,False,,True
held_up,3,NOT investment AND NOT extracurricular AND NOT contestation,investment;extracurricular;contestation,000,0.786,0.392,138,28,0.444,0.102,0.11,0.066,0.118,0.182,0.111,4,-0.086,False,False,False,,True
held_up,3,NOT single_tax AND contestation AND NOT balance,single_tax;contestation;balance,010,0.786,0.386,145,44,0.55,0.161,0.11,0.253,0.059,0.227,0.097,3,-0.086,False,False,False,,True
held_up,3,NOT investment AND NOT culture AND balance,investment;culture;balance,001,0.786,0.384,136,30,0.484,0.109,0.055,0.132,0.206,0.182,0.056,4,-0.086,False,False,False,,True
held_up,3,NOT single_tax AND NOT social AND small,single_tax;social;small,001,0.786,0.383,129,41,0.482,0.15,0.157,0.143,0.176,0.091,0.167,4,-0.086,False,False,False,,True
held_up,3,payroll_pit AND NOT contestation AND NOT balance,payroll_pit;contestation;balance,100,0.786,0.383,143,24,0.353,0.088,0.126,0.066,0.059,0.0,0.139,3,-0.086,False,False,False,,True
held_up,3,payroll_pit AND NOT social AND small,payroll_pit;social;small,101,0.786,0.372,116,27,0.422,0.099,0.142,0.055,0.118,0.0,0.181,3,-0.086,False,False,False,,True
held_up,3,single_tax AND autonomy AND social,single_tax;autonomy;social,111,0.785,0.482,224,45,0.529,0.164,0.236,0.121,0.029,0.136,0.278,3,-0.087,False,False,False,,True
held_up,3,property_tax AND payroll_pit AND balance,property_tax;payroll_pit;balance,111,0.785,0.477,210,51,0.526,0.186,0.283,0.121,0.088,0.045,0.333,2,-0.087,False,False,False,,False
held_up,3,autonomy AND social AND culture,autonomy;social;culture,111,0.785,0.473,221,51,0.58,0.186,0.205,0.154,0.206,0.182,0.222,4,-0.087,False,False,False,,True
held_up,3,property_tax AND autonomy AND balance,property_tax;autonomy;balance,111,0.785,0.466,209,56,0.544,0.204,0.291,0.11,0.206,0.091,0.375,3,-0.087,False,False,False,,True
held_up,3,local_tax_base AND property_tax AND social,local_tax_base;property_tax;social,111,0.785,0.46,206,49,0.557,0.179,0.189,0.176,0.176,0.136,0.181,4,-0.087,False,False,False,,True
held_up,3,social AND culture AND extracurricular,social;culture;extracurricular,111,0.785,0.455,179,42,0.553,0.153,0.15,0.176,0.147,0.091,0.125,4,-0.087,False,False,False,,True
held_up,3,social AND extracurricular AND contestation,social;extracurricular;contestation,111,0.785,0.455,187,37,0.481,0.135,0.165,0.121,0.088,0.091,0.167,4,-0.087,False,False,False,,True
held_up,3,single_tax AND education AND extracurricular,single_tax;education;extracurricular,111,0.785,0.452,172,36,0.537,0.131,0.157,0.11,0.059,0.182,0.181,3,-0.087,False,False,False,,True
held_up,3,single_tax AND education AND NOT contestation,single_tax;education;contestation,110,0.785,0.452,196,42,0.477,0.153,0.165,0.132,0.088,0.273,0.208,4,-0.087,False,False,False,,True
held_up,3,autonomy AND contestation AND balance,autonomy;contestation;balance,111,0.785,0.45,195,40,0.471,0.146,0.197,0.099,0.118,0.091,0.236,4,-0.087,False,False,False,,True
held_up,3,payroll_pit AND education AND NOT contestation,payroll_pit;education;contestation,110,0.785,0.444,188,36,0.444,0.131,0.181,0.11,0.029,0.091,0.222,3,-0.087,False,False,False,,True
held_up,3,local_tax_base AND NOT autonomy AND NOT extracurricular,local_tax_base;autonomy;extracurricular,100,0.785,0.442,202,57,0.514,0.208,0.205,0.22,0.265,0.091,0.167,3,-0.087,False,False,False,,True
held_up,3,property_tax AND NOT investment AND education,property_tax;investment;education,101,0.785,0.428,172,32,0.464,0.117,0.087,0.143,0.147,0.136,0.083,4,-0.087,False,False,False,,True
held_up,3,local_tax_base AND NOT autonomy AND NOT balance,local_tax_base;autonomy;balance,100,0.785,0.423,172,38,0.463,0.139,0.118,0.165,0.176,0.091,0.083,4,-0.087,False,False,False,,True
held_up,3,NOT single_tax AND investment AND NOT small,single_tax;investment;small,010,0.785,0.422,168,45,0.506,0.164,0.087,0.209,0.206,0.364,0.083,4,-0.087,False,False,False,,True
held_up,3,NOT autonomy AND NOT investment AND education,autonomy;investment;education,001,0.785,0.421,155,40,0.513,0.146,0.15,0.132,0.147,0.182,0.181,4,-0.087,False,False,False,,True
held_up,3,NOT culture AND balance AND NOT small,culture;balance;small,010,0.785,0.419,173,41,0.471,0.15,0.079,0.198,0.235,0.227,0.069,4,-0.087,False,False,False,,True
held_up,3,education AND extracurricular AND small,education;extracurricular;small,111,0.785,0.418,139,31,0.492,0.113,0.15,0.077,0.059,0.136,0.181,4,-0.087,False,False,False,,True
held_up,3,local_tax_base AND NOT single_tax AND NOT culture,local_tax_base;single_tax;culture,100,0.785,0.417,156,36,0.45,0.131,0.094,0.198,0.118,0.091,0.069,4,-0.087,False,False,False,,True
held_up,3,NOT local_tax_base AND social AND education,local_tax_base;social;education,011,0.785,0.417,158,37,0.529,0.135,0.173,0.121,0.059,0.091,0.181,3,-0.087,False,False,False,,True
held_up,3,NOT autonomy AND NOT extracurricular AND NOT contestation,autonomy;extracurricular;contestation,000,0.785,0.416,174,46,0.479,0.168,0.189,0.132,0.176,0.182,0.167,4,-0.087,False,False,False,,True
held_up,3,NOT social AND NOT education AND NOT extracurricular,social;education;extracurricular,000,0.785,0.414,158,51,0.526,0.186,0.15,0.264,0.147,0.136,0.097,4,-0.087,False,False,False,,True
held_up,3,NOT investment AND balance AND NOT small,investment;balance;small,010,0.785,0.402,168,31,0.47,0.113,0.039,0.165,0.265,0.091,0.014,3,-0.087,False,False,False,,True
held_up,3,NOT local_tax_base AND NOT payroll_pit AND NOT autonomy,local_tax_base;payroll_pit;autonomy,000,0.785,0.399,152,44,0.524,0.161,0.094,0.22,0.235,0.182,0.111,4,-0.087,False,False,False,,True
held_up,3,NOT payroll_pit AND NOT social AND balance,payroll_pit;social;balance,001,0.785,0.399,151,42,0.525,0.153,0.118,0.187,0.176,0.182,0.153,4,-0.087,False,False,False,,True
held_up,3,NOT local_tax_base AND NOT payroll_pit AND extracurricular,local_tax_base;payroll_pit;extracurricular,001,0.785,0.398,143,34,0.442,0.124,0.071,0.165,0.176,0.182,0.056,4,-0.087,False,False,False,,True
held_up,3,education AND NOT extracurricular AND NOT balance,education;extracurricular;balance,100,0.785,0.398,166,29,0.403,0.106,0.134,0.088,0.088,0.045,0.139,3,-0.087,False,False,False,,True
held_up,3,NOT local_tax_base AND NOT single_tax AND balance,local_tax_base;single_tax;balance,001,0.785,0.395,148,34,0.453,0.124,0.063,0.143,0.265,0.182,0.069,4,-0.087,False,False,False,,True
held_up,3,NOT local_tax_base AND payroll_pit AND NOT culture,local_tax_base;payroll_pit;culture,010,0.785,0.388,131,31,0.413,0.113,0.142,0.099,0.088,0.045,0.167,3,-0.087,False,False,False,,True
held_up,3,autonomy AND NOT culture AND NOT balance,autonomy;culture;balance,100,0.785,0.382,129,36,0.493,0.131,0.142,0.143,0.029,0.182,0.111,3,-0.087,False,False,False,,True
held_up,3,NOT local_tax_base AND NOT autonomy AND NOT balance,local_tax_base;autonomy;balance,000,0.785,0.373,129,36,0.48,0.131,0.15,0.143,0.059,0.091,0.194,3,-0.087,False,False,False,,True
held_up,3,property_tax AND autonomy AND education,property_tax;autonomy;education,111,0.784,0.467,216,48,0.533,0.175,0.228,0.143,0.118,0.091,0.264,4,-0.088,False,False,False,,True
held_up,3,autonomy AND culture AND education,autonomy;culture;education,111,0.784,0.466,210,45,0.549,0.164,0.197,0.154,0.118,0.091,0.222,4,-0.088,False,False,False,,True
held_up,3,social AND extracurricular AND NOT small,social;extracurricular;small,110,0.784,0.458,208,51,0.531,0.186,0.173,0.176,0.265,0.182,0.167,4,-0.088,False,False,False,,True
held_up,3,local_tax_base AND NOT payroll_pit AND NOT extracurricular,local_tax_base;payroll_pit;extracurricular,100,0.784,0.456,210,72,0.6,0.263,0.252,0.253,0.324,0.273,0.236,4,-0.088,False,False,False,,True
held_up,3,culture AND education AND extracurricular,culture;education;extracurricular,111,0.784,0.454,171,40,0.556,0.146,0.173,0.154,0.059,0.091,0.194,3,-0.088,False,False,False,,True
held_up,3,property_tax AND culture AND NOT extracurricular,property_tax;culture;extracurricular,110,0.784,0.451,216,58,0.563,0.212,0.252,0.132,0.265,0.227,0.236,4,-0.088,False,False,False,,True
held_up,3,property_tax AND education AND NOT extracurricular,property_tax;education;extracurricular,110,0.784,0.446,220,54,0.54,0.197,0.22,0.143,0.265,0.182,0.222,4,-0.088,False,False,False,,True
held_up,3,NOT investment AND culture AND education,investment;culture;education,011,0.784,0.446,190,42,0.494,0.153,0.165,0.165,0.118,0.091,0.194,4,-0.088,False,False,False,,True
held_up,3,payroll_pit AND culture AND NOT extracurricular,payroll_pit;culture;extracurricular,110,0.784,0.44,194,44,0.53,0.161,0.205,0.132,0.118,0.091,0.208,4,-0.088,False,False,False,,True
held_up,3,single_tax AND NOT investment AND education,single_tax;investment;education,101,0.784,0.439,188,35,0.461,0.128,0.126,0.099,0.147,0.227,0.139,4,-0.088,False,False,False,,True
held_up,3,payroll_pit AND NOT investment AND culture,payroll_pit;investment;culture,101,0.784,0.428,172,27,0.403,0.099,0.126,0.088,0.059,0.045,0.167,3,-0.088,False,False,False,,True
held_up,3,local_tax_base AND NOT social AND NOT culture,local_tax_base;social;culture,100,0.784,0.425,176,48,0.522,0.175,0.142,0.242,0.088,0.227,0.111,4,-0.088,False,False,False,,True
held_up,3,NOT single_tax AND NOT culture AND NOT extracurricular,single_tax;culture;extracurricular,000,0.784,0.422,161,46,0.511,0.168,0.11,0.242,0.176,0.182,0.097,4,-0.088,False,False,False,,True
held_up,3,payroll_pit AND autonomy AND NOT investment,payroll_pit;autonomy;investment,110,0.784,0.414,167,17,0.274,0.062,0.079,0.066,0.0,0.045,0.097,3,-0.088,False,False,False,,True
held_up,3,autonomy AND NOT culture AND contestation,autonomy;culture;contestation,101,0.784,0.414,152,38,0.452,0.139,0.126,0.165,0.029,0.273,0.139,3,-0.088,False,False,False,,True
held_up,3,NOT autonomy AND NOT education AND NOT small,autonomy;education;small,000,0.784,0.414,182,47,0.505,0.172,0.055,0.275,0.324,0.182,0.028,3,-0.088,False,False,False,,True
held_up,3,payroll_pit AND culture AND NOT balance,payroll_pit;culture;balance,110,0.784,0.409,160,26,0.4,0.095,0.11,0.088,0.088,0.045,0.125,3,-0.088,False,False,False,,True
held_up,3,autonomy AND NOT social AND NOT education,autonomy;social;education,100,0.784,0.405,138,32,0.405,0.117,0.087,0.165,0.059,0.182,0.028,4,-0.088,False,False,False,,True
held_up,3,payroll_pit AND autonomy AND NOT culture,payroll_pit;autonomy;culture,110,0.784,0.399,143,33,0.402,0.12,0.165,0.121,0.0,0.045,0.181,2,-0.088,False,False,False,,False
held_up,3,local_tax_base AND NOT social AND NOT contestation,local_tax_base;social;contestation,100,0.784,0.398,151,40,0.482,0.146,0.173,0.11,0.118,0.182,0.167,4,-0.088,False,False,False,,True
held_up,3,NOT single_tax AND NOT contestation AND NOT small,single_tax;contestation;small,000,0.784,0.398,161,37,0.44,0.135,0.047,0.198,0.294,0.136,0.014,3,-0.088,False,False,False,,True
held_up,3,NOT payroll_pit AND NOT contestation AND NOT small,payroll_pit;contestation;small,000,0.784,0.393,162,37,0.457,0.135,0.055,0.209,0.235,0.136,0.028,3,-0.088,False,False,False,,True
held_up,3,payroll_pit AND NOT extracurricular AND NOT balance,payroll_pit;extracurricular;balance,100,0.784,0.392,156,26,0.366,0.095,0.102,0.099,0.088,0.045,0.083,3,-0.088,False,False,False,,True
held_up,3,property_tax AND NOT investment AND NOT balance,property_tax;investment;balance,100,0.784,0.386,137,25,0.41,0.091,0.063,0.099,0.118,0.182,0.028,4,-0.088,False,False,False,,True
held_up,3,NOT property_tax AND extracurricular AND NOT balance,property_tax;extracurricular;balance,010,0.784,0.386,138,32,0.421,0.117,0.134,0.132,0.029,0.091,0.139,3,-0.088,False,False,False,,True
held_up,3,payroll_pit AND NOT investment AND NOT balance,payroll_pit;investment;balance,100,0.784,0.38,135,26,0.413,0.095,0.118,0.077,0.088,0.045,0.139,3,-0.088,False,False,False,,True
held_up,3,NOT local_tax_base AND NOT payroll_pit AND NOT investment,local_tax_base;payroll_pit;investment,000,0.784,0.375,119,28,0.438,0.102,0.079,0.11,0.176,0.091,0.069,4,-0.088,False,False,False,,True
held_up,3,NOT investment AND NOT education AND NOT balance,investment;education;balance,000,0.784,0.365,106,23,0.377,0.084,0.047,0.132,0.059,0.136,0.028,4,-0.088,False,False,False,,True
held_up,3,culture AND education AND NOT contestation,culture;education;contestation,110,0.783,0.465,215,54,0.54,0.197,0.205,0.176,0.206,0.227,0.222,4,-0.089,False,False,False,,True
held_up,3,single_tax AND culture AND NOT contestation,single_tax;culture;contestation,110,0.783,0.444,196,44,0.494,0.161,0.173,0.143,0.118,0.227,0.208,4,-0.089,False,False,False,,True
held_up,3,property_tax AND autonomy AND extracurricular,property_tax;autonomy;extracurricular,111,0.783,0.439,172,36,0.434,0.131,0.197,0.099,0.059,0.0,0.222,2,-0.089,False,False,False,,False
held_up,3,single_tax AND payroll_pit AND NOT contestation,single_tax;payroll_pit;contestation,110,0.783,0.439,186,38,0.475,0.139,0.197,0.099,0.059,0.091,0.222,3,-0.089,False,False,False,,True
held_up,3,NOT payroll_pit AND NOT culture AND NOT extracurricular,payroll_pit;culture;extracurricular,000,0.783,0.438,183,60,0.594,0.219,0.165,0.286,0.206,0.273,0.167,4,-0.089,False,False,False,,True
held_up,3,NOT payroll_pit AND NOT culture AND contestation,payroll_pit;culture;contestation,001,0.783,0.437,175,54,0.614,0.197,0.102,0.286,0.176,0.409,0.097,4,-0.089,False,False,False,,True
held_up,3,local_tax_base AND NOT autonomy AND NOT social,local_tax_base;autonomy;social,100,0.783,0.431,184,47,0.48,0.172,0.134,0.22,0.176,0.182,0.111,4,-0.089,False,False,False,,True
held_up,3,local_tax_base AND NOT investment AND small,local_tax_base;investment;small,101,0.783,0.43,180,47,0.516,0.172,0.165,0.165,0.147,0.273,0.153,4,-0.089,False,False,False,,True
held_up,3,NOT single_tax AND NOT education AND NOT extracurricular,single_tax;education;extracurricular,000,0.783,0.426,165,47,0.511,0.172,0.102,0.242,0.235,0.182,0.083,4,-0.089,False,False,False,,True
held_up,3,property_tax AND single_tax AND NOT balance,property_tax;single_tax;balance,110,0.783,0.425,182,33,0.429,0.12,0.134,0.088,0.118,0.182,0.125,4,-0.089,False,False,False,,True
held_up,3,NOT payroll_pit AND NOT autonomy AND balance,payroll_pit;autonomy;balance,001,0.783,0.425,178,56,0.609,0.204,0.126,0.253,0.353,0.227,0.111,4,-0.089,False,False,False,,True
held_up,3,local_tax_base AND NOT autonomy AND NOT contestation,local_tax_base;autonomy;contestation,100,0.783,0.424,171,40,0.46,0.146,0.142,0.165,0.118,0.136,0.097,4,-0.089,False,False,False,,True
held_up,3,NOT property_tax AND autonomy AND NOT education,property_tax;autonomy;education,010,0.783,0.416,150,37,0.493,0.135,0.079,0.176,0.118,0.318,0.042,4,-0.089,False,False,False,,True
held_up,3,property_tax AND education AND NOT balance,property_tax;education;balance,110,0.783,0.415,172,27,0.397,0.099,0.087,0.11,0.118,0.091,0.056,4,-0.089,False,False,False,,True
held_up,3,autonomy AND NOT culture AND extracurricular,autonomy;culture;extracurricular,101,0.783,0.414,157,32,0.381,0.117,0.142,0.121,0.0,0.136,0.139,3,-0.089,False,False,False,,True
held_up,3,local_tax_base AND NOT social AND NOT education,local_tax_base;social;education,100,0.783,0.412,160,42,0.442,0.153,0.134,0.209,0.088,0.136,0.083,4,-0.089,False,False,False,,True
held_up,3,NOT property_tax AND NOT single_tax AND balance,property_tax;single_tax;balance,001,0.783,0.411,153,36,0.468,0.131,0.047,0.176,0.294,0.182,0.028,3,-0.089,False,False,False,,True
held_up,3,NOT local_tax_base AND NOT social AND NOT small,local_tax_base;social;small,000,0.783,0.407,162,40,0.471,0.146,0.094,0.242,0.059,0.182,0.056,3,-0.089,False,False,False,,True
held_up,3,NOT property_tax AND NOT contestation AND NOT small,property_tax;contestation;small,000,0.783,0.404,180,41,0.461,0.15,0.079,0.187,0.265,0.227,0.014,4,-0.089,False,False,False,,True
held_up,3,property_tax AND NOT contestation AND NOT balance,property_tax;contestation;balance,100,0.783,0.393,147,24,0.364,0.088,0.094,0.077,0.059,0.136,0.056,4,-0.089,False,False,False,,True
held_up,3,NOT local_tax_base AND NOT payroll_pit AND NOT social,local_tax_base;payroll_pit;social,000,0.783,0.387,140,34,0.447,0.124,0.079,0.176,0.147,0.136,0.083,4,-0.089,False,False,False,,True
held_up,3,NOT local_tax_base AND NOT investment AND NOT contestation,local_tax_base;investment;contestation,000,0.783,0.378,127,22,0.355,0.08,0.087,0.055,0.147,0.045,0.111,4,-0.089,False,False,False,,True
held_up,3,NOT local_tax_base AND NOT contestation AND NOT balance,local_tax_base;contestation;balance,000,0.783,0.365,123,26,0.371,0.095,0.126,0.055,0.118,0.045,0.153,3,-0.089,False,False,False,,True
held_up,3,single_tax AND payroll_pit AND contestation,single_tax;payroll_pit;contestation,111,0.782,0.469,224,49,0.5,0.179,0.228,0.154,0.147,0.045,0.208,3,-0.09,False,False,False,,True
held_up,3,local_tax_base AND property_tax AND NOT extracurricular,local_tax_base;property_tax;extracurricular,110,0.782,0.461,222,70,0.593,0.255,0.299,0.165,0.324,0.273,0.306,4,-0.09,False,False,False,,True
held_up,3,culture AND education AND NOT extracurricular,culture;education;extracurricular,110,0.782,0.459,224,60,0.588,0.219,0.244,0.187,0.265,0.136,0.236,4,-0.09,False,False,False,,True
held_up,3,NOT local_tax_base AND social AND extracurricular,local_tax_base;social;extracurricular,011,0.782,0.446,191,48,0.5,0.175,0.205,0.121,0.206,0.182,0.236,4,-0.09,False,False,False,,True
held_up,3,NOT property_tax AND NOT culture AND contestation,property_tax;culture;contestation,001,0.782,0.443,189,55,0.573,0.201,0.079,0.308,0.206,0.455,0.056,3,-0.09,False,False,False,,True
held_up,3,NOT property_tax AND contestation AND NOT small,property_tax;contestation;small,010,0.782,0.442,180,46,0.554,0.168,0.087,0.253,0.147,0.318,0.069,4,-0.09,False,False,False,,True
held_up,3,NOT local_tax_base AND property_tax AND payroll_pit,local_tax_base;property_tax;payroll_pit,011,0.782,0.434,179,37,0.457,0.135,0.213,0.088,0.059,0.0,0.25,2,-0.09,False,False,False,,False
held_up,3,NOT property_tax AND NOT autonomy AND NOT small,property_tax;autonomy;small,000,0.782,0.433,202,52,0.536,0.19,0.079,0.286,0.324,0.227,0.056,3,-0.09,False,False,False,,True
held_up,3,NOT payroll_pit AND NOT autonomy AND small,payroll_pit;autonomy;small,001,0.782,0.431,179,57,0.559,0.208,0.236,0.176,0.206,0.182,0.222,4,-0.09,False,False,False,,True
held_up,3,local_tax_base AND NOT social AND NOT extracurricular,local_tax_base;social;extracurricular,100,0.782,0.429,198,65,0.57,0.237,0.228,0.242,0.265,0.227,0.222,4,-0.09,False,False,False,,True
held_up,3,NOT payroll_pit AND NOT autonomy AND extracurricular,payroll_pit;autonomy;extracurricular,001,0.782,0.429,177,42,0.483,0.153,0.079,0.209,0.206,0.273,0.069,4,-0.09,False,False,False,,True
held_up,3,local_tax_base AND NOT extracurricular AND NOT contestation,local_tax_base;extracurricular;contestation,100,0.782,0.426,193,48,0.457,0.175,0.22,0.099,0.176,0.227,0.222,4,-0.09,False,False,False,,True
held_up,3,NOT social AND extracurricular AND NOT small,social;extracurricular;small,010,0.782,0.425,169,35,0.398,0.128,0.079,0.209,0.059,0.182,0.056,3,-0.09,False,False,False,,True
held_up,3,NOT local_tax_base AND NOT property_tax AND balance,local_tax_base;property_tax;balance,001,0.782,0.422,170,46,0.554,0.168,0.087,0.198,0.324,0.273,0.069,4,-0.09,False,False,False,,True
held_up,3,NOT social AND NOT education AND contestation,social;education;contestation,001,0.782,0.421,170,53,0.525,0.193,0.118,0.319,0.088,0.273,0.069,3,-0.09,False,False,False,,True
held_up,3,property_tax AND payroll_pit AND NOT investment,property_tax;payroll_pit;investment,110,0.782,0.417,167,21,0.339,0.077,0.079,0.077,0.088,0.045,0.083,4,-0.09,False,False,False,,True
held_up,3,payroll_pit AND autonomy AND NOT education,payroll_pit;autonomy;education,110,0.782,0.417,161,39,0.438,0.142,0.189,0.11,0.059,0.136,0.236,3,-0.09,False,False,False,,True
held_up,3,NOT investment AND extracurricular AND balance,investment;extracurricular;balance,011,0.782,0.414,164,26,0.4,0.095,0.039,0.143,0.176,0.091,0.028,3,-0.09,False,False,False,,True
held_up,3,property_tax AND NOT extracurricular AND NOT balance,property_tax;extracurricular;balance,100,0.782,0.408,171,33,0.429,0.12,0.126,0.121,0.088,0.136,0.083,4,-0.09,False,False,False,,True
held_up,3,NOT local_tax_base AND NOT social AND extracurricular,local_tax_base;social;extracurricular,001,0.782,0.403,152,34,0.395,0.124,0.11,0.154,0.088,0.136,0.139,4,-0.09,False,False,False,,True
held_up,3,NOT single_tax AND NOT extracurricular AND NOT balance,single_tax;extracurricular;balance,000,0.782,0.399,150,42,0.506,0.153,0.134,0.198,0.088,0.182,0.111,4,-0.09,False,False,False,,True
held_up,3,property_tax AND NOT social AND small,property_tax;social;small,101,0.782,0.396,143,42,0.545,0.153,0.173,0.099,0.206,0.182,0.167,4,-0.09,False,False,False,,True
held_up,3,NOT culture AND NOT balance AND small,culture;balance;small,001,0.782,0.372,133,32,0.421,0.117,0.118,0.143,0.088,0.045,0.125,3,-0.09,False,False,False,,True
held_up,3,NOT education AND NOT contestation AND NOT balance,education;contestation;balance,000,0.782,0.36,110,20,0.339,0.073,0.071,0.055,0.118,0.091,0.042,4,-0.09,False,False,False,,True
held_up,3,payroll_pit AND social AND contestation,payroll_pit;social;contestation,111,0.781,0.458,212,44,0.478,0.161,0.22,0.143,0.059,0.045,0.264,2,-0.091,False,False,False,,False
held_up,3,NOT local_tax_base AND autonomy AND social,local_tax_base;autonomy;social,011,0.781,0.436,196,44,0.494,0.161,0.213,0.11,0.088,0.182,0.236,4,-0.091,False,False,False,,True
held_up,3,NOT property_tax AND balance AND NOT small,property_tax;balance;small,010,0.781,0.425,186,43,0.518,0.157,0.055,0.209,0.294,0.318,0.0,3,-0.091,False,False,False,,True
held_up,3,NOT autonomy AND NOT social AND NOT extracurricular,autonomy;social;extracurricular,000,0.781,0.423,189,58,0.527,0.212,0.189,0.264,0.235,0.091,0.167,3,-0.091,False,False,False,,True
held_up,3,NOT payroll_pit AND NOT extracurricular AND NOT balance,payroll_pit;extracurricular;balance,000,0.781,0.414,161,51,0.58,0.186,0.157,0.22,0.147,0.273,0.139,4,-0.091,False,False,False,,True
held_up,3,NOT single_tax AND extracurricular AND balance,single_tax;extracurricular;balance,011,0.781,0.413,154,34,0.425,0.124,0.047,0.154,0.294,0.182,0.042,3,-0.091,False,False,False,,True
held_up,3,payroll_pit AND NOT investment AND social,payroll_pit;investment;social,101,0.781,0.413,166,20,0.333,0.073,0.079,0.066,0.088,0.045,0.097,4,-0.091,False,False,False,,True
held_up,3,investment AND NOT culture AND NOT balance,investment;culture;balance,100,0.781,0.397,164,48,0.516,0.175,0.165,0.209,0.088,0.227,0.153,4,-0.091,False,False,False,,True
held_up,3,NOT local_tax_base AND payroll_pit AND NOT investment,local_tax_base;payroll_pit;investment,010,0.781,0.395,140,21,0.344,0.077,0.094,0.077,0.059,0.0,0.139,3,-0.091,False,False,False,,True
held_up,3,autonomy AND NOT education AND NOT balance,autonomy;education;balance,100,0.781,0.394,136,39,0.494,0.142,0.134,0.154,0.059,0.273,0.111,3,-0.091,False,False,False,,True
held_up,3,NOT investment AND NOT education AND balance,investment;education;balance,001,0.781,0.392,158,35,0.486,0.128,0.079,0.154,0.294,0.045,0.069,3,-0.091,False,False,False,,True
held_up,3,NOT investment AND NOT social AND NOT extracurricular,investment;social;extracurricular,000,0.781,0.388,140,39,0.52,0.142,0.126,0.165,0.176,0.091,0.125,4,-0.091,False,False,False,,True
held_up,3,NOT single_tax AND NOT investment AND NOT contestation,single_tax;investment;contestation,000,0.781,0.385,139,30,0.405,0.109,0.087,0.143,0.176,0.0,0.083,3,-0.091,False,False,False,,True
held_up,3,NOT local_tax_base AND NOT education AND NOT balance,local_tax_base;education;balance,000,0.781,0.373,129,36,0.468,0.131,0.087,0.198,0.088,0.182,0.097,4,-0.091,False,False,False,,True
held_up,3,payroll_pit AND social AND balance,payroll_pit;social;balance,111,0.78,0.483,225,48,0.527,0.175,0.236,0.132,0.088,0.136,0.278,4,-0.092,False,False,False,,True
held_up,3,single_tax AND autonomy AND culture,single_tax;autonomy;culture,111,0.78,0.482,231,50,0.538,0.182,0.244,0.143,0.088,0.136,0.264,3,-0.092,False,False,False,,True
held_up,3,NOT payroll_pit AND NOT autonomy AND NOT extracurricular,payroll_pit;autonomy;extracurricular,000,0.78,0.449,212,70,0.583,0.255,0.228,0.308,0.294,0.136,0.208,4,-0.092,False,False,False,,True
held_up,3,investment AND NOT education AND NOT small,investment;education;small,100,0.78,0.448,205,59,0.527,0.215,0.189,0.22,0.206,0.364,0.181,4,-0.092,False,False,False,,True
held_up,3,payroll_pit AND autonomy AND NOT small,payroll_pit;autonomy;small,110,0.78,0.439,197,45,0.474,0.164,0.197,0.165,0.059,0.136,0.208,3,-0.092,False,False,False,,True
held_up,3,payroll_pit AND culture AND NOT contestation,payroll_pit;culture;contestation,110,0.78,0.439,186,37,0.457,0.135,0.165,0.11,0.088,0.136,0.194,4,-0.092,False,False,False,,True
held_up,3,single_tax AND payroll_pit AND NOT extracurricular,single_tax;payroll_pit;extracurricular,110,0.78,0.438,202,45,0.484,0.164,0.213,0.11,0.176,0.091,0.167,4,-0.092,False,False,False,,True
held_up,3,local_tax_base AND NOT extracurricular AND NOT balance,local_tax_base;extracurricular;balance,100,0.78,0.437,205,51,0.51,0.186,0.173,0.198,0.176,0.227,0.111,4,-0.092,False,False,False,,True
held_up,3,autonomy AND balance AND NOT small,autonomy;balance;small,110,0.78,0.437,196,42,0.483,0.153,0.165,0.132,0.147,0.182,0.153,4,-0.092,False,False,False,,True
held_up,3,local_tax_base AND property_tax AND NOT balance,local_tax_base;property_tax;balance,110,0.78,0.43,185,40,0.444,0.146,0.15,0.154,0.088,0.182,0.083,4,-0.092,False,False,False,,True
held_up,3,culture AND education AND NOT balance,culture;education;balance,110,0.78,0.424,191,38,0.463,0.139,0.173,0.121,0.088,0.091,0.167,4,-0.092,False,False,False,,True
held_up,3,NOT investment AND culture AND small,investment;culture;small,011,0.78,0.423,165,41,0.506,0.15,0.173,0.121,0.118,0.182,0.208,4,-0.092,False,False,False,,True
held_up,3,single_tax AND education AND NOT balance,single_tax;education;balance,110,0.78,0.421,188,29,0.387,0.106,0.118,0.088,0.118,0.091,0.125,4,-0.092,False,False,False,,True
held_up,3,NOT culture AND extracurricular AND balance,culture;extracurricular;balance,011,0.78,0.416,160,34,0.447,0.124,0.071,0.132,0.206,0.273,0.069,4,-0.092,False,False,False,,True
held_up,3,NOT social AND education AND small,social;education;small,011,0.78,0.413,172,49,0.544,0.179,0.22,0.088,0.235,0.227,0.292,3,-0.092,False,False,False,,True
held_up,3,NOT local_tax_base AND education AND small,local_tax_base;education;small,011,0.78,0.406,153,34,0.43,0.124,0.181,0.088,0.088,0.0,0.25,3,-0.092,False,False,False,,True
held_up,3,local_tax_base AND NOT single_tax AND NOT social,local_tax_base;single_tax;social,100,0.78,0.405,152,40,0.465,0.146,0.126,0.187,0.118,0.136,0.097,4,-0.092,False,False,False,,True
held_up,3,NOT investment AND NOT social AND extracurricular,investment;social;extracurricular,001,0.78,0.388,142,28,0.354,0.102,0.087,0.132,0.029,0.182,0.097,3,-0.092,False,False,False,,True
held_up,3,NOT social AND education AND NOT balance,social;education;balance,010,0.78,0.373,133,26,0.413,0.095,0.118,0.077,0.059,0.091,0.125,4,-0.092,False,False,False,,True
held_up,3,autonomy AND social AND extracurricular,autonomy;social;extracurricular,111,0.779,0.458,197,43,0.483,0.157,0.189,0.143,0.088,0.136,0.194,4,-0.093,False,False,False,,True
held_up,3,property_tax AND payroll_pit AND NOT extracurricular,property_tax;payroll_pit;extracurricular,110,0.779,0.437,200,39,0.438,0.142,0.197,0.088,0.118,0.091,0.194,4,-0.093,False,False,False,,True
held_up,3,NOT payroll_pit AND NOT education AND NOT extracurricular,payroll_pit;education;extracurricular,000,0.779,0.432,178,57,0.57,0.208,0.142,0.275,0.265,0.227,0.111,4,-0.093,False,False,False,,True
held_up,3,NOT local_tax_base AND payroll_pit AND contestation,local_tax_base;payroll_pit;contestation,011,0.779,0.431,184,42,0.452,0.153,0.189,0.165,0.059,0.045,0.222,2,-0.093,False,False,False,,False
held_up,3,NOT single_tax AND investment AND NOT culture,single_tax;investment;culture,010,0.779,0.423,174,46,0.469,0.168,0.102,0.209,0.176,0.364,0.083,4,-0.093,False,False,False,,True
held_up,3,NOT local_tax_base AND NOT property_tax AND autonomy,local_tax_base;property_tax;autonomy,001,0.779,0.413,153,36,0.439,0.131,0.102,0.154,0.088,0.273,0.083,4,-0.093,False,False,False,,True
held_up,3,local_tax_base AND NOT social AND NOT balance,local_tax_base;social;balance,100,0.779,0.411,173,45,0.517,0.164,0.142,0.209,0.118,0.182,0.069,4,-0.093,False,False,False,,True
held_up,3,NOT payroll_pit AND NOT investment AND NOT small,payroll_pit;investment;small,000,0.779,0.404,160,40,0.5,0.146,0.071,0.209,0.265,0.136,0.028,3,-0.093,False,False,False,,True
held_up,3,payroll_pit AND NOT investment AND small,payroll_pit;investment;small,101,0.779,0.402,152,30,0.435,0.109,0.142,0.088,0.088,0.045,0.181,3,-0.093,False,False,False,,True
held_up,3,NOT single_tax AND NOT social AND balance,single_tax;social;balance,001,0.779,0.391,135,30,0.417,0.109,0.071,0.143,0.176,0.091,0.083,4,-0.093,False,False,False,,True
held_up,3,NOT local_tax_base AND NOT single_tax AND NOT contestation,local_tax_base;single_tax;contestation,000,0.779,0.384,144,36,0.429,0.131,0.102,0.121,0.265,0.136,0.111,4,-0.093,False,False,False,,True
held_up,3,NOT culture AND extracurricular AND NOT balance,culture;extracurricular;balance,010,0.779,0.382,130,30,0.395,0.109,0.118,0.132,0.029,0.091,0.111,3,-0.093,False,False,False,,True
held_up,3,NOT investment AND extracurricular AND NOT balance,investment;extracurricular;balance,010,0.779,0.376,118,23,0.324,0.084,0.102,0.077,0.029,0.091,0.111,3,-0.093,False,False,False,,True
held_up,3,NOT local_tax_base AND NOT payroll_pit AND NOT balance,local_tax_base;payroll_pit;balance,000,0.779,0.358,115,31,0.47,0.113,0.102,0.132,0.059,0.182,0.111,4,-0.093,False,False,False,,True
held_up,3,property_tax AND single_tax AND autonomy,property_tax;single_tax;autonomy,111,0.778,0.498,256,61,0.53,0.223,0.346,0.132,0.059,0.136,0.375,3,-0.094,False,False,False,,True
held_up,3,local_tax_base AND property_tax AND payroll_pit,local_tax_base;property_tax;payroll_pit,111,0.778,0.462,208,41,0.466,0.15,0.189,0.121,0.118,0.091,0.194,4,-0.094,False,False,False,,True
held_up,3,local_tax_base AND NOT autonomy AND small,local_tax_base;autonomy;small,101,0.778,0.455,206,59,0.551,0.215,0.22,0.209,0.206,0.227,0.181,4,-0.094,False,False,False,,True
held_up,3,payroll_pit AND education AND extracurricular,payroll_pit;education;extracurricular,111,0.778,0.452,175,38,0.507,0.139,0.189,0.121,0.059,0.045,0.222,2,-0.094,False,False,False,,False
held_up,3,autonomy AND contestation AND NOT small,autonomy;contestation;small,110,0.778,0.447,187,46,0.505,0.168,0.197,0.165,0.029,0.227,0.194,3,-0.094,False,False,False,,True
held_up,3,NOT payroll_pit AND NOT social AND NOT extracurricular,payroll_pit;social;extracurricular,000,0.778,0.436,194,68,0.586,0.248,0.213,0.286,0.265,0.273,0.222,4,-0.094,False,False,False,,True
held_up,3,NOT local_tax_base AND balance AND NOT small,local_tax_base;balance;small,010,0.778,0.431,212,54,0.535,0.197,0.157,0.209,0.265,0.273,0.125,4,-0.094,False,False,False,,True
held_up,3,autonomy AND NOT education AND contestation,autonomy;education;contestation,101,0.778,0.43,173,44,0.473,0.161,0.157,0.165,0.059,0.318,0.181,3,-0.094,False,False,False,,True
held_up,3,payroll_pit AND NOT contestation AND small,payroll_pit;contestation;small,101,0.778,0.424,169,33,0.429,0.12,0.189,0.077,0.029,0.045,0.25,2,-0.094,False,False,False,,False
held_up,3,local_tax_base AND NOT payroll_pit AND NOT balance,local_tax_base;payroll_pit;balance,100,0.778,0.422,170,46,0.517,0.168,0.157,0.187,0.118,0.227,0.097,4,-0.094,False,False,False,,True
held_up,3,NOT property_tax AND NOT social AND extracurricular,property_tax;social;extracurricular,001,0.778,0.42,175,37,0.416,0.135,0.102,0.176,0.088,0.227,0.125,4,-0.094,False,False,False,,True
held_up,3,single_tax AND NOT investment AND small,single_tax;investment;small,101,0.778,0.42,177,39,0.481,0.142,0.15,0.11,0.118,0.273,0.167,4,-0.094,False,False,False,,True
held_up,3,local_tax_base AND NOT social AND small,local_tax_base;social;small,101,0.778,0.419,185,61,0.587,0.223,0.228,0.198,0.235,0.273,0.236,4,-0.094,False,False,False,,True
held_up,3,payroll_pit AND education AND NOT balance,payroll_pit;education;balance,110,0.778,0.414,179,28,0.373,0.102,0.134,0.088,0.088,0.0,0.139,3,-0.094,False,False,False,,True
held_up,3,NOT autonomy AND NOT social AND small,autonomy;social;small,001,0.778,0.412,166,51,0.531,0.186,0.197,0.165,0.235,0.136,0.222,4,-0.094,False,False,False,,True
held_up,3,NOT autonomy AND NOT extracurricular AND NOT balance,autonomy;extracurricular;balance,000,0.778,0.412,177,45,0.474,0.164,0.15,0.198,0.176,0.091,0.139,4,-0.094,False,False,False,,True
held_up,3,NOT local_tax_base AND NOT education AND contestation,local_tax_base;education;contestation,001,0.778,0.409,168,40,0.455,0.146,0.11,0.209,0.059,0.227,0.139,3,-0.094,False,False,False,,True
held_up,3,NOT local_tax_base AND NOT payroll_pit AND NOT small,local_tax_base;payroll_pit;small,000,0.778,0.406,164,48,0.558,0.175,0.079,0.264,0.206,0.318,0.056,3,-0.094,False,False,False,,True
held_up,3,NOT local_tax_base AND payroll_pit AND small,local_tax_base;payroll_pit;small,011,0.778,0.4,143,31,0.425,0.113,0.157,0.099,0.059,0.0,0.208,3,-0.094,False,False,False,,True
held_up,3,NOT payroll_pit AND NOT investment AND extracurricular,payroll_pit;investment;extracurricular,001,0.778,0.399,150,32,0.395,0.117,0.055,0.165,0.176,0.182,0.014,3,-0.094,False,False,False,,True
held_up,3,NOT social AND NOT education AND balance,social;education;balance,001,0.778,0.391,138,28,0.384,0.102,0.079,0.143,0.088,0.091,0.056,4,-0.094,False,False,False,,True
held_up,3,NOT investment AND NOT culture AND NOT contestation,investment;culture;contestation,000,0.778,0.377,132,23,0.365,0.084,0.079,0.088,0.088,0.091,0.069,4,-0.094,False,False,False,,True
held_up,3,NOT local_tax_base AND NOT investment AND NOT social,local_tax_base;investment;social,000,0.778,0.375,129,28,0.389,0.102,0.102,0.121,0.088,0.045,0.139,3,-0.094,False,False,False,,True
held_up,3,NOT local_tax_base AND NOT social AND NOT balance,local_tax_base;social;balance,000,0.778,0.373,137,33,0.388,0.12,0.11,0.154,0.059,0.136,0.139,3,-0.094,False,False,False,,True
held_up,3,social AND extracurricular AND balance,social;extracurricular;balance,111,0.777,0.468,213,50,0.556,0.182,0.157,0.176,0.265,0.227,0.153,4,-0.095,False,False,False,,True
held_up,3,property_tax AND payroll_pit AND contestation,property_tax;payroll_pit;contestation,111,0.777,0.457,218,50,0.49,0.182,0.26,0.132,0.118,0.045,0.278,3,-0.095,False,False,False,,True
held_up,3,payroll_pit AND culture AND extracurricular,payroll_pit;culture;extracurricular,111,0.777,0.45,177,35,0.479,0.128,0.165,0.11,0.059,0.091,0.208,3,-0.095,False,False,False,,True
held_up,3,property_tax AND NOT contestation AND small,property_tax;contestation;small,101,0.777,0.447,196,49,0.521,0.179,0.213,0.121,0.147,0.273,0.194,4,-0.095,False,False,False,,True
held_up,3,single_tax AND NOT contestation AND small,single_tax;contestation;small,101,0.777,0.443,191,44,0.494,0.161,0.197,0.11,0.118,0.227,0.25,4,-0.095,False,False,False,,True
held_up,3,NOT autonomy AND NOT extracurricular AND small,autonomy;extracurricular;small,001,0.777,0.44,207,64,0.557,0.234,0.26,0.22,0.265,0.091,0.25,3,-0.095,False,False,False,,True
held_up,3,payroll_pit AND education AND NOT extracurricular,payroll_pit;education;extracurricular,110,0.777,0.433,198,38,0.452,0.139,0.165,0.132,0.118,0.045,0.153,3,-0.095,False,False,False,,True
held_up,3,NOT local_tax_base AND autonomy AND contestation,local_tax_base;autonomy;contestation,011,0.777,0.431,188,40,0.435,0.146,0.181,0.143,0.0,0.182,0.222,3,-0.095,False,False,False,,True
held_up,3,local_tax_base AND NOT single_tax AND NOT education,local_tax_base;single_tax;education,100,0.777,0.419,162,36,0.429,0.131,0.087,0.176,0.206,0.091,0.056,4,-0.095,False,False,False,,True
held_up,3,NOT culture AND NOT education AND balance,culture;education;balance,001,0.777,0.417,166,40,0.455,0.146,0.087,0.176,0.265,0.182,0.083,4,-0.095,False,False,False,,True
held_up,3,NOT single_tax AND NOT social AND NOT extracurricular,single_tax;social;extracurricular,000,0.777,0.416,166,50,0.515,0.182,0.15,0.231,0.176,0.182,0.139,4,-0.095,False,False,False,,True
held_up,3,NOT single_tax AND extracurricular AND contestation,single_tax;extracurricular;contestation,011,0.777,0.414,158,31,0.392,0.113,0.087,0.143,0.088,0.182,0.083,4,-0.095,False,False,False,,True
held_up,3,NOT social AND NOT education AND extracurricular,social;education;extracurricular,001,0.777,0.414,157,29,0.341,0.106,0.063,0.165,0.059,0.182,0.042,4,-0.095,False,False,False,,True
held_up,3,NOT single_tax AND NOT social AND contestation,single_tax;social;contestation,001,0.777,0.413,159,44,0.494,0.161,0.094,0.253,0.118,0.227,0.083,4,-0.095,False,False,False,,True
held_up,3,NOT autonomy AND NOT investment AND NOT contestation,autonomy;investment;contestation,000,0.777,0.408,154,39,0.47,0.142,0.126,0.176,0.118,0.136,0.153,4,-0.095,False,False,False,,True
held_up,3,local_tax_base AND NOT contestation AND NOT balance,local_tax_base;contestation;balance,100,0.777,0.406,170,29,0.372,0.106,0.118,0.099,0.059,0.136,0.056,4,-0.095,False,False,False,,True
held_up,3,NOT local_tax_base AND autonomy AND NOT culture,local_tax_base;autonomy;culture,010,0.777,0.399,150,36,0.429,0.131,0.15,0.132,0.029,0.182,0.167,3,-0.095,False,False,False,,True
held_up,3,NOT autonomy AND NOT culture AND NOT contestation,autonomy;culture;contestation,000,0.777,0.398,160,36,0.404,0.131,0.094,0.154,0.206,0.136,0.097,4,-0.095,False,False,False,,True
held_up,3,local_tax_base AND property_tax AND education,local_tax_base;property_tax;education,111,0.776,0.485,245,62,0.59,0.226,0.22,0.209,0.294,0.227,0.236,4,-0.096,False,False,False,,True
held_up,3,property_tax AND autonomy AND small,property_tax;autonomy;small,111,0.776,0.45,209,46,0.469,0.168,0.22,0.11,0.118,0.182,0.264,4,-0.096,False,False,False,,True
held_up,3,NOT single_tax AND NOT payroll_pit AND NOT extracurricular,single_tax;payroll_pit;extracurricular,000,0.776,0.443,199,65,0.57,0.237,0.197,0.253,0.353,0.227,0.167,4,-0.096,False,False,False,,True
held_up,3,NOT local_tax_base AND contestation AND NOT small,local_tax_base;contestation;small,010,0.776,0.442,201,52,0.52,0.19,0.189,0.231,0.059,0.227,0.208,3,-0.096,False,False,False,,True
held_up,3,NOT property_tax AND NOT single_tax AND contestation,property_tax;single_tax;contestation,001,0.776,0.433,178,48,0.552,0.175,0.094,0.264,0.147,0.318,0.069,4,-0.096,False,False,False,,True
held_up,3,local_tax_base AND NOT culture AND NOT education,local_tax_base;culture;education,100,0.776,0.432,177,45,0.479,0.164,0.126,0.231,0.147,0.136,0.097,4,-0.096,False,False,False,,True
held_up,3,NOT local_tax_base AND NOT property_tax AND contestation,local_tax_base;property_tax;contestation,001,0.776,0.429,167,46,0.535,0.168,0.11,0.253,0.118,0.227,0.111,4,-0.096,False,False,False,,True
held_up,3,NOT autonomy AND NOT contestation AND small,autonomy;contestation;small,001,0.776,0.427,169,47,0.485,0.172,0.228,0.099,0.176,0.136,0.222,4,-0.096,False,False,False,,True
held_up,3,local_tax_base AND NOT payroll_pit AND NOT contestation,local_tax_base;payroll_pit;contestation,100,0.776,0.424,180,49,0.495,0.179,0.181,0.154,0.206,0.227,0.139,4,-0.096,False,False,False,,True
held_up,3,NOT property_tax AND NOT education AND balance,property_tax;education;balance,001,0.776,0.415,176,42,0.488,0.153,0.087,0.176,0.294,0.227,0.069,4,-0.096,False,False,False,,True
held_up,3,NOT single_tax AND NOT autonomy AND NOT contestation,single_tax;autonomy;contestation,000,0.776,0.414,180,50,0.485,0.182,0.165,0.209,0.235,0.091,0.139,3,-0.096,False,False,False,,True
held_up,3,NOT autonomy AND NOT social AND NOT education,autonomy;social;education,000,0.776,0.412,177,48,0.466,0.175,0.126,0.264,0.147,0.136,0.111,4,-0.096,False,False,False,,True
held_up,3,NOT local_tax_base AND NOT culture AND contestation,local_tax_base;culture;contestation,001,0.776,0.411,166,42,0.457,0.153,0.102,0.22,0.118,0.227,0.111,4,-0.096,False,False,False,,True
held_up,3,NOT investment AND NOT contestation AND small,investment;contestation;small,001,0.776,0.41,150,36,0.45,0.131,0.165,0.077,0.118,0.182,0.181,4,-0.096,False,False,False,,True
held_up,3,NOT single_tax AND NOT culture AND balance,single_tax;culture;balance,001,0.776,0.408,153,37,0.463,0.135,0.079,0.165,0.265,0.136,0.069,4,-0.096,False,False,False,,True
held_up,3,NOT local_tax_base AND NOT investment AND NOT small,local_tax_base;investment;small,000,0.776,0.401,161,29,0.387,0.106,0.079,0.132,0.147,0.091,0.056,4,-0.096,False,False,False,,True
held_up,3,NOT social AND NOT extracurricular AND NOT contestation,social;extracurricular;contestation,000,0.776,0.397,166,47,0.48,0.172,0.205,0.121,0.176,0.182,0.222,4,-0.096,False,False,False,,True
held_up,3,NOT social AND NOT contestation AND small,social;contestation;small,001,0.776,0.397,149,46,0.495,0.168,0.236,0.066,0.176,0.182,0.292,3,-0.096,False,False,False,,True
held_up,3,NOT payroll_pit AND NOT investment AND NOT contestation,payroll_pit;investment;contestation,000,0.776,0.393,150,36,0.439,0.131,0.087,0.143,0.206,0.227,0.069,4,-0.096,False,False,False,,True
held_up,3,NOT local_tax_base AND NOT single_tax AND autonomy,local_tax_base;single_tax;autonomy,001,0.776,0.388,139,29,0.397,0.106,0.094,0.099,0.088,0.227,0.111,4,-0.096,False,False,False,,True
held_up,3,NOT local_tax_base AND NOT investment AND NOT education,local_tax_base;investment;education,000,0.776,0.383,140,26,0.388,0.095,0.055,0.132,0.176,0.045,0.028,3,-0.096,False,False,False,,True
held_up,3,NOT single_tax AND extracurricular AND NOT balance,single_tax;extracurricular;balance,010,0.776,0.377,130,29,0.397,0.106,0.11,0.132,0.029,0.091,0.083,3,-0.096,False,False,False,,True
held_up,3,NOT local_tax_base AND NOT investment AND NOT balance,local_tax_base;investment;balance,000,0.776,0.371,123,26,0.366,0.095,0.126,0.077,0.059,0.045,0.167,3,-0.096,False,False,False,,True
held_up,3,local_tax_base AND property_tax AND single_tax,local_tax_base;property_tax;single_tax,111,0.775,0.491,242,58,0.563,0.212,0.26,0.154,0.147,0.273,0.25,4,-0.097,False,False,False,,True
held_up,3,NOT local_tax_base AND single_tax AND payroll_pit,local_tax_base;single_tax;payroll_pit,011,0.775,0.455,214,51,0.5,0.186,0.252,0.165,0.088,0.045,0.264,2,-0.097,False,False,False,,False
held_up,3,property_tax AND payroll_pit AND extracurricular,property_tax;payroll_pit;extracurricular,111,0.775,0.449,187,39,0.487,0.142,0.205,0.121,0.059,0.0,0.25,2,-0.097,False,False,False,,False
held_up,3,investment AND NOT culture AND NOT education,investment;culture;education,100,0.775,0.442,194,59,0.513,0.215,0.181,0.242,0.176,0.364,0.167,4,-0.097,False,False,False,,True
held_up,3,payroll_pit AND extracurricular AND contestation,payroll_pit;extracurricular;contestation,111,0.775,0.438,188,37,0.416,0.135,0.173,0.143,0.029,0.045,0.208,2,-0.097,False,False,False,,False
held_up,3,NOT local_tax_base AND autonomy AND balance,local_tax_base;autonomy;balance,011,0.775,0.433,198,43,0.467,0.157,0.205,0.121,0.059,0.182,0.222,3,-0.097,False,False,False,,True
held_up,3,NOT single_tax AND investment AND NOT education,single_tax;investment;education,010,0.775,0.428,180,47,0.452,0.172,0.11,0.198,0.176,0.409,0.097,4,-0.097,False,False,False,,True
held_up,3,payroll_pit AND NOT investment AND education,payroll_pit;investment;education,101,0.775,0.428,179,27,0.365,0.099,0.126,0.088,0.088,0.0,0.153,3,-0.097,False,False,False,,True
held_up,3,autonomy AND NOT culture AND NOT small,autonomy;culture;small,100,0.775,0.427,165,39,0.459,0.142,0.165,0.143,0.0,0.227,0.139,3,-0.097,False,False,False,,True
held_up,3,NOT autonomy AND NOT investment AND small,autonomy;investment;small,001,0.775,0.424,171,47,0.5,0.172,0.173,0.187,0.147,0.136,0.208,4,-0.097,False,False,False,,True
held_up,3,NOT single_tax AND autonomy AND NOT small,single_tax;autonomy;small,010,0.775,0.41,154,34,0.42,0.124,0.102,0.11,0.147,0.273,0.083,4,-0.097,False,False,False,,True
held_up,3,NOT culture AND NOT education AND NOT contestation,culture;education;contestation,000,0.775,0.406,162,38,0.432,0.139,0.118,0.143,0.235,0.091,0.083,4,-0.097,False,False,False,,True
held_up,3,NOT investment AND NOT culture AND NOT small,investment;culture;small,000,0.775,0.403,157,31,0.419,0.113,0.047,0.176,0.176,0.136,0.014,3,-0.097,False,False,False,,True
held_up,3,NOT single_tax AND autonomy AND NOT culture,single_tax;autonomy;culture,010,0.775,0.4,133,28,0.389,0.102,0.079,0.11,0.059,0.273,0.069,4,-0.097,False,False,False,,True
held_up,3,NOT payroll_pit AND extracurricular AND NOT balance,payroll_pit;extracurricular;balance,010,0.775,0.377,124,26,0.388,0.095,0.102,0.099,0.029,0.136,0.069,3,-0.097,False,False,False,,True
held_up,3,local_tax_base AND property_tax AND culture,local_tax_base;property_tax;culture,111,0.774,0.49,244,68,0.586,0.248,0.26,0.198,0.324,0.273,0.25,4,-0.098,False,False,False,,True
held_up,3,local_tax_base AND culture AND small,local_tax_base;culture;small,111,0.774,0.468,225,61,0.56,0.223,0.26,0.154,0.235,0.273,0.264,4,-0.098,False,False,False,,True
held_up,3,extracurricular AND contestation AND balance,extracurricular;contestation;balance,111,0.774,0.454,200,40,0.455,0.146,0.15,0.132,0.118,0.227,0.153,4,-0.098,False,False,False,,True
held_up,3,local_tax_base AND NOT contestation AND small,local_tax_base;contestation;small,101,0.774,0.441,191,52,0.515,0.19,0.236,0.121,0.147,0.273,0.222,4,-0.098,False,False,False,,True
held_up,3,NOT property_tax AND NOT education AND contestation,property_tax;education;contestation,001,0.774,0.438,188,52,0.542,0.19,0.087,0.308,0.147,0.364,0.083,3,-0.098,False,False,False,,True
held_up,3,local_tax_base AND NOT balance AND small,local_tax_base;balance;small,101,0.774,0.437,203,47,0.49,0.172,0.165,0.187,0.118,0.227,0.111,4,-0.098,False,False,False,,True
held_up,3,NOT payroll_pit AND NOT autonomy AND NOT small,payroll_pit;autonomy;small,000,0.774,0.435,210,55,0.524,0.201,0.071,0.341,0.294,0.227,0.056,3,-0.098,False,False,False,,True
held_up,3,NOT autonomy AND NOT culture AND NOT education,autonomy;culture;education,000,0.774,0.434,199,56,0.5,0.204,0.087,0.319,0.353,0.182,0.069,3,-0.098,False,False,False,,True
held_up,3,NOT local_tax_base AND NOT property_tax AND NOT autonomy,local_tax_base;property_tax;autonomy,000,0.774,0.431,194,61,0.55,0.223,0.173,0.264,0.324,0.182,0.208,4,-0.098,False,False,False,,True
held_up,3,single_tax AND payroll_pit AND NOT investment,single_tax;payroll_pit;investment,110,0.774,0.426,187,27,0.37,0.099,0.11,0.088,0.118,0.045,0.125,3,-0.098,False,False,False,,True
held_up,3,NOT education AND extracurricular AND balance,education;extracurricular;balance,011,0.774,0.426,189,39,0.419,0.142,0.102,0.143,0.235,0.227,0.083,4,-0.098,False,False,False,,True
held_up,3,single_tax AND payroll_pit AND NOT balance,single_tax;payroll_pit;balance,110,0.774,0.424,192,34,0.4,0.124,0.15,0.11,0.118,0.045,0.139,3,-0.098,False,False,False,,True
held_up,3,property_tax AND NOT investment AND small,property_tax;investment;small,101,0.774,0.421,173,37,0.474,0.135,0.11,0.132,0.176,0.227,0.097,4,-0.098,False,False,False,,True
held_up,3,NOT single_tax AND NOT autonomy AND NOT small,single_tax;autonomy;small,000,0.774,0.421,189,47,0.505,0.172,0.047,0.308,0.294,0.136,0.028,3,-0.098,False,False,False,,True
held_up,3,NOT investment AND NOT extracurricular AND small,investment;extracurricular;small,001,0.774,0.419,190,52,0.542,0.19,0.189,0.187,0.206,0.182,0.208,4,-0.098,False,False,False,,True
held_up,3,property_tax AND payroll_pit AND NOT balance,property_tax;payroll_pit;balance,110,0.774,0.417,177,27,0.375,0.099,0.118,0.088,0.088,0.045,0.111,3,-0.098,False,False,False,,True
held_up,3,NOT autonomy AND NOT investment AND NOT culture,autonomy;investment;culture,000,0.774,0.416,169,43,0.467,0.157,0.079,0.231,0.235,0.182,0.069,4,-0.098,False,False,False,,True
held_up,3,NOT payroll_pit AND NOT social AND extracurricular,payroll_pit;social;extracurricular,001,0.774,0.413,159,30,0.375,0.109,0.063,0.165,0.059,0.227,0.042,4,-0.098,False,False,False,,True
held_up,3,NOT property_tax AND NOT balance AND NOT small,property_tax;balance;small,000,0.774,0.405,174,44,0.494,0.161,0.11,0.231,0.118,0.227,0.083,4,-0.098,False,False,False,,True
held_up,3,NOT culture AND NOT extracurricular AND NOT balance,culture;extracurricular;balance,000,0.774,0.405,168,45,0.506,0.164,0.126,0.22,0.147,0.182,0.097,4,-0.098,False,False,False,,True
held_up,3,NOT local_tax_base AND NOT single_tax AND NOT autonomy,local_tax_base;single_tax;autonomy,000,0.774,0.403,162,43,0.483,0.157,0.102,0.209,0.235,0.136,0.111,4,-0.098,False,False,False,,True
held_up,3,NOT local_tax_base AND NOT payroll_pit AND NOT education,local_tax_base;payroll_pit;education,000,0.774,0.4,156,43,0.506,0.157,0.063,0.231,0.235,0.273,0.042,3,-0.098,False,False,False,,True
held_up,3,NOT investment AND NOT education AND extracurricular,investment;education;extracurricular,001,0.774,0.399,164,27,0.329,0.099,0.055,0.143,0.147,0.091,0.014,4,-0.098,False,False,False,,True
held_up,3,NOT investment AND NOT extracurricular AND NOT balance,investment;extracurricular;balance,000,0.774,0.398,161,35,0.473,0.128,0.11,0.143,0.147,0.136,0.097,4,-0.098,False,False,False,,True
held_up,3,NOT social AND NOT education AND NOT contestation,social;education;contestation,000,0.774,0.388,145,27,0.333,0.099,0.094,0.11,0.118,0.045,0.069,3,-0.098,False,False,False,,True
held_up,3,NOT property_tax AND NOT investment AND NOT contestation,property_tax;investment;contestation,000,0.774,0.383,145,30,0.395,0.109,0.118,0.099,0.147,0.045,0.153,3,-0.098,False,False,False,,True
held_up,3,property_tax AND autonomy AND culture,property_tax;autonomy;culture,111,0.773,0.481,245,56,0.523,0.204,0.268,0.143,0.176,0.136,0.306,4,-0.099,False,False,False,,True
held_up,3,payroll_pit AND autonomy AND investment,payroll_pit;autonomy;investment,111,0.773,0.477,232,67,0.549,0.245,0.331,0.198,0.118,0.136,0.375,3,-0.099,False,False,False,,True
held_up,3,local_tax_base AND NOT payroll_pit AND NOT autonomy,local_tax_base;payroll_pit;autonomy,100,0.773,0.473,237,68,0.553,0.248,0.213,0.297,0.265,0.227,0.167,4,-0.099,False,False,False,,True
held_up,3,single_tax AND social AND small,single_tax;social;small,111,0.773,0.455,212,42,0.488,0.153,0.181,0.143,0.059,0.182,0.194,3,-0.099,False,False,False,,True
held_up,3,NOT payroll_pit AND extracurricular AND NOT small,payroll_pit;extracurricular;small,010,0.773,0.44,197,49,0.505,0.179,0.094,0.253,0.265,0.227,0.042,4,-0.099,False,False,False,,True
held_up,3,NOT payroll_pit AND NOT education AND contestation,payroll_pit;education;contestation,001,0.773,0.436,185,55,0.573,0.201,0.11,0.297,0.206,0.318,0.069,4,-0.099,False,False,False,,True
held_up,3,NOT payroll_pit AND NOT education AND balance,payroll_pit;education;balance,001,0.773,0.413,172,44,0.494,0.161,0.087,0.209,0.324,0.136,0.056,4,-0.099,False,False,False,,True
held_up,3,NOT local_tax_base AND autonomy AND NOT education,local_tax_base;autonomy;education,010,0.773,0.411,170,38,0.432,0.139,0.134,0.132,0.118,0.227,0.153,4,-0.099,False,False,False,,True
held_up,3,NOT local_tax_base AND NOT social AND NOT education,local_tax_base;social;education,000,0.773,0.398,155,38,0.437,0.139,0.079,0.22,0.118,0.182,0.056,4,-0.099,False,False,False,,True
held_up,3,property_tax AND autonomy AND social,property_tax;autonomy;social,111,0.772,0.477,249,51,0.486,0.186,0.26,0.132,0.118,0.091,0.319,3,-0.1,False,False,False,,True
held_up,3,local_tax_base AND single_tax AND small,local_tax_base;single_tax;small,111,0.772,0.473,238,59,0.562,0.215,0.236,0.165,0.176,0.364,0.264,4,-0.1,False,False,False,,True
held_up,3,local_tax_base AND NOT payroll_pit AND NOT culture,local_tax_base;payroll_pit;culture,100,0.772,0.456,211,55,0.529,0.201,0.165,0.253,0.147,0.273,0.153,4,-0.1,False,False,False,,True
held_up,3,NOT local_tax_base AND payroll_pit AND balance,local_tax_base;payroll_pit;balance,011,0.772,0.444,195,46,0.5,0.168,0.22,0.121,0.118,0.136,0.222,4,-0.1,False,False,False,,True
held_up,3,culture AND NOT contestation AND small,culture;contestation;small,101,0.772,0.444,191,50,0.515,0.182,0.228,0.11,0.176,0.227,0.25,4,-0.1,False,False,False,,True
held_up,3,autonomy AND NOT education AND extracurricular,autonomy;education;extracurricular,101,0.772,0.425,182,36,0.375,0.131,0.142,0.132,0.059,0.182,0.139,3,-0.1,False,False,False,,True
held_up,3,culture AND NOT balance AND small,culture;balance;small,101,0.772,0.419,181,37,0.451,0.135,0.165,0.099,0.088,0.182,0.153,4,-0.1,False,False,False,,True
held_up,3,NOT autonomy AND NOT investment AND NOT social,autonomy;investment;social,000,0.772,0.417,181,51,0.495,0.186,0.15,0.242,0.147,0.227,0.139,4,-0.1,False,False,False,,True
held_up,3,NOT autonomy AND NOT social AND NOT contestation,autonomy;social;contestation,000,0.772,0.407,174,45,0.455,0.164,0.157,0.165,0.206,0.136,0.153,4,-0.1,False,False,False,,True
held_up,3,education AND NOT contestation AND NOT balance,education;contestation;balance,100,0.772,0.405,183,35,0.393,0.128,0.173,0.099,0.059,0.091,0.167,3,-0.1,False,False,False,,True
held_up,3,NOT local_tax_base AND NOT single_tax AND contestation,local_tax_base;single_tax;contestation,001,0.772,0.404,157,36,0.462,0.131,0.094,0.187,0.059,0.227,0.111,3,-0.1,False,False,False,,True
held_up,3,NOT property_tax AND NOT education AND NOT contestation,property_tax;education;contestation,000,0.772,0.402,172,42,0.457,0.153,0.102,0.165,0.324,0.136,0.069,4,-0.1,False,False,False,,True
held_up,3,NOT investment AND NOT social AND small,investment;social;small,001,0.772,0.386,149,41,0.471,0.15,0.157,0.132,0.147,0.182,0.181,4,-0.1,False,False,False,,True
held_up,3,NOT investment AND NOT social AND NOT contestation,investment;social;contestation,000,0.772,0.378,143,30,0.38,0.109,0.126,0.088,0.088,0.136,0.139,4,-0.1,False,False,False,,True
held_up,3,local_tax_base AND NOT single_tax AND NOT payroll_pit,local_tax_base;single_tax;payroll_pit,100,0.771,0.457,209,60,0.526,0.219,0.181,0.242,0.353,0.136,0.111,4,-0.101,False,False,False,,True
held_up,3,payroll_pit AND extracurricular AND balance,payroll_pit;extracurricular;balance,111,0.771,0.453,196,40,0.455,0.146,0.189,0.11,0.088,0.136,0.222,4,-0.101,False,False,False,,True
held_up,3,NOT local_tax_base AND extracurricular AND balance,local_tax_base;extracurricular;balance,011,0.771,0.446,212,48,0.462,0.175,0.165,0.154,0.235,0.227,0.194,4,-0.101,False,False,False,,True
held_up,3,NOT culture AND extracurricular AND contestation,culture;extracurricular;contestation,011,0.771,0.427,179,39,0.419,0.142,0.102,0.176,0.088,0.318,0.111,4,-0.101,False,False,False,,True
held_up,3,NOT investment AND extracurricular AND NOT small,investment;extracurricular;small,010,0.771,0.423,194,34,0.374,0.124,0.071,0.187,0.176,0.091,0.042,4,-0.101,False,False,False,,True
held_up,3,NOT social AND NOT extracurricular AND small,social;extracurricular;small,001,0.771,0.42,198,69,0.575,0.252,0.26,0.231,0.324,0.182,0.292,4,-0.101,False,False,False,,True
held_up,3,NOT local_tax_base AND NOT property_tax AND NOT contestation,local_tax_base;property_tax;contestation,000,0.771,0.41,180,51,0.477,0.186,0.165,0.165,0.294,0.227,0.181,4,-0.101,False,False,False,,True
held_up,3,NOT autonomy AND education AND NOT balance,autonomy;education;balance,010,0.771,0.406,174,39,0.459,0.142,0.189,0.099,0.118,0.091,0.208,4,-0.101,False,False,False,,True
held_up,3,NOT local_tax_base AND NOT payroll_pit AND NOT culture,local_tax_base;payroll_pit;culture,000,0.771,0.4,149,42,0.494,0.153,0.063,0.209,0.235,0.318,0.042,3,-0.101,False,False,False,,True
held_up,3,NOT payroll_pit AND NOT balance AND NOT small,payroll_pit;balance;small,000,0.771,0.392,154,39,0.5,0.142,0.118,0.176,0.088,0.227,0.083,4,-0.101,False,False,False,,True
held_up,3,local_tax_base AND education AND small,local_tax_base;education;small,111,0.77,0.479,252,64,0.582,0.234,0.26,0.165,0.265,0.318,0.25,4,-0.102,False,False,False,,True
held_up,3,education AND NOT contestation AND small,education;contestation;small,101,0.77,0.467,226,57,0.509,0.208,0.276,0.121,0.176,0.227,0.319,4,-0.102,False,False,False,,True
held_up,3,single_tax AND payroll_pit AND extracurricular,single_tax;payroll_pit;extracurricular,111,0.77,0.466,208,42,0.494,0.153,0.213,0.143,0.029,0.045,0.264,2,-0.102,False,False,False,,False
held_up,3,social AND culture AND small,social;culture;small,111,0.77,0.463,214,50,0.562,0.182,0.22,0.176,0.088,0.136,0.222,3,-0.102,False,False,False,,True
held_up,3,NOT local_tax_base AND payroll_pit AND culture,local_tax_base;payroll_pit;culture,011,0.77,0.447,192,44,0.5,0.161,0.213,0.132,0.088,0.091,0.236,4,-0.102,False,False,False,,True
held_up,3,payroll_pit AND autonomy AND small,payroll_pit;autonomy;small,111,0.77,0.442,202,39,0.438,0.142,0.213,0.099,0.059,0.045,0.264,2,-0.102,False,False,False,,False
held_up,3,NOT payroll_pit AND NOT education AND extracurricular,payroll_pit;education;extracurricular,001,0.77,0.432,186,41,0.432,0.15,0.087,0.198,0.206,0.227,0.042,4,-0.102,False,False,False,,True
held_up,3,NOT single_tax AND NOT payroll_pit AND balance,single_tax;payroll_pit;balance,001,0.77,0.421,179,51,0.543,0.186,0.087,0.231,0.471,0.136,0.083,3,-0.102,False,False,False,,True
held_up,3,NOT single_tax AND balance AND NOT small,single_tax;balance;small,010,0.77,0.415,177,42,0.467,0.153,0.047,0.22,0.353,0.182,0.042,3,-0.102,False,False,False,,True
held_up,3,NOT single_tax AND NOT social AND extracurricular,single_tax;social;extracurricular,001,0.77,0.411,157,29,0.341,0.106,0.071,0.154,0.088,0.136,0.069,4,-0.102,False,False,False,,True
held_up,3,NOT single_tax AND NOT investment AND extracurricular,single_tax;investment;extracurricular,001,0.77,0.401,157,32,0.36,0.117,0.079,0.176,0.147,0.045,0.069,3,-0.102,False,False,False,,True
held_up,3,NOT local_tax_base AND NOT investment AND NOT culture,local_tax_base;investment;culture,000,0.77,0.383,136,27,0.38,0.099,0.063,0.121,0.176,0.091,0.056,4,-0.102,False,False,False,,True
held_up,3,property_tax AND single_tax AND social,property_tax;single_tax;social,111,0.769,0.498,265,53,0.52,0.193,0.268,0.154,0.059,0.136,0.278,3,-0.103,False,False,False,,True
held_up,3,autonomy AND extracurricular AND contestation,autonomy;extracurricular;contestation,111,0.769,0.45,201,39,0.402,0.142,0.165,0.165,0.0,0.136,0.181,3,-0.103,False,False,False,,True
held_up,3,NOT local_tax_base AND extracurricular AND contestation,local_tax_base;extracurricular;contestation,011,0.769,0.447,205,45,0.45,0.164,0.189,0.165,0.059,0.182,0.236,3,-0.103,False,False,False,,True
held_up,3,NOT single_tax AND NOT payroll_pit AND contestation,single_tax;payroll_pit;contestation,001,0.769,0.44,195,52,0.553,0.19,0.11,0.264,0.235,0.273,0.083,4,-0.103,False,False,False,,True
held_up,3,NOT social AND NOT culture AND NOT small,social;culture;small,000,0.769,0.44,194,47,0.443,0.172,0.087,0.297,0.088,0.273,0.028,4,-0.103,False,False,False,,True
held_up,3,NOT property_tax AND NOT payroll_pit AND extracurricular,property_tax;payroll_pit;extracurricular,001,0.769,0.439,199,46,0.479,0.168,0.102,0.209,0.206,0.318,0.069,4,-0.103,False,False,False,,True
held_up,3,NOT education AND extracurricular AND contestation,education;extracurricular;contestation,011,0.769,0.429,192,38,0.396,0.139,0.118,0.176,0.059,0.227,0.139,3,-0.103,False,False,False,,True
held_up,3,single_tax AND NOT balance AND small,single_tax;balance;small,101,0.769,0.423,200,37,0.43,0.135,0.142,0.11,0.147,0.182,0.153,4,-0.103,False,False,False,,True
held_up,3,NOT property_tax AND NOT investment AND NOT small,property_tax;investment;small,000,0.769,0.417,185,38,0.442,0.139,0.079,0.187,0.235,0.136,0.042,4,-0.103,False,False,False,,True
held_up,3,NOT property_tax AND NOT culture AND NOT contestation,property_tax;culture;contestation,000,0.769,0.408,175,42,0.42,0.153,0.142,0.143,0.235,0.136,0.125,4,-0.103,False,False,False,,True
held_up,3,NOT local_tax_base AND NOT social AND NOT culture,local_tax_base;social;culture,000,0.769,0.404,152,42,0.438,0.153,0.094,0.231,0.147,0.182,0.083,4,-0.103,False,False,False,,True
held_up,3,NOT social AND NOT culture AND NOT contestation,social;culture;contestation,000,0.769,0.4,162,34,0.386,0.124,0.126,0.132,0.118,0.091,0.125,4,-0.103,False,False,False,,True
held_up,3,NOT investment AND education AND NOT balance,investment;education;balance,010,0.769,0.399,173,35,0.417,0.128,0.165,0.088,0.118,0.091,0.181,4,-0.103,False,False,False,,True
held_up,3,local_tax_base AND NOT extracurricular AND small,local_tax_base;extracurricular;small,101,0.768,0.47,255,81,0.591,0.296,0.331,0.231,0.324,0.318,0.361,4,-0.104,False,False,False,,True
held_up,3,extracurricular AND contestation AND NOT small,extracurricular;contestation;small,110,0.768,0.468,228,53,0.486,0.193,0.189,0.231,0.088,0.227,0.194,3,-0.104,False,False,False,,True
held_up,3,payroll_pit AND autonomy AND contestation,payroll_pit;autonomy;contestation,111,0.768,0.467,234,52,0.473,0.19,0.244,0.187,0.059,0.091,0.278,2,-0.104,False,False,False,,False
held_up,3,NOT autonomy AND education AND small,autonomy;education;small,011,0.768,0.463,228,63,0.543,0.23,0.26,0.176,0.265,0.227,0.264,4,-0.104,False,False,False,,True
held_up,3,property_tax AND social AND small,property_tax;social;small,111,0.768,0.456,226,47,0.495,0.172,0.197,0.165,0.118,0.136,0.208,4,-0.104,False,False,False,,True
held_up,3,local_tax_base AND NOT payroll_pit AND NOT social,local_tax_base;payroll_pit;social,100,0.768,0.452,213,64,0.533,0.234,0.197,0.275,0.176,0.364,0.181,4,-0.104,False,False,False,,True
held_up,3,single_tax AND NOT extracurricular AND small,single_tax;extracurricular;small,101,0.768,0.451,235,60,0.531,0.219,0.252,0.176,0.206,0.227,0.292,4,-0.104,False,False,False,,True
held_up,3,NOT culture AND contestation AND NOT small,culture;contestation;small,010,0.768,0.448,198,53,0.505,0.193,0.134,0.264,0.147,0.318,0.125,4,-0.104,False,False,False,,True
held_up,3,NOT property_tax AND NOT education AND extracurricular,property_tax;education;extracurricular,001,0.768,0.446,204,47,0.456,0.172,0.087,0.242,0.206,0.318,0.069,4,-0.104,False,False,False,,True
held_up,3,NOT local_tax_base AND payroll_pit AND education,local_tax_base;payroll_pit;education,011,0.768,0.445,193,45,0.479,0.164,0.228,0.143,0.059,0.045,0.25,2,-0.104,False,False,False,,False
held_up,3,NOT local_tax_base AND payroll_pit AND extracurricular,local_tax_base;payroll_pit;extracurricular,011,0.768,0.445,200,48,0.457,0.175,0.244,0.11,0.118,0.136,0.319,4,-0.104,False,False,False,,True
held_up,3,NOT property_tax AND NOT social AND NOT small,property_tax;social;small,000,0.768,0.439,215,48,0.462,0.175,0.094,0.297,0.088,0.273,0.042,4,-0.104,False,False,False,,True
held_up,3,NOT local_tax_base AND autonomy AND NOT small,local_tax_base;autonomy;small,010,0.768,0.438,213,51,0.481,0.186,0.213,0.165,0.088,0.273,0.208,3,-0.104,False,False,False,,True
held_up,3,NOT property_tax AND NOT autonomy AND NOT education,property_tax;autonomy;education,000,0.768,0.434,210,57,0.504,0.208,0.11,0.297,0.353,0.182,0.111,4,-0.104,False,False,False,,True
held_up,3,NOT social AND NOT culture AND extracurricular,social;culture;extracurricular,001,0.768,0.418,160,34,0.382,0.124,0.071,0.187,0.088,0.227,0.042,4,-0.104,False,False,False,,True
held_up,3,NOT local_tax_base AND NOT investment AND extracurricular,local_tax_base;investment;extracurricular,001,0.768,0.412,173,29,0.333,0.106,0.102,0.11,0.147,0.045,0.111,3,-0.104,False,False,False,,True
held_up,3,NOT education AND NOT balance AND NOT small,education;balance;small,000,0.768,0.41,174,47,0.5,0.172,0.134,0.231,0.118,0.227,0.111,4,-0.104,False,False,False,,True
held_up,3,NOT property_tax AND NOT investment AND extracurricular,property_tax;investment;extracurricular,001,0.768,0.409,172,32,0.364,0.117,0.087,0.143,0.147,0.136,0.083,4,-0.104,False,False,False,,True
held_up,3,payroll_pit AND NOT balance AND small,payroll_pit;balance;small,101,0.768,0.405,183,31,0.383,0.113,0.142,0.099,0.088,0.045,0.153,3,-0.104,False,False,False,,True
held_up,3,NOT single_tax AND NOT social AND NOT contestation,single_tax;social;contestation,000,0.768,0.399,164,35,0.376,0.128,0.126,0.132,0.147,0.091,0.125,4,-0.104,False,False,False,,True
held_up,3,NOT property_tax AND NOT contestation AND NOT balance,property_tax;contestation;balance,000,0.768,0.373,146,31,0.378,0.113,0.15,0.077,0.118,0.045,0.153,3,-0.104,False,False,False,,True
held_up,3,property_tax AND social AND education,property_tax;social;education,111,0.767,0.486,252,52,0.52,0.19,0.213,0.209,0.147,0.045,0.194,3,-0.105,False,False,False,,True
held_up,3,payroll_pit AND autonomy AND education,payroll_pit;autonomy;education,111,0.767,0.482,238,45,0.474,0.164,0.22,0.154,0.059,0.045,0.236,2,-0.105,False,False,False,,False
held_up,3,payroll_pit AND social AND extracurricular,payroll_pit;social;extracurricular,111,0.767,0.461,209,43,0.483,0.157,0.197,0.143,0.088,0.091,0.236,4,-0.105,False,False,False,,True
held_up,3,NOT local_tax_base AND NOT education AND extracurricular,local_tax_base;education;extracurricular,001,0.767,0.431,206,49,0.441,0.179,0.142,0.198,0.206,0.273,0.167,4,-0.105,False,False,False,,True
held_up,3,NOT autonomy AND NOT balance AND small,autonomy;balance;small,001,0.767,0.42,184,47,0.475,0.172,0.213,0.143,0.147,0.091,0.222,4,-0.105,False,False,False,,True
held_up,3,NOT property_tax AND NOT autonomy AND NOT contestation,property_tax;autonomy;contestation,000,0.767,0.414,186,46,0.43,0.168,0.157,0.165,0.235,0.136,0.194,4,-0.105,False,False,False,,True
held_up,3,NOT single_tax AND NOT education AND NOT contestation,single_tax;education;contestation,000,0.767,0.406,164,38,0.392,0.139,0.087,0.154,0.294,0.136,0.056,4,-0.105,False,False,False,,True
held_up,3,NOT culture AND NOT balance AND NOT small,culture;balance;small,000,0.767,0.404,165,43,0.483,0.157,0.126,0.209,0.088,0.227,0.083,4,-0.105,False,False,False,,True
held_up,3,NOT property_tax AND NOT investment AND NOT balance,property_tax;investment;balance,000,0.767,0.379,142,33,0.393,0.12,0.15,0.121,0.059,0.045,0.181,2,-0.105,False,False,False,,False
held_up,3,NOT investment AND NOT culture AND NOT balance,investment;culture;balance,000,0.767,0.375,134,27,0.375,0.099,0.079,0.143,0.088,0.045,0.056,3,-0.105,False,False,False,,True
held_up,3,NOT single_tax AND NOT contestation AND NOT balance,single_tax;contestation;balance,000,0.767,0.37,135,27,0.355,0.099,0.134,0.077,0.059,0.045,0.097,3,-0.105,False,False,False,,True
held_up,3,property_tax AND social AND culture,property_tax;social;culture,111,0.766,0.496,269,64,0.587,0.234,0.26,0.231,0.206,0.136,0.25,4,-0.106,False,False,False,,True
held_up,3,single_tax AND social AND education,single_tax;social;education,111,0.766,0.493,250,47,0.495,0.172,0.197,0.165,0.088,0.182,0.167,4,-0.106,False,False,False,,True
held_up,3,extracurricular AND balance AND NOT small,extracurricular;balance;small,110,0.766,0.465,243,56,0.5,0.204,0.15,0.231,0.294,0.273,0.125,4,-0.106,False,False,False,,True
held_up,3,local_tax_base AND NOT payroll_pit AND NOT education,local_tax_base;payroll_pit;education,100,0.766,0.452,208,55,0.5,0.201,0.165,0.242,0.235,0.182,0.111,4,-0.106,False,False,False,,True
held_up,3,NOT local_tax_base AND payroll_pit AND social,local_tax_base;payroll_pit;social,011,0.766,0.45,217,47,0.48,0.172,0.228,0.121,0.147,0.091,0.264,4,-0.106,False,False,False,,True
held_up,3,payroll_pit AND social AND small,payroll_pit;social;small,111,0.766,0.446,205,40,0.476,0.146,0.189,0.132,0.059,0.091,0.222,3,-0.106,False,False,False,,True
held_up,3,NOT autonomy AND NOT social AND NOT culture,autonomy;social;culture,000,0.766,0.434,200,53,0.465,0.193,0.118,0.308,0.176,0.182,0.097,4,-0.106,False,False,False,,True
held_up,3,NOT single_tax AND contestation AND NOT small,single_tax;contestation;small,010,0.766,0.43,182,44,0.489,0.161,0.102,0.22,0.147,0.273,0.097,4,-0.106,False,False,False,,True
held_up,3,property_tax AND NOT balance AND small,property_tax;balance;small,101,0.766,0.429,204,37,0.416,0.135,0.126,0.143,0.118,0.182,0.083,4,-0.106,False,False,False,,True
held_up,3,NOT property_tax AND NOT autonomy AND NOT investment,property_tax;autonomy;investment,000,0.766,0.426,192,52,0.486,0.19,0.165,0.22,0.206,0.182,0.181,4,-0.106,False,False,False,,True
held_up,3,NOT single_tax AND NOT autonomy AND NOT investment,single_tax;autonomy;investment,000,0.766,0.42,179,48,0.48,0.175,0.118,0.286,0.176,0.045,0.111,3,-0.106,False,False,False,,True
held_up,3,NOT payroll_pit AND NOT education AND NOT contestation,payroll_pit;education;contestation,000,0.766,0.409,179,43,0.434,0.157,0.118,0.176,0.265,0.136,0.083,4,-0.106,False,False,False,,True
held_up,3,NOT social AND NOT education AND NOT balance,social;education;balance,000,0.766,0.404,177,52,0.477,0.19,0.134,0.286,0.118,0.227,0.083,4,-0.106,False,False,False,,True
held_up,3,NOT investment AND NOT culture AND extracurricular,investment;culture;extracurricular,001,0.766,0.398,154,28,0.354,0.102,0.071,0.132,0.118,0.136,0.042,4,-0.106,False,False,False,,True
held_up,3,single_tax AND social AND culture,single_tax;social;culture,111,0.765,0.498,252,52,0.565,0.19,0.228,0.187,0.059,0.182,0.208,3,-0.107,False,False,False,,True
held_up,3,NOT local_tax_base AND autonomy AND extracurricular,local_tax_base;autonomy;extracurricular,011,0.765,0.446,217,47,0.42,0.172,0.213,0.143,0.059,0.227,0.25,3,-0.107,False,False,False,,True
held_up,3,NOT property_tax AND NOT autonomy AND NOT social,property_tax;autonomy;social,000,0.765,0.443,225,64,0.5,0.234,0.205,0.297,0.206,0.182,0.222,4,-0.107,False,False,False,,True
held_up,3,NOT single_tax AND NOT culture AND contestation,single_tax;culture;contestation,001,0.765,0.434,189,49,0.505,0.179,0.087,0.275,0.176,0.318,0.069,3,-0.107,False,False,False,,True
held_up,3,NOT payroll_pit AND NOT social AND NOT small,payroll_pit;social;small,000,0.765,0.43,200,42,0.42,0.153,0.079,0.264,0.088,0.227,0.042,4,-0.107,False,False,False,,True
held_up,3,NOT social AND NOT extracurricular AND NOT balance,social;extracurricular;balance,000,0.765,0.415,188,52,0.495,0.19,0.157,0.253,0.147,0.182,0.111,4,-0.107,False,False,False,,True
held_up,3,NOT property_tax AND NOT single_tax AND NOT contestation,property_tax;single_tax;contestation,000,0.765,0.411,186,43,0.406,0.157,0.134,0.154,0.265,0.136,0.125,4,-0.107,False,False,False,,True
held_up,3,NOT single_tax AND NOT investment AND NOT small,single_tax;investment;small,000,0.765,0.408,175,36,0.424,0.131,0.063,0.209,0.235,0.045,0.028,2,-0.107,False,False,False,,False
held_up,3,NOT single_tax AND NOT culture AND NOT contestation,single_tax;culture;contestation,000,0.765,0.407,172,39,0.39,0.142,0.118,0.165,0.206,0.091,0.097,4,-0.107,False,False,False,,True
held_up,3,NOT property_tax AND NOT social AND NOT contestation,property_tax;social;contestation,000,0.765,0.399,182,38,0.373,0.139,0.15,0.143,0.147,0.045,0.167,3,-0.107,False,False,False,,True
held_up,3,NOT local_tax_base AND NOT culture AND NOT balance,local_tax_base;culture;balance,000,0.765,0.376,140,36,0.424,0.131,0.11,0.176,0.059,0.182,0.111,3,-0.107,False,False,False,,True
held_up,3,property_tax AND NOT extracurricular AND small,property_tax;extracurricular;small,101,0.764,0.463,254,68,0.548,0.248,0.283,0.176,0.294,0.273,0.292,4,-0.108,False,False,False,,True
held_up,3,NOT property_tax AND NOT autonomy AND NOT culture,property_tax;autonomy;culture,000,0.764,0.454,233,65,0.5,0.237,0.134,0.297,0.412,0.318,0.125,4,-0.108,False,False,False,,True
held_up,3,NOT property_tax AND NOT culture AND extracurricular,property_tax;culture;extracurricular,001,0.764,0.446,203,49,0.462,0.179,0.102,0.22,0.235,0.364,0.083,4,-0.108,False,False,False,,True
held_up,3,NOT property_tax AND NOT investment AND NOT social,property_tax;investment;social,000,0.764,0.406,185,47,0.456,0.172,0.15,0.231,0.118,0.136,0.181,4,-0.108,False,False,False,,True
held_up,3,NOT autonomy AND NOT culture AND NOT balance,autonomy;culture;balance,000,0.764,0.393,169,39,0.424,0.142,0.102,0.209,0.147,0.091,0.097,4,-0.108,False,False,False,,True
held_up,3,NOT payroll_pit AND NOT investment AND NOT balance,payroll_pit;investment;balance,000,0.764,0.388,144,32,0.39,0.117,0.094,0.143,0.088,0.182,0.069,4,-0.108,False,False,False,,True
held_up,3,NOT culture AND NOT contestation AND NOT balance,culture;contestation;balance,000,0.764,0.368,141,25,0.329,0.091,0.126,0.055,0.088,0.045,0.111,3,-0.108,False,False,False,,True
held_up,3,autonomy AND extracurricular AND balance,autonomy;extracurricular;balance,111,0.763,0.46,218,45,0.455,0.164,0.189,0.154,0.088,0.182,0.208,4,-0.109,False,False,False,,True
held_up,3,autonomy AND extracurricular AND NOT small,autonomy;extracurricular;small,110,0.763,0.459,231,50,0.431,0.182,0.197,0.187,0.088,0.227,0.181,3,-0.109,False,False,False,,True
held_up,3,NOT investment AND education AND small,investment;education;small,011,0.763,0.44,205,46,0.474,0.168,0.197,0.132,0.147,0.182,0.222,4,-0.109,False,False,False,,True
held_up,3,NOT education AND balance AND NOT small,education;balance;small,010,0.763,0.436,222,49,0.458,0.179,0.118,0.187,0.353,0.227,0.083,4,-0.109,False,False,False,,True
held_up,3,NOT local_tax_base AND NOT culture AND extracurricular,local_tax_base;culture;extracurricular,001,0.763,0.431,198,49,0.438,0.179,0.157,0.187,0.206,0.227,0.167,4,-0.109,False,False,False,,True
held_up,3,NOT payroll_pit AND NOT culture AND extracurricular,payroll_pit;culture;extracurricular,001,0.763,0.429,177,37,0.42,0.135,0.063,0.176,0.176,0.318,0.028,3,-0.109,False,False,False,,True
held_up,3,payroll_pit AND NOT extracurricular AND small,payroll_pit;extracurricular;small,101,0.763,0.425,211,42,0.429,0.153,0.197,0.121,0.118,0.091,0.222,4,-0.109,False,False,False,,True
held_up,3,NOT single_tax AND NOT education AND balance,single_tax;education;balance,001,0.763,0.416,177,41,0.432,0.15,0.071,0.165,0.382,0.182,0.069,3,-0.109,False,False,False,,True
held_up,3,NOT payroll_pit AND NOT culture AND NOT contestation,payroll_pit;culture;contestation,000,0.763,0.414,185,43,0.426,0.157,0.126,0.176,0.206,0.182,0.097,4,-0.109,False,False,False,,True
held_up,3,NOT investment AND NOT education AND NOT small,investment;education;small,000,0.763,0.413,191,37,0.416,0.135,0.063,0.198,0.265,0.091,0.014,3,-0.109,False,False,False,,True
held_up,3,NOT autonomy AND NOT investment AND NOT balance,autonomy;investment;balance,000,0.763,0.41,169,43,0.462,0.157,0.142,0.187,0.147,0.136,0.167,4,-0.109,False,False,False,,True
held_up,3,NOT local_tax_base AND NOT single_tax AND NOT social,local_tax_base;single_tax;social,000,0.763,0.405,171,39,0.406,0.142,0.094,0.198,0.147,0.182,0.111,4,-0.109,False,False,False,,True
held_up,3,NOT investment AND NOT social AND NOT education,investment;social;education,000,0.763,0.396,168,39,0.415,0.142,0.079,0.242,0.147,0.091,0.056,4,-0.109,False,False,False,,True
held_up,3,NOT single_tax AND NOT investment AND NOT balance,single_tax;investment;balance,000,0.763,0.377,138,31,0.383,0.113,0.11,0.154,0.059,0.045,0.111,3,-0.109,False,False,False,,True
held_up,3,payroll_pit AND autonomy AND balance,payroll_pit;autonomy;balance,111,0.762,0.483,239,54,0.509,0.197,0.291,0.121,0.088,0.136,0.361,3,-0.11,False,False,False,,True
held_up,3,social AND education AND small,social;education;small,111,0.762,0.467,233,49,0.495,0.179,0.22,0.165,0.118,0.091,0.208,4,-0.11,False,False,False,,True
held_up,3,culture AND NOT extracurricular AND small,culture;extracurricular;small,101,0.762,0.457,239,65,0.551,0.237,0.283,0.165,0.265,0.227,0.306,4,-0.11,False,False,False,,True
held_up,3,NOT extracurricular AND NOT contestation AND small,extracurricular;contestation;small,001,0.762,0.44,213,53,0.461,0.193,0.26,0.088,0.206,0.227,0.278,3,-0.11,False,False,False,,True
held_up,3,autonomy AND NOT culture AND NOT education,autonomy;culture;education,100,0.762,0.436,184,46,0.465,0.168,0.165,0.187,0.059,0.273,0.139,3,-0.11,False,False,False,,True
held_up,3,NOT local_tax_base AND NOT property_tax AND NOT payroll_pit,local_tax_base;property_tax;payroll_pit,000,0.762,0.432,203,59,0.532,0.215,0.134,0.275,0.294,0.318,0.139,4,-0.11,False,False,False,,True
held_up,3,NOT single_tax AND autonomy AND NOT education,single_tax;autonomy;education,010,0.762,0.417,158,34,0.391,0.124,0.087,0.11,0.176,0.318,0.069,4,-0.11,False,False,False,,True
held_up,3,NOT property_tax AND NOT education AND NOT balance,property_tax;education;balance,000,0.762,0.411,184,52,0.51,0.19,0.102,0.297,0.176,0.273,0.083,4,-0.11,False,False,False,,True
held_up,3,NOT payroll_pit AND NOT social AND NOT contestation,payroll_pit;social;contestation,000,0.762,0.41,185,47,0.448,0.172,0.15,0.165,0.235,0.227,0.139,4,-0.11,False,False,False,,True
held_up,3,NOT payroll_pit AND NOT autonomy AND NOT investment,payroll_pit;autonomy;investment,000,0.761,0.446,214,60,0.517,0.219,0.134,0.319,0.235,0.273,0.111,4,-0.111,False,False,False,,True
held_up,3,NOT single_tax AND NOT autonomy AND NOT education,single_tax;autonomy;education,000,0.761,0.436,215,56,0.487,0.204,0.094,0.33,0.324,0.136,0.069,3,-0.111,False,False,False,,True
held_up,3,NOT local_tax_base AND NOT property_tax AND NOT social,local_tax_base;property_tax;social,000,0.761,0.43,208,57,0.467,0.208,0.173,0.275,0.176,0.182,0.194,4,-0.111,False,False,False,,True
held_up,3,NOT property_tax AND NOT investment AND NOT culture,property_tax;investment;culture,000,0.761,0.423,197,47,0.465,0.172,0.11,0.231,0.235,0.182,0.097,4,-0.111,False,False,False,,True
held_up,3,NOT social AND NOT balance AND small,social;balance;small,001,0.761,0.398,176,45,0.455,0.164,0.173,0.176,0.118,0.136,0.167,4,-0.111,False,False,False,,True
held_up,3,NOT local_tax_base AND NOT single_tax AND NOT investment,local_tax_base;single_tax;investment,000,0.761,0.393,159,30,0.361,0.109,0.094,0.132,0.147,0.045,0.097,3,-0.111,False,False,False,,True
held_up,3,social AND culture AND education,social;culture;education,111,0.76,0.502,263,59,0.562,0.215,0.244,0.242,0.118,0.091,0.208,3,-0.112,False,False,False,,True
held_up,3,education AND NOT extracurricular AND small,education;extracurricular;small,101,0.76,0.467,266,67,0.532,0.245,0.291,0.176,0.294,0.182,0.319,4,-0.112,False,False,False,,True
held_up,3,NOT culture AND NOT education AND contestation,culture;education;contestation,001,0.76,0.454,221,64,0.52,0.234,0.134,0.363,0.176,0.364,0.125,4,-0.112,False,False,False,,True
held_up,3,NOT social AND NOT education AND NOT small,social;education;small,000,0.76,0.443,218,46,0.411,0.168,0.094,0.275,0.088,0.273,0.028,4,-0.112,False,False,False,,True
held_up,3,NOT property_tax AND NOT investment AND NOT education,property_tax;investment;education,000,0.76,0.415,191,44,0.463,0.161,0.087,0.242,0.265,0.091,0.069,4,-0.112,False,False,False,,True
held_up,3,NOT property_tax AND NOT autonomy AND NOT balance,property_tax;autonomy;balance,000,0.76,0.409,192,51,0.481,0.186,0.205,0.209,0.118,0.091,0.236,3,-0.112,False,False,False,,True
held_up,3,NOT investment AND NOT social AND NOT culture,investment;social;culture,000,0.76,0.409,180,45,0.455,0.164,0.11,0.242,0.147,0.182,0.097,4,-0.112,False,False,False,,True
held_up,3,NOT local_tax_base AND NOT property_tax AND NOT balance,local_tax_base;property_tax;balance,000,0.76,0.406,177,51,0.464,0.186,0.189,0.22,0.088,0.182,0.222,3,-0.112,False,False,False,,True
held_up,3,NOT extracurricular AND NOT contestation AND NOT balance,extracurricular;contestation;balance,000,0.76,0.406,192,33,0.359,0.12,0.142,0.088,0.118,0.136,0.111,4,-0.112,False,False,False,,True
held_up,3,NOT property_tax AND NOT single_tax AND extracurricular,property_tax;single_tax;extracurricular,001,0.759,0.441,204,46,0.43,0.168,0.11,0.198,0.235,0.273,0.069,4,-0.113,False,False,False,,True
held_up,3,NOT investment AND NOT culture AND NOT education,investment;culture;education,000,0.759,0.42,189,43,0.448,0.157,0.071,0.264,0.235,0.091,0.042,3,-0.113,False,False,False,,True
held_up,3,NOT property_tax AND NOT social AND NOT balance,property_tax;social;balance,000,0.759,0.406,200,53,0.457,0.193,0.157,0.264,0.118,0.227,0.181,4,-0.113,False,False,False,,True
held_up,3,NOT single_tax AND NOT balance AND NOT small,single_tax;balance;small,000,0.759,0.393,166,39,0.464,0.142,0.102,0.198,0.088,0.227,0.069,4,-0.113,False,False,False,,True
held_up,3,NOT payroll_pit AND NOT contestation AND NOT balance,payroll_pit;contestation;balance,000,0.759,0.382,150,31,0.388,0.113,0.118,0.088,0.118,0.182,0.069,4,-0.113,False,False,False,,True
held_up,3,NOT property_tax AND extracurricular AND NOT small,property_tax;extracurricular;small,010,0.758,0.465,245,55,0.466,0.201,0.102,0.286,0.235,0.364,0.056,4,-0.114,False,False,False,,True
held_up,3,autonomy AND NOT education AND NOT small,autonomy;education;small,100,0.758,0.449,214,49,0.454,0.179,0.197,0.143,0.147,0.273,0.167,4,-0.114,False,False,False,,True
held_up,3,NOT local_tax_base AND NOT culture AND NOT small,local_tax_base;culture;small,000,0.758,0.442,213,60,0.517,0.219,0.142,0.286,0.235,0.364,0.111,4,-0.114,False,False,False,,True
held_up,3,NOT single_tax AND NOT payroll_pit AND extracurricular,single_tax;payroll_pit;extracurricular,001,0.758,0.441,202,43,0.426,0.157,0.079,0.231,0.235,0.182,0.028,4,-0.114,False,False,False,,True
held_up,3,NOT single_tax AND NOT education AND contestation,single_tax;education;contestation,001,0.758,0.44,209,52,0.495,0.19,0.094,0.286,0.206,0.318,0.083,3,-0.114,False,False,False,,True
held_up,3,NOT single_tax AND NOT payroll_pit AND NOT contestation,single_tax;payroll_pit;contestation,000,0.758,0.428,206,56,0.463,0.204,0.165,0.22,0.353,0.136,0.111,4,-0.114,False,False,False,,True
held_up,3,NOT autonomy AND NOT contestation AND NOT balance,autonomy;contestation;balance,000,0.758,0.401,172,39,0.419,0.142,0.165,0.121,0.118,0.136,0.153,4,-0.114,False,False,False,,True
held_up,3,payroll_pit AND autonomy AND culture,payroll_pit;autonomy;culture,111,0.757,0.491,256,51,0.5,0.186,0.244,0.143,0.118,0.136,0.292,4,-0.115,False,False,False,,True
held_up,3,NOT single_tax AND NOT autonomy AND NOT culture,single_tax;autonomy;culture,000,0.757,0.446,228,60,0.48,0.219,0.126,0.33,0.324,0.136,0.097,4,-0.115,False,False,False,,True
held_up,3,NOT single_tax AND NOT autonomy AND NOT social,single_tax;autonomy;social,000,0.757,0.434,216,58,0.472,0.212,0.173,0.297,0.206,0.091,0.139,3,-0.115,False,False,False,,True
held_up,3,NOT single_tax AND NOT social AND NOT small,single_tax;social;small,000,0.757,0.43,194,38,0.392,0.139,0.063,0.242,0.088,0.227,0.042,3,-0.115,False,False,False,,True
held_up,3,NOT payroll_pit AND NOT investment AND NOT culture,payroll_pit;investment;culture,000,0.757,0.428,193,47,0.485,0.172,0.094,0.242,0.235,0.227,0.069,4,-0.115,False,False,False,,True
held_up,3,NOT local_tax_base AND NOT single_tax AND NOT payroll_pit,local_tax_base;single_tax;payroll_pit,000,0.757,0.417,192,48,0.475,0.175,0.094,0.242,0.235,0.273,0.083,4,-0.115,False,False,False,,True
held_up,3,NOT property_tax AND NOT payroll_pit AND NOT contestation,property_tax;payroll_pit;contestation,000,0.757,0.417,203,45,0.417,0.164,0.126,0.176,0.294,0.136,0.111,4,-0.115,False,False,False,,True
held_up,3,NOT autonomy AND NOT social AND NOT balance,autonomy;social;balance,000,0.757,0.411,190,50,0.467,0.182,0.165,0.22,0.147,0.182,0.153,4,-0.115,False,False,False,,True
held_up,3,payroll_pit AND autonomy AND extracurricular,payroll_pit;autonomy;extracurricular,111,0.756,0.464,230,47,0.427,0.172,0.22,0.165,0.029,0.136,0.278,3,-0.116,False,False,False,,True
held_up,3,NOT culture AND extracurricular AND NOT small,culture;extracurricular;small,010,0.756,0.46,228,54,0.458,0.197,0.142,0.253,0.206,0.273,0.125,4,-0.116,False,False,False,,True
held_up,3,NOT payroll_pit AND NOT autonomy AND NOT education,payroll_pit;autonomy;education,000,0.756,0.453,240,66,0.508,0.241,0.142,0.363,0.324,0.182,0.125,4,-0.116,False,False,False,,True
held_up,3,NOT culture AND NOT education AND extracurricular,culture;education;extracurricular,001,0.756,0.45,213,48,0.421,0.175,0.126,0.22,0.176,0.273,0.125,4,-0.116,False,False,False,,True
held_up,3,NOT local_tax_base AND NOT culture AND NOT education,local_tax_base;culture;education,000,0.756,0.434,206,57,0.487,0.208,0.126,0.275,0.265,0.318,0.111,4,-0.116,False,False,False,,True
held_up,3,NOT payroll_pit AND NOT autonomy AND NOT contestation,payroll_pit;autonomy;contestation,000,0.756,0.434,214,58,0.483,0.212,0.165,0.242,0.294,0.227,0.139,4,-0.116,False,False,False,,True
held_up,3,education AND NOT balance AND small,education;balance;small,101,0.756,0.433,225,42,0.416,0.153,0.205,0.11,0.118,0.091,0.208,4,-0.116,False,False,False,,True
held_up,3,NOT contestation AND NOT balance AND small,contestation;balance;small,001,0.756,0.419,197,39,0.379,0.142,0.189,0.088,0.118,0.136,0.167,4,-0.116,False,False,False,,True
held_up,3,NOT local_tax_base AND NOT property_tax AND NOT investment,local_tax_base;property_tax;investment,000,0.756,0.417,189,43,0.426,0.157,0.157,0.154,0.206,0.091,0.181,4,-0.116,False,False,False,,True
held_up,3,NOT single_tax AND NOT investment AND NOT social,single_tax;investment;social,000,0.756,0.404,179,43,0.43,0.157,0.126,0.231,0.147,0.045,0.125,3,-0.116,False,False,False,,True
held_up,3,NOT extracurricular AND NOT balance AND small,extracurricular;balance;small,001,0.755,0.434,230,51,0.447,0.186,0.181,0.209,0.147,0.182,0.167,4,-0.117,False,False,False,,True
held_up,3,NOT property_tax AND NOT payroll_pit AND NOT investment,property_tax;payroll_pit;investment,000,0.755,0.43,208,52,0.486,0.19,0.142,0.231,0.265,0.182,0.125,4,-0.117,False,False,False,,True
held_up,3,NOT local_tax_base AND NOT single_tax AND extracurricular,local_tax_base;single_tax;extracurricular,001,0.755,0.423,201,45,0.398,0.164,0.126,0.165,0.235,0.273,0.111,4,-0.117,False,False,False,,True
held_up,3,NOT payroll_pit AND NOT investment AND NOT social,payroll_pit;investment;social,000,0.755,0.417,199,50,0.455,0.182,0.126,0.242,0.176,0.273,0.111,4,-0.117,False,False,False,,True
held_up,3,NOT investment AND NOT balance AND small,investment;balance;small,001,0.755,0.413,190,42,0.438,0.153,0.157,0.143,0.147,0.182,0.167,4,-0.117,False,False,False,,True
held_up,3,NOT local_tax_base AND NOT single_tax AND NOT balance,local_tax_base;single_tax;balance,000,0.755,0.377,153,38,0.437,0.139,0.134,0.165,0.059,0.182,0.153,3,-0.117,False,False,False,,True
held_up,3,single_tax AND payroll_pit AND autonomy,single_tax;payroll_pit;autonomy,111,0.754,0.513,293,63,0.5,0.23,0.331,0.176,0.088,0.091,0.347,2,-0.118,False,False,False,,False
held_up,3,payroll_pit AND social AND culture,payroll_pit;social;culture,111,0.754,0.502,264,56,0.549,0.204,0.252,0.187,0.088,0.182,0.278,3,-0.118,False,False,False,,True
held_up,3,local_tax_base AND property_tax AND small,local_tax_base;property_tax;small,111,0.754,0.49,269,74,0.574,0.27,0.299,0.209,0.294,0.318,0.306,4,-0.118,False,False,False,,True
held_up,3,NOT payroll_pit AND NOT investment AND NOT education,payroll_pit;investment;education,000,0.754,0.421,194,48,0.466,0.175,0.087,0.253,0.324,0.136,0.042,3,-0.118,False,False,False,,True
held_up,3,NOT social AND NOT culture AND NOT balance,social;culture;balance,000,0.754,0.417,203,57,0.479,0.208,0.165,0.297,0.118,0.227,0.111,4,-0.118,False,False,False,,True
held_up,3,NOT investment AND NOT contestation AND NOT balance,investment;contestation;balance,000,0.754,0.392,174,31,0.36,0.113,0.134,0.088,0.088,0.136,0.125,4,-0.118,False,False,False,,True
held_up,3,payroll_pit AND autonomy AND social,payroll_pit;autonomy;social,111,0.753,0.496,276,53,0.473,0.193,0.268,0.154,0.059,0.136,0.333,3,-0.119,False,False,False,,True
held_up,3,NOT single_tax AND NOT education AND extracurricular,single_tax;education;extracurricular,001,0.753,0.441,208,43,0.391,0.157,0.079,0.198,0.265,0.273,0.056,4,-0.119,False,False,False,,True
held_up,3,NOT property_tax AND NOT culture AND NOT balance,property_tax;culture;balance,000,0.753,0.418,203,54,0.474,0.197,0.142,0.275,0.147,0.273,0.111,4,-0.119,False,False,False,,True
held_up,3,NOT social AND NOT contestation AND NOT balance,social;contestation;balance,000,0.753,0.384,170,34,0.362,0.124,0.142,0.099,0.118,0.136,0.111,4,-0.119,False,False,False,,True
held_up,3,single_tax AND payroll_pit AND social,single_tax;payroll_pit;social,111,0.752,0.509,284,56,0.505,0.204,0.276,0.154,0.118,0.136,0.306,4,-0.12,False,False,False,,True
held_up,3,NOT local_tax_base AND extracurricular AND NOT small,local_tax_base;extracurricular;small,010,0.752,0.471,271,66,0.471,0.241,0.213,0.264,0.235,0.318,0.208,4,-0.12,False,False,False,,True
held_up,3,NOT education AND contestation AND NOT small,education;contestation;small,010,0.752,0.456,229,57,0.487,0.208,0.157,0.264,0.176,0.318,0.139,4,-0.12,False,False,False,,True
held_up,3,NOT local_tax_base AND NOT property_tax AND extracurricular,local_tax_base;property_tax;extracurricular,001,0.752,0.454,233,57,0.442,0.208,0.157,0.242,0.235,0.318,0.167,4,-0.12,False,False,False,,True
held_up,3,NOT single_tax AND extracurricular AND NOT small,single_tax;extracurricular;small,010,0.752,0.452,229,52,0.441,0.19,0.094,0.264,0.294,0.273,0.056,3,-0.12,False,False,False,,True
held_up,3,NOT property_tax AND NOT single_tax AND NOT investment,property_tax;single_tax;investment,000,0.752,0.423,205,47,0.439,0.172,0.134,0.231,0.235,0.045,0.125,3,-0.12,False,False,False,,True
held_up,3,NOT single_tax AND NOT investment AND NOT education,single_tax;investment;education,000,0.752,0.422,193,43,0.439,0.157,0.071,0.242,0.324,0.045,0.042,2,-0.12,False,False,False,,False
held_up,3,NOT single_tax AND NOT autonomy AND NOT balance,single_tax;autonomy;balance,000,0.752,0.402,184,48,0.462,0.175,0.173,0.231,0.088,0.091,0.139,4,-0.12,False,False,False,,True
held_up,3,NOT investment AND NOT social AND NOT balance,investment;social;balance,000,0.752,0.388,172,39,0.39,0.142,0.126,0.176,0.118,0.136,0.125,4,-0.12,False,False,False,,True
held_up,3,property_tax AND single_tax AND culture,property_tax;single_tax;culture,111,0.751,0.515,287,62,0.53,0.226,0.276,0.187,0.147,0.227,0.264,4,-0.121,False,False,False,,True
held_up,3,property_tax AND payroll_pit AND autonomy,property_tax;payroll_pit;autonomy,111,0.751,0.506,294,61,0.473,0.223,0.339,0.154,0.088,0.045,0.403,2,-0.121,False,False,False,,False
held_up,3,property_tax AND payroll_pit AND social,property_tax;payroll_pit;social,111,0.751,0.5,288,58,0.492,0.212,0.291,0.176,0.088,0.091,0.347,2,-0.121,False,False,False,,False
held_up,3,single_tax AND culture AND small,single_tax;culture;small,111,0.751,0.493,262,62,0.539,0.226,0.268,0.187,0.176,0.227,0.319,4,-0.121,False,False,False,,True
held_up,3,payroll_pit AND social AND education,payroll_pit;social;education,111,0.751,0.493,254,47,0.485,0.172,0.205,0.187,0.059,0.091,0.181,3,-0.121,False,False,False,,True
held_up,3,NOT payroll_pit AND NOT autonomy AND NOT culture,payroll_pit;autonomy;culture,000,0.751,0.473,266,72,0.503,0.263,0.15,0.385,0.324,0.318,0.139,4,-0.121,False,False,False,,True
held_up,3,NOT payroll_pit AND NOT culture AND NOT small,payroll_pit;culture;small,000,0.751,0.455,231,57,0.491,0.208,0.087,0.308,0.265,0.409,0.042,3,-0.121,False,False,False,,True
held_up,3,property_tax AND single_tax AND education,property_tax;single_tax;education,111,0.75,0.517,291,60,0.517,0.219,0.252,0.198,0.176,0.182,0.25,4,-0.122,False,False,False,,True
held_up,3,property_tax AND single_tax AND small,property_tax;single_tax;small,111,0.75,0.492,277,60,0.504,0.219,0.244,0.187,0.176,0.273,0.25,4,-0.122,False,False,False,,True
held_up,3,NOT property_tax AND NOT culture AND NOT small,property_tax;culture;small,000,0.75,0.474,256,66,0.52,0.241,0.102,0.352,0.324,0.455,0.028,3,-0.122,False,False,False,,True
held_up,3,NOT property_tax AND NOT social AND NOT culture,property_tax;social;culture,000,0.75,0.459,244,68,0.486,0.248,0.157,0.363,0.206,0.364,0.139,4,-0.122,False,False,False,,True
held_up,3,NOT local_tax_base AND NOT education AND NOT small,local_tax_base;education;small,000,0.75,0.452,248,65,0.496,0.237,0.157,0.297,0.294,0.364,0.153,4,-0.122,False,False,False,,True
held_up,3,NOT single_tax AND NOT culture AND extracurricular,single_tax;culture;extracurricular,001,0.75,0.435,200,42,0.393,0.153,0.094,0.198,0.206,0.227,0.069,4,-0.122,False,False,False,,True
held_up,3,NOT single_tax AND NOT investment AND NOT culture,single_tax;investment;culture,000,0.75,0.42,187,42,0.424,0.153,0.102,0.231,0.206,0.045,0.083,3,-0.122,False,False,False,,True
held_up,3,property_tax AND culture AND education,property_tax;culture;education,111,0.749,0.522,301,72,0.571,0.263,0.276,0.253,0.294,0.182,0.264,4,-0.123,False,False,False,,True
held_up,3,NOT property_tax AND NOT single_tax AND NOT autonomy,property_tax;single_tax;autonomy,000,0.749,0.456,246,64,0.489,0.234,0.165,0.319,0.324,0.136,0.153,4,-0.123,False,False,False,,True
held_up,3,NOT payroll_pit AND NOT autonomy AND NOT balance,payroll_pit;autonomy;balance,000,0.749,0.427,211,56,0.487,0.204,0.181,0.264,0.147,0.182,0.167,4,-0.123,False,False,False,,True
held_up,3,property_tax AND culture AND small,property_tax;culture;small,111,0.748,0.495,280,68,0.531,0.248,0.283,0.187,0.265,0.273,0.292,4,-0.124,False,False,False,,True
held_up,3,NOT property_tax AND NOT payroll_pit AND NOT small,property_tax;payroll_pit;small,000,0.748,0.465,260,65,0.537,0.237,0.11,0.341,0.324,0.409,0.069,3,-0.124,False,False,False,,True
held_up,3,NOT property_tax AND NOT social AND NOT education,property_tax;social;education,000,0.748,0.446,242,63,0.477,0.23,0.134,0.363,0.176,0.318,0.111,4,-0.124,False,False,False,,True
held_up,3,NOT local_tax_base AND NOT property_tax AND NOT education,local_tax_base;property_tax;education,000,0.748,0.445,223,62,0.5,0.226,0.11,0.319,0.324,0.364,0.069,3,-0.124,False,False,False,,True
held_up,3,payroll_pit AND culture AND small,payroll_pit;culture;small,111,0.747,0.482,253,55,0.509,0.201,0.268,0.165,0.118,0.091,0.319,3,-0.125,False,False,False,,True
held_up,3,NOT education AND extracurricular AND NOT small,education;extracurricular;small,010,0.747,0.473,268,61,0.445,0.223,0.165,0.264,0.265,0.318,0.153,4,-0.125,False,False,False,,True
held_up,3,NOT payroll_pit AND NOT autonomy AND NOT social,payroll_pit;autonomy;social,000,0.747,0.464,258,73,0.503,0.266,0.197,0.363,0.265,0.273,0.181,4,-0.125,False,False,False,,True
held_up,3,NOT payroll_pit AND NOT social AND NOT balance,payroll_pit;social;balance,000,0.747,0.42,202,56,0.483,0.204,0.157,0.264,0.147,0.318,0.111,4,-0.125,False,False,False,,True
held_up,3,NOT single_tax AND NOT social AND NOT balance,single_tax;social;balance,000,0.747,0.403,188,49,0.445,0.179,0.15,0.242,0.088,0.227,0.125,3,-0.125,False,False,False,,True
held_up,3,NOT local_tax_base AND NOT property_tax AND NOT small,local_tax_base;property_tax;small,000,0.746,0.462,256,70,0.522,0.255,0.134,0.363,0.294,0.455,0.069,4,-0.126,False,False,False,,True
held_up,3,NOT local_tax_base AND NOT property_tax AND NOT culture,local_tax_base;property_tax;culture,000,0.746,0.447,224,63,0.485,0.23,0.134,0.297,0.324,0.364,0.097,4,-0.126,False,False,False,,True
held_up,3,NOT payroll_pit AND NOT education AND NOT balance,payroll_pit;education;balance,000,0.746,0.418,192,54,0.509,0.197,0.142,0.264,0.147,0.318,0.097,4,-0.126,False,False,False,,True
held_up,3,single_tax AND culture AND education,single_tax;culture;education,111,0.745,0.528,300,68,0.553,0.248,0.291,0.231,0.176,0.182,0.306,4,-0.127,False,False,False,,True
held_up,3,NOT social AND NOT culture AND NOT education,social;culture;education,000,0.745,0.464,243,69,0.486,0.252,0.142,0.407,0.206,0.318,0.083,4,-0.127,False,False,False,,True
held_up,3,NOT local_tax_base AND NOT single_tax AND NOT small,local_tax_base;single_tax;small,000,0.745,0.436,224,55,0.474,0.201,0.11,0.275,0.235,0.364,0.097,4,-0.127,False,False,False,,True
held_up,3,NOT local_tax_base AND NOT single_tax AND NOT education,local_tax_base;single_tax;education,000,0.745,0.428,211,54,0.458,0.197,0.094,0.264,0.294,0.364,0.083,3,-0.127,False,False,False,,True
held_up,3,NOT single_tax AND NOT payroll_pit AND NOT investment,single_tax;payroll_pit;investment,000,0.744,0.436,214,54,0.474,0.197,0.118,0.286,0.353,0.045,0.083,3,-0.128,False,False,False,,True
held_up,3,property_tax AND payroll_pit AND education,property_tax;payroll_pit;education,111,0.743,0.512,293,57,0.483,0.208,0.26,0.198,0.147,0.045,0.25,3,-0.129,False,False,False,,True
held_up,3,property_tax AND payroll_pit AND small,property_tax;payroll_pit;small,111,0.743,0.476,262,49,0.438,0.179,0.236,0.132,0.147,0.091,0.25,4,-0.129,False,False,False,,True
held_up,3,NOT property_tax AND NOT payroll_pit AND NOT social,property_tax;payroll_pit;social,000,0.743,0.459,261,65,0.474,0.237,0.165,0.33,0.206,0.318,0.167,4,-0.129,False,False,False,,True
held_up,3,NOT culture AND NOT education AND NOT balance,culture;education;balance,000,0.743,0.432,217,62,0.504,0.226,0.165,0.33,0.147,0.273,0.125,4,-0.129,False,False,False,,True
held_up,3,NOT property_tax AND NOT payroll_pit AND NOT balance,property_tax;payroll_pit;balance,000,0.743,0.42,211,55,0.5,0.201,0.181,0.231,0.147,0.273,0.167,4,-0.129,False,False,False,,True
held_up,3,culture AND education AND small,culture;education;small,111,0.742,0.517,301,75,0.56,0.274,0.323,0.22,0.294,0.182,0.347,4,-0.13,False,False,False,,True
held_up,3,property_tax AND education AND small,property_tax;education;small,111,0.742,0.503,302,68,0.523,0.248,0.276,0.198,0.294,0.227,0.292,4,-0.13,False,False,False,,True
held_up,3,NOT local_tax_base AND payroll_pit AND autonomy,local_tax_base;payroll_pit;autonomy,011,0.742,0.464,252,52,0.423,0.19,0.252,0.165,0.059,0.136,0.292,3,-0.13,False,False,False,,True
held_up,3,NOT property_tax AND NOT single_tax AND NOT social,property_tax;single_tax;social,000,0.742,0.448,241,59,0.44,0.215,0.15,0.308,0.176,0.273,0.153,4,-0.13,False,False,False,,True
held_up,3,NOT local_tax_base AND NOT single_tax AND NOT culture,local_tax_base;single_tax;culture,000,0.742,0.424,205,52,0.444,0.19,0.11,0.242,0.265,0.318,0.097,4,-0.13,False,False,False,,True
held_up,3,NOT single_tax AND NOT education AND NOT balance,single_tax;education;balance,000,0.742,0.414,196,49,0.458,0.179,0.11,0.275,0.118,0.273,0.069,4,-0.13,False,False,False,,True
held_up,3,property_tax AND single_tax AND payroll_pit,property_tax;single_tax;payroll_pit,111,0.741,0.527,313,62,0.47,0.226,0.323,0.154,0.147,0.091,0.319,3,-0.131,False,False,False,,True
held_up,3,property_tax AND payroll_pit AND culture,property_tax;payroll_pit;culture,111,0.741,0.514,300,61,0.504,0.223,0.291,0.187,0.147,0.091,0.306,3,-0.131,False,False,False,,True
held_up,3,NOT payroll_pit AND NOT culture AND NOT balance,payroll_pit;culture;balance,000,0.741,0.423,208,53,0.482,0.193,0.15,0.253,0.147,0.273,0.111,4,-0.131,False,False,False,,True
held_up,3,NOT property_tax AND NOT single_tax AND NOT balance,property_tax;single_tax;balance,000,0.741,0.415,211,55,0.474,0.201,0.181,0.242,0.118,0.273,0.167,4,-0.131,False,False,False,,True
held_up,3,payroll_pit AND culture AND education,payroll_pit;culture;education,111,0.74,0.525,303,64,0.525,0.234,0.283,0.242,0.118,0.091,0.292,3,-0.132,False,False,False,,True
held_up,3,single_tax AND education AND small,single_tax;education;small,111,0.74,0.508,299,62,0.492,0.226,0.26,0.176,0.206,0.273,0.306,4,-0.132,False,False,False,,True
held_up,3,NOT payroll_pit AND NOT social AND NOT culture,payroll_pit;social;culture,000,0.74,0.467,256,69,0.489,0.252,0.15,0.385,0.206,0.364,0.125,4,-0.132,False,False,False,,True
held_up,3,NOT payroll_pit AND NOT education AND NOT small,payroll_pit;education;small,000,0.74,0.465,264,65,0.492,0.237,0.118,0.33,0.353,0.364,0.042,3,-0.132,False,False,False,,True
held_up,3,single_tax AND payroll_pit AND small,single_tax;payroll_pit;small,111,0.739,0.481,269,52,0.448,0.19,0.252,0.143,0.147,0.091,0.278,3,-0.133,False,False,False,,True
held_up,3,single_tax AND payroll_pit AND culture,single_tax;payroll_pit;culture,111,0.738,0.524,307,63,0.521,0.23,0.299,0.187,0.147,0.136,0.306,4,-0.134,False,False,False,,True
held_up,3,NOT property_tax AND NOT education AND NOT small,property_tax;education;small,000,0.738,0.483,286,71,0.511,0.259,0.11,0.374,0.382,0.455,0.042,3,-0.134,False,False,False,,True
held_up,3,NOT property_tax AND NOT payroll_pit AND NOT culture,property_tax;payroll_pit;culture,000,0.738,0.482,276,75,0.521,0.274,0.15,0.352,0.353,0.545,0.125,4,-0.134,False,False,False,,True
held_up,3,payroll_pit AND education AND small,payroll_pit;education;small,111,0.737,0.492,280,56,0.467,0.204,0.268,0.165,0.176,0.045,0.319,3,-0.135,False,False,False,,True
held_up,3,NOT property_tax AND NOT culture AND NOT education,property_tax;culture;education,000,0.737,0.485,281,79,0.52,0.288,0.142,0.418,0.382,0.455,0.097,3,-0.135,False,False,False,,True
held_up,3,NOT property_tax AND NOT payroll_pit AND NOT autonomy,property_tax;payroll_pit;autonomy,000,0.737,0.478,286,77,0.507,0.281,0.205,0.352,0.353,0.318,0.208,4,-0.135,False,False,False,,True
held_up,3,NOT property_tax AND NOT single_tax AND NOT small,property_tax;single_tax;small,000,0.737,0.469,262,62,0.488,0.226,0.102,0.319,0.324,0.409,0.056,3,-0.135,False,False,False,,True
held_up,3,NOT single_tax AND NOT payroll_pit AND NOT small,single_tax;payroll_pit;small,000,0.737,0.463,259,65,0.508,0.237,0.102,0.352,0.382,0.318,0.056,3,-0.135,False,False,False,,True
held_up,3,NOT single_tax AND NOT social AND NOT culture,single_tax;social;culture,000,0.736,0.455,240,62,0.443,0.226,0.142,0.341,0.206,0.273,0.125,4,-0.136,False,False,False,,True
held_up,3,NOT payroll_pit AND NOT social AND NOT education,payroll_pit;social;education,000,0.736,0.455,255,65,0.455,0.237,0.157,0.352,0.206,0.273,0.125,4,-0.136,False,False,False,,True
held_up,3,single_tax AND payroll_pit AND education,single_tax;payroll_pit;education,111,0.735,0.527,312,61,0.484,0.223,0.283,0.198,0.147,0.091,0.264,3,-0.137,False,False,False,,True
held_up,3,NOT single_tax AND NOT payroll_pit AND NOT autonomy,single_tax;payroll_pit;autonomy,000,0.735,0.484,294,81,0.516,0.296,0.213,0.418,0.382,0.136,0.167,3,-0.137,False,False,False,,True
held_up,3,NOT single_tax AND NOT culture AND NOT small,single_tax;culture;small,000,0.735,0.462,254,58,0.446,0.212,0.094,0.319,0.265,0.364,0.042,3,-0.137,False,False,False,,True
held_up,3,NOT property_tax AND NOT single_tax AND NOT culture,property_tax;single_tax;culture,000,0.734,0.478,277,73,0.483,0.266,0.157,0.352,0.353,0.409,0.111,4,-0.138,False,False,False,,True
held_up,3,NOT local_tax_base AND NOT property_tax AND NOT single_tax,local_tax_base;property_tax;single_tax,000,0.733,0.454,245,63,0.457,0.23,0.142,0.297,0.294,0.364,0.139,4,-0.139,False,False,False,,True
held_up,3,NOT single_tax AND NOT culture AND NOT balance,single_tax;culture;balance,000,0.733,0.414,208,51,0.436,0.186,0.126,0.275,0.118,0.273,0.097,4,-0.139,False,False,False,,True
held_up,3,NOT culture AND NOT education AND NOT small,culture;education;small,000,0.732,0.488,290,73,0.477,0.266,0.165,0.363,0.294,0.409,0.125,4,-0.14,False,False,False,,True
held_up,3,NOT single_tax AND NOT social AND NOT education,single_tax;social;education,000,0.731,0.45,239,55,0.414,0.201,0.11,0.319,0.176,0.273,0.083,4,-0.141,False,False,False,,True
held_up,3,NOT property_tax AND NOT payroll_pit AND NOT education,property_tax;payroll_pit;education,000,0.73,0.475,281,73,0.514,0.266,0.134,0.374,0.382,0.409,0.111,4,-0.142,False,False,False,,True
held_up,3,NOT single_tax AND NOT payroll_pit AND NOT balance,single_tax;payroll_pit;balance,000,0.729,0.428,222,57,0.471,0.208,0.189,0.253,0.118,0.273,0.111,4,-0.143,False,False,False,,True
held_up,3,NOT payroll_pit AND NOT culture AND NOT education,payroll_pit;culture;education,000,0.726,0.483,278,75,0.507,0.274,0.142,0.396,0.353,0.409,0.097,4,-0.146,False,False,False,,True
held_up,3,NOT property_tax AND NOT single_tax AND NOT education,property_tax;single_tax;education,000,0.726,0.475,279,70,0.479,0.255,0.11,0.363,0.382,0.455,0.069,3,-0.146,False,False,False,,True
held_up,3,NOT single_tax AND NOT payroll_pit AND NOT social,single_tax;payroll_pit;social,000,0.726,0.466,270,66,0.446,0.241,0.165,0.341,0.235,0.273,0.125,4,-0.146,False,False,False,,True
held_up,3,NOT property_tax AND NOT single_tax AND NOT payroll_pit,property_tax;single_tax;payroll_pit,000,0.723,0.485,302,76,0.5,0.277,0.181,0.363,0.353,0.364,0.139,4,-0.149,False,False,False,,True
held_up,3,NOT single_tax AND NOT education AND NOT small,single_tax;education;small,000,0.723,0.475,285,68,0.466,0.248,0.11,0.341,0.412,0.409,0.069,3,-0.149,False,False,False,,True
held_up,3,NOT single_tax AND NOT payroll_pit AND NOT culture,single_tax;payroll_pit;culture,000,0.722,0.485,289,73,0.474,0.266,0.15,0.385,0.324,0.364,0.097,4,-0.15,False,False,False,,True
held_up,3,NOT single_tax AND NOT culture AND NOT education,single_tax;culture;education,000,0.718,0.484,292,71,0.452,0.259,0.11,0.396,0.353,0.409,0.056,3,-0.154,False,False,False,,True
held_up,3,NOT single_tax AND NOT payroll_pit AND NOT education,single_tax;payroll_pit;education,000,0.714,0.484,298,74,0.471,0.27,0.126,0.385,0.441,0.364,0.069,3,-0.158,False,False,False,,True
