k1,k2,k3,name,year,code_source,last_month,sh_01_admin,sh_06_housing,sh_08_culture_sport,sh_0810_sport,sh_082_culture_arts,sh_0830_media,sh_09_education,sh_0960_extracurricular,sh_10_social
05,0502,0502001,Агрономічна сільська громада,2021,year,12,0.19872,0.0163,0.02928,0.00164,0.02764,0.0,0.55409,0.0,0.02159
05,0502,0502001,Агрономічна сільська громада,2022,year,12,0.22356,0.02454,0.03865,0.0,0.03865,0.0,0.66716,0.0,0.03079
05,0502,0502001,Агрономічна сільська громада,2023,year,12,0.18552,0.03078,0.05167,0.00315,0.04852,0.0,0.56995,0.0,0.03376
05,0502,0502001,Агрономічна сільська громада,2024,year,12,0.18962,0.08952,0.04707,0.00363,0.04344,0.0,0.5978,0.0,0.04263
05,0502,0502001,Агрономічна сільська громада,2025,year,12,0.21043,0.02055,0.05471,0.00673,0.04797,0.0,0.60057,0.0,0.05049
05,0502,0502001,Агрономічна сільська громада,2026,2025,8,0.19343,0.01287,0.0563,0.0156,0.0407,0.0,0.66694,0.0,0.05518
05,0502,0502003,Вінницька міська громада,2021,year,12,0.06914,0.16017,0.03852,0.01692,0.01537,0.00623,0.37662,0.02609,0.04436
05,0502,0502003,Вінницька міська громада,2022,year,12,0.06279,0.15037,0.03797,0.01967,0.01293,0.00538,0.43156,0.02654,0.04722
05,0502,0502003,Вінницька міська громада,2023,year,12,0.06381,0.17859,0.03718,0.02105,0.01087,0.00526,0.35035,0.02277,0.06646
05,0502,0502003,Вінницька міська громада,2024,year,12,0.08717,0.13641,0.04087,0.0215,0.01249,0.00688,0.40516,0.02388,0.08975
05,0502,0502003,Вінницька міська громада,2025,year,12,0.09015,0.14326,0.04945,0.02272,0.01762,0.00911,0.46481,0.02329,0.09249
05,0502,0502003,Вінницька міська громада,2026,2025,8,0.09078,0.12095,0.0444,0.0225,0.01311,0.00879,0.46714,0.02653,0.09329
05,0502,0502005,Вороновицька селищна громада,2021,year,12,0.15126,0.036,0.03866,0.00232,0.03634,0.0,0.67408,0.02031,0.04065
05,0502,0502005,Вороновицька селищна громада,2023,year,12,0.16742,0.05318,0.04244,0.00257,0.03986,0.0,0.56851,0.02012,0.07479
05,0502,0502005,Вороновицька селищна громада,2024,year,12,0.14698,0.0464,0.04187,0.00235,0.03952,0.0,0.6452,0.02035,0.06775
05,0502,0502005,Вороновицька селищна громада,2025,year,12,0.14045,0.07045,0.04457,0.00507,0.0395,0.0,0.61061,0.01885,0.06235
05,0502,0502005,Вороновицька селищна громада,2026,2025,8,0.13013,0.05101,0.03783,0.00365,0.03418,0.0,0.68164,0.01957,0.07722
05,0502,0502007,Гніванська міська громада,2021,year,12,0.20306,0.04746,0.03803,0.00206,0.03597,0.0,0.60253,0.05261,0.02374
05,0502,0502007,Гніванська міська громада,2022,year,12,0.13782,0.06403,0.04544,0.00162,0.04382,0.0,0.6562,0.06243,0.0312
05,0502,0502007,Гніванська міська громада,2023,year,12,0.10896,0.11655,0.05318,0.00239,0.05079,0.0,0.60658,0.06191,0.03016
05,0502,0502007,Гніванська міська громада,2024,year,12,0.1186,0.05143,0.05037,0.00162,0.04875,0.0,0.70525,0.06093,0.04492
05,0502,0502007,Гніванська міська громада,2025,year,12,0.14253,0.06465,0.05318,0.00135,0.05183,0.0,0.6538,0.06268,0.05245
05,0502,0502007,Гніванська міська громада,2026,2025,8,0.12008,0.07501,0.0458,0.00225,0.04354,0.0,0.65756,0.06252,0.05529
05,0502,0502009,Іллінецька міська громада,2021,year,12,0.12929,0.10596,0.0654,0.01339,0.05069,0.00132,0.56452,0.02155,0.02548
05,0502,0502009,Іллінецька міська громада,2025,year,12,0.15564,0.12455,0.06061,0.00897,0.04952,0.00213,0.51484,0.01605,0.05464
05,0502,0502011,Липовецька міська громада,2021,year,12,0.14806,0.05174,0.05863,0.01574,0.04289,0.0,0.62781,0.02388,0.03402
05,0502,0502011,Липовецька міська громада,2025,year,12,0.17888,0.05009,0.05551,0.01526,0.04025,0.0,0.54328,0.02035,0.05876
05,0502,0502013,Літинська селищна громада,2021,year,12,0.11423,0.03454,0.05106,0.0178,0.03326,0.0,0.66797,0.02628,0.04344
05,0502,0502013,Літинська селищна громада,2025,year,12,0.12959,0.0533,0.06048,0.01804,0.04245,0.0,0.60057,0.02262,0.06961
05,0502,0502015,Лука-Мелешківська сільська громада,2021,year,12,0.14696,0.01284,0.03357,0.0,0.03357,0.0,0.70693,0.0265,0.02123
05,0502,0502015,Лука-Мелешківська сільська громада,2025,year,12,0.11354,0.05545,0.02893,0.00055,0.02838,0.0,0.72113,0.02444,0.03869
05,0502,0502017,Немирівська міська громада,2021,year,12,0.13124,0.02809,0.0577,0.00974,0.04796,0.0,0.64256,0.01884,0.02963
05,0502,0502017,Немирівська міська громада,2025,year,12,0.15851,0.03649,0.05107,0.01001,0.04106,0.0,0.60645,0.01894,0.05156
05,0502,0502019,Оратівська селищна громада,2021,year,12,0.13351,0.04034,0.05354,0.00696,0.04551,0.00107,0.61435,0.01987,0.04476
05,0502,0502019,Оратівська селищна громада,2025,year,12,0.14779,0.05735,0.04322,0.00754,0.03406,0.00162,0.60898,0.01931,0.05387
05,0502,0502021,Погребищенська міська громада,2021,year,12,0.1276,0.03766,0.04723,0.00733,0.0399,0.0,0.52943,0.01272,0.04218
05,0502,0502021,Погребищенська міська громада,2025,year,12,0.16549,0.06164,0.04003,0.00699,0.03304,0.0,0.48895,0.01208,0.08988
05,0502,0502023,Стрижавська селищна громада,2021,year,12,0.17045,0.02202,0.04516,0.01517,0.02987,0.00012,0.58045,0.01561,0.03034
05,0502,0502023,Стрижавська селищна громада,2025,year,12,0.17193,0.02926,0.04317,0.01238,0.03079,0.0,0.53864,0.01507,0.049
05,0502,0502025,Сутисківська селищна громада,2021,year,12,0.14103,0.04753,0.03578,0.00674,0.02904,0.0,0.61519,0.0,0.01995
05,0502,0502025,Сутисківська селищна громада,2025,year,12,0.17208,0.05719,0.04985,0.00507,0.04478,0.0,0.61225,0.0,0.05489
05,0502,0502027,Тиврівська селищна громада,2021,year,12,0.13181,0.02654,0.04656,0.0077,0.03886,0.0,0.66549,0.03937,0.05406
05,0502,0502027,Тиврівська селищна громада,2025,year,12,0.13013,0.11128,0.03036,0.00569,0.02467,0.0,0.6087,0.02975,0.0652
05,0502,0502029,Турбівська селищна громада,2021,year,12,0.18708,0.04446,0.01757,0.00577,0.0118,0.0,0.60108,0.0,0.01805
05,0502,0502029,Турбівська селищна громада,2025,year,12,0.21342,0.07476,0.02823,0.01136,0.01687,0.0,0.57583,0.0,0.05067
05,0502,0502031,Якушинецька сільська громада,2021,year,12,0.16162,0.02892,0.04866,0.00353,0.04512,0.0,0.51062,0.0,0.02357
05,0502,0502031,Якушинецька сільська громада,2025,year,12,0.16721,0.08896,0.04577,0.00626,0.03951,0.0,0.51097,0.0,0.04756
05,0504,0504001,Бершадська міська громада,2021,year,12,0.10514,0.03128,0.06239,0.01818,0.0442,0.0,0.66133,0.0275,0.04617
05,0504,0504001,Бершадська міська громада,2025,year,12,0.10981,0.06587,0.05705,0.01385,0.04321,0.0,0.58292,0.02435,0.05862
05,0504,0504003,Гайсинська міська громада,2021,year,12,0.08605,0.00898,0.07707,0.01346,0.06255,0.00106,0.62436,0.02921,0.0483
05,0504,0504003,Гайсинська міська громада,2025,year,12,0.10602,0.07986,0.06528,0.01045,0.05317,0.00166,0.5828,0.02583,0.07219
05,0504,0504005,Дашівська селищна громада,2021,year,12,0.10794,0.06586,0.04545,0.00393,0.04152,0.0,0.68474,0.02116,0.03206
05,0504,0504005,Дашівська селищна громада,2025,year,12,0.0925,0.06434,0.03839,0.0047,0.03369,0.0,0.61268,0.01779,0.07871
05,0504,0504007,Джулинська сільська громада,2021,year,12,0.12436,0.01854,0.04062,0.0,0.04062,0.0,0.70907,0.00548,0.05469
05,0504,0504007,Джулинська сільська громада,2025,year,12,0.16519,0.01959,0.04702,0.00054,0.04649,0.0,0.68392,0.0043,0.05486
05,0504,0504009,Краснопільська сільська громада,2021,year,12,0.15089,0.04244,0.04554,0.0,0.04554,0.0,0.64177,0.0,0.01727
05,0504,0504009,Краснопільська сільська громада,2025,year,12,0.17365,0.06704,0.06678,8e-05,0.06671,0.0,0.5519,0.0,0.04932
05,0504,0504011,Кунківська сільська громада,2021,year,12,0.18778,0.06034,0.05754,0.0,0.05754,0.0,0.55073,0.0,0.02008
05,0504,0504011,Кунківська сільська громада,2025,year,12,0.22219,0.05188,0.06755,0.0,0.06755,0.0,0.60012,0.0,0.02983
05,0504,0504013,Ладижинська міська громада,2021,year,12,0.11764,0.07353,0.04577,0.0301,0.01567,0.0,0.41849,0.03707,0.01258
05,0504,0504013,Ладижинська міська громада,2025,year,12,0.14352,0.11573,0.05062,0.02522,0.0254,0.0,0.37238,0.01643,0.07904
05,0504,0504015,Ободівська сільська громада,2021,year,12,0.13616,0.01394,0.06073,0.00722,0.05351,0.0,0.71344,0.02715,0.03528
05,0504,0504015,Ободівська сільська громада,2025,year,12,0.1238,0.02483,0.05146,0.01079,0.04067,0.0,0.70703,0.02404,0.05467
05,0504,0504017,Ольгопільська сільська громада,2021,year,12,0.14973,0.02275,0.03231,0.0,0.03231,0.0,0.73335,0.02196,0.02931
05,0504,0504017,Ольгопільська сільська громада,2025,year,12,0.22038,0.03528,0.04557,4e-05,0.04553,0.0,0.60336,0.01566,0.06954
05,0504,0504019,Райгородська сільська громада,2021,year,12,0.16942,0.01737,0.04365,0.0,0.04365,0.0,0.67709,0.0,0.02428
05,0504,0504019,Райгородська сільська громада,2025,year,12,0.16478,0.0308,0.04772,0.0,0.04772,0.0,0.66265,0.0,0.03614
05,0504,0504021,Соболівська сільська громада,2021,year,12,0.29395,0.03645,0.03909,0.0,0.03909,0.0,0.57212,0.02484,0.00392
05,0504,0504021,Соболівська сільська громада,2025,year,12,0.20557,0.02357,0.02844,0.0,0.02844,0.0,0.60348,0.03285,0.09532
05,0504,0504023,Теплицька селищна громада,2021,year,12,0.12153,0.05159,0.07058,0.01527,0.05531,0.0,0.58421,0.02478,0.0508
05,0504,0504023,Теплицька селищна громада,2025,year,12,0.14986,0.05635,0.05825,0.01572,0.04253,0.0,0.52013,0.02642,0.09157
05,0504,0504025,Тростянецька селищна громада,2021,year,12,0.11428,0.06701,0.05259,0.00693,0.04543,0.00023,0.632,0.02253,0.0218
05,0504,0504025,Тростянецька селищна громада,2025,year,12,0.12072,0.12801,0.05093,0.00841,0.04251,0.0,0.55034,0.02612,0.03531
05,0504,0504027,Чечельницька селищна громада,2021,year,12,0.16861,0.02854,0.04158,0.00862,0.03296,0.0,0.64017,0.02609,0.06974
05,0504,0504027,Чечельницька селищна громада,2025,year,12,0.15297,0.09092,0.037,0.00832,0.02867,0.0,0.54345,0.01967,0.10672
05,0506,0506001,Барська міська громада,2021,year,12,0.09449,0.05206,0.04398,0.01481,0.02819,0.00098,0.60381,0.01693,0.03849
05,0506,0506001,Барська міська громада,2025,year,12,0.12383,0.05703,0.04368,0.01632,0.02627,0.0011,0.62337,0.0164,0.05532
05,0506,0506003,Джуринська сільська громада,2021,year,12,0.123,0.00463,0.03744,0.0,0.03744,0.0,0.75378,0.02495,0.02813
05,0506,0506003,Джуринська сільська громада,2025,year,12,0.13453,0.00878,0.03286,0.00026,0.0326,0.0,0.71575,0.02344,0.05699
05,0506,0506005,Жмеринська міська громада,2021,year,12,0.14917,0.03477,0.05108,0.02757,0.02351,0.0,0.60888,0.03127,0.04419
05,0506,0506005,Жмеринська міська громада,2025,year,12,0.15141,0.06719,0.06462,0.0389,0.02572,0.0,0.51098,0.0248,0.08378
05,0506,0506007,Копайгородська селищна громада,2021,year,12,0.16847,0.07919,0.02747,0.0,0.02747,0.0,0.68917,0.0,0.00914
05,0506,0506007,Копайгородська селищна громада,2025,year,12,0.15908,0.01508,0.02351,0.0,0.02351,0.0,0.65153,0.0,0.05653
05,0506,0506009,Мурафська сільська громада,2021,year,12,0.07923,0.00985,0.02405,0.0,0.02405,0.0,0.74407,0.00286,0.02308
05,0506,0506009,Мурафська сільська громада,2025,year,12,0.11163,0.02083,0.02395,0.00036,0.02358,0.0,0.75388,0.01225,0.04231
05,0506,0506011,Северинівська сільська громада,2021,year,12,0.11829,0.00669,0.03564,0.00082,0.03483,0.0,0.67987,0.0,0.00659
05,0506,0506011,Северинівська сільська громада,2025,year,12,0.16691,0.01151,0.04887,0.00234,0.04653,0.0,0.70338,0.0,0.04732
05,0506,0506013,Станіславчицька сільська громада,2021,year,12,0.15283,0.02066,0.03722,0.0,0.03722,0.0,0.7087,0.02107,0.02209
05,0506,0506013,Станіславчицька сільська громада,2025,year,12,0.14111,0.06273,0.02698,0.00248,0.0245,0.0,0.59696,0.01092,0.03822
05,0506,0506015,Шаргородська міська громада,2021,year,12,0.10652,0.04958,0.05303,0.01079,0.04202,0.00023,0.65884,0.03265,0.01802
05,0506,0506015,Шаргородська міська громада,2025,year,12,0.14462,0.05716,0.0571,0.01277,0.04398,0.00034,0.62959,0.02796,0.04051
05,0508,0508001,Бабчинецька сільська громада,2021,year,12,0.13903,0.04864,0.0391,0.00182,0.03728,0.0,0.59112,0.0,0.02774
05,0508,0508001,Бабчинецька сільська громада,2025,year,12,0.19258,0.05897,0.03566,0.00241,0.03325,0.0,0.55414,0.0,0.04604
05,0508,0508003,Вендичанська селищна громада,2021,year,12,0.13509,0.01551,0.0439,0.00598,0.03793,0.0,0.61097,0.00735,0.06164
05,0508,0508003,Вендичанська селищна громада,2025,year,12,0.16786,0.01625,0.04156,0.00806,0.0335,0.0,0.55798,0.00951,0.08771
05,0508,0508005,Могилів-Подільська міська громада,2021,year,12,0.18595,0.06395,0.04326,0.00839,0.02906,0.00581,0.54553,0.02871,0.03439
05,0508,0508005,Могилів-Подільська міська громада,2025,year,12,0.13566,0.11233,0.05403,0.0194,0.02896,0.00567,0.51288,0.02097,0.10174
05,0508,0508007,Мурованокуриловецька селищна громада,2021,year,12,0.12893,0.02495,0.07226,0.0101,0.06076,0.00139,0.62214,0.02044,0.05836
05,0508,0508007,Мурованокуриловецька селищна громада,2025,year,12,0.1281,0.00787,0.05896,0.00997,0.04772,0.00127,0.58442,0.01864,0.08359
05,0508,0508009,Чернівецька селищна громада,2021,year,12,0.11307,0.01562,0.0394,0.00401,0.03539,0.0,0.66325,0.02534,0.03526
05,0508,0508009,Чернівецька селищна громада,2025,year,12,0.15855,0.05103,0.03315,0.00277,0.03037,0.0,0.59674,0.0205,0.03824
05,0508,0508011,Ямпільська міська громада,2021,year,12,0.10804,0.03591,0.05894,0.01485,0.04053,0.00357,0.65927,0.03766,0.03702
05,0508,0508011,Ямпільська міська громада,2025,year,12,0.11902,0.08498,0.08025,0.01419,0.06166,0.0044,0.57486,0.03173,0.04903
05,0508,0508013,Яришівська сільська громада,2021,year,12,0.21684,0.01794,0.0305,0.00259,0.02791,0.0,0.6419,0.0,0.0313
05,0508,0508013,Яришівська сільська громада,2025,year,12,0.19432,0.01037,0.02014,0.00149,0.01865,0.0,0.42496,0.0,0.05347
05,0510,0510001,Брацлавська селищна громада,2021,year,12,0.14311,0.0458,0.06875,0.0012,0.06756,0.0,0.60776,0.00595,0.02794
05,0510,0510001,Брацлавська селищна громада,2025,year,12,0.14983,0.05436,0.04366,0.0,0.04366,0.0,0.58702,0.02602,0.05592
05,0510,0510003,Вапнярська селищна громада,2021,year,12,0.14923,0.0606,0.03438,0.00821,0.02617,0.0,0.58612,0.02024,0.04437
05,0510,0510003,Вапнярська селищна громада,2025,year,12,0.20356,0.07074,0.02893,0.00781,0.02112,0.0,0.57775,0.01921,0.08307
05,0510,0510005,Городківська сільська громада,2021,year,12,0.15379,0.00791,0.04529,0.00198,0.04331,0.0,0.70577,0.01155,0.05527
05,0510,0510005,Городківська сільська громада,2025,year,12,0.13174,0.01856,0.04388,0.01356,0.03032,0.0,0.44371,0.00561,0.05032
05,0510,0510007,Крижопільська селищна громада,2021,year,12,0.13696,0.03183,0.06446,0.01178,0.05222,0.00046,0.64604,0.03704,0.03054
05,0510,0510007,Крижопільська селищна громада,2025,year,12,0.15458,0.07795,0.05851,0.01098,0.04663,0.00089,0.57954,0.0391,0.04606
05,0510,0510009,Піщанська селищна громада,2021,year,12,0.12822,0.03544,0.05718,0.01192,0.04526,0.0,0.65041,0.04421,0.04558
05,0510,0510009,Піщанська селищна громада,2025,year,12,0.1456,0.05073,0.05924,0.01447,0.04477,0.0,0.64438,0.03768,0.05568
05,0510,0510011,Студенянська сільська громада,2021,year,12,0.22628,0.02659,0.04391,0.00138,0.04253,0.0,0.5709,0.0,0.03626
05,0510,0510011,Студенянська сільська громада,2025,year,12,0.20811,0.06591,0.04284,0.0,0.04284,0.0,0.5392,0.0,0.0651
05,0510,0510013,Томашпільська селищна громада,2021,year,12,0.13713,0.05992,0.04309,0.00998,0.03312,0.0,0.62727,0.028,0.04908
05,0510,0510013,Томашпільська селищна громада,2025,year,12,0.14895,0.07177,0.04774,0.01432,0.03342,0.0,0.61081,0.02669,0.06799
05,0510,0510015,Тульчинська міська громада,2021,year,12,0.08834,0.04401,0.04421,0.00718,0.0365,0.00054,0.66367,0.03459,0.07038
05,0510,0510015,Тульчинська міська громада,2025,year,12,0.08752,0.03247,0.04065,0.00798,0.0321,0.00058,0.63315,0.02721,0.11555
05,0510,0510017,Шпиківська селищна громада,2021,year,12,0.12538,0.02281,0.02991,0.00027,0.02964,0.0,0.71397,0.02618,0.03454
05,0510,0510017,Шпиківська селищна громада,2025,year,12,0.15969,0.03807,0.02365,0.00068,0.02297,0.0,0.65208,0.02561,0.05511
05,0512,0512001,Глуховецька селищна громада,2021,year,12,0.11242,0.0399,0.06043,0.01493,0.04549,0.0,0.70323,0.0,0.03586
05,0512,0512001,Глуховецька селищна громада,2025,year,12,0.12103,0.03357,0.06883,0.01823,0.0506,0.0,0.63817,0.0,0.0709
05,0512,0512003,Жданівська сільська громада,2021,year,12,0.18412,0.06277,0.02411,0.0,0.02411,0.0,0.63801,0.0,0.03106
05,0512,0512003,Жданівська сільська громада,2025,year,12,0.22445,0.09868,0.03423,0.00094,0.03329,0.0,0.52348,0.0,0.04547
05,0512,0512005,Іванівська сільська громада,2021,year,12,0.12563,0.01682,0.02544,9e-05,0.02535,0.0,0.74721,0.0,0.03483
05,0512,0512005,Іванівська сільська громада,2025,year,12,0.1437,0.01151,0.0274,0.00079,0.0266,0.0,0.65081,0.0,0.04218
05,0512,0512007,Калинівська міська громада,2021,year,12,0.10381,0.0565,0.05421,0.01608,0.03813,0.0,0.62477,0.02199,0.03107
05,0512,0512007,Калинівська міська громада,2025,year,12,0.10549,0.06874,0.05263,0.0194,0.03324,0.0,0.66382,0.01905,0.05116
05,0512,0512009,Козятинська міська громада,2021,year,12,0.09639,0.06628,0.04131,0.01835,0.02202,0.00094,0.59578,0.02663,0.06549
05,0512,0512009,Козятинська міська громада,2025,year,12,0.13382,0.03877,0.04527,0.01964,0.02455,0.00109,0.55367,0.02498,0.11157
05,0512,0512011,Махнівська сільська громада,2021,year,12,0.15032,0.01653,0.03699,0.00466,0.03233,0.0,0.55748,0.02536,0.0591
05,0512,0512011,Махнівська сільська громада,2025,year,12,0.16871,0.01736,0.03442,0.00639,0.02803,0.0,0.52474,0.02237,0.1215
05,0512,0512013,Самгородоцька сільська громада,2021,year,12,0.16526,0.00872,0.03102,0.00073,0.03029,0.0,0.62248,0.02187,0.08998
05,0512,0512013,Самгородоцька сільська громада,2025,year,12,0.15242,0.01602,0.03603,0.00161,0.03442,0.0,0.57275,0.02149,0.15
05,0512,0512015,Уланівська сільська громада,2021,year,12,0.20375,0.02229,0.0563,0.00952,0.04678,0.0,0.58394,0.02983,0.05397
05,0512,0512015,Уланівська сільська громада,2025,year,12,0.16264,0.04082,0.05096,0.00777,0.04319,0.0,0.54574,0.03,0.06654
05,0512,0512017,Хмільницька міська громада,2021,year,12,0.14676,0.03031,0.04796,0.01133,0.03664,0.0,0.54399,0.0274,0.0357
05,0512,0512017,Хмільницька міська громада,2025,year,12,0.19525,0.03188,0.05613,0.01172,0.04442,0.0,0.49829,0.02213,0.10258
07,0702,0702001,Володимирська міська територіальна громада,2021,year,12,0.10617,0.10956,0.0776,0.05579,0.02181,0.0,0.47778,0.05052,0.03736
07,0702,0702001,Володимирська міська територіальна громада,2025,year,12,0.11367,0.09703,0.05235,0.03023,0.02212,0.0,0.5215,0.05327,0.12513
07,0702,0702003,Затурцівська сільська громада,2021,year,12,0.12585,0.00906,0.02455,0.00027,0.02428,0.0,0.77266,0.0,0.01158
07,0702,0702003,Затурцівська сільська громада,2025,year,12,0.14968,0.00384,0.01978,0.0,0.01978,0.0,0.77077,0.0,0.03665
07,0702,0702005,Зимнівська сільська громада,2021,year,12,0.10231,0.01358,0.03691,0.00271,0.0342,0.0,0.62788,0.01368,0.11946
07,0702,0702005,Зимнівська сільська громада,2025,year,12,0.12399,0.016,0.03283,0.00228,0.03056,0.0,0.65919,0.01067,0.09977
07,0702,0702007,Іваничівська селищна громада,2021,year,12,0.10768,0.02533,0.07412,0.014,0.06012,0.0,0.62421,0.02076,0.01636
07,0702,0702007,Іваничівська селищна громада,2025,year,12,0.13097,0.03258,0.07975,0.01474,0.06501,0.0,0.63206,0.01869,0.03956
07,0702,0702009,Литовезька сільська громада,2021,year,12,0.15077,0.04924,0.03287,0.00161,0.03126,0.0,0.48397,0.0,0.02218
07,0702,0702009,Литовезька сільська громада,2025,year,12,0.26369,0.06313,0.03059,0.0,0.03059,0.0,0.51896,0.0,0.05507
07,0702,0702011,Локачинська селищна громада,2021,year,12,0.11567,0.0229,0.04061,0.00413,0.03648,0.0,0.72183,0.03909,0.03613
07,0702,0702011,Локачинська селищна громада,2025,year,12,0.14613,0.02532,0.03898,0.00775,0.03123,0.0,0.68674,0.03474,0.02944
07,0702,0702013,Нововолинська міська громада,2021,year,12,0.10896,0.08335,0.04858,0.01842,0.03017,0.0,0.5978,0.04211,0.0352
07,0702,0702013,Нововолинська міська громада,2025,year,12,0.10587,0.08355,0.04855,0.0188,0.02975,0.0,0.45588,0.02751,0.09155
07,0702,0702015,Оваднівська сільська громада,2021,year,12,0.15726,0.0313,0.03138,0.00293,0.02845,0.0,0.65966,0.0,0.03253
07,0702,0702015,Оваднівська сільська громада,2025,year,12,0.12722,0.05523,0.03639,0.00584,0.03055,0.0,0.69107,0.0,0.03981
07,0702,0702017,Павлівська сільська громада,2021,year,12,0.12787,0.01461,0.04164,0.00037,0.04127,0.0,0.73711,0.00317,0.04781
07,0702,0702017,Павлівська сільська громада,2025,year,12,0.14459,0.01705,0.0372,3e-05,0.03717,0.0,0.70271,5e-05,0.07264
07,0702,0702019,Поромівська сільська громада,2021,year,12,0.14695,0.03316,0.02962,0.00044,0.02917,0.0,0.69061,0.0,0.02881
07,0702,0702019,Поромівська сільська громада,2025,year,12,0.17339,0.016,0.0271,0.00026,0.02684,0.0,0.65689,0.0,0.02774
07,0702,0702021,Устилузька міська громада,2021,year,12,0.16411,0.02575,0.04718,0.0132,0.03398,0.0,0.6838,0.03829,0.00757
07,0702,0702021,Устилузька міська громада,2025,year,12,0.17522,0.03688,0.04552,0.01022,0.03531,0.0,0.68122,0.03848,0.03025
07,0704,0704001,Камінь-Каширська міська громада,2021,year,12,0.04917,0.01581,0.04239,0.00591,0.03647,0.0,0.7892,0.02056,0.03097
07,0704,0704001,Камінь-Каширська міська громада,2025,year,12,0.06714,0.00763,0.03496,0.00694,0.02802,0.0,0.79936,0.01972,0.03986
07,0704,0704003,Любешівська селищна громада,2021,year,12,0.07569,0.01107,0.03101,0.00832,0.02269,0.0,0.7625,0.01485,0.04095
07,0704,0704003,Любешівська селищна громада,2025,year,12,0.12738,0.00648,0.0269,0.00893,0.01797,0.0,0.74374,0.0149,0.04778
07,0704,0704005,Маневицька селищна громада,2021,year,12,0.08851,0.02488,0.05555,0.0107,0.04458,0.00027,0.69626,0.03437,0.04585
07,0704,0704005,Маневицька селищна громада,2025,year,12,0.10172,0.03754,0.05495,0.00877,0.04618,0.0,0.69782,0.0347,0.05478
07,0704,0704007,Прилісненська сільська громада,2021,year,12,0.09067,0.00541,0.03959,0.00186,0.03773,0.0,0.77901,0.01787,0.02106
07,0704,0704007,Прилісненська сільська громада,2025,year,12,0.11508,0.03255,0.03052,0.00057,0.02994,0.0,0.73522,0.02095,0.02995
07,0704,0704009,Сошичненська сільська громада,2021,year,12,0.08646,0.00148,0.02765,0.00014,0.0275,0.0,0.8085,0.0,0.0071
07,0704,0704009,Сошичненська сільська громада,2025,year,12,0.0973,0.00584,0.01357,0.0002,0.01337,0.0,0.82113,0.0,0.01638
07,0706,0706001,Велимченська сільська громада,2021,year,12,0.06687,0.01415,0.01252,0.00067,0.01185,0.0,0.82857,0.0,0.00572
07,0706,0706001,Велимченська сільська громада,2025,year,12,0.08748,0.01648,0.00775,0.00046,0.00729,0.0,0.81985,0.0,0.03369
07,0706,0706003,Велицька сільська громада,2021,year,12,0.13663,0.00559,0.03629,0.0,0.03629,0.0,0.70176,0.0,0.03744
07,0706,0706003,Велицька сільська громада,2025,year,12,0.18875,0.0165,0.02013,0.0,0.02013,0.0,0.66711,0.0,0.07817
07,0706,0706005,Вишнівська сільська громада,2021,year,12,0.12093,0.02068,0.04234,0.00088,0.04146,0.0,0.68762,0.0,0.00902
07,0706,0706005,Вишнівська сільська громада,2025,year,12,0.1536,0.02594,0.03258,0.00065,0.03193,0.0,0.65515,0.0,0.06026
07,0706,0706007,Голобська селищна громада,2021,year,12,0.16529,0.0152,0.05154,0.00138,0.05016,0.0,0.69901,0.04622,0.03956
07,0706,0706007,Голобська селищна громада,2025,year,12,0.16922,0.02131,0.04094,0.00012,0.04082,0.0,0.68608,0.04087,0.06276
07,0706,0706009,Головненська селищна громада,2021,year,12,0.07686,0.02072,0.03428,0.0009,0.03339,0.0,0.79827,0.0,0.00365
07,0706,0706009,Головненська селищна громада,2025,year,12,0.12024,0.00605,0.03644,0.00184,0.0346,0.0,0.77926,0.0,0.03371
07,0706,0706011,Дубечненська сільська громада,2021,year,12,0.07327,0.0059,0.02186,0.00059,0.02104,0.00023,0.76118,0.0,0.06331
07,0706,0706011,Дубечненська сільська громада,2025,year,12,0.12714,0.00208,0.01467,0.0005,0.01416,0.0,0.73062,0.0,0.07062
07,0706,0706013,Дубівська сільська громада,2021,year,12,0.09619,0.01066,0.02562,4e-05,0.02557,0.0,0.77792,0.0,0.04025
07,0706,0706013,Дубівська сільська громада,2025,year,12,0.1392,0.01508,0.02846,0.00106,0.0274,0.0,0.71263,0.0,0.06255
07,0706,0706015,Заболоттівська селищна громада,2021,year,12,0.06975,0.00849,0.02053,0.00048,0.02006,0.0,0.76509,0.02922,0.07637
07,0706,0706015,Заболоттівська селищна громада,2025,year,12,0.09061,0.01726,0.01992,0.0,0.01992,0.0,0.7625,0.02222,0.08565
07,0706,0706017,Забродівська сільська громада,2021,year,12,0.05861,0.00715,0.02535,0.00054,0.02482,0.0,0.83419,0.0,0.00329
07,0706,0706017,Забродівська сільська громада,2025,year,12,0.08083,0.00619,0.01678,0.0,0.01678,0.0,0.85026,0.0,0.01098
07,0706,0706019,Ковельська міська громада,2021,year,12,0.081,0.06679,0.0446,0.02139,0.02321,0.0,0.52801,0.03554,0.02617
07,0706,0706019,Ковельська міська громада,2025,year,12,0.17677,0.09822,0.0419,0.02345,0.01846,0.0,0.47581,0.02793,0.0594
07,0706,0706021,Колодяжненська сільська громада,2021,year,12,0.12815,0.03708,0.03352,0.00158,0.03194,0.0,0.70957,0.00394,0.02416
07,0706,0706021,Колодяжненська сільська громада,2025,year,12,0.18138,0.00585,0.03715,0.00221,0.03494,0.0,0.62672,0.00369,0.04258
07,0706,0706023,Луківська селищна громада,2021,year,12,0.12297,0.02884,0.0322,0.00032,0.03188,0.0,0.69495,0.04495,0.02188
07,0706,0706023,Луківська селищна громада,2025,year,12,0.15691,0.01828,0.03412,0.00208,0.03204,0.0,0.71373,0.03756,0.0183
07,0706,0706025,Люблинецька селищна громада,2021,year,12,0.11851,0.01073,0.05587,0.02264,0.03323,0.0,0.7855,0.0493,0.00126
07,0706,0706025,Люблинецька селищна громада,2025,year,12,0.16655,0.0219,0.03965,0.02074,0.01891,0.0,0.70586,0.03575,0.03752
07,0706,0706027,Любомльська міська громада,2021,year,12,0.12101,0.03983,0.06157,0.01594,0.04563,0.0,0.68342,0.03893,0.01537
07,0706,0706027,Любомльська міська громада,2025,year,12,0.15775,0.05775,0.06284,0.01513,0.0477,0.0,0.55295,0.02795,0.02294
07,0706,0706029,Поворська сільська громада,2021,year,12,0.10438,0.00916,0.02769,0.00012,0.02757,0.0,0.77507,0.03365,0.04223
07,0706,0706029,Поворська сільська громада,2025,year,12,0.16084,0.00638,0.02557,0.00011,0.02546,0.0,0.71359,0.03224,0.06667
07,0706,0706031,Ратнівська селищна громада,2021,year,12,0.07078,0.01907,0.04603,0.01136,0.03421,0.00046,0.78553,0.03089,0.0151
07,0706,0706031,Ратнівська селищна громада,2025,year,12,0.08568,0.03114,0.03176,0.0085,0.02318,8e-05,0.73565,0.02188,0.02215
07,0706,0706033,Рівненська сільська громада,2021,year,12,0.13655,0.01234,0.03717,0.00161,0.03555,0.0,0.62021,0.0,0.0955
07,0706,0706033,Рівненська сільська громада,2025,year,12,0.14672,0.02158,0.03163,0.01031,0.02132,0.0,0.52946,0.0,0.05494
07,0706,0706035,Самарівська сільська громада,2021,year,12,0.07348,0.00162,0.0179,0.00164,0.01626,0.0,0.80749,0.0,0.00173
07,0706,0706035,Самарівська сільська громада,2025,year,12,0.1111,0.01309,0.01032,0.0,0.01032,0.0,0.83307,0.0,0.01317
07,0706,0706037,Сереховичівська сільська громада,2021,year,12,0.19319,0.00606,0.04881,0.00012,0.04869,0.0,0.60725,0.0,0.0051
07,0706,0706037,Сереховичівська сільська громада,2025,year,12,0.2328,0.01324,0.04141,0.0,0.04141,0.0,0.61739,0.0,0.0686
07,0706,0706039,Смідинська сільська громада,2021,year,12,0.11231,0.00308,0.03507,0.0,0.03507,0.0,0.76564,0.01861,0.00111
07,0706,0706039,Смідинська сільська громада,2025,year,12,0.16385,0.00671,0.03547,0.0,0.03547,0.0,0.73527,0.0,0.01552
07,0706,0706041,Старовижівська селищна громада,2021,year,12,0.11829,0.02478,0.03357,0.0007,0.03287,0.0,0.76684,0.04367,0.01652
07,0706,0706041,Старовижівська селищна громада,2025,year,12,0.14909,0.0185,0.0224,0.0012,0.0212,0.0,0.71747,0.03054,0.02662
07,0706,0706043,Турійська селищна громада,2021,year,12,0.1114,0.02172,0.0418,0.00993,0.03187,0.0,0.68405,0.01738,0.07074
07,0706,0706043,Турійська селищна громада,2025,year,12,0.14766,0.02511,0.03759,0.00931,0.02828,0.0,0.63307,0.01428,0.08082
07,0706,0706045,Шацька селищна громада,2021,year,12,0.1155,0.03447,0.04596,0.0124,0.03357,0.0,0.63455,0.01709,0.03124
07,0706,0706045,Шацька селищна громада,2025,year,12,0.17833,0.02422,0.05608,0.01664,0.03944,0.0,0.59202,0.01534,0.06449
07,0708,0708001,Берестечківська міська громада,2021,year,12,0.12674,0.07154,0.03528,0.00029,0.03499,0.0,0.63608,0.0309,0.04906
07,0708,0708001,Берестечківська міська громада,2025,year,12,0.13416,0.05883,0.0363,0.0014,0.0349,0.0,0.59192,0.02597,0.07803
07,0708,0708003,Боратинська сільська громада,2021,year,12,0.12617,0.04586,0.03602,0.00752,0.0285,0.0,0.5997,0.01849,0.01074
07,0708,0708003,Боратинська сільська громада,2025,year,12,0.11152,0.08342,0.02365,0.00534,0.01831,0.0,0.52043,0.01212,0.03555
07,0708,0708005,Городищенська сільська громада,2021,year,12,0.13907,0.03964,0.0358,0.00162,0.03418,0.0,0.6456,0.01051,0.01422
07,0708,0708005,Городищенська сільська громада,2025,year,12,0.13065,0.06321,0.03643,0.00285,0.03358,0.0,0.6718,0.02255,0.02998
07,0708,0708007,Горохівська міська громада,2021,year,12,0.13006,0.02985,0.05369,0.01463,0.03907,0.0,0.68713,0.02637,0.01809
07,0708,0708007,Горохівська міська громада,2025,year,12,0.15462,0.03421,0.05611,0.01571,0.04041,0.0,0.62697,0.02506,0.04481
07,0708,0708009,Доросинівська сільська громада,2021,year,12,0.15259,0.02087,0.03229,0.00087,0.03082,0.0006,0.66942,0.0,0.00255
07,0708,0708009,Доросинівська сільська громада,2025,year,12,0.19922,0.01852,0.03779,0.0,0.03617,0.00162,0.69186,0.0,0.02183
07,0708,0708011,Ківерцівська міська громада,2021,year,12,0.08554,0.02718,0.05285,0.01354,0.03931,0.0,0.70502,0.03922,0.02592
07,0708,0708011,Ківерцівська міська громада,2025,year,12,0.09436,0.03154,0.04857,0.0135,0.03507,0.0,0.71691,0.03689,0.04535
07,0708,0708013,Колківська селищна громада,2021,year,12,0.07907,0.01724,0.0281,8e-05,0.02802,0.0,0.79568,0.02009,0.02219
07,0708,0708013,Колківська селищна громада,2025,year,12,0.08548,0.01404,0.02662,0.00027,0.02634,0.0,0.8067,0.01723,0.02925
07,0708,0708015,Копачівська сільська громада,2021,year,12,0.10294,0.01226,0.03996,0.00064,0.03933,0.0,0.73022,0.0,0.00414
07,0708,0708015,Копачівська сільська громада,2025,year,12,0.15295,0.01278,0.03791,0.0011,0.03642,0.00039,0.70627,0.0,0.07176
07,0708,0708017,Луцька міська громада,2021,year,12,0.09018,0.1048,0.04486,0.01837,0.02602,0.00047,0.52775,0.03538,0.02572
07,0708,0708017,Луцька міська громада,2025,year,12,0.0838,0.15548,0.04505,0.01664,0.02833,8e-05,0.49456,0.02945,0.07413
07,0708,0708019,Мар'янівська селищна громада,2021,year,12,0.12972,0.01629,0.03336,0.00135,0.03201,0.0,0.72295,8e-05,0.01954
07,0708,0708019,Мар'янівська селищна громада,2025,year,12,0.16577,0.01469,0.03009,0.00079,0.0293,0.0,0.69067,0.0,0.0664
07,0708,0708021,Олицька селищна громада,2021,year,12,0.12843,0.01392,0.01382,0.0,0.01382,0.0,0.79517,0.01444,0.00152
07,0708,0708021,Олицька селищна громада,2025,year,12,0.14133,0.04583,0.01626,0.0,0.01626,0.0,0.75551,0.01495,0.0201
07,0708,0708023,Підгайцівська сільська громада,2021,year,12,0.17526,0.05899,0.0403,0.00282,0.03748,0.0,0.5318,0.0,0.00644
07,0708,0708023,Підгайцівська сільська громада,2025,year,12,0.13592,0.05998,0.05538,0.0023,0.05308,0.0,0.53906,0.0,0.02306
07,0708,0708025,Рожищенська міська громада,2021,year,12,0.09531,0.0323,0.04867,0.00932,0.03914,0.00021,0.72555,0.03824,0.03906
07,0708,0708025,Рожищенська міська громада,2025,year,12,0.10967,0.04007,0.0481,0.01434,0.03348,0.00029,0.69266,0.03524,0.0536
07,0708,0708027,Торчинська селищна громада,2021,year,12,0.12134,0.03861,0.03771,0.00108,0.03663,0.0,0.6473,0.02422,0.05303
07,0708,0708027,Торчинська селищна громада,2025,year,12,0.13916,0.03499,0.0327,0.00078,0.03192,0.0,0.59254,0.01819,0.16283
07,0708,0708029,Цуманська селищна громада,2021,year,12,0.08371,0.00784,0.02515,0.00024,0.02491,0.0,0.8182,0.02577,0.01811
07,0708,0708029,Цуманська селищна громада,2025,year,12,0.10076,0.02283,0.02847,0.00032,0.02815,0.0,0.80288,0.02024,0.02008
12,1202,1202001,Дніпровська міська громада,2021,year,12,0.06357,0.14668,0.03031,0.01253,0.01367,0.00411,0.28891,0.02241,0.03095
12,1202,1202001,Дніпровська міська громада,2025,year,12,0.07063,0.22666,0.02227,0.01171,0.00728,0.00328,0.30551,0.02044,0.03886
12,1202,1202003,Китайгородська сільська громада,2021,year,12,0.13963,0.00414,0.01865,0.0,0.01865,0.0,0.75178,0.0,0.00433
12,1202,1202003,Китайгородська сільська громада,2025,year,12,0.20122,0.00512,0.02117,0.0,0.02117,0.0,0.76078,0.0,0.01064
12,1202,1202005,Любимівська сільська громада,2021,year,12,0.23349,0.09399,0.02588,0.00364,0.02224,0.0,0.47973,0.0,0.00551
12,1202,1202005,Любимівська сільська громада,2025,year,12,0.24185,0.08338,0.05787,0.00982,0.04805,0.0,0.34038,0.0,0.11359
12,1202,1202007,Ляшківська сільська громада,2021,year,12,0.17706,0.01164,0.0624,0.00276,0.05964,0.0,0.71536,0.0,0.00329
12,1202,1202007,Ляшківська сільська громада,2025,year,12,0.19543,0.07218,0.05084,0.0,0.05084,0.0,0.67724,0.0,0.00067
12,1202,1202009,Миколаївська сільська громада,2021,latest,12,0.16046,0.03795,0.02874,0.0,0.02874,0.0,0.74491,0.0,0.02379
12,1202,1202009,Миколаївська сільська громада,2025,year,12,0.16928,0.03375,0.02429,0.0,0.02429,0.0,0.64174,0.0,0.10974
12,1202,1202011,Могилівська сільська громада,2021,year,12,0.18696,0.03683,0.04236,0.00365,0.0387,0.0,0.64717,0.0,0.05163
12,1202,1202011,Могилівська сільська громада,2025,year,12,0.20507,0.02565,0.0311,0.0,0.0311,0.0,0.57753,0.0,0.06762
12,1202,1202013,Новоолександрівська сільська громада,2021,year,12,0.14668,0.07615,0.02799,0.00026,0.02773,0.0,0.47306,0.0,0.03082
12,1202,1202013,Новоолександрівська сільська громада,2025,year,12,0.16104,0.07121,0.02764,7e-05,0.02754,3e-05,0.46531,0.0,0.1161
12,1202,1202015,Новопокровська селищна громада,2021,year,12,0.14874,0.01725,0.02524,0.0,0.02524,0.0,0.75376,0.0,0.02618
12,1202,1202015,Новопокровська селищна громада,2025,year,12,0.19081,0.02417,0.03339,0.00126,0.03212,0.0,0.63766,0.0083,0.07678
12,1202,1202017,Обухівська селищна громада,2021,year,12,0.1933,0.02237,0.02347,0.0,0.02347,0.0,0.71765,0.04075,0.02652
12,1202,1202017,Обухівська селищна громада,2025,year,12,0.19696,0.02382,0.02475,0.0,0.02475,0.0,0.60924,0.03951,0.09396
12,1202,1202019,Петриківська селищна громада,2021,year,12,0.14443,0.01451,0.04708,0.00846,0.03862,0.0,0.65507,0.01912,0.06185
12,1202,1202019,Петриківська селищна громада,2025,year,12,0.12724,0.04928,0.05108,0.00547,0.04561,0.0,0.52774,0.01901,0.1079
12,1202,1202021,Підгородненська міська громада,2021,year,12,0.15151,0.05875,0.04802,0.00866,0.03936,0.0,0.57415,0.01655,0.02121
12,1202,1202021,Підгородненська міська громада,2025,year,12,0.19101,0.03387,0.03194,0.0081,0.02384,0.0,0.52003,0.02331,0.06441
12,1202,1202023,Святовасилівська сільська громада,2021,year,12,0.16333,0.04634,0.02155,0.0,0.02155,0.0,0.72072,0.0,0.00799
12,1202,1202023,Святовасилівська сільська громада,2025,year,12,0.24818,0.02624,0.02309,0.00025,0.02284,0.0,0.58944,0.0,0.05824
12,1202,1202025,Слобожанська селищна громада,2021,year,12,0.1232,0.03941,0.07384,0.03674,0.03709,0.0,0.45766,0.02167,0.03198
12,1202,1202025,Слобожанська селищна громада,2025,year,12,0.12443,0.05945,0.08885,0.04622,0.04263,0.0,0.34408,0.01657,0.09971
12,1202,1202027,Солонянська селищна громада,2021,year,12,0.13076,0.02573,0.04754,0.01115,0.03639,0.0,0.65124,0.01183,0.03638
12,1202,1202027,Солонянська селищна громада,2025,year,12,0.13608,0.02145,0.03938,0.00787,0.03151,0.0,0.69308,0.01454,0.04763
12,1202,1202029,Сурсько-Литовська сільська громада,2021,year,12,0.16741,0.0163,0.0321,0.0,0.0321,0.0,0.68295,0.0,0.00682
12,1202,1202029,Сурсько-Литовська сільська громада,2025,year,12,0.2181,0.03534,0.04925,0.0,0.04925,0.0,0.54243,0.0,0.02756
12,1202,1202031,Царичанська селищна громада,2021,year,12,0.10391,0.0272,0.05849,0.02062,0.03787,0.0,0.63657,0.03773,0.05085
12,1202,1202031,Царичанська селищна громада,2025,year,12,0.14395,0.02927,0.05801,0.02174,0.03627,0.0,0.56181,0.03466,0.11746
12,1202,1202033,Чумаківська сільська громада,2021,year,12,0.22829,0.01012,0.03225,0.0,0.03225,0.0,0.46283,0.0,0.04157
12,1202,1202033,Чумаківська сільська громада,2025,year,12,0.32461,0.088,0.04618,0.0,0.04618,0.0,0.40139,0.0,0.06516
12,1204,1204001,Божедарівська селищна громада,2021,year,12,0.12681,0.01093,0.03445,0.00066,0.03379,0.0,0.75915,0.02132,0.00447
12,1204,1204001,Божедарівська селищна громада,2025,year,12,0.13865,0.01104,0.05311,0.0005,0.05262,0.0,0.65145,0.015,0.03908
12,1204,1204003,Верхівцівська міська громада,2021,year,12,0.11402,0.05309,0.01398,0.0,0.01398,0.0,0.683,0.0303,0.02277
12,1204,1204003,Верхівцівська міська громада,2025,year,12,0.064,0.0736,0.00496,0.0,0.00496,0.0,0.7827,0.01305,0.02068
12,1204,1204005,Верхньодніпровська міська громада,2021,year,12,0.09405,0.04429,0.17729,0.14233,0.03497,0.0,0.54416,0.03356,0.03185
12,1204,1204005,Верхньодніпровська міська громада,2025,year,12,0.13397,0.1063,0.06291,0.0159,0.04701,0.0,0.56875,0.04564,0.06737
12,1204,1204007,Вишневе,2021,year,12,0.17172,0.00378,0.02011,0.0,0.02011,0.0,0.77973,0.01079,0.00649
12,1204,1204007,Вишневе,2025,year,12,0.22637,0.01985,0.0151,0.0,0.0151,0.0,0.64026,0.01242,0.09099
12,1204,1204009,Вільногірська міська громада,2021,year,12,0.14715,0.05284,0.0399,0.02395,0.01595,0.0,0.583,0.05259,0.02126
12,1204,1204009,Вільногірська міська громада,2025,year,12,0.1635,0.06191,0.04343,0.02694,0.01649,0.0,0.58621,0.04548,0.05798
12,1204,1204011,Жовтоводська міська громада,2021,year,12,0.10593,0.06338,0.05936,0.0253,0.03406,0.0,0.62394,0.04756,0.05236
12,1204,1204011,Жовтоводська міська громада,2025,year,12,0.10365,0.05314,0.07141,0.0289,0.04251,0.0,0.61418,0.04879,0.06573
12,1204,1204013,Затишнянська сільська громада,2021,year,12,0.19076,0.03096,0.03442,0.0,0.03442,0.0,0.72982,0.0,0.01404
12,1204,1204013,Затишнянська сільська громада,2025,year,12,0.2765,0.06525,0.03856,0.00116,0.0374,0.0,0.5589,0.0,0.04761
12,1204,1204015,Кам'янська міська громада,2021,year,12,0.08116,0.09486,0.06595,0.04266,0.02008,0.00321,0.40461,0.0294,0.03715
12,1204,1204015,Кам'янська міська громада,2025,year,12,0.0767,0.10411,0.04142,0.01701,0.0212,0.00322,0.39547,0.02489,0.05583
12,1204,1204017,Криничанська селищна громада,2021,year,12,0.10778,0.06026,0.03806,0.00122,0.03684,0.0,0.71347,0.03669,0.03362
12,1204,1204017,Криничанська селищна громада,2025,year,12,0.18373,0.0965,0.03318,0.00466,0.02852,0.0,0.59421,0.02736,0.04897
12,1204,1204019,Лихівська селищна громада,2021,year,12,0.21237,0.00585,0.04737,0.0,0.04737,0.0,0.61166,0.0,0.09485
12,1204,1204019,Лихівська селищна громада,2025,year,12,0.27841,0.0521,0.04198,0.0,0.04198,0.0,0.4308,0.0,0.11753
12,1204,1204021,П'ятихатська міська громада,2021,year,12,0.12172,0.02805,0.04629,0.00848,0.03455,0.00326,0.60459,0.0504,0.06348
12,1204,1204021,П'ятихатська міська громада,2025,year,12,0.14088,0.18521,0.05959,0.00637,0.04911,0.00411,0.48915,0.04208,0.0649
12,1204,1204023,Саксаганська сільська громада,2021,year,12,0.15756,0.06776,0.02863,0.0,0.02863,0.0,0.71832,0.0,0.01999
12,1204,1204023,Саксаганська сільська громада,2025,year,12,0.18677,0.05608,0.02726,0.0,0.02726,0.0,0.65613,0.0,0.05637
12,1206,1206001,Апостолівська міська громада,2021,year,12,0.05697,0.01267,0.01845,0.0,0.01845,0.0,0.34966,0.01452,0.0555
12,1206,1206001,Апостолівська міська громада,2025,year,12,0.16006,0.21089,0.04771,0.00148,0.04623,0.0,0.4375,0.01754,0.08311
12,1206,1206003,Вакулівська сільська громада,2021,year,12,0.25714,0.02323,0.04387,0.00011,0.04376,0.0,0.64893,0.0,0.00419
12,1206,1206003,Вакулівська сільська громада,2025,year,12,0.28632,0.03827,0.02955,0.0,0.02955,0.0,0.49455,0.0,0.12441
12,1206,1206005,Глеюватська сільська громада,2021,year,12,0.18556,0.01403,0.03444,0.0005,0.03394,0.0,0.29136,0.0,0.0207
12,1206,1206005,Глеюватська сільська громада,2025,year,12,0.20126,0.08441,0.04585,0.00013,0.04572,0.0,0.45484,0.0,0.08535
12,1206,1206007,Гречаноподівська сільська громада,2021,year,12,0.17281,0.0439,0.03259,0.00202,0.03057,0.0,0.39719,0.0,0.01245
12,1206,1206007,Гречаноподівська сільська громада,2025,year,12,0.25975,0.06127,0.06749,0.00012,0.06736,0.0,0.40528,0.0,0.0722
12,1206,1206009,Грушівська сільська громада,2021,year,12,0.09716,0.02414,0.03843,0.0,0.03843,0.0,0.74871,0.0,0.01251
12,1206,1206009,Грушівська сільська громада,2025,year,12,0.13692,0.14882,0.02951,0.0,0.02951,0.0,0.54258,0.0,0.06237
12,1206,1206011,Девладівська сільська громада,2021,year,12,0.18242,0.04562,0.04636,0.0,0.04636,0.0,0.65266,0.0,0.03373
12,1206,1206011,Девладівська сільська громада,2025,year,12,0.16698,0.09683,0.03026,0.0,0.03026,0.0,0.54677,0.0,0.0733
12,1206,1206013,Зеленодольська міська громада,2021,year,12,0.10586,0.00952,0.05203,0.01029,0.04174,0.0,0.63915,0.03656,0.00307
12,1206,1206013,Зеленодольська міська громада,2025,year,12,0.15205,0.26737,0.061,0.01205,0.04895,0.0,0.39056,0.02413,0.01727
12,1206,1206015,Карпівська сільська громада,2021,year,12,0.14417,0.03249,0.0697,0.0,0.0697,0.0,0.31893,0.0,0.02326
12,1206,1206015,Карпівська сільська громада,2025,year,12,0.23785,0.11604,0.08055,0.0,0.08055,0.0,0.37333,0.0,0.0704
12,1206,1206017,Криворізька міська громада,2021,year,12,0.06667,0.19176,0.03756,0.01743,0.01741,0.00273,0.39658,0.03813,0.07518
12,1206,1206017,Криворізька міська громада,2025,year,12,0.04603,0.23906,0.04165,0.01945,0.01956,0.00264,0.37168,0.03654,0.10025
12,1206,1206019,Лозуватська сільська громада,2021,year,12,0.15006,0.02001,0.04598,0.00448,0.04149,0.0,0.70476,0.0385,0.03787
12,1206,1206019,Лозуватська сільська громада,2025,year,12,0.19438,0.0314,0.0385,0.00271,0.03579,0.0,0.55184,0.02485,0.09635
12,1206,1206021,Нивотрудівська сільська громада,2021,year,12,0.12328,0.01236,0.04643,0.0,0.04643,0.0,0.69008,0.05079,0.00644
12,1206,1206021,Нивотрудівська сільська громада,2025,year,12,0.16311,0.27212,0.05228,0.0118,0.04048,0.0,0.47478,0.02812,0.03473
12,1206,1206023,Новолатівська сільська громада,2021,year,12,0.2064,0.02598,0.03055,0.0,0.03055,0.0,0.35179,0.0,0.01561
12,1206,1206023,Новолатівська сільська громада,2025,year,12,0.23122,0.06183,0.02708,0.0,0.02708,0.0,0.46468,0.0,0.03273
12,1206,1206025,Новопільська сільська громада,2021,year,12,0.12862,0.02227,0.03078,0.00163,0.02915,0.0,0.60559,0.00136,0.04458
12,1206,1206025,Новопільська сільська громада,2025,year,12,0.17008,0.03227,0.03735,0.00475,0.0326,0.0,0.53329,0.00248,0.08539
12,1206,1206027,Софіївська селищна громада,2021,year,12,0.11669,0.02631,0.06738,0.00512,0.06226,0.0,0.66188,0.04017,0.04451
12,1206,1206027,Софіївська селищна громада,2025,year,12,0.1463,0.14466,0.05855,0.00426,0.0543,0.0,0.45895,0.03231,0.10535
12,1206,1206029,Широківська селищна громада,2021,year,12,0.12604,0.02398,0.07471,0.01707,0.05764,0.0,0.56465,0.04353,0.04704
12,1206,1206029,Широківська селищна громада,2025,year,12,0.16517,0.02366,0.08545,0.01863,0.06681,0.0,0.56666,0.03559,0.06624
12,1208,1208007,Першотравневська сільська громада,2021,year,12,0.16947,0.02842,0.04551,7e-05,0.04545,0.0,0.60221,0.00878,0.07348
12,1208,1208007,Першотравневська сільська громада,2025,year,12,0.16051,0.07228,0.03799,0.0,0.03799,0.0,0.58631,0.0072,0.06749
12,1208,1208009,Покровська міська громада,2021,latest,12,0.08094,0.08083,0.02754,0.0161,0.01144,0.0,0.49583,0.03098,0.06665
12,1208,1208009,Покровська міська громада,2025,year,12,0.08486,0.14984,0.02337,0.01254,0.01083,0.0,0.54489,0.0288,0.05637
12,1208,1208013,Томаківська селищна громада,2021,year,12,0.10117,0.03384,0.06673,0.01042,0.05631,0.0,0.65156,0.02829,0.05771
12,1208,1208013,Томаківська селищна громада,2025,year,12,0.10804,0.16738,0.04536,0.00889,0.03646,0.0,0.50329,0.0197,0.10987
12,1208,1208015,Червоногригорівська селищна громада,2021,year,12,0.14389,0.07212,0.04729,0.01848,0.02881,0.0,0.63687,0.02719,0.00628
12,1208,1208015,Червоногригорівська селищна громада,2025,year,12,0.1659,0.20003,0.01932,0.00832,0.01101,0.0,0.37582,0.01638,0.0487
12,1210,1210001,Губиниська селищна громада,2021,year,12,0.07309,0.01439,0.03977,0.01089,0.02888,0.0,0.75472,0.00898,0.02916
12,1210,1210001,Губиниська селищна громада,2025,year,12,0.17031,0.06579,0.05744,0.00893,0.04851,0.0,0.5048,0.00926,0.06093
12,1210,1210003,Личківська сільська громада,2021,year,12,0.182,0.05022,0.04544,0.00133,0.04411,0.0,0.6918,0.00843,0.00895
12,1210,1210003,Личківська сільська громада,2025,year,12,0.24256,0.04781,0.03324,0.00114,0.03211,0.0,0.54922,0.0058,0.05901
12,1210,1210005,Магдалинівська селищна громада,2021,year,12,0.13051,0.04592,0.04722,0.00794,0.03929,0.0,0.62776,0.01945,0.04766
12,1210,1210005,Магдалинівська селищна громада,2025,year,12,0.13704,0.0515,0.04985,0.01559,0.03426,0.0,0.57924,0.00754,0.06408
12,1210,1210007,Самарівська міська громада,2021,year,12,0.11442,0.06946,0.05033,0.01466,0.03567,0.0,0.50636,0.02235,0.04843
12,1210,1210007,Самарівська міська громада,2025,year,12,0.12436,0.16978,0.05223,0.01387,0.03835,0.0,0.43866,0.01696,0.08218
12,1210,1210009,Перещепинська міська громада,2021,year,12,0.13546,0.03839,0.04625,0.00102,0.04522,0.0,0.75065,0.02989,0.02303
12,1210,1210009,Перещепинська міська громада,2025,year,12,0.09667,0.0531,0.03349,0.00053,0.03296,0.0,0.74609,0.01454,0.02947
12,1210,1210011,Піщанська сільська громада,2021,year,12,0.11038,0.02983,0.0371,0.0065,0.03059,0.0,0.51059,0.00706,0.03402
12,1210,1210011,Піщанська сільська громада,2025,year,12,0.1014,0.34278,0.03159,0.00802,0.02357,0.0,0.36209,0.00858,0.0429
12,1210,1210013,Черкаська селищна громада,2021,year,12,0.17591,0.14414,0.00948,0.00109,0.00839,0.0,0.42851,0.01814,0.04936
12,1210,1210013,Черкаська селищна громада,2025,year,12,0.13146,0.18135,0.0005,0.00022,0.00028,0.0,0.38172,0.01313,0.06091
12,1210,1210015,Чернеччинська сільська громада,2021,year,12,0.19197,0.02926,0.03954,0.0,0.03954,0.0,0.71311,0.0,0.00616
12,1210,1210015,Чернеччинська сільська громада,2025,year,12,0.23686,0.0652,0.03122,0.00152,0.0297,0.0,0.50897,0.0,0.11484
12,1212,1212001,Богданівська сільська об'єднана територіальна громада,2021,year,12,0.12676,0.03812,0.03552,0.00726,0.02826,0.0,0.45066,0.00884,0.02242
12,1212,1212001,Богданівська сільська об'єднана територіальна громада,2025,year,12,0.17143,0.04391,0.03582,0.0059,0.02992,0.0,0.47046,0.00895,0.11285
12,1212,1212003,Вербківська сільська громада,2021,year,12,0.14669,0.05617,0.03625,0.00633,0.02992,0.0,0.42668,0.01559,0.01167
12,1212,1212003,Вербківська сільська громада,2025,year,12,0.18595,0.0996,0.03704,0.00612,0.03092,0.0,0.44154,0.01627,0.09267
12,1212,1212005,Межиріцька сільська громада,2021,year,12,0.16568,0.02637,0.05866,0.00672,0.05194,0.0,0.68563,0.05185,0.00489
12,1212,1212005,Межиріцька сільська громада,2025,year,12,0.23945,0.06946,0.04116,0.00588,0.03528,0.0,0.56466,0.04549,0.0494
12,1212,1212007,Павлоградська міська громада,2021,year,12,0.07801,0.0912,0.06216,0.02914,0.02719,0.00584,0.54974,0.03891,0.03222
12,1212,1212007,Павлоградська міська громада,2025,year,12,0.08855,0.23758,0.04903,0.02002,0.0219,0.00711,0.38325,0.02563,0.06976
12,1212,1212009,Тернівка,2021,year,12,0.14524,0.07666,0.03171,0.01204,0.01967,0.0,0.57921,0.03377,0.02942
12,1212,1212009,Тернівка,2025,year,12,0.13328,0.21273,0.03317,0.01345,0.01972,0.0,0.4722,0.02748,0.09967
12,1212,1212011,Троїцька сільська громада,2021,year,12,0.15254,0.05202,0.05415,0.01124,0.04292,0.0,0.27062,0.00657,0.14223
12,1212,1212011,Троїцька сільська громада,2025,year,12,0.23754,0.06636,0.06417,0.01588,0.04829,0.0,0.35688,0.01167,0.16831
12,1212,1212013,Юр’ївка,2021,year,12,0.12563,0.04193,0.05653,0.00601,0.05052,0.0,0.64923,0.0157,0.01611
12,1212,1212013,Юр’ївка,2025,year,12,0.16988,0.05491,0.06985,0.00758,0.06228,0.0,0.61987,0.01359,0.04014
12,1214,1214001,Брагинівська сільська рада,2021,year,12,0.20215,0.03681,0.04874,0.00094,0.0478,0.0,0.69242,0.0,0.0088
12,1214,1214001,Брагинівська сільська рада,2025,year,12,0.27233,0.02671,0.0321,0.0,0.0321,0.0,0.59243,0.0,0.07201
12,1214,1214003,Васильківська селищна громада,2021,year,12,0.1384,0.1107,0.0878,0.01945,0.06835,0.0,0.56583,0.02272,0.02833
12,1214,1214003,Васильківська селищна громада,2025,year,12,0.32831,0.03741,0.03959,0.01567,0.02392,0.0,0.48114,0.01968,0.05391
12,1214,1214005,Великомихайлівська сільська громада,2021,year,12,0.17949,0.01811,0.0286,0.00047,0.02813,0.0,0.68323,0.0,0.01912
12,1214,1214005,Великомихайлівська сільська громада,2025,year,12,0.35069,0.01755,0.00488,0.0,0.00488,0.0,0.39218,0.0,0.16138
12,1214,1214007,Миколаївська сільська рада,2021,year,12,0.16618,0.09378,0.03383,5e-05,0.03378,0.0,0.64391,0.0,0.03203
12,1214,1214007,Миколаївська сільська рада,2025,year,12,0.22485,0.01993,0.04197,0.00023,0.04174,0.0,0.53988,0.0,0.12099
12,1214,1214009,Зайцеве,2021,year,12,0.14789,0.10711,0.03536,0.0,0.03536,0.0,0.57407,0.0,0.1303
12,1214,1214009,Зайцеве,2025,year,12,0.18656,0.05984,0.03711,0.0,0.03711,0.0,0.50004,0.0,0.19633
12,1214,1214011,Іларіонове,2021,year,12,0.14376,0.03217,0.04486,0.02252,0.02234,0.0,0.70424,0.00075,0.02522
12,1214,1214011,Іларіонове,2025,year,12,0.14931,0.06107,0.02538,0.00647,0.0189,0.0,0.6288,0.0,0.03007
12,1214,1214013,Маломихайлівська сільська територіальна громада,2021,year,12,0.11732,0.03273,0.06672,0.00286,0.06386,0.0,0.76683,0.0,0.01326
12,1214,1214013,Маломихайлівська сільська територіальна громада,2025,year,12,0.33096,0.07507,0.03868,0.00031,0.03838,0.0,0.42514,0.0,0.05696
12,1214,1214015,Межівська селищна територіальна громада,2021,year,12,0.11132,0.03621,0.06426,0.01335,0.05091,0.0,0.66799,0.02273,0.04847
12,1214,1214015,Межівська селищна територіальна громада,2025,year,12,0.30213,0.05384,0.04619,0.00813,0.03807,0.0,0.47885,0.01733,0.0639
12,1214,1214017,Миколаївська сільська громада,2021,latest,12,0.1699,0.07521,0.05187,0.0056,0.04627,0.0,0.61984,0.018,0.02116
12,1214,1214017,Миколаївська сільська громада,2025,year,12,0.21146,0.07716,0.05418,0.00465,0.04953,0.0,0.46327,0.00584,0.07992
12,1214,1214019,Новопавлівська сільська рада,2021,year,12,0.17797,0.09123,0.0541,0.0,0.0541,0.0,0.59222,0.01573,0.06799
12,1214,1214019,Новопавлівська сільська рада,2025,year,12,0.4871,0.00617,0.04397,0.0,0.04397,0.0,0.3667,0.00284,0.08042
12,1214,1214021,Першотравенська міська громада,2021,year,12,0.13433,0.02556,0.06387,0.01767,0.0462,0.0,0.59522,0.02825,0.03988
12,1214,1214021,Першотравенська міська громада,2025,year,12,0.14142,0.03262,0.05694,0.01795,0.03899,0.0,0.45259,0.02305,0.06025
12,1214,1214023,Петропавлівка,2021,year,12,0.14022,0.02846,0.03614,0.0051,0.03105,0.0,0.65415,0.03356,0.05001
12,1214,1214023,Петропавлівка,2025,year,12,0.22973,0.03062,0.0292,0.00488,0.02432,0.0,0.45646,0.03421,0.06568
12,1214,1214025,Покровська селищна територіальна громада,2021,latest,12,0.10795,0.03088,0.08991,0.03556,0.05435,0.0,0.62632,0.02525,0.07211
12,1214,1214025,Покровська селищна територіальна громада,2025,year,12,0.19745,0.04083,0.07738,0.02061,0.05677,0.0,0.49581,0.0121,0.089
12,1214,1214027,Раївка,2021,year,12,0.14119,0.04546,0.07035,0.00024,0.07011,0.0,0.62035,0.0,0.06617
12,1214,1214027,Раївка,2025,year,12,0.1961,0.05409,0.07128,0.00052,0.07075,0.0,0.55009,0.0,0.06756
12,1214,1214029,Роздори,2021,year,12,0.2004,0.02106,0.05088,0.0,0.05088,0.0,0.67261,0.0,0.00902
12,1214,1214029,Роздори,2025,year,12,0.28446,0.01239,0.03717,0.0,0.03717,0.0,0.6287,0.0,0.0268
12,1214,1214031,Синельниківська міська громада,2021,year,12,0.11471,0.03717,0.02156,0.01678,0.00478,0.0,0.53777,0.03548,0.04205
12,1214,1214031,Синельниківська міська громада,2025,year,12,0.14054,0.07807,0.02006,0.01493,0.00513,0.0,0.5045,0.03429,0.08543
12,1214,1214033,Славгород,2021,year,12,0.18925,0.03433,0.02938,0.0,0.02938,0.0,0.73232,0.01593,0.00661
12,1214,1214033,Славгород,2025,year,12,0.26535,0.03164,0.02359,0.0,0.02359,0.0,0.63903,0.01578,0.02987
12,1214,1214035,Слов'янська сільська рада,2021,year,12,0.1483,0.02378,0.04204,0.00982,0.03221,0.0,0.71618,0.0,0.02925
12,1214,1214035,Слов'янська сільська рада,2025,year,12,0.25161,0.01606,0.03922,0.0103,0.02892,0.0,0.59889,0.0,0.09015
12,1214,1214037,Українська сільська громада,2021,year,12,0.20316,0.0487,0.04568,0.00416,0.04153,0.0,0.66728,0.0,0.01278
12,1214,1214037,Українська сільська громада,2025,year,12,0.28196,0.05461,0.01925,0.0,0.01925,0.0,0.58944,0.0,0.04972
14,1412,1412001,Андріївська сільська громада,2021,year,12,0.25059,0.15698,0.07742,0.00374,0.07368,0.0,0.3178,0.0,0.03505
14,1412,1412001,Андріївська сільська громада,2025,year,12,0.3443,0.11106,0.02481,0.0,0.02481,0.0,0.18802,0.0,0.08649
14,1412,1412003,Дружківська міська громада,2021,year,12,0.14113,0.07024,0.05978,0.0255,0.03428,0.0,0.49333,0.03223,0.04864
14,1412,1412003,Дружківська міська громада,2025,year,12,0.1533,0.13744,0.0329,0.0151,0.0178,0.0,0.24327,0.01829,0.04844
14,1412,1412009,Краматорська міська громада,2021,year,12,0.0656,0.15336,0.05339,0.02801,0.02539,0.0,0.36261,0.02563,0.03567
14,1412,1412009,Краматорська міська громада,2025,year,12,0.11876,0.28301,0.02584,0.0062,0.01965,0.0,0.32819,0.01784,0.07207
14,1412,1412011,Лиманська міська громада,2021,year,12,0.14106,0.05458,0.05013,0.01676,0.03337,0.0,0.53082,0.01704,0.07925
14,1412,1412011,Лиманська міська громада,2025,year,12,0.20382,0.08483,0.02378,0.00618,0.0176,0.0,0.20098,0.00707,0.26082
14,1412,1412013,Миколаївська міська громада,2021,year,12,0.18779,0.06597,0.04405,4e-05,0.04401,0.0,0.46448,0.03645,0.0285
14,1412,1412013,Миколаївська міська громада,2025,year,12,0.18235,0.26065,0.02027,0.0,0.02027,0.0,0.23364,0.01915,0.03059
14,1412,1412015,Новодонецька селищна громада,2021,year,12,0.17894,0.10165,0.0679,0.0366,0.0313,0.0,0.49775,0.0,0.02475
14,1412,1412015,Новодонецька селищна громада,2025,year,12,0.3205,0.15881,0.05114,0.03085,0.02029,0.0,0.25464,0.0,0.05438
14,1412,1412017,Олександрівська селищна громада,2021,year,12,0.15881,0.09486,0.04837,0.00575,0.04261,0.0,0.60708,0.03264,0.07745
14,1412,1412017,Олександрівська селищна громада,2025,year,12,0.23343,0.21199,0.02019,0.00302,0.01717,0.0,0.22478,0.00379,0.02654
14,1412,1412019,Святогірська міська громада,2021,year,12,0.16716,0.15176,0.04149,0.00067,0.04082,0.0,0.37881,0.0215,0.11174
14,1412,1412019,Святогірська міська громада,2025,year,12,0.40498,0.15211,0.00786,0.0,0.00786,0.0,0.21239,0.01397,0.04913
14,1412,1412021,Слов'янська міська громада,2021,year,12,0.11538,0.07654,0.04064,0.02004,0.0206,0.0,0.53031,0.03127,0.07543
14,1412,1412021,Слов'янська міська громада,2025,year,12,0.12284,0.27322,0.01723,0.00701,0.01022,0.0,0.23946,0.01033,0.05729
14,1412,1412023,Черкаська селищна громада,2021,year,12,0.14064,0.0471,0.04362,0.00244,0.04118,0.0,0.52137,0.0,0.02501
14,1412,1412023,Черкаська селищна громада,2025,year,12,0.25516,0.19933,0.03904,0.0,0.03904,0.0,0.31766,0.0,0.09293
14,1416,1416003,Білозерська міська громада,2021,year,12,0.10115,0.06111,0.04344,0.00456,0.03888,0.0,0.71846,0.03715,0.02162
14,1416,1416003,Білозерська міська громада,2025,year,12,0.2535,0.04292,0.03154,0.00804,0.0235,0.0,0.5303,0.03405,0.05178
18,1802,1802001,Андрушівська міська громада,2021,year,12,0.1324,0.04918,0.06003,0.0083,0.05173,0.0,0.63849,0.03825,0.03207
18,1802,1802001,Андрушівська міська громада,2025,year,12,0.13623,0.05678,0.05019,0.01065,0.03954,0.0,0.55338,0.02416,0.12068
18,1802,1802003,Бердичівська міська громада,2021,year,12,0.08646,0.11948,0.0593,0.0231,0.03596,0.00024,0.57447,0.03991,0.04708
18,1802,1802003,Бердичівська міська громада,2025,year,12,0.08706,0.12031,0.06769,0.03089,0.03679,0.0,0.55798,0.03533,0.08957
18,1802,1802005,Вчорайшенська сільська громада,2021,year,12,0.24295,0.06957,0.02559,0.0,0.02559,0.0,0.58935,0.0,0.0394
18,1802,1802005,Вчорайшенська сільська громада,2025,year,12,0.26656,0.10876,0.02532,6e-05,0.02526,0.0,0.50949,0.0,0.04938
18,1802,1802007,Гришковецька селищна громада,2021,year,12,0.13068,0.04512,0.03047,0.0,0.03047,0.0,0.66912,0.0,0.02408
18,1802,1802007,Гришковецька селищна громада,2025,year,12,0.15919,0.02728,0.04482,0.00288,0.04194,0.0,0.5949,0.0,0.07466
18,1802,1802009,Краснопільська сільська громада,2021,year,12,0.17211,0.05868,0.03371,0.0,0.03371,0.0,0.70722,0.0,0.01484
18,1802,1802009,Краснопільська сільська громада,2025,year,12,0.21757,0.061,0.02647,0.0,0.02647,0.0,0.64806,0.0,0.03654
18,1802,1802011,Райгородоцька сільська громада,2021,year,12,0.17022,0.01427,0.03518,0.0,0.03518,0.0,0.63793,0.0,0.02868
18,1802,1802011,Райгородоцька сільська громада,2025,year,12,0.13985,0.02623,0.01801,0.00082,0.01719,0.0,0.57362,0.0,0.05814
18,1802,1802013,Ружинська селищна громада,2021,year,12,0.12393,0.02929,0.05517,0.01054,0.04464,0.0,0.6923,0.02922,0.0244
18,1802,1802013,Ружинська селищна громада,2025,year,12,0.2417,0.03025,0.05093,0.01041,0.04052,0.0,0.57759,0.01601,0.04669
18,1802,1802015,Семенівська сільська громада,2021,year,12,0.20756,0.04485,0.04108,0.0,0.04108,0.0,0.54505,0.0,0.06386
18,1802,1802015,Семенівська сільська громада,2025,year,12,0.23633,0.05356,0.03666,0.0,0.03666,0.0,0.47293,0.00438,0.1201
18,1802,1802017,Червоненська селищна громада,2021,year,12,0.16101,0.02641,0.02984,0.00021,0.02964,0.0,0.71168,0.0,0.04057
18,1802,1802017,Червоненська селищна громада,2025,year,12,0.2304,0.01381,0.03841,0.00139,0.03702,0.0,0.55328,0.0,0.12092
18,1802,1802019,Швайківська сільська громада,2021,year,12,0.22745,0.02873,0.03899,0.0,0.03899,0.0,0.57204,0.0,0.02248
18,1802,1802019,Швайківська сільська громада,2025,year,12,0.2338,0.00609,0.02542,0.0,0.02542,0.0,0.63065,0.0,0.02587
18,1804,1804001,Андрушківська сільська громада,2021,year,12,0.24241,0.05799,0.02362,0.00049,0.02313,0.0,0.56711,0.00456,0.04483
18,1804,1804001,Андрушківська сільська громада,2025,year,12,0.22534,0.08782,0.04017,0.0002,0.03998,0.0,0.53872,0.01103,0.09628
18,1804,1804003,Березівська сільська громада,2021,year,12,0.14434,0.04082,0.03111,0.00196,0.02915,0.0,0.45088,0.0,0.10148
18,1804,1804003,Березівська сільська громада,2025,year,12,0.25661,0.13068,0.04376,0.0003,0.04346,0.0,0.46264,0.0,0.07958
18,1804,1804005,Брусилівська селищна громада,2021,year,12,0.15849,0.01244,0.04272,0.00495,0.03777,0.0,0.65592,0.01939,0.03959
18,1804,1804005,Брусилівська селищна громада,2025,year,12,0.17684,0.03738,0.04402,0.00697,0.03705,0.0,0.57112,0.01793,0.08042
18,1804,1804007,Високівська сільська громада,2021,year,12,0.28041,0.01002,0.0188,0.0,0.0188,0.0,0.63304,0.0,0.01823
18,1804,1804007,Високівська сільська громада,2025,year,12,0.2615,0.04421,0.01457,0.0,0.01457,0.0,0.61054,0.0,0.0253
18,1804,1804009,Вишевицька сільська громада,2021,year,12,0.16652,0.02572,0.05526,0.00079,0.05447,0.0,0.67743,0.0,0.0276
18,1804,1804009,Вишевицька сільська громада,2025,year,12,0.22314,0.00608,0.03089,0.00039,0.0305,0.0,0.61074,0.0,0.05061
18,1804,1804011,Вільшанська сільська громада,2021,year,12,0.17673,0.03148,0.05216,0.0,0.05216,0.0,0.60369,0.0,0.02941
18,1804,1804011,Вільшанська сільська громада,2025,year,12,0.17178,0.04387,0.03879,0.0,0.03879,0.0,0.486,0.0,0.07837
18,1804,1804013,Волицька сільська громада,2021,year,12,0.20448,0.02309,0.0287,0.0,0.0287,0.0,0.69019,0.0,0.01347
18,1804,1804013,Волицька сільська громада,2025,year,12,0.15164,0.01305,0.02019,0.0,0.02019,0.0,0.67579,0.0,0.07366
18,1804,1804015,Глибочицька сільська громада,2021,year,12,0.13567,0.05635,0.04026,0.00502,0.03524,0.0,0.49469,0.0,0.06368
18,1804,1804015,Глибочицька сільська громада,2025,year,12,0.08812,0.0423,0.01864,0.00093,0.01771,0.0,0.35652,0.0,0.36328
18,1804,1804017,Городоцька селищна громада,2021,year,12,0.25469,0.02816,0.01365,0.00129,0.01236,0.0,0.59402,0.03268,0.00726
18,1804,1804017,Городоцька селищна громада,2025,year,12,0.29333,0.03279,0.01082,0.0,0.01082,0.0,0.60517,0.03032,0.01803
18,1804,1804019,Житомирська міська громада,2021,year,12,0.06069,0.08098,0.02046,0.01037,0.00958,0.0005,0.58664,0.03549,0.03135
18,1804,1804019,Житомирська міська громада,2025,year,12,0.06608,0.09737,0.01485,0.00755,0.00707,0.00023,0.52347,0.02928,0.07722
18,1804,1804021,Квітнева сільська громада,2021,year,12,0.22561,0.05125,0.03335,0.00617,0.02717,0.0,0.57241,0.0,0.03569
18,1804,1804021,Квітнева сільська громада,2025,year,12,0.22265,0.06149,0.02214,0.00405,0.0181,0.0,0.56674,0.0,0.06743
18,1804,1804023,Корнинська селищна громада,2021,year,12,0.16511,0.06372,0.03622,0.00088,0.03534,0.0,0.6806,0.01132,0.0265
18,1804,1804023,Корнинська селищна громада,2025,year,12,0.15659,0.07614,0.02769,0.0,0.02769,0.0,0.6327,0.01921,0.06088
18,1804,1804025,Коростишівська міська громада,2021,year,12,0.09826,0.05672,0.04168,0.01071,0.03096,0.0,0.70112,0.0628,0.03289
18,1804,1804025,Коростишівська міська громада,2025,year,12,0.11825,0.07833,0.03435,0.00844,0.02455,0.00137,0.62762,0.04707,0.05692
18,1804,1804027,Курненська сільська громада,2021,year,12,0.17915,0.04116,0.04213,0.01021,0.03191,0.0,0.68297,0.0,0.03104
18,1804,1804027,Курненська сільська громада,2025,year,12,0.15432,0.04951,0.03014,0.00715,0.02299,0.0,0.48325,0.0,0.11702
18,1804,1804029,Любарська селищна громада,2021,year,12,0.08647,0.03948,0.0494,0.00524,0.04417,0.0,0.66062,0.02583,0.03607
18,1804,1804029,Любарська селищна громада,2025,year,12,0.10181,0.03836,0.04423,0.00567,0.03856,0.0,0.64453,0.02384,0.08875
18,1804,1804031,Миропільська селищна громада,2021,year,12,0.11697,0.06169,0.02632,0.00123,0.02508,0.0,0.60266,0.01657,0.0314
18,1804,1804031,Миропільська селищна громада,2025,year,12,0.15008,0.04725,0.03992,0.00876,0.03116,0.0,0.57708,0.0194,0.14841
18,1804,1804033,Новоборівська селищна громада,2021,year,12,0.14698,0.04677,0.03162,0.0019,0.02972,0.0,0.66429,0.03405,0.01548
18,1804,1804033,Новоборівська селищна громада,2025,year,12,0.11998,0.05761,0.02518,0.00188,0.02331,0.0,0.66156,0.02499,0.07564
18,1804,1804035,Новогуйвинська селищна громада,2021,year,12,0.16374,0.09415,0.0488,0.01041,0.03839,0.0,0.57428,0.02451,0.02819
18,1804,1804035,Новогуйвинська селищна громада,2025,year,12,0.13433,0.03686,0.05595,0.01109,0.04486,0.0,0.60851,0.01861,0.0933
18,1804,1804037,Оліївська сільська громада,2021,year,12,0.23595,0.08677,0.03497,0.00125,0.03372,0.0,0.35385,0.0,0.03899
18,1804,1804037,Оліївська сільська громада,2025,year,12,0.26537,0.17099,0.04633,0.00233,0.04401,0.0,0.33859,0.0,0.07985
18,1804,1804039,Попільнянська селищна громада,2021,year,12,0.12633,0.07684,0.06564,0.01298,0.05265,0.0,0.5993,0.02686,0.05483
18,1804,1804039,Попільнянська селищна громада,2025,year,12,0.13198,0.04368,0.05608,0.01129,0.04479,0.0,0.61744,0.02632,0.06235
18,1804,1804041,Потіївська сільська громада,2021,year,12,0.2308,0.07698,0.03456,0.0017,0.03286,0.0,0.53422,0.01223,0.02935
18,1804,1804041,Потіївська сільська громада,2025,year,12,0.19573,0.0637,0.01159,0.0,0.01159,0.0,0.51337,0.0103,0.1609
18,1804,1804043,Пулинська селищна громада,2021,year,12,0.13856,0.02159,0.0391,0.00727,0.03183,0.0,0.63668,0.01828,0.01741
18,1804,1804043,Пулинська селищна громада,2025,year,12,0.14685,0.02771,0.0302,0.0065,0.0237,0.0,0.65018,0.01971,0.03494
18,1804,1804045,Радомишльська міська громада,2021,year,12,0.11519,0.03459,0.06537,0.0203,0.04507,0.0,0.60169,0.03612,0.03315
18,1804,1804045,Радомишльська міська громада,2025,year,12,0.1228,0.02578,0.0635,0.02055,0.04295,0.0,0.58302,0.03515,0.06936
18,1804,1804047,Романівська селищна громада,2021,year,12,0.10336,0.01763,0.04297,0.00869,0.03428,0.0,0.69754,0.02233,0.0675
18,1804,1804047,Романівська селищна громада,2025,year,12,0.1378,0.05251,0.03413,0.00844,0.02569,0.0,0.60965,0.01979,0.06428
18,1804,1804049,Станишівська територіальна громада,2021,year,12,0.14546,0.03379,0.04506,0.00195,0.04311,0.0,0.41982,0.0,0.04075
18,1804,1804049,Станишівська територіальна громада,2025,year,12,0.17635,0.04216,0.06698,0.003,0.06398,0.0,0.48971,0.0,0.07252
18,1804,1804051,Старосілецька сільська громада,2021,year,12,0.16833,0.03879,0.02635,0.0,0.02635,0.0,0.70502,0.0,0.02607
18,1804,1804051,Старосілецька сільська громада,2025,year,12,0.19776,0.14661,0.02271,0.0,0.02271,0.0,0.58332,0.0,0.03513
18,1804,1804053,Тетерівська сільська громада,2021,year,12,0.18671,0.09496,0.04144,0.00044,0.041,0.0,0.61427,0.02574,0.03783
18,1804,1804053,Тетерівська сільська громада,2025,year,12,0.20775,0.09635,0.03585,0.0,0.03585,0.0,0.57627,0.02397,0.06492
18,1804,1804055,Харитонівська сільська громада,2021,year,12,0.37662,0.05124,0.03341,0.0,0.03341,0.0,0.34483,0.0,0.03572
18,1804,1804055,Харитонівська сільська громада,2025,year,12,0.32314,0.02204,0.0398,0.0,0.0398,0.0,0.44958,0.0,0.11385
18,1804,1804057,Хорошівська селищна громада,2021,year,12,0.13023,0.02169,0.07091,0.01523,0.05568,0.0,0.67936,0.02508,0.03265
18,1804,1804057,Хорошівська селищна громада,2025,year,12,0.14088,0.0572,0.06545,0.01485,0.0506,0.0,0.57507,0.01931,0.11595
18,1804,1804059,Черняхівська селищна громада,2021,year,12,0.13591,0.02824,0.06459,0.01287,0.05172,0.0,0.67734,0.03732,0.03304
18,1804,1804059,Черняхівська селищна громада,2025,year,12,0.16167,0.01766,0.06472,0.0127,0.05202,0.0,0.63227,0.03242,0.06589
18,1804,1804061,Чуднівська міська громада,2021,year,12,0.11578,0.04116,0.06118,0.0106,0.05057,0.0,0.69125,0.01837,0.01978
18,1804,1804061,Чуднівська міська громада,2025,year,12,0.12311,0.05277,0.04602,0.0109,0.03511,0.0,0.5649,0.01238,0.06986
18,1806,1806001,Білокоровицька сільська громада,2021,year,12,0.16212,0.03229,0.04035,0.00114,0.03921,0.0,0.62239,0.0,0.02619
18,1806,1806001,Білокоровицька сільська громада,2025,year,12,0.16967,0.03468,0.04284,0.00263,0.04021,0.0,0.63061,0.0,0.07454
18,1806,1806003,Гладковицька сільська громада,2021,year,12,0.16355,0.1222,0.01648,0.00318,0.0133,0.0,0.49995,0.03218,0.01763
18,1806,1806003,Гладковицька сільська громада,2025,year,12,0.24831,0.12717,0.03344,0.01884,0.0146,0.0,0.53263,0.04686,0.0347
18,1806,1806005,Горщиківська сільська громада,2021,year,12,0.24631,0.06848,0.01948,0.0,0.01948,0.0,0.58719,0.0,0.05469
18,1806,1806005,Горщиківська сільська громада,2025,year,12,0.25373,0.08592,0.01429,0.00207,0.01221,0.0,0.53327,0.0,0.11076
18,1806,1806007,Іршанська селищна громада,2021,year,12,0.1655,0.07443,0.03708,0.01552,0.02156,0.0,0.61477,0.05614,0.03937
18,1806,1806007,Іршанська селищна громада,2025,year,12,0.20038,0.10123,0.03371,0.01351,0.0202,0.0,0.55632,0.04843,0.04436
18,1806,1806009,Коростенська міська громада,2021,year,12,0.095,0.09075,0.07208,0.01912,0.0479,0.00507,0.56807,0.02814,0.04864
18,1806,1806009,Коростенська міська громада,2025,year,12,0.10991,0.06952,0.05893,0.02085,0.03026,0.00782,0.57153,0.02742,0.08039
18,1806,1806011,Лугинська селищна громада,2021,year,12,0.16836,0.05241,0.04795,0.01233,0.03562,0.0,0.61881,0.02189,0.04608
18,1806,1806011,Лугинська селищна громада,2025,year,12,0.1748,0.04881,0.0573,0.0197,0.0376,0.0,0.55354,0.02123,0.09324
18,1806,1806013,Малинська міська громада,2021,year,12,0.11376,0.12208,0.04484,0.01218,0.03267,0.0,0.56976,0.03774,0.04409
18,1806,1806013,Малинська міська громада,2025,year,12,0.09787,0.07887,0.04413,0.01374,0.03039,0.0,0.56494,0.03522,0.08342
18,1806,1806015,Народицька селищна громада,2021,year,12,0.15495,0.04104,0.06685,0.00773,0.05912,0.0,0.59623,0.00526,0.05892
18,1806,1806015,Народицька селищна громада,2025,year,12,0.15547,0.04655,0.0374,0.00609,0.03131,0.0,0.53532,0.00518,0.17123
18,1806,1806017,Овруцька міська громада,2021,year,12,0.09161,0.09953,0.0418,0.01496,0.02684,0.0,0.57835,0.02893,0.05297
18,1806,1806017,Овруцька міська громада,2025,year,12,0.09975,0.1085,0.05346,0.01891,0.03455,0.0,0.59645,0.02219,0.09833
18,1806,1806019,Олевська міська громада,2021,year,12,0.07639,0.04243,0.03894,0.00663,0.03231,0.0,0.71824,0.01433,0.05252
18,1806,1806019,Олевська міська громада,2025,year,12,0.09388,0.02786,0.04255,0.01934,0.0232,0.0,0.71264,0.0152,0.0951
18,1806,1806021,Словечанська сільська громада,2021,year,12,0.09248,0.02974,0.02768,0.00021,0.02747,0.0,0.65867,0.00725,0.06533
18,1806,1806021,Словечанська сільська громада,2025,year,12,0.12938,0.04569,0.0207,0.0003,0.0204,0.0,0.63171,0.00633,0.09044
18,1806,1806023,Ушомирська сільська громада,2021,year,12,0.1288,0.05213,0.04739,0.00648,0.04091,0.0,0.42843,0.0,0.04272
18,1806,1806023,Ушомирська сільська громада,2025,year,12,0.16024,0.03187,0.0374,0.00725,0.03015,0.0,0.50677,0.0,0.09831
18,1806,1806025,Чоповицька селищна громада,2021,year,12,0.17994,0.06834,0.03991,0.00048,0.03943,0.0,0.59995,0.0,0.05061
18,1806,1806025,Чоповицька селищна громада,2025,year,12,0.18092,0.05318,0.03391,0.00052,0.03338,0.0,0.57833,0.0,0.10638
18,1808,1808001,Баранівська міська громада,2021,year,12,0.1222,0.06489,0.05315,0.01208,0.04107,0.0,0.6413,0.02679,0.0452
18,1808,1808001,Баранівська міська громада,2025,year,12,0.17958,0.06935,0.04552,0.01804,0.02749,0.0,0.61405,0.0306,0.04777
18,1808,1808003,Барашівська сільська громада,2021,year,12,0.15563,0.04295,0.02592,0.00019,0.02573,0.0,0.66255,0.01619,0.0216
18,1808,1808003,Барашівська сільська громада,2025,year,12,0.19513,0.06985,0.01954,0.00042,0.01912,0.0,0.62602,0.00883,0.0522
18,1808,1808005,Брониківська сільська громада,2021,year,12,0.13248,0.02567,0.02935,0.00027,0.02908,0.0,0.69841,0.0,0.07778
18,1808,1808005,Брониківська сільська громада,2025,year,12,0.13845,0.06844,0.02918,0.00028,0.0289,0.0,0.62841,0.0,0.12505
18,1808,1808007,Городницька селищна громада,2021,year,12,0.13559,0.03431,0.03909,0.0,0.03909,0.0,0.67244,0.00535,0.04085
18,1808,1808007,Городницька селищна громада,2025,year,12,0.16947,0.03158,0.02562,0.0,0.02562,0.0,0.62764,0.00794,0.10515
18,1808,1808009,Довбиська селищна громада,2021,year,12,0.11388,0.03008,0.05767,0.01391,0.04376,0.0,0.71015,0.0,0.04468
18,1808,1808009,Довбиська селищна громада,2025,year,12,0.08883,0.0721,0.05094,0.01011,0.04083,0.0,0.7355,0.0,0.04079
18,1808,1808011,Дубрівська сільська громада,2021,year,12,0.13696,0.02021,0.01781,0.0,0.01781,0.0,0.68257,0.0,0.01984
18,1808,1808011,Дубрівська сільська громада,2025,year,12,0.17842,0.02726,0.01608,0.0,0.01608,0.0,0.63943,0.0,0.05139
18,1808,1808013,Ємільчинська селищна громада,2021,year,12,0.12377,0.04516,0.0561,0.01792,0.03818,0.0,0.67647,0.01915,0.02809
18,1808,1808013,Ємільчинська селищна громада,2025,year,12,0.12648,0.04859,0.05908,0.02951,0.02957,0.0,0.63171,0.01726,0.06781
18,1808,1808015,Звягельська міська громада,2021,year,12,0.08636,0.06175,0.04911,0.01705,0.03206,0.0,0.55717,0.04379,0.05073
18,1808,1808015,Звягельська міська громада,2025,year,12,0.21414,0.05666,0.05041,0.01331,0.0371,0.0,0.46876,0.03456,0.10683
18,1808,1808017,Піщівська сільська громада,2021,year,12,0.24029,0.03396,0.05533,0.00244,0.05288,0.0,0.61577,0.0,0.02982
18,1808,1808017,Піщівська сільська громада,2025,year,12,0.22486,0.05804,0.05677,0.00084,0.05593,0.0,0.59741,0.0,0.04872
18,1808,1808019,Стриївська сільська громада,2021,year,12,0.1747,0.02147,0.02768,0.0,0.02768,0.0,0.71775,0.0,0.03466
18,1808,1808019,Стриївська сільська громада,2025,year,12,0.24771,0.02418,0.0088,0.0,0.0088,0.0,0.58344,0.0,0.03429
18,1808,1808021,Чижівська сільська громада,2021,year,12,0.12069,0.02118,0.02777,0.0018,0.02597,0.0,0.56439,0.0,0.05169
18,1808,1808021,Чижівська сільська громада,2025,year,12,0.1653,0.01551,0.02434,0.0,0.02434,0.0,0.52315,0.0,0.10001
18,1808,1808023,Ярунська територіальна громада,2021,year,12,0.13234,0.05238,0.03886,0.0002,0.03866,0.0,0.73162,0.0,0.03635
18,1808,1808023,Ярунська територіальна громада,2025,year,12,0.12145,0.10109,0.03283,0.0,0.03283,0.0,0.69782,0.0,0.03744
21,2102,2102001,Батівська селищна громада,2021,year,12,0.09826,0.00707,0.02053,0.0,0.02053,0.0,0.84122,0.04198,0.00484
21,2102,2102001,Батівська селищна громада,2025,year,12,0.07708,0.02782,0.0138,0.0,0.0138,0.0,0.64874,0.018,0.01514
21,2102,2102003,Берегівська міська громада,2021,year,12,0.10784,0.04559,0.14423,0.00494,0.13928,0.0,0.63176,0.03338,0.02253
21,2102,2102003,Берегівська міська громада,2025,year,12,0.09183,0.06452,0.0191,0.00446,0.01463,0.0,0.54818,0.02151,0.02208
21,2102,2102005,Великоберезька сільська громада,2021,year,12,0.1733,0.01083,0.00905,0.0,0.00905,0.0,0.77601,0.0,0.00159
21,2102,2102005,Великоберезька сільська громада,2025,year,12,0.20503,0.02022,0.01584,0.00131,0.01452,0.0,0.71079,0.0,0.00676
21,2102,2102007,Великобийганська сільська громада,2021,year,12,0.28641,0.02394,0.02561,0.0,0.02561,0.0,0.60187,0.0,0.0
21,2102,2102007,Великобийганська сільська громада,2025,year,12,0.30631,0.02414,0.04878,0.00596,0.04282,0.0,0.56093,0.0,0.01306
21,2102,2102009,Вилоцька селищна громада,2021,year,12,0.14788,0.01007,0.01113,0.0003,0.01084,0.0,0.80525,0.05668,0.00382
21,2102,2102009,Вилоцька селищна громада,2025,year,12,0.18068,0.01754,0.01178,0.0,0.01178,0.0,0.76006,0.04791,0.00742
21,2102,2102011,Виноградівська міська громада,2021,year,12,0.06036,0.04875,0.02806,0.01028,0.01744,0.00034,0.6832,0.02526,0.0114
21,2102,2102011,Виноградівська міська громада,2025,year,12,0.09124,0.06378,0.03191,0.01573,0.01619,0.0,0.69431,0.0251,0.02348
21,2102,2102013,Кам'янська сільська громада,2021,year,12,0.0778,0.01231,0.00827,0.00017,0.0081,0.0,0.67666,0.02356,0.08041
21,2102,2102013,Кам'янська сільська громада,2025,year,12,0.12118,0.02292,0.03745,0.00137,0.03608,0.0,0.62486,0.01309,0.03356
21,2102,2102015,Королівська селищна громада,2021,year,12,0.11682,0.04324,0.01772,0.00067,0.01705,0.0,0.75729,0.01329,0.00375
21,2102,2102015,Королівська селищна громада,2025,year,12,0.1358,0.03489,0.01732,0.00082,0.0165,0.0,0.77602,0.02447,0.01387
21,2102,2102017,Косоньська сільська громада,2021,year,12,0.18167,0.01531,0.01164,0.0,0.01164,0.0,0.7735,0.04816,0.0
21,2102,2102017,Косоньська сільська громада,2025,year,12,0.24034,0.02367,0.01766,0.00112,0.01655,0.0,0.68117,0.05433,0.00281
21,2102,2102019,Пийтерфолвівська сільська громада,2021,year,12,0.09037,0.0118,0.05543,0.00168,0.05375,0.0,0.8112,0.04356,0.0012
21,2102,2102019,Пийтерфолвівська сільська громада,2025,year,12,0.18152,0.01653,0.01145,0.00022,0.01123,0.0,0.74512,0.04514,0.01118
21,2104,2104001,Великолучківська сільська громада,2021,year,12,0.10443,0.01512,0.01055,0.0,0.01055,0.0,0.8361,0.07356,0.00345
21,2104,2104001,Великолучківська сільська громада,2025,year,12,0.12971,0.01138,0.0065,0.00092,0.00558,0.0,0.6799,0.03417,0.03942
21,2104,2104003,Верхньокоропецька сільська громада,2021,year,12,0.17731,0.01302,0.00655,0.00111,0.00543,0.0,0.74395,0.0,0.01137
21,2104,2104003,Верхньокоропецька сільська громада,2025,year,12,0.2268,0.01255,0.00919,0.00028,0.0089,0.0,0.6928,0.0,0.02399
21,2104,2104005,Воловецька селищна громада,2021,year,12,0.11659,0.04349,0.04966,0.01796,0.03169,0.0,0.68108,0.06446,0.00841
21,2104,2104005,Воловецька селищна громада,2025,year,12,0.13242,0.03106,0.03192,0.01478,0.01714,0.0,0.65298,0.04918,0.03529
21,2104,2104007,Горондівська сільська громада,2021,year,12,0.12331,0.00381,0.00583,0.0,0.00583,0.0,0.74815,0.0,0.00554
21,2104,2104007,Горондівська сільська громада,2025,year,12,0.13367,0.00602,0.00796,0.00058,0.00737,0.0,0.68178,0.0,0.01718
21,2104,2104009,Жденіївська селищна громада,2021,year,12,0.15089,0.02325,0.02815,0.0,0.02815,0.0,0.70086,0.0,0.00209
21,2104,2104009,Жденіївська селищна громада,2025,year,12,0.1637,0.02841,0.0273,0.0,0.0273,0.0,0.67223,0.0,0.0296
21,2104,2104011,Івановецька сільська громада,2021,year,12,0.152,0.02984,0.0253,0.00209,0.02321,0.0,0.69033,0.0,0.02772
21,2104,2104011,Івановецька сільська громада,2025,year,12,0.19114,0.03611,0.01712,0.00059,0.01653,0.0,0.53587,0.0,0.02608
21,2104,2104013,Кольчинська селищна громада,2021,year,12,0.14405,0.01431,0.03352,0.00281,0.03071,0.0,0.63654,0.0,0.03218
21,2104,2104013,Кольчинська селищна громада,2025,year,12,0.13678,0.01401,0.02556,0.00695,0.01861,0.0,0.60746,0.0,0.05104
21,2104,2104015,Мукачівська міська громада,2021,year,12,0.09527,0.13538,0.0393,0.01198,0.02732,0.0,0.52794,0.02944,0.03262
21,2104,2104015,Мукачівська міська громада,2025,year,12,0.09244,0.14443,0.04003,0.01359,0.02645,0.0,0.52621,0.02559,0.05154
21,2104,2104017,Неліпинська сільська громада,2021,year,12,0.20307,0.03119,0.01013,0.0,0.01013,0.0,0.7016,0.0,0.00442
21,2104,2104017,Неліпинська сільська громада,2025,year,12,0.26218,0.02377,0.0082,0.0,0.0082,0.0,0.65021,0.0,0.02012
21,2104,2104019,Нижньоворітська сільська громада,2021,year,12,0.08709,0.0096,0.01408,0.00013,0.01395,0.0,0.81179,0.03749,0.06388
21,2104,2104019,Нижньоворітська сільська громада,2025,year,12,0.1049,0.01587,0.00585,0.00037,0.00548,0.0,0.71154,0.02656,0.07177
21,2104,2104021,Полянська сільська громада,2021,year,12,0.21397,0.04707,0.02508,0.0058,0.01928,0.0,0.59633,0.01514,0.01167
21,2104,2104021,Полянська сільська громада,2025,year,12,0.24005,0.08292,0.01712,0.00221,0.01492,0.0,0.57313,0.01363,0.01951
21,2104,2104023,Свалявська міська громада,2021,year,12,0.08473,0.05105,0.04304,0.01266,0.03038,0.0,0.74416,0.0619,0.016
21,2104,2104023,Свалявська міська громада,2025,year,12,0.11496,0.04393,0.03523,0.01243,0.0228,0.0,0.67604,0.04077,0.05855
21,2104,2104025,Чинадіївська селищна громада,2021,year,12,0.111,0.04492,0.03034,0.0,0.03034,0.0,0.76269,0.06009,0.02037
21,2104,2104025,Чинадіївська селищна громада,2025,year,12,0.11574,0.02151,0.01847,0.0,0.01847,0.0,0.69587,0.05318,0.05182
21,2106,2106001,Богданська сільська громада,2021,year,12,0.13277,0.03786,0.02134,0.0,0.02134,0.0,0.73753,0.00216,0.01319
21,2106,2106001,Богданська сільська громада,2025,year,12,0.14522,0.03473,0.01588,0.0037,0.01218,0.0,0.71243,0.01017,0.04687
21,2106,2106003,Великобичківська селищна громада,2021,year,12,0.08488,0.02446,0.02829,0.00215,0.02614,0.0,0.82256,0.02084,0.00731
21,2106,2106003,Великобичківська селищна громада,2025,year,12,0.11014,0.0366,0.0324,0.00701,0.02539,0.0,0.7438,0.02041,0.044
21,2106,2106005,Рахівська міська громада,2021,year,12,0.08036,0.05025,0.04859,0.01935,0.02924,0.0,0.68376,0.05254,0.02039
21,2106,2106005,Рахівська міська громада,2025,year,12,0.09834,0.07076,0.03824,0.00827,0.02998,0.0,0.67515,0.02938,0.02563
21,2106,2106007,Ясінянська селищна громада,2021,year,12,0.08504,0.01905,0.02152,0.00275,0.01878,0.0,0.7628,0.03866,0.08132
21,2106,2106007,Ясінянська селищна громада,2025,year,12,0.12889,0.02435,0.01887,0.00386,0.01501,0.0,0.68432,0.03157,0.05949
21,2108,2108001,Бедевлянська сільська громада,2021,year,12,0.12912,0.0148,0.02632,0.00698,0.01935,0.0,0.79053,0.03098,0.00311
21,2108,2108001,Бедевлянська сільська громада,2025,year,12,0.17492,0.0133,0.03106,0.01045,0.02061,0.0,0.68996,0.03659,0.00915
21,2108,2108003,Буштинська селищна громада,2021,year,12,0.08637,0.01027,0.01159,0.00145,0.01014,0.0,0.73813,0.02535,0.00871
21,2108,2108003,Буштинська селищна громада,2025,year,12,0.13461,0.01694,0.01795,0.01327,0.00468,0.0,0.75113,0.01699,0.03041
21,2108,2108005,Вільховецька сільська громада,2021,year,12,0.08226,0.02597,0.03335,0.0227,0.01065,0.0,0.778,0.01544,0.02563
21,2108,2108005,Вільховецька сільська громада,2025,year,12,0.09334,0.03989,0.06556,0.05905,0.00651,0.0,0.57141,0.01109,0.01384
21,2108,2108007,Дубівська селищна громада,2021,year,12,0.06195,0.01113,0.0077,0.00144,0.00627,0.0,0.86259,0.03476,0.00166
21,2108,2108007,Дубівська селищна громада,2025,year,12,0.09748,0.00815,0.00488,0.00127,0.00362,0.0,0.72859,0.02069,0.01318
21,2108,2108009,Нересницька сільська громада,2021,year,12,0.08308,0.00313,0.01642,0.0,0.01642,0.0,0.85742,0.0238,0.00961
21,2108,2108009,Нересницька сільська громада,2025,year,12,0.10133,0.00481,0.0164,0.0,0.0164,0.0,0.80649,0.02322,0.05681
21,2108,2108011,Солотвинська селищна громада,2021,year,12,0.13658,0.06912,0.01567,0.00841,0.00725,0.0,0.6894,0.02989,0.00087
21,2108,2108011,Солотвинська селищна громада,2025,year,12,0.14185,0.03411,0.028,0.01565,0.01235,0.0,0.6688,0.03009,0.01378
21,2108,2108013,Тересвянська селищна громада,2021,year,12,0.10519,0.02638,0.01062,0.00245,0.00817,0.0,0.72254,0.03567,0.03345
21,2108,2108013,Тересвянська селищна громада,2025,year,12,0.12334,0.01544,0.02001,0.00764,0.01237,0.0,0.70628,0.03888,0.05695
21,2108,2108015,Тячівська міська громада,2021,year,12,0.07369,0.07282,0.05117,0.02895,0.02222,0.0,0.57699,0.02401,0.0126
21,2108,2108015,Тячівська міська громада,2025,year,12,0.12776,0.06,0.05486,0.03268,0.02218,0.0,0.5385,0.01989,0.02636
21,2108,2108017,Углянська сільська громада,2021,year,12,0.15282,0.00591,0.00929,0.00029,0.009,0.0,0.78731,0.02368,0.00399
21,2108,2108017,Углянська сільська громада,2025,year,12,0.15949,0.00293,0.00851,0.0,0.00851,0.0,0.75137,0.02061,0.00307
21,2108,2108019,Усть-Чорнянська селищна громада,2021,year,12,0.10191,0.00249,0.00535,0.00115,0.00421,0.0,0.79757,0.0,0.02667
21,2108,2108019,Усть-Чорнянська селищна громада,2025,year,12,0.1301,0.00477,0.00594,0.0,0.00594,0.0,0.81511,0.0,0.03598
21,2110,2110001,Баранинська сільська громада,2021,year,12,0.2508,0.0305,0.02036,0.00456,0.0158,0.0,0.58496,0.00932,0.01236
21,2110,2110001,Баранинська сільська громада,2025,year,12,0.16744,0.06343,0.01093,0.00021,0.01071,0.0,0.49077,0.00538,0.02158
21,2110,2110003,Великоберезнянська селищна громада,2021,year,12,0.11423,0.04615,0.05353,0.02254,0.03099,0.0,0.69958,0.06344,0.02579
21,2110,2110003,Великоберезнянська селищна громада,2025,year,12,0.19734,0.08066,0.04238,0.01454,0.02783,0.0,0.55716,0.04828,0.0325
21,2110,2110005,Великодобронська сільська громада,2021,year,12,0.19036,0.02553,0.01418,0.001,0.01318,0.0,0.71563,0.00852,0.03607
21,2110,2110005,Великодобронська сільська громада,2025,year,12,0.29901,0.01546,0.01362,0.0,0.01362,0.0,0.5997,0.0169,0.06431
21,2110,2110007,Дубриницько-Малоберезнянська сільська громада,2021,year,12,0.2412,0.01828,0.02573,0.0,0.02573,0.0,0.55033,0.0,0.00297
21,2110,2110007,Дубриницько-Малоберезнянська сільська громада,2025,year,12,0.37906,0.00996,0.01933,0.0,0.01933,0.0,0.55685,0.0,0.01337
21,2110,2110009,Костринська сільська громада,2021,year,12,0.16302,0.01632,0.01277,0.0,0.01277,0.0,0.73546,0.0,0.05519
21,2110,2110009,Костринська сільська громада,2025,year,12,0.25698,0.01555,0.02172,0.00024,0.02148,0.0,0.5958,0.0,0.09505
21,2110,2110011,Оноківська сільська громада,2021,year,12,0.35519,0.06906,0.03703,0.0042,0.03284,0.0,0.38603,0.0,0.05495
21,2110,2110011,Оноківська сільська громада,2025,year,12,0.19533,0.10989,0.10182,0.03242,0.0694,0.0,0.31966,0.0,0.11201
21,2110,2110013,Перечинська міська громада,2021,year,12,0.16949,0.06954,0.04725,0.01783,0.02933,9e-05,0.62957,0.04239,0.01861
21,2110,2110013,Перечинська міська громада,2025,year,12,0.15509,0.04166,0.09415,0.07579,0.01837,0.0,0.52011,0.02797,0.02714
21,2110,2110015,Середнянська селищна громада,2021,year,12,0.14223,0.00984,0.01601,0.00189,0.01411,0.0,0.63829,0.02848,0.00025
21,2110,2110015,Середнянська селищна громада,2025,year,12,0.1632,0.02481,0.04282,0.02803,0.01479,0.0,0.7245,0.03414,0.01162
21,2110,2110017,Ставненська сільська громада,2021,year,12,0.16054,0.0042,0.04909,0.0,0.04909,0.0,0.68841,0.0,0.02039
21,2110,2110017,Ставненська сільська громада,2025,year,12,0.23865,0.03225,0.03165,0.0,0.03165,0.0,0.59855,0.0,0.04278
21,2110,2110019,Сюртівська сільська громада,2021,year,12,0.27568,0.03989,0.02943,0.0,0.02943,0.0,0.57986,0.0,0.0019
21,2110,2110019,Сюртівська сільська громада,2025,year,12,0.40028,0.02266,0.02343,0.0,0.02343,0.0,0.51734,0.01003,0.00953
21,2110,2110021,Тур'є-Реметівська сільська громада,2021,year,12,0.09562,0.00697,0.02221,0.0001,0.02211,0.0,0.77963,0.01454,0.03186
21,2110,2110021,Тур'є-Реметівська сільська громада,2025,year,12,0.13787,0.00701,0.0246,0.0,0.0246,0.0,0.74638,0.01488,0.0376
21,2110,2110023,Ужгородська міська громада,2021,year,12,0.11622,0.05148,0.01912,0.01151,0.00761,0.0,0.59107,0.03138,0.03602
21,2110,2110023,Ужгородська міська громада,2025,year,12,0.13943,0.08492,0.03286,0.02493,0.00793,0.0,0.55586,0.02751,0.07738
21,2110,2110025,Холмківська сільська громада,2021,year,12,0.16293,0.09433,0.05225,0.0391,0.01315,0.0,0.43396,0.02654,0.01499
21,2110,2110025,Холмківська сільська громада,2025,year,12,0.17048,0.12043,0.1001,0.0851,0.015,0.0,0.37054,0.02185,0.05132
21,2110,2110027,Чопська міська громада,2021,year,12,0.1917,0.0478,0.03466,0.00827,0.02639,0.0,0.57726,0.03575,0.01014
21,2110,2110027,Чопська міська громада,2025,year,12,0.28267,0.07472,0.0254,0.00479,0.02061,0.0,0.49859,0.0345,0.03592
21,2112,2112001,Білківська сільська громада,2021,year,12,0.08204,0.00922,0.00992,0.00085,0.00908,0.0,0.86495,0.04024,0.00158
21,2112,2112001,Білківська сільська громада,2025,year,12,0.09673,0.0388,0.00824,0.0,0.00824,0.0,0.81165,0.03522,0.01373
21,2112,2112003,Вишківська селищна громада,2021,year,12,0.12162,0.01799,0.01126,0.00163,0.00963,0.0,0.72538,0.06237,0.00222
21,2112,2112003,Вишківська селищна громада,2025,year,12,0.17631,0.0204,0.01641,0.01072,0.00568,0.0,0.72503,0.05773,0.02229
21,2112,2112005,Горінчівська сільська громада,2021,year,12,0.07392,0.00739,0.01409,0.0,0.01409,0.0,0.88264,0.00837,0.01369
21,2112,2112005,Горінчівська сільська громада,2025,year,12,0.09085,0.01571,0.01221,0.0,0.01221,0.0,0.82218,0.01397,0.04481
21,2112,2112007,Довжанська сільська громада,2021,year,12,0.10661,0.02708,0.01477,0.00286,0.01192,0.0,0.81418,0.04776,0.00767
21,2112,2112007,Довжанська сільська громада,2025,year,12,0.12564,0.03057,0.01353,0.0,0.01353,0.0,0.76319,0.0313,0.03475
21,2112,2112009,Драгівська сільська громада,2021,year,12,0.10157,0.00791,0.01968,0.00248,0.0172,0.0,0.80195,0.02952,0.00094
21,2112,2112009,Драгівська сільська громада,2025,year,12,0.14429,0.02132,0.01787,0.0,0.01787,0.0,0.77567,0.02022,0.02005
21,2112,2112011,Зарічанська сільська громада,2021,year,12,0.16437,0.03914,0.01096,0.0056,0.00536,0.0,0.70408,0.00259,0.01419
21,2112,2112011,Зарічанська сільська громада,2025,year,12,0.19116,0.03361,0.00969,0.00236,0.00732,0.0,0.66339,0.00895,0.03563
21,2112,2112013,Іршавська міська громада,2021,year,12,0.06848,0.02146,0.02577,0.00999,0.01578,0.0,0.79632,0.05431,0.00111
21,2112,2112013,Іршавська міська громада,2025,year,12,0.0943,0.06186,0.02918,0.0112,0.01798,0.0,0.72758,0.03891,0.01771
21,2112,2112015,Керецьківська сільська громада,2021,year,12,0.08502,0.01068,0.0113,0.00058,0.01072,0.0,0.82815,0.04884,0.00678
21,2112,2112015,Керецьківська сільська громада,2025,year,12,0.09372,0.01613,0.01288,0.0011,0.01178,0.0,0.79678,0.04463,0.02498
21,2112,2112017,Колочавська сільська громада,2021,year,12,0.12231,0.0101,0.00779,0.0,0.00779,0.0,0.76219,0.00032,0.00379
21,2112,2112017,Колочавська сільська громада,2025,year,12,0.16483,0.0119,0.02137,0.00075,0.02062,0.0,0.74853,0.003,0.02795
21,2112,2112019,Міжгірська селищна громада,2021,year,12,0.10905,0.03061,0.03412,0.01657,0.01729,0.00026,0.7179,0.02599,0.04457
21,2112,2112019,Міжгірська селищна громада,2025,year,12,0.12436,0.03921,0.01182,0.00688,0.00494,0.0,0.72875,0.01838,0.04669
21,2112,2112021,Пилипецька сільська громада,2021,year,12,0.14457,0.00827,0.00794,0.0,0.00794,0.0,0.68306,0.01314,0.00885
21,2112,2112021,Пилипецька сільська громада,2025,year,12,0.2031,0.0185,0.02783,0.01502,0.01281,0.0,0.67862,0.02618,0.03284
21,2112,2112023,Синевирська сільська громада,2021,year,12,0.12515,0.00472,0.01997,0.0,0.01997,0.0,0.80673,0.01061,0.00137
21,2112,2112023,Синевирська сільська громада,2025,year,12,0.17806,0.02026,0.01586,0.00657,0.00929,0.0,0.73388,0.01651,0.02717
21,2112,2112025,Хустська міська громада,2021,year,12,0.07778,0.03365,0.03238,0.01591,0.01647,0.0,0.65614,0.03967,0.02607
21,2112,2112025,Хустська міська громада,2025,year,12,0.09923,0.04818,0.03439,0.01465,0.01974,0.0,0.70163,0.03038,0.0458
23,2306,2306001,Біленьківська сільська громада,2021,year,12,0.16017,0.01862,0.04507,0.0,0.04507,0.0,0.66566,0.01722,0.01636
23,2306,2306001,Біленьківська сільська громада,2025,year,12,0.25712,0.05954,0.03074,0.0,0.03074,0.0,0.49225,0.0061,0.04864
23,2306,2306003,Вільнянська міська громада,2021,year,12,0.08795,0.04189,0.06446,0.01759,0.04687,0.0,0.67705,0.0429,0.03145
23,2306,2306003,Вільнянська міська громада,2025,year,12,0.08021,0.04382,0.03858,0.01713,0.02145,0.0,0.64323,0.02338,0.14575
23,2306,2306005,Долинська сільська громада,2021,year,12,0.21194,0.01356,0.11144,0.00092,0.11052,0.0,0.49102,0.0,0.03345
23,2306,2306005,Долинська сільська громада,2025,year,12,0.16781,0.04112,0.04817,0.0,0.04817,0.0,0.61025,0.0,0.03495
23,2306,2306007,Запорізька міська громада,2021,year,12,0.09123,0.14857,0.0359,0.01926,0.01426,0.00239,0.41456,0.03343,0.02412
23,2306,2306007,Запорізька міська громада,2025,year,12,0.08491,0.19859,0.03733,0.01945,0.01553,0.00236,0.41587,0.02807,0.04674
23,2306,2306009,Комишуваська селищна громада,2021,year,12,0.12252,0.05923,0.0395,0.00022,0.03928,0.0,0.65108,0.04628,0.00433
23,2306,2306009,Комишуваська селищна громада,2025,year,12,0.17841,0.06511,0.00916,0.0,0.00916,0.0,0.66586,0.01105,0.03772
23,2306,2306011,Кушугумська селищна громада,2021,year,12,0.14779,0.10516,0.01231,0.0,0.01231,0.0,0.64853,0.0,0.01838
23,2306,2306011,Кушугумська селищна громада,2025,year,12,0.17605,0.01807,0.01599,0.0006,0.0154,0.0,0.67429,0.0,0.03363
23,2306,2306013,Матвіївська сільська громада,2021,year,12,0.2046,0.04978,0.02812,0.00034,0.02778,0.0,0.68455,0.01282,0.01588
23,2306,2306013,Матвіївська сільська громада,2025,year,12,0.20063,0.13293,0.0366,0.0,0.0366,0.0,0.54235,0.01265,0.04131
23,2306,2306015,Михайлівська сільська громада,2021,latest,12,0.1851,0.09932,0.05974,0.00165,0.0581,0.0,0.57796,0.0306,0.01592
23,2306,2306015,Михайлівська сільська громада,2025,year,12,0.12261,0.35521,0.01897,0.00152,0.01746,0.0,0.41113,0.0116,0.06268
23,2306,2306017,Михайло-Лукашівська сільська громада,2021,year,12,0.22955,0.04875,0.0496,0.00045,0.04915,0.0,0.62534,0.0,0.03355
23,2306,2306017,Михайло-Лукашівська сільська громада,2025,year,12,0.13035,0.13486,0.02209,0.00052,0.02157,0.0,0.63902,0.0,0.04051
23,2306,2306019,Новомиколаївська селищна громада,2021,year,12,0.10417,0.04235,0.07103,0.02122,0.04981,0.0,0.65571,0.04178,0.02292
23,2306,2306019,Новомиколаївська селищна громада,2025,year,12,0.19261,0.20192,0.04286,0.0,0.04286,0.0,0.44816,0.02782,0.04135
23,2306,2306021,Новоолександрівська сільська громада,2021,year,12,0.12057,0.01766,0.03028,0.0,0.03028,0.0,0.43468,0.0,0.00464
23,2306,2306021,Новоолександрівська сільська громада,2025,year,12,0.21984,0.1009,0.03365,0.0,0.03365,0.0,0.45294,0.0,0.06682
23,2306,2306023,Павлівська сільська громада,2021,year,12,0.20592,0.04401,0.06314,0.00028,0.06287,0.0,0.63585,0.0,0.04357
23,2306,2306023,Павлівська сільська громада,2025,year,12,0.08856,0.10888,0.02271,0.0,0.02271,0.0,0.7472,0.0,0.02675
23,2306,2306025,Петро-Михайлівська сільська громада,2021,year,12,0.12644,0.25709,0.02126,0.0,0.02126,0.0,0.55866,0.0,0.03138
23,2306,2306025,Петро-Михайлівська сільська громада,2025,year,12,0.13196,0.11321,0.02695,0.0,0.02695,0.0,0.46372,0.0,0.18566
23,2306,2306027,Степненська сільська громада,2021,year,12,0.25153,0.10997,0.02256,0.0,0.02256,0.0,0.57163,0.0,0.00657
23,2306,2306027,Степненська сільська громада,2025,year,12,0.29576,0.12745,0.00692,0.0,0.00692,0.0,0.45827,0.0,0.04046
23,2306,2306029,Таврійська сільська громада,2021,year,12,0.17135,0.01329,0.07566,0.0,0.07566,0.0,0.62176,0.0,0.11299
23,2306,2306029,Таврійська сільська громада,2025,year,12,0.31862,0.1893,0.02542,0.0,0.02542,0.0,0.28309,0.0,0.16425
23,2306,2306033,Широківська сільська громада,2021,year,12,0.12561,0.23311,0.04341,0.0,0.04341,0.0,0.34732,0.0,0.04632
23,2306,2306033,Широківська сільська громада,2025,year,12,0.2386,0.2592,0.03133,0.0,0.03018,0.00115,0.31673,0.0,0.05582
23,2310,2310013,Малотокмачанська сільська громада,2021,year,12,0.24088,0.05925,0.04408,0.0,0.04408,0.0,0.62558,0.0,0.0092
23,2310,2310013,Малотокмачанська сільська громада,2025,year,12,0.40179,0.0,0.00061,0.0,0.00061,0.0,0.16485,0.0,0.09667
23,2310,2310017,Оріхівська міська територіальна громада,2021,year,12,0.12002,0.07431,0.06522,0.01634,0.04888,0.0,0.63564,0.04046,0.02252
23,2310,2310017,Оріхівська міська територіальна громада,2025,year,12,0.27784,0.18382,0.02152,0.01251,0.00901,0.0,0.42171,0.0,0.07702
23,2310,2310021,Преображенська сільська громада,2021,year,12,0.25523,0.05323,0.03903,0.0,0.03903,0.0,0.57278,0.0,0.03713
23,2310,2310021,Преображенська сільська громада,2025,year,12,0.47811,0.10532,0.00698,0.0,0.00698,0.0,0.24656,0.0,0.12115
26,2602,2602001,Білоберізька сільська громада,2021,year,12,0.08225,0.00699,0.02596,3e-05,0.02593,0.0,0.79414,0.0,0.00187
26,2602,2602001,Білоберізька сільська громада,2025,year,12,0.103,0.0007,0.02374,0.00293,0.02081,0.0,0.84032,0.0,0.02265
26,2602,2602003,Верховинська селищна громада,2021,year,12,0.06068,0.01019,0.03858,0.0067,0.02744,0.00444,0.78976,0.02473,0.04957
26,2602,2602003,Верховинська селищна громада,2022,year,12,0.08845,0.00808,0.03868,0.00757,0.02503,0.00608,0.79792,0.01596,0.03024
26,2602,2602003,Верховинська селищна громада,2023,year,12,0.07407,0.01212,0.03315,0.00686,0.02106,0.00522,0.73896,0.01494,0.03903
26,2602,2602003,Верховинська селищна громада,2024,year,12,0.07526,0.00763,0.03604,0.00757,0.02333,0.00514,0.8113,0.01579,0.03954
26,2602,2602003,Верховинська селищна громада,2025,year,12,0.07178,0.00839,0.03611,0.00686,0.02416,0.00509,0.80106,0.01385,0.04884
26,2602,2602003,Верховинська селищна громада,2026,2025,8,0.06257,0.00618,0.03358,0.00588,0.02229,0.0054,0.82923,0.01431,0.0445
26,2602,2602005,Зеленська сільська громада,2021,year,12,0.24357,0.0261,0.04261,0.0,0.04261,0.0,0.61669,0.0,0.00801
26,2602,2602005,Зеленська сільська громада,2025,year,12,0.27435,0.04504,0.04042,0.00183,0.03859,0.0,0.54605,0.0,0.03675
26,2604,2604001,Більшівцівська селищна громада,2021,year,12,0.13829,0.03001,0.04294,0.00066,0.04228,0.0,0.67914,0.03785,0.02401
26,2604,2604001,Більшівцівська селищна громада,2025,year,12,0.15166,0.03189,0.04346,0.00716,0.03631,0.0,0.59969,0.02789,0.11609
26,2604,2604003,Богородчанська селищна громада,2021,year,12,0.11268,0.029,0.04885,0.01186,0.03699,0.0,0.7073,0.04189,0.01632
26,2604,2604003,Богородчанська селищна громада,2025,year,12,0.11858,0.03332,0.04575,0.00812,0.03764,0.0,0.64955,0.03445,0.03794
26,2604,2604005,Букачівська селищна громада,2021,year,12,0.19576,0.01619,0.04675,0.0,0.04675,0.0,0.58197,0.0,0.00671
26,2604,2604005,Букачівська селищна громада,2025,year,12,0.28455,0.04534,0.0357,0.0,0.0357,0.0,0.51283,0.0,0.05266
26,2604,2604007,Бурштинська міська громада,2021,year,12,0.1299,0.08493,0.03129,0.00364,0.0261,0.00155,0.49334,0.03182,0.01765
26,2604,2604007,Бурштинська міська громада,2025,year,12,0.15632,0.12001,0.06987,0.02994,0.03993,0.0,0.46266,0.02451,0.08042
26,2604,2604009,Галицька міська громада,2021,year,12,0.12037,0.04992,0.05062,0.0173,0.03309,0.00023,0.59528,0.03467,0.05503
26,2604,2604009,Галицька міська громада,2025,year,12,0.14722,0.0536,0.04933,0.01257,0.03675,0.0,0.58258,0.02273,0.1021
26,2604,2604011,Дзвиняцька сільська громада,2021,year,12,0.15105,0.03498,0.04638,0.00053,0.04585,0.0,0.71981,0.0,0.00445
26,2604,2604011,Дзвиняцька сільська громада,2025,year,12,0.20088,0.0136,0.03138,0.0,0.03138,0.0,0.69478,0.0,0.01492
26,2604,2604013,Дубівці,2021,year,12,0.25912,0.02188,0.062,0.00296,0.05904,0.0,0.5053,0.0,0.0231
26,2604,2604013,Дубівці,2025,year,12,0.22735,0.08381,0.04346,0.00118,0.04228,0.0,0.49403,0.04248,0.07773
26,2604,2604015,Єзупільська селищна громада,2021,year,12,0.20225,0.02388,0.03497,0.0038,0.03117,0.0,0.61145,0.04514,0.00654
26,2604,2604015,Єзупільська селищна громада,2025,year,12,0.41171,0.02851,0.02612,0.00328,0.02284,0.0,0.49358,0.03422,0.01459
26,2604,2604017,Загвіздянська сільська громада,2021,year,12,0.11038,0.09848,0.05303,0.00906,0.04397,0.0,0.67754,0.0,0.00815
26,2604,2604017,Загвіздянська сільська громада,2025,year,12,0.12855,0.04955,0.04427,0.00816,0.03611,0.0,0.65993,0.0,0.02689
26,2604,2604019,Івано-Франківська міська громада,2021,year,12,0.08914,0.11644,0.04471,0.02358,0.01566,0.00548,0.45419,0.02963,0.04453
26,2604,2604019,Івано-Франківська міська громада,2025,year,12,0.12726,0.12989,0.04663,0.02633,0.01535,0.00495,0.47484,0.02961,0.12031
26,2604,2604021,Лисецька селищна громада,2021,year,12,0.16214,0.03612,0.02884,0.00384,0.025,0.0,0.56862,0.02887,0.01025
26,2604,2604021,Лисецька селищна громада,2025,year,12,0.31283,0.03435,0.0179,0.00257,0.01533,0.0,0.49915,0.02794,0.04961
26,2604,2604023,Обертинська селищна громада,2021,year,12,0.1231,0.02073,0.02111,0.0,0.02111,0.0,0.77493,0.04015,0.02483
26,2604,2604023,Обертинська селищна громада,2025,year,12,0.20285,0.06125,0.02341,0.0,0.02341,0.0,0.6264,0.03296,0.06832
26,2604,2604025,Олешанська сільська громада,2021,year,12,0.1124,0.009,0.03604,0.00147,0.03457,0.0,0.72741,0.0,0.05067
26,2604,2604025,Олешанська сільська громада,2025,year,12,0.15225,0.01712,0.0347,0.00164,0.03306,0.0,0.68604,0.0,0.07823
26,2604,2604027,Рогатинська міська громада,2021,year,12,0.13867,0.07523,0.07801,0.02155,0.05646,0.0,0.61654,0.03527,0.03908
26,2604,2604027,Рогатинська міська громада,2025,year,12,0.15852,0.06887,0.06994,0.01691,0.05303,0.0,0.59362,0.0363,0.07586
26,2604,2604029,Солотвинська селищна громада,2021,year,12,0.09232,0.0078,0.03367,0.00218,0.03148,0.0,0.79662,0.03456,0.00317
26,2604,2604029,Солотвинська селищна громада,2025,year,12,0.12698,0.01091,0.03056,0.00733,0.02322,0.0,0.7672,0.0308,0.04067
26,2604,2604031,Старобогородчанська сільська громада,2021,year,12,0.17824,0.02488,0.04314,0.00356,0.03958,0.0,0.68772,0.0,0.00509
26,2604,2604031,Старобогородчанська сільська громада,2025,year,12,0.19904,0.08779,0.03581,0.00265,0.03316,0.0,0.61241,0.0,0.02765
26,2604,2604033,Тисменицька міська громада,2021,year,12,0.18214,0.03289,0.0498,0.01411,0.03569,0.0,0.67516,0.03074,0.00757
26,2604,2604033,Тисменицька міська громада,2025,year,12,0.20123,0.04186,0.03605,0.01068,0.02538,0.0,0.67489,0.01506,0.01389
26,2604,2604035,Тлумацька міська громада,2021,year,12,0.10026,0.04042,0.06042,0.02239,0.03804,0.0,0.65381,0.03062,0.02162
26,2604,2604035,Тлумацька міська громада,2025,year,12,0.16243,0.06111,0.06119,0.0259,0.03529,0.0,0.62763,0.03319,0.04718
26,2604,2604037,Угринівська сільська громада,2021,year,12,0.22443,0.06809,0.06095,0.02494,0.036,0.0,0.48209,0.0071,0.02168
26,2604,2604037,Угринівська сільська громада,2025,year,12,0.22558,0.05308,0.03902,0.01427,0.02475,0.0,0.46772,0.03352,0.10866
26,2604,2604039,Ямницька сільська громада,2021,year,12,0.12386,0.09745,0.04113,0.00784,0.03329,0.0,0.32154,0.01568,0.01003
26,2604,2604039,Ямницька сільська громада,2025,year,12,0.10161,0.17608,0.02999,0.00927,0.02072,0.0,0.29619,0.0107,0.05128
26,2606,2606001,Болехівська міська громада,2021,year,12,0.14038,0.04305,0.04759,0.01426,0.03334,0.0,0.7003,0.04053,0.01859
26,2606,2606001,Болехівська міська громада,2025,year,12,0.16835,0.06581,0.04382,0.01501,0.02881,0.0,0.64495,0.0301,0.06138
26,2606,2606003,Брошнів-Осадська селищна громада,2021,year,12,0.18001,0.05469,0.07007,0.01493,0.05514,0.0,0.61689,0.05487,0.01694
26,2606,2606003,Брошнів-Осадська селищна громада,2025,year,12,0.19711,0.05859,0.04695,0.01015,0.03681,0.0,0.57729,0.04317,0.05781
26,2606,2606005,Верхнянська сільська громада,2021,year,12,0.14269,0.02426,0.05726,0.00384,0.05341,0.0,0.7032,0.01909,0.01449
26,2606,2606005,Верхнянська сільська громада,2025,year,12,0.15074,0.02027,0.03613,0.00165,0.03448,0.0,0.64576,0.02224,0.10837
26,2606,2606007,Вигодська селищна громада,2021,year,12,0.11689,0.04558,0.05782,0.00857,0.04925,0.0,0.69716,0.02997,0.01021
26,2606,2606007,Вигодська селищна громада,2025,year,12,0.13879,0.04238,0.05371,0.00815,0.04556,0.0,0.6747,0.02695,0.03558
26,2606,2606009,Витвицька сільська громада,2021,year,12,0.12198,0.00284,0.05079,0.0,0.05079,0.0,0.74059,0.0,0.01395
26,2606,2606009,Витвицька сільська громада,2025,year,12,0.14497,0.03058,0.04421,0.0,0.04421,0.0,0.75264,0.0,0.0204
26,2606,2606011,Войнилівська селищна громада,2021,year,12,0.12134,0.01546,0.0489,0.00047,0.04844,0.0,0.75222,0.06256,0.01875
26,2606,2606011,Войнилівська селищна громада,2025,year,12,0.13622,0.01708,0.02958,0.00152,0.02806,0.0,0.6871,0.04919,0.0882
26,2606,2606013,Долинська міська громада,2021,year,12,0.12777,0.08132,0.07606,0.03075,0.0453,0.0,0.63612,0.0437,0.02045
26,2606,2606013,Долинська міська громада,2025,year,12,0.13326,0.099,0.06973,0.03137,0.03836,0.0,0.55555,0.03008,0.05652
26,2606,2606015,Дубівська сільська громада,2021,year,12,0.1548,0.01192,0.04069,0.00023,0.04045,0.0,0.74883,0.0,0.00282
26,2606,2606015,Дубівська сільська громада,2025,year,12,0.16755,0.01139,0.04505,0.00021,0.04485,0.0,0.67263,0.0,0.01027
26,2606,2606017,Калуська міська громада,2021,year,12,0.11664,0.20367,0.05823,0.02409,0.03151,0.00263,0.47923,0.04974,0.0346
26,2606,2606017,Калуська міська громада,2025,year,12,0.14393,0.11251,0.06716,0.02869,0.03847,0.0,0.49696,0.04821,0.0758
26,2606,2606019,Новицька сільська громада,2021,year,12,0.13181,0.01452,0.04481,0.00027,0.04454,0.0,0.76659,0.03772,0.01191
26,2606,2606019,Новицька сільська громада,2025,year,12,0.19601,0.01649,0.05863,0.00012,0.05851,0.0,0.68469,0.03475,0.03027
26,2606,2606021,Перегінська селищна громада,2021,year,12,0.08963,0.0391,0.03712,0.00994,0.02719,0.0,0.71827,0.0269,0.01621
26,2606,2606021,Перегінська селищна громада,2025,year,12,0.10029,0.02432,0.03297,0.01211,0.02085,0.0,0.74186,0.02424,0.0572
26,2606,2606023,Рожнятівська селищна громада,2021,year,12,0.09784,0.0226,0.06539,0.01558,0.04981,0.0,0.71253,0.04143,0.01516
26,2606,2606023,Рожнятівська селищна громада,2025,year,12,0.13434,0.02753,0.06757,0.01493,0.05264,0.0,0.6871,0.0435,0.02406
26,2606,2606025,Спаська сільська громада,2021,year,12,0.15875,0.01931,0.03902,0.00036,0.03866,0.0,0.739,0.0,0.00673
26,2606,2606025,Спаська сільська громада,2025,year,12,0.20387,0.01167,0.02826,0.0,0.02826,0.0,0.67668,0.0,0.01711
26,2608,2608001,Гвіздецька селищна громада,2021,year,12,0.11105,0.13617,0.02025,0.00022,0.02003,0.0,0.71034,0.04585,0.00157
26,2608,2608001,Гвіздецька селищна громада,2025,year,12,0.17722,0.02816,0.01734,0.0,0.01734,0.0,0.6999,0.07374,0.01633
26,2608,2608003,Городенківська міська громада,2021,year,12,0.10579,0.03959,0.0725,0.01599,0.05652,0.0,0.67723,0.03019,0.01599
26,2608,2608003,Городенківська міська громада,2025,year,12,0.12232,0.06893,0.0789,0.02422,0.05468,0.0,0.62989,0.03028,0.05339
26,2608,2608005,Заболотівська селищна громада,2021,year,12,0.1178,0.04298,0.0465,0.00464,0.04172,0.00013,0.66901,0.02947,0.01287
26,2608,2608005,Заболотівська селищна громада,2025,year,12,0.12902,0.05969,0.05252,0.00445,0.04646,0.00161,0.67862,0.02698,0.03574
26,2608,2608007,Коломийська міська територіальна громада,2021,year,12,0.11927,0.14281,0.05064,0.0225,0.02814,0.0,0.56608,0.04898,0.03111
26,2608,2608007,Коломийська міська територіальна громада,2025,year,12,0.08497,0.17076,0.04539,0.0181,0.02728,0.0,0.56844,0.03481,0.05573
26,2608,2608009,Коршівська сільська громада,2021,year,12,0.15471,0.03777,0.03594,0.0018,0.03414,0.0,0.69584,0.03131,0.0115
26,2608,2608009,Коршівська сільська громада,2025,year,12,0.18049,0.0247,0.02504,0.00107,0.02397,0.0,0.71449,0.02834,0.02637
26,2608,2608011,Матеївецька сільська громада,2021,year,12,0.11133,0.02636,0.03691,0.00015,0.03675,0.0,0.69811,0.03018,0.00969
26,2608,2608011,Матеївецька сільська громада,2025,year,12,0.15966,0.02946,0.0324,0.00137,0.03103,0.0,0.68661,0.02659,0.03908
26,2608,2608013,Нижньовербізька сільська громада,2021,year,12,0.13728,0.04007,0.02746,0.00073,0.02672,0.0,0.70308,0.02766,0.0149
26,2608,2608013,Нижньовербізька сільська громада,2025,year,12,0.12974,0.01709,0.01745,0.0,0.01745,0.0,0.62222,0.03553,0.08794
26,2608,2608015,Отинійська селищна громада,2021,year,12,0.08213,0.02315,0.03498,0.00341,0.03157,0.0,0.79063,0.03843,0.02726
26,2608,2608015,Отинійська селищна громада,2025,year,12,0.10096,0.00779,0.02886,0.00088,0.02798,0.0,0.78105,0.03657,0.04311
26,2608,2608017,Печеніжинська селищна громада,2021,year,12,0.10351,0.02958,0.03894,0.0056,0.03334,0.0,0.71804,0.0227,0.01399
26,2608,2608017,Печеніжинська селищна громада,2025,year,12,0.13805,0.00666,0.03669,0.00571,0.03098,0.0,0.75345,0.03072,0.01543
26,2608,2608019,Підгайчиківська сільська громада,2021,year,12,0.14665,0.00643,0.02319,0.0006,0.02259,0.0,0.80243,0.0,0.00292
26,2608,2608019,Підгайчиківська сільська громада,2025,year,12,0.18606,0.03663,0.02234,0.00055,0.02179,0.0,0.71183,0.0,0.00787
26,2608,2608021,П'ядицька сільська громада,2021,year,12,0.1408,0.01086,0.05589,0.01428,0.0416,0.0,0.73086,0.02201,0.01272
26,2608,2608021,П'ядицька сільська громада,2025,year,12,0.13187,0.01,0.05308,0.01995,0.03313,0.0,0.74246,0.02007,0.03866
26,2608,2608023,Снятинська міська громада,2021,year,12,0.09283,0.0771,0.06359,0.02408,0.03788,0.00163,0.65779,0.02922,0.0303
26,2608,2608023,Снятинська міська громада,2025,year,12,0.09443,0.06109,0.06217,0.02378,0.037,0.00139,0.6741,0.02807,0.06976
26,2608,2608025,Чернелицька селищна громада,2021,year,12,0.18042,0.03226,0.02867,0.00165,0.02702,0.0,0.6293,0.0,0.00708
26,2608,2608025,Чернелицька селищна громада,2025,year,12,0.19703,0.09677,0.04774,0.0,0.04774,0.0,0.60845,0.0,0.02235
26,2610,2610001,Косівська міська громада,2021,year,12,0.08788,0.05403,0.04734,0.01895,0.02837,2e-05,0.71318,0.03713,0.01381
26,2610,2610001,Косівська міська громада,2025,year,12,0.09962,0.05923,0.03585,0.01255,0.0233,0.0,0.67723,0.03515,0.04428
26,2610,2610003,Космацька сільська громада,2021,year,12,0.10035,0.01105,0.02152,0.00018,0.02134,0.0,0.76961,0.02825,0.00682
26,2610,2610003,Космацька сільська громада,2025,year,12,0.14542,0.01136,0.02032,0.00052,0.0198,0.0,0.78863,0.03355,0.00763
26,2610,2610005,Кутська селищна громада,2021,year,12,0.11704,0.01955,0.01816,0.00316,0.015,0.0,0.74974,0.03145,0.00343
26,2610,2610005,Кутська селищна громада,2025,year,12,0.14534,0.01891,0.01991,0.01113,0.00878,0.0,0.72942,0.03746,0.04801
26,2610,2610007,Рожнівська сільська громада,2021,year,12,0.0886,0.01867,0.02859,0.005,0.02327,0.00032,0.77279,0.01869,0.00369
26,2610,2610007,Рожнівська сільська громада,2025,year,12,0.10357,0.09209,0.02642,0.00454,0.02188,0.0,0.6505,0.01475,0.11075
26,2610,2610009,Яблунівська селищна громада,2021,year,12,0.09419,0.01028,0.04093,0.01088,0.03005,0.0,0.77593,0.03286,0.02873
26,2610,2610009,Яблунівська селищна громада,2025,year,12,0.10436,0.01347,0.03276,0.00453,0.02823,0.0,0.74018,0.0312,0.06934
26,2612,2612001,Ворохтянська селищна громада,2021,year,12,0.20985,0.11899,0.07564,0.01561,0.06004,0.0,0.53238,0.0,0.02125
26,2612,2612001,Ворохтянська селищна громада,2025,year,12,0.15009,0.08898,0.06152,0.01982,0.04171,0.0,0.5758,0.0,0.07162
26,2612,2612003,Делятинська селищна громада,2021,year,12,0.09236,0.02101,0.02661,0.00317,0.02344,0.0,0.75923,0.02463,0.0067
26,2612,2612003,Делятинська селищна громада,2025,year,12,0.10523,0.03161,0.02145,0.00656,0.01489,0.0,0.78548,0.01867,0.03302
26,2612,2612005,Ланчинська селищна територіальна громада,2021,year,12,0.1612,0.02594,0.04025,0.00043,0.03982,0.0,0.71371,0.05095,0.00896
26,2612,2612005,Ланчинська селищна територіальна громада,2025,year,12,0.14503,0.02064,0.03003,0.00175,0.02828,0.0,0.74074,0.04738,0.02843
26,2612,2612007,Надвірнянська міська громада,2021,year,12,0.09392,0.05458,0.05556,0.0116,0.04235,0.00161,0.64746,0.05416,0.01094
26,2612,2612007,Надвірнянська міська громада,2025,year,12,0.12673,0.07167,0.04621,0.00913,0.03338,0.00369,0.66688,0.04491,0.02783
26,2612,2612009,Пасічнянська сільська громада,2021,year,12,0.12157,0.07512,0.02925,0.00452,0.02473,0.0,0.65733,0.0,0.01392
26,2612,2612009,Пасічнянська сільська громада,2025,year,12,0.15867,0.06139,0.03097,0.00577,0.0252,0.0,0.67059,0.02127,0.0352
26,2612,2612011,Переріслянська сільська громада,2021,year,12,0.14298,0.01734,0.04107,0.0,0.04107,0.0,0.74519,0.0,0.00191
26,2612,2612011,Переріслянська сільська громада,2025,year,12,0.15024,0.04658,0.02845,0.00094,0.0275,0.0,0.54763,0.0,0.01292
26,2612,2612013,Поляницька сільська громада,2021,year,12,0.11669,0.0352,0.61453,0.60155,0.01297,0.0,0.18002,0.0,0.00577
26,2612,2612013,Поляницька сільська громада,2025,year,12,0.20144,0.10083,0.08742,0.07074,0.01667,0.0,0.40564,0.01686,0.06583
26,2612,2612015,Яремчанська міська громада,2021,year,12,0.13243,0.09908,0.04545,0.01563,0.02981,0.0,0.5431,0.05093,0.01891
26,2612,2612015,Яремчанська міська громада,2025,year,12,0.15022,0.09668,0.04137,0.01843,0.02294,0.0,0.52335,0.03559,0.04481
32,3202,3202001,Білоцерківська міська громада,2021,year,12,0.06437,0.19618,0.05728,0.02622,0.03105,0.0,0.451,0.04717,0.04922
32,3202,3202001,Білоцерківська міська громада,2025,year,12,0.09434,0.07296,0.04731,0.03326,0.01404,0.0,0.46713,0.03948,0.08726
32,3202,3202003,Володарська селищна громада,2021,year,12,0.15507,0.05991,0.06427,0.01072,0.05354,0.0,0.6136,0.03801,0.07289
32,3202,3202003,Володарська селищна громада,2025,year,12,0.18889,0.06471,0.05451,0.01162,0.04289,0.0,0.5136,0.03748,0.11598
32,3202,3202005,Гребінківська селищна громада,2021,year,12,0.16471,0.05987,0.03049,0.0133,0.01719,0.0,0.65777,0.05438,0.01751
32,3202,3202005,Гребінківська селищна громада,2025,year,12,0.18871,0.11325,0.0308,0.012,0.0188,0.0,0.56306,0.04323,0.06806
32,3202,3202007,Ковалівська сільська громада,2021,year,12,0.19996,0.05312,0.0135,0.00151,0.01199,0.0,0.60744,0.02997,0.04584
32,3202,3202007,Ковалівська сільська громада,2025,year,12,0.141,0.1329,0.0124,0.0006,0.01181,0.0,0.48977,0.01527,0.102
32,3202,3202009,Маловільшанська сільська громада,2021,year,12,0.13576,0.08067,0.03576,0.0047,0.03107,0.0,0.64324,0.00189,0.01985
32,3202,3202009,Маловільшанська сільська громада,2025,year,12,0.1537,0.13931,0.04419,0.00867,0.03552,0.0,0.4972,0.0,0.05248
32,3202,3202011,Медвинська сільська громада,2021,year,12,0.21928,0.05508,0.0598,0.00133,0.05848,0.0,0.40389,0.01474,0.07473
32,3202,3202011,Медвинська сільська громада,2025,year,12,0.21687,0.07892,0.04324,0.00174,0.0415,0.0,0.36949,0.0116,0.22792
32,3202,3202013,Рокитнянська селищна громада,2021,year,12,0.1686,0.04915,0.07325,0.01752,0.05358,0.00215,0.59642,0.02175,0.04291
32,3202,3202013,Рокитнянська селищна громада,2025,year,12,0.13636,0.05862,0.05534,0.01623,0.03579,0.00333,0.60787,0.03073,0.09758
32,3202,3202015,Сквирська міська громада,2021,year,12,0.10177,0.04345,0.04709,0.01135,0.03539,0.00035,0.61462,0.03504,0.04042
32,3202,3202015,Сквирська міська громада,2025,year,12,0.12236,0.03262,0.04998,0.01964,0.03034,0.0,0.5612,0.02361,0.1031
32,3202,3202017,Ставищенська селищна громада,2021,year,12,0.13656,0.06451,0.04566,0.00569,0.03997,0.0,0.60389,0.0212,0.0481
32,3202,3202017,Ставищенська селищна громада,2025,year,12,0.1612,0.06804,0.04936,0.00574,0.04362,0.0,0.54174,0.01954,0.06229
32,3202,3202019,Таращанська міська громада,2021,year,12,0.15503,0.03822,0.05907,0.00893,0.05014,0.0,0.61486,0.03755,0.04156
32,3202,3202019,Таращанська міська громада,2025,year,12,0.14538,0.05993,0.06178,0.01073,0.05106,0.0,0.56789,0.03208,0.08395
32,3202,3202021,Тетіївська міська громада,2021,year,12,0.09423,0.13606,0.0476,0.00726,0.04034,0.0,0.60306,0.01981,0.04371
32,3202,3202021,Тетіївська міська громада,2025,year,12,0.10207,0.07347,0.04668,0.01014,0.03653,0.0,0.61974,0.02005,0.0973
32,3202,3202023,Узинська міська громада,2021,year,12,0.11428,0.09651,0.03678,0.00926,0.02752,0.0,0.68445,0.04554,0.02794
32,3202,3202023,Узинська міська громада,2025,year,12,0.10293,0.08946,0.04151,0.00657,0.03494,0.0,0.68484,0.02283,0.03036
32,3202,3202025,Фурсівська сільська громада,2021,year,12,0.16387,0.07539,0.04655,0.00011,0.04644,0.0,0.60111,0.00564,0.02737
32,3202,3202025,Фурсівська сільська громада,2025,year,12,0.15527,0.07882,0.05223,0.00055,0.05168,0.0,0.59772,0.0,0.05711
32,3204,3204001,Бориспільська міська громада,2021,year,12,0.13182,0.09085,0.0512,0.02569,0.02535,0.00016,0.46004,0.03573,0.03975
32,3204,3204001,Бориспільська міська громада,2025,year,12,0.12074,0.09204,0.04598,0.02298,0.02288,0.00012,0.52273,0.03507,0.10693
32,3204,3204003,Вороньківська сільська громада,2021,year,12,0.18188,0.01879,0.04765,0.00358,0.04408,0.0,0.60986,0.0,0.0032
32,3204,3204003,Вороньківська сільська громада,2025,year,12,0.18937,0.03289,0.04794,0.00127,0.04667,0.0,0.59245,0.02563,0.06455
32,3204,3204005,Гірська сільська громада,2021,year,12,0.18723,0.13784,0.03536,0.0031,0.03225,0.0,0.42222,0.00483,0.081
32,3204,3204005,Гірська сільська громада,2025,year,12,0.12745,0.07566,0.05912,0.00822,0.05089,0.0,0.40917,0.00795,0.15025
32,3204,3204007,Дівичківська сільська громада,2021,year,12,0.18093,0.06523,0.034,0.0,0.034,0.0,0.45806,0.0,0.01105
32,3204,3204007,Дівичківська сільська громада,2025,year,12,0.30904,0.08474,0.02751,0.00099,0.02652,0.0,0.44993,0.0,0.06626
32,3204,3204009,Золочівська сільська громада,2021,year,12,0.15948,0.13962,0.02439,0.00122,0.02318,0.0,0.5061,0.0,0.02532
32,3204,3204009,Золочівська сільська громада,2025,year,12,0.19621,0.0936,0.0257,0.00353,0.02217,0.0,0.57835,0.0,0.05751
32,3204,3204011,Переяславська міська громада,2021,year,12,0.10761,0.062,0.05161,0.01508,0.03653,0.0,0.50018,0.04108,0.02831
32,3204,3204011,Переяславська міська громада,2025,year,12,0.13223,0.10821,0.05382,0.01654,0.03727,0.0,0.54524,0.04004,0.09119
32,3204,3204013,Пристолична сільська громада,2021,year,12,0.12488,0.08597,0.01518,0.00114,0.01404,0.0,0.47714,0.06665,0.0297
32,3204,3204013,Пристолична сільська громада,2025,year,12,0.13832,0.13198,0.0318,0.00382,0.02799,0.0,0.54103,0.06556,0.04785
32,3204,3204015,Студениківська сільська громада,2021,year,12,0.14531,0.07413,0.04614,0.0,0.04614,0.0,0.43329,0.0,0.01061
32,3204,3204015,Студениківська сільська громада,2025,year,12,0.18697,0.04795,0.05412,0.00072,0.0534,0.0,0.3795,0.0,0.03634
32,3204,3204017,Ташанська сільська громада,2021,year,12,0.1833,0.07667,0.03171,0.0,0.03171,0.0,0.46587,0.0,0.02482
32,3204,3204017,Ташанська сільська громада,2025,year,12,0.20242,0.07361,0.03976,0.00067,0.03909,0.0,0.3833,0.00036,0.09102
32,3204,3204019,Циблівська сільська громада,2021,year,12,0.19416,0.02886,0.04721,0.00031,0.0469,0.0,0.64045,0.0,0.00821
32,3204,3204019,Циблівська сільська громада,2025,year,12,0.2232,0.05702,0.06552,0.00011,0.06541,0.0,0.55289,0.0012,0.01315
32,3204,3204021,Яготинська міська громада,2021,year,12,0.1124,0.12532,0.05044,0.01478,0.03566,0.0,0.50783,0.0292,0.05267
32,3204,3204021,Яготинська міська громада,2025,year,12,0.13383,0.13663,0.04689,0.01747,0.02942,0.0,0.45134,0.02636,0.10106
32,3206,3206001,Баришівська селищна громада,2021,year,12,0.10596,0.0748,0.05811,0.01339,0.04472,0.0,0.61336,0.04055,0.04692
32,3206,3206001,Баришівська селищна громада,2025,year,12,0.13059,0.0554,0.06012,0.01529,0.04482,0.0,0.57302,0.04703,0.08163
32,3206,3206003,Березанська міська громада,2021,year,12,0.16139,0.08634,0.05254,0.02735,0.02379,0.0014,0.54315,0.02435,0.06206
32,3206,3206003,Березанська міська громада,2025,year,12,0.15441,0.11559,0.04684,0.02264,0.02421,0.0,0.51768,0.02078,0.06926
32,3206,3206005,Броварська міська громада,2021,year,12,0.08527,0.1908,0.04267,0.02793,0.01453,0.00021,0.44752,0.03156,0.03633
32,3206,3206005,Броварська міська громада,2025,year,12,0.08503,0.13695,0.05035,0.03371,0.01663,0.0,0.52584,0.0308,0.07563
32,3206,3206007,Великодимерська селищна громада,2021,year,12,0.10832,0.03436,0.04435,0.01477,0.02944,0.00014,0.62757,0.0,0.01775
32,3206,3206007,Великодимерська селищна громада,2025,year,12,0.13862,0.06965,0.04192,0.01734,0.02459,0.0,0.56997,0.0,0.05072
32,3206,3206009,Зазимська сільська громада,2021,year,12,0.1372,0.09397,0.03537,0.00183,0.03354,0.0,0.45135,0.0,0.02665
32,3206,3206009,Зазимська сільська громада,2025,year,12,0.16128,0.09165,0.03668,0.00323,0.03346,0.0,0.50573,0.0,0.04826
32,3206,3206011,Згурівська селищна громада,2021,year,12,0.11198,0.06087,0.03748,0.00662,0.02887,0.002,0.62135,0.01847,0.05286
32,3206,3206011,Згурівська селищна громада,2025,year,12,0.18625,0.06934,0.03782,0.00556,0.03226,0.0,0.51759,0.01742,0.09373
32,3206,3206013,Калинівка,2021,latest,12,0.12123,0.09433,0.05649,0.03062,0.02406,0.00181,0.39624,0.05766,0.01073
32,3206,3206013,Калинівка,2025,year,12,0.10218,0.11488,0.07133,0.0239,0.0465,0.00093,0.43586,0.04801,0.07138
32,3206,3206015,Калитянська селищна громада,2021,year,12,0.15605,0.01042,0.02701,0.00047,0.02654,0.0,0.69264,0.0,0.01684
32,3206,3206015,Калитянська селищна громада,2025,year,12,0.18674,0.02443,0.02756,0.00288,0.02468,0.0,0.63344,0.0,0.0814
32,3208,3208001,Білогородська сільська громада,2021,year,12,0.18156,0.08569,0.06169,0.02444,0.03724,0.0,0.38983,0.03875,0.03987
32,3208,3208001,Білогородська сільська громада,2025,year,12,0.13017,0.1162,0.06269,0.02529,0.03722,0.00019,0.47572,0.02303,0.06447
32,3208,3208003,Бородянська селищна громада,2021,year,12,0.11204,0.06844,0.05698,0.01304,0.04395,0.0,0.60136,0.0211,0.03846
32,3208,3208003,Бородянська селищна громада,2025,year,12,0.141,0.0972,0.0524,0.0111,0.0413,0.0,0.52382,0.01654,0.05846
32,3208,3208005,Борщагівська сільська громада,2021,year,12,0.12794,0.04347,0.02523,0.01866,0.00657,0.0,0.44159,0.02035,0.03061
32,3208,3208005,Борщагівська сільська громада,2025,year,12,0.0697,0.19802,0.02244,0.0167,0.00574,0.0,0.43406,0.01568,0.10716
32,3208,3208007,Бучанська міська громада,2021,year,12,0.07011,0.13454,0.02676,0.00584,0.02092,0.0,0.38618,0.0178,0.02465
32,3208,3208007,Бучанська міська громада,2025,year,12,0.10933,0.11507,0.03074,0.00982,0.02092,0.0,0.46022,0.01398,0.0565
32,3208,3208009,Вишнева міська громада,2021,year,12,0.05727,0.17671,0.04065,0.02311,0.01755,0.0,0.38121,0.02634,0.01899
32,3208,3208009,Вишнева міська громада,2025,year,12,0.05453,0.26838,0.03183,0.02299,0.00884,0.0,0.44507,0.01982,0.04437
32,3208,3208011,Гостомельська селищна громада,2021,year,12,0.17421,0.1492,0.02663,0.00604,0.02059,0.0,0.3003,0.01087,0.01991
32,3208,3208011,Гостомельська селищна громада,2025,year,12,0.17246,0.23703,0.04614,0.00827,0.03788,0.0,0.36857,0.02526,0.06175
32,3208,3208013,Дмитрівська сільська громада,2021,year,12,0.13893,0.12959,0.05535,0.01119,0.04417,0.0,0.51211,0.06974,0.03393
32,3208,3208013,Дмитрівська сільська громада,2025,year,12,0.12196,0.15585,0.13102,0.00969,0.12133,0.0,0.44861,0.02566,0.04824
32,3208,3208015,Ірпінська міська громада,2021,year,12,0.10053,0.13462,0.03276,0.01465,0.0181,0.0,0.359,0.02145,0.02007
32,3208,3208015,Ірпінська міська громада,2025,year,12,0.0839,0.20727,0.02759,0.01209,0.0155,0.0,0.41035,0.0171,0.06287
32,3208,3208017,Коцюбинська селищна громада,2021,year,12,0.16076,0.17326,0.03411,0.00826,0.02585,0.0,0.39478,0.01613,0.04691
32,3208,3208017,Коцюбинська селищна громада,2025,year,12,0.16349,0.18382,0.0485,0.01357,0.03493,0.0,0.4508,0.01379,0.05657
32,3208,3208019,Макарівська селищна громада,2021,year,12,0.124,0.10254,0.0385,0.00723,0.03007,0.00121,0.60331,0.02526,0.04638
32,3208,3208019,Макарівська селищна громада,2025,year,12,0.32903,0.07126,0.03654,0.0075,0.0279,0.00114,0.44678,0.01927,0.04662
32,3208,3208021,Немішаївська селищна громада,2021,year,12,0.07852,0.0392,0.01535,0.0,0.01535,0.0,0.68378,0.01981,0.01582
32,3208,3208021,Немішаївська селищна громада,2025,year,12,0.09499,0.06117,0.01864,0.00129,0.01734,0.0,0.65146,0.01571,0.03509
32,3208,3208023,Пісківська селищна громада,2021,year,12,0.14384,0.08476,0.0347,0.01681,0.01789,0.0,0.61237,0.0,0.03765
32,3208,3208023,Пісківська селищна громада,2025,year,12,0.13982,0.0737,0.02601,0.01325,0.01276,0.0,0.5409,0.0,0.1353
32,3210,3210001,Вишгородська міська громада,2021,year,12,0.15677,0.28003,0.05654,0.03211,0.02431,0.00012,0.31324,0.03312,0.03066
32,3210,3210001,Вишгородська міська громада,2025,year,12,0.12385,0.19068,0.06755,0.04625,0.0213,0.0,0.35102,0.03226,0.11692
32,3210,3210003,Димерська селищна громада,2021,year,12,0.10974,0.0743,0.0376,0.00088,0.03673,0.0,0.63075,0.0386,0.06768
32,3210,3210003,Димерська селищна громада,2025,year,12,0.16291,0.06639,0.02712,0.00031,0.02681,0.0,0.5581,0.02479,0.11263
32,3210,3210005,Іванківська селищна громада,2021,year,12,0.14507,0.04718,0.06327,0.01081,0.05247,0.0,0.53059,0.03393,0.05886
32,3210,3210005,Іванківська селищна громада,2025,year,12,0.21515,0.01925,0.05209,0.0085,0.04359,0.0,0.5331,0.03013,0.12115
32,3210,3210007,Петрівська сільська громада,2021,year,12,0.11213,0.12706,0.06544,0.01479,0.05065,0.0,0.40825,0.03253,0.04492
32,3210,3210007,Петрівська сільська громада,2025,year,12,0.1236,0.1568,0.06861,0.01403,0.05458,0.0,0.46781,0.02657,0.09748
32,3210,3210009,Пірнівська сільська громада,2021,year,12,0.23689,0.06259,0.03287,0.0006,0.03228,0.0,0.5294,0.0,0.02346
32,3210,3210009,Пірнівська сільська громада,2025,year,12,0.22771,0.15039,0.05279,0.00327,0.04952,0.0,0.38194,0.0,0.07603
32,3210,3210011,Поліська селищна громада,2021,year,12,0.14595,0.00099,0.02487,0.0006,0.02426,0.0,0.70203,0.01749,0.04292
32,3210,3210011,Поліська селищна громада,2025,year,12,0.23334,0.00601,0.01436,0.00057,0.01379,0.0,0.59785,0.00763,0.09903
32,3210,3210013,Славутицька міська громада,2021,year,12,0.09419,0.19984,0.10647,0.04468,0.06179,0.0,0.40023,0.05762,0.04785
32,3210,3210013,Славутицька міська громада,2025,year,12,0.21442,0.03866,0.0655,0.03935,0.02616,0.0,0.50616,0.03601,0.037
32,3212,3212001,Богуславська міська громада,2021,year,12,0.10748,0.08428,0.06263,0.01465,0.04712,0.00086,0.60397,0.03654,0.05473
32,3212,3212001,Богуславська міська громада,2025,year,12,0.1242,0.09556,0.08026,0.02397,0.05542,0.00088,0.51768,0.0276,0.07711
32,3212,3212003,Васильківська міська громада,2021,year,12,0.10611,0.18565,0.039,0.01543,0.02357,0.0,0.53774,0.03855,0.033
32,3212,3212003,Васильківська міська громада,2025,year,12,0.11855,0.12168,0.04118,0.02173,0.01946,0.0,0.4647,0.02885,0.049
32,3212,3212005,Кагарлицька міська громада,2021,year,12,0.1251,0.07329,0.06849,0.01428,0.0515,0.00271,0.57103,0.0393,0.03686
32,3212,3212005,Кагарлицька міська громада,2025,year,12,0.13182,0.07784,0.06892,0.01215,0.05448,0.00229,0.52817,0.03158,0.0822
32,3212,3212007,Козинська селищна громада,2021,year,12,0.18331,0.20922,0.06482,0.01311,0.05171,0.0,0.39353,0.01456,0.03037
32,3212,3212007,Козинська селищна громада,2025,year,12,0.15309,0.2091,0.05362,0.00896,0.04466,0.0,0.43361,0.0149,0.09827
32,3212,3212009,Миронівська міська громада,2021,year,12,0.11658,0.09071,0.06309,0.01669,0.04472,0.00169,0.52902,0.03404,0.04149
32,3212,3212009,Миронівська міська громада,2025,year,12,0.0955,0.09692,0.05215,0.01677,0.03476,0.00063,0.46014,0.0267,0.1281
32,3212,3212011,Обухів,2021,year,12,0.10508,0.13163,0.048,0.01785,0.03015,0.0,0.45107,0.01855,0.04224
32,3212,3212011,Обухів,2025,year,12,0.11647,0.05521,0.05217,0.01632,0.03585,0.0,0.53967,0.01633,0.10143
32,3212,3212013,Ржищівська міська громада,2021,year,12,0.15701,0.04049,0.06536,0.01334,0.05202,0.0,0.57668,0.01093,0.0269
32,3212,3212013,Ржищівська міська громада,2025,year,12,0.16281,0.04916,0.06151,0.01336,0.04815,0.0,0.58137,0.01176,0.05474
32,3212,3212015,Українська міська громада,2021,year,12,0.21304,0.27984,0.0461,0.02038,0.02572,0.0,0.32764,0.02354,0.02797
32,3212,3212015,Українська міська громада,2025,year,12,0.15605,0.12446,0.05989,0.02814,0.03175,0.0,0.43437,0.03607,0.07591
32,3212,3212017,Феодосіївська сільська громада,2021,year,12,0.18346,0.06781,0.03396,0.00026,0.0337,0.0,0.47899,0.01752,0.02593
32,3212,3212017,Феодосіївська сільська громада,2025,year,12,0.17307,0.26461,0.03059,0.00018,0.03042,0.0,0.38637,0.01862,0.04615
32,3214,3214001,Бишівська сільська громада,2021,year,12,0.13428,0.01829,0.0096,0.0,0.0096,0.0,0.63158,0.0,0.00397
32,3214,3214001,Бишівська сільська громада,2025,year,12,0.15982,0.08697,0.01717,0.0019,0.01527,0.0,0.62253,0.0,0.03164
32,3214,3214003,Боярська міська громада,2021,year,12,0.09655,0.13061,0.04386,0.01582,0.02804,0.0,0.56578,0.04489,0.02961
32,3214,3214003,Боярська міська громада,2025,year,12,0.11255,0.1498,0.04225,0.01579,0.02646,0.0,0.55663,0.03524,0.05666
32,3214,3214005,Гатненська сільська громада,2021,year,12,0.17347,0.15503,0.06595,0.02757,0.03838,0.0,0.28527,0.0,0.02523
32,3214,3214005,Гатненська сільська громада,2025,year,12,0.16765,0.1123,0.0502,0.0219,0.02831,0.0,0.32226,0.0,0.03709
32,3214,3214007,Глеваська селищна громада,2021,year,12,0.10556,0.11151,0.01687,0.00367,0.0132,0.0,0.4473,0.02023,0.02254
32,3214,3214007,Глеваська селищна громада,2025,year,12,0.2534,0.11669,0.01436,0.00526,0.0091,0.0,0.4428,0.01874,0.07564
32,3214,3214009,Калинівська селищна громада,2021,latest,12,0.13175,0.13326,0.02812,0.00072,0.0274,0.0,0.44124,0.02631,0.00769
32,3214,3214009,Калинівська селищна громада,2025,year,12,0.13469,0.24529,0.03247,0.00121,0.03126,0.0,0.48276,0.02959,0.03417
32,3214,3214011,Кожанська селищна громада,2021,year,12,0.17373,0.0327,0.02238,0.0,0.02238,0.0,0.59191,0.0,0.06361
32,3214,3214011,Кожанська селищна громада,2025,year,12,0.20886,0.10737,0.02842,0.00079,0.02764,0.0,0.54515,0.0,0.06845
32,3214,3214013,Томашівська сільська громада,2021,year,12,0.15894,0.06018,0.0823,0.00069,0.0816,0.0,0.37901,0.0,0.09126
32,3214,3214013,Томашівська сільська громада,2025,year,12,0.20145,0.04316,0.07086,0.00208,0.06878,0.0,0.47578,0.0,0.12606
32,3214,3214015,Фастівська міська громада,2021,year,12,0.09501,0.08125,0.0486,0.02136,0.02723,0.0,0.58055,0.0438,0.03494
32,3214,3214015,Фастівська міська громада,2025,year,12,0.11409,0.0852,0.05456,0.02502,0.02954,0.0,0.58098,0.04153,0.08559
32,3214,3214017,Чабанівська селищна громада,2021,year,12,0.15583,0.17131,0.03692,0.00456,0.03235,0.0,0.39457,0.04453,0.00949
32,3214,3214017,Чабанівська селищна громада,2025,year,12,0.17171,0.08284,0.04172,0.00235,0.03938,0.0,0.58591,0.06423,0.0784
35,3502,3502001,Благовіщенська міська громада,2021,year,12,0.15583,0.02452,0.03859,0.00764,0.03095,0.0,0.64624,0.03489,0.04247
35,3502,3502001,Благовіщенська міська громада,2025,year,12,0.15758,0.01619,0.04372,0.00691,0.0368,0.0,0.59953,0.02941,0.08802
35,3502,3502003,Вільшанська селищна громада,2021,year,12,0.16324,0.02312,0.06982,0.00586,0.06368,0.00028,0.62169,0.04738,0.05716
35,3502,3502003,Вільшанська селищна громада,2025,year,12,0.18321,0.03215,0.06291,0.00643,0.05648,0.0,0.57622,0.04301,0.08329
35,3502,3502005,Гайворонська міська громада,2021,year,12,0.15169,0.05061,0.04715,0.00983,0.03732,0.0,0.60952,0.03037,0.04646
35,3502,3502005,Гайворонська міська громада,2025,year,12,0.14059,0.06169,0.06427,0.02874,0.03552,0.0,0.54677,0.02369,0.07994
35,3502,3502007,Голованівська селищна громада,2021,year,12,0.12244,0.05391,0.04479,0.01503,0.02976,0.0,0.53766,0.02781,0.04779
35,3502,3502007,Голованівська селищна громада,2025,year,12,0.16629,0.10337,0.03864,0.01495,0.02368,0.0,0.52045,0.02064,0.06783
35,3502,3502009,Заваллівська селищна громада,2021,year,12,0.13811,0.06033,0.03135,0.00278,0.02857,0.0,0.65653,0.02845,0.08219
35,3502,3502009,Заваллівська селищна громада,2025,year,12,0.13684,0.0585,0.02557,0.0,0.02557,0.0,0.57328,0.02297,0.18477
35,3502,3502011,Надлацька сільська громада,2021,year,12,0.20165,0.02633,0.03299,0.0,0.03299,0.0,0.58881,0.0,0.07061
35,3502,3502011,Надлацька сільська громада,2025,year,12,0.28436,0.02123,0.02324,0.0,0.02324,0.0,0.50293,0.0,0.10058
35,3502,3502013,Новоархангельська селищна громада,2021,year,12,0.11946,0.05878,0.05558,0.01589,0.0397,0.0,0.66146,0.04174,0.035
35,3502,3502013,Новоархангельська селищна громада,2025,year,12,0.1459,0.06641,0.05043,0.01349,0.03694,0.0,0.64407,0.03595,0.0413
35,3502,3502015,Перегонівська сільська громада,2021,year,12,0.17486,0.05564,0.01973,0.0,0.01973,0.0,0.54982,0.0,0.11327
35,3502,3502015,Перегонівська сільська громада,2025,year,12,0.24484,0.06075,0.04095,0.0,0.04095,0.0,0.43572,0.0,0.13355
35,3502,3502017,Підвисоцька сільська громада,2021,year,12,0.20982,0.06783,0.04545,0.0,0.04545,0.0,0.58195,0.02501,0.05611
35,3502,3502017,Підвисоцька сільська громада,2025,year,12,0.23052,0.0783,0.04593,0.0,0.04593,0.0,0.55061,0.01794,0.06142
35,3502,3502019,Побузька селищна громада,2021,year,12,0.16818,0.03808,0.02996,0.00452,0.02545,0.0,0.62856,0.08074,0.02625
35,3502,3502019,Побузька селищна громада,2025,year,12,0.17878,0.02639,0.04205,0.01891,0.02314,0.0,0.61778,0.06522,0.06148
35,3504,3504001,Аджамська сільська громада,2021,year,12,0.2528,0.00831,0.01906,0.0,0.01906,0.0,0.62562,0.01767,0.01791
35,3504,3504001,Аджамська сільська громада,2025,year,12,0.19032,0.03805,0.02267,0.00196,0.02071,0.0,0.5825,0.0115,0.05281
35,3504,3504003,Бобринецька міська громада,2021,year,12,0.31035,0.07652,0.05096,0.02508,0.02547,0.00041,0.44045,0.0388,0.0308
35,3504,3504003,Бобринецька міська громада,2025,year,12,0.18005,0.09855,0.07306,0.03091,0.04213,2e-05,0.5546,0.04551,0.04601
35,3504,3504005,Великосеверинівська сільська громада,2021,year,12,0.19484,0.02572,0.03883,0.00271,0.03612,0.0,0.58833,0.02354,0.00539
35,3504,3504005,Великосеверинівська сільська громада,2025,year,12,0.19173,0.04939,0.0353,0.00302,0.03228,0.0,0.61144,0.0202,0.09556
35,3504,3504007,Гурівська сільська громада,2021,year,12,0.28969,0.027,0.04006,0.00044,0.03961,0.0,0.49553,0.0,0.04189
35,3504,3504007,Гурівська сільська громада,2025,year,12,0.25303,0.05257,0.04346,0.00114,0.04232,0.0,0.48791,0.0,0.07219
35,3504,3504009,Дмитрівська сільська громада,2021,year,12,0.20059,0.04407,0.05347,0.00247,0.04987,0.00113,0.46688,0.01192,0.06683
35,3504,3504009,Дмитрівська сільська громада,2025,year,12,0.21337,0.02167,0.04956,0.00203,0.04514,0.0024,0.50224,0.01327,0.129
35,3504,3504011,Долинська міська громада,2021,year,12,0.14573,0.04946,0.05102,0.01408,0.03441,0.00253,0.59297,0.04194,0.04076
35,3504,3504011,Долинська міська громада,2025,year,12,0.17162,0.12933,0.06922,0.02578,0.04048,0.00297,0.49571,0.02967,0.0748
35,3504,3504013,Знам'янська міська громада,2021,year,12,0.13353,0.06072,0.05889,0.023,0.03589,0.0,0.53352,0.04082,0.04822
35,3504,3504013,Знам'янська міська громада,2025,year,12,0.13098,0.13771,0.05383,0.0221,0.03174,0.0,0.50307,0.03523,0.10118
35,3504,3504015,Катеринівська сільська громада,2021,year,12,0.13124,0.1064,0.04769,0.00189,0.0458,0.0,0.54705,0.0,0.02868
35,3504,3504015,Катеринівська сільська громада,2025,year,12,0.17669,0.12361,0.03788,0.00081,0.03707,0.0,0.45213,0.0,0.07765
35,3504,3504017,Кетрисанівська сільська громада,2021,year,12,0.19188,0.04703,0.04174,0.0002,0.04088,0.00066,0.57742,0.00906,0.04831
35,3504,3504017,Кетрисанівська сільська громада,2025,year,12,0.2189,0.05215,0.03683,0.0001,0.0363,0.00042,0.53517,0.00602,0.06255
35,3504,3504019,Компаніївська селищна громада,2021,year,12,0.14876,0.07521,0.06286,0.00397,0.05889,0.0,0.6415,0.02434,0.03091
35,3504,3504019,Компаніївська селищна громада,2025,year,12,0.15316,0.04336,0.07483,0.00476,0.07007,0.0,0.61684,0.02205,0.04778
35,3504,3504021,Кропивницька міська громада,2021,year,12,0.07748,0.21556,0.02562,0.013,0.0117,0.00092,0.46673,0.03611,0.07134
35,3504,3504021,Кропивницька міська громада,2025,year,12,0.07753,0.13881,0.027,0.01299,0.01345,0.00056,0.52634,0.03205,0.12163
35,3504,3504023,Новгородківська селищна громада,2021,year,12,0.14713,0.04247,0.06522,0.00842,0.0568,0.0,0.61565,0.02408,0.04179
35,3504,3504023,Новгородківська селищна громада,2025,year,12,0.16738,0.05198,0.05627,0.01067,0.04559,0.0,0.57812,0.01834,0.06275
35,3504,3504025,Олександрівська селищна громада,2021,year,12,0.12405,0.0185,0.06553,0.01927,0.04625,0.0,0.65446,0.03042,0.04491
35,3504,3504025,Олександрівська селищна громада,2025,year,12,0.13749,0.03377,0.06469,0.01978,0.04491,0.0,0.62226,0.02658,0.06361
35,3504,3504027,Первозванівська сільська громада,2021,year,12,0.17054,0.01553,0.04151,0.00245,0.03906,0.0,0.60231,0.00957,0.04591
35,3504,3504027,Первозванівська сільська громада,2025,year,12,0.21795,0.01618,0.04998,0.00614,0.04384,0.0,0.55212,0.00827,0.06146
35,3504,3504029,Соколівська сільська громада,2021,year,12,0.17347,0.08263,0.0818,0.01988,0.06192,0.0,0.55375,0.0,0.06646
35,3504,3504029,Соколівська сільська громада,2025,year,12,0.16476,0.14211,0.10539,0.048,0.05739,0.0,0.49553,0.00286,0.075
35,3504,3504031,Суботцівська сільська громада,2021,year,12,0.17037,0.02182,0.04673,0.01204,0.03469,0.0,0.66024,0.04885,0.05439
35,3504,3504031,Суботцівська сільська громада,2025,year,12,0.16985,0.04319,0.05738,0.01108,0.04631,0.0,0.58545,0.04193,0.08881
35,3504,3504033,Устинівка,2021,year,12,0.16392,0.03111,0.04652,0.0,0.04652,0.0,0.64452,0.02206,0.03631
35,3504,3504033,Устинівка,2025,year,12,0.20076,0.04053,0.04217,0.00023,0.04194,0.0,0.59316,0.02458,0.04941
35,3506,3506001,Ганнівська сільська громада,2021,year,12,0.25675,0.02387,0.06076,0.0,0.06076,0.0,0.63822,0.0,0.00234
35,3506,3506001,Ганнівська сільська громада,2025,year,12,0.22244,0.08258,0.04693,0.0,0.04693,0.0,0.61089,0.0,0.0178
35,3506,3506003,Глодоська сільська громада,2021,year,12,0.2407,0.0063,0.04832,0.0,0.04832,0.0,0.62008,0.0,0.046
35,3506,3506003,Глодоська сільська громада,2025,year,12,0.213,0.02295,0.03176,0.00216,0.02961,0.0,0.44161,0.0,0.12152
35,3506,3506005,Добровеличківська селищна громада,2021,year,12,0.13077,0.02685,0.04127,0.01071,0.03056,0.0,0.51669,0.01622,0.0826
35,3506,3506005,Добровеличківська селищна громада,2025,year,12,0.19273,0.03433,0.04631,0.00961,0.0367,0.0,0.45775,0.01807,0.05697
35,3506,3506007,Злинська сільська громада,2021,year,12,0.13757,0.04533,0.02714,0.0,0.02714,0.0,0.74816,0.0,0.04044
35,3506,3506007,Злинська сільська громада,2025,year,12,0.18429,0.05922,0.04252,0.0,0.04252,0.0,0.57744,0.0,0.06199
35,3506,3506009,Маловисківська міська громада,2021,year,12,0.12453,0.08089,0.0347,0.00246,0.03224,0.0,0.63769,0.04763,0.05136
35,3506,3506009,Маловисківська міська громада,2025,year,12,0.14066,0.08154,0.04127,0.00285,0.03842,0.0,0.59505,0.03951,0.06768
35,3506,3506011,Мар'янівська сільська громада,2021,year,12,0.21742,0.02674,0.0459,0.0,0.0459,0.0,0.68143,0.03593,0.01977
35,3506,3506011,Мар'янівська сільська громада,2025,year,12,0.22446,0.04478,0.04545,0.0,0.04545,0.0,0.5822,0.04097,0.06553
35,3506,3506013,Новомиргородська міська громада,2021,year,12,0.12167,0.06458,0.04771,0.00847,0.03923,0.0,0.61838,0.03842,0.04312
35,3506,3506013,Новомиргородська міська громада,2025,year,12,0.14752,0.05746,0.04052,0.01162,0.0289,0.0,0.55264,0.02957,0.08276
35,3506,3506015,Новоукраїнська міська громада,2021,year,12,0.10235,0.04837,0.06974,0.01739,0.05162,0.00073,0.61295,0.04669,0.03995
35,3506,3506015,Новоукраїнська міська громада,2025,year,12,0.09413,0.04086,0.04821,0.01326,0.03403,0.00091,0.42709,0.03098,0.06998
35,3506,3506017,Піщанобрідська сільська громада,2021,year,12,0.25694,0.02894,0.0506,0.0,0.0506,0.0,0.54798,0.0,0.04064
35,3506,3506017,Піщанобрідська сільська громада,2025,year,12,0.24796,0.06267,0.05488,0.0,0.05488,0.0,0.50867,0.0,0.05861
35,3506,3506019,Помічнянська міська громада,2021,year,12,0.11861,0.04276,0.05986,0.01006,0.0498,0.0,0.66331,0.05323,0.02889
35,3506,3506019,Помічнянська міська громада,2025,year,12,0.09614,0.03985,0.05221,0.00918,0.04302,0.0,0.72743,0.04724,0.04635
35,3506,3506021,Рівнянська сільська громада,2021,year,12,0.14539,0.01293,0.04034,0.00013,0.0402,0.0,0.68337,0.01259,0.04057
35,3506,3506021,Рівнянська сільська громада,2025,year,12,0.15044,0.01647,0.0474,0.00012,0.04728,0.0,0.61138,0.00768,0.05193
35,3506,3506023,Смолінська селищна громада,2021,year,12,0.15919,0.02382,0.0267,0.0,0.0267,0.0,0.62625,0.06165,0.02056
35,3506,3506023,Смолінська селищна громада,2025,year,12,0.19799,0.00952,0.01161,0.0,0.01161,0.0,0.57569,0.05187,0.04811
35,3506,3506025,Тишківська сільська громада,2021,year,12,0.18275,0.02692,0.03526,0.0,0.03526,0.0,0.58726,0.0,0.07675
35,3506,3506025,Тишківська сільська громада,2025,year,12,0.20341,0.03853,0.02678,0.0,0.02678,0.0,0.5326,0.0,0.12371
35,3508,3508001,Великоандрусівська сільська громада,2021,year,12,0.15601,0.01071,0.05698,0.0001,0.05688,0.0,0.63536,0.00393,0.06476
35,3508,3508001,Великоандрусівська сільська громада,2025,year,12,0.20135,0.00242,0.08778,0.00023,0.08754,0.0,0.59658,0.00373,0.05193
35,3508,3508003,Новопразька селищна громада,2021,year,12,0.25304,0.07332,0.06068,0.00345,0.05723,0.0,0.46504,0.08245,0.04111
35,3508,3508003,Новопразька селищна громада,2025,year,12,0.20671,0.07098,0.03938,0.0009,0.03847,0.0,0.59035,0.0757,0.05691
35,3508,3508005,Олександрійська міська громада,2021,year,12,0.08574,0.1213,0.04881,0.0093,0.03951,0.0,0.5169,0.03312,0.03155
35,3508,3508005,Олександрійська міська громада,2025,year,12,0.11847,0.0807,0.05406,0.01086,0.0432,0.0,0.52061,0.03119,0.06894
35,3508,3508007,Онуфріївська селищна громада,2021,year,12,0.14031,0.01815,0.05861,0.01,0.04861,0.0,0.61361,0.02715,0.05716
35,3508,3508007,Онуфріївська селищна громада,2025,year,12,0.2161,0.00364,0.05718,0.01234,0.04484,0.0,0.52903,0.0211,0.08442
35,3508,3508009,Пантаївська селищна громада,2021,year,12,0.33952,0.02704,0.02756,0.0,0.02756,0.0,0.54271,0.02653,0.01121
35,3508,3508009,Пантаївська селищна громада,2025,year,12,0.32817,0.01883,0.03206,0.0,0.03206,0.0,0.5363,0.02495,0.06367
35,3508,3508011,Петрівська селищна громада,2021,year,12,0.11507,0.12586,0.04263,0.006,0.03459,0.00204,0.42011,0.02237,0.02444
35,3508,3508011,Петрівська селищна громада,2025,year,12,0.14035,0.1842,0.03739,0.00454,0.03017,0.00268,0.45592,0.02027,0.0475
35,3508,3508013,Попельнастівська сільська громада,2021,year,12,0.21327,0.02778,0.06423,0.00345,0.06077,0.0,0.60856,0.0,0.04285
35,3508,3508013,Попельнастівська сільська громада,2025,year,12,0.24338,0.03974,0.07199,0.00651,0.06548,0.0,0.54363,0.0,0.0722
35,3508,3508015,Приютівська селищна громада,2021,year,12,0.13537,0.04413,0.03429,0.00619,0.02811,0.0,0.65377,0.01022,0.05209
35,3508,3508015,Приютівська селищна громада,2025,year,12,0.23519,0.02854,0.0406,0.00751,0.03308,0.0,0.56926,0.01175,0.07521
35,3508,3508017,Світловодська міська громада,2021,year,12,0.09896,0.18344,0.05717,0.01939,0.03733,0.00045,0.50975,0.04031,0.04038
35,3508,3508017,Світловодська міська громада,2025,year,12,0.12046,0.08424,0.0612,0.0232,0.038,0.0,0.56043,0.03926,0.08244
46,4602,4602001,Бориславська міська громада,2021,year,12,0.09824,0.13393,0.05765,0.0218,0.03267,0.00318,0.52019,0.03906,0.01996
46,4602,4602001,Бориславська міська громада,2025,year,12,0.12116,0.0883,0.06433,0.02751,0.03388,0.00293,0.49156,0.03554,0.07786
46,4602,4602003,Дрогобицька міська громада,2021,year,12,0.11666,0.07835,0.06412,0.02013,0.044,0.0,0.5645,0.05494,0.02205
46,4602,4602003,Дрогобицька міська громада,2025,year,12,0.11931,0.12675,0.07584,0.02088,0.05429,0.00067,0.52256,0.04909,0.05522
46,4602,4602005,Меденицька селищна громада,2021,year,12,0.11842,0.02574,0.0417,0.00055,0.04115,0.0,0.61379,0.0,0.04306
46,4602,4602005,Меденицька селищна громада,2025,year,12,0.16937,0.03109,0.04378,0.00406,0.03971,0.0,0.63744,0.0,0.06628
46,4602,4602007,Східницька селищна громада,2021,year,12,0.09955,0.0564,0.04011,0.00087,0.03925,0.0,0.44502,0.0,0.00489
46,4602,4602007,Східницька селищна громада,2025,year,12,0.10704,0.26772,0.05156,0.00209,0.04908,0.00039,0.41599,0.01099,0.03465
46,4602,4602009,Трускавецька міська громада,2021,year,12,0.13367,0.10827,0.04388,0.00385,0.03844,0.00159,0.58655,0.09812,0.04059
46,4602,4602009,Трускавецька міська громада,2025,year,12,0.12599,0.13487,0.04544,0.0055,0.03846,0.00148,0.51277,0.07594,0.06412
46,4604,4604001,Бродівська міська громада,2021,year,12,0.09854,0.06143,0.04898,0.01065,0.03577,0.00256,0.65422,0.05467,0.03269
46,4604,4604001,Бродівська міська громада,2025,year,12,0.10674,0.06685,0.04469,0.01008,0.03207,0.00254,0.63442,0.05139,0.07544
46,4604,4604003,Буська міська громада,2021,year,12,0.07412,0.02959,0.05575,0.01583,0.03779,0.00213,0.59724,0.03815,0.05501
46,4604,4604003,Буська міська громада,2025,year,12,0.10178,0.05527,0.0644,0.02088,0.04053,0.00299,0.60665,0.03557,0.06334
46,4604,4604005,Заболотцівська сільська громада,2021,year,12,0.10963,0.05005,0.04356,0.00202,0.04154,0.0,0.58648,0.01581,0.05307
46,4604,4604005,Заболотцівська сільська громада,2025,year,12,0.15542,0.06804,0.04081,0.00294,0.03787,0.0,0.62329,0.02412,0.07447
46,4604,4604007,Золочівська міська громада,2021,year,12,0.07615,0.05222,0.04653,0.01005,0.03648,0.0,0.58955,0.03975,0.04614
46,4604,4604007,Золочівська міська громада,2025,year,12,0.11007,0.06605,0.04566,0.0106,0.03506,0.0,0.62529,0.03308,0.04874
46,4604,4604009,Красненська селищна громада,2021,year,12,0.12646,0.05207,0.03458,0.0079,0.02618,0.00051,0.69244,0.0,0.00864
46,4604,4604009,Красненська селищна громада,2025,year,12,0.1493,0.06821,0.0426,0.01,0.0326,0.0,0.60987,0.0,0.05228
46,4604,4604011,Підкамінська селищна громада,2021,year,12,0.10678,0.01513,0.03885,0.00049,0.03836,0.0,0.74747,0.03289,0.02219
46,4604,4604011,Підкамінська селищна громада,2025,year,12,0.12712,0.03235,0.03184,0.00188,0.02996,0.0,0.68941,0.03069,0.08661
46,4604,4604013,Поморянська селищна громада,2021,year,12,0.12678,0.0044,0.03244,0.0,0.03244,0.0,0.73872,0.0,0.03035
46,4604,4604013,Поморянська селищна громада,2025,year,12,0.18081,0.00351,0.02199,0.00124,0.02075,0.0,0.68894,0.0,0.04919
46,4606,4606001,Бібрська міська об'єднана територіальна громада,2021,year,12,0.10305,0.08175,0.03814,0.00527,0.03287,0.0,0.54335,0.04234,0.04583
46,4606,4606001,Бібрська міська об'єднана територіальна громада,2025,year,12,0.1158,0.1217,0.05301,0.00568,0.04733,0.0,0.54167,0.0401,0.06052
46,4606,4606003,Великолюбінська селищна громада,2021,year,12,0.17477,0.03469,0.04288,0.00978,0.0331,0.0,0.61672,0.0859,0.01153
46,4606,4606003,Великолюбінська селищна громада,2025,year,12,0.16525,0.0386,0.04633,0.01112,0.03521,0.0,0.6733,0.07892,0.03736
46,4606,4606005,Глинянська міська громада,2021,year,12,0.14915,0.05908,0.02778,0.0,0.02778,0.0,0.64165,0.05016,0.03735
46,4606,4606005,Глинянська міська громада,2025,year,12,0.18986,0.07224,0.03689,0.00056,0.03633,0.0,0.59906,0.04315,0.04697
46,4606,4606007,Городок,2021,year,12,0.07603,0.0328,0.04287,0.01251,0.03036,0.0,0.54667,0.03243,0.02671
46,4606,4606007,Городок,2025,year,12,0.09798,0.05691,0.05791,0.02373,0.03418,0.0,0.60837,0.03113,0.05382
46,4606,4606009,Давидівська сільська громада,2021,year,12,0.11584,0.12809,0.04211,0.00564,0.0343,0.00217,0.36846,0.02185,0.00806
46,4606,4606009,Давидівська сільська громада,2025,year,12,0.16532,0.35915,0.05108,0.01778,0.0333,0.0,0.374,0.02143,0.01883
46,4606,4606011,Добросинсько-Магерівська сільська громада,2021,year,12,0.15921,0.01561,0.00477,4e-05,0.00473,0.0,0.69789,0.0,0.02008
46,4606,4606011,Добросинсько-Магерівська сільська громада,2025,year,12,0.19931,0.00838,0.00647,5e-05,0.00642,0.0,0.65224,0.0,0.0572
46,4606,4606013,Жовківська міська громада,2021,year,12,0.09916,0.05528,0.04681,0.00909,0.03772,0.0,0.62667,0.05785,0.01466
46,4606,4606013,Жовківська міська громада,2025,year,12,0.12633,0.05809,0.04808,0.00974,0.03835,0.0,0.6418,0.05403,0.02412
46,4606,4606015,Жовтанецька сільська громада,2021,year,12,0.11978,0.03289,0.02611,0.0024,0.02372,0.0,0.69919,0.02527,0.00527
46,4606,4606015,Жовтанецька сільська громада,2025,year,12,0.14328,0.05005,0.03145,0.00221,0.02924,0.0,0.69022,0.03082,0.03283
46,4606,4606017,Зимноводівська сільська громада,2021,year,12,0.10892,0.08993,0.02604,0.00741,0.01852,0.00011,0.49876,0.01822,0.02809
46,4606,4606017,Зимноводівська сільська громада,2025,year,12,0.10586,0.15981,0.02258,0.00815,0.01371,0.00073,0.3974,0.01653,0.04499
46,4606,4606019,Кам'янка-Бузька міська громада,2021,year,12,0.10158,0.05069,0.05353,0.01231,0.04094,0.00029,0.64048,0.0492,0.03475
46,4606,4606019,Кам'янка-Бузька міська громада,2025,year,12,0.10926,0.11741,0.05153,0.00971,0.04182,0.0,0.57918,0.04151,0.04307
46,4606,4606021,Комарно,2021,year,12,0.12312,0.04111,0.04585,0.00655,0.03929,0.0,0.66462,0.0665,0.01562
46,4606,4606021,Комарно,2025,year,12,0.17203,0.02399,0.04404,0.00451,0.03954,0.0,0.64291,0.06056,0.057
46,4606,4606023,Куликівська селищна громада,2021,year,12,0.14828,0.0527,0.04755,0.00143,0.04612,0.0,0.65419,0.0,0.01242
46,4606,4606023,Куликівська селищна громада,2025,year,12,0.17801,0.04731,0.06274,0.00215,0.06059,0.0,0.6169,0.0,0.05636
46,4606,4606025,Львівська міська громада,2021,year,12,0.08651,0.12522,0.03467,0.01271,0.02191,5e-05,0.39351,0.02846,0.06701
46,4606,4606025,Львівська міська громада,2025,year,12,0.09035,0.19281,0.03485,0.01268,0.02137,0.0008,0.39913,0.02342,0.09349
46,4606,4606027,Мурованська сільська громада,2021,year,12,0.14235,0.08734,0.0184,0.00581,0.01259,0.0,0.3911,0.0184,0.00452
46,4606,4606027,Мурованська сільська громада,2025,year,12,0.14692,0.21643,0.03007,0.00474,0.02533,0.0,0.48657,0.02481,0.035
46,4606,4606029,Новояричівська селищна громада,2021,year,12,0.08421,0.04113,0.02386,0.00095,0.02291,0.0,0.55101,0.00932,0.01908
46,4606,4606029,Новояричівська селищна громада,2025,year,12,0.0921,0.0519,0.02936,0.00062,0.02874,0.0,0.68229,0.01173,0.04286
46,4606,4606031,Оброшинська сільська громада,2021,year,12,0.22067,0.04306,0.03433,0.00902,0.02531,0.0,0.44475,0.07548,0.00638
46,4606,4606031,Оброшинська сільська громада,2025,year,12,0.23452,0.10836,0.07574,0.01173,0.06401,0.0,0.39902,0.05674,0.01749
46,4606,4606033,Перемишлянська міська громада,2021,year,12,0.12783,0.03826,0.0604,0.00525,0.05515,0.0,0.55125,0.038,0.0632
46,4606,4606033,Перемишлянська міська громада,2025,year,12,0.24633,0.03134,0.0662,0.00571,0.06048,0.0,0.52974,0.03773,0.0825
46,4606,4606035,Підберізцівська сільська громада,2021,year,12,0.15212,0.08136,0.03473,0.0,0.03473,0.0,0.37424,0.0,0.0125
46,4606,4606035,Підберізцівська сільська громада,2025,year,12,0.13284,0.30692,0.0149,0.00014,0.01476,0.0,0.37801,0.0,0.04105
46,4606,4606037,Пустомитівська міська громада,2021,year,12,0.10827,0.07426,0.056,0.01451,0.0415,0.0,0.58693,0.04901,0.0182
46,4606,4606037,Пустомитівська міська громада,2025,year,12,0.12053,0.16363,0.06762,0.01435,0.05327,0.0,0.55923,0.03828,0.03312
46,4606,4606039,Рава-Руська міська громада,2021,year,12,0.08851,0.03876,0.01586,0.00124,0.01462,0.0,0.72212,0.05537,0.00549
46,4606,4606039,Рава-Руська міська громада,2025,year,12,0.14969,0.04389,0.03671,0.00579,0.03092,0.0,0.69202,0.04748,0.02087
46,4606,4606041,Сокільницька сільська громада,2021,year,12,0.24422,0.07197,0.03193,0.00553,0.02597,0.00044,0.23485,0.0,0.02345
46,4606,4606041,Сокільницька сільська громада,2025,year,12,0.175,0.10811,0.04565,0.02819,0.01745,0.0,0.49724,0.0,0.03957
46,4606,4606043,Солонківська сільська громада,2021,year,12,0.12504,0.05362,0.02759,0.00679,0.0208,0.0,0.39525,0.0,0.00455
46,4606,4606043,Солонківська сільська громада,2025,year,12,0.13579,0.20613,0.03449,0.00256,0.03194,0.0,0.24039,0.0,0.03068
46,4606,4606045,Щирецька селищна громада,2021,year,12,0.21039,0.03496,0.04975,0.00072,0.04903,0.0,0.63831,0.04966,0.01329
46,4606,4606045,Щирецька селищна громада,2025,year,12,0.214,0.02577,0.04188,0.00108,0.0408,0.0,0.64335,0.03898,0.04629
46,4608,4608001,Бісковицька сільська громада,2021,year,12,0.13066,0.02121,0.03324,0.00266,0.03058,0.0,0.60219,0.0,0.00745
46,4608,4608001,Бісковицька сільська громада,2025,year,12,0.17856,0.04276,0.04053,0.00271,0.03782,0.0,0.69097,0.0,0.01751
46,4608,4608003,Боринська селищна громада,2021,year,12,0.09243,0.0051,0.03967,0.00064,0.03903,0.0,0.73763,0.00766,0.00729
46,4608,4608003,Боринська селищна громада,2025,year,12,0.16473,0.01163,0.05194,0.00214,0.04979,0.0,0.68095,0.00599,0.00985
46,4608,4608005,Добромильська міська громада,2021,year,12,0.12021,0.02844,0.04184,0.00033,0.0415,0.0,0.5772,0.03449,0.01866
46,4608,4608005,Добромильська міська громада,2025,year,12,0.14457,0.05272,0.05907,0.00322,0.05585,0.0,0.60021,0.02844,0.04262
46,4608,4608007,Новокалинівська міська громада,2021,year,12,0.18788,0.06205,0.06179,0.01004,0.05175,0.0,0.48998,0.02728,0.0294
46,4608,4608007,Новокалинівська міська громада,2025,year,12,0.25676,0.06876,0.05136,0.00271,0.04865,0.0,0.54458,0.02775,0.05343
46,4608,4608009,Ралівська сільська громада,2021,year,12,0.12707,0.01665,0.04719,0.00471,0.04248,0.0,0.62204,0.0,0.00371
46,4608,4608009,Ралівська сільська громада,2025,year,12,0.14863,0.04158,0.04654,0.00528,0.04126,0.0,0.71412,0.0,0.0152
46,4608,4608011,Рудківська міська громада,2021,year,12,0.1503,0.02958,0.03848,0.00207,0.03641,0.0,0.68908,0.02561,0.02649
46,4608,4608011,Рудківська міська громада,2025,year,12,0.18618,0.05468,0.03652,0.00074,0.03577,0.0,0.63391,0.02654,0.03341
46,4608,4608013,Самбірська міська громада,2021,year,12,0.12748,0.07864,0.0378,0.02066,0.01663,0.0005,0.60077,0.06575,0.03799
46,4608,4608013,Самбірська міська громада,2025,year,12,0.11575,0.17331,0.02755,0.01291,0.01464,0.0,0.54584,0.0485,0.09013
46,4608,4608015,Старосамбірська міська громада,2021,year,12,0.10573,0.03128,0.06052,0.01189,0.04585,0.00277,0.63485,0.04054,0.01276
46,4608,4608015,Старосамбірська міська громада,2025,year,12,0.1674,0.05441,0.0582,0.01074,0.0434,0.00406,0.64054,0.03874,0.03746
46,4608,4608017,Стрілківська сільська громада,2021,year,12,0.09896,0.00537,0.04406,0.00089,0.04316,0.0,0.81562,0.0,0.01342
46,4608,4608017,Стрілківська сільська громада,2025,year,12,0.11643,0.02942,0.05098,0.00629,0.04468,0.0,0.7525,0.0,0.03117
46,4608,4608019,Турківська міська громада,2021,year,12,0.09496,0.04001,0.06301,0.01143,0.04847,0.00311,0.6904,0.03439,0.01548
46,4608,4608019,Турківська міська громада,2025,year,12,0.13796,0.03112,0.05306,0.0129,0.03632,0.00383,0.67519,0.03503,0.03015
46,4608,4608021,Хирівська міська громада,2021,year,12,0.12798,0.03208,0.04242,0.00035,0.04207,0.0,0.75574,0.00353,0.00673
46,4608,4608021,Хирівська міська громада,2025,year,12,0.13295,0.05217,0.03617,0.00085,0.03532,0.0,0.72755,0.02145,0.02138
46,4610,4610001,Гніздичівська селищна громада,2021,year,12,0.0953,0.04032,0.03762,0.00257,0.03505,0.0,0.45125,0.02425,0.01764
46,4610,4610001,Гніздичівська селищна громада,2025,year,12,0.15003,0.04813,0.03963,0.00164,0.03799,0.0,0.6073,0.04444,0.05249
46,4610,4610003,Грабовецько-Дулібівська сільська громада,2021,year,12,0.12287,0.0152,0.05301,0.00585,0.04715,0.0,0.60535,0.00821,0.01156
46,4610,4610003,Грабовецько-Дулібівська сільська громада,2025,year,12,0.13979,0.03027,0.0511,0.00719,0.04391,0.0,0.64702,0.02991,0.08606
46,4610,4610005,Жидачівська міська громада,2021,year,12,0.11021,0.04778,0.07966,0.02227,0.05372,0.00368,0.61873,0.04864,0.01325
46,4610,4610005,Жидачівська міська громада,2025,year,12,0.1365,0.05358,0.07028,0.01635,0.05059,0.00334,0.54834,0.04301,0.06485
46,4610,4610007,Журавненська селищна громада,2021,year,12,0.12903,0.01,0.03542,0.00025,0.03517,0.0,0.67199,0.00789,0.02536
46,4610,4610007,Журавненська селищна громада,2025,year,12,0.18593,0.03041,0.02369,0.00094,0.02275,0.0,0.64561,0.02305,0.05372
46,4610,4610009,Козівська сільська громада,2021,year,12,0.12798,0.0042,0.03216,0.00083,0.03133,0.0,0.77223,0.02689,0.01301
46,4610,4610009,Козівська сільська громада,2025,year,12,0.15823,0.02039,0.02968,0.00189,0.02779,0.0,0.7434,0.02871,0.03894
46,4610,4610011,Миколаївська міська громада,2021,year,12,0.09183,0.0785,0.05665,0.01796,0.03765,0.00104,0.59861,0.04022,0.04323
46,4610,4610011,Миколаївська міська громада,2025,year,12,0.11752,0.07164,0.0616,0.01765,0.0418,0.00214,0.55688,0.03455,0.07704
46,4610,4610013,Моршинська міська громада,2021,year,12,0.16307,0.0922,0.02806,0.0006,0.02745,0.0,0.51671,0.04668,0.03566
46,4610,4610013,Моршинська міська громада,2025,year,12,0.1344,0.11456,0.04002,0.00044,0.03953,5e-05,0.43172,0.04143,0.09598
46,4610,4610015,Новороздільська міська громада,2021,year,12,0.09832,0.26058,0.03636,0.01257,0.02379,0.0,0.46147,0.03487,0.03045
46,4610,4610015,Новороздільська міська громада,2025,year,12,0.12583,0.05306,0.04952,0.01654,0.03298,0.0,0.61464,0.04304,0.0734
46,4610,4610017,Розвадівська сільська громада,2021,year,12,0.1162,0.03102,0.04507,0.00737,0.0377,0.0,0.64705,0.0,0.00596
46,4610,4610017,Розвадівська сільська громада,2025,year,12,0.1376,0.06486,0.05103,0.0091,0.04134,0.00058,0.62136,0.0,0.05429
46,4610,4610019,Сколівська міська громада,2021,year,12,0.08822,0.05388,0.05684,0.00891,0.04772,0.00021,0.59661,0.04009,0.02348
46,4610,4610019,Сколівська міська громада,2025,year,12,0.12259,0.08204,0.08042,0.03879,0.04163,0.0,0.57427,0.03342,0.03738
46,4610,4610021,Славська селищна громада,2021,year,12,0.09916,0.04785,0.04184,0.01243,0.02811,0.0013,0.43829,0.0181,0.03001
46,4610,4610021,Славська селищна громада,2025,year,12,0.09871,0.04997,0.05957,0.02254,0.03703,0.0,0.52579,0.02108,0.11084
46,4610,4610023,Стрийська міська громада,2021,year,12,0.08163,0.05265,0.05452,0.01548,0.03832,0.00072,0.57044,0.06454,0.05337
46,4610,4610023,Стрийська міська громада,2025,year,12,0.09574,0.07509,0.08323,0.04278,0.03946,0.00099,0.52891,0.05318,0.09485
46,4610,4610025,Тростянецька сільська громада,2021,year,12,0.18973,0.03581,0.04367,0.00313,0.04053,0.0,0.58506,0.0,0.00802
46,4610,4610025,Тростянецька сільська громада,2025,year,12,0.19347,0.05357,0.0478,0.00208,0.04572,0.0,0.57282,0.0,0.04621
46,4610,4610027,Ходорівська міська громада,2021,year,12,0.1189,0.06917,0.05653,0.01191,0.04462,0.0,0.55542,0.03864,0.02297
46,4610,4610027,Ходорівська міська громада,2025,year,12,0.14584,0.06941,0.07982,0.00999,0.06983,0.0,0.52454,0.02935,0.07263
46,4612,4612001,Белзька міська громада,2021,year,12,0.10435,0.02133,0.03869,0.002,0.0367,0.0,0.71314,0.03549,0.02206
46,4612,4612001,Белзька міська громада,2025,year,12,0.17902,0.03948,0.04566,0.00114,0.04452,0.0,0.62003,0.03359,0.04341
46,4612,4612003,Великомостівська міська громада,2021,year,12,0.09082,0.02442,0.03145,0.00565,0.02581,0.0,0.71765,0.0693,0.02046
46,4612,4612003,Великомостівська міська громада,2025,year,12,0.10938,0.03695,0.02884,0.01067,0.01817,0.0,0.74475,0.06476,0.05176
46,4612,4612005,Добротвірська селищна громада,2021,year,12,0.1449,0.0328,0.04515,0.02499,0.02008,9e-05,0.54291,0.04104,0.02427
46,4612,4612005,Добротвірська селищна громада,2025,year,12,0.14567,0.24587,0.04668,0.03313,0.01346,9e-05,0.41837,0.03359,0.04085
46,4612,4612007,Лопатинська селищна громада,2021,year,12,0.09132,0.03242,0.03951,0.00108,0.03843,0.0,0.68714,0.04019,0.02961
46,4612,4612007,Лопатинська селищна громада,2025,year,12,0.11461,0.03202,0.06234,0.02236,0.03998,0.0,0.68064,0.04454,0.04838
46,4612,4612009,Радехівська міська громада,2021,year,12,0.09125,0.04879,0.05892,0.01074,0.04417,0.00401,0.67764,0.04166,0.02993
46,4612,4612009,Радехівська міська громада,2025,year,12,0.09645,0.05559,0.06574,0.01077,0.05075,0.00422,0.65024,0.03789,0.05494
46,4612,4612011,Сокальська міська громада,2021,year,12,0.06161,0.03204,0.05636,0.01654,0.03983,0.0,0.71711,0.04597,0.02122
46,4612,4612011,Сокальська міська громада,2025,year,12,0.0975,0.04381,0.06265,0.02562,0.03702,0.0,0.68251,0.04185,0.04157
46,4612,4612013,Шептицька міська громада,2021,year,12,0.08576,0.11185,0.05124,0.02353,0.0268,0.00091,0.57478,0.05071,0.02666
46,4612,4612013,Шептицька міська громада,2025,year,12,0.0941,0.09026,0.05852,0.0316,0.02692,0.0,0.58444,0.05026,0.07094
46,4614,4614001,Івано-Франківська селищна громада,2021,year,12,0.16351,0.04291,0.02398,0.00412,0.01986,0.0,0.50163,0.00368,0.03036
46,4614,4614001,Івано-Франківська селищна громада,2025,year,12,0.16409,0.08719,0.03243,0.00589,0.02654,0.0,0.52883,0.00399,0.05576
46,4614,4614003,Мостиська міська громада,2021,year,12,0.10014,0.03724,0.04684,0.00784,0.03836,0.00064,0.64663,0.02732,0.03456
46,4614,4614003,Мостиська міська громада,2025,year,12,0.17853,0.0387,0.05164,0.01913,0.03179,0.00072,0.56399,0.02357,0.07857
46,4614,4614005,Новояворівська міська громада,2021,year,12,0.08284,0.1785,0.04391,0.02117,0.02274,0.0,0.54418,0.02306,0.02028
46,4614,4614005,Новояворівська міська громада,2025,year,12,0.10494,0.06758,0.06654,0.03606,0.03048,0.0,0.65791,0.02319,0.03464
46,4614,4614007,Судововишнянська міська громада,2021,year,12,0.11682,0.04143,0.03941,0.00959,0.02967,0.00015,0.49427,0.02759,0.004
46,4614,4614007,Судововишнянська міська громада,2025,year,12,0.15435,0.03839,0.04915,0.01293,0.0361,0.00013,0.51042,0.02396,0.02664
46,4614,4614009,Шегинівська сільська громада,2021,year,12,0.15442,0.04254,0.05182,0.00032,0.05078,0.00073,0.56789,0.00334,0.03277
46,4614,4614009,Шегинівська сільська громада,2025,year,12,0.20022,0.05071,0.08208,0.02366,0.05735,0.00108,0.56495,0.00296,0.05195
46,4614,4614011,Яворівська міська громада,2021,year,12,0.07899,0.05237,0.06036,0.01492,0.0448,0.00065,0.6771,0.02433,0.03181
46,4614,4614011,Яворівська міська громада,2025,year,12,0.09796,0.05429,0.06461,0.01913,0.04229,0.00319,0.68009,0.02114,0.04739
48,4802,4802001,Баштанська міська громада,2021,year,12,0.12153,0.05675,0.06119,0.01544,0.04574,0.0,0.60612,0.02881,0.03564
48,4802,4802001,Баштанська міська громада,2025,year,12,0.16885,0.06996,0.06417,0.0147,0.04947,0.0,0.56672,0.0204,0.0809
48,4802,4802003,Березнегуватська селищна громада,2021,year,12,0.12782,0.02832,0.05504,0.01251,0.04254,0.0,0.66332,0.01752,0.04998
48,4802,4802003,Березнегуватська селищна громада,2025,year,12,0.13175,0.05972,0.0604,0.00886,0.05153,0.0,0.61641,0.01585,0.07935
48,4802,4802005,Вільнозапорізька сільська громада,2021,year,12,0.16151,0.03367,0.04017,0.0,0.04017,0.0,0.71204,0.0,0.02593
48,4802,4802005,Вільнозапорізька сільська громада,2025,year,12,0.23512,0.01841,0.02425,0.00189,0.02237,0.0,0.5075,0.0,0.11839
48,4802,4802007,Володимирівська сільська громада,2021,year,12,0.27039,0.0689,0.02658,0.0,0.02658,0.0,0.51941,0.0,0.06018
48,4802,4802007,Володимирівська сільська громада,2025,year,12,0.29594,0.05215,0.0238,0.00198,0.02183,0.0,0.4275,0.0,0.19521
48,4802,4802009,Горохівська сільська громада,2021,year,12,0.11228,0.0183,0.01929,0.0,0.01929,0.0,0.82162,0.0,0.0035
48,4802,4802009,Горохівська сільська громада,2025,year,12,0.17851,0.15365,0.01556,0.0,0.01556,0.0,0.62144,0.0,0.00825
48,4802,4802011,Інгульська сільська громада,2021,year,12,0.16029,0.04337,0.03078,6e-05,0.03073,0.0,0.70362,0.0,0.01296
48,4802,4802011,Інгульська сільська громада,2025,year,12,0.17809,0.08477,0.02165,0.0,0.02165,0.0,0.61579,0.0,0.04302
48,4802,4802013,Казанківська селищна громада,2021,year,12,0.12191,0.03925,0.0626,0.01146,0.05114,0.0,0.66055,0.0164,0.06557
48,4802,4802013,Казанківська селищна громада,2025,year,12,0.1773,0.0539,0.07387,0.01168,0.06219,0.0,0.52959,0.01562,0.10808
48,4802,4802015,Новобузька міська громада,2021,year,12,0.09918,0.06409,0.06587,0.01472,0.05115,0.0,0.6026,0.0407,0.04819
48,4802,4802015,Новобузька міська громада,2025,year,12,0.12544,0.12424,0.0618,0.01733,0.04447,0.0,0.55521,0.04146,0.06283
48,4802,4802017,Привільненська сільська громада,2021,year,12,0.23219,0.05257,0.02719,0.0,0.02719,0.0,0.63986,0.0,0.00827
48,4802,4802017,Привільненська сільська громада,2025,year,12,0.24061,0.21475,0.01881,0.0,0.01881,0.0,0.50402,0.01172,0.01201
48,4802,4802019,Снігурівська міська громада,2021,year,12,0.10605,0.04729,0.04538,0.00923,0.03615,0.0,0.66932,0.02573,0.05036
48,4802,4802019,Снігурівська міська громада,2025,year,12,0.17235,0.07771,0.03612,0.01192,0.02419,0.0,0.56501,0.02827,0.06998
48,4802,4802021,Софіївська сільська громада,2021,year,12,0.16887,0.05438,0.04104,0.0,0.04104,0.0,0.63923,0.0191,0.07111
48,4802,4802021,Софіївська сільська громада,2025,year,12,0.21173,0.05839,0.02992,0.00278,0.02714,0.0,0.60398,0.07604,0.09172
48,4802,4802023,Широківська селищна громада,2021,year,12,0.11402,0.01103,0.02292,0.00601,0.01691,0.0,0.64769,0.0,0.00758
48,4802,4802023,Широківська селищна громада,2025,year,12,0.23729,0.03316,0.0156,0.00052,0.01508,0.0,0.68504,0.0,0.02748
48,4804,4804001,Братська селищна громада,2021,year,12,0.11147,0.05552,0.04595,0.00747,0.03848,0.0,0.66432,0.01514,0.04896
48,4804,4804001,Братська селищна громада,2025,year,12,0.16435,0.04248,0.03994,0.00462,0.03532,0.0,0.58359,0.00695,0.06981
48,4804,4804003,Бузька сільська громада,2021,year,12,0.16201,0.05797,0.06347,0.0,0.06347,0.0,0.49035,0.01816,0.03573
48,4804,4804003,Бузька сільська громада,2025,year,12,0.18464,0.11926,0.06283,0.0,0.06283,0.0,0.46253,0.0,0.07953
48,4804,4804005,Веселинівська селищна громада,2021,year,12,0.13322,0.06287,0.04857,0.01159,0.03699,0.0,0.67021,0.01904,0.0398
48,4804,4804005,Веселинівська селищна громада,2025,year,12,0.16076,0.06921,0.04407,0.01281,0.03126,0.0,0.64303,0.01672,0.05354
48,4804,4804007,Вознесенська міська територіальна громада,2021,year,12,0.09296,0.05296,0.04796,0.02555,0.0224,0.0,0.65081,0.03432,0.05721
48,4804,4804007,Вознесенська міська територіальна громада,2025,year,12,0.11604,0.06648,0.04196,0.02314,0.01882,0.0,0.552,0.02488,0.07353
48,4804,4804009,Доманівська селищна громада,2021,year,12,0.10448,0.05685,0.0504,0.02416,0.02624,0.0,0.68521,0.02312,0.05831
48,4804,4804009,Доманівська селищна громада,2025,year,12,0.21525,0.02766,0.04677,0.02887,0.01789,0.0,0.53747,0.01319,0.07232
48,4804,4804011,Дорошівська сільська громада,2021,year,12,0.12992,0.01934,0.06324,0.02645,0.03679,0.0,0.69059,0.0,0.00941
48,4804,4804011,Дорошівська сільська громада,2025,year,12,0.15949,0.05257,0.05465,0.01981,0.03484,0.0,0.64889,0.0,0.06812
48,4804,4804013,Єланецька селищна громада,2021,year,12,0.14824,0.05711,0.04913,0.00759,0.04153,0.0,0.63288,0.01823,0.04715
48,4804,4804013,Єланецька селищна громада,2025,year,12,0.15098,0.04953,0.03717,0.01204,0.02513,0.0,0.61889,0.01552,0.05841
48,4804,4804015,Мостівська сільська громада,2021,year,12,0.15251,0.07618,0.01351,0.0,0.01351,0.0,0.61549,0.00572,0.00455
48,4804,4804015,Мостівська сільська громада,2025,year,12,0.21096,0.01997,0.01093,0.00173,0.0092,0.0,0.51137,0.0,0.1445
48,4804,4804017,Новомар'ївська сільська громада,2021,year,12,0.25949,0.01295,0.02362,0.0,0.02362,0.0,0.68177,0.01047,0.00791
48,4804,4804017,Новомар'ївська сільська громада,2025,year,12,0.25904,0.02525,0.02299,0.00042,0.02257,0.0,0.63882,0.00687,0.0181
48,4804,4804019,Олександрівка,2021,year,12,0.0944,0.0141,0.01666,0.0,0.01666,0.0,0.58779,0.03512,0.07703
48,4804,4804019,Олександрівка,2025,year,12,0.1165,0.02746,0.02164,0.0,0.02164,0.0,0.66075,0.02487,0.07047
48,4804,4804021,Прибужанівська сільська громада,2021,year,12,0.10454,0.03728,0.02798,0.00018,0.0278,0.0,0.7405,0.0,0.05242
48,4804,4804021,Прибужанівська сільська громада,2025,year,12,0.12896,0.04458,0.02627,0.0,0.02627,0.0,0.72645,0.0,0.06555
48,4804,4804023,Прибузька сільська громада,2021,year,12,0.16412,0.03844,0.01552,0.0,0.01552,0.0,0.69759,0.0,0.03437
48,4804,4804023,Прибузька сільська громада,2025,year,12,0.09749,0.02264,0.01032,0.0,0.01032,0.0,0.75522,0.0,0.04977
48,4804,4804025,Південноукраїнська міська громада,2021,year,12,0.13534,0.0674,0.03574,0.01114,0.02461,0.0,0.47891,0.03691,0.05604
48,4804,4804025,Південноукраїнська міська громада,2025,year,12,0.15274,0.10132,0.0263,0.00989,0.01641,0.0,0.50329,0.03406,0.08176
48,4806,4806001,Березанська селищна громада,2021,year,12,0.09473,0.04336,0.05364,0.00799,0.04565,0.0,0.67122,0.01659,0.02981
48,4806,4806001,Березанська селищна громада,2025,year,12,0.15161,0.04327,0.03303,0.006,0.02703,0.0,0.68457,0.0113,0.05271
48,4806,4806003,Веснянська сільська громада,2021,year,12,0.13752,0.0786,0.0278,0.0,0.0278,0.0,0.63856,0.0,0.00392
48,4806,4806003,Веснянська сільська громада,2025,year,12,0.19121,0.06498,0.01603,0.0,0.01603,0.0,0.47934,0.0,0.05818
48,4806,4806005,Воскресенська селищна територіальна громада,2021,year,12,0.14279,0.03064,0.03205,0.0,0.03205,0.0,0.73929,0.01985,0.00384
48,4806,4806005,Воскресенська селищна територіальна громада,2025,year,12,0.19785,0.14124,0.03496,0.0,0.03496,0.0,0.55988,0.01063,0.03611
48,4806,4806007,Галицинівська сільська громада,2021,year,12,0.13144,0.06839,0.05931,0.00799,0.05132,0.0,0.46566,0.01877,0.0092
48,4806,4806007,Галицинівська сільська громада,2025,year,12,0.18093,0.20574,0.03399,0.00079,0.0332,0.0,0.4074,0.01059,0.03322
48,4806,4806009,Коблівська сільська громада,2021,year,12,0.14131,0.05719,0.03242,7e-05,0.03236,0.0,0.63403,0.00772,0.07568
48,4806,4806009,Коблівська сільська громада,2025,year,12,0.11851,0.13469,0.00977,0.0,0.00977,0.0,0.58264,0.00157,0.04235
48,4806,4806011,Костянтинівська сільська територіальна громада,2021,year,12,0.21515,0.01841,0.03221,0.0,0.03221,0.0,0.70645,0.0,0.01208
48,4806,4806011,Костянтинівська сільська територіальна громада,2025,year,12,0.19054,0.09211,0.04997,0.00091,0.04905,0.0,0.59111,0.0,0.04607
48,4806,4806013,Куцурубська сільська громада,2021,year,12,0.1054,0.03066,0.03708,0.0,0.03708,0.0,0.71798,0.02785,0.05277
48,4806,4806013,Куцурубська сільська громада,2025,year,12,0.16929,0.11138,0.05137,0.0,0.05137,0.0,0.51267,0.01003,0.07954
48,4806,4806015,Миколаївська міська територіальна громада,2021,year,12,0.08041,0.18141,0.07026,0.03798,0.03228,0.0,0.44351,0.02949,0.04535
48,4806,4806015,Миколаївська міська територіальна громада,2025,year,12,0.0795,0.1306,0.05112,0.0294,0.02172,0.0,0.38542,0.01822,0.0543
48,4806,4806017,Мішково-Погорілівська сільська громада,2021,year,12,0.1675,0.04828,0.00546,0.0,0.00546,0.0,0.55382,0.02149,0.01566
48,4806,4806017,Мішково-Погорілівська сільська громада,2025,year,12,0.24767,0.11476,0.01767,0.0001,0.01757,0.0,0.42553,0.01668,0.07354
48,4806,4806019,Нечаянська сільська громада,2021,year,12,0.17086,0.03262,0.03692,0.00122,0.03569,0.0,0.66442,0.0,0.0021
48,4806,4806019,Нечаянська сільська громада,2025,year,12,0.2323,0.19163,0.0167,0.00088,0.01583,0.0,0.38613,0.0,0.01113
48,4806,4806021,Новоодеська міська громада,2021,year,12,0.11827,0.04268,0.05812,0.02308,0.03504,0.0,0.62925,0.03517,0.08192
48,4806,4806021,Новоодеська міська громада,2025,year,12,0.14654,0.09622,0.05484,0.01905,0.03579,0.0,0.52472,0.02007,0.10087
48,4806,4806023,Ольшанська селищна громада,2021,year,12,0.14251,0.04913,0.06348,0.00833,0.05515,0.0,0.66903,0.01021,0.03277
48,4806,4806023,Ольшанська селищна громада,2025,year,12,0.17322,0.04633,0.15075,0.00859,0.14216,0.0,0.51732,0.00932,0.07506
48,4806,4806025,Очаківська міська громада,2021,year,12,0.14566,0.10919,0.05738,0.02886,0.02852,0.0,0.50091,0.03189,0.03129
48,4806,4806025,Очаківська міська громада,2025,year,12,0.29483,0.19856,0.03065,0.01458,0.01607,0.0,0.26814,0.00383,0.03285
48,4806,4806027,Первомайська селищна громада,2021,latest,12,0.15926,0.09638,0.03388,0.00061,0.03327,0.0,0.68384,0.01266,0.00462
48,4806,4806027,Первомайська селищна громада,2025,year,12,0.27048,0.04428,0.01681,0.00193,0.01488,0.0,0.3974,0.0,0.04944
48,4806,4806029,Радсадівська сільська громада,2021,year,12,0.17564,0.02532,0.04484,0.0,0.04484,0.0,0.706,0.0,0.00263
48,4806,4806029,Радсадівська сільська громада,2025,year,12,0.13843,0.02659,0.04351,0.0,0.04351,0.0,0.56702,0.0,0.06065
48,4806,4806031,Степівська сільська громада,2021,year,12,0.11803,0.02768,0.02832,0.00019,0.02812,0.0,0.74576,0.00238,0.01647
48,4806,4806031,Степівська сільська громада,2025,year,12,0.10747,0.03751,0.01868,0.00081,0.01787,0.0,0.57646,0.0,0.06527
48,4806,4806033,Сухоєланецька сільська громада,2021,year,12,0.20269,0.02081,0.04216,0.0,0.04216,0.0,0.6553,0.0,0.00967
48,4806,4806033,Сухоєланецька сільська громада,2025,year,12,0.22079,0.05417,0.06141,0.0,0.06141,0.0,0.57438,0.0,0.06841
48,4806,4806035,Чорноморська сільська громада,2021,year,12,0.06809,0.19155,0.03869,0.0,0.03869,0.0,0.59094,0.0,0.04634
48,4806,4806035,Чорноморська сільська громада,2025,year,12,0.07822,0.19956,0.02109,0.0,0.02109,0.0,0.34269,0.0,0.16179
48,4806,4806037,Шевченківська сільська громада,2021,year,12,0.10432,0.01576,0.02295,0.0,0.02295,0.0,0.77947,0.02593,0.02839
48,4806,4806037,Шевченківська сільська громада,2025,year,12,0.17543,0.06075,0.01635,0.00042,0.01593,0.0,0.6593,0.01726,0.04544
48,4808,4808001,Арбузинська селищна громада,2021,year,12,0.09486,0.05105,0.05411,0.01517,0.03894,0.0,0.62802,0.03011,0.09122
48,4808,4808001,Арбузинська селищна громада,2025,year,12,0.11508,0.02965,0.0499,0.01572,0.03418,0.0,0.54378,0.02036,0.16749
48,4808,4808003,Благодатненська сільська громада,2021,year,12,0.15856,0.05992,0.04214,0.00011,0.04203,0.0,0.6652,0.0,0.0397
48,4808,4808003,Благодатненська сільська громада,2025,year,12,0.17802,0.05088,0.05161,0.00184,0.04977,0.0,0.62627,0.0,0.05721
48,4808,4808005,Врадіївська селищна громада,2021,year,12,0.13014,0.02049,0.04016,0.00954,0.03062,0.0,0.68825,0.03409,0.05025
48,4808,4808005,Врадіївська селищна громада,2025,year,12,0.21023,0.02939,0.04023,0.00911,0.03112,0.0,0.61594,0.02813,0.06252
48,4808,4808007,Кам'яномостівська сільська громада,2021,year,12,0.11695,0.01364,0.03303,0.01074,0.02229,0.0,0.70672,0.0,0.06234
48,4808,4808007,Кам'яномостівська сільська громада,2025,year,12,0.14116,0.02682,0.02085,0.0,0.02085,0.0,0.60203,0.0,0.06537
48,4808,4808009,Кривоозерська селищна громада,2021,year,12,0.15588,0.07616,0.0468,0.007,0.0398,0.0,0.62706,0.01675,0.04774
48,4808,4808009,Кривоозерська селищна громада,2025,year,12,0.31381,0.04743,0.04158,0.00775,0.03383,0.0,0.46633,0.01301,0.06334
48,4808,4808011,Мигіївська сільська громада,2021,year,12,0.13955,0.1016,0.03502,0.00845,0.02614,0.00043,0.61352,0.02437,0.0299
48,4808,4808011,Мигіївська сільська громада,2025,year,12,0.16471,0.06157,0.01902,0.00232,0.01599,0.00071,0.60429,0.02603,0.05129
48,4808,4808013,Первомайська міська громада,2021,latest,12,0.0981,0.031,0.03762,0.01176,0.02585,0.0,0.67089,0.05069,0.04487
48,4808,4808013,Первомайська міська громада,2025,year,12,0.11233,0.05157,0.04288,0.01086,0.03189,0.00013,0.59438,0.03893,0.08349
48,4808,4808015,Синюхинобрідська сільська громада,2021,year,12,0.18614,0.03129,0.02873,0.0,0.02873,0.0,0.59489,0.0,0.0245
48,4808,4808015,Синюхинобрідська сільська громада,2025,year,12,0.23151,0.04125,0.02749,0.0,0.02749,0.0,0.53,0.0,0.04007
51,5102,5102001,Чернівська сільська територіальна громада,2021,year,12,0.12987,0.07452,0.06312,0.0,0.06312,0.0,0.5894,0.0,0.05814
51,5102,5102001,Чернівська сільська територіальна громада,2025,year,12,0.13537,0.05662,0.02663,0.00129,0.02533,0.0,0.68303,0.02008,0.07799
51,5102,5102003,Березівська міська громада,2021,year,12,0.07935,0.0716,0.04308,0.0134,0.02968,0.0,0.58464,0.03428,0.03222
51,5102,5102003,Березівська міська громада,2025,year,12,0.12669,0.07572,0.0416,0.01582,0.02578,0.0,0.51521,0.02604,0.0806
51,5102,5102005,Великобуялицька сільська громада,2021,year,12,0.13723,0.06221,0.01466,0.00079,0.01386,0.0,0.67306,0.03574,0.00575
51,5102,5102005,Великобуялицька сільська громада,2025,year,12,0.21414,0.07785,0.00874,0.00105,0.00769,0.0,0.65835,0.03142,0.02068
51,5102,5102007,Знам'янська сільська громада,2021,year,12,0.11543,0.06665,0.02748,0.00427,0.0232,0.0,0.66907,0.01847,0.06891
51,5102,5102007,Знам'янська сільська громада,2025,year,12,0.15006,0.02308,0.02377,0.00268,0.02109,0.0,0.63476,0.01997,0.144
51,5102,5102009,Іванівська селищна громада,2021,year,12,0.12772,0.08169,0.04833,0.0168,0.03153,0.0,0.64542,0.0251,0.01499
51,5102,5102009,Іванівська селищна громада,2025,year,12,0.14987,0.07194,0.04104,0.01461,0.02643,0.0,0.61749,0.01726,0.06697
51,5102,5102011,Коноплянська сільська громада,2021,year,12,0.10304,0.02821,0.02113,0.0,0.02113,0.0,0.79488,0.0,0.00667
51,5102,5102011,Коноплянська сільська громада,2025,year,12,0.14966,0.01005,0.01637,0.0,0.01637,0.0,0.73535,0.0,0.06849
51,5102,5102013,Курісівська сільська громада,2021,year,12,0.19146,0.06834,0.03801,0.00069,0.03732,0.0,0.65683,0.0,0.0082
51,5102,5102013,Курісівська сільська громада,2025,year,12,0.27146,0.06393,0.03296,0.0002,0.03276,0.0,0.60268,0.0,0.02686
51,5102,5102015,Миколаївська селищна громада,2021,year,12,0.14607,0.05955,0.04368,0.00066,0.04303,0.0,0.68456,0.03283,0.04568
51,5102,5102015,Миколаївська селищна громада,2025,year,12,0.2007,0.03438,0.03225,0.00067,0.03159,0.0,0.61595,0.02482,0.06323
51,5102,5102017,Новокальчівська сільська громада,2021,year,12,0.08551,0.11019,0.0445,0.0,0.0445,0.0,0.68813,0.0,0.01765
51,5102,5102017,Новокальчівська сільська громада,2025,year,12,0.13673,0.09037,0.04822,0.0,0.04822,0.0,0.5754,0.0,0.08457
51,5102,5102019,Петровірівська сільська громада,2021,year,12,0.20627,0.0496,0.01391,0.0,0.01391,0.0,0.51962,0.0,0.06667
51,5102,5102019,Петровірівська сільська громада,2025,year,12,0.25164,0.07251,0.01217,8e-05,0.0121,0.0,0.52724,0.0,0.09048
51,5102,5102021,Раухівська селищна громада,2021,year,12,0.18459,0.03529,0.03356,0.0,0.03356,0.0,0.60299,0.0,0.02357
51,5102,5102021,Раухівська селищна громада,2025,year,12,0.22386,0.07635,0.04168,0.00223,0.03945,0.0,0.58303,0.0,0.0439
51,5102,5102023,Розквітівська сільська громада,2021,year,12,0.12549,0.08335,0.03707,0.0,0.03707,0.0,0.71956,0.0,0.01014
51,5102,5102023,Розквітівська сільська громада,2025,year,12,0.18907,0.04364,0.02843,0.00074,0.02769,0.0,0.59324,0.0,0.03257
51,5102,5102025,Старомаяківська сільська громада,2021,year,12,0.23945,0.07836,0.0456,0.0,0.0456,0.0,0.53101,0.0,0.02597
51,5102,5102025,Старомаяківська сільська громада,2025,year,12,0.26327,0.01706,0.03392,0.00086,0.03306,0.0,0.50865,0.0,0.03988
51,5102,5102027,Стрюківська сільська громада,2021,year,12,0.18926,0.08719,0.04231,0.0,0.04231,0.0,0.67613,0.0,0.00356
51,5102,5102027,Стрюківська сільська громада,2025,year,12,0.282,0.04466,0.04465,0.0012,0.04345,0.0,0.56358,0.0,0.03129
51,5102,5102029,Чогодарівська сільська громада,2021,year,12,0.38163,0.05785,0.0393,0.0,0.0393,0.0,0.4041,0.0,0.09008
51,5102,5102029,Чогодарівська сільська громада,2025,year,12,0.27031,0.03812,0.03692,0.0,0.03692,0.0,0.47454,0.0,0.12532
51,5102,5102031,Ширяївська селищна громада,2021,year,12,0.1963,0.03887,0.04658,0.01518,0.03141,0.0,0.64905,0.0247,0.01652
51,5102,5102031,Ширяївська селищна громада,2025,year,12,0.20068,0.06352,0.04168,0.01163,0.03004,0.0,0.56989,0.02027,0.02852
51,5104,5104001,Білгород-Дністровська міська громада,2021,year,12,0.112,0.08499,0.06532,0.02511,0.03704,0.00317,0.60534,0.04058,0.02865
51,5104,5104001,Білгород-Дністровська міська громада,2025,year,12,0.12551,0.08474,0.06912,0.02605,0.03749,0.00558,0.6288,0.03523,0.03908
51,5104,5104003,Дивізійська сільська громада,2021,year,12,0.13481,0.08832,0.02368,0.00181,0.02187,0.0,0.73209,0.0,0.01277
51,5104,5104003,Дивізійська сільська громада,2025,year,12,0.2852,0.09946,0.01168,0.00049,0.01119,0.0,0.54604,0.0,0.02267
51,5104,5104005,Кароліно-Бугазька сільська громада,2021,year,12,0.3182,0.23276,0.02384,0.0,0.02384,0.0,0.32786,0.0287,0.02457
51,5104,5104005,Кароліно-Бугазька сільська громада,2025,year,12,0.31072,0.23309,0.02507,0.0,0.02507,0.0,0.28849,0.02471,0.05118
51,5104,5104007,Кулевчанська сільська громада,2021,year,12,0.27084,0.03478,0.0588,0.02133,0.03747,0.0,0.54782,0.0,0.01579
51,5104,5104007,Кулевчанська сільська громада,2025,year,12,0.20131,0.03007,0.05319,0.03214,0.02105,0.0,0.57204,0.0,0.01593
51,5104,5104009,Лиманська сільська громада,2021,latest,12,0.154,0.10641,0.03951,0.00121,0.03831,0.0,0.6094,0.0,0.05713
51,5104,5104009,Лиманська сільська громада,2025,year,12,0.24454,0.01677,0.03673,0.0019,0.03483,0.0,0.61406,0.0,0.05971
51,5104,5104011,Маразліївська сільська громада,2021,year,12,0.14335,0.12198,0.00433,0.0,0.00433,0.0,0.70117,0.0,0.01983
51,5104,5104011,Маразліївська сільська громада,2025,year,12,0.12992,0.14125,0.01527,0.00124,0.01404,0.0,0.63789,0.0,0.05219
51,5104,5104013,Мологівська сільська громада,2021,year,12,0.0789,0.06654,0.0091,0.00025,0.00885,0.0,0.8246,0.03024,0.00362
51,5104,5104013,Мологівська сільська громада,2025,year,12,0.09972,0.08599,0.00795,0.00092,0.00703,0.0,0.74894,0.00936,0.03449
51,5104,5104015,Петропавлівська сільська громада,2021,year,12,0.14861,0.02219,0.01867,0.0,0.01867,0.0,0.7326,0.0,0.01991
51,5104,5104015,Петропавлівська сільська громада,2025,year,12,0.15308,0.00798,0.01871,0.0,0.01871,0.0,0.69628,0.0,0.05989
51,5104,5104017,Плахтіївська сільська громада,2021,year,12,0.14029,0.01407,0.05598,0.00183,0.05415,0.0,0.70097,0.0,0.01842
51,5104,5104017,Плахтіївська сільська громада,2025,year,12,0.11013,0.02761,0.02692,0.00079,0.02613,0.0,0.54328,0.0,0.01767
51,5104,5104019,Саратська селищна громада,2021,year,12,0.11433,0.00069,0.07674,0.02084,0.0559,0.0,0.66787,0.04176,0.01732
51,5104,5104019,Саратська селищна громада,2025,year,12,0.12901,0.01696,0.06744,0.01677,0.05067,0.0,0.63103,0.0159,0.03618
51,5104,5104021,Сергіївська селищна громада,2021,year,12,0.18931,0.13894,0.04394,0.01329,0.03027,0.00037,0.48196,0.01971,0.01418
51,5104,5104021,Сергіївська селищна громада,2025,year,12,0.15776,0.27003,0.0465,0.01711,0.02939,0.0,0.38341,0.00688,0.04658
51,5104,5104023,Старокозацька сільська громада,2021,year,12,0.12316,0.04738,0.02867,0.0011,0.02757,0.0,0.72465,0.0223,0.01009
51,5104,5104023,Старокозацька сільська громада,2025,year,12,0.16186,0.1089,0.01726,0.00113,0.01612,0.0,0.61482,0.01822,0.04891
51,5104,5104025,Татарбунарська міська громада,2021,year,12,0.07704,0.08146,0.05265,0.01799,0.03466,0.0,0.63447,0.02942,0.01021
51,5104,5104025,Татарбунарська міська громада,2025,year,12,0.11065,0.10102,0.05263,0.01764,0.03499,0.0,0.64183,0.02861,0.02958
51,5104,5104027,Тузлівська сільська громада,2021,year,12,0.16865,0.05163,0.03496,0.0,0.03496,0.0,0.71037,0.0,0.00516
51,5104,5104027,Тузлівська сільська громада,2025,year,12,0.17543,0.04266,0.04314,0.0,0.04314,0.0,0.71062,0.0,0.0078
51,5104,5104029,Успенівська сільська громада,2021,year,12,0.13319,0.00867,0.04592,0.00153,0.0444,0.0,0.74491,0.0,0.01523
51,5104,5104029,Успенівська сільська громада,2025,year,12,0.14625,0.07633,0.04059,0.0004,0.04019,0.0,0.67695,0.0,0.04074
51,5104,5104031,Шабівська сільська громада,2021,year,12,0.11321,0.05849,0.03762,0.00182,0.03557,0.00023,0.7214,0.03205,0.00371
51,5104,5104031,Шабівська сільська громада,2025,year,12,0.15285,0.10708,0.04281,0.0036,0.03887,0.00033,0.65433,0.03133,0.01595
51,5106,5106001,Арцизька міська громада,2021,year,12,0.0902,0.08845,0.07143,0.01795,0.05348,0.0,0.63939,0.02601,0.02475
51,5106,5106001,Арцизька міська громада,2025,year,12,0.11013,0.08812,0.05258,0.01387,0.0387,0.0,0.51407,0.01653,0.03873
51,5106,5106003,Болградська міська громада,2021,year,12,0.11635,0.09445,0.05508,0.01718,0.0379,0.0,0.61726,0.04169,0.01851
51,5106,5106003,Болградська міська громада,2025,year,12,0.15208,0.08941,0.08394,0.0155,0.06844,0.0,0.48123,0.0337,0.04821
51,5106,5106005,Буджацька селищна територіальна громада,2021,year,12,0.15886,0.03294,0.05288,0.00171,0.05117,0.0,0.63698,0.00857,0.03455
51,5106,5106005,Буджацька селищна територіальна громада,2025,year,12,0.13416,0.06445,0.0639,0.00774,0.05616,0.0,0.61455,0.01171,0.05945
51,5106,5106007,Василівська сільська громада,2021,year,12,0.12508,0.04156,0.07304,0.00292,0.07012,0.0,0.63883,0.0,0.00856
51,5106,5106007,Василівська сільська громада,2025,year,12,0.15259,0.05093,0.11805,0.01441,0.10364,0.0,0.60125,0.0,0.02693
51,5106,5106009,Городненська сільська громада,2021,year,12,0.12043,0.03198,0.05627,0.0113,0.04498,0.0,0.68914,0.0,0.00406
51,5106,5106009,Городненська сільська громада,2025,year,12,0.12979,0.08952,0.03941,0.00812,0.03128,0.0,0.64203,0.0,0.02087
51,5106,5106011,Криничненська сільська громада,2021,year,12,0.11433,0.08235,0.13208,0.08753,0.04455,0.0,0.50902,0.0,0.10821
51,5106,5106011,Криничненська сільська громада,2025,year,12,0.14094,0.08716,0.058,0.01036,0.04764,0.0,0.52429,0.0,0.1452
51,5106,5106013,Кубейська сільська громада,2021,year,12,0.12811,0.08704,0.06457,0.00952,0.05505,0.0,0.71071,0.0,0.00676
51,5106,5106013,Кубейська сільська громада,2025,year,12,0.20108,0.12909,0.06058,0.01795,0.04263,0.0,0.56621,0.01194,0.02715
51,5106,5106015,Павлівська сільська громада,2021,year,12,0.20523,0.11925,0.04906,0.00409,0.04497,0.0,0.60971,0.0,0.00981
51,5106,5106015,Павлівська сільська громада,2025,year,12,0.20005,0.14496,0.04762,0.00268,0.04493,0.0,0.57757,0.0,0.02765
51,5106,5106017,Бессарабська селищна територіальна громада,2021,year,12,0.14704,0.06902,0.0754,0.01195,0.06344,0.0,0.56301,0.01252,0.05238
51,5106,5106017,Бессарабська селищна територіальна громада,2025,year,12,0.14415,0.08291,0.07417,0.01396,0.06021,0.0,0.51896,0.01027,0.07222
51,5106,5106019,Теплицька сільська громада,2021,year,12,0.25969,0.03933,0.0535,0.00128,0.05222,0.0,0.63996,0.0,0.00288
51,5106,5106019,Теплицька сільська громада,2025,year,12,0.24686,0.04518,0.03986,0.0,0.03986,0.0,0.59025,0.0,0.06919
51,5108,5108001,Вилківська міська громада,2021,year,12,0.0924,0.07703,0.05223,0.02563,0.0266,0.0,0.60942,0.01715,0.03756
51,5108,5108001,Вилківська міська громада,2025,year,12,0.17566,0.04293,0.05374,0.02377,0.02996,0.0,0.65621,0.01948,0.05
51,5108,5108003,Ізмаїльська міська громада,2021,year,12,0.10873,0.22087,0.043,0.00805,0.03495,0.0,0.44036,0.04296,0.0178
51,5108,5108003,Ізмаїльська міська громада,2025,year,12,0.09056,0.32129,0.04911,0.01404,0.03507,0.0,0.38541,0.03276,0.05473
51,5108,5108005,Кілійська міська громада,2021,year,12,0.1205,0.09504,0.0464,0.01448,0.03192,0.0,0.68244,0.02469,0.01688
51,5108,5108005,Кілійська міська громада,2025,year,12,0.14451,0.07675,0.04498,0.01405,0.03093,0.0,0.61969,0.02126,0.05237
51,5108,5108007,Ренійська міська громада,2021,year,12,0.05661,0.1135,0.03996,0.00511,0.03465,0.0002,0.59163,0.0409,0.02579
51,5108,5108007,Ренійська міська громада,2025,year,12,0.09622,0.15518,0.045,0.00621,0.03858,0.00021,0.60524,0.0414,0.0544
51,5108,5108009,Саф'янівська сільська громада,2021,latest,12,0.13667,0.02868,0.05582,0.01221,0.04361,0.0,0.6366,0.01301,0.01461
51,5108,5108009,Саф'янівська сільська громада,2025,year,12,0.15702,0.03458,0.05769,0.01928,0.03841,0.0,0.60881,0.01152,0.04228
51,5108,5108011,Катлабузька селищна територіальна громада,2021,year,12,0.15645,0.02847,0.07227,0.02488,0.04739,0.0,0.55712,0.0,0.04862
51,5108,5108011,Катлабузька селищна територіальна громада,2025,year,12,0.18684,0.04867,0.07309,0.02325,0.04984,0.0,0.57945,0.0,0.0818
51,5110,5110001,Авангардівська селищна громада,2021,year,12,0.11367,0.10685,0.07938,0.01549,0.0622,0.00169,0.39332,0.0,0.0294
51,5110,5110001,Авангардівська селищна громада,2025,year,12,0.08764,0.09455,0.06886,0.0193,0.04855,0.00102,0.53607,0.0,0.07247
51,5110,5110003,Біляївська міська громада,2021,year,12,0.11534,0.08914,0.05907,0.02179,0.03442,0.00287,0.58101,0.00999,0.01
51,5110,5110003,Біляївська міська громада,2025,year,12,0.14872,0.07693,0.05753,0.01778,0.03975,0.0,0.49756,0.01432,0.10702
51,5110,5110005,Великодальницька сільська громада,2021,year,12,0.12868,0.02663,0.03915,0.01026,0.02888,0.0,0.68886,0.0,0.00321
51,5110,5110005,Великодальницька сільська громада,2025,year,12,0.19368,0.08748,0.03775,0.00813,0.02961,0.0,0.64276,0.0,0.01198
51,5110,5110007,Великодолинська селищна громада,2021,year,12,0.17652,0.10808,0.05148,0.03213,0.01836,0.001,0.5409,0.04254,0.03219
51,5110,5110007,Великодолинська селищна громада,2025,year,12,0.13083,0.15134,0.02523,0.01238,0.01285,0.0,0.32072,0.02228,0.02819
51,5110,5110009,Вигодянська сільська громада,2021,year,12,0.13497,0.05999,0.04712,0.003,0.04412,0.0,0.70037,0.0,0.01047
51,5110,5110009,Вигодянська сільська громада,2025,year,12,0.11902,0.07409,0.03612,0.00063,0.03549,0.0,0.64338,0.0,0.03935
51,5110,5110011,Визирська сільська громада,2021,year,12,0.09856,0.12023,0.034,0.00033,0.03367,0.0,0.26381,0.01256,0.03234
51,5110,5110011,Визирська сільська громада,2025,year,12,0.14418,0.11481,0.03516,0.00031,0.03485,0.0,0.48104,0.0149,0.05286
51,5110,5110013,Дальницька сільська громада,2021,year,12,0.09742,0.0624,0.02864,0.00517,0.02347,0.0,0.42462,0.0,0.00796
51,5110,5110013,Дальницька сільська громада,2025,year,12,0.16239,0.06862,0.02397,0.00599,0.01798,0.0,0.52303,0.0,0.04056
51,5110,5110015,Дачненська сільська громада,2021,year,12,0.15261,0.06125,0.04671,0.00415,0.04257,0.0,0.61993,0.0,0.01622
51,5110,5110015,Дачненська сільська громада,2025,year,12,0.19351,0.09853,0.03466,0.00482,0.02985,0.0,0.59621,0.0145,0.02508
51,5110,5110017,Доброславська селищна громада,2021,year,12,0.13021,0.15094,0.06087,0.02096,0.03991,0.0,0.56416,0.00226,0.0193
51,5110,5110017,Доброславська селищна громада,2025,year,12,0.25657,0.11777,0.05056,0.01521,0.03535,0.0,0.46437,0.00603,0.0255
51,5110,5110019,Красносільська сільська громада,2021,year,12,0.26803,0.0943,0.07574,0.0163,0.05945,0.0,0.39087,0.0097,0.03398
51,5110,5110019,Красносільська сільська громада,2025,year,12,0.25993,0.15767,0.08494,0.01837,0.06657,0.0,0.35249,0.01149,0.0563
51,5110,5110021,Маяківська сільська громада,2021,year,12,0.10123,0.04215,0.03536,0.01189,0.02347,0.0,0.52066,0.00964,0.01286
51,5110,5110021,Маяківська сільська громада,2025,year,12,0.11093,0.02961,0.02268,0.00769,0.01498,0.0,0.70586,0.00884,0.02162
51,5110,5110023,Нерубайська сільська громада,2021,year,12,0.10964,0.09385,0.05053,0.01104,0.03949,0.0,0.54543,0.02065,0.02456
51,5110,5110023,Нерубайська сільська громада,2025,year,12,0.11037,0.23218,0.05879,0.00949,0.0493,0.0,0.47293,0.01238,0.07108
51,5110,5110025,Овідіопольська селищна громада,2021,year,12,0.10358,0.09615,0.07092,0.03776,0.03316,0.0,0.57769,0.05523,0.05535
51,5110,5110025,Овідіопольська селищна громада,2025,year,12,0.12125,0.06765,0.07347,0.04092,0.03255,0.0,0.61685,0.05079,0.07881
51,5110,5110027,Одеська міська громада,2021,year,12,0.08909,0.16383,0.01801,0.00687,0.01102,0.00011,0.34126,0.03247,0.06095
51,5110,5110027,Одеська міська громада,2025,year,12,0.08557,0.18856,0.01905,0.00667,0.01238,0.0,0.37012,0.0309,0.0984
51,5110,5110029,Таїрівська селищна громада,2021,year,12,0.13153,0.1001,0.03301,0.02078,0.01222,0.0,0.12919,0.01994,0.01497
51,5110,5110029,Таїрівська селищна громада,2025,year,12,0.16974,0.11591,0.02629,0.01795,0.00834,0.0,0.27707,0.01872,0.03484
51,5110,5110031,Теплодарська міська громада,2021,year,12,0.24157,0.04144,0.03389,0.01632,0.01757,0.0,0.59741,0.05814,0.01103
51,5110,5110031,Теплодарська міська громада,2025,year,12,0.23045,0.13964,0.03554,0.01788,0.01765,0.0,0.46157,0.04466,0.05152
51,5110,5110033,Усатівська сільська громада,2021,year,12,0.095,0.0999,0.06222,0.01932,0.04248,0.00042,0.36189,0.0,0.09345
51,5110,5110033,Усатівська сільська громада,2025,year,12,0.12756,0.20944,0.0678,0.02136,0.04583,0.00061,0.38876,0.0,0.09319
51,5110,5110035,Фонтанська сільська громада,2021,year,12,0.23123,0.14388,0.03797,0.01179,0.02619,0.0,0.46252,0.00765,0.0275
51,5110,5110035,Фонтанська сільська громада,2025,year,12,0.16076,0.12787,0.04034,0.01513,0.02521,0.0,0.49718,0.00883,0.05099
51,5110,5110037,Чорноморська міська громада,2021,latest,12,0.10075,0.14402,0.03853,0.01202,0.02651,0.0,0.49161,0.04664,0.0691
51,5110,5110037,Чорноморська міська громада,2025,year,12,0.1307,0.11577,0.03706,0.01384,0.02323,0.0,0.42387,0.03715,0.08916
51,5110,5110039,Чорноморське,2021,latest,12,0.17155,0.22667,0.04875,0.01987,0.02889,0.0,0.41095,0.02682,0.00765
51,5110,5110039,Чорноморське,2025,year,12,0.26413,0.2218,0.06042,0.02538,0.03504,0.0,0.29055,0.0278,0.01621
51,5110,5110041,Південнівська міська громада,2021,year,12,0.10083,0.16973,0.07231,0.01804,0.04941,0.00486,0.38418,0.03135,0.02949
51,5110,5110041,Південнівська міська громада,2025,year,12,0.12651,0.11931,0.12305,0.06932,0.04847,0.00527,0.4768,0.03207,0.07201
51,5110,5110043,Яськівська сільська громада,2021,year,12,0.12307,0.03091,0.06782,0.00283,0.06499,0.0,0.71118,0.00908,0.02075
51,5110,5110043,Яськівська сільська громада,2025,year,12,0.15065,0.0448,0.05182,0.00235,0.04946,0.0,0.60463,0.00986,0.06597
51,5112,5112001,Ананьївська міська громада,2021,year,12,0.11743,0.05811,0.04612,0.00512,0.041,0.0,0.61301,0.02938,0.03773
51,5112,5112001,Ананьївська міська громада,2025,year,12,0.14021,0.09576,0.04202,0.00561,0.03641,0.0,0.54537,0.03991,0.05172
51,5112,5112003,Балтська міська громада,2021,year,12,0.10285,0.06649,0.06234,0.02006,0.04228,0.0,0.54484,0.02497,0.01375
51,5112,5112003,Балтська міська громада,2025,year,12,0.12605,0.0785,0.08666,0.05279,0.03388,0.0,0.57806,0.0194,0.06456
51,5112,5112005,Долинська сільська громада,2021,year,12,0.20931,0.05818,0.02201,0.0,0.02201,0.0,0.6858,0.0,0.00375
51,5112,5112005,Долинська сільська громада,2025,year,12,0.17472,0.10812,0.02579,0.00155,0.02423,0.0,0.59267,0.0,0.01502
51,5112,5112007,Зеленогірська селищна громада,2021,year,12,0.15857,0.11684,0.0355,0.0,0.0355,0.0,0.61381,0.00233,0.01675
51,5112,5112007,Зеленогірська селищна громада,2025,year,12,0.19859,0.02878,0.04059,0.0,0.04059,0.0,0.56323,0.00553,0.09645
51,5112,5112009,Кодимська міська громада,2021,year,12,0.11903,0.03727,0.07198,0.01136,0.06062,0.0,0.62106,0.03235,0.04582
51,5112,5112009,Кодимська міська громада,2025,year,12,0.14526,0.04395,0.04989,0.01078,0.03911,0.0,0.58288,0.0183,0.08419
51,5112,5112011,Куяльницька сільська громада,2021,year,12,0.13059,0.07012,0.07231,0.00982,0.06249,0.0,0.45784,0.01034,0.03945
51,5112,5112011,Куяльницька сільська громада,2025,year,12,0.23034,0.05925,0.05096,0.00744,0.04352,0.0,0.48274,0.0086,0.03882
51,5112,5112013,Любашівська селищна громада,2021,year,12,0.10749,0.07762,0.05632,0.00389,0.05242,0.0,0.59134,0.01978,0.04584
51,5112,5112013,Любашівська селищна громада,2025,year,12,0.14426,0.05593,0.05567,0.00539,0.05028,0.0,0.6104,0.01617,0.06655
51,5112,5112015,Окнянська селищна громада,2021,year,12,0.12635,0.06659,0.04434,0.00968,0.03466,0.0,0.66667,0.01615,0.0254
51,5112,5112015,Окнянська селищна громада,2025,year,12,0.14749,0.09389,0.03794,0.00833,0.02961,0.0,0.62747,0.01707,0.03609
51,5112,5112017,Піщанська сільська громада,2021,year,12,0.19973,0.0272,0.02398,0.00118,0.0228,0.0,0.553,0.0,0.10638
51,5112,5112017,Піщанська сільська громада,2025,year,12,0.15379,0.06068,0.02444,0.00071,0.02374,0.0,0.58652,0.0,0.12257
51,5112,5112019,Подільська міська громада,2021,year,12,0.12598,0.09817,0.06388,0.01893,0.03529,0.00967,0.52546,0.02449,0.07085
51,5112,5112019,Подільська міська громада,2025,year,12,0.11596,0.09868,0.04498,0.0123,0.02594,0.00674,0.57968,0.01903,0.08297
51,5112,5112021,Савранська селищна громада,2021,year,12,0.09029,0.06828,0.04963,0.0092,0.04043,0.0,0.6871,0.02126,0.06139
51,5112,5112021,Савранська селищна громада,2025,year,12,0.13049,0.04533,0.03727,0.00548,0.0318,0.0,0.61623,0.01682,0.10733
51,5112,5112023,Слобідська селищна громада,2021,year,12,0.20093,0.05631,0.05117,0.0,0.05117,0.0,0.53737,0.0,0.03093
51,5112,5112023,Слобідська селищна громада,2025,year,12,0.25847,0.06878,0.03786,0.0,0.03786,0.0,0.54317,0.0,0.03679
51,5114,5114001,Великомихайлівська селищна громада,2021,year,12,0.11345,0.03109,0.04194,0.0123,0.02946,0.00018,0.70108,0.02796,0.02499
51,5114,5114001,Великомихайлівська селищна громада,2025,year,12,0.11041,0.05996,0.03605,0.00901,0.02704,0.0,0.66457,0.02298,0.05277
51,5114,5114003,Великоплоске,2021,year,12,0.20324,0.03868,0.05506,0.00104,0.05402,0.0,0.64695,0.0,0.01555
51,5114,5114003,Великоплоске,2025,year,12,0.21009,0.04822,0.05805,0.00121,0.05684,0.0,0.60568,0.0,0.01799
51,5114,5114005,Затишанська селищна громада,2021,year,12,0.08636,0.09532,0.03289,0.00838,0.02452,0.0,0.46241,0.0,0.02481
51,5114,5114005,Затишанська селищна громада,2025,year,12,0.1441,0.08064,0.05226,0.0182,0.03406,0.0,0.52101,0.0,0.07521
51,5114,5114007,Захарівська селищна громада,2021,year,12,0.1141,0.09587,0.06076,0.00872,0.05203,0.0,0.60342,0.02133,0.04853
51,5114,5114007,Захарівська селищна громада,2025,year,12,0.15088,0.06974,0.05573,0.01261,0.04311,0.0,0.60794,0.01657,0.05395
51,5114,5114009,Лиманська селищна громада,2021,latest,12,0.18286,0.12835,0.04032,0.00973,0.03059,0.0,0.56833,0.02745,0.00935
51,5114,5114009,Лиманська селищна громада,2025,year,12,0.14717,0.06191,0.03281,0.01015,0.02265,0.0,0.67456,0.01353,0.05912
51,5114,5114011,Новоборисівська сільська громада,2021,year,12,0.15434,0.05992,0.04641,0.00071,0.04571,0.0,0.55659,0.0,0.02116
51,5114,5114011,Новоборисівська сільська громада,2025,year,12,0.14932,0.05635,0.04444,0.00224,0.0422,0.0,0.59152,0.0,0.04963
51,5114,5114013,Роздільнянська міська громада,2021,year,12,0.09665,0.05387,0.06517,0.02666,0.03851,0.0,0.64962,0.03118,0.03042
51,5114,5114013,Роздільнянська міська громада,2025,year,12,0.10297,0.10959,0.05234,0.02203,0.03031,0.0,0.55929,0.03136,0.05746
51,5114,5114015,Степанівська сільська громада,2021,year,12,0.3143,0.10829,0.05926,0.00829,0.05097,0.0,0.35563,0.0,0.02459
51,5114,5114015,Степанівська сільська громада,2025,year,12,0.23013,0.05382,0.03922,0.00305,0.03617,0.0,0.46798,0.0,0.0268
51,5114,5114017,Цебриківська селищна громада,2021,year,12,0.16721,0.01668,0.0515,0.00158,0.04993,0.0,0.62342,0.0,0.01837
51,5114,5114017,Цебриківська селищна громада,2025,year,12,0.18459,0.01498,0.04745,0.00227,0.04518,0.0,0.59627,0.0,0.05253
53,5302,5302001,Глобинська міська громада,2021,year,12,0.15755,0.05808,0.04933,0.00983,0.03949,0.0,0.58177,0.02009,0.03779
53,5302,5302001,Глобинська міська громада,2025,year,12,0.1607,0.08675,0.06847,0.0111,0.05737,0.0,0.50002,0.02144,0.07875
53,5302,5302003,Горішньоплавнівська міська громада,2021,year,12,0.11178,0.1812,0.06554,0.03427,0.02936,0.00191,0.38541,0.02457,0.03892
53,5302,5302003,Горішньоплавнівська міська громада,2025,year,12,0.11045,0.15676,0.07946,0.04833,0.02852,0.0026,0.37943,0.02443,0.05385
53,5302,5302005,Градизька селищна громада,2021,year,12,0.16779,0.06512,0.03705,0.00182,0.03523,0.0,0.59355,0.02428,0.05661
53,5302,5302005,Градизька селищна громада,2025,year,12,0.1286,0.12325,0.04592,0.00364,0.04228,0.0,0.57495,0.02164,0.07314
53,5302,5302007,Кам'янопотоківська сільська громада,2021,year,12,0.20454,0.05244,0.05588,0.01579,0.04009,0.0,0.62168,0.0,0.03271
53,5302,5302007,Кам'янопотоківська сільська громада,2025,year,12,0.17608,0.08313,0.05692,0.01585,0.04107,0.0,0.55076,0.0,0.07216
53,5302,5302009,Козельщинська селищна громада,2021,year,12,0.10335,0.08257,0.05035,0.0078,0.04255,0.0,0.64073,0.03312,0.04126
53,5302,5302009,Козельщинська селищна громада,2025,year,12,0.10375,0.12901,0.04355,0.00956,0.03398,0.0,0.58872,0.03146,0.06575
53,5302,5302011,Кременчуцька міська громада,2021,year,12,0.09681,0.16611,0.05233,0.01694,0.02615,0.00923,0.39957,0.02748,0.06005
53,5302,5302011,Кременчуцька міська громада,2025,year,12,0.11161,0.12518,0.05041,0.01792,0.02532,0.00717,0.37575,0.02491,0.10906
53,5302,5302013,Новогалещинська селищна громада,2021,year,12,0.22716,0.08542,0.08327,0.0,0.08327,0.0,0.55682,0.0,0.01359
53,5302,5302013,Новогалещинська селищна громада,2025,year,12,0.32034,0.1157,0.06016,0.0,0.06016,0.0,0.41621,0.0,0.05008
53,5302,5302015,Оболонська сільська громада,2021,year,12,0.15171,0.01305,0.04577,0.0,0.04577,0.0,0.66252,0.0,0.07284
53,5302,5302015,Оболонська сільська громада,2025,year,12,0.16864,0.01484,0.05172,0.0,0.05172,0.0,0.56633,0.00289,0.12359
53,5302,5302017,Омельницька сільська громада,2021,year,12,0.22502,0.07294,0.06345,0.00116,0.06229,0.0,0.58148,0.0,0.02006
53,5302,5302017,Омельницька сільська громада,2025,year,12,0.22988,0.04228,0.08359,0.00161,0.08199,0.0,0.57783,0.0,0.05835
53,5302,5302019,Піщанська сільська громада,2021,year,12,0.16847,0.05499,0.0457,0.0,0.0457,0.0,0.61948,0.0,0.03336
53,5302,5302019,Піщанська сільська громада,2025,year,12,0.18902,0.07909,0.05426,0.00048,0.05378,0.0,0.56259,0.0,0.04637
53,5302,5302021,Пришибська сільська громада,2021,year,12,0.1659,0.02286,0.04101,0.00078,0.04023,0.0,0.3095,0.0016,0.07475
53,5302,5302021,Пришибська сільська громада,2025,year,12,0.20868,0.06843,0.06596,0.01274,0.05322,0.0,0.35132,0.0,0.16839
53,5302,5302023,Семенівська селищна громада,2021,year,12,0.1545,0.05184,0.05515,0.00707,0.04808,0.0,0.5829,0.02399,0.09617
53,5302,5302023,Семенівська селищна громада,2025,year,12,0.18023,0.04754,0.05163,0.00827,0.04336,0.0,0.56363,0.03015,0.09813
53,5304,5304001,Гребінківська міська громада,2021,year,12,0.14938,0.04346,0.07238,0.02142,0.05097,0.0,0.6046,0.02707,0.06378
53,5304,5304001,Гребінківська міська громада,2025,year,12,0.18192,0.04987,0.06015,0.01424,0.04395,0.00196,0.54862,0.0238,0.07482
53,5304,5304003,Лубенська міська громада,2021,year,12,0.13735,0.0552,0.0621,0.0167,0.04487,0.00053,0.55658,0.02492,0.05794
53,5304,5304003,Лубенська міська громада,2025,year,12,0.12383,0.0722,0.0595,0.01605,0.04259,0.00086,0.52449,0.0219,0.10533
53,5304,5304005,Новооржицька селищна громада,2021,year,12,0.17905,0.06209,0.05889,0.00531,0.05358,0.0,0.5665,0.01141,0.0598
53,5304,5304005,Новооржицька селищна громада,2025,year,12,0.17835,0.07079,0.06472,0.00519,0.05954,0.0,0.4797,0.00767,0.07107
53,5304,5304007,Оржицька селищна громада,2021,year,12,0.15447,0.05159,0.06666,0.00305,0.06361,0.0,0.57846,0.015,0.05182
53,5304,5304007,Оржицька селищна громада,2025,year,12,0.19714,0.07689,0.05417,0.0051,0.04907,0.0,0.52874,0.01233,0.06069
53,5304,5304009,Пирятинська міська громада,2021,year,12,0.11768,0.05558,0.07226,0.01816,0.0541,0.0,0.58173,0.02392,0.04287
53,5304,5304009,Пирятинська міська громада,2025,year,12,0.15883,0.12322,0.06599,0.03535,0.03064,0.0,0.46751,0.02018,0.08843
53,5304,5304011,Хорольська міська громада,2021,year,12,0.14137,0.08528,0.05874,0.00546,0.05328,0.0,0.56007,0.02315,0.04541
53,5304,5304011,Хорольська міська громада,2025,year,12,0.14014,0.08292,0.05523,0.00562,0.04961,0.0,0.55712,0.02165,0.08562
53,5304,5304013,Чорнухинська селищна громада,2021,year,12,0.16462,0.05919,0.06775,0.00827,0.05947,0.0,0.48536,0.0227,0.05824
53,5304,5304013,Чорнухинська селищна громада,2025,year,12,0.16587,0.08,0.07186,0.00787,0.06398,0.0,0.48284,0.0197,0.10534
53,5306,5306001,Білоцерківська сільська громада,2021,year,12,0.19768,0.04971,0.06781,0.0,0.06781,0.0,0.5954,0.0,0.05335
53,5306,5306001,Білоцерківська сільська громада,2025,year,12,0.21166,0.06519,0.05466,0.00068,0.05398,0.0,0.57084,0.0,0.07216
53,5306,5306003,Великобагачанська селищна громада,2021,year,12,0.11737,0.08033,0.04996,0.00631,0.04365,0.0,0.59895,0.05051,0.04802
53,5306,5306003,Великобагачанська селищна громада,2025,year,12,0.15252,0.12675,0.04314,0.00089,0.04225,0.0,0.52664,0.04029,0.0687
53,5306,5306005,Великобудищанська сільська громада,2021,year,12,0.2059,0.05809,0.04974,6e-05,0.04968,0.0,0.57161,0.0,0.01796
53,5306,5306005,Великобудищанська сільська громада,2025,year,12,0.19596,0.07197,0.05289,0.00067,0.05222,0.0,0.50636,0.0,0.1157
53,5306,5306007,Великосорочинська сільська громада,2021,year,12,0.17169,0.0386,0.08489,0.00786,0.07702,0.0,0.56967,0.02665,0.07252
53,5306,5306007,Великосорочинська сільська громада,2025,year,12,0.23809,0.05635,0.06666,0.01166,0.05501,0.0,0.39674,0.01851,0.13238
53,5306,5306009,Гадяцька міська громада,2021,year,12,0.08017,0.18609,0.04525,0.00705,0.0382,0.0,0.47637,0.02815,0.04956
53,5306,5306009,Гадяцька міська громада,2025,year,12,0.11562,0.10864,0.05013,0.00417,0.04595,0.0,0.51973,0.02789,0.05885
53,5306,5306011,Гоголівська селищна громада,2021,year,12,0.33742,0.06704,0.03458,0.0,0.03458,0.0,0.50026,0.0,0.0607
53,5306,5306011,Гоголівська селищна громада,2025,year,12,0.35107,0.05732,0.04329,0.0,0.04329,0.0,0.44082,0.0,0.08188
53,5306,5306013,Заводська міська громада,2021,year,12,0.19728,0.10494,0.0575,0.00586,0.05164,0.0,0.57484,0.03169,0.01732
53,5306,5306013,Заводська міська громада,2025,year,12,0.14022,0.10716,0.05945,0.00279,0.05666,0.0,0.49449,0.03054,0.05875
53,5306,5306015,Комишнянська селищна громада,2021,year,12,0.14435,0.0977,0.03856,0.00047,0.03809,0.0,0.45824,0.0,0.0459
53,5306,5306015,Комишнянська селищна громада,2025,year,12,0.12657,0.07936,0.03689,0.0005,0.03638,0.0,0.51136,0.0,0.09237
53,5306,5306017,Краснолуцька сільська громада,2021,year,12,0.17549,0.09895,0.08182,0.00259,0.07923,0.0,0.49665,0.0,0.03774
53,5306,5306017,Краснолуцька сільська громада,2025,year,12,0.18247,0.10602,0.06458,0.00137,0.0632,0.0,0.49369,0.0,0.09183
53,5306,5306019,Лохвицька міська громада,2021,year,12,0.12821,0.05936,0.05996,0.01171,0.04825,0.0,0.49378,0.03053,0.05537
53,5306,5306019,Лохвицька міська громада,2025,year,12,0.11596,0.12064,0.07016,0.02081,0.04935,0.0,0.43244,0.03081,0.07229
53,5306,5306021,Лютенська сільська громада,2021,year,12,0.25837,0.02021,0.05161,0.0,0.05161,0.0,0.59812,0.0,0.01934
53,5306,5306021,Лютенська сільська громада,2025,year,12,0.19548,0.03958,0.04591,0.00103,0.04488,0.0,0.56962,0.0,0.0923
53,5306,5306023,Миргородська міська громада,2021,year,12,0.12162,0.14319,0.04672,0.01195,0.03039,0.00438,0.42617,0.03269,0.04442
53,5306,5306023,Миргородська міська громада,2025,year,12,0.13187,0.09606,0.05321,0.01283,0.03395,0.00644,0.47844,0.03306,0.07257
53,5306,5306025,Петрівсько-Роменська сільська громада,2021,year,12,0.18868,0.09423,0.04464,0.00047,0.04417,0.0,0.43089,0.0,0.06898
53,5306,5306025,Петрівсько-Роменська сільська громада,2025,year,12,0.22136,0.10808,0.04554,0.00014,0.04067,0.00474,0.5021,0.0,0.05548
53,5306,5306027,Ромоданівська селищна громада,2021,year,12,0.26846,0.0842,0.04566,0.00061,0.04505,0.0,0.46836,0.02135,0.03035
53,5306,5306027,Ромоданівська селищна громада,2025,year,12,0.26727,0.05784,0.04398,0.0,0.04398,0.0,0.59041,0.02776,0.02903
53,5306,5306029,Сенчанська сільська громада,2021,year,12,0.18798,0.11881,0.05091,0.00278,0.04813,0.0,0.49113,0.06885,0.03106
53,5306,5306029,Сенчанська сільська громада,2025,year,12,0.16052,0.10714,0.04126,0.0027,0.03855,0.0,0.46203,0.04448,0.10435
53,5306,5306031,Сергіївська сільська громада,2021,year,12,0.18233,0.18698,0.06949,0.0,0.06949,0.0,0.4201,0.0,0.04562
53,5306,5306031,Сергіївська сільська громада,2025,year,12,0.17441,0.125,0.06589,0.0,0.06589,0.0,0.47098,0.0,0.12641
53,5306,5306033,Шишацька селищна громада,2021,year,12,0.13073,0.08733,0.04448,0.00703,0.03745,0.0,0.44483,0.01325,0.07645
53,5306,5306033,Шишацька селищна громада,2025,year,12,0.1145,0.09827,0.04893,0.01066,0.03827,0.0,0.46676,0.0142,0.15648
53,5308,5308001,Білицька селищна громада,2021,year,12,0.11889,0.09832,0.03974,0.0076,0.03214,0.0,0.5179,0.02492,0.07316
53,5308,5308001,Білицька селищна громада,2025,year,12,0.15068,0.0957,0.03468,0.00995,0.02473,0.0,0.55821,0.01927,0.0945
53,5308,5308003,Великорублівська сільська громада,2021,year,12,0.31498,0.03196,0.04797,0.00063,0.04734,0.0,0.55127,0.0,0.03484
53,5308,5308003,Великорублівська сільська громада,2025,year,12,0.27777,0.09415,0.05255,0.0,0.05255,0.0,0.45828,0.0,0.0711
53,5308,5308005,Диканська селищна громада,2021,year,12,0.10931,0.10593,0.06376,0.00987,0.05389,0.0,0.58706,0.01394,0.05986
53,5308,5308005,Диканська селищна громада,2025,year,12,0.13398,0.10598,0.05247,0.00752,0.04414,0.00081,0.51781,0.01301,0.08902
53,5308,5308007,Драбинівська сільська громада,2021,year,12,0.12999,0.06023,0.07355,0.0072,0.06635,0.0,0.66106,0.0,0.02093
53,5308,5308007,Драбинівська сільська громада,2025,year,12,0.1611,0.07969,0.0555,0.00564,0.04986,0.0,0.60105,0.0,0.09268
53,5308,5308009,Зіньківська міська громада,2021,year,12,0.10821,0.06574,0.07929,0.0202,0.05909,0.0,0.51654,0.02418,0.03945
53,5308,5308009,Зіньківська міська громада,2025,year,12,0.13712,0.08907,0.06007,0.00667,0.04825,0.00515,0.54939,0.02084,0.06381
53,5308,5308011,Карлівська міська громада,2021,year,12,0.10425,0.1114,0.05548,0.01363,0.04185,0.0,0.55658,0.03485,0.0508
53,5308,5308011,Карлівська міська громада,2025,year,12,0.10706,0.11756,0.05802,0.01923,0.0388,0.0,0.57722,0.02773,0.05566
53,5308,5308013,Кобеляцька міська громада,2021,year,12,0.1098,0.11022,0.07341,0.02361,0.04882,0.00097,0.60331,0.03514,0.03666
53,5308,5308013,Кобеляцька міська громада,2025,year,12,0.13971,0.06746,0.06147,0.02434,0.03713,0.0,0.5692,0.03072,0.06395
53,5308,5308015,Коломацька сільська громада,2021,year,12,0.16799,0.07333,0.06713,0.00166,0.06547,0.0,0.4697,0.0,0.0117
53,5308,5308015,Коломацька сільська громада,2025,year,12,0.26668,0.08487,0.06271,0.00012,0.06259,0.0,0.48528,0.0,0.01402
53,5308,5308017,Котелевська селищна громада,2021,year,12,0.1562,0.03999,0.10498,0.00729,0.09769,0.0,0.55687,0.03133,0.05142
53,5308,5308017,Котелевська селищна громада,2025,year,12,0.14497,0.06051,0.06418,0.00807,0.05487,0.00125,0.5387,0.03571,0.06791
53,5308,5308019,Ланнівська селищна громада,2021,year,12,0.16243,0.06942,0.04395,0.0,0.04395,0.0,0.62728,0.0,0.00797
53,5308,5308019,Ланнівська селищна громада,2025,year,12,0.18456,0.11556,0.03847,0.0,0.03847,0.0,0.62086,0.0,0.02471
53,5308,5308021,Мартинівська сільська громада,2021,year,12,0.26049,0.14305,0.0459,0.00191,0.044,0.0,0.45584,0.0,0.02024
53,5308,5308021,Мартинівська сільська громада,2025,year,12,0.27774,0.18186,0.03951,0.00159,0.03791,0.0,0.37137,0.0,0.09595
53,5308,5308023,Мачухівська сільська громада,2021,year,12,0.20232,0.08991,0.06539,0.00611,0.05928,0.0,0.47218,0.0,0.01021
53,5308,5308023,Мачухівська сільська громада,2025,year,12,0.2801,0.07072,0.04344,0.0037,0.03974,0.0,0.38947,0.0,0.05463
53,5308,5308025,Машівська селищна громада,2021,year,12,0.12201,0.06304,0.07205,0.00675,0.0653,0.0,0.47793,0.01225,0.0656
53,5308,5308025,Машівська селищна громада,2025,year,12,0.11643,0.08115,0.07066,0.00477,0.06322,0.00267,0.49875,0.01696,0.08859
53,5308,5308027,Михайлівська сільська громада,2021,year,12,0.25964,0.06411,0.0501,0.00248,0.04761,0.0,0.49657,0.0,0.05635
53,5308,5308027,Михайлівська сільська громада,2025,year,12,0.20135,0.04666,0.05876,0.0005,0.05826,0.0,0.50761,0.0,0.09192
53,5308,5308029,Нехворощанська сільська громада,2021,year,12,0.13071,0.06796,0.03623,0.00097,0.03526,0.0,0.56284,0.01695,0.04622
53,5308,5308029,Нехворощанська сільська громада,2025,year,12,0.12522,0.05067,0.02899,0.00134,0.02765,0.0,0.62842,0.01157,0.05633
53,5308,5308031,Новосанжарська селищна громада,2021,year,12,0.12371,0.06197,0.04227,0.00507,0.0372,0.0,0.61227,0.01868,0.05113
53,5308,5308031,Новосанжарська селищна громада,2025,year,12,0.14138,0.09078,0.03979,0.00633,0.03345,0.0,0.56326,0.01681,0.06587
53,5308,5308033,Новоселівська сільська громада,2021,year,12,0.19487,0.12543,0.10094,0.00919,0.09174,0.0,0.40911,0.0,0.06354
53,5308,5308033,Новоселівська сільська громада,2025,year,12,0.19207,0.10811,0.11934,0.0,0.11934,0.0,0.42118,0.0,0.0962
53,5308,5308035,Опішнянська селищна громада,2021,year,12,0.19845,0.12919,0.07537,0.0052,0.06351,0.00665,0.4225,0.03665,0.04748
53,5308,5308035,Опішнянська селищна громада,2025,year,12,0.15358,0.14355,0.07976,0.00372,0.06157,0.01446,0.37129,0.02626,0.07979
53,5308,5308037,Полтавська міська громада,2021,year,12,0.09851,0.11379,0.05777,0.02851,0.02912,0.00014,0.44949,0.03553,0.0427
53,5308,5308037,Полтавська міська громада,2025,year,12,0.09188,0.12813,0.04943,0.02343,0.02599,0.0,0.4776,0.02838,0.07353
53,5308,5308039,Решетилівська міська громада,2021,year,12,0.11356,0.08675,0.08333,0.00888,0.06886,0.00559,0.59771,0.01441,0.04008
53,5308,5308039,Решетилівська міська громада,2025,year,12,0.15615,0.06289,0.07502,0.01763,0.04687,0.01052,0.54498,0.01788,0.0682
53,5308,5308041,Скороходівська селищна громада,2021,year,12,0.27002,0.0563,0.02281,0.00028,0.02253,0.0,0.50714,0.0,0.0649
53,5308,5308041,Скороходівська селищна громада,2025,year,12,0.16138,0.07807,0.02908,0.0063,0.02278,0.0,0.58844,0.0,0.10298
53,5308,5308043,Терешківська сільська громада,2021,year,12,0.13568,0.05562,0.06689,0.02148,0.04541,0.0,0.50416,0.01647,0.02107
53,5308,5308043,Терешківська сільська громада,2025,year,12,0.12333,0.07407,0.0734,0.03243,0.04097,0.0,0.4689,0.01716,0.05977
53,5308,5308045,Чутівська територіальна громада,2021,year,12,0.12409,0.06972,0.06799,0.0221,0.0459,0.0,0.5552,0.03173,0.06084
53,5308,5308045,Чутівська територіальна громада,2025,year,12,0.1373,0.0618,0.06668,0.01246,0.05395,0.00026,0.55477,0.02904,0.0789
53,5308,5308047,Щербанівська сільська громада,2021,year,12,0.11442,0.10724,0.09176,0.00956,0.08219,0.0,0.50412,0.0,0.07821
53,5308,5308047,Щербанівська сільська громада,2025,year,12,0.1626,0.08367,0.06312,0.01646,0.04665,0.0,0.53631,0.0,0.07652
56,5602,5602001,Антонівська сільська громада,2021,year,12,0.07886,0.0066,0.01126,0.0,0.01126,0.0,0.85963,0.0,0.00598
56,5602,5602001,Антонівська сільська громада,2025,year,12,0.13747,0.01804,0.01611,0.00156,0.01455,0.0,0.77462,0.0,0.02414
56,5602,5602003,Вараська міська громада,2021,year,12,0.1241,0.08396,0.0276,0.00918,0.01842,0.0,0.58238,0.02088,0.04818
56,5602,5602003,Вараська міська громада,2025,year,12,0.11986,0.0921,0.02622,0.00833,0.01789,0.0,0.61117,0.02509,0.07189
56,5602,5602005,Володимирецька селищна громада,2021,year,12,0.0839,0.01807,0.0313,0.00722,0.02408,0.0,0.7828,0.02166,0.00527
56,5602,5602005,Володимирецька селищна громада,2025,year,12,0.10204,0.01572,0.02256,0.00694,0.01562,0.0,0.79416,0.01438,0.01709
56,5602,5602007,Зарічненська селищна громада,2021,year,12,0.06571,0.00829,0.03909,0.00729,0.0318,0.0,0.79974,0.01559,0.02588
56,5602,5602007,Зарічненська селищна громада,2025,year,12,0.08386,0.01776,0.03008,0.00727,0.02281,0.0,0.71832,0.01109,0.09218
56,5602,5602009,Каноницька сільська громада,2021,year,12,0.10275,0.00916,0.01809,0.0,0.01809,0.0,0.85492,0.0,0.00275
56,5602,5602009,Каноницька сільська громада,2025,year,12,0.12448,0.03064,0.0282,0.00393,0.02426,0.0,0.7945,0.0,0.01553
56,5602,5602011,Локницька сільська громада,2021,year,12,0.10945,0.01238,0.04967,0.00024,0.04944,0.0,0.72727,0.0,0.02543
56,5602,5602011,Локницька сільська громада,2025,year,12,0.13996,0.02424,0.03061,7e-05,0.03054,0.0,0.75639,0.0,0.03026
56,5602,5602013,Полицька сільська громада,2021,year,12,0.14807,0.02753,0.02156,0.00288,0.01868,0.0,0.78189,0.0,0.00582
56,5602,5602013,Полицька сільська громада,2025,year,12,0.14724,0.01499,0.04043,0.00615,0.03428,0.0,0.75572,0.0,0.02159
56,5602,5602015,Рафалівська селищна громада,2021,year,12,0.10547,0.00571,0.00336,0.0,0.00336,0.0,0.86147,0.05341,0.00875
56,5602,5602015,Рафалівська селищна громада,2025,year,12,0.15559,0.01231,0.00346,0.00144,0.00202,0.0,0.80948,0.05046,0.01188
56,5604,5604001,Бокіймівська сільська громада,2021,year,12,0.13575,0.02735,0.02726,0.00072,0.02654,0.0,0.66222,0.0,0.00648
56,5604,5604001,Бокіймівська сільська громада,2025,year,12,0.16874,0.02927,0.024,0.00171,0.02229,0.0,0.71742,0.0,0.04694
56,5604,5604003,Боремельська сільська громада,2021,year,12,0.11496,0.05892,0.02216,0.0,0.02129,0.00087,0.56122,0.0,0.01759
56,5604,5604003,Боремельська сільська громада,2025,year,12,0.17288,0.07478,0.02618,0.0,0.02617,2e-05,0.64034,0.0,0.06456
56,5604,5604005,Варковицька сільська громада,2021,year,12,0.1575,0.01955,0.0315,0.0,0.0315,0.0,0.78334,0.0,0.00237
56,5604,5604005,Варковицька сільська громада,2025,year,12,0.18564,0.0169,0.03389,0.0,0.03389,0.0,0.74077,0.0,0.01049
56,5604,5604007,Вербська сільська громада,2021,year,12,0.14187,0.03823,0.03966,0.02343,0.01623,0.0,0.60997,0.05684,0.15645
56,5604,5604007,Вербська сільська громада,2025,year,12,0.14744,0.00738,0.0505,0.02227,0.02823,0.0,0.63195,0.04727,0.15286
56,5604,5604009,Демидівська селищна громада,2021,year,12,0.11644,0.04296,0.05249,0.00963,0.04227,0.00059,0.71408,0.04042,0.03863
56,5604,5604009,Демидівська селищна громада,2025,year,12,0.11238,0.0557,0.04068,0.00755,0.03314,0.0,0.64131,0.03017,0.089
56,5604,5604011,Дубенська міська громада,2021,year,12,0.16681,0.07075,0.04758,0.0141,0.03349,0.0,0.5595,0.05314,0.0381
56,5604,5604011,Дубенська міська громада,2025,year,12,0.28691,0.04108,0.03974,0.0114,0.02833,0.0,0.49762,0.04011,0.04919
56,5604,5604013,Козинська сільська громада,2021,year,12,0.15826,0.0025,0.04092,0.0,0.04092,0.0,0.66846,0.03698,0.03871
56,5604,5604013,Козинська сільська громада,2025,year,12,0.16811,0.00389,0.04195,0.0,0.04195,0.0,0.69728,0.03871,0.05757
56,5604,5604015,Крупецька сільська громада,2021,year,12,0.14478,0.00292,0.02908,0.0,0.02908,0.0,0.77296,0.00784,0.0264
56,5604,5604015,Крупецька сільська громада,2025,year,12,0.12495,0.02344,0.03201,0.0,0.03201,0.0,0.74887,0.00506,0.04321
56,5604,5604017,Мирогощанська сільська громада,2021,year,12,0.15713,0.03012,0.02639,0.0,0.02639,0.0,0.72932,0.05256,0.00243
56,5604,5604017,Мирогощанська сільська громада,2025,year,12,0.16547,0.0113,0.02995,0.00344,0.02651,0.0,0.74969,0.03954,0.00812
56,5604,5604019,Млинівська селищна громада,2021,year,12,0.11096,0.03038,0.05016,0.0176,0.03255,0.0,0.7147,0.03365,0.02336
56,5604,5604019,Млинівська селищна громада,2025,year,12,0.14882,0.04598,0.044,0.015,0.029,0.0,0.6498,0.03123,0.0306
56,5604,5604021,Острожецька сільська громада,2021,year,12,0.11211,0.06072,0.03404,0.00907,0.02497,0.0,0.75467,0.0,0.00609
56,5604,5604021,Острожецька сільська громада,2025,year,12,0.12406,0.03003,0.03371,0.0075,0.02622,0.0,0.72772,0.0,0.01689
56,5604,5604023,Підлозцівська сільська громада,2021,year,12,0.13451,0.01929,0.0245,0.0,0.0245,0.0,0.78911,0.0,0.00784
56,5604,5604023,Підлозцівська сільська громада,2025,year,12,0.2067,0.02689,0.02559,0.00365,0.02194,0.0,0.69214,0.0,0.01304
56,5604,5604025,Повчанська сільська громада,2021,year,12,0.15639,0.02906,0.03423,0.0,0.03423,0.0,0.71878,0.0,0.00466
56,5604,5604025,Повчанська сільська громада,2025,year,12,0.19994,0.01442,0.02815,0.0,0.02815,0.0,0.72286,0.0,0.02279
56,5604,5604027,Привільненська сільська громада,2021,year,12,0.18168,0.03478,0.04353,0.00381,0.03972,0.0,0.59821,0.0,0.00812
56,5604,5604027,Привільненська сільська громада,2025,year,12,0.19633,0.03417,0.05153,0.00055,0.05062,0.00036,0.59182,0.0,0.03607
56,5604,5604029,Радивилівська міська громада,2021,year,12,0.1344,0.0443,0.05382,0.008,0.04582,0.0,0.6312,0.0356,0.05259
56,5604,5604029,Радивилівська міська громада,2025,year,12,0.15922,0.05253,0.03858,0.00546,0.03312,0.0,0.61257,0.02208,0.06581
56,5604,5604031,Семидубська сільська громада,2021,year,12,0.22783,0.00581,0.03973,0.0,0.03973,0.0,0.71232,0.0,0.00277
56,5604,5604031,Семидубська сільська громада,2025,year,12,0.25675,0.013,0.03829,0.00157,0.03672,0.0,0.67105,0.0,0.01423
56,5604,5604033,Смизька селищна громада,2021,year,12,0.11982,0.01152,0.05375,0.0,0.05375,0.0,0.76063,0.02755,0.01465
56,5604,5604033,Смизька селищна громада,2025,year,12,0.12811,0.01291,0.05591,0.0,0.05591,0.0,0.71189,0.02544,0.04015
56,5604,5604035,Тараканівська сільська громада,2021,year,12,0.1737,0.03005,0.06296,0.0,0.06296,0.0,0.69093,0.0,0.01386
56,5604,5604035,Тараканівська сільська громада,2025,year,12,0.1788,0.01813,0.07217,0.00059,0.07158,0.0,0.69789,0.0,0.02643
56,5604,5604037,Ярославицька сільська громада,2021,year,12,0.18917,0.04195,0.05748,0.00485,0.05263,0.0,0.68702,0.0,0.0038
56,5604,5604037,Ярославицька сільська громада,2025,year,12,0.22824,0.04447,0.04934,0.00458,0.04476,0.0,0.65754,0.0,0.00551
56,5606,5606001,Бабинська сільська об'єднана територіальна громада,2021,year,12,0.11705,0.02177,0.0277,0.00032,0.02737,0.0,0.75349,0.0,0.01934
56,5606,5606001,Бабинська сільська об'єднана територіальна громада,2025,year,12,0.15309,0.02855,0.03949,0.0017,0.0378,0.0,0.69625,0.0,0.03406
56,5606,5606003,Березнівська міська громада,2021,year,12,0.06477,0.02354,0.04898,0.0162,0.03186,0.00092,0.79975,0.02137,0.01993
56,5606,5606003,Березнівська міська громада,2025,year,12,0.08559,0.0094,0.03506,0.01443,0.02063,0.0,0.79782,0.01903,0.03575
56,5606,5606005,Білокриницька сільська громада,2021,year,12,0.14088,0.01547,0.03989,0.00064,0.03925,0.0,0.63382,0.03612,0.02104
56,5606,5606005,Білокриницька сільська громада,2025,year,12,0.16732,0.03078,0.03559,0.00676,0.02883,0.0,0.58174,0.03035,0.06703
56,5606,5606007,Бугринська сільська громада,2021,year,12,0.10954,0.04309,0.03501,0.00318,0.03183,0.0,0.67745,0.0,0.02582
56,5606,5606007,Бугринська сільська громада,2025,year,12,0.10795,0.05133,0.02819,0.00267,0.02553,0.0,0.63878,0.0,0.13606
56,5606,5606009,Великомежиріцька сільська громада,2021,year,12,0.197,0.01445,0.02494,0.0,0.02494,0.0,0.70947,0.0,0.00204
56,5606,5606009,Великомежиріцька сільська громада,2025,year,12,0.19852,0.02105,0.02228,0.00111,0.02117,0.0,0.70627,0.0,0.01772
56,5606,5606011,Великоомелянська сільська громада,2021,year,12,0.24095,0.046,0.05203,0.00173,0.0503,0.0,0.59435,0.0,0.00835
56,5606,5606011,Великоомелянська сільська громада,2025,year,12,0.22801,0.03457,0.0532,0.00243,0.05076,0.0,0.59694,0.0,0.03875
56,5606,5606013,Головинська сільська громада,2021,year,12,0.07859,0.01244,0.02732,0.0,0.02732,0.0,0.80448,0.0,0.00484
56,5606,5606013,Головинська сільська громада,2025,year,12,0.0921,0.00473,0.02307,0.00176,0.02131,0.0,0.80246,0.0,0.04046
56,5606,5606015,Городоцька сільська громада,2021,year,12,0.20174,0.11807,0.04889,0.00799,0.0409,0.0,0.50968,0.0219,0.01141
56,5606,5606015,Городоцька сільська громада,2025,year,12,0.19385,0.09955,0.05352,0.01075,0.04277,0.0,0.42464,0.02907,0.03734
56,5606,5606017,Гощанська селищна громада,2021,year,12,0.12401,0.04564,0.07013,0.01113,0.059,0.0,0.649,0.03888,0.03496
56,5606,5606017,Гощанська селищна громада,2025,year,12,0.12937,0.0489,0.06905,0.01471,0.05434,0.0,0.62417,0.03665,0.04992
56,5606,5606019,Деражненська сільська громада,2021,year,12,0.1124,0.01492,0.01921,0.00024,0.01897,0.0,0.73379,0.0377,0.0009
56,5606,5606019,Деражненська сільська громада,2025,year,12,0.13228,0.01077,0.01901,0.00199,0.01702,0.0,0.79871,0.02496,0.01169
56,5606,5606021,Дядьковицька сільська громада,2021,year,12,0.12287,0.00845,0.03058,0.00023,0.03036,0.0,0.67213,0.0,0.10007
56,5606,5606021,Дядьковицька сільська громада,2025,year,12,0.15134,0.02149,0.02842,0.00126,0.02716,0.0,0.61937,0.0,0.12575
56,5606,5606023,Здовбицька сільська громада,2021,year,12,0.15915,0.0344,0.03367,0.00012,0.03355,0.0,0.71488,0.00041,0.00471
56,5606,5606023,Здовбицька сільська громада,2025,year,12,0.16062,0.06325,0.03247,0.00032,0.03215,0.0,0.71055,0.00044,0.01962
56,5606,5606025,Здолбунівська міська громада,2021,year,12,0.07221,0.103,0.04517,0.0159,0.02927,0.0,0.63475,0.0536,0.04587
56,5606,5606025,Здолбунівська міська громада,2025,year,12,0.17322,0.15014,0.03511,0.01159,0.02352,0.0,0.5081,0.04393,0.05705
56,5606,5606027,Зорянська сільська громада,2021,year,12,0.16213,0.04207,0.10141,0.04058,0.06083,0.0,0.61752,0.04576,0.00495
56,5606,5606027,Зорянська сільська громада,2025,year,12,0.14616,0.04344,0.09282,0.03967,0.05315,0.0,0.6099,0.03794,0.07853
56,5606,5606029,Клеванська селищна громада,2021,year,12,0.09943,0.0387,0.03236,0.00213,0.03022,0.0,0.70004,0.08319,0.01261
56,5606,5606029,Клеванська селищна громада,2025,year,12,0.11685,0.05692,0.0312,0.00178,0.02941,0.0,0.739,0.06498,0.03429
56,5606,5606031,Корецька міська громада,2021,year,12,0.08485,0.02961,0.03428,0.00812,0.02616,0.0,0.75553,0.03006,0.02625
56,5606,5606031,Корецька міська громада,2025,year,12,0.1093,0.04509,0.03452,0.00792,0.0266,0.0,0.67907,0.02902,0.07789
56,5606,5606033,Корнинська сільська громада,2021,year,12,0.17714,0.03914,0.03347,0.00109,0.03238,0.0,0.59657,0.02866,0.00869
56,5606,5606033,Корнинська сільська громада,2025,year,12,0.1663,0.04927,0.0354,0.00297,0.03243,0.0,0.50481,0.02368,0.08573
56,5606,5606035,Костопільська міська громада,2021,year,12,0.07331,0.09028,0.05912,0.02241,0.03663,8e-05,0.58705,0.0526,0.02118
56,5606,5606035,Костопільська міська громада,2025,year,12,0.08856,0.06669,0.06656,0.02883,0.03755,0.00018,0.62045,0.0561,0.03613
56,5606,5606037,Малинська сільська громада,2021,year,12,0.10664,0.00948,0.02311,0.00017,0.02294,0.0,0.84765,0.0,0.00372
56,5606,5606037,Малинська сільська громада,2025,year,12,0.14045,0.01055,0.02383,0.00119,0.02264,0.0,0.79541,0.0,0.00766
56,5606,5606039,Малолюбашанська сільська громада,2021,year,12,0.14694,0.01348,0.05891,0.00135,0.05756,0.0,0.62144,0.0,0.0063
56,5606,5606039,Малолюбашанська сільська громада,2025,year,12,0.17793,0.01967,0.05241,0.00352,0.04889,0.0,0.56991,0.0,0.11212
56,5606,5606041,Мізоцька селищна громада,2021,year,12,0.11868,0.02805,0.03566,0.00058,0.03508,0.0,0.7793,0.04047,0.00294
56,5606,5606041,Мізоцька селищна громада,2025,year,12,0.16242,0.04145,0.03858,0.00112,0.03745,0.0,0.70729,0.04052,0.01336
56,5606,5606043,Олександрійська сільська громада,2021,year,12,0.12319,0.01704,0.02898,0.0,0.02898,0.0,0.71237,0.00591,0.02272
56,5606,5606043,Олександрійська сільська громада,2025,year,12,0.18732,0.02592,0.04075,0.00107,0.03968,0.0,0.62072,0.0,0.02247
56,5606,5606045,Острозька міська громада,2021,year,12,0.13028,0.03534,0.04254,0.00563,0.03691,0.0,0.6942,0.04022,0.03748
56,5606,5606045,Острозька міська громада,2025,year,12,0.14766,0.03587,0.03579,0.00606,0.02973,0.0,0.67633,0.03589,0.05444
56,5606,5606047,Рівненська міська громада,2021,year,12,0.05796,0.20371,0.04028,0.01777,0.02201,0.00049,0.46611,0.03625,0.02606
56,5606,5606047,Рівненська міська громада,2025,year,12,0.0791,0.10981,0.04613,0.02272,0.02342,0.0,0.51808,0.0336,0.08901
56,5606,5606049,Соснівська селищна громада,2021,year,12,0.14696,0.02372,0.02428,0.00024,0.02404,0.0,0.76799,0.03502,0.00704
56,5606,5606049,Соснівська селищна громада,2025,year,12,0.21307,0.01395,0.02876,4e-05,0.02871,0.0,0.67669,0.02927,0.0295
56,5606,5606051,Шпанівська сільська громада,2021,year,12,0.14073,0.05398,0.05478,0.00557,0.04921,0.0,0.60749,0.02829,0.02768
56,5606,5606051,Шпанівська сільська громада,2025,year,12,0.16429,0.04792,0.08803,0.00633,0.0817,0.0,0.56776,0.03921,0.06004
56,5608,5608001,Березівська сільська громада,2021,year,12,0.09307,0.01873,0.01531,0.0,0.01531,0.0,0.82088,0.0,0.00127
56,5608,5608001,Березівська сільська громада,2025,year,12,0.10323,0.01465,0.01021,0.0,0.01021,0.0,0.8448,0.0,0.01817
56,5608,5608003,Вирівська сільська громада,2021,year,12,0.14471,0.07085,0.02796,0.002,0.02596,0.0,0.71631,0.0,0.00487
56,5608,5608003,Вирівська сільська громада,2025,year,12,0.13951,0.05572,0.02574,0.00409,0.02165,0.0,0.7234,0.0,0.02992
56,5608,5608005,Висоцька сільська громада,2021,year,12,0.11953,0.02024,0.02837,0.0,0.02837,0.0,0.68671,0.0,0.07033
56,5608,5608005,Висоцька сільська громада,2025,year,12,0.15175,0.01018,0.02245,0.00148,0.02097,0.0,0.65989,0.0,0.09777
56,5608,5608007,Дубровицька міська громада,2021,year,12,0.0554,0.04269,0.03342,0.00449,0.02893,0.0,0.8226,0.02126,0.01216
56,5608,5608007,Дубровицька міська громада,2025,year,12,0.10205,0.03904,0.03574,0.00782,0.02793,0.0,0.75797,0.02008,0.02105
56,5608,5608009,Клесівська селищна громада,2021,year,12,0.12144,0.07496,0.03813,0.01322,0.02491,0.0,0.63647,0.02871,0.00581
56,5608,5608009,Клесівська селищна громада,2025,year,12,0.11835,0.04916,0.02894,0.01013,0.01881,0.0,0.70804,0.02782,0.04346
56,5608,5608011,Миляцька сільська громада,2021,year,12,0.08555,0.03108,0.01823,0.00056,0.01767,0.0,0.81352,0.0,0.01352
56,5608,5608011,Миляцька сільська громада,2025,year,12,0.07813,0.01462,0.01155,0.00078,0.01077,0.0,0.82659,0.0,0.03266
56,5608,5608013,Немовицька сільська громада,2021,year,12,0.08459,0.01332,0.03,0.00341,0.02659,0.0,0.79488,0.0,0.00531
56,5608,5608013,Немовицька сільська громада,2025,year,12,0.13699,0.0275,0.04233,0.0036,0.03873,0.0,0.7264,0.0,0.01474
56,5608,5608015,Рокитнівська селищна громада,2021,year,12,0.08742,0.0286,0.0416,0.00867,0.03292,0.0,0.78088,0.02133,0.01736
56,5608,5608015,Рокитнівська селищна громада,2025,year,12,0.10042,0.0471,0.04294,0.00868,0.03426,0.0,0.74791,0.01999,0.02504
56,5608,5608017,Сарненська міська громада,2021,year,12,0.0956,0.01651,0.06882,0.02435,0.04448,0.0,0.72919,0.03371,0.01992
56,5608,5608017,Сарненська міська громада,2025,year,12,0.08666,0.02644,0.05468,0.01961,0.03501,5e-05,0.70067,0.02773,0.05841
56,5608,5608019,Старосільська сільська громада,2021,year,12,0.08649,0.0301,0.02625,0.00015,0.0261,0.0,0.7072,0.0,0.00107
56,5608,5608019,Старосільська сільська громада,2025,year,12,0.09751,0.00744,0.02203,0.00106,0.02097,0.0,0.84529,0.0,0.00654
56,5608,5608021,Степанська селищна громада,2021,year,12,0.10422,0.01011,0.03435,8e-05,0.03427,0.0,0.79387,0.05327,0.00258
56,5608,5608021,Степанська селищна громада,2025,year,12,0.10739,0.00705,0.03811,0.00192,0.03619,0.0,0.77976,0.04966,0.05205
59,5902,5902001,Бочечківська сільська громада,2021,year,12,0.24667,0.03611,0.05045,0.0001,0.05035,0.0,0.49351,0.0084,0.06947
59,5902,5902001,Бочечківська сільська громада,2025,year,12,0.2646,0.03863,0.03411,0.0,0.03411,0.0,0.40371,0.00898,0.13478
59,5902,5902003,Буринська міська громада,2021,year,12,0.13032,0.05923,0.04269,0.0004,0.04229,0.0,0.6066,0.03334,0.05235
59,5902,5902003,Буринська міська громада,2025,year,12,0.15708,0.06825,0.04676,0.0,0.04676,0.0,0.56515,0.0249,0.05722
59,5902,5902005,Дубов'язівська селищна громада,2021,year,12,0.23195,0.02349,0.05468,0.00039,0.0543,0.0,0.47819,0.00931,0.06446
59,5902,5902005,Дубов'язівська селищна громада,2025,year,12,0.26523,0.03382,0.05793,0.00079,0.05714,0.0,0.38552,0.01229,0.1015
59,5902,5902007,Конотопська міська громада,2021,year,12,0.11634,0.08777,0.05389,0.02524,0.02864,0.0,0.57907,0.06565,0.05509
59,5902,5902007,Конотопська міська громада,2025,year,12,0.13473,0.07961,0.05102,0.02151,0.0295,0.0,0.5225,0.05428,0.07431
59,5902,5902009,Кролевецька міська громада,2021,year,12,0.09832,0.08026,0.05817,0.0168,0.04137,0.0,0.64146,0.0508,0.02719
59,5902,5902009,Кролевецька міська громада,2025,year,12,0.08953,0.1026,0.04395,0.01159,0.03236,0.0,0.65519,0.03327,0.04529
59,5902,5902011,Новослобідська сільська громада,2021,year,12,0.21065,0.08189,0.10802,0.00262,0.1054,0.0,0.4504,0.01756,0.03882
59,5902,5902011,Новослобідська сільська громада,2025,year,12,0.28537,0.16207,0.07027,0.0003,0.06997,0.0,0.2764,0.01038,0.13342
59,5902,5902013,Попівська сільська громада,2021,year,12,0.21945,0.03017,0.08458,0.0019,0.08268,0.0,0.4856,0.0,0.07938
59,5902,5902013,Попівська сільська громада,2025,year,12,0.1919,0.01534,0.06822,0.00075,0.06746,0.0,0.45817,0.00069,0.09233
59,5902,5902015,Путивльська міська громада,2021,year,12,0.13323,0.02992,0.09337,0.01635,0.07703,0.0,0.62919,0.07583,0.05714
59,5902,5902015,Путивльська міська громада,2025,year,12,0.13992,0.10212,0.06493,0.00989,0.05503,0.0,0.56633,0.06137,0.08489
59,5904,5904001,Боромлянська сільська громада,2021,year,12,0.17209,0.07877,0.05785,0.00968,0.04816,0.0,0.54454,0.0,0.04395
59,5904,5904001,Боромлянська сільська громада,2025,year,12,0.27826,0.08665,0.0526,0.00844,0.04416,0.0,0.41844,0.0,0.06264
59,5904,5904003,Великописарівська селищна громада,2021,year,12,0.13511,0.02668,0.08362,0.01525,0.06837,0.0,0.57682,0.04185,0.06986
59,5904,5904003,Великописарівська селищна громада,2025,year,12,0.40684,0.04971,0.05638,0.01379,0.04259,0.0,0.32941,0.03576,0.1316
59,5904,5904005,Грунська сільська громада,2021,year,12,0.12636,0.00691,0.0382,0.0,0.0382,0.0,0.65735,0.02853,0.08579
59,5904,5904005,Грунська сільська громада,2025,year,12,0.1701,0.02546,0.03342,0.0,0.03342,0.0,0.60231,0.02442,0.11631
59,5904,5904007,Кириківська селищна громада,2021,year,12,0.15043,0.0605,0.05789,0.0,0.05789,0.0,0.63469,0.0,0.02456
59,5904,5904007,Кириківська селищна громада,2025,year,12,0.26085,0.0762,0.06731,0.0,0.06731,0.0,0.47755,0.01235,0.07411
59,5904,5904009,Комишанська сільська громада,2021,year,12,0.09103,0.01154,0.0517,0.00082,0.05088,0.0,0.44377,0.00172,0.01273
59,5904,5904009,Комишанська сільська громада,2025,year,12,0.14668,0.04181,0.06122,0.0,0.06122,0.0,0.56524,0.01085,0.01754
59,5904,5904011,Охтирська міська громада,2021,year,12,0.09855,0.20374,0.03576,0.01369,0.02187,0.00021,0.52691,0.04466,0.03425
59,5904,5904011,Охтирська міська громада,2025,year,12,0.13713,0.04407,0.03651,0.01739,0.01866,0.00046,0.54663,0.03707,0.05719
59,5904,5904013,Тростянецька міська громада,2021,year,12,0.09387,0.07334,0.29515,0.23362,0.05651,0.00501,0.34925,0.02743,0.04166
59,5904,5904013,Тростянецька міська громада,2025,year,12,0.16861,0.12847,0.14895,0.07507,0.06898,0.00491,0.43989,0.03411,0.03764
59,5904,5904015,Чернеччинська сільська громада,2021,year,12,0.2072,0.06964,0.0952,0.00437,0.09083,0.0,0.42707,0.00078,0.07046
59,5904,5904015,Чернеччинська сільська громада,2025,year,12,0.21287,0.08686,0.06822,9e-05,0.06813,0.0,0.42221,0.00584,0.11546
59,5904,5904017,Чупахівська селищна громада,2021,year,12,0.15333,0.02885,0.04892,0.00114,0.04778,0.0,0.55341,0.00412,0.04211
59,5904,5904017,Чупахівська селищна громада,2025,year,12,0.15956,0.01647,0.05479,0.0,0.05479,0.0,0.51729,0.00808,0.0427
59,5906,5906001,Андріяшівська сільська громада,2021,year,12,0.17393,0.03954,0.04994,0.0,0.04994,0.0,0.55899,0.00349,0.02999
59,5906,5906001,Андріяшівська сільська громада,2025,year,12,0.17845,0.04113,0.06264,0.0292,0.03344,0.0,0.53073,0.00949,0.07348
59,5906,5906003,Вільшанська сільська громада,2021,year,12,0.20917,0.05114,0.07679,0.00021,0.07658,0.0,0.5094,0.0,0.03851
59,5906,5906003,Вільшанська сільська громада,2025,year,12,0.23747,0.08711,0.05926,0.00095,0.05831,0.0,0.5043,0.0,0.06528
59,5906,5906005,Коровинська сільська громада,2021,year,12,0.20206,0.01951,0.09067,0.00506,0.08561,0.0,0.63055,0.0,0.0379
59,5906,5906005,Коровинська сільська громада,2025,year,12,0.23299,0.02957,0.06135,0.00026,0.06109,0.0,0.59836,0.0,0.05482
59,5906,5906007,Липоводолинська селищна громада,2021,year,12,0.16606,0.09198,0.07111,0.01377,0.05734,0.0,0.52496,0.03008,0.02968
59,5906,5906007,Липоводолинська селищна громада,2025,year,12,0.14846,0.11204,0.08034,0.01974,0.0606,0.0,0.48831,0.02684,0.05056
59,5906,5906009,Недригайлівська селищна громада,2021,year,12,0.19075,0.02078,0.07434,0.0093,0.06503,0.0,0.59544,0.06276,0.04267
59,5906,5906009,Недригайлівська селищна громада,2025,year,12,0.2138,0.02258,0.07125,0.00995,0.06129,0.0,0.57725,0.06959,0.06192
59,5906,5906011,Роменська міська громада,2021,year,12,0.11851,0.09209,0.05804,0.01436,0.04368,0.0,0.60248,0.04749,0.04582
59,5906,5906011,Роменська міська громада,2025,year,12,0.10598,0.10896,0.04443,0.01281,0.03162,0.0,0.52671,0.03244,0.08732
59,5906,5906013,Синівська сільська громада,2021,year,12,0.24596,0.0381,0.05705,0.00224,0.05482,0.0,0.55093,0.0,0.01148
59,5906,5906013,Синівська сільська громада,2025,year,12,0.25295,0.02286,0.04988,0.0,0.04988,0.0,0.52821,0.0,0.04842
59,5906,5906015,Хмелівська сільська громада,2021,year,12,0.2178,0.07378,0.06593,0.0,0.06593,0.0,0.49334,0.0095,0.01258
59,5906,5906015,Хмелівська сільська громада,2025,year,12,0.27054,0.08153,0.04891,0.00035,0.04856,0.0,0.44329,0.01777,0.03084
59,5908,5908001,Бездрицька сільська громада,2021,year,12,0.16558,0.01287,0.0519,0.00291,0.04898,0.0,0.62289,0.0,0.03079
59,5908,5908001,Бездрицька сільська громада,2025,year,12,0.18826,0.02431,0.04843,0.00189,0.04653,0.0,0.61061,0.0,0.03592
59,5908,5908003,Білопільська міська громада,2021,year,12,0.13192,0.09566,0.06225,0.01449,0.04776,0.0,0.58373,0.05858,0.05692
59,5908,5908003,Білопільська міська громада,2025,year,12,0.2896,0.08633,0.04871,0.01223,0.03648,0.0,0.40926,0.04831,0.07301
59,5908,5908005,Верхньосироватська сільська громада,2021,year,12,0.12656,0.04024,0.05222,0.00491,0.04731,0.0,0.56121,0.03375,0.02498
59,5908,5908005,Верхньосироватська сільська громада,2025,year,12,0.246,0.0738,0.03035,0.0,0.03035,0.0,0.50468,0.02149,0.04274
59,5908,5908007,Ворожбянська міська громада,2021,year,12,0.21796,0.06619,0.01542,9e-05,0.01533,0.0,0.65033,0.0112,0.00892
59,5908,5908007,Ворожбянська міська громада,2025,year,12,0.39137,0.03483,0.01691,0.00193,0.01498,0.0,0.39743,0.0149,0.08774
59,5908,5908009,Краснопільська селищна громада,2021,year,12,0.11388,0.05219,0.07742,0.02129,0.05613,0.0,0.58952,0.02257,0.03774
59,5908,5908009,Краснопільська селищна громада,2025,year,12,0.23188,0.08125,0.05863,0.01373,0.0449,0.0,0.44722,0.01625,0.07737
59,5908,5908011,Лебединська міська громада,2021,year,12,0.13266,0.05648,0.05686,0.00688,0.04998,0.0,0.62295,0.04296,0.04295
59,5908,5908011,Лебединська міська громада,2025,year,12,0.15837,0.06084,0.0517,0.00676,0.04494,0.0,0.52278,0.03106,0.07935
59,5908,5908013,Миколаївська селищна громада,2021,latest,12,0.1836,0.06705,0.05134,0.00797,0.04337,0.0,0.52979,0.01298,0.06348
59,5908,5908013,Миколаївська селищна громада,2025,year,12,0.31638,0.10975,0.05464,0.00865,0.04599,0.0,0.35499,0.01477,0.11718
59,5908,5908015,Миколаївська сільська громада,2021,latest,12,0.16457,0.06783,0.06465,0.00819,0.05646,0.0,0.49962,0.0,0.02621
59,5908,5908015,Миколаївська сільська громада,2025,year,12,0.22772,0.11932,0.06832,0.00478,0.06355,0.0,0.40864,0.01375,0.09591
59,5908,5908017,Миропільська сільська громада,2021,year,12,0.15654,0.05586,0.03991,0.00037,0.03954,0.0,0.57108,0.03123,0.04233
59,5908,5908017,Миропільська сільська громада,2025,year,12,0.25316,0.14186,0.01431,0.0,0.01431,0.0,0.489,0.02535,0.07905
59,5908,5908019,Нижньосироватська сільська громада,2021,year,12,0.17422,0.0378,0.03736,0.002,0.03536,0.0,0.64038,0.0,0.04707
59,5908,5908019,Нижньосироватська сільська громада,2025,year,12,0.07648,0.03258,0.01345,9e-05,0.01336,0.0,0.80935,0.0,0.04024
59,5908,5908021,Річківська сільська громада,2021,year,12,0.26513,0.04605,0.03647,0.00027,0.0362,0.0,0.54926,0.0,0.09053
59,5908,5908021,Річківська сільська громада,2025,year,12,0.32866,0.02856,0.02045,0.0,0.02045,0.0,0.45703,0.0,0.09747
59,5908,5908023,Садівська сільська громада,2021,year,12,0.14529,0.02216,0.03912,0.00157,0.03756,0.0,0.66816,0.05262,0.03925
59,5908,5908023,Садівська сільська громада,2025,year,12,0.16109,0.06223,0.03546,0.0004,0.03506,0.0,0.56796,0.04029,0.07786
59,5908,5908025,Степанівська селищна громада,2021,year,12,0.13757,0.04004,0.06894,0.03142,0.03753,0.0,0.65197,0.02553,0.03405
59,5908,5908025,Степанівська селищна громада,2025,year,12,0.14418,0.04646,0.04904,0.01775,0.03129,0.0,0.63481,0.02412,0.09978
59,5908,5908027,Сумська міська громада,2021,year,12,0.08956,0.20492,0.035,0.02244,0.01254,3e-05,0.40648,0.03038,0.05053
59,5908,5908027,Сумська міська громада,2025,year,12,0.1178,0.13155,0.03101,0.02174,0.00927,0.0,0.50295,0.02569,0.10725
59,5908,5908029,Хотінська селищна громада,2021,year,12,0.15087,0.06423,0.05108,0.00202,0.04906,0.0,0.50746,0.00588,0.02919
59,5908,5908029,Хотінська селищна громада,2025,year,12,0.3311,0.17176,0.03535,0.0,0.03535,0.0,0.26077,0.00725,0.15194
59,5908,5908031,Юнаківська сільська громада,2021,year,12,0.21554,0.04072,0.03879,0.0,0.03879,0.0,0.5827,0.00237,0.00467
59,5908,5908031,Юнаківська сільська громада,2025,year,12,0.3045,0.01641,0.00147,0.0,0.00147,0.0,0.33448,0.0075,0.15481
59,5910,5910001,Березівська сільська громада,2021,year,12,0.16827,0.07018,0.0942,0.00094,0.09326,0.0,0.44547,0.00769,0.07763
59,5910,5910001,Березівська сільська громада,2025,year,12,0.20356,0.12041,0.08582,0.00027,0.08555,0.0,0.34943,0.00414,0.1076
59,5910,5910003,Глухівська міська громада,2021,year,12,0.13055,0.08236,0.05747,0.01661,0.04085,0.0,0.5553,0.05143,0.05017
59,5910,5910003,Глухівська міська громада,2025,year,12,0.15969,0.07802,0.04216,0.00961,0.03255,0.0,0.52656,0.04258,0.06318
59,5910,5910005,Дружбівська міська громада,2021,year,12,0.19594,0.06031,0.14262,0.0544,0.08822,0.0,0.44346,0.0,0.01084
59,5910,5910005,Дружбівська міська громада,2025,year,12,0.32505,0.15605,0.09035,0.01564,0.07471,0.0,0.27954,0.0,0.026
59,5910,5910007,Есманьська селищна громада,2021,year,12,0.26996,0.04845,0.06251,3e-05,0.06248,0.0,0.47909,0.0064,0.05136
59,5910,5910007,Есманьська селищна громада,2025,year,12,0.29435,0.12244,0.01112,0.0,0.01112,0.0,0.19902,0.00388,0.32746
59,5910,5910009,Зноб-Новгородська селищна громада,2021,year,12,0.19955,0.04511,0.06814,0.0027,0.06544,0.0,0.5454,0.0,0.05986
59,5910,5910009,Зноб-Новгородська селищна громада,2025,year,12,0.23685,0.12877,0.05563,0.00146,0.05417,0.0,0.27328,0.0,0.08163
59,5910,5910011,Свеська селищна громада,2021,year,12,0.18782,0.03531,0.03982,0.00036,0.03946,0.0,0.66741,0.00012,0.01829
59,5910,5910011,Свеська селищна громада,2025,year,12,0.22477,0.14189,0.08033,8e-05,0.08025,0.0,0.37918,0.0,0.05249
59,5910,5910013,Середино-Будська міська громада,2021,year,12,0.21789,0.04523,0.04932,0.0156,0.03371,0.0,0.61464,0.03666,0.0357
59,5910,5910013,Середино-Будська міська громада,2025,year,12,0.39372,0.10689,0.01366,0.0,0.01366,0.0,0.3815,0.02753,0.06409
59,5910,5910015,Шалигинська селищна громада,2021,year,12,0.29166,0.05559,0.05928,0.00305,0.05623,0.0,0.43764,0.0,0.01495
59,5910,5910015,Шалигинська селищна громада,2025,year,12,0.32288,0.22352,0.01423,0.0,0.01423,0.0,0.16903,0.0,0.20013
59,5910,5910017,Шосткинська міська громада,2021,year,12,0.08879,0.18993,0.05576,0.02321,0.03245,0.00011,0.4971,0.05497,0.03963
59,5910,5910017,Шосткинська міська громада,2025,year,12,0.07444,0.11936,0.0612,0.02781,0.03248,0.0009,0.44273,0.04463,0.10051
59,5910,5910019,Ямпільська селищна громада,2021,year,12,0.14879,0.02119,0.08518,0.01116,0.07402,0.0,0.60092,0.10437,0.05494
59,5910,5910019,Ямпільська селищна громада,2025,year,12,0.21567,0.0673,0.05482,0.00438,0.05044,0.0,0.51348,0.0544,0.05997
61,6102,6102001,Борсуківська сільська громада,2021,year,12,0.1509,0.02977,0.01753,0.00135,0.01618,0.0,0.74926,0.0,0.04081
61,6102,6102001,Борсуківська сільська громада,2025,year,12,0.17236,0.03928,0.0272,0.00138,0.02582,0.0,0.67981,0.0,0.0511
61,6102,6102003,Великодедеркальська сільська громада,2021,year,12,0.11524,0.01115,0.04152,0.01392,0.0276,0.0,0.6681,0.02588,0.10191
61,6102,6102003,Великодедеркальська сільська громада,2025,year,12,0.15143,0.01836,0.02746,0.00659,0.02087,0.0,0.5776,0.03065,0.15483
61,6102,6102005,Вишнівецька селищна громада,2021,year,12,0.11815,0.01835,0.02976,4e-05,0.02972,0.0,0.72262,0.02215,0.04316
61,6102,6102005,Вишнівецька селищна громада,2025,year,12,0.12989,0.02944,0.02819,0.00083,0.02736,0.0,0.68443,0.01877,0.05358
61,6102,6102007,Кременецька міська громада,2021,year,12,0.08124,0.03229,0.05808,0.00984,0.04824,0.0,0.74555,0.0426,0.03951
61,6102,6102007,Кременецька міська громада,2025,year,12,0.11213,0.03326,0.04928,0.00842,0.04086,0.0,0.67726,0.03266,0.05073
61,6102,6102009,Лановецька міська громада,2021,year,12,0.12876,0.04024,0.02698,0.00063,0.02511,0.00124,0.70203,0.02822,0.05544
61,6102,6102009,Лановецька міська громада,2025,year,12,0.2226,0.04673,0.0196,0.0016,0.01801,0.0,0.60083,0.02106,0.05461
61,6102,6102011,Лопушненська сільська громада,2021,year,12,0.14381,0.01798,0.02562,0.00014,0.02548,0.0,0.76586,0.0,0.03427
61,6102,6102011,Лопушненська сільська громада,2025,year,12,0.16105,0.02264,0.0228,0.00014,0.02266,0.0,0.73781,0.0,0.04487
61,6102,6102013,Почаївська міська громада,2021,year,12,0.09715,0.03801,0.04979,0.00025,0.04955,0.0,0.7351,0.05868,0.03227
61,6102,6102013,Почаївська міська громада,2025,year,12,0.13673,0.04409,0.04004,0.00076,0.03928,0.0,0.68117,0.05538,0.03353
61,6102,6102015,Шумська міська громада,2021,year,12,0.1127,0.03876,0.04418,0.00852,0.03567,0.0,0.70318,0.03044,0.03945
61,6102,6102015,Шумська міська громада,2025,year,12,0.13372,0.02516,0.04315,0.00736,0.03579,0.0,0.66186,0.02422,0.06684
61,6104,6104001,Байковецька сільська громада,2021,year,12,0.22238,0.08706,0.07281,0.00122,0.07159,0.0,0.42544,0.00522,0.06335
61,6104,6104001,Байковецька сільська громада,2025,year,12,0.19275,0.0745,0.06922,0.00168,0.06754,0.0,0.31872,0.00971,0.09548
61,6104,6104003,Бережанська міська громада,2021,year,12,0.12579,0.05057,0.07575,0.01767,0.05807,0.0,0.64955,0.06723,0.03215
61,6104,6104003,Бережанська міська громада,2025,year,12,0.14774,0.05379,0.07796,0.02206,0.0559,0.0,0.57062,0.05673,0.08276
61,6104,6104005,Білецька сільська громада,2021,year,12,0.16134,0.03211,0.05533,0.00234,0.05299,0.0,0.66684,0.01466,0.02228
61,6104,6104005,Білецька сільська громада,2025,year,12,0.18642,0.06271,0.05488,0.0048,0.05008,0.0,0.52024,0.00549,0.06627
61,6104,6104007,Великоберезовицька селищна громада,2021,year,12,0.13586,0.05044,0.06934,0.01755,0.05179,0.0,0.56806,0.02531,0.01825
61,6104,6104007,Великоберезовицька селищна громада,2025,year,12,0.11122,0.04634,0.07234,0.01877,0.05357,0.0,0.56969,0.01795,0.06011
61,6104,6104009,Великобірківська селищна громада,2021,year,12,0.19287,0.03572,0.03079,0.0048,0.02599,0.0,0.62223,0.04003,0.00286
61,6104,6104009,Великобірківська селищна громада,2025,year,12,0.17632,0.06466,0.03497,0.00729,0.02768,0.0,0.45472,0.03506,0.01803
61,6104,6104011,Великогаївська сільська громада,2021,year,12,0.15431,0.05134,0.07227,0.01167,0.0606,0.0,0.59334,0.0,0.0456
61,6104,6104011,Великогаївська сільська громада,2025,year,12,0.12811,0.03813,0.07187,0.01605,0.05582,0.0,0.58615,0.0,0.08573
61,6104,6104013,Залозецька селищна громада,2021,year,12,0.16152,0.01957,0.03005,0.0,0.03005,0.0,0.7423,0.01715,0.00717
61,6104,6104013,Залозецька селищна громада,2025,year,12,0.17737,0.00956,0.02486,0.0,0.02486,0.0,0.70957,0.01952,0.02288
61,6104,6104015,Збаразька міська громада,2021,year,12,0.14474,0.07036,0.05944,0.01063,0.04881,0.0,0.58908,0.03496,0.05682
61,6104,6104015,Збаразька міська громада,2025,year,12,0.14988,0.0942,0.0621,0.01328,0.04882,0.0,0.54753,0.03189,0.08217
61,6104,6104017,Зборівська міська громада,2021,year,12,0.11712,0.03394,0.0658,0.01113,0.05467,0.0,0.65262,0.04154,0.06121
61,6104,6104017,Зборівська міська громада,2025,year,12,0.10624,0.04239,0.05669,0.00635,0.05033,0.0,0.60941,0.03625,0.06586
61,6104,6104019,Золотниківська сільська громада,2021,year,12,0.17639,0.0505,0.04297,0.00227,0.0407,0.0,0.61266,0.02336,0.04979
61,6104,6104019,Золотниківська сільська громада,2025,year,12,0.22801,0.03908,0.04195,0.00161,0.04034,0.0,0.5837,0.02683,0.06727
61,6104,6104021,Іванівська сільська громада,2021,year,12,0.14764,0.06943,0.04099,0.0016,0.0394,0.0,0.54215,0.0,0.00773
61,6104,6104021,Іванівська сільська громада,2025,year,12,0.25742,0.05932,0.04538,0.00054,0.04484,0.0,0.57707,0.0,0.03888
61,6104,6104023,Козівська селищна громада,2021,year,12,0.14381,0.05768,0.05657,0.01032,0.04624,0.0,0.63989,0.05306,0.02938
61,6104,6104023,Козівська селищна громада,2025,year,12,0.1674,0.0568,0.05073,0.00772,0.043,0.0,0.5755,0.0408,0.05194
61,6104,6104025,Козлівська селищна громада,2021,year,12,0.21363,0.03637,0.04794,0.0,0.04794,0.0,0.52958,0.0,0.00402
61,6104,6104025,Козлівська селищна громада,2025,year,12,0.28752,0.06657,0.03393,0.00259,0.03134,0.0,0.50709,0.0,0.01487
61,6104,6104027,Купчинецька сільська громада,2021,year,12,0.18273,0.06811,0.03683,0.00014,0.03669,0.0,0.54728,0.0,0.10602
61,6104,6104027,Купчинецька сільська громада,2025,year,12,0.23269,0.06947,0.03963,0.00226,0.03736,0.0,0.55493,0.0,0.08775
61,6104,6104029,Микулинецька селищна громада,2021,year,12,0.13135,0.05229,0.04828,0.00079,0.04749,0.0,0.70847,0.01476,0.03221
61,6104,6104029,Микулинецька селищна громада,2025,year,12,0.1314,0.04146,0.0457,0.00056,0.04515,0.0,0.68661,0.01005,0.06051
61,6104,6104031,Нараївська сільська громада,2021,year,12,0.20634,0.01648,0.04227,0.00261,0.03967,0.0,0.66553,0.0,0.01728
61,6104,6104031,Нараївська сільська громада,2025,year,12,0.29132,0.0508,0.05228,0.00886,0.04341,0.0,0.55582,0.0,0.03796
61,6104,6104033,Озернянська сільська громада,2021,year,12,0.14138,0.0023,0.03544,0.00048,0.03497,0.0,0.7496,0.0351,0.02186
61,6104,6104033,Озернянська сільська громада,2025,year,12,0.12489,0.02953,0.03555,0.00226,0.0333,0.0,0.61904,0.02824,0.06202
61,6104,6104035,Підволочиська селищна громада,2021,year,12,0.15478,0.0395,0.06526,0.01801,0.04725,0.0,0.5963,0.04668,0.06956
61,6104,6104035,Підволочиська селищна громада,2025,year,12,0.19166,0.0523,0.06093,0.02023,0.0407,0.0,0.53296,0.04371,0.09219
61,6104,6104037,Підгаєцька міська громада,2021,year,12,0.12664,0.02418,0.05384,0.00442,0.04941,0.0,0.66164,0.03151,0.04589
61,6104,6104037,Підгаєцька міська громада,2025,year,12,0.149,0.04393,0.06349,0.00232,0.06117,0.0,0.59307,0.02539,0.08269
61,6104,6104039,Підгороднянська сільська громада,2021,year,12,0.22944,0.04583,0.02303,0.0016,0.02143,0.0,0.52987,0.0,0.00831
61,6104,6104039,Підгороднянська сільська громада,2025,year,12,0.22804,0.07432,0.02684,0.0026,0.02423,0.0,0.4911,0.0,0.083
61,6104,6104041,Саранчуківська сільська громада,2021,year,12,0.19966,0.05048,0.03616,0.0,0.03616,0.0,0.63122,0.0,0.06276
61,6104,6104041,Саранчуківська сільська громада,2025,year,12,0.1854,0.04343,0.04126,0.0,0.04126,0.0,0.61446,0.0,0.09302
61,6104,6104043,Скалатська міська громада,2021,year,12,0.13291,0.02309,0.06185,0.01717,0.04468,0.0,0.68182,0.05262,0.0497
61,6104,6104043,Скалатська міська громада,2025,year,12,0.16845,0.04033,0.05427,0.01662,0.03766,0.0,0.6076,0.03932,0.0684
61,6104,6104045,Скориківська сільська громада,2021,year,12,0.17262,0.04006,0.03571,6e-05,0.03564,0.0,0.62354,0.03632,0.0656
61,6104,6104045,Скориківська сільська громада,2025,year,12,0.2336,0.01633,0.03258,0.00167,0.03091,0.0,0.53366,0.02164,0.09763
61,6104,6104047,Теребовлянська міська громада,2021,year,12,0.09683,0.04769,0.08571,0.01842,0.06729,0.0,0.62086,0.04421,0.06697
61,6104,6104047,Теребовлянська міська громада,2025,year,12,0.12539,0.05122,0.0798,0.01759,0.06221,0.0,0.59519,0.02754,0.09945
61,6104,6104049,Тернопільська міська громада,2021,year,12,0.05554,0.10179,0.03899,0.0286,0.01034,6e-05,0.41013,0.02269,0.03499
61,6104,6104049,Тернопільська міська громада,2025,year,12,0.06895,0.13084,0.03642,0.0243,0.01209,2e-05,0.48645,0.02243,0.08872
61,6106,6106001,Білобожницька сільська громада,2021,year,12,0.13713,0.03484,0.04665,0.00199,0.04466,0.0,0.69863,0.0235,0.03206
61,6106,6106001,Білобожницька сільська громада,2025,year,12,0.17125,0.06156,0.05193,0.0008,0.05113,0.0,0.60555,0.01869,0.04722
61,6106,6106003,Більче-Золотецька сільська громада,2021,year,12,0.18683,0.05786,0.03966,0.0,0.03966,0.0,0.66299,0.06976,0.01227
61,6106,6106003,Більче-Золотецька сільська громада,2025,year,12,0.22646,0.02621,0.04216,0.0,0.04216,0.0,0.56293,0.05921,0.10778
61,6106,6106005,Борщівська міська громада,2021,year,12,0.09739,0.10762,0.05607,0.0151,0.04097,0.0,0.63575,0.05073,0.02492
61,6106,6106005,Борщівська міська громада,2025,year,12,0.09099,0.10213,0.07118,0.01719,0.05399,0.0,0.57834,0.04039,0.04669
61,6106,6106007,Бучацька міська громада,2021,year,12,0.08329,0.02308,0.05034,0.01381,0.03653,0.0,0.75992,0.04022,0.03632
61,6106,6106007,Бучацька міська громада,2025,year,12,0.12787,0.04206,0.05542,0.01416,0.04126,0.0,0.62007,0.03312,0.07953
61,6106,6106009,Васильковецька сільська громада,2021,year,12,0.1539,0.05139,0.03382,0.00378,0.03004,0.0,0.7173,0.00867,0.02212
61,6106,6106009,Васильковецька сільська громада,2025,year,12,0.17724,0.06318,0.03576,0.0,0.03576,0.0,0.66163,0.01022,0.04748
61,6106,6106011,Гримайлівська селищна громада,2021,year,12,0.19108,0.01925,0.04473,0.0,0.04473,0.0,0.69762,0.03343,0.0291
61,6106,6106011,Гримайлівська селищна громада,2025,year,12,0.28056,0.02606,0.02979,0.00049,0.0293,0.0,0.5851,0.03114,0.05687
61,6106,6106013,Гусятинська селищна громада,2021,year,12,0.12054,0.03929,0.04708,0.01845,0.02864,0.0,0.64857,0.04149,0.01833
61,6106,6106013,Гусятинська селищна громада,2025,year,12,0.15309,0.06633,0.07404,0.03604,0.038,0.0,0.58132,0.04772,0.04193
61,6106,6106015,Заводська селищна громада,2021,year,12,0.15057,0.0877,0.01997,0.00233,0.01764,0.0,0.61486,0.06222,0.00951
61,6106,6106015,Заводська селищна громада,2025,year,12,0.18803,0.15634,0.01382,0.00013,0.01369,0.0,0.54974,0.05196,0.02594
61,6106,6106017,Заліщицька міська громада,2021,year,12,0.11662,0.06026,0.05846,0.00742,0.05104,0.0,0.6654,0.0475,0.00575
61,6106,6106017,Заліщицька міська громада,2025,year,12,0.15908,0.05414,0.06493,0.01074,0.0542,0.0,0.59586,0.03511,0.05738
61,6106,6106019,Золотопотіцька селищна громада,2021,year,12,0.11101,0.0107,0.02627,0.00078,0.02549,0.0,0.79478,0.03335,0.01841
61,6106,6106019,Золотопотіцька селищна громада,2025,year,12,0.11401,0.01609,0.018,0.0003,0.0177,0.0,0.78385,0.02493,0.02637
61,6106,6106021,Іване-Пустенська сільська громада,2021,year,12,0.14684,0.03354,0.04127,0.00237,0.0389,0.0,0.75084,0.0,0.01487
61,6106,6106021,Іване-Пустенська сільська громада,2025,year,12,0.16845,0.02532,0.0248,0.00449,0.02031,0.0,0.69921,0.0,0.05713
61,6106,6106023,Колиндянська сільська громада,2021,year,12,0.12183,0.03414,0.03617,0.00191,0.03426,0.0,0.65713,0.03563,0.11344
61,6106,6106023,Колиндянська сільська громада,2025,year,12,0.13252,0.04003,0.01547,0.0,0.01547,0.0,0.47207,0.02058,0.28895
61,6106,6106025,Копичинецька міська громада,2021,year,12,0.09771,0.04004,0.04794,0.00159,0.04635,0.0,0.71247,0.05563,0.0363
61,6106,6106025,Копичинецька міська громада,2025,year,12,0.1325,0.10762,0.0379,0.00272,0.03518,0.0,0.5694,0.04651,0.06133
61,6106,6106027,Коропецька селищна громада,2021,year,12,0.14929,0.01344,0.02978,0.00011,0.02967,0.0,0.74985,0.07954,0.00904
61,6106,6106027,Коропецька селищна громада,2025,year,12,0.16142,0.0158,0.01935,8e-05,0.01927,0.0,0.73143,0.06916,0.04461
61,6106,6106029,Мельнице-Подільська селищна громада,2021,year,12,0.08543,0.01745,0.03194,0.0037,0.02825,0.0,0.71536,0.04033,0.08331
61,6106,6106029,Мельнице-Подільська селищна громада,2025,year,12,0.08912,0.03022,0.02114,0.00052,0.02062,0.0,0.72212,0.03687,0.11195
61,6106,6106031,Монастириська міська громада,2021,year,12,0.12722,0.0319,0.05899,0.00472,0.05314,0.00113,0.66141,0.04639,0.06284
61,6106,6106031,Монастириська міська громада,2025,year,12,0.19347,0.02917,0.04947,0.00619,0.04328,0.0,0.61324,0.03549,0.06315
61,6106,6106033,Нагірянська сільська громада,2021,year,12,0.16102,0.01205,0.03465,0.00186,0.0328,0.0,0.74994,0.02279,0.03044
61,6106,6106033,Нагірянська сільська громада,2025,year,12,0.17867,0.12554,0.02739,0.0,0.02739,0.0,0.58127,0.01998,0.04053
61,6106,6106035,Скала-Подільська селищна громада,2021,year,12,0.13106,0.08249,0.03916,0.00097,0.03819,0.0,0.61664,0.0327,0.0337
61,6106,6106035,Скала-Подільська селищна громада,2025,year,12,0.15814,0.08002,0.038,0.0014,0.0366,0.0,0.59139,0.03261,0.05744
61,6106,6106037,Товстенська селищна громада,2021,year,12,0.13755,0.02843,0.03337,0.0,0.03337,0.0,0.6842,0.03162,0.06352
61,6106,6106037,Товстенська селищна громада,2025,year,12,0.16182,0.03292,0.03035,0.00071,0.02964,0.0,0.64578,0.02386,0.10528
61,6106,6106039,Трибухівська сільська громада,2021,year,12,0.12259,0.02609,0.04216,0.00666,0.03551,0.0,0.65336,0.0,0.02843
61,6106,6106039,Трибухівська сільська громада,2025,year,12,0.13671,0.06606,0.0336,0.00539,0.02821,0.0,0.46414,0.0,0.06724
61,6106,6106041,Хоростківська міська громада,2021,year,12,0.1197,0.05234,0.04518,0.02078,0.0244,0.0,0.62444,0.01842,0.02068
61,6106,6106041,Хоростківська міська громада,2025,year,12,0.15223,0.08438,0.05429,0.02729,0.02701,0.0,0.57686,0.03837,0.06549
61,6106,6106043,Чортківська міська громада,2021,year,12,0.09793,0.11958,0.04299,0.00971,0.03328,0.0,0.58933,0.04044,0.03703
61,6106,6106043,Чортківська міська громада,2025,year,12,0.12472,0.10634,0.04358,0.00917,0.03441,0.0,0.55009,0.04107,0.07351
63,6302,6302001,Богодухівська міська громада,2021,year,12,0.12544,0.06274,0.05733,0.01097,0.04637,0.0,0.53134,0.02701,0.04518
63,6302,6302001,Богодухівська міська громада,2025,year,12,0.15467,0.12197,0.05999,0.01313,0.04686,0.0,0.462,0.03402,0.07354
63,6302,6302003,Валківська міська громада,2021,year,12,0.14276,0.07256,0.05372,0.01518,0.03854,0.0,0.58162,0.03137,0.06447
63,6302,6302003,Валківська міська громада,2025,year,12,0.12862,0.1036,0.04102,0.01379,0.02723,0.0,0.57472,0.02182,0.09061
63,6302,6302005,Золочівська селищна територіальна громада,2021,year,12,0.12741,0.05902,0.05927,0.01366,0.04562,0.0,0.63177,0.0455,0.03278
63,6302,6302005,Золочівська селищна територіальна громада,2025,year,12,0.23419,0.06484,0.0196,0.0024,0.0172,0.0,0.48011,0.00681,0.0472
63,6302,6302007,Коломацька селищна громада,2021,year,12,0.17613,0.13513,0.04734,0.00904,0.0383,0.0,0.50378,0.00824,0.04182
63,6302,6302007,Коломацька селищна громада,2025,year,12,0.19334,0.1677,0.03219,0.00505,0.02714,0.0,0.46217,0.00622,0.06684
63,6302,6302009,Краснокутська селищна громада,2021,year,12,0.14694,0.07193,0.05091,0.01002,0.04088,0.0,0.50672,0.02111,0.06182
63,6302,6302009,Краснокутська селищна громада,2025,year,12,0.1369,0.17962,0.05366,0.00933,0.04433,0.0,0.40611,0.01769,0.11211
63,6304,6304001,Балаклійська міська громада,2021,year,12,0.09502,0.06471,0.06159,0.01867,0.04292,0.0,0.52622,0.03636,0.04845
63,6304,6304001,Балаклійська міська громада,2025,year,12,0.10983,0.10345,0.03333,0.01447,0.01886,0.0,0.39456,0.01919,0.08229
63,6304,6304003,Барвінківська міська громада,2021,year,12,0.1469,0.0497,0.05965,0.01163,0.04802,0.0,0.61452,0.02658,0.04563
63,6304,6304003,Барвінківська міська громада,2025,year,12,0.21282,0.11855,0.03678,0.01144,0.02534,0.0,0.46481,0.0234,0.07356
63,6304,6304005,Борівська селищна громада,2021,year,12,0.15163,0.03723,0.07492,0.01058,0.06434,0.0,0.6206,0.0261,0.03922
63,6304,6304005,Борівська селищна громада,2025,year,12,0.29465,0.2078,0.02715,0.00254,0.02461,0.0,0.31911,0.01346,0.08554
63,6304,6304007,Донецька селищна громада,2021,year,12,0.09613,0.04772,0.01282,0.00334,0.00948,0.0,0.41016,0.01436,0.02646
63,6304,6304007,Донецька селищна громада,2025,year,12,0.16519,0.15724,0.04277,0.01513,0.02764,0.0,0.47402,0.00723,0.0548
63,6304,6304009,Ізюмська міська громада,2021,year,12,0.1289,0.03287,0.07364,0.02662,0.04702,0.0,0.61153,0.03625,0.05925
63,6304,6304009,Ізюмська міська громада,2025,year,12,0.1401,0.30858,0.05347,0.01681,0.03666,0.0,0.20874,0.01333,0.07773
63,6304,6304011,Куньєвська сільська громада,2021,year,12,0.19294,0.06854,0.03971,0.00389,0.03581,0.0,0.62029,0.0,0.03854
63,6304,6304011,Куньєвська сільська громада,2025,year,12,0.24955,0.20306,0.02388,0.0,0.02388,0.0,0.37367,0.0,0.14792
63,6304,6304013,Оскільська сільська громада,2021,year,12,0.17016,0.02425,0.06689,0.00311,0.06378,0.0,0.52459,0.0,0.07788
63,6304,6304013,Оскільська сільська громада,2025,year,12,0.31294,0.06909,0.02234,0.0,0.02234,0.0,0.33734,0.0,0.15134
63,6304,6304015,Савинська селищна громада,2021,year,12,0.14405,0.06361,0.04135,0.00077,0.04058,0.0,0.63375,0.02034,0.03986
63,6304,6304015,Савинська селищна громада,2025,year,12,0.26954,0.05153,0.0463,0.0002,0.04609,0.0,0.29827,0.01143,0.11266
63,6306,6306001,Зачепилівська селищна громада,2021,year,12,0.11726,0.08288,0.04486,0.00024,0.04462,0.0,0.64256,0.02668,0.04134
63,6306,6306001,Зачепилівська селищна громада,2025,year,12,0.18573,0.08823,0.04404,0.00021,0.04383,0.0,0.55433,0.02714,0.09319
63,6306,6306003,Кегичівська селищна громада,2021,year,12,0.10745,0.06262,0.04415,0.00323,0.04091,0.0,0.62102,0.02403,0.0293
63,6306,6306003,Кегичівська селищна громада,2025,year,12,0.13157,0.07718,0.02989,0.00048,0.02942,0.0,0.51976,0.02297,0.13833
63,6306,6306005,Красноградська міська громада,2021,year,12,0.0975,0.0561,0.06425,0.02614,0.0381,0.0,0.5405,0.03857,0.05253
63,6306,6306005,Красноградська міська громада,2025,year,12,0.15678,0.11772,0.06345,0.01863,0.04386,0.00096,0.49887,0.02891,0.11994
63,6306,6306007,Наталинська сільська громада,2021,year,12,0.25538,0.0668,0.03294,0.00018,0.03276,0.0,0.46478,2e-05,0.0114
63,6306,6306007,Наталинська сільська громада,2025,year,12,0.28917,0.08386,0.03655,0.00044,0.03611,0.0,0.45313,0.0,0.06319
63,6306,6306009,Сахновщинська селищна громада,2021,year,12,0.11467,0.04936,0.05406,0.00176,0.0523,0.0,0.70979,0.03087,0.03719
63,6306,6306009,Сахновщинська селищна громада,2025,year,12,0.16585,0.06468,0.04305,0.00231,0.04074,0.0,0.53655,0.02677,0.09453
63,6306,6306011,Старовірівська сільська громада,2021,year,12,0.14178,0.12214,0.05131,0.00181,0.0495,0.0,0.47769,0.00603,0.04567
63,6306,6306011,Старовірівська сільська громада,2025,year,12,0.18702,0.16821,0.05113,0.00023,0.05091,0.0,0.38587,0.00378,0.07852
63,6308,6308001,Великобурлуцька селищна громада,2021,year,12,0.19304,0.06011,0.06646,0.01182,0.05464,0.0,0.51869,0.02433,0.04314
63,6308,6308001,Великобурлуцька селищна громада,2025,year,12,0.36162,0.17107,0.02724,0.00185,0.02449,0.00091,0.25198,0.01125,0.08602
63,6308,6308003,Вільхуватська сільська громада,2021,year,12,0.20199,0.06642,0.04388,0.00469,0.03919,0.0,0.60295,0.01305,0.04368
63,6308,6308003,Вільхуватська сільська громада,2025,year,12,0.42899,0.19078,0.00346,0.0,0.00346,0.0,0.20634,0.0,0.16847
63,6308,6308011,Курилівська сільська громада,2021,year,12,0.17944,0.00647,0.03597,0.00355,0.03242,0.0,0.67545,0.0,0.06648
63,6308,6308011,Курилівська сільська громада,2025,year,12,0.55113,0.0847,0.008,0.008,0.0,0.0,0.24712,0.0,0.06258
63,6308,6308015,Шевченківська селищна громада,2021,year,12,0.14336,0.04966,0.05925,0.01356,0.04424,0.00145,0.59855,0.02127,0.05518
63,6308,6308015,Шевченківська селищна громада,2025,year,12,0.26533,0.23366,0.03961,0.0078,0.02888,0.00292,0.33163,0.01803,0.06657
63,6310,6310001,Біляївська селищна громада,2021,year,12,0.27128,0.09304,0.0603,0.00385,0.05645,0.0,0.38073,0.0068,0.12935
63,6310,6310001,Біляївська селищна громада,2025,year,12,0.30505,0.09348,0.0809,0.00078,0.08012,0.0,0.34206,0.00606,0.1637
63,6310,6310003,Близнюківська селищна громада,2021,year,12,0.09099,0.08984,0.05166,0.01162,0.04004,0.0,0.6159,0.01105,0.03613
63,6310,6310003,Близнюківська селищна громада,2025,year,12,0.09559,0.11047,0.05151,0.01552,0.03599,0.0,0.57694,0.00696,0.03445
63,6310,6310005,Лозівська міська громада,2021,year,12,0.11066,0.05674,0.07004,0.02189,0.04544,0.0027,0.59155,0.03178,0.04086
63,6310,6310005,Лозівська міська громада,2025,year,12,0.1325,0.05461,0.04756,0.01607,0.02977,0.00172,0.56785,0.01744,0.06169
63,6310,6310007,Олексіївка,2021,year,12,0.25595,0.07075,0.05321,0.00279,0.05042,0.0,0.43866,0.00785,0.07372
63,6310,6310007,Олексіївка,2025,year,12,0.27278,0.05158,0.07273,0.0103,0.06242,0.0,0.23656,0.00291,0.16157
63,6310,6310009,Златопільська міська громада,2021,year,12,0.11825,0.02462,0.06445,0.01727,0.04717,0.0,0.55871,0.03493,0.04915
63,6310,6310009,Златопільська міська громада,2025,year,12,0.10831,0.06924,0.0506,0.01212,0.03847,0.0,0.55665,0.02792,0.0806
63,6312,6312001,Безлюдівська селищна громада,2021,year,12,0.15815,0.12058,0.0442,0.01534,0.02886,0.0,0.49858,0.0,0.06296
63,6312,6312001,Безлюдівська селищна громада,2025,year,12,0.1979,0.16041,0.03804,0.01243,0.02561,0.0,0.36545,0.0,0.10115
63,6312,6312003,Височанська селищна громада,2021,year,12,0.13427,0.12652,0.04178,0.01258,0.02919,0.0,0.54944,0.04434,0.0361
63,6312,6312003,Височанська селищна громада,2025,year,12,0.13245,0.237,0.05325,0.01293,0.04032,0.0,0.38527,0.03014,0.11615
63,6312,6312005,Вільхівська сільська громада,2021,year,12,0.1443,0.07757,0.04818,0.00206,0.04612,0.0,0.50111,0.0,0.04182
63,6312,6312005,Вільхівська сільська громада,2025,year,12,0.16724,0.21029,0.02882,0.0,0.02882,0.0,0.3049,0.0,0.05996
63,6312,6312007,Дергачівська міська громада,2021,year,12,0.12137,0.08231,0.07812,0.02263,0.0555,0.0,0.58985,0.02857,0.04145
63,6312,6312007,Дергачівська міська громада,2025,year,12,0.1935,0.22628,0.02934,0.02174,0.0076,0.0,0.3237,0.00261,0.08213
63,6312,6312009,Липецька сільська громада,2021,year,12,0.09368,0.01577,0.0476,0.01073,0.03686,0.0,0.77218,0.0,0.02055
63,6312,6312009,Липецька сільська громада,2025,year,12,0.38565,0.0804,0.00129,0.00129,0.0,0.0,0.35809,0.0,0.06993
63,6312,6312011,Люботинська міська громада,2021,year,12,0.10643,0.09818,0.03019,0.0083,0.02189,0.0,0.49758,0.02986,0.02689
63,6312,6312011,Люботинська міська громада,2025,year,12,0.14379,0.17987,0.03003,0.00788,0.02215,0.0,0.41905,0.0258,0.12194
63,6312,6312013,Малоданилівська селищна громада,2021,year,12,0.14058,0.09697,0.01487,0.00097,0.0139,0.0,0.35772,0.02927,0.00815
63,6312,6312013,Малоданилівська селищна громада,2025,year,12,0.23112,0.08964,0.01869,0.0,0.01869,0.0,0.19464,0.01193,0.03371
63,6312,6312015,Мереф'янська міська громада,2021,year,12,0.11289,0.11872,0.04164,0.0103,0.03133,0.0,0.54473,0.02024,0.04807
63,6312,6312015,Мереф'янська міська громада,2025,year,12,0.13601,0.21814,0.03238,0.00592,0.02646,0.0,0.41157,0.01595,0.06545
63,6312,6312017,Нововодолазька селищна громада,2021,year,12,0.08168,0.13199,0.05749,0.01044,0.04705,0.0,0.47953,0.03258,0.02994
63,6312,6312017,Нововодолазька селищна громада,2025,year,12,0.12514,0.38394,0.05771,0.00075,0.05697,0.0,0.27601,0.01558,0.04631
63,6312,6312019,Південноміська міська громада,2021,year,12,0.13476,0.03874,0.03644,0.0,0.03644,0.0,0.65677,0.07397,0.03331
63,6312,6312019,Південноміська міська громада,2025,year,12,0.28117,0.08196,0.02912,0.00658,0.02253,0.0,0.4259,0.05077,0.1148
63,6312,6312021,Пісочинська селищна громада,2021,year,12,0.07541,0.10671,0.04293,0.01898,0.02395,0.0,0.37163,0.01052,0.03497
63,6312,6312021,Пісочинська селищна громада,2025,year,12,0.1283,0.28879,0.04921,0.01699,0.03221,0.0,0.30843,0.00947,0.04486
63,6312,6312023,Роганська селищна громада,2021,year,12,0.17288,0.10491,0.04526,0.01309,0.03217,0.0,0.53289,0.0388,0.04442
63,6312,6312023,Роганська селищна громада,2025,year,12,0.16902,0.2485,0.03076,0.00143,0.02933,0.0,0.28596,0.00987,0.16594
63,6312,6312025,Солоницівська селищна громада,2021,year,12,0.15114,0.07321,0.04843,0.01033,0.0381,0.0,0.62663,0.00239,0.01396
63,6312,6312025,Солоницівська селищна громада,2025,year,12,0.15588,0.19614,0.07716,0.04216,0.035,0.0,0.40334,0.00631,0.08428
63,6312,6312027,Харківська міська громада,2021,year,12,0.0906,0.1929,0.03802,0.01253,0.02465,0.00083,0.29587,0.02239,0.03685
63,6312,6312027,Харківська міська громада,2025,year,12,0.07382,0.32766,0.03673,0.00977,0.02597,0.00099,0.25759,0.01742,0.03472
63,6312,6312029,Циркунівська сільська громада,2021,year,12,0.1884,0.04941,0.03245,0.0037,0.02875,0.0,0.40982,0.01499,0.04382
63,6312,6312029,Циркунівська сільська громада,2025,year,12,0.21105,0.16313,0.00649,0.00223,0.00426,0.0,0.39355,0.0,0.05464
63,6314,6314003,Зміївська міська громада,2021,year,12,0.11935,0.05885,0.06553,0.01955,0.04599,0.0,0.52345,0.02693,0.05799
63,6314,6314003,Зміївська міська громада,2025,year,12,0.15739,0.08566,0.06747,0.0193,0.04816,0.0,0.45503,0.01904,0.13776
63,6314,6314005,Малинівська селищна громада,2021,year,12,0.17271,0.0582,0.01764,0.00088,0.01677,0.0,0.44873,0.01708,0.08773
63,6314,6314005,Малинівська селищна громада,2025,year,12,0.25658,0.15841,0.03865,0.0012,0.03746,0.0,0.29297,0.00907,0.22494
63,6314,6314007,Новопокровська селищна громада,2021,year,12,0.18985,0.01705,0.03039,0.00063,0.02976,0.0,0.65948,0.0,0.00656
63,6314,6314007,Новопокровська селищна громада,2025,year,12,0.25891,0.13703,0.08933,5e-05,0.08928,0.0,0.31495,0.0,0.15023
63,6314,6314009,Печенізька селищна громада,2021,year,12,0.17154,0.06017,0.0737,0.00828,0.06542,0.0,0.55269,0.02329,0.04385
63,6314,6314009,Печенізька селищна громада,2025,year,12,0.24433,0.19452,0.05052,0.00387,0.04666,0.0,0.31361,0.00368,0.13479
63,6314,6314011,Слобожанська міська громада,2021,year,12,0.15409,0.0768,0.04942,0.00194,0.04748,0.0,0.49957,0.01539,0.02517
63,6314,6314011,Слобожанська міська громада,2025,year,12,0.14037,0.23077,0.03626,0.00474,0.03152,0.0,0.41911,0.00751,0.04468
63,6314,6314013,Старосалтівська селищна громада,2021,year,12,0.21228,0.09381,0.02915,0.00067,0.02848,0.0,0.53554,0.00818,0.0074
63,6314,6314013,Старосалтівська селищна громада,2025,year,12,0.16489,0.08412,0.00739,0.0,0.00739,0.0,0.66976,0.0,0.02819
63,6314,6314015,Чкаловська селищна громада,2021,year,12,0.13418,0.09134,0.03463,0.0013,0.03333,0.0,0.58697,0.01056,0.04088
63,6314,6314015,Чкаловська селищна громада,2025,year,12,0.29776,0.15443,0.02421,0.00012,0.02409,0.0,0.33017,0.00502,0.10887
63,6314,6314017,Чугуївська міська громада,2021,year,12,0.12813,0.04829,0.04976,0.01354,0.03359,0.00263,0.48691,0.03566,0.07469
63,6314,6314017,Чугуївська міська громада,2025,year,12,0.11513,0.16018,0.01973,0.00432,0.01376,0.00165,0.44234,0.0177,0.07796
65,6502,6502001,Бериславська міська громада,2021,year,12,0.13304,0.02629,0.05852,0.02864,0.02988,0.0,0.64183,0.02712,0.03705
65,6502,6502001,Бериславська міська громада,2025,year,12,0.26055,0.11469,0.00909,0.00107,0.00803,0.0,0.33206,0.00271,0.14777
65,6502,6502003,Борозенська сільська громада,2021,year,12,0.16957,0.05015,0.03848,0.0007,0.03778,0.0,0.69186,0.0,0.00614
65,6502,6502003,Борозенська сільська громада,2025,year,12,0.20315,0.12849,0.01899,0.0,0.01899,0.0,0.29005,0.0,0.07068
65,6502,6502005,Великоолександрівська селищна громада,2021,year,12,0.09666,0.03646,0.05327,0.01002,0.04325,0.0,0.71622,0.02023,0.03041
65,6502,6502005,Великоолександрівська селищна громада,2025,year,12,0.10629,0.05888,0.0169,0.00134,0.01556,0.0,0.66345,0.01059,0.04755
65,6502,6502007,Високопільська селищна громада,2021,year,12,0.14827,0.07858,0.05533,0.00635,0.04898,0.0,0.6219,0.03051,0.03747
65,6502,6502007,Високопільська селищна громада,2025,year,12,0.21817,0.1527,0.04211,0.00626,0.03585,0.0,0.47252,0.00943,0.03989
65,6502,6502009,Калинівська селищна громада,2021,year,12,0.18249,0.01564,0.02988,0.0,0.02988,0.0,0.75542,0.0,0.01542
65,6502,6502009,Калинівська селищна громада,2025,year,12,0.33077,0.11021,0.00146,0.00112,0.00034,0.0,0.40972,0.0,0.04028
65,6502,6502011,Кочубеївська сільська громада,2021,year,12,0.1749,0.12676,0.0217,0.00022,0.02148,0.0,0.42661,0.0,0.04627
65,6502,6502011,Кочубеївська сільська громада,2025,year,12,0.29723,0.06352,0.01003,0.00012,0.0099,0.0,0.48696,0.0,0.02349
65,6502,6502013,Милівська сільська громада,2021,year,12,0.20889,0.03866,0.03204,0.00084,0.0312,0.0,0.66411,0.0,0.02239
65,6502,6502013,Милівська сільська громада,2025,year,12,0.2646,0.34486,0.00775,0.0012,0.00656,0.0,0.27416,0.0,0.02111
65,6502,6502015,Нововоронцовська селищна громада,2021,year,12,0.1389,0.06963,0.05471,0.01408,0.04063,0.0,0.62975,0.02467,0.04953
65,6502,6502015,Нововоронцовська селищна громада,2025,year,12,0.26091,0.20512,0.04404,0.01241,0.03128,0.00034,0.33058,0.00915,0.05441
65,6502,6502017,Новоолександрівська сільська громада,2021,year,12,0.16287,0.04757,0.05011,0.00124,0.04887,0.0,0.69184,0.0,0.0451
65,6502,6502017,Новоолександрівська сільська громада,2025,year,12,0.34857,0.09826,0.01901,0.0,0.01901,0.0,0.37389,0.0,0.0772
65,6502,6502019,Новорайська сільська громада,2021,year,12,0.17367,0.03142,0.02964,0.0,0.02964,0.0,0.69514,0.0,0.02108
65,6502,6502019,Новорайська сільська громада,2025,year,12,0.35345,0.14753,0.01129,0.0,0.01129,0.0,0.2109,0.0,0.04877
65,6510,6510001,Білозерська селищна громада,2021,year,12,0.10719,0.01358,0.05096,0.01903,0.03193,0.0,0.72382,0.04068,0.0159
65,6510,6510001,Білозерська селищна громада,2025,year,12,0.41741,0.09909,0.01251,0.00505,0.00745,0.0,0.37212,0.01574,0.02905
65,6510,6510007,Дар'ївська сільська громада,2021,year,12,0.14108,0.02061,0.0282,0.00123,0.02697,0.0,0.76278,0.0,0.00542
65,6510,6510007,Дар'ївська сільська громада,2025,year,12,0.47106,0.04095,0.00017,0.0,0.00017,0.0,0.33773,0.0,0.11277
65,6510,6510009,Музиківська сільська громада,2021,year,12,0.21588,0.02497,0.01669,0.0,0.01669,0.0,0.6196,0.0,0.00876
65,6510,6510009,Музиківська сільська громада,2025,year,12,0.21643,0.16803,0.00372,0.0,0.00372,0.0,0.40768,0.0,0.17303
65,6510,6510013,Станіславська сільська громада,2021,year,12,0.14077,0.01854,0.04508,0.00037,0.04471,0.0,0.73537,0.02548,0.02247
65,6510,6510013,Станіславська сільська громада,2025,year,12,0.37221,0.07576,0.01399,0.0,0.01399,0.0,0.41991,0.00599,0.05005
65,6510,6510015,Херсонська міська громада,2021,year,12,0.08608,0.15629,0.03358,0.01866,0.01492,0.0,0.58934,0.05116,0.02212
65,6510,6510015,Херсонська міська громада,2025,year,12,0.12505,0.2392,0.02028,0.0099,0.01038,0.0,0.40785,0.03587,0.04379
65,6510,6510017,Чорнобаївська сільська громада,2021,year,12,0.18384,0.02241,0.04314,0.00278,0.04036,0.0,0.69767,0.02519,0.01324
65,6510,6510017,Чорнобаївська сільська громада,2025,year,12,0.28514,0.14793,0.03371,0.00104,0.03267,0.0,0.39981,0.0178,0.0354
68,6802,6802001,Гуківська сільська громада,2021,year,12,0.13856,0.0423,0.05053,0.0,0.05053,0.0,0.50142,0.0,0.03275
68,6802,6802001,Гуківська сільська громада,2025,year,12,0.22109,0.06308,0.06069,0.0,0.06069,0.0,0.55903,0.0,0.06181
68,6802,6802003,Гуменецька сільська громада,2021,year,12,0.1971,0.05775,0.05539,0.00524,0.05016,0.0,0.51347,0.00819,0.05188
68,6802,6802003,Гуменецька сільська громада,2025,year,12,0.23619,0.05138,0.05874,0.0044,0.05434,0.0,0.51635,0.0,0.04839
68,6802,6802005,Дунаєвецька міська громада,2021,year,12,0.09313,0.07408,0.06335,0.01886,0.04449,0.0,0.65738,0.05248,0.03759
68,6802,6802005,Дунаєвецька міська громада,2025,year,12,0.10658,0.05082,0.07001,0.03655,0.03346,0.0,0.61086,0.04044,0.06129
68,6802,6802007,Жванецька сільська громада,2021,year,12,0.18304,0.08334,0.0485,0.0,0.0485,0.0,0.64952,0.02655,0.03038
68,6802,6802007,Жванецька сільська громада,2025,year,12,0.20478,0.11116,0.03643,0.00116,0.03527,0.0,0.55683,0.01453,0.03938
68,6802,6802009,Закупненська селищна громада,2021,year,12,0.20529,0.02585,0.04117,0.0,0.04117,0.0,0.59196,0.0,0.01666
68,6802,6802009,Закупненська селищна громада,2025,year,12,0.17762,0.05442,0.05878,0.0,0.05878,0.0,0.6674,0.0,0.01516
68,6802,6802011,Кам'янець-Подільська міська громада,2021,year,12,0.05883,0.35921,0.04636,0.01262,0.03374,0.0,0.44628,0.04434,0.03209
68,6802,6802011,Кам'янець-Подільська міська громада,2025,year,12,0.09025,0.12678,0.05932,0.01993,0.0394,0.0,0.56824,0.05701,0.0785
68,6802,6802013,Китайгородська сільська громада,2021,year,12,0.16868,0.01017,0.03391,4e-05,0.03387,0.0,0.64305,0.0,0.02859
68,6802,6802013,Китайгородська сільська громада,2025,year,12,0.20261,0.02262,0.02486,0.00181,0.02305,0.0,0.35066,0.0,0.04694
68,6802,6802015,Маківська сільська громада,2021,year,12,0.124,0.09489,0.04501,0.01228,0.03273,0.0,0.69103,0.02373,0.02167
68,6802,6802015,Маківська сільська громада,2025,year,12,0.15064,0.07651,0.04572,0.01602,0.0297,0.0,0.59512,0.01828,0.07125
68,6802,6802017,Новодунаєвецька селищна громада,2021,year,12,0.18,0.10784,0.05063,0.01992,0.03071,0.0,0.60751,0.0,0.03187
68,6802,6802017,Новодунаєвецька селищна громада,2025,year,12,0.14529,0.06255,0.03256,0.01641,0.01615,0.0,0.69274,0.0,0.04473
68,6802,6802019,Новоушицька селищна об'єднана територіальна громада,2021,year,12,0.12437,0.05563,0.05122,0.00624,0.04498,0.0,0.62598,0.02926,0.05477
68,6802,6802019,Новоушицька селищна об'єднана територіальна громада,2025,year,12,0.18781,0.08489,0.03983,0.00568,0.03415,0.0,0.52213,0.02157,0.07906
68,6802,6802021,Орининська сільська громада,2021,year,12,0.16466,0.01164,0.03467,0.0,0.03467,0.0,0.66754,0.04153,0.02503
68,6802,6802021,Орининська сільська громада,2025,year,12,0.25683,0.02964,0.02519,0.00048,0.02471,0.0,0.65059,0.03507,0.02794
68,6802,6802023,Слобідсько-Кульчієвецька сільська громада,2021,year,12,0.17703,0.05852,0.05014,0.00807,0.04207,0.0,0.54453,0.0,0.02719
68,6802,6802023,Слобідсько-Кульчієвецька сільська громада,2025,year,12,0.21557,0.06545,0.0274,0.00555,0.02185,0.0,0.45397,0.0,0.0644
68,6802,6802025,Смотрицька селищна громада,2021,year,12,0.17812,0.10821,0.02877,0.00061,0.02816,0.0,0.61643,0.04489,0.02523
68,6802,6802025,Смотрицька селищна громада,2025,year,12,0.213,0.1856,0.02454,0.00182,0.02272,0.0,0.51767,0.03531,0.01966
68,6802,6802027,Староушицька селищна громада,2021,year,12,0.14457,0.03778,0.04717,0.00034,0.04682,0.0,0.53446,0.02312,0.05687
68,6802,6802027,Староушицька селищна громада,2025,year,12,0.18847,0.06911,0.03258,0.00144,0.03115,0.0,0.52796,0.01873,0.05028
68,6802,6802029,Чемеровецька селищна громада,2021,year,12,0.12385,0.04417,0.0669,0.01085,0.05605,0.0,0.66215,0.03336,0.02601
68,6802,6802029,Чемеровецька селищна громада,2025,year,12,0.15436,0.04378,0.06354,0.01088,0.05266,0.0,0.58934,0.02192,0.04117
68,6804,6804001,Антонінська селищна громада,2021,year,12,0.13636,0.08259,0.05441,0.01185,0.04256,0.0,0.63704,0.03244,0.00358
68,6804,6804001,Антонінська селищна громада,2025,year,12,0.19182,0.07175,0.04379,0.01117,0.03262,0.0,0.53945,0.03461,0.07738
68,6804,6804003,Війтовецька селищна громада,2021,year,12,0.18335,0.0721,0.04632,2e-05,0.0463,0.0,0.59498,0.03072,0.0364
68,6804,6804003,Війтовецька селищна громада,2025,year,12,0.25462,0.10934,0.03892,0.0021,0.03683,0.0,0.49134,0.02543,0.06451
68,6804,6804005,Віньковецька селищна громада,2021,year,12,0.08846,0.03582,0.04346,0.00601,0.03745,0.0,0.69854,0.02573,0.02341
68,6804,6804005,Віньковецька селищна громада,2025,year,12,0.15111,0.05732,0.06143,0.01085,0.05058,0.0,0.6001,0.02758,0.05263
68,6804,6804007,Вовковинецька селищна громада,2021,year,12,0.13322,0.03077,0.03292,0.0,0.03292,0.0,0.61919,0.0,0.03853
68,6804,6804007,Вовковинецька селищна громада,2025,year,12,0.15722,0.01389,0.0489,0.0,0.0489,0.0,0.655,0.0,0.11145
68,6804,6804009,Волочиська міська громада,2021,year,12,0.09504,0.11611,0.07054,0.01461,0.05592,0.0,0.56823,0.03127,0.05855
68,6804,6804009,Волочиська міська громада,2025,year,12,0.10296,0.13839,0.06758,0.01714,0.05044,0.0,0.48505,0.02354,0.07785
68,6804,6804011,Гвардійська сільська громада,2021,year,12,0.16686,0.01646,0.03263,0.0,0.03263,0.0,0.66239,0.00657,0.04008
68,6804,6804011,Гвардійська сільська громада,2025,year,12,0.15184,0.05173,0.02523,0.00931,0.01593,0.0,0.62039,0.0177,0.10696
68,6804,6804013,Городоцька міська громада,2021,year,12,0.10621,0.07814,0.05381,0.00428,0.04953,0.0,0.62904,0.02446,0.05476
68,6804,6804013,Городоцька міська громада,2025,year,12,0.12531,0.0924,0.03761,0.00398,0.03362,0.0,0.52111,0.02104,0.14441
68,6804,6804015,Деражнянська міська громада,2021,year,12,0.13953,0.04343,0.0692,0.00912,0.06008,0.0,0.61329,0.03738,0.03668
68,6804,6804015,Деражнянська міська громада,2025,year,12,0.14847,0.06337,0.06562,0.00784,0.05778,0.0,0.64808,0.03544,0.04194
68,6804,6804017,Заслучненська сільська громада,2021,year,12,0.14726,0.08345,0.04254,0.00046,0.04207,0.0,0.66977,0.0,0.00647
68,6804,6804017,Заслучненська сільська громада,2025,year,12,0.19372,0.05699,0.03358,0.0,0.03358,0.0,0.55688,0.0,0.10467
68,6804,6804019,Зіньківська сільська громада,2021,year,12,0.2563,0.05192,0.0443,0.0,0.0443,0.0,0.42223,0.0,0.04856
68,6804,6804019,Зіньківська сільська громада,2025,year,12,0.24984,0.13419,0.04229,0.0,0.04229,0.0,0.447,0.0,0.07166
68,6804,6804021,Красилівська міська громада,2021,year,12,0.10253,0.07655,0.05429,0.01539,0.03889,0.0,0.61511,0.04535,0.038
68,6804,6804021,Красилівська міська громада,2025,year,12,0.10505,0.09896,0.04392,0.01309,0.03083,0.0,0.57712,0.02573,0.09384
68,6804,6804023,Летичівська селищна громада,2021,year,12,0.12846,0.03034,0.05107,0.01094,0.04013,0.0,0.65669,0.04418,0.04177
68,6804,6804023,Летичівська селищна громада,2025,year,12,0.15237,0.03369,0.04711,0.01065,0.03646,0.0,0.61347,0.03858,0.06823
68,6804,6804025,Лісовогринівецька сільська громада,2021,year,12,0.20953,0.07766,0.03756,0.0,0.03756,0.0,0.50316,0.0,0.0507
68,6804,6804025,Лісовогринівецька сільська громада,2025,year,12,0.17683,0.12821,0.03118,0.00078,0.0304,0.0,0.49632,0.0,0.08893
68,6804,6804027,Меджибізька селищна громада,2021,year,12,0.15278,0.09476,0.03079,0.01032,0.02047,0.0,0.5606,0.01923,0.03588
68,6804,6804027,Меджибізька селищна громада,2025,year,12,0.1226,0.18162,0.02146,0.00707,0.01439,0.0,0.39434,0.01286,0.15023
68,6804,6804029,Миролюбненська сільська громада,2021,year,12,0.19049,0.02753,0.05482,0.0,0.05482,0.0,0.68207,0.0,0.0173
68,6804,6804029,Миролюбненська сільська громада,2025,year,12,0.26187,0.03448,0.04564,0.00179,0.04385,0.0,0.58769,0.0,0.03073
68,6804,6804031,Наркевицька селищна громада,2021,year,12,0.1833,0.06551,0.06711,0.0067,0.06041,0.0,0.52025,0.01476,0.02793
68,6804,6804031,Наркевицька селищна громада,2025,year,12,0.22367,0.09038,0.05565,0.0079,0.04775,0.0,0.46357,0.01895,0.05161
68,6804,6804033,Розсошанська сільська громада,2021,year,12,0.14166,0.03941,0.0414,0.00068,0.04072,0.0,0.57449,0.00343,0.05001
68,6804,6804033,Розсошанська сільська громада,2025,year,12,0.11629,0.10547,0.02525,0.0,0.02525,0.0,0.48953,0.0,0.07054
68,6804,6804035,Сатанівська селищна громада,2021,year,12,0.14907,0.06665,0.06682,0.0,0.06682,0.0,0.54345,0.01998,0.0406
68,6804,6804035,Сатанівська селищна громада,2025,year,12,0.13967,0.07002,0.02803,0.0,0.02803,0.0,0.62986,0.01901,0.06416
68,6804,6804037,Солобковецька сільська громада,2021,year,12,0.18878,0.04259,0.02935,0.0,0.02935,0.0,0.56291,0.04721,0.03054
68,6804,6804037,Солобковецька сільська громада,2025,year,12,0.22534,0.0612,0.02669,0.00158,0.0251,0.0,0.54431,0.05198,0.049
68,6804,6804039,Старокостянтинівська міська громада,2021,year,12,0.12659,0.15452,0.04694,0.01219,0.03354,0.00121,0.50277,0.02605,0.04579
68,6804,6804039,Старокостянтинівська міська громада,2025,year,12,0.14563,0.10141,0.04076,0.00952,0.03033,0.00091,0.5042,0.02482,0.07408
68,6804,6804041,Староостропільська сільська громада,2021,year,12,0.17516,0.05419,0.04025,0.0,0.04025,0.0,0.67507,0.02645,0.02767
68,6804,6804041,Староостропільська сільська громада,2025,year,12,0.2096,0.05784,0.037,0.0,0.037,0.0,0.57773,0.01682,0.084
68,6804,6804043,Старосинявська селищна громада,2021,year,12,0.1661,0.03459,0.05109,0.01226,0.03883,0.0,0.59802,0.03161,0.043
68,6804,6804043,Старосинявська селищна громада,2025,year,12,0.18833,0.03855,0.05018,0.01194,0.03824,0.0,0.56321,0.02851,0.05608
68,6804,6804045,Теофіпольська селищна громада,2021,year,12,0.11858,0.03045,0.04878,0.01005,0.03873,0.0,0.63265,0.01814,0.02976
68,6804,6804045,Теофіпольська селищна громада,2025,year,12,0.14687,0.04334,0.04606,0.01291,0.03314,0.0,0.63336,0.02143,0.06142
68,6804,6804047,Хмельницька міська громада,2021,year,12,0.05951,0.15735,0.08728,0.06869,0.01689,0.00169,0.49391,0.03097,0.05351
68,6804,6804047,Хмельницька міська громада,2025,year,12,0.06052,0.1126,0.04411,0.02611,0.01574,0.00226,0.52844,0.02895,0.1577
68,6804,6804049,Чорноострівська селищна громада,2021,year,12,0.13251,0.02598,0.03645,0.0001,0.03635,0.0,0.62418,0.05264,0.04451
68,6804,6804049,Чорноострівська селищна громада,2025,year,12,0.16951,0.01414,0.03623,0.0005,0.03573,0.0,0.55032,0.04214,0.08368
68,6804,6804051,Щиборівська сільська громада,2021,year,12,0.20381,0.07854,0.03802,0.0,0.03802,0.0,0.60545,0.0,0.00909
68,6804,6804051,Щиборівська сільська громада,2025,year,12,0.23504,0.09664,0.02613,0.00044,0.02568,0.0,0.55112,0.0,0.05363
68,6804,6804053,Ярмолинецька селищна громада,2021,year,12,0.1488,0.03592,0.04761,0.00579,0.04181,0.0,0.64051,0.04123,0.05039
68,6804,6804053,Ярмолинецька селищна громада,2025,year,12,0.1344,0.04149,0.04138,0.00434,0.03704,0.0,0.58548,0.03675,0.05118
68,6806,6806001,Берездівська сільська громада,2021,year,12,0.12455,0.03357,0.02995,0.0,0.02995,0.0,0.6848,0.02715,0.06552
68,6806,6806001,Берездівська сільська громада,2025,year,12,0.16894,0.03685,0.03103,0.00127,0.02976,0.0,0.64093,0.0222,0.09107
68,6806,6806003,Білогірська селищна громада,2021,year,12,0.11248,0.07621,0.05059,0.00436,0.04623,0.0,0.64562,0.0268,0.03401
68,6806,6806003,Білогірська селищна громада,2025,year,12,0.12404,0.05977,0.04722,0.00773,0.03949,0.0,0.63411,0.02517,0.04056
68,6806,6806005,Ганнопільська сільська громада,2021,year,12,0.10957,0.02228,0.03964,0.0,0.03964,0.0,0.64609,0.0,0.08998
68,6806,6806005,Ганнопільська сільська громада,2025,year,12,0.13098,0.00999,0.03458,0.0,0.03458,0.0,0.66127,0.0,0.0948
68,6806,6806007,Грицівська селищна громада,2021,year,12,0.15252,0.02706,0.04895,0.00109,0.04785,0.0,0.7122,0.04301,0.02759
68,6806,6806007,Грицівська селищна громада,2025,year,12,0.17715,0.01933,0.03833,0.00123,0.0371,0.0,0.64517,0.03781,0.04972
68,6806,6806009,Ізяславська міська громада,2021,year,12,0.09849,0.06185,0.05569,0.01219,0.0435,0.0,0.6348,0.03832,0.0354
68,6806,6806009,Ізяславська міська громада,2025,year,12,0.10119,0.06003,0.04528,0.01146,0.03382,0.0,0.64464,0.04806,0.04682
68,6806,6806011,Крупецька сільська громада,2021,year,12,0.28269,0.08096,0.04841,0.0,0.04841,0.0,0.42837,0.00247,0.03426
68,6806,6806011,Крупецька сільська громада,2025,year,12,0.33582,0.03634,0.06131,0.0,0.06131,0.0,0.44015,0.00276,0.0637
68,6806,6806013,Ленковецька сільська об'єднана територіальна громада,2021,year,12,0.17618,0.00582,0.0697,0.00086,0.06884,0.0,0.6751,0.0,0.0232
68,6806,6806013,Ленковецька сільська об'єднана територіальна громада,2025,year,12,0.24659,0.01128,0.08006,0.0,0.08006,0.0,0.59596,0.0,0.04315
68,6806,6806015,Михайлюцька сільська громада,2021,year,12,0.11516,0.0046,0.04087,0.00096,0.03991,0.0,0.82178,0.0,0.00486
68,6806,6806015,Михайлюцька сільська громада,2025,year,12,0.16592,0.00302,0.03951,0.0,0.03951,0.0,0.73851,0.0,0.02651
68,6806,6806017,Нетішинська міська громада,2021,year,12,0.13685,0.10656,0.04594,0.00221,0.04373,0.0,0.53174,0.06222,0.04086
68,6806,6806017,Нетішинська міська громада,2025,year,12,0.12496,0.10206,0.03708,0.00192,0.03516,0.0,0.5734,0.05212,0.06889
68,6806,6806019,Плужненська сільська громада,2021,year,12,0.15216,0.05857,0.02617,0.00124,0.02493,0.0,0.6919,0.04611,0.02536
68,6806,6806019,Плужненська сільська громада,2025,year,12,0.16498,0.01766,0.02348,0.00131,0.02217,0.0,0.72065,0.03458,0.03581
68,6806,6806021,Полонська міська громада,2021,year,12,0.09817,0.04742,0.05881,0.00977,0.04674,0.00231,0.68938,0.04398,0.03145
68,6806,6806021,Полонська міська громада,2025,year,12,0.12816,0.04016,0.04753,0.0062,0.04133,0.0,0.66635,0.03521,0.0456
68,6806,6806023,Понінківська селищна громада,2021,year,12,0.1137,0.06682,0.02601,0.00792,0.01808,0.0,0.69116,0.03006,0.02111
68,6806,6806023,Понінківська селищна громада,2025,year,12,0.15551,0.06732,0.02468,0.00678,0.0179,0.0,0.62912,0.02235,0.05559
68,6806,6806025,Сахновецька сільська громада,2021,year,12,0.14612,0.05791,0.02886,0.0,0.02886,0.0,0.664,0.0,0.01597
68,6806,6806025,Сахновецька сільська громада,2025,year,12,0.17142,0.04891,0.04342,0.00258,0.04083,0.0,0.60789,0.0,0.05494
68,6806,6806027,Славутська міська громада,2021,year,12,0.16366,0.12038,0.03867,0.01259,0.02527,0.00081,0.53743,0.04762,0.02417
68,6806,6806027,Славутська міська громада,2025,year,12,0.16075,0.1009,0.03654,0.01148,0.02441,0.00065,0.56748,0.0451,0.06487
68,6806,6806029,Судилківська сільська громада,2021,year,12,0.10937,0.0384,0.04945,0.00126,0.04819,0.0,0.75431,0.0,0.02204
68,6806,6806029,Судилківська сільська громада,2025,year,12,0.14097,0.03216,0.05012,0.0,0.05012,0.0,0.7142,0.0,0.03945
68,6806,6806031,Улашанівська сільська громада,2021,year,12,0.22093,0.03776,0.04252,0.00721,0.03531,0.0,0.60676,0.00257,0.03288
68,6806,6806031,Улашанівська сільська громада,2025,year,12,0.24214,0.02275,0.03453,0.00308,0.03145,0.0,0.60617,0.00465,0.05418
68,6806,6806033,Шепетівська міська громада,2021,year,12,0.11658,0.06211,0.04799,0.01551,0.03112,0.00136,0.62445,0.04551,0.04387
68,6806,6806033,Шепетівська міська громада,2025,year,12,0.12964,0.06115,0.05092,0.01977,0.03084,0.00031,0.55756,0.0409,0.074
68,6806,6806035,Ямпільська селищна громада,2021,year,12,0.14739,0.01264,0.04269,0.00027,0.04241,0.0,0.71757,0.03132,0.02349
68,6806,6806035,Ямпільська селищна громада,2025,year,12,0.15519,0.02342,0.03451,0.00305,0.03146,0.0,0.70374,0.03271,0.0447
71,7102,7102001,Бужанська сільська громада,2021,year,12,0.16656,0.05,0.05476,0.00405,0.05071,0.0,0.62076,0.0,0.03785
71,7102,7102001,Бужанська сільська громада,2025,year,12,0.15169,0.03806,0.05321,0.0022,0.05101,0.0,0.61983,0.0,0.06765
71,7102,7102003,Ватутінська міська громада,2021,year,12,0.16237,0.04233,0.05599,0.01278,0.04321,0.0,0.63188,0.0352,0.03235
71,7102,7102003,Ватутінська міська громада,2025,year,12,0.18682,0.05144,0.05602,0.01713,0.03889,0.0,0.57953,0.03457,0.05907
71,7102,7102005,Виноградська сільська громада,2021,year,12,0.16864,0.03525,0.02616,0.0,0.02616,0.0,0.63789,0.0,0.04022
71,7102,7102005,Виноградська сільська громада,2025,year,12,0.21945,0.06255,0.01998,0.0,0.01998,0.0,0.5366,0.0,0.08594
71,7102,7102007,Вільшанська селищна громада,2021,year,12,0.18761,0.10756,0.04571,0.00121,0.04423,0.00027,0.53791,0.01542,0.07638
71,7102,7102007,Вільшанська селищна громада,2025,year,12,0.22785,0.05402,0.03928,0.00233,0.03673,0.00022,0.4381,0.01256,0.11806
71,7102,7102009,Водяницька сільська громада,2021,year,12,0.21867,0.0708,0.07057,0.00085,0.06972,0.0,0.61064,0.0,0.00795
71,7102,7102009,Водяницька сільська громада,2025,year,12,0.23434,0.03659,0.05382,0.0,0.0533,0.00052,0.52627,0.0,0.08143
71,7102,7102011,Єрківська селищна громада,2021,year,12,0.25533,0.01051,0.04878,0.01867,0.03011,0.0,0.53366,0.03564,0.03385
71,7102,7102011,Єрківська селищна громада,2025,year,12,0.2059,0.02042,0.02445,0.00687,0.01758,0.0,0.61765,0.02448,0.05379
71,7102,7102013,Звенигородська міська громада,2021,year,12,0.1176,0.1265,0.0496,0.01475,0.03437,0.00048,0.55867,0.04626,0.04504
71,7102,7102013,Звенигородська міська громада,2025,year,12,0.13631,0.10482,0.04463,0.00989,0.0341,0.00064,0.52334,0.04146,0.069
71,7102,7102015,Катеринопільська селищна громада,2021,year,12,0.17945,0.03197,0.05582,0.00991,0.04591,0.0,0.58408,0.03837,0.05825
71,7102,7102015,Катеринопільська селищна громада,2025,year,12,0.20633,0.03025,0.04677,0.00901,0.03776,0.0,0.53304,0.02891,0.06469
71,7102,7102017,Лип'янська сільська громада,2021,year,12,0.27483,0.07622,0.09779,0.0,0.09727,0.00052,0.42975,0.0,0.04695
71,7102,7102017,Лип'янська сільська громада,2025,year,12,0.25368,0.08397,0.06353,0.0,0.06306,0.00047,0.4892,0.0,0.08337
71,7102,7102019,Лисянська селищна громада,2021,year,12,0.12783,0.06439,0.04589,0.0078,0.03772,0.00038,0.59372,0.02059,0.05938
71,7102,7102019,Лисянська селищна громада,2025,year,12,0.1304,0.0817,0.05138,0.00934,0.04158,0.00046,0.60034,0.02381,0.08702
71,7102,7102021,Матусівська сільська громада,2021,year,12,0.26405,0.0686,0.04572,0.0,0.04572,0.0,0.51728,0.0,0.03262
71,7102,7102021,Матусівська сільська громада,2025,year,12,0.23111,0.08613,0.04606,0.0,0.04606,0.0,0.45024,0.0,0.09452
71,7102,7102023,Мокрокалигірська сільська громада,2021,year,12,0.18647,0.06882,0.03785,0.00237,0.03548,0.0,0.50975,0.0,0.03891
71,7102,7102023,Мокрокалигірська сільська громада,2025,year,12,0.20064,0.04401,0.04287,0.00109,0.04178,0.0,0.54112,0.0,0.06126
71,7102,7102025,Селищенська сільська громада,2021,year,12,0.20008,0.05744,0.06169,6e-05,0.06162,0.0,0.52286,0.0,0.0095
71,7102,7102025,Селищенська сільська громада,2025,year,12,0.16644,0.05137,0.05475,0.0,0.05475,0.0,0.49451,0.0,0.06258
71,7102,7102027,Стеблівська селищна громада,2021,year,12,0.18063,0.02732,0.04413,0.0,0.04413,0.0,0.56213,0.0,0.01377
71,7102,7102027,Стеблівська селищна громада,2025,year,12,0.16523,0.02742,0.08112,0.0,0.08112,0.0,0.47519,0.0,0.05417
71,7102,7102029,Тальнівська міська громада,2021,year,12,0.09942,0.08039,0.05975,0.00804,0.0517,0.0,0.60947,0.03504,0.0696
71,7102,7102029,Тальнівська міська громада,2025,year,12,0.12385,0.08511,0.0548,0.00792,0.04688,0.0,0.50176,0.02661,0.11253
71,7102,7102031,Шевченківська сільська громада,2021,year,12,0.21491,0.0852,0.0656,0.00204,0.06356,0.0,0.54281,0.0,0.04286
71,7102,7102031,Шевченківська сільська громада,2025,year,12,0.28886,0.05789,0.06304,0.00225,0.06079,0.0,0.50494,0.0,0.07548
71,7102,7102033,Шполянська міська громада,2021,year,12,0.11208,0.10773,0.04176,0.01008,0.03168,0.0,0.56865,0.03465,0.03376
71,7102,7102033,Шполянська міська громада,2025,year,12,0.13577,0.09237,0.03909,0.00793,0.03107,9e-05,0.54819,0.02922,0.08215
71,7104,7104001,Великохутірська сільська громада,2021,year,12,0.2763,0.0213,0.03745,0.00027,0.03719,0.0,0.50747,0.0,0.1005
71,7104,7104001,Великохутірська сільська громада,2025,year,12,0.26891,0.02692,0.03652,0.0,0.03652,0.0,0.51968,0.0,0.13465
71,7104,7104003,Вознесенська сільська громада,2021,year,12,0.14992,0.04681,0.03622,0.00287,0.03335,0.0,0.60602,0.0,0.10294
71,7104,7104003,Вознесенська сільська громада,2025,year,12,0.23275,0.0516,0.03669,0.00159,0.03511,0.0,0.51832,0.0,0.12351
71,7104,7104005,Гельмязівська сільська громада,2021,year,12,0.181,0.02733,0.03585,0.00131,0.03454,0.0,0.63472,0.02595,0.03754
71,7104,7104005,Гельмязівська сільська громада,2025,year,12,0.19848,0.02832,0.02392,0.00133,0.02258,0.0,0.58955,0.03994,0.06007
71,7104,7104007,Драбівська селищна громада,2021,year,12,0.13443,0.03661,0.09605,0.01472,0.08132,0.0,0.59175,0.03647,0.0354
71,7104,7104007,Драбівська селищна громада,2025,year,12,0.15619,0.05015,0.08031,0.014,0.06631,0.0,0.52405,0.02734,0.05372
71,7104,7104009,Золотоніська міська громада,2021,year,12,0.09724,0.07922,0.03765,0.00812,0.02953,0.0,0.52357,0.03129,0.06135
71,7104,7104009,Золотоніська міська громада,2025,year,12,0.11552,0.0945,0.05518,0.01989,0.03529,0.0,0.55843,0.02848,0.09429
71,7104,7104011,Зорівська сільська громада,2021,year,12,0.14375,0.09853,0.05407,0.0005,0.05357,0.0,0.56214,0.0,0.05081
71,7104,7104011,Зорівська сільська громада,2025,year,12,0.17798,0.076,0.03479,0.00081,0.03398,0.0,0.43193,0.0,0.16152
71,7104,7104013,Іркліївська сільська громада,2021,year,12,0.14982,0.03398,0.04611,0.0005,0.04561,0.0,0.66429,0.00685,0.03436
71,7104,7104013,Іркліївська сільська громада,2025,year,12,0.21694,0.03948,0.04366,0.00045,0.0432,0.0,0.55054,0.00549,0.04255
71,7104,7104015,Новодмитрівська сільська громада,2021,year,12,0.16636,0.03028,0.05331,0.00286,0.05045,0.0,0.58529,0.0,0.07694
71,7104,7104015,Новодмитрівська сільська громада,2025,year,12,0.14545,0.02302,0.04959,0.00189,0.0477,0.0,0.58328,0.0,0.10648
71,7104,7104017,Піщанська сільська громада,2021,year,12,0.16787,0.04519,0.0563,0.00117,0.05513,0.0,0.63211,0.01911,0.00197
71,7104,7104017,Піщанська сільська громада,2025,year,12,0.20308,0.06074,0.05464,0.00035,0.0543,0.0,0.51885,0.0497,0.0509
71,7104,7104019,Чорнобаївська селищна громада,2021,year,12,0.11453,0.08392,0.06808,0.02102,0.04579,0.00127,0.55779,0.02334,0.05321
71,7104,7104019,Чорнобаївська селищна громада,2025,year,12,0.14411,0.07981,0.08851,0.03371,0.05322,0.00157,0.50944,0.01793,0.08437
71,7104,7104021,Шрамківська сільська громада,2021,year,12,0.18641,0.03444,0.04721,0.00054,0.04667,0.0,0.5806,0.00328,0.03933
71,7104,7104021,Шрамківська сільська громада,2025,year,12,0.19818,0.03981,0.06122,0.0005,0.06071,0.0,0.54208,0.01718,0.11071
71,7106,7106001,Бабанська селищна громада,2021,year,12,0.1879,0.08081,0.04266,0.0,0.04266,0.0,0.61236,0.04138,0.00617
71,7106,7106001,Бабанська селищна громада,2025,year,12,0.17289,0.05506,0.04274,0.0,0.04274,0.0,0.51166,0.02479,0.12243
71,7106,7106003,Баштечківська сільська громада,2021,year,12,0.16132,0.2433,0.04154,0.0,0.04154,0.0,0.50198,0.0,0.02215
71,7106,7106003,Баштечківська сільська громада,2025,year,12,0.19149,0.04789,0.05666,0.0,0.05666,0.0,0.53583,0.0,0.04431
71,7106,7106005,Буцька селищна громада,2021,year,12,0.16488,0.05581,0.0494,0.0,0.0494,0.0,0.59751,0.0,0.04066
71,7106,7106005,Буцька селищна громада,2025,year,12,0.17458,0.08422,0.03914,0.00256,0.03658,0.0,0.53866,0.0,0.05477
71,7106,7106007,Дмитрушківська сільська громада,2021,year,12,0.15242,0.04539,0.02359,0.0,0.02359,0.0,0.67713,0.0,0.00872
71,7106,7106007,Дмитрушківська сільська громада,2025,year,12,0.13793,0.04594,0.0197,0.00055,0.01915,0.0,0.62383,0.0,0.04593
71,7106,7106009,Жашківська міська громада,2021,year,12,0.08482,0.06938,0.03688,0.0027,0.03418,0.0,0.6901,0.02649,0.0329
71,7106,7106009,Жашківська міська громада,2025,year,12,0.09877,0.06825,0.03793,0.00432,0.03361,0.0,0.60204,0.025,0.07275
71,7106,7106011,Іваньківська сільська громада,2021,year,12,0.21607,0.03721,0.03331,0.0,0.03331,0.0,0.60043,0.0,0.05558
71,7106,7106011,Іваньківська сільська громада,2025,year,12,0.2195,0.10486,0.02516,0.00023,0.02493,0.0,0.46929,0.0,0.08986
71,7106,7106013,Ладижинська сільська громада,2021,year,12,0.14808,0.04875,0.03929,0.0,0.03929,0.0,0.58116,0.02538,0.07556
71,7106,7106013,Ладижинська сільська громада,2025,year,12,0.11897,0.11291,0.03743,0.00063,0.0368,0.0,0.55976,0.01666,0.09484
71,7106,7106015,Маньківська селищна громада,2021,year,12,0.09286,0.02349,0.05949,0.00934,0.04966,0.0005,0.68703,0.03878,0.04826
71,7106,7106015,Маньківська селищна громада,2025,year,12,0.13162,0.0278,0.04539,0.00857,0.03677,5e-05,0.60055,0.03249,0.07063
71,7106,7106017,Монастирищенська міська громада,2021,year,12,0.1203,0.09421,0.04127,0.01004,0.03123,0.0,0.63958,0.02544,0.04267
71,7106,7106017,Монастирищенська міська громада,2025,year,12,0.13963,0.10819,0.03912,0.01117,0.02795,0.0,0.59037,0.01784,0.06868
71,7106,7106019,Паланська сільська громада,2021,year,12,0.14248,0.03041,0.04483,0.00089,0.04196,0.00198,0.58649,0.0029,0.02863
71,7106,7106019,Паланська сільська громада,2025,year,12,0.14709,0.02625,0.03198,0.0006,0.03137,0.0,0.57984,0.01756,0.08767
71,7106,7106021,Уманська міська громада,2021,year,12,0.08531,0.07614,0.03373,0.01515,0.01781,0.00077,0.48069,0.0307,0.0522
71,7106,7106021,Уманська міська громада,2025,year,12,0.0984,0.18579,0.03142,0.02226,0.0073,0.00186,0.42412,0.02351,0.15382
71,7106,7106023,Христинівська міська громада,2021,year,12,0.0883,0.05647,0.04085,0.00987,0.03098,0.0,0.67673,0.04938,0.03869
71,7106,7106023,Христинівська міська громада,2025,year,12,0.09592,0.06905,0.03372,0.00926,0.02446,0.0,0.62207,0.03849,0.05026
71,7108,7108001,Балаклеївська сільська громада,2021,year,12,0.14732,0.05448,0.05355,0.00495,0.0486,0.0,0.5341,0.00785,0.04223
71,7108,7108001,Балаклеївська сільська громада,2025,year,12,0.17105,0.06377,0.04849,0.00799,0.04049,0.0,0.60753,0.00738,0.06836
71,7108,7108003,Березняківська сільська громада,2021,year,12,0.21873,0.02379,0.04342,0.00035,0.04307,0.0,0.59281,0.01512,0.04521
71,7108,7108003,Березняківська сільська громада,2025,year,12,0.23181,0.01913,0.03679,0.0,0.03679,0.0,0.62137,0.00971,0.08023
71,7108,7108005,Білозірська сільська громада,2021,year,12,0.20245,0.05399,0.0427,0.00047,0.04222,0.0,0.61945,0.0,0.04363
71,7108,7108005,Білозірська сільська громада,2025,year,12,0.21453,0.03872,0.04795,0.00023,0.04772,0.0,0.57586,0.0,0.05724
71,7108,7108007,Бобрицька сільська громада,2021,year,12,0.26092,0.04686,0.03482,0.0,0.03482,0.0,0.49253,0.0,0.03942
71,7108,7108007,Бобрицька сільська громада,2025,year,12,0.23689,0.06775,0.04719,0.0,0.04719,0.0,0.48409,0.0,0.09929
71,7108,7108009,Будищенська сільська громада,2021,year,12,0.21606,0.02889,0.04241,0.00302,0.03939,0.0,0.5354,0.0,0.1283
71,7108,7108009,Будищенська сільська громада,2025,year,12,0.21142,0.0412,0.05098,0.0,0.05098,0.0,0.53976,0.0,0.12246
71,7108,7108011,Городищенська міська громада,2021,year,12,0.12695,0.07333,0.06249,0.01741,0.043,0.00209,0.60949,0.03305,0.0432
71,7108,7108011,Городищенська міська громада,2025,year,12,0.12245,0.06784,0.06784,0.01444,0.05061,0.0028,0.57131,0.03134,0.06241
71,7108,7108013,Кам'янська міська громада,2021,year,12,0.12697,0.06308,0.05286,0.01336,0.0395,0.0,0.59499,0.03929,0.0455
71,7108,7108013,Кам'янська міська громада,2025,year,12,0.12248,0.06265,0.05183,0.01802,0.0338,0.0,0.597,0.03846,0.07185
71,7108,7108015,Канівська міська громада,2021,year,12,0.15016,0.07301,0.04299,0.0116,0.03139,0.0,0.53672,0.03838,0.06488
71,7108,7108015,Канівська міська громада,2025,year,12,0.17043,0.08148,0.03801,0.01054,0.02747,0.0,0.49189,0.0347,0.14049
71,7108,7108017,Корсунь-Шевченківська міська громада,2021,year,12,0.08594,0.06498,0.07088,0.02261,0.04797,0.0003,0.55909,0.05522,0.0617
71,7108,7108017,Корсунь-Шевченківська міська громада,2025,year,12,0.11614,0.06164,0.0593,0.022,0.03346,0.00383,0.43002,0.04137,0.07383
71,7108,7108019,Леськівська сільська громада,2021,year,12,0.14817,0.04419,0.05856,0.0003,0.05826,0.0,0.66912,0.0,0.03126
71,7108,7108019,Леськівська сільська громада,2025,year,12,0.19588,0.04483,0.06801,0.0,0.06801,0.0,0.61628,0.0,0.05639
71,7108,7108021,Ліплявська сільська громада,2021,year,12,0.24224,0.08338,0.05057,0.00057,0.05,0.0,0.45569,0.0,0.06085
71,7108,7108021,Ліплявська сільська громада,2025,year,12,0.25842,0.07118,0.03375,0.00081,0.03294,0.0,0.49445,0.0,0.09799
71,7108,7108023,Медведівська сільська громада,2021,year,12,0.28941,0.06113,0.04165,0.0,0.04165,0.0,0.52228,0.0,0.03375
71,7108,7108023,Медведівська сільська громада,2025,year,12,0.26467,0.00711,0.02284,0.0,0.02284,0.0,0.56272,0.0,0.11525
71,7108,7108025,Михайлівська сільська громада,2021,year,12,0.20797,0.04262,0.04283,0.00075,0.04208,0.0,0.58615,0.0,0.02827
71,7108,7108025,Михайлівська сільська громада,2025,year,12,0.17785,0.06573,0.03248,0.00019,0.03229,0.0,0.56666,0.0,0.08646
71,7108,7108027,Мліївська сільська громада,2021,year,12,0.1882,0.05664,0.03634,0.00314,0.0312,0.002,0.5767,0.02398,0.04915
71,7108,7108027,Мліївська сільська громада,2025,year,12,0.17597,0.04817,0.05044,0.02082,0.02962,0.0,0.5408,0.01846,0.11341
71,7108,7108029,Мошнівська сільська громада,2021,year,12,0.13644,0.0101,0.05366,0.00013,0.05352,0.0,0.70307,0.05311,0.00484
71,7108,7108029,Мошнівська сільська громада,2025,year,12,0.14505,0.01073,0.04273,0.001,0.04173,0.0,0.68773,0.05461,0.05035
71,7108,7108031,Набутівська сільська громада,2021,year,12,0.26112,0.02689,0.04119,0.00082,0.04037,0.0,0.52056,0.02473,0.01596
71,7108,7108031,Набутівська сільська громада,2025,year,12,0.21042,0.04671,0.03241,0.00129,0.03112,0.0,0.55161,0.01942,0.05745
71,7108,7108033,Ротмістрівська сільська громада,2021,year,12,0.19612,0.03553,0.03464,0.00049,0.03415,0.0,0.63317,0.03059,0.04705
71,7108,7108033,Ротмістрівська сільська громада,2025,year,12,0.20052,0.05163,0.02892,0.0,0.02892,0.0,0.61146,0.02991,0.07855
71,7108,7108035,Руськополянська сільська громада,2021,year,12,0.12365,0.09652,0.04334,0.01142,0.03192,0.0,0.60228,0.0,0.02222
71,7108,7108035,Руськополянська сільська громада,2025,year,12,0.12675,0.09757,0.05003,0.0162,0.03383,0.0,0.51223,0.0,0.05805
71,7108,7108037,Сагунівська сільська громада,2021,year,12,0.17709,0.04383,0.05228,0.00041,0.05187,0.0,0.60736,0.0,0.02101
71,7108,7108037,Сагунівська сільська громада,2025,year,12,0.14889,0.04635,0.0507,0.0,0.0507,0.0,0.71984,0.0,0.02473
71,7108,7108039,Смілянська міська громада,2021,year,12,0.10343,0.0727,0.05386,0.0154,0.03846,0.0,0.59034,0.04969,0.04765
71,7108,7108039,Смілянська міська громада,2025,year,12,0.1333,0.07502,0.05142,0.01371,0.03771,0.0,0.51641,0.04459,0.09971
71,7108,7108041,Степанецька сільська громада,2021,year,12,0.1693,0.08866,0.05937,0.01659,0.04279,0.0,0.42572,0.00643,0.09812
71,7108,7108041,Степанецька сільська громада,2025,year,12,0.16872,0.08365,0.06707,0.0115,0.05557,0.0,0.41034,0.00433,0.12202
71,7108,7108043,Степанківська сільська громада,2021,year,12,0.16218,0.03924,0.04161,0.00047,0.04115,0.0,0.62938,0.0,0.0237
71,7108,7108043,Степанківська сільська громада,2025,year,12,0.22082,0.03217,0.05052,0.0,0.05052,0.0,0.58643,0.0,0.06375
71,7108,7108045,Тернівська сільська громада,2021,year,12,0.19997,0.042,0.03396,0.0,0.03396,0.0,0.57184,0.0,0.05402
71,7108,7108045,Тернівська сільська громада,2025,year,12,0.21042,0.0348,0.03593,0.0,0.03593,0.0,0.51051,0.0,0.07691
71,7108,7108047,Червонослобідська сільська громада,2021,year,12,0.1271,0.03508,0.03553,0.0006,0.03493,0.0,0.54191,0.03707,0.0236
71,7108,7108047,Червонослобідська сільська громада,2025,year,12,0.16405,0.04951,0.03533,0.00063,0.0347,0.0,0.56394,0.0368,0.04579
71,7108,7108049,Черкаська міська громада,2021,year,12,0.08954,0.08272,0.04434,0.02914,0.01492,0.00027,0.44322,0.04085,0.03127
71,7108,7108049,Черкаська міська громада,2025,year,12,0.09395,0.07803,0.03952,0.02632,0.01293,0.00026,0.45196,0.03319,0.07469
71,7108,7108051,Чигиринська міська громада,2021,year,12,0.13797,0.03853,0.0559,0.00966,0.04623,0.0,0.59207,0.01694,0.08569
71,7108,7108051,Чигиринська міська громада,2025,year,12,0.16145,0.05709,0.04381,0.01017,0.03364,0.0,0.52992,0.01393,0.10632
73,7302,7302001,Банилівська сільська громада,2021,year,12,0.09686,0.00474,0.01785,0.00162,0.01623,0.0,0.86455,0.00976,0.00334
73,7302,7302001,Банилівська сільська громада,2025,year,12,0.11433,0.00241,0.01434,0.00073,0.01361,0.0,0.84772,0.04149,0.01625
73,7302,7302003,Берегометська селищна громада,2021,year,12,0.1115,0.03827,0.02999,0.00321,0.02678,0.0,0.75483,0.02482,0.01441
73,7302,7302003,Берегометська селищна громада,2025,year,12,0.11315,0.02211,0.02871,0.00405,0.02467,0.0,0.71243,0.02246,0.06301
73,7302,7302005,Брусницька сільська громада,2021,year,12,0.11903,0.02812,0.02737,0.00335,0.02402,0.0,0.76738,0.02396,0.00402
73,7302,7302005,Брусницька сільська громада,2025,year,12,0.15785,0.0195,0.02043,0.00507,0.01537,0.0,0.75285,0.02173,0.02198
73,7302,7302007,Вашківецька міська громада,2021,year,12,0.11172,0.02935,0.02688,0.00097,0.02591,0.0,0.75732,0.02367,0.00519
73,7302,7302007,Вашківецька міська громада,2025,year,12,0.12177,0.02322,0.0203,0.00061,0.01969,0.0,0.67599,0.01807,0.10782
73,7302,7302009,Вижницька міська громада,2021,year,12,0.10969,0.02561,0.04133,0.01369,0.02744,0.0002,0.7194,0.05637,0.03593
73,7302,7302009,Вижницька міська громада,2025,year,12,0.14434,0.02888,0.03915,0.01062,0.02804,0.00049,0.63209,0.04719,0.11182
73,7302,7302011,Конятинська сільська громада,2021,year,12,0.0981,0.02988,0.02852,0.00074,0.02779,0.0,0.79341,0.00367,0.00429
73,7302,7302011,Конятинська сільська громада,2025,year,12,0.11916,0.01204,0.01332,0.00044,0.01288,0.0,0.82524,0.01276,0.0249
73,7302,7302013,Путильська селищна громада,2021,year,12,0.07333,0.0354,0.05258,0.01119,0.04139,0.0,0.78662,0.05881,0.01964
73,7302,7302013,Путильська селищна громада,2025,year,12,0.08314,0.04237,0.0275,0.00948,0.01802,0.0,0.79823,0.03376,0.02048
73,7302,7302015,Селятинська сільська громада,2021,year,12,0.10714,0.06197,0.02249,0.0,0.02249,0.0,0.75551,0.0,0.03013
73,7302,7302015,Селятинська сільська громада,2025,year,12,0.14151,0.00775,0.02423,0.0,0.02423,0.0,0.79564,0.0,0.02522
73,7302,7302017,Усть-Путильська сільська громада,2021,year,12,0.12342,0.00156,0.02241,0.0,0.02241,0.0,0.82904,0.04432,0.00189
73,7302,7302017,Усть-Путильська сільська громада,2025,year,12,0.13164,0.0,0.01446,0.0,0.01446,0.0,0.80234,0.03835,0.02541
73,7304,7304001,Вашковецька сільська громада,2021,year,12,0.11513,0.01363,0.01991,0.00018,0.01973,0.0,0.84797,0.0,0.00336
73,7304,7304001,Вашковецька сільська громада,2025,year,12,0.13107,0.01002,0.0214,0.00042,0.02099,0.0,0.8264,0.0,0.00838
73,7304,7304003,Кельменецька селищна громада,2021,year,12,0.13146,0.03009,0.06224,0.01442,0.04761,0.00021,0.68103,0.03482,0.03267
73,7304,7304003,Кельменецька селищна громада,2025,year,12,0.15115,0.03576,0.05706,0.01812,0.03882,0.00013,0.64278,0.03189,0.04749
73,7304,7304005,Клішковецька сільська громада,2021,year,12,0.1695,0.00188,0.01444,0.00025,0.01419,0.0,0.78348,0.02984,0.00673
73,7304,7304005,Клішковецька сільська громада,2025,year,12,0.17988,0.00255,0.00903,0.00033,0.0087,0.0,0.75656,0.02706,0.01911
73,7304,7304007,Лівинецька сільська громада,2021,year,12,0.19817,0.00419,0.04162,0.0,0.04162,0.0,0.72962,0.0,0.0092
73,7304,7304007,Лівинецька сільська громада,2025,year,12,0.2212,0.02183,0.04892,0.0,0.04892,0.0,0.64782,0.0,0.04025
73,7304,7304009,Мамалигівська сільська громада,2021,year,12,0.15561,0.0177,0.02198,0.00048,0.02151,0.0,0.68171,0.03789,0.0644
73,7304,7304009,Мамалигівська сільська громада,2025,year,12,0.21805,0.02028,0.01365,0.0,0.01365,0.0,0.67,0.03349,0.05513
73,7304,7304011,Недобоївська сільська громада,2021,year,12,0.13193,0.01981,0.02677,0.00057,0.02619,0.0,0.71736,0.02272,0.00379
73,7304,7304011,Недобоївська сільська громада,2025,year,12,0.17464,0.00335,0.02086,0.00066,0.02021,0.0,0.7358,0.02261,0.03605
73,7304,7304013,Новодністровська міська громада,2021,year,12,0.16505,0.02963,0.06278,0.0395,0.01795,0.00533,0.58603,0.04256,0.03223
73,7304,7304013,Новодністровська міська громада,2025,year,12,0.17222,0.13802,0.05408,0.03054,0.0155,0.00804,0.42242,0.02654,0.03652
73,7304,7304015,Рукшинська сільська громада,2021,year,12,0.14406,0.03486,0.01179,0.00366,0.00813,0.0,0.7681,0.0,0.00446
73,7304,7304015,Рукшинська сільська громада,2025,year,12,0.19807,0.01504,0.00453,0.00029,0.00424,0.0,0.75471,0.0,0.00442
73,7304,7304017,Сокирянська міська громада,2021,year,12,0.12487,0.04103,0.04698,0.01172,0.03449,0.00076,0.66937,0.0246,0.04338
73,7304,7304017,Сокирянська міська громада,2025,year,12,0.19427,0.03718,0.04064,0.01391,0.02169,0.00504,0.5129,0.01901,0.05328
73,7304,7304019,Хотинська міська громада,2021,year,12,0.12946,0.05142,0.05644,0.02231,0.03413,0.0,0.63814,0.05469,0.05078
73,7304,7304019,Хотинська міська громада,2025,year,12,0.22174,0.05191,0.04862,0.02547,0.02314,0.0,0.58245,0.04741,0.03333
73,7306,7306001,Боянська сільська громада,2021,year,12,0.14442,0.03061,0.00952,0.00486,0.00466,0.0,0.78759,0.00295,0.00483
73,7306,7306001,Боянська сільська громада,2025,year,12,0.21476,0.01773,0.01436,0.00743,0.00692,0.0,0.72917,0.02412,0.00044
73,7306,7306003,Ванчиковецька сільська громада,2021,year,12,0.13918,0.02202,0.02112,0.0,0.02112,0.0,0.74656,0.03324,0.00465
73,7306,7306003,Ванчиковецька сільська громада,2025,year,12,0.20358,0.03421,0.01003,0.0,0.01003,0.0,0.70175,0.02972,0.01883
73,7306,7306005,Великокучурівська сільська громада,2021,year,12,0.12997,0.05039,0.02582,0.01615,0.00967,0.0,0.64362,0.03886,0.03902
73,7306,7306005,Великокучурівська сільська громада,2025,year,12,0.16739,0.06246,0.02835,0.01489,0.01346,0.0,0.63436,0.02821,0.08372
73,7306,7306007,Веренчанська сільська громада,2021,year,12,0.13121,0.01257,0.02758,0.00156,0.02602,0.0,0.80673,0.02368,0.00581
73,7306,7306007,Веренчанська сільська громада,2025,year,12,0.20043,0.02583,0.03114,0.00115,0.02998,0.0,0.6526,0.02803,0.04515
73,7306,7306009,Вікнянська сільська громада,2021,year,12,0.15719,0.05368,0.02629,0.00073,0.02555,0.0,0.57083,0.02962,0.14031
73,7306,7306009,Вікнянська сільська громада,2025,year,12,0.1967,0.22611,0.02042,0.0,0.02042,0.0,0.38054,0.01835,0.09041
73,7306,7306011,Волоківська сільська громада,2021,year,12,0.18102,0.04387,0.03509,0.009,0.0261,0.0,0.57546,0.0,0.0067
73,7306,7306011,Волоківська сільська громада,2025,year,12,0.19933,0.0277,0.02709,0.00193,0.02516,0.0,0.62396,0.0,0.0698
73,7306,7306013,Герцаївська міська громада,2021,year,12,0.09109,0.01053,0.03358,0.00258,0.031,0.0,0.77363,0.0456,0.01767
73,7306,7306013,Герцаївська міська громада,2025,year,12,0.10648,0.01175,0.01957,0.00203,0.01754,0.0,0.79643,0.0369,0.02006
73,7306,7306015,Глибоцька селищна громада,2021,year,12,0.09832,0.03585,0.04579,0.01477,0.03103,0.0,0.68597,0.04273,0.02773
73,7306,7306015,Глибоцька селищна громада,2025,year,12,0.12317,0.06209,0.03834,0.0138,0.02454,0.0,0.66927,0.04466,0.03259
73,7306,7306017,Горішньошеровецька сільська громада,2021,year,12,0.13285,0.00496,0.02114,0.0,0.02114,0.0,0.81717,0.0,0.00385
73,7306,7306017,Горішньошеровецька сільська громада,2025,year,12,0.22696,0.00899,0.00982,0.0,0.00982,0.0,0.68623,0.0,0.02852
73,7306,7306019,Заставнівська міська громада,2021,year,12,0.10835,0.07512,0.05967,0.02554,0.03413,0.0,0.72064,0.06183,0.019
73,7306,7306019,Заставнівська міська громада,2025,year,12,0.16172,0.09061,0.06214,0.02784,0.0343,0.0,0.63703,0.05129,0.04115
73,7306,7306021,Кадубовецька сільська громада,2021,year,12,0.13061,0.0327,0.03285,0.00083,0.03202,0.0,0.71736,0.03795,0.00382
73,7306,7306021,Кадубовецька сільська громада,2025,year,12,0.1769,0.05837,0.0253,0.0,0.0253,0.0,0.64983,0.02433,0.06192
73,7306,7306023,Кам'янецька сільська громада,2021,year,12,0.09692,0.03599,0.01718,0.00055,0.01663,0.0,0.80575,0.01475,0.00365
73,7306,7306023,Кам'янецька сільська громада,2025,year,12,0.12895,0.04936,0.01424,0.0,0.01424,0.0,0.76247,0.01326,0.02235
73,7306,7306025,Кам'янська сільська громада,2021,year,12,0.12164,0.04417,0.02148,0.00065,0.02084,0.0,0.73231,0.0,0.0105
73,7306,7306025,Кам'янська сільська громада,2025,year,12,0.14899,0.03735,0.03806,0.00061,0.03745,0.0,0.71214,0.0,0.018
73,7306,7306027,Карапчівська сільська громада,2021,year,12,0.11516,0.00475,0.01221,0.0,0.01221,0.0,0.79442,0.0,0.0036
73,7306,7306027,Карапчівська сільська громада,2025,year,12,0.14125,0.00254,0.00237,0.0,0.00237,0.0,0.81031,0.0,0.01383
73,7306,7306029,Кіцманська міська громада,2021,year,12,0.10464,0.03974,0.05385,0.02217,0.03169,0.0,0.65525,0.04198,0.0569
73,7306,7306029,Кіцманська міська громада,2025,year,12,0.13825,0.04652,0.04599,0.01809,0.0279,0.0,0.65832,0.036,0.04979
73,7306,7306031,Кострижівська селищна громада,2021,year,12,0.16354,0.06371,0.04493,0.00017,0.04476,0.0,0.67078,0.04086,0.00661
73,7306,7306031,Кострижівська селищна громада,2025,year,12,0.27289,0.03244,0.03078,0.0,0.03078,0.0,0.60752,0.03296,0.00594
73,7306,7306033,Красноїльська селищна громада,2021,year,12,0.11935,0.01241,0.01819,0.0,0.01819,0.0,0.78008,0.02806,0.00539
73,7306,7306033,Красноїльська селищна громада,2025,year,12,0.12563,0.01212,0.01347,0.0,0.01347,0.0,0.81501,0.02679,0.00171
73,7306,7306035,Магальська сільська громада,2021,year,12,0.10042,0.00441,0.01325,0.00189,0.01136,0.0,0.83909,0.0,0.00275
73,7306,7306035,Магальська сільська громада,2025,year,12,0.23515,0.01223,0.02014,0.00125,0.01889,0.0,0.63069,0.0,0.0294
73,7306,7306037,Мамаївська сільська громада,2021,year,12,0.13224,0.08749,0.04053,0.01496,0.02557,0.0,0.66146,0.02455,0.00701
73,7306,7306037,Мамаївська сільська громада,2025,year,12,0.13909,0.1007,0.02535,0.00788,0.01747,0.0,0.63557,0.02058,0.08506
73,7306,7306039,Неполоковецька селищна громада,2021,year,12,0.15008,0.03916,0.05059,0.01813,0.03247,0.0,0.69354,0.0,0.01703
73,7306,7306039,Неполоковецька селищна громада,2025,year,12,0.19386,0.04493,0.04167,0.01552,0.02615,0.0,0.67109,0.01562,0.03388
73,7306,7306041,Новоселицька міська громада,2021,year,12,0.11168,0.05428,0.04141,0.01449,0.02651,0.00041,0.733,0.03683,0.00674
73,7306,7306041,Новоселицька міська громада,2025,year,12,0.16788,0.0489,0.04396,0.0173,0.02634,0.00031,0.68661,0.03008,0.01398
73,7306,7306043,Острицька сільська громада,2021,year,12,0.12168,0.0032,0.02334,6e-05,0.02328,0.0,0.80656,0.03198,0.00508
73,7306,7306043,Острицька сільська громада,2025,year,12,0.14066,0.00614,0.02098,0.00072,0.02026,0.0,0.80174,0.02751,0.00886
73,7306,7306045,Петровецька сільська громада,2021,year,12,0.10919,0.01932,0.02168,0.00069,0.02099,0.0,0.81541,0.0,0.00311
73,7306,7306045,Петровецька сільська громада,2025,year,12,0.11642,0.02191,0.0325,0.01893,0.01356,0.0,0.79247,0.00865,0.01311
73,7306,7306047,Ставчанська сільська громада,2021,year,12,0.13067,0.00539,0.02313,0.0,0.02313,0.0,0.80194,0.02399,0.00346
73,7306,7306047,Ставчанська сільська громада,2025,year,12,0.18327,0.00408,0.01589,0.00058,0.01531,0.0,0.75795,0.02322,0.02334
73,7306,7306049,Сторожинецька міська громада,2021,year,12,0.09499,0.02217,0.0336,0.01028,0.02303,0.00029,0.73634,0.03836,0.02864
73,7306,7306049,Сторожинецька міська громада,2025,year,12,0.09418,0.05441,0.02449,0.00942,0.01469,0.00038,0.71035,0.02455,0.04645
73,7306,7306051,Сучевенська сільська громада,2021,year,12,0.1027,0.00397,0.01296,0.0001,0.01287,0.0,0.83641,0.0,0.00159
73,7306,7306051,Сучевенська сільська громада,2025,year,12,0.1238,0.01142,0.00722,0.0,0.00722,0.0,0.82777,0.0,0.008
73,7306,7306053,Тарашанська сільська громада,2021,year,12,0.13196,0.0027,0.0235,0.00091,0.02259,0.0,0.8264,0.02007,0.00286
73,7306,7306053,Тарашанська сільська громада,2025,year,12,0.1444,0.01058,0.01793,0.00047,0.01746,0.0,0.78414,0.01396,0.01678
73,7306,7306055,Тереблеченська сільська громада,2021,year,12,0.18226,0.00223,0.03025,0.00161,0.02864,0.0,0.70016,0.0,0.00584
73,7306,7306055,Тереблеченська сільська громада,2025,year,12,0.21885,0.0192,0.01701,0.0,0.01701,0.0,0.67474,0.0,0.01539
73,7306,7306057,Топорівська сільська громада,2021,year,12,0.19851,0.00662,0.00908,0.00104,0.00804,0.0,0.73698,0.0,0.00393
73,7306,7306057,Топорівська сільська громада,2025,year,12,0.16595,0.02001,0.00491,0.00056,0.00435,0.0,0.75479,0.01353,0.02887
73,7306,7306059,Чагорська сільська громада,2021,year,12,0.16165,0.03265,0.02294,0.00468,0.01826,0.0,0.7137,0.0,0.00634
73,7306,7306059,Чагорська сільська громада,2025,year,12,0.16058,0.07846,0.03121,0.01002,0.02118,0.0,0.66455,0.0,0.02425
73,7306,7306061,Чернівецька міська громада,2021,year,12,0.07245,0.1215,0.02308,0.01087,0.01221,0.0,0.4648,0.02558,0.03828
73,7306,7306061,Чернівецька міська громада,2025,year,12,0.08085,0.18617,0.02644,0.01146,0.01498,0.0,0.50232,0.02254,0.07621
73,7306,7306063,Чудейська сільська громада,2021,year,12,0.10048,0.00707,0.01428,0.00069,0.01359,0.0,0.81711,0.0368,0.00408
73,7306,7306063,Чудейська сільська громада,2025,year,12,0.12074,0.00754,0.01063,0.0,0.01063,0.0,0.81766,0.03629,0.00522
73,7306,7306065,Юрковецька сільська громада,2021,year,12,0.11554,0.01858,0.02607,0.00111,0.02495,0.0,0.70047,0.0,0.00363
73,7306,7306065,Юрковецька сільська громада,2025,year,12,0.14169,0.02539,0.0242,0.0,0.0242,0.0,0.69194,0.0,0.02153
74,7402,7402001,Корюківська міська громада,2021,year,12,0.09805,0.07944,0.05043,0.00921,0.04122,0.0,0.51017,0.03596,0.06545
74,7402,7402001,Корюківська міська громада,2025,year,12,0.1474,0.08463,0.04486,0.00659,0.03827,0.0,0.52839,0.0288,0.07464
74,7402,7402003,Менська міська громада,2021,year,12,0.11379,0.05748,0.0792,0.00869,0.07051,0.0,0.61531,0.03904,0.06229
74,7402,7402003,Менська міська громада,2025,year,12,0.13626,0.04122,0.065,0.0069,0.0581,0.0,0.59669,0.0303,0.08186
74,7402,7402005,Сновська міська громада,2021,year,12,0.13895,0.04073,0.08089,0.01833,0.06257,0.0,0.60354,0.05206,0.06755
74,7402,7402005,Сновська міська громада,2025,year,12,0.16624,0.04845,0.05802,0.00987,0.04815,0.0,0.52883,0.03481,0.07248
74,7402,7402007,Сосницька селищна громада,2021,year,12,0.12865,0.067,0.0603,0.00171,0.0586,0.0,0.57673,0.03237,0.07566
74,7402,7402007,Сосницька селищна громада,2025,year,12,0.20439,0.0765,0.04733,0.00372,0.0436,0.0,0.52056,0.0296,0.09069
74,7402,7402009,Холминська селищна громада,2021,year,12,0.1753,0.12069,0.03416,0.0,0.03416,0.0,0.57125,0.042,0.04155
74,7402,7402009,Холминська селищна громада,2025,year,12,0.18707,0.12094,0.03081,0.00099,0.02982,0.0,0.57326,0.02635,0.05933
74,7404,7404001,Батуринська міська громада,2021,year,12,0.14344,0.05771,0.04134,0.0,0.04134,0.0,0.42069,0.0,0.05413
74,7404,7404001,Батуринська міська громада,2025,year,12,0.14775,0.03013,0.06988,0.00042,0.06946,0.0,0.4529,0.0,0.09513
74,7404,7404003,Бахмацька міська громада,2021,year,12,0.09723,0.06007,0.05833,0.01584,0.04235,0.00014,0.57764,0.04365,0.05252
74,7404,7404003,Бахмацька міська громада,2025,year,12,0.13041,0.06862,0.06,0.01476,0.04502,0.00021,0.55528,0.02759,0.06229
74,7404,7404005,Бобровицька міська громада,2021,year,12,0.14404,0.03159,0.07235,0.01279,0.05956,0.0,0.58051,0.03044,0.0512
74,7404,7404005,Бобровицька міська громада,2025,year,12,0.16732,0.04072,0.07291,0.01558,0.05733,0.0,0.5311,0.02909,0.07279
74,7404,7404007,Борзнянська міська громада,2021,year,12,0.10267,0.05301,0.06586,0.0209,0.04187,0.00309,0.62675,0.03341,0.04183
74,7404,7404007,Борзнянська міська громада,2025,year,12,0.11129,0.06343,0.05227,0.01834,0.03003,0.0039,0.54105,0.02478,0.04977
74,7404,7404009,Вертіївська сільська громада,2021,year,12,0.17191,0.05268,0.04287,0.00681,0.03606,0.0,0.52073,0.01971,0.05329
74,7404,7404009,Вертіївська сільська громада,2025,year,12,0.19532,0.0862,0.04419,0.01306,0.03113,0.0,0.49211,0.02017,0.07524
74,7404,7404011,Височанська сільська громада,2021,year,12,0.22295,0.03369,0.04762,0.0038,0.04381,0.0,0.59116,0.0,0.04802
74,7404,7404011,Височанська сільська громада,2025,year,12,0.24869,0.03888,0.09714,0.00088,0.09626,0.0,0.5089,0.0,0.07042
74,7404,7404013,Дмитрівська селищна громада,2021,year,12,0.21224,0.05854,0.05492,0.00046,0.05447,0.0,0.43795,0.0,0.03363
74,7404,7404013,Дмитрівська селищна громада,2025,year,12,0.24694,0.03567,0.04291,0.00125,0.04166,0.0,0.51263,0.0,0.06566
74,7404,7404015,Комарівська сільська громада,2021,year,12,0.22348,0.0148,0.0774,0.00198,0.07543,0.0,0.53447,0.0,0.06738
74,7404,7404015,Комарівська сільська громада,2025,year,12,0.24731,0.05036,0.06822,0.00323,0.06499,0.0,0.48602,0.0,0.11952
74,7404,7404017,Крутівська сільська громада,2021,year,12,0.22444,0.00916,0.03349,0.0,0.03349,0.0,0.62927,0.0,0.02544
74,7404,7404017,Крутівська сільська громада,2025,year,12,0.26365,0.01904,0.01978,0.00138,0.0184,0.0,0.54989,0.0,0.08184
74,7404,7404019,Лосинівська селищна громада,2021,year,12,0.15404,0.01824,0.04144,0.0006,0.04084,0.0,0.62139,0.01907,0.06676
74,7404,7404019,Лосинівська селищна громада,2025,year,12,0.18583,0.03251,0.02355,0.00015,0.0234,0.0,0.5619,0.01217,0.0737
74,7404,7404021,Макіївська сільська громада,2021,year,12,0.20596,0.0362,0.04819,0.0,0.04819,0.0,0.56726,0.0,0.0439
74,7404,7404021,Макіївська сільська громада,2025,year,12,0.24708,0.07208,0.05847,0.00046,0.05801,0.0,0.48277,0.0,0.06604
74,7404,7404023,Мринська сільська громада,2021,year,12,0.18987,0.02887,0.06732,0.00206,0.06526,0.0,0.62363,0.0,0.03442
74,7404,7404023,Мринська сільська громада,2025,year,12,0.17509,0.02341,0.07593,0.00122,0.07471,0.0,0.62504,0.0,0.0445
74,7404,7404025,Ніжинська міська громада,2021,year,12,0.12374,0.12594,0.05523,0.03209,0.02261,0.00053,0.46863,0.0454,0.04407
74,7404,7404025,Ніжинська міська громада,2025,year,12,0.17152,0.04881,0.04817,0.02692,0.02125,0.0,0.46916,0.03917,0.06899
74,7404,7404027,Новобасанська сільська громада,2021,year,12,0.21498,0.03152,0.02852,0.00071,0.0278,0.0,0.49597,0.0,0.05085
74,7404,7404027,Новобасанська сільська громада,2025,year,12,0.29223,0.04689,0.02273,0.0,0.02167,0.00106,0.44747,0.0,0.06086
74,7404,7404029,Носівська міська громада,2021,year,12,0.11006,0.05463,0.05683,0.01986,0.03697,0.0,0.64869,0.04235,0.04853
74,7404,7404029,Носівська міська громада,2025,year,12,0.16113,0.04932,0.04705,0.019,0.02805,0.0,0.58389,0.03978,0.109
74,7404,7404031,Плисківська сільська громада,2021,year,12,0.31976,0.13619,0.05758,0.00812,0.04946,0.0,0.39064,0.0,0.06084
74,7404,7404031,Плисківська сільська громада,2025,year,12,0.27238,0.07236,0.07051,0.00666,0.06384,0.0,0.45638,0.0,0.08244
74,7404,7404033,Талалаївська сільська громада,2021,latest,12,0.1894,0.02238,0.05969,0.00641,0.05328,0.0,0.59864,0.0,0.02587
74,7404,7404033,Талалаївська сільська громада,2025,year,12,0.19048,0.03841,0.04487,0.00141,0.04346,0.0,0.53152,0.0,0.06437
74,7406,7406001,Коропська селищна громада,2021,year,12,0.12502,0.06078,0.08247,0.01256,0.06847,0.00143,0.5641,0.04148,0.08959
74,7406,7406001,Коропська селищна громада,2025,year,12,0.13291,0.04124,0.05814,0.01058,0.04661,0.00096,0.5264,0.03468,0.0984
74,7406,7406003,Новгород-Сіверська міська громада,2021,year,12,0.17325,0.05637,0.07453,0.00928,0.06525,0.0,0.54424,0.03501,0.06669
74,7406,7406003,Новгород-Сіверська міська громада,2025,year,12,0.12348,0.05179,0.04536,0.00674,0.03862,0.0,0.62612,0.01771,0.05288
74,7406,7406005,Понорницька селищна громада,2021,year,12,0.18216,0.02217,0.05241,0.00015,0.05226,0.0,0.64545,0.01175,0.03628
74,7406,7406005,Понорницька селищна громада,2025,year,12,0.17533,0.10129,0.05449,0.00035,0.05415,0.0,0.54632,0.0,0.06051
74,7406,7406007,Семенівська міська громада,2021,year,12,0.10966,0.06371,0.06212,0.00694,0.05518,0.0,0.60018,0.03751,0.06589
74,7406,7406007,Семенівська міська громада,2025,year,12,0.23701,0.08359,0.04225,0.00427,0.03798,0.0,0.37262,0.02467,0.09202
74,7408,7408001,Варвинська селищна громада,2021,year,12,0.11846,0.04312,0.06231,0.00876,0.05079,0.00277,0.5773,0.022,0.06705
74,7408,7408001,Варвинська селищна громада,2025,year,12,0.13139,0.05443,0.05275,0.01127,0.04122,0.00026,0.56924,0.01444,0.08759
74,7408,7408003,Ічнянська міська громада,2021,year,12,0.11529,0.07058,0.05323,0.00752,0.04571,0.0,0.62976,0.03718,0.04903
74,7408,7408003,Ічнянська міська громада,2025,year,12,0.12354,0.08873,0.05861,0.00419,0.05442,0.0,0.57192,0.02556,0.07725
74,7408,7408005,Ладанська селищна громада,2021,year,12,0.18731,0.06515,0.0493,0.00521,0.04409,0.0,0.51623,0.03007,0.05073
74,7408,7408005,Ладанська селищна громада,2025,year,12,0.17847,0.13554,0.05694,0.00448,0.05246,0.0,0.48081,0.04129,0.05892
74,7408,7408007,Линовицька селищна громада,2021,year,12,0.17202,0.02629,0.04007,0.0,0.04007,0.0,0.51609,0.0,0.09484
74,7408,7408007,Линовицька селищна громада,2025,year,12,0.19407,0.05209,0.03836,0.00175,0.03661,0.0,0.51847,0.0,0.12816
74,7408,7408009,Малодівицька селищна громада,2021,year,12,0.2069,0.03872,0.07267,0.00124,0.07143,0.0,0.49826,0.0,0.10765
74,7408,7408009,Малодівицька селищна громада,2025,year,12,0.25176,0.02175,0.07098,0.0,0.07098,0.0,0.45074,0.0,0.14666
74,7408,7408011,Парафіївська селищна громада,2021,year,12,0.16289,0.09427,0.03752,0.00064,0.03687,0.0,0.53625,0.02023,0.05091
74,7408,7408011,Парафіївська селищна громада,2025,year,12,0.20684,0.0677,0.03258,0.0,0.03258,0.0,0.50521,0.01793,0.10402
74,7408,7408013,Прилуцька міська громада,2021,year,12,0.10518,0.05217,0.04836,0.01398,0.03149,0.00289,0.62928,0.0684,0.05514
74,7408,7408013,Прилуцька міська громада,2025,year,12,0.09864,0.04652,0.05051,0.02126,0.02567,0.00358,0.56471,0.04631,0.09811
74,7408,7408015,Срібнянська селищна громада,2021,year,12,0.16491,0.05477,0.07229,4e-05,0.07225,0.0,0.56446,0.02183,0.08285
74,7408,7408015,Срібнянська селищна громада,2025,year,12,0.18401,0.04985,0.04371,0.00018,0.04354,0.0,0.49408,0.01779,0.09117
74,7408,7408017,Сухополов'янська сільська громада,2021,year,12,0.19523,0.02355,0.07548,0.00308,0.0724,0.0,0.52836,0.0,0.08982
74,7408,7408017,Сухополов'янська сільська громада,2025,year,12,0.21035,0.08664,0.06529,0.00404,0.06125,0.0,0.45992,0.0,0.12885
74,7408,7408019,Талалаївська селищна громада,2021,latest,12,0.17132,0.05992,0.05026,0.0058,0.04446,0.0,0.51723,0.02898,0.08441
74,7408,7408019,Талалаївська селищна громада,2025,year,12,0.19243,0.07888,0.04052,0.00449,0.03603,0.0,0.49515,0.02304,0.12498
74,7408,7408021,Яблунівська сільська громада,2021,year,12,0.24587,0.02954,0.05093,0.0,0.05093,0.0,0.5722,0.0,0.03456
74,7408,7408021,Яблунівська сільська громада,2025,year,12,0.27502,0.01134,0.07761,0.0,0.07761,0.0,0.47218,0.0,0.08754
74,7410,7410001,Березнянська селищна громада,2021,year,12,0.16878,0.05602,0.03856,9e-05,0.03847,0.0,0.63642,0.04875,0.03244
74,7410,7410001,Березнянська селищна громада,2025,year,12,0.21132,0.02578,0.036,0.0,0.036,0.0,0.63412,0.04231,0.04751
74,7410,7410003,Гончарівська селищна громада,2021,year,12,0.20745,0.03757,0.03121,0.00965,0.02156,0.0,0.401,0.02957,0.03149
74,7410,7410003,Гончарівська селищна громада,2025,year,12,0.2273,0.02755,0.03348,0.01014,0.02334,0.0,0.51415,0.02595,0.06669
74,7410,7410005,Городнянська міська громада,2021,year,12,0.10298,0.07249,0.07818,0.01272,0.0653,0.00016,0.64555,0.03914,0.04173
74,7410,7410005,Городнянська міська громада,2025,year,12,0.23443,0.06,0.08575,0.01251,0.07165,0.0016,0.48511,0.02572,0.04858
74,7410,7410007,Деснянська селищна громада,2021,year,12,0.1751,0.03273,0.02224,0.00111,0.02113,0.0,0.5924,0.05652,0.02006
74,7410,7410007,Деснянська селищна громада,2025,year,12,0.19575,0.01298,0.0234,0.00055,0.02285,0.0,0.63558,0.04761,0.01412
74,7410,7410009,Добрянська селищна громада,2021,year,12,0.25426,0.09038,0.0349,0.00068,0.03423,0.0,0.54787,0.02285,0.0449
74,7410,7410009,Добрянська селищна громада,2025,year,12,0.33683,0.02285,0.0266,0.0,0.0266,0.0,0.48832,0.01472,0.05636
74,7410,7410011,Іванівська сільська громада,2021,year,12,0.20375,0.04469,0.05614,0.0,0.05614,0.0,0.54999,0.0,0.0434
74,7410,7410011,Іванівська сільська громада,2025,year,12,0.26253,0.02379,0.15126,0.00026,0.151,0.0,0.43411,0.0,0.0542
74,7410,7410013,Киїнська сільська громада,2021,year,12,0.18644,0.02257,0.04021,0.00687,0.03334,0.0,0.66235,0.0,0.00174
74,7410,7410013,Киїнська сільська громада,2025,year,12,0.20962,0.07386,0.02668,0.00514,0.02153,0.0,0.55146,0.0,0.03892
74,7410,7410015,Киселівська сільська громада,2021,year,12,0.23991,0.08093,0.03089,0.0064,0.02449,0.0,0.48994,0.0,0.00241
74,7410,7410015,Киселівська сільська громада,2025,year,12,0.30063,0.10765,0.01583,0.00295,0.01288,0.0,0.38241,0.0,0.08797
74,7410,7410017,Кіптівська сільська громада,2021,year,12,0.19774,0.01648,0.07932,0.00093,0.07839,0.0,0.47947,0.0,0.03212
74,7410,7410017,Кіптівська сільська громада,2025,year,12,0.23857,0.01369,0.08944,9e-05,0.08934,0.0,0.5195,0.0,0.06625
74,7410,7410019,Козелецька селищна громада,2021,year,12,0.17072,0.03969,0.08031,0.01607,0.06424,0.0,0.59542,0.0326,0.03944
74,7410,7410019,Козелецька селищна громада,2025,year,12,0.17496,0.0543,0.05706,0.01262,0.04444,0.0,0.59567,0.02854,0.03449
74,7410,7410021,Куликівська селищна громада,2021,year,12,0.15984,0.03592,0.04785,0.00676,0.04109,0.0,0.58067,0.03224,0.0871
74,7410,7410021,Куликівська селищна громада,2025,year,12,0.16769,0.06248,0.03879,0.00257,0.03622,0.0,0.54392,0.02747,0.07585
74,7410,7410023,Любецька селищна громада,2021,year,12,0.27914,0.15737,0.03853,0.00127,0.03725,0.0,0.4242,0.01727,0.05719
74,7410,7410023,Любецька селищна громада,2025,year,12,0.32867,0.07304,0.02181,0.00213,0.01968,0.0,0.46652,0.01766,0.09688
74,7410,7410025,Михайло-Коцюбинська селищна громада,2021,year,12,0.19719,0.04507,0.04973,0.00486,0.04487,0.0,0.53647,0.01821,0.08575
74,7410,7410025,Михайло-Коцюбинська селищна громада,2025,year,12,0.28953,0.04408,0.03703,0.00577,0.03125,0.0,0.47406,0.01352,0.11726
74,7410,7410027,Новобілоуська сільська громада,2021,year,12,0.16288,0.02449,0.02686,0.00273,0.02412,0.0,0.63084,0.01051,0.0013
74,7410,7410027,Новобілоуська сільська громада,2025,year,12,0.22454,0.08724,0.0433,0.00041,0.04289,0.0,0.55855,0.00281,0.05288
74,7410,7410029,Олишівська селищна громада,2021,year,12,0.24766,0.07283,0.05766,0.01403,0.04363,0.0,0.42833,0.0,0.00699
74,7410,7410029,Олишівська селищна громада,2025,year,12,0.24435,0.07883,0.05239,0.01108,0.0413,0.0,0.44028,0.0,0.06708
74,7410,7410031,Остерська міська громада,2021,year,12,0.15879,0.0286,0.06771,0.01647,0.05124,0.0,0.57158,0.0733,0.07075
74,7410,7410031,Остерська міська громада,2025,year,12,0.14738,0.05546,0.06093,0.01547,0.04546,0.0,0.45668,0.0452,0.09735
74,7410,7410033,Ріпкинська селищна громада,2021,year,12,0.17637,0.0746,0.05224,0.00943,0.04281,0.0,0.5244,0.047,0.03896
74,7410,7410033,Ріпкинська селищна громада,2025,year,12,0.27164,0.02495,0.0496,0.00929,0.04031,0.0,0.5349,0.0357,0.04424
74,7410,7410035,Седнівська селищна громада,2021,year,12,0.31466,0.04644,0.04993,0.0,0.04993,0.0,0.50504,0.0,0.00149
74,7410,7410035,Седнівська селищна громада,2025,year,12,0.3237,0.07151,0.02433,0.0,0.02433,0.0,0.50221,0.0,0.05109
74,7410,7410037,Тупичівська сільська громада,2021,year,12,0.26764,0.03017,0.05618,0.0001,0.05608,0.0,0.54824,0.0,0.06884
74,7410,7410037,Тупичівська сільська громада,2025,year,12,0.2614,0.02837,0.04208,0.0006,0.04148,0.0,0.57967,0.0,0.06693
74,7410,7410039,Чернігівська міська громада,2021,year,12,0.04872,0.08082,0.02563,0.01545,0.00854,0.00164,0.4218,0.02612,0.04874
74,7410,7410039,Чернігівська міська громада,2025,year,12,0.074,0.08024,0.02535,0.01476,0.01034,0.00025,0.51381,0.02434,0.0796
80,8000,8000000,Київ,2021,latest,12,0.04872,0.0671,0.04547,0.02076,0.02176,0.00295,0.36094,0.02465,0.06868
80,8000,8000000,Київ,2025,year,12,0.04799,0.10568,0.03753,0.0154,0.01979,0.00235,0.34349,0.02341,0.10868
