k1,k2,k3,name,name_src,oblast_uk
01,0102,0102001,Андріївська сільська рада,KATOTTG codifier,Автономна Республіка Крим
01,0102,0102003,Ароматное,centre settlement,Автономна Республіка Крим
01,0102,0102005,Бахчисарай,centre settlement,Автономна Республіка Крим
01,0102,0102007,Камышлы,centre settlement,Автономна Республіка Крим
01,0102,0102009,Верхоречье,centre settlement,Автономна Республіка Крим
01,0102,0102011,Вилино,centre settlement,Автономна Республіка Крим
01,0102,0102013,Голубинка,centre settlement,Автономна Республіка Крим
01,0102,0102015,Долинное,centre settlement,Автономна Республіка Крим
01,0102,0102017,Железнодорожное,centre settlement,Автономна Республіка Крим
01,0102,0102019,Зеленівська сільська рада,KATOTTG codifier,Автономна Республіка Крим
01,0102,0102021,Инкерман,centre settlement,Автономна Республіка Крим
01,0102,0102023,Кача,centre settlement,Автономна Республіка Крим
01,0102,0102025,Каштанівська сільська рада,KATOTTG codifier,Автономна Республіка Крим
01,0102,0102027,Красный Мак,centre settlement,Автономна Республіка Крим
01,0102,0102029,Куйбышево,centre settlement,Автономна Республіка Крим
01,0102,0102031,Кизиловое,centre settlement,Автономна Республіка Крим
01,0102,0102033,Песчаное,centre settlement,Автономна Республіка Крим
01,0102,0102035,Плодовое,centre settlement,Автономна Республіка Крим
01,0102,0102037,Заветное,centre settlement,Автономна Республіка Крим
01,0102,0102039,Скалистое,centre settlement,Автономна Республіка Крим
01,0102,0102041,Табачное,centre settlement,Автономна Республіка Крим
01,0102,0102043,Терновка,centre settlement,Автономна Республіка Крим
01,0102,0102045,Тінистівська сільська рада,KATOTTG codifier,Автономна Республіка Крим
01,0102,0102047,Углівська сільська рада,KATOTTG codifier,Автономна Республіка Крим
01,0104,0104003,Богатое,centre settlement,Автономна Республіка Крим
01,0104,0104005,Белогорск,centre settlement,Автономна Республіка Крим
01,0104,0104007,Василівська сільська рада,KATOTTG codifier,Автономна Республіка Крим
01,0104,0104009,Вишенська сільська рада,KATOTTG codifier,Автономна Республіка Крим
01,0104,0104011,Дрофинська сільська рада,KATOTTG codifier,Автономна Республіка Крим
01,0104,0104013,Желябовська сільська рада,KATOTTG codifier,Автономна Республіка Крим
01,0104,0104015,Жемчужинська сільська рада,KATOTTG codifier,Автономна Республіка Крим
01,0104,0104017,Балки,centre settlement,Автономна Республіка Крим
01,0104,0104019,Земляничненська сільська рада,KATOTTG codifier,Автономна Республіка Крим
01,0104,0104021,Зыбины,centre settlement,Автономна Республіка Крим
01,0104,0104023,Зоркино,centre settlement,Автономна Республіка Крим
01,0104,0104025,Баланово,centre settlement,Автономна Республіка Крим
01,0104,0104027,Тарасовка,centre settlement,Автономна Республіка Крим
01,0104,0104031,Косточковка,centre settlement,Автономна Республіка Крим
01,0104,0104035,Криничное,centre settlement,Автономна Республіка Крим
01,0104,0104037,Курское,centre settlement,Автономна Республіка Крим
01,0104,0104039,Кирсановка,centre settlement,Автономна Республіка Крим
01,0104,0104041,Мельнична сільська рада,KATOTTG codifier,Автономна Республіка Крим
01,0104,0104043,Митрофановка,centre settlement,Автономна Республіка Крим
01,0104,0104045,Михайлівська сільська рада,KATOTTG codifier,Автономна Республіка Крим
01,0104,0104047,Мичуринское,centre settlement,Автономна Республіка Крим
01,0104,0104049,Муромська сільська рада,KATOTTG codifier,Автономна Республіка Крим
01,0104,0104051,Нижнегорский,centre settlement,Автономна Республіка Крим
01,0104,0104053,Новогригорівська сільська рада,KATOTTG codifier,Автономна Республіка Крим
01,0104,0104055,Анновка,centre settlement,Автономна Республіка Крим
01,0104,0104057,Омелянівська сільська рада,KATOTTG codifier,Автономна Республіка Крим
01,0104,0104059,Охотська сільська рада,KATOTTG codifier,Автономна Республіка Крим
01,0104,0104061,Пшеничненська сільська рада,KATOTTG codifier,Автономна Республіка Крим
01,0104,0104063,Русаківська сільська рада,KATOTTG codifier,Автономна Республіка Крим
01,0104,0104065,Садовое,centre settlement,Автономна Республіка Крим
01,0104,0104067,Уваровка,centre settlement,Автономна Республіка Крим
01,0104,0104069,Цвіточненська сільська рада,KATOTTG codifier,Автономна Республіка Крим
01,0104,0104071,Чкалово,centre settlement,Автономна Республіка Крим
01,0104,0104073,Чорнопільська сільська рада,KATOTTG codifier,Автономна Республіка Крим
01,0104,0104075,Акимовка,centre settlement,Автономна Республіка Крим
01,0106,0106001,Азовское,centre settlement,Автономна Республіка Крим
01,0106,0106005,Джанкой,centre settlement,Автономна Республіка Крим
01,0106,0106007,Єрмаківська сільська рада,KATOTTG codifier,Автономна Республіка Крим
01,0106,0106009,Завіто-Ленінська сільська рада,KATOTTG codifier,Автономна Республіка Крим
01,0106,0106011,Армейское,centre settlement,Автономна Республіка Крим
01,0106,0106013,Дмитриевка,centre settlement,Автономна Республіка Крим
01,0106,0106015,Кондратьево,centre settlement,Автономна Республіка Крим
01,0106,0106017,Кримківська сільська рада,KATOTTG codifier,Автономна Республіка Крим
01,0106,0106019,Марьино,centre settlement,Автономна Республіка Крим
01,0106,0106021,Луганська сільська рада,KATOTTG codifier,Автономна Республіка Крим
01,0106,0106023,Майское,centre settlement,Автономна Республіка Крим
01,0106,0106025,Маслово,centre settlement,Автономна Республіка Крим
01,0106,0106027,Медведевка,centre settlement,Автономна Республіка Крим
01,0106,0106029,Мирнівська сільська рада,KATOTTG codifier,Автономна Республіка Крим
01,0106,0106031,Новокримська сільська рада,KATOTTG codifier,Автономна Республіка Крим
01,0106,0106033,Пахаревка,centre settlement,Автономна Республіка Крим
01,0106,0106035,Побєдненська сільська рада,KATOTTG codifier,Автономна Республіка Крим
01,0106,0106037,Просторненська сільська рада,KATOTTG codifier,Автономна Республіка Крим
01,0106,0106041,Рощинська сільська рада,KATOTTG codifier,Автономна Республіка Крим
01,0106,0106043,Светлое,centre settlement,Автономна Республіка Крим
01,0106,0106045,Новоконстантиновка,centre settlement,Автономна Республіка Крим
01,0106,0106047,Новосельцево,centre settlement,Автономна Республіка Крим
01,0106,0106049,Колоски,centre settlement,Автономна Республіка Крим
01,0106,0106051,Чайкино,centre settlement,Автономна Республіка Крим
01,0106,0106053,Яркое,centre settlement,Автономна Республіка Крим
01,0106,0106055,Яркое Поле,centre settlement,Автономна Республіка Крим
01,0106,0106057,Яснополянська сільська рада,KATOTTG codifier,Автономна Республіка Крим
01,0108,0108001,Вересаево,centre settlement,Автономна Республіка Крим
01,0108,0108003,Весёловка,centre settlement,Автономна Республіка Крим
01,0108,0108005,Виноградово,centre settlement,Автономна Республіка Крим
01,0108,0108007,Воробьёво,centre settlement,Автономна Республіка Крим
01,0108,0108009,Геройское,centre settlement,Автономна Республіка Крим
01,0108,0108011,Далёкое,centre settlement,Автономна Республіка Крим
01,0108,0108013,Добрушинська сільська рада,KATOTTG codifier,Автономна Республіка Крим
01,0108,0108015,Евпатория,centre settlement,Автономна Республіка Крим
01,0108,0108019,Зернівська сільська рада,KATOTTG codifier,Автономна Республіка Крим
01,0108,0108021,Іванівська сільська рада,KATOTTG codifier,Автономна Республіка Крим
01,0108,0108023,Кировское,centre settlement,Автономна Республіка Крим
01,0108,0108025,Кольцовська сільська рада,KATOTTG codifier,Автономна Республіка Крим
01,0108,0108027,Крайненська сільська рада,KATOTTG codifier,Автономна Республіка Крим
01,0108,0108029,Краснополянська сільська рада,KATOTTG codifier,Автономна Республіка Крим
01,0108,0108031,Красноярское,centre settlement,Автономна Республіка Крим
01,0108,0108033,Крымское,centre settlement,Автономна Республіка Крим
01,0108,0108035,Лесновка,centre settlement,Автономна Республіка Крим
01,0108,0108037,Медведево,centre settlement,Автономна Республіка Крим
01,0108,0108039,Мирный,centre settlement,Автономна Республіка Крим
01,0108,0108041,Митяївська сільська рада,KATOTTG codifier,Автономна Республіка Крим
01,0108,0108043,Межводное,centre settlement,Автономна Республіка Крим
01,0108,0108045,Абрикосовка,centre settlement,Автономна Республіка Крим
01,0108,0108047,Новоивановка,centre settlement,Автономна Республіка Крим
01,0108,0108051,Новосільська сільська рада,KATOTTG codifier,Автономна Республіка Крим
01,0108,0108053,Новофёдоровка,centre settlement,Автономна Республіка Крим
01,0108,0108055,Окунівська сільська рада,KATOTTG codifier,Автономна Республіка Крим
01,0108,0108057,Оленевка,centre settlement,Автономна Республіка Крим
01,0108,0108059,Оріхівська сільська рада,KATOTTG codifier,Автономна Республіка Крим
01,0108,0108061,Охотниківська сільська рада,KATOTTG codifier,Автономна Республіка Крим
01,0108,0108063,Ромашкінська сільська рада,KATOTTG codifier,Автономна Республіка Крим
01,0108,0108065,Саки,centre settlement,Автономна Республіка Крим
01,0108,0108067,Сизовка,centre settlement,Автономна Республіка Крим
01,0108,0108069,Стовпівська сільська рада,KATOTTG codifier,Автономна Республіка Крим
01,0108,0108071,Суворовское,centre settlement,Автономна Республіка Крим
01,0108,0108075,Фрунзе,centre settlement,Автономна Республіка Крим
01,0108,0108077,Черноморское,centre settlement,Автономна Республіка Крим
01,0108,0108079,Штормовое,centre settlement,Автономна Республіка Крим
01,0110,0110001,Багерово,centre settlement,Автономна Республіка Крим
01,0110,0110003,Батальненська сільська рада,KATOTTG codifier,Автономна Республіка Крим
01,0110,0110005,Белинское,centre settlement,Автономна Республіка Крим
01,0110,0110007,Виноградненська сільська рада,KATOTTG codifier,Автономна Республіка Крим
01,0110,0110009,Войково,centre settlement,Автономна Республіка Крим
01,0110,0110011,Юркино,centre settlement,Автономна Республіка Крим
01,0110,0110013,Горностаевка,centre settlement,Автономна Республіка Крим
01,0110,0110015,Заветное,centre settlement,Автономна Республіка Крим
01,0110,0110019,Калинівська сільська рада,KATOTTG codifier,Автономна Республіка Крим
01,0110,0110021,Керчь,centre settlement,Автономна Республіка Крим
01,0110,0110023,Кіровська сільська рада,KATOTTG codifier,Автономна Республіка Крим
01,0110,0110025,Красногірська сільська рада,KATOTTG codifier,Автономна Республіка Крим
01,0110,0110027,Ленино,centre settlement,Автономна Республіка Крим
01,0110,0110029,Ленінська сільська рада,KATOTTG codifier,Автономна Республіка Крим
01,0110,0110031,Луговое,centre settlement,Автономна Республіка Крим
01,0110,0110033,Марьевка,centre settlement,Автономна Республіка Крим
01,0110,0110035,Марфовка,centre settlement,Автономна Республіка Крим
01,0110,0110037,Мисівська сільська рада,KATOTTG codifier,Автономна Республіка Крим
01,0110,0110039,Новомиколаївська сільська рада,KATOTTG codifier,Автономна Республіка Крим
01,0110,0110043,Останінська сільська рада,KATOTTG codifier,Автономна Республіка Крим
01,0110,0110045,Приозерне,centre settlement,Автономна Республіка Крим
01,0110,0110047,Семисотка,centre settlement,Автономна Республіка Крим
01,0110,0110049,Уварово,centre settlement,Автономна Республіка Крим
01,0110,0110051,Челядиново,centre settlement,Автономна Республіка Крим
01,0110,0110053,Чистопільська сільська рада,KATOTTG codifier,Автономна Республіка Крим
01,0110,0110055,Щёлкино,centre settlement,Автономна Республіка Крим
01,0112,0112001,Абрикосівська сільська рада,KATOTTG codifier,Автономна Республіка Крим
01,0112,0112003,Амурское,centre settlement,Автономна Республіка Крим
01,0112,0112005,Войковська сільська рада,KATOTTG codifier,Автономна Республіка Крим
01,0112,0112007,Восход,centre settlement,Автономна Республіка Крим
01,0112,0112009,Гвардейское,centre settlement,Автономна Республіка Крим
01,0112,0112011,Гришинська сільська рада,KATOTTG codifier,Автономна Республіка Крим
01,0112,0112013,Зерновое,centre settlement,Автономна Республіка Крим
01,0112,0112015,Калінінська сільська рада,KATOTTG codifier,Автономна Республіка Крим
01,0112,0112017,Калінінська сільська рада,KATOTTG codifier,Автономна Республіка Крим
01,0112,0112019,Клепинінська сільська рада,KATOTTG codifier,Автономна Республіка Крим
01,0112,0112021,Колодязне,centre settlement,Автономна Республіка Крим
01,0112,0112023,Кормівська сільська рада,KATOTTG codifier,Автономна Республіка Крим
01,0112,0112025,Котельниково,centre settlement,Автономна Республіка Крим
01,0112,0112027,Красногвардейское,centre settlement,Автономна Республіка Крим
01,0112,0112029,Краснознам'янська сільська рада,KATOTTG codifier,Автономна Республіка Крим
01,0112,0112031,Крестянівська сільська рада,KATOTTG codifier,Автономна Республіка Крим
01,0112,0112033,Ленинское,centre settlement,Автономна Республіка Крим
01,0112,0112035,Мар'янівська сільська рада,KATOTTG codifier,Автономна Республіка Крим
01,0112,0112037,Найдёновка,centre settlement,Автономна Республіка Крим
01,0112,0112039,Новопокровка,centre settlement,Автономна Республіка Крим
01,0112,0112041,Октябрьское,centre settlement,Автономна Республіка Крим
01,0112,0112043,Октябрська сільська рада,KATOTTG codifier,Автономна Республіка Крим
01,0112,0112045,Александровка,centre settlement,Автономна Республіка Крим
01,0112,0112047,Олексіївська сільська рада,KATOTTG codifier,Автономна Республіка Крим
01,0112,0112049,Островська сільська рада,KATOTTG codifier,Автономна Республіка Крим
01,0112,0112051,П'ятихатська сільська рада,KATOTTG codifier,Автономна Республіка Крим
01,0112,0112053,Первомайское,centre settlement,Автономна Республіка Крим
01,0112,0112055,Петровка,centre settlement,Автономна Республіка Крим
01,0112,0112057,Полтавська сільська рада,KATOTTG codifier,Автономна Республіка Крим
01,0112,0112059,Правда,centre settlement,Автономна Республіка Крим
01,0112,0112061,Некрасово,centre settlement,Автономна Республіка Крим
01,0112,0112063,Сарибашівська сільська рада,KATOTTG codifier,Автономна Республіка Крим
01,0112,0112065,Стахановська сільська рада,KATOTTG codifier,Автономна Республіка Крим
01,0112,0112067,Крыловка,centre settlement,Автономна Республіка Крим
01,0112,0112069,Сусанінська сільська рада,KATOTTG codifier,Автономна Республіка Крим
01,0112,0112071,Черново,centre settlement,Автономна Республіка Крим
01,0112,0112073,Янтарненська сільська рада,KATOTTG codifier,Автономна Республіка Крим
01,0114,0114001,Армянск,centre settlement,Автономна Республіка Крим
01,0114,0114003,Берёзовка,centre settlement,Автономна Республіка Крим
01,0114,0114005,Ботаническое,centre settlement,Автономна Республіка Крим
01,0114,0114007,Братское,centre settlement,Автономна Республіка Крим
01,0114,0114009,Вишнёвка,centre settlement,Автономна Республіка Крим
01,0114,0114011,Воинка,centre settlement,Автономна Республіка Крим
01,0114,0114013,Зимино,centre settlement,Автономна Республіка Крим
01,0114,0114015,Іллінська сільська рада,KATOTTG codifier,Автономна Республіка Крим
01,0114,0114017,Ішунська сільська рада,KATOTTG codifier,Автономна Республіка Крим
01,0114,0114019,Ковильнівська сільська рада,KATOTTG codifier,Автономна Республіка Крим
01,0114,0114021,Красноармейское,centre settlement,Автономна Республіка Крим
01,0114,0114023,Красноперекопск,centre settlement,Автономна Республіка Крим
01,0114,0114025,Кукушкінська сільська рада,KATOTTG codifier,Автономна Республіка Крим
01,0114,0114027,Магазинка,centre settlement,Автономна Республіка Крим
01,0114,0114029,Новопавловка,centre settlement,Автономна Республіка Крим
01,0114,0114031,Північне,centre settlement,Автономна Республіка Крим
01,0114,0114033,Орлівська сільська рада,KATOTTG codifier,Автономна Республіка Крим
01,0114,0114035,Почетненська сільська рада,KATOTTG codifier,Автономна Республіка Крим
01,0114,0114039,Ручьи,centre settlement,Автономна Республіка Крим
01,0114,0114041,Серебрянка,centre settlement,Автономна Республіка Крим
01,0114,0114043,Славнівська сільська рада,KATOTTG codifier,Автономна Республіка Крим
01,0114,0114045,Славянское,centre settlement,Автономна Республіка Крим
01,0114,0114047,Рисовое,centre settlement,Автономна Республіка Крим
01,0114,0114049,Суворово,centre settlement,Автономна Республіка Крим
01,0114,0114051,Філатівська сільська рада,KATOTTG codifier,Автономна Республіка Крим
01,0114,0114053,Чернишівська сільська рада,KATOTTG codifier,Автономна Республіка Крим
01,0116,0116001,Гвардейское,centre settlement,Автономна Республіка Крим
01,0116,0116003,Грэсовский,centre settlement,Автономна Республіка Крим
01,0116,0116005,Доброе,centre settlement,Автономна Республіка Крим
01,0116,0116007,Дмитрово,centre settlement,Автономна Республіка Крим
01,0116,0116009,Журавлівська сільська рада,KATOTTG codifier,Автономна Республіка Крим
01,0116,0116011,Кольчугино,centre settlement,Автономна Республіка Крим
01,0116,0116013,Красновка,centre settlement,Автономна Республіка Крим
01,0116,0116015,Николаевка,centre settlement,Автономна Республіка Крим
01,0116,0116017,Мирное,centre settlement,Автономна Республіка Крим
01,0116,0116019,Молодёжное,centre settlement,Автономна Республіка Крим
01,0116,0116021,Новоандреевка,centre settlement,Автономна Республіка Крим
01,0116,0116023,Новоселівська сільська рада,KATOTTG codifier,Автономна Республіка Крим
01,0116,0116025,Первомайское,centre settlement,Автономна Республіка Крим
01,0116,0116027,Перовська сільська рада,KATOTTG codifier,Автономна Республіка Крим
01,0116,0116029,Пожарское,centre settlement,Автономна Республіка Крим
01,0116,0116031,Родниково,centre settlement,Автономна Республіка Крим
01,0116,0116033,Симферополь,centre settlement,Автономна Республіка Крим
01,0116,0116035,Скворцово,centre settlement,Автономна Республіка Крим
01,0116,0116037,Трудовое,centre settlement,Автономна Республіка Крим
01,0116,0116039,Укромное,centre settlement,Автономна Республіка Крим
01,0116,0116041,Живописное,centre settlement,Автономна Республіка Крим
01,0116,0116043,Чистенська сільська рада,KATOTTG codifier,Автономна Республіка Крим
01,0116,0116045,Широківська сільська рада,KATOTTG codifier,Автономна Республіка Крим
01,0116,0116047,Школьное,centre settlement,Автономна Республіка Крим
01,0118,0118001,Абрикосовка,centre settlement,Автономна Республіка Крим
01,0118,0118003,Степное,centre settlement,Автономна Республіка Крим
01,0118,0118005,Весёлое,centre settlement,Автономна Республіка Крим
01,0118,0118007,Владиславовка,centre settlement,Автономна Республіка Крим
01,0118,0118009,Грушевка,centre settlement,Автономна Республіка Крим
01,0118,0118011,Дачное,centre settlement,Автономна Республіка Крим
01,0118,0118013,Дмитровка,centre settlement,Автономна Республіка Крим
01,0118,0118015,Журавська сільська рада,KATOTTG codifier,Автономна Республіка Крим
01,0118,0118017,Заповітне,centre settlement,Автономна Республіка Крим
01,0118,0118019,Золотополенська сільська рада,KATOTTG codifier,Автономна Республіка Крим
01,0118,0118021,Іллічівська сільська рада,KATOTTG codifier,Автономна Республіка Крим
01,0118,0118023,Кировское,centre settlement,Автономна Республіка Крим
01,0118,0118025,Коктебель,centre settlement,Автономна Республіка Крим
01,0118,0118027,Красногвардейское,centre settlement,Автономна Республіка Крим
01,0118,0118029,Краснофлотська сільська рада,KATOTTG codifier,Автономна Республіка Крим
01,0118,0118031,Льговська сільська рада,KATOTTG codifier,Автономна Республіка Крим
01,0118,0118033,Междуречье,centre settlement,Автономна Республіка Крим
01,0118,0118035,Морское,centre settlement,Автономна Республіка Крим
01,0118,0118037,Пионерское,centre settlement,Автономна Республіка Крим
01,0118,0118039,Некрасовка,centre settlement,Автономна Республіка Крим
01,0118,0118041,Новый Свет,centre settlement,Автономна Республіка Крим
01,0118,0118043,Орджоникидзе,centre settlement,Автономна Республіка Крим
01,0118,0118045,Партизанська сільська рада,KATOTTG codifier,Автономна Республіка Крим
01,0118,0118047,Первомайское,centre settlement,Автономна Республіка Крим
01,0118,0118049,Привітне,centre settlement,Автономна Республіка Крим
01,0118,0118051,Приморский,centre settlement,Автономна Республіка Крим
01,0118,0118053,Пруды,centre settlement,Автономна Республіка Крим
01,0118,0118055,Пушкино,centre settlement,Автономна Республіка Крим
01,0118,0118057,Синицинська сільська рада,KATOTTG codifier,Автономна Республіка Крим
01,0118,0118059,Советский,centre settlement,Автономна Республіка Крим
01,0118,0118061,Солнечная Долина,centre settlement,Автономна Республіка Крим
01,0118,0118063,Старый Крым,centre settlement,Автономна Республіка Крим
01,0118,0118065,Судак,centre settlement,Автономна Республіка Крим
01,0118,0118067,Токарево,centre settlement,Автономна Республіка Крим
01,0118,0118071,Феодосия,centre settlement,Автономна Республіка Крим
01,0118,0118073,Чапаевка,centre settlement,Автономна Республіка Крим
01,0118,0118075,Демьяновка,centre settlement,Автономна Республіка Крим
01,0118,0118077,Щебетовка,centre settlement,Автономна Республіка Крим
01,0118,0118079,Яркополенська сільська рада,KATOTTG codifier,Автономна Республіка Крим
01,0120,0120001,Алупка,centre settlement,Автономна Республіка Крим
01,0120,0120003,Алушта,centre settlement,Автономна Республіка Крим
01,0120,0120005,Гаспра,centre settlement,Автономна Республіка Крим
01,0120,0120007,Гурзуф,centre settlement,Автономна Республіка Крим
01,0120,0120009,Изобильное,centre settlement,Автономна Республіка Крим
01,0120,0120011,Кореиз,centre settlement,Автономна Республіка Крим
01,0120,0120013,Ливадия,centre settlement,Автономна Республіка Крим
01,0120,0120015,Лучистое,centre settlement,Автономна Республіка Крим
01,0120,0120017,Виноградное,centre settlement,Автономна Республіка Крим
01,0120,0120019,Малореченское,centre settlement,Автономна Республіка Крим
01,0120,0120021,Массандра,centre settlement,Автономна Республіка Крим
01,0120,0120023,Партенит,centre settlement,Автономна Республіка Крим
01,0120,0120025,Приветное,centre settlement,Автономна Республіка Крим
01,0120,0120027,Береговое,centre settlement,Автономна Республіка Крим
01,0120,0120029,Форос,centre settlement,Автономна Республіка Крим
01,0120,0120031,Ялта,centre settlement,Автономна Республіка Крим
05,0502,0502001,Агрономічна сільська громада,KATOTTG codifier,Вінницька область
05,0502,0502003,Вінницька міська громада,KATOTTG codifier,Вінницька область
05,0502,0502005,Вороновицька селищна громада,KATOTTG codifier,Вінницька область
05,0502,0502007,Гніванська міська громада,KATOTTG codifier,Вінницька область
05,0502,0502009,Іллінецька міська громада,KATOTTG codifier,Вінницька область
05,0502,0502011,Липовецька міська громада,KATOTTG codifier,Вінницька область
05,0502,0502013,Літинська селищна громада,KATOTTG codifier,Вінницька область
05,0502,0502015,Лука-Мелешківська сільська громада,KATOTTG codifier,Вінницька область
05,0502,0502017,Немирівська міська громада,KATOTTG codifier,Вінницька область
05,0502,0502019,Оратівська селищна громада,KATOTTG codifier,Вінницька область
05,0502,0502021,Погребищенська міська громада,KATOTTG codifier,Вінницька область
05,0502,0502023,Стрижавська селищна громада,KATOTTG codifier,Вінницька область
05,0502,0502025,Сутисківська селищна громада,KATOTTG codifier,Вінницька область
05,0502,0502027,Тиврівська селищна громада,KATOTTG codifier,Вінницька область
05,0502,0502029,Турбівська селищна громада,KATOTTG codifier,Вінницька область
05,0502,0502031,Якушинецька сільська громада,KATOTTG codifier,Вінницька область
05,0504,0504001,Бершадська міська громада,KATOTTG codifier,Вінницька область
05,0504,0504003,Гайсинська міська громада,KATOTTG codifier,Вінницька область
05,0504,0504005,Дашівська селищна громада,KATOTTG codifier,Вінницька область
05,0504,0504007,Джулинська сільська громада,KATOTTG codifier,Вінницька область
05,0504,0504009,Краснопільська сільська громада,KATOTTG codifier,Вінницька область
05,0504,0504011,Кунківська сільська громада,KATOTTG codifier,Вінницька область
05,0504,0504013,Ладижинська міська громада,KATOTTG codifier,Вінницька область
05,0504,0504015,Ободівська сільська громада,KATOTTG codifier,Вінницька область
05,0504,0504017,Ольгопільська сільська громада,KATOTTG codifier,Вінницька область
05,0504,0504019,Райгородська сільська громада,KATOTTG codifier,Вінницька область
05,0504,0504021,Соболівська сільська громада,KATOTTG codifier,Вінницька область
05,0504,0504023,Теплицька селищна громада,KATOTTG codifier,Вінницька область
05,0504,0504025,Тростянецька селищна громада,KATOTTG codifier,Вінницька область
05,0504,0504027,Чечельницька селищна громада,KATOTTG codifier,Вінницька область
05,0506,0506001,Барська міська громада,KATOTTG codifier,Вінницька область
05,0506,0506003,Джуринська сільська громада,KATOTTG codifier,Вінницька область
05,0506,0506005,Жмеринська міська громада,KATOTTG codifier,Вінницька область
05,0506,0506007,Копайгородська селищна громада,KATOTTG codifier,Вінницька область
05,0506,0506009,Мурафська сільська громада,KATOTTG codifier,Вінницька область
05,0506,0506011,Северинівська сільська громада,KATOTTG codifier,Вінницька область
05,0506,0506013,Станіславчицька сільська громада,KATOTTG codifier,Вінницька область
05,0506,0506015,Шаргородська міська громада,KATOTTG codifier,Вінницька область
05,0508,0508001,Бабчинецька сільська громада,KATOTTG codifier,Вінницька область
05,0508,0508003,Вендичанська селищна громада,KATOTTG codifier,Вінницька область
05,0508,0508005,Могилів-Подільська міська громада,KATOTTG codifier,Вінницька область
05,0508,0508007,Мурованокуриловецька селищна громада,KATOTTG codifier,Вінницька область
05,0508,0508009,Чернівецька селищна громада,KATOTTG codifier,Вінницька область
05,0508,0508011,Ямпільська міська громада,KATOTTG codifier,Вінницька область
05,0508,0508013,Яришівська сільська громада,KATOTTG codifier,Вінницька область
05,0510,0510001,Брацлавська селищна громада,KATOTTG codifier,Вінницька область
05,0510,0510003,Вапнярська селищна громада,KATOTTG codifier,Вінницька область
05,0510,0510005,Городківська сільська громада,KATOTTG codifier,Вінницька область
05,0510,0510007,Крижопільська селищна громада,KATOTTG codifier,Вінницька область
05,0510,0510009,Піщанська селищна громада,KATOTTG codifier,Вінницька область
05,0510,0510011,Студенянська сільська громада,KATOTTG codifier,Вінницька область
05,0510,0510013,Томашпільська селищна громада,KATOTTG codifier,Вінницька область
05,0510,0510015,Тульчинська міська громада,KATOTTG codifier,Вінницька область
05,0510,0510017,Шпиківська селищна громада,KATOTTG codifier,Вінницька область
05,0512,0512001,Глуховецька селищна громада,KATOTTG codifier,Вінницька область
05,0512,0512003,Жданівська сільська громада,KATOTTG codifier,Вінницька область
05,0512,0512005,Іванівська сільська громада,KATOTTG codifier,Вінницька область
05,0512,0512007,Калинівська міська громада,KATOTTG codifier,Вінницька область
05,0512,0512009,Козятинська міська громада,KATOTTG codifier,Вінницька область
05,0512,0512011,Махнівська сільська громада,KATOTTG codifier,Вінницька область
05,0512,0512013,Самгородоцька сільська громада,KATOTTG codifier,Вінницька область
05,0512,0512015,Уланівська сільська громада,KATOTTG codifier,Вінницька область
05,0512,0512017,Хмільницька міська громада,KATOTTG codifier,Вінницька область
07,0702,0702001,Володимирська міська територіальна громада,KATOTTG codifier,Волинська область
07,0702,0702003,Затурцівська сільська громада,KATOTTG codifier,Волинська область
07,0702,0702005,Зимнівська сільська громада,KATOTTG codifier,Волинська область
07,0702,0702007,Іваничівська селищна громада,KATOTTG codifier,Волинська область
07,0702,0702009,Литовезька сільська громада,KATOTTG codifier,Волинська область
07,0702,0702011,Локачинська селищна громада,KATOTTG codifier,Волинська область
07,0702,0702013,Нововолинська міська громада,KATOTTG codifier,Волинська область
07,0702,0702015,Оваднівська сільська громада,KATOTTG codifier,Волинська область
07,0702,0702017,Павлівська сільська громада,KATOTTG codifier,Волинська область
07,0702,0702019,Поромівська сільська громада,KATOTTG codifier,Волинська область
07,0702,0702021,Устилузька міська громада,KATOTTG codifier,Волинська область
07,0704,0704001,Камінь-Каширська міська громада,KATOTTG codifier,Волинська область
07,0704,0704003,Любешівська селищна громада,KATOTTG codifier,Волинська область
07,0704,0704005,Маневицька селищна громада,KATOTTG codifier,Волинська область
07,0704,0704007,Прилісненська сільська громада,KATOTTG codifier,Волинська область
07,0704,0704009,Сошичненська сільська громада,KATOTTG codifier,Волинська область
07,0706,0706001,Велимченська сільська громада,KATOTTG codifier,Волинська область
07,0706,0706003,Велицька сільська громада,KATOTTG codifier,Волинська область
07,0706,0706005,Вишнівська сільська громада,KATOTTG codifier,Волинська область
07,0706,0706007,Голобська селищна громада,KATOTTG codifier,Волинська область
07,0706,0706009,Головненська селищна громада,KATOTTG codifier,Волинська область
07,0706,0706011,Дубечненська сільська громада,KATOTTG codifier,Волинська область
07,0706,0706013,Дубівська сільська громада,KATOTTG codifier,Волинська область
07,0706,0706015,Заболоттівська селищна громада,KATOTTG codifier,Волинська область
07,0706,0706017,Забродівська сільська громада,KATOTTG codifier,Волинська область
07,0706,0706019,Ковельська міська громада,KATOTTG codifier,Волинська область
07,0706,0706021,Колодяжненська сільська громада,KATOTTG codifier,Волинська область
07,0706,0706023,Луківська селищна громада,KATOTTG codifier,Волинська область
07,0706,0706025,Люблинецька селищна громада,KATOTTG codifier,Волинська область
07,0706,0706027,Любомльська міська громада,KATOTTG codifier,Волинська область
07,0706,0706029,Поворська сільська громада,KATOTTG codifier,Волинська область
07,0706,0706031,Ратнівська селищна громада,KATOTTG codifier,Волинська область
07,0706,0706033,Рівненська сільська громада,KATOTTG codifier,Волинська область
07,0706,0706035,Самарівська сільська громада,KATOTTG codifier,Волинська область
07,0706,0706037,Сереховичівська сільська громада,KATOTTG codifier,Волинська область
07,0706,0706039,Смідинська сільська громада,KATOTTG codifier,Волинська область
07,0706,0706041,Старовижівська селищна громада,KATOTTG codifier,Волинська область
07,0706,0706043,Турійська селищна громада,KATOTTG codifier,Волинська область
07,0706,0706045,Шацька селищна громада,KATOTTG codifier,Волинська область
07,0708,0708001,Берестечківська міська громада,KATOTTG codifier,Волинська область
07,0708,0708003,Боратинська сільська громада,KATOTTG codifier,Волинська область
07,0708,0708005,Городищенська сільська громада,KATOTTG codifier,Волинська область
07,0708,0708007,Горохівська міська громада,KATOTTG codifier,Волинська область
07,0708,0708009,Доросинівська сільська громада,KATOTTG codifier,Волинська область
07,0708,0708011,Ківерцівська міська громада,KATOTTG codifier,Волинська область
07,0708,0708013,Колківська селищна громада,KATOTTG codifier,Волинська область
07,0708,0708015,Копачівська сільська громада,KATOTTG codifier,Волинська область
07,0708,0708017,Луцька міська громада,KATOTTG codifier,Волинська область
07,0708,0708019,Мар'янівська селищна громада,KATOTTG codifier,Волинська область
07,0708,0708021,Олицька селищна громада,KATOTTG codifier,Волинська область
07,0708,0708023,Підгайцівська сільська громада,KATOTTG codifier,Волинська область
07,0708,0708025,Рожищенська міська громада,KATOTTG codifier,Волинська область
07,0708,0708027,Торчинська селищна громада,KATOTTG codifier,Волинська область
07,0708,0708029,Цуманська селищна громада,KATOTTG codifier,Волинська область
12,1202,1202001,Дніпровська міська громада,KATOTTG codifier,Дніпропетровська область
12,1202,1202003,Китайгородська сільська громада,KATOTTG codifier,Дніпропетровська область
12,1202,1202005,Любимівська сільська громада,KATOTTG codifier,Дніпропетровська область
12,1202,1202007,Ляшківська сільська громада,KATOTTG codifier,Дніпропетровська область
12,1202,1202009,Миколаївська сільська громада,KATOTTG codifier,Дніпропетровська область
12,1202,1202011,Могилівська сільська громада,KATOTTG codifier,Дніпропетровська область
12,1202,1202013,Новоолександрівська сільська громада,KATOTTG codifier,Дніпропетровська область
12,1202,1202015,Новопокровська селищна громада,KATOTTG codifier,Дніпропетровська область
12,1202,1202017,Обухівська селищна громада,KATOTTG codifier,Дніпропетровська область
12,1202,1202019,Петриківська селищна громада,KATOTTG codifier,Дніпропетровська область
12,1202,1202021,Підгородненська міська громада,KATOTTG codifier,Дніпропетровська область
12,1202,1202023,Святовасилівська сільська громада,KATOTTG codifier,Дніпропетровська область
12,1202,1202025,Слобожанська селищна громада,KATOTTG codifier,Дніпропетровська область
12,1202,1202027,Солонянська селищна громада,KATOTTG codifier,Дніпропетровська область
12,1202,1202029,Сурсько-Литовська сільська громада,KATOTTG codifier,Дніпропетровська область
12,1202,1202031,Царичанська селищна громада,KATOTTG codifier,Дніпропетровська область
12,1202,1202033,Чумаківська сільська громада,KATOTTG codifier,Дніпропетровська область
12,1204,1204001,Божедарівська селищна громада,KATOTTG codifier,Дніпропетровська область
12,1204,1204003,Верхівцівська міська громада,KATOTTG codifier,Дніпропетровська область
12,1204,1204005,Верхньодніпровська міська громада,KATOTTG codifier,Дніпропетровська область
12,1204,1204007,Вишневе,centre settlement,Дніпропетровська область
12,1204,1204009,Вільногірська міська громада,KATOTTG codifier,Дніпропетровська область
12,1204,1204011,Жовтоводська міська громада,KATOTTG codifier,Дніпропетровська область
12,1204,1204013,Затишнянська сільська громада,KATOTTG codifier,Дніпропетровська область
12,1204,1204015,Кам'янська міська громада,KATOTTG codifier,Дніпропетровська область
12,1204,1204017,Криничанська селищна громада,KATOTTG codifier,Дніпропетровська область
12,1204,1204019,Лихівська селищна громада,KATOTTG codifier,Дніпропетровська область
12,1204,1204021,П'ятихатська міська громада,KATOTTG codifier,Дніпропетровська область
12,1204,1204023,Саксаганська сільська громада,KATOTTG codifier,Дніпропетровська область
12,1206,1206001,Апостолівська міська громада,KATOTTG codifier,Дніпропетровська область
12,1206,1206003,Вакулівська сільська громада,KATOTTG codifier,Дніпропетровська область
12,1206,1206005,Глеюватська сільська громада,KATOTTG codifier,Дніпропетровська область
12,1206,1206007,Гречаноподівська сільська громада,KATOTTG codifier,Дніпропетровська область
12,1206,1206009,Грушівська сільська громада,KATOTTG codifier,Дніпропетровська область
12,1206,1206011,Девладівська сільська громада,KATOTTG codifier,Дніпропетровська область
12,1206,1206013,Зеленодольська міська громада,KATOTTG codifier,Дніпропетровська область
12,1206,1206015,Карпівська сільська громада,KATOTTG codifier,Дніпропетровська область
12,1206,1206017,Криворізька міська громада,KATOTTG codifier,Дніпропетровська область
12,1206,1206019,Лозуватська сільська громада,KATOTTG codifier,Дніпропетровська область
12,1206,1206021,Нивотрудівська сільська громада,KATOTTG codifier,Дніпропетровська область
12,1206,1206023,Новолатівська сільська громада,KATOTTG codifier,Дніпропетровська область
12,1206,1206025,Новопільська сільська громада,KATOTTG codifier,Дніпропетровська область
12,1206,1206027,Софіївська селищна громада,KATOTTG codifier,Дніпропетровська область
12,1206,1206029,Широківська селищна громада,KATOTTG codifier,Дніпропетровська область
12,1208,1208001,Марганецька міська громада,KATOTTG codifier,Дніпропетровська область
12,1208,1208003,Мирівська сільська громада,KATOTTG codifier,Дніпропетровська область
12,1208,1208005,Нікопольська міська громада,KATOTTG codifier,Дніпропетровська область
12,1208,1208007,Першотравневська сільська громада,KATOTTG codifier,Дніпропетровська область
12,1208,1208009,Покровська міська громада,KATOTTG codifier,Дніпропетровська область
12,1208,1208011,Покровська сільська громада,KATOTTG codifier,Дніпропетровська область
12,1208,1208013,Томаківська селищна громада,KATOTTG codifier,Дніпропетровська область
12,1208,1208015,Червоногригорівська селищна громада,KATOTTG codifier,Дніпропетровська область
12,1210,1210001,Губиниська селищна громада,KATOTTG codifier,Дніпропетровська область
12,1210,1210003,Личківська сільська громада,KATOTTG codifier,Дніпропетровська область
12,1210,1210005,Магдалинівська селищна громада,KATOTTG codifier,Дніпропетровська область
12,1210,1210007,Самарівська міська громада,KATOTTG codifier,Дніпропетровська область
12,1210,1210009,Перещепинська міська громада,KATOTTG codifier,Дніпропетровська область
12,1210,1210011,Піщанська сільська громада,KATOTTG codifier,Дніпропетровська область
12,1210,1210013,Черкаська селищна громада,KATOTTG codifier,Дніпропетровська область
12,1210,1210015,Чернеччинська сільська громада,KATOTTG codifier,Дніпропетровська область
12,1212,1212001,Богданівська сільська об'єднана територіальна громада,KATOTTG codifier,Дніпропетровська область
12,1212,1212003,Вербківська сільська громада,KATOTTG codifier,Дніпропетровська область
12,1212,1212005,Межиріцька сільська громада,KATOTTG codifier,Дніпропетровська область
12,1212,1212007,Павлоградська міська громада,KATOTTG codifier,Дніпропетровська область
12,1212,1212009,Тернівка,centre settlement,Дніпропетровська область
12,1212,1212011,Троїцька сільська громада,KATOTTG codifier,Дніпропетровська область
12,1212,1212013,Юр’ївка,centre settlement,Дніпропетровська область
12,1214,1214001,Брагинівська сільська рада,KATOTTG codifier,Дніпропетровська область
12,1214,1214003,Васильківська селищна громада,KATOTTG codifier,Дніпропетровська область
12,1214,1214005,Великомихайлівська сільська громада,KATOTTG codifier,Дніпропетровська область
12,1214,1214007,Миколаївська сільська рада,KATOTTG codifier,Дніпропетровська область
12,1214,1214009,Зайцеве,centre settlement,Дніпропетровська область
12,1214,1214011,Іларіонове,centre settlement,Дніпропетровська область
12,1214,1214013,Маломихайлівська сільська територіальна громада,own level-3 row,Дніпропетровська область
12,1214,1214015,Межівська селищна територіальна громада,own level-3 row,Дніпропетровська область
12,1214,1214017,Миколаївська сільська громада,KATOTTG codifier,Дніпропетровська область
12,1214,1214019,Новопавлівська сільська рада,KATOTTG codifier,Дніпропетровська область
12,1214,1214021,Першотравенська міська громада,KATOTTG codifier,Дніпропетровська область
12,1214,1214023,Петропавлівка,centre settlement,Дніпропетровська область
12,1214,1214025,Покровська селищна територіальна громада,own level-3 row,Дніпропетровська область
12,1214,1214027,Раївка,centre settlement,Дніпропетровська область
12,1214,1214029,Роздори,centre settlement,Дніпропетровська область
12,1214,1214031,Синельниківська міська громада,KATOTTG codifier,Дніпропетровська область
12,1214,1214033,Славгород,centre settlement,Дніпропетровська область
12,1214,1214035,Слов'янська сільська рада,KATOTTG codifier,Дніпропетровська область
12,1214,1214037,Українська сільська громада,KATOTTG codifier,Дніпропетровська область
14,1402,1402001,Бахмутська міська громада,KATOTTG codifier,Донецька область
14,1402,1402003,Званівська сільська громада,KATOTTG codifier,Донецька область
14,1402,1402005,Світлодарська міська громада,KATOTTG codifier,Донецька область
14,1402,1402007,Сіверська міська громада,KATOTTG codifier,Донецька область
14,1402,1402009,Соледарська міська громада,KATOTTG codifier,Донецька область
14,1402,1402011,Торецька міська громада,KATOTTG codifier,Донецька область
14,1402,1402013,Часовоярська міська громада,KATOTTG codifier,Донецька область
14,1404,1404001,Великоновосілківська селищна громада,KATOTTG codifier,Донецька область
14,1404,1404003,Волноваська міська громада,KATOTTG codifier,Донецька область
14,1404,1404005,Вугледарська міська громада,KATOTTG codifier,Донецька область
14,1404,1404007,Комарська сільська громада,KATOTTG codifier,Донецька область
14,1404,1404009,Мирненська селищна громада,KATOTTG codifier,Донецька область
14,1404,1404011,Ольгинська селищна громада,KATOTTG codifier,Донецька область
14,1404,1404013,Старомлинівська сільська громада,KATOTTG codifier,Донецька область
14,1404,1404015,Хлібодарівська сільська громада,KATOTTG codifier,Донецька область
14,1406,1406001,Вуглегірська міська громада,KATOTTG codifier,Донецька область
14,1406,1406003,Горлівська міська громада,KATOTTG codifier,Донецька область
14,1406,1406005,Дебальцівська міська громада,KATOTTG codifier,Донецька область
14,1406,1406007,Єнакієвська міська громада,KATOTTG codifier,Донецька область
14,1406,1406009,Жданівська міська громада,KATOTTG codifier,Донецька область
14,1406,1406011,Сніжнянська міська громада,KATOTTG codifier,Донецька область
14,1406,1406013,Хрестівська міська громада,KATOTTG codifier,Донецька область
14,1406,1406015,Чистяківська міська громада,KATOTTG codifier,Донецька область
14,1406,1406017,Шахтарська міська громада,KATOTTG codifier,Донецька область
14,1408,1408001,Амвросіївка,centre settlement,Донецька область
14,1408,1408003,Донецька міська громада,KATOTTG codifier,Донецька область
14,1408,1408005,Іловайськ,centre settlement,Донецька область
14,1408,1408007,Макіївська міська громада,KATOTTG codifier,Донецька область
14,1408,1408009,Харцизьк,centre settlement,Донецька область
14,1408,1408011,Ясинувата,centre settlement,Донецька область
14,1410,1410001,Бойківське,centre settlement,Донецька область
14,1410,1410003,Докучаєвськ,centre settlement,Донецька область
14,1410,1410005,Кальміуське,centre settlement,Донецька область
14,1410,1410007,Новоазовськ,centre settlement,Донецька область
14,1410,1410009,Старобешеве,centre settlement,Донецька область
14,1412,1412001,Андріївська сільська громада,KATOTTG codifier,Донецька область
14,1412,1412003,Дружківська міська громада,KATOTTG codifier,Донецька область
14,1412,1412005,Іллінівська сільська громада,KATOTTG codifier,Донецька область
14,1412,1412007,Костянтинівська міська громада,KATOTTG codifier,Донецька область
14,1412,1412009,Краматорська міська громада,KATOTTG codifier,Донецька область
14,1412,1412011,Лиманська міська громада,KATOTTG codifier,Донецька область
14,1412,1412013,Миколаївська міська громада,KATOTTG codifier,Донецька область
14,1412,1412015,Новодонецька селищна громада,KATOTTG codifier,Донецька область
14,1412,1412017,Олександрівська селищна громада,KATOTTG codifier,Донецька область
14,1412,1412019,Святогірська міська громада,KATOTTG codifier,Донецька область
14,1412,1412021,Слов'янська міська громада,KATOTTG codifier,Донецька область
14,1412,1412023,Черкаська селищна громада,KATOTTG codifier,Донецька область
14,1414,1414001,Кальчицька сільська громада,KATOTTG codifier,Донецька область
14,1414,1414003,Мангуська селищна громада,KATOTTG codifier,Донецька область
14,1414,1414005,Маріупольська міська громада,KATOTTG codifier,Донецька область
14,1414,1414007,Микільська селищна громада,KATOTTG codifier,Донецька область
14,1414,1414009,Сартанська селищна громада,KATOTTG codifier,Донецька область
14,1416,1416001,Авдіївська міська громада,KATOTTG codifier,Донецька область
14,1416,1416003,Білозерська міська громада,KATOTTG codifier,Донецька область
14,1416,1416005,Гродівська селищна громада,KATOTTG codifier,Донецька область
14,1416,1416007,Добропільська міська громада,KATOTTG codifier,Донецька область
14,1416,1416009,Криворізька сільська громада,KATOTTG codifier,Донецька область
14,1416,1416011,Курахівська міська громада,KATOTTG codifier,Донецька область
14,1416,1416013,Мар'їнська міська громада,KATOTTG codifier,Донецька область
14,1416,1416015,Мирноградська міська громада,KATOTTG codifier,Донецька область
14,1416,1416017,Новогродівська міська громада,KATOTTG codifier,Донецька область
14,1416,1416019,Очеретинська селищна громада,KATOTTG codifier,Донецька область
14,1416,1416021,Покровська міська громада,KATOTTG codifier,Донецька область
14,1416,1416023,Селидівська міська громада,KATOTTG codifier,Донецька область
14,1416,1416025,Удачненська селищна громада,KATOTTG codifier,Донецька область
14,1416,1416027,Шахівська сільська громада,KATOTTG codifier,Донецька область
18,1802,1802001,Андрушівська міська громада,KATOTTG codifier,Житомирська область
18,1802,1802003,Бердичівська міська громада,KATOTTG codifier,Житомирська область
18,1802,1802005,Вчорайшенська сільська громада,KATOTTG codifier,Житомирська область
18,1802,1802007,Гришковецька селищна громада,KATOTTG codifier,Житомирська область
18,1802,1802009,Краснопільська сільська громада,KATOTTG codifier,Житомирська область
18,1802,1802011,Райгородоцька сільська громада,KATOTTG codifier,Житомирська область
18,1802,1802013,Ружинська селищна громада,KATOTTG codifier,Житомирська область
18,1802,1802015,Семенівська сільська громада,KATOTTG codifier,Житомирська область
18,1802,1802017,Червоненська селищна громада,KATOTTG codifier,Житомирська область
18,1802,1802019,Швайківська сільська громада,KATOTTG codifier,Житомирська область
18,1804,1804001,Андрушківська сільська громада,KATOTTG codifier,Житомирська область
18,1804,1804003,Березівська сільська громада,KATOTTG codifier,Житомирська область
18,1804,1804005,Брусилівська селищна громада,KATOTTG codifier,Житомирська область
18,1804,1804007,Високівська сільська громада,KATOTTG codifier,Житомирська область
18,1804,1804009,Вишевицька сільська громада,KATOTTG codifier,Житомирська область
18,1804,1804011,Вільшанська сільська громада,KATOTTG codifier,Житомирська область
18,1804,1804013,Волицька сільська громада,KATOTTG codifier,Житомирська область
18,1804,1804015,Глибочицька сільська громада,KATOTTG codifier,Житомирська область
18,1804,1804017,Городоцька селищна громада,KATOTTG codifier,Житомирська область
18,1804,1804019,Житомирська міська громада,KATOTTG codifier,Житомирська область
18,1804,1804021,Квітнева сільська громада,KATOTTG codifier,Житомирська область
18,1804,1804023,Корнинська селищна громада,KATOTTG codifier,Житомирська область
18,1804,1804025,Коростишівська міська громада,KATOTTG codifier,Житомирська область
18,1804,1804027,Курненська сільська громада,KATOTTG codifier,Житомирська область
18,1804,1804029,Любарська селищна громада,KATOTTG codifier,Житомирська область
18,1804,1804031,Миропільська селищна громада,KATOTTG codifier,Житомирська область
18,1804,1804033,Новоборівська селищна громада,KATOTTG codifier,Житомирська область
18,1804,1804035,Новогуйвинська селищна громада,KATOTTG codifier,Житомирська область
18,1804,1804037,Оліївська сільська громада,KATOTTG codifier,Житомирська область
18,1804,1804039,Попільнянська селищна громада,KATOTTG codifier,Житомирська область
18,1804,1804041,Потіївська сільська громада,KATOTTG codifier,Житомирська область
18,1804,1804043,Пулинська селищна громада,KATOTTG codifier,Житомирська область
18,1804,1804045,Радомишльська міська громада,KATOTTG codifier,Житомирська область
18,1804,1804047,Романівська селищна громада,KATOTTG codifier,Житомирська область
18,1804,1804049,Станишівська територіальна громада,KATOTTG codifier,Житомирська область
18,1804,1804051,Старосілецька сільська громада,KATOTTG codifier,Житомирська область
18,1804,1804053,Тетерівська сільська громада,KATOTTG codifier,Житомирська область
18,1804,1804055,Харитонівська сільська громада,KATOTTG codifier,Житомирська область
18,1804,1804057,Хорошівська селищна громада,KATOTTG codifier,Житомирська область
18,1804,1804059,Черняхівська селищна громада,KATOTTG codifier,Житомирська область
18,1804,1804061,Чуднівська міська громада,KATOTTG codifier,Житомирська область
18,1806,1806001,Білокоровицька сільська громада,KATOTTG codifier,Житомирська область
18,1806,1806003,Гладковицька сільська громада,KATOTTG codifier,Житомирська область
18,1806,1806005,Горщиківська сільська громада,KATOTTG codifier,Житомирська область
18,1806,1806007,Іршанська селищна громада,KATOTTG codifier,Житомирська область
18,1806,1806009,Коростенська міська громада,KATOTTG codifier,Житомирська область
18,1806,1806011,Лугинська селищна громада,KATOTTG codifier,Житомирська область
18,1806,1806013,Малинська міська громада,KATOTTG codifier,Житомирська область
18,1806,1806015,Народицька селищна громада,KATOTTG codifier,Житомирська область
18,1806,1806017,Овруцька міська громада,KATOTTG codifier,Житомирська область
18,1806,1806019,Олевська міська громада,KATOTTG codifier,Житомирська область
18,1806,1806021,Словечанська сільська громада,KATOTTG codifier,Житомирська область
18,1806,1806023,Ушомирська сільська громада,KATOTTG codifier,Житомирська область
18,1806,1806025,Чоповицька селищна громада,KATOTTG codifier,Житомирська область
18,1808,1808001,Баранівська міська громада,KATOTTG codifier,Житомирська область
18,1808,1808003,Барашівська сільська громада,KATOTTG codifier,Житомирська область
18,1808,1808005,Брониківська сільська громада,KATOTTG codifier,Житомирська область
18,1808,1808007,Городницька селищна громада,KATOTTG codifier,Житомирська область
18,1808,1808009,Довбиська селищна громада,KATOTTG codifier,Житомирська область
18,1808,1808011,Дубрівська сільська громада,KATOTTG codifier,Житомирська область
18,1808,1808013,Ємільчинська селищна громада,KATOTTG codifier,Житомирська область
18,1808,1808015,Звягельська міська громада,KATOTTG codifier,Житомирська область
18,1808,1808017,Піщівська сільська громада,KATOTTG codifier,Житомирська область
18,1808,1808019,Стриївська сільська громада,KATOTTG codifier,Житомирська область
18,1808,1808021,Чижівська сільська громада,KATOTTG codifier,Житомирська область
18,1808,1808023,Ярунська територіальна громада,KATOTTG codifier,Житомирська область
21,2102,2102001,Батівська селищна громада,KATOTTG codifier,Закарпатська область
21,2102,2102003,Берегівська міська громада,KATOTTG codifier,Закарпатська область
21,2102,2102005,Великоберезька сільська громада,KATOTTG codifier,Закарпатська область
21,2102,2102007,Великобийганська сільська громада,KATOTTG codifier,Закарпатська область
21,2102,2102009,Вилоцька селищна громада,KATOTTG codifier,Закарпатська область
21,2102,2102011,Виноградівська міська громада,KATOTTG codifier,Закарпатська область
21,2102,2102013,Кам'янська сільська громада,KATOTTG codifier,Закарпатська область
21,2102,2102015,Королівська селищна громада,KATOTTG codifier,Закарпатська область
21,2102,2102017,Косоньська сільська громада,KATOTTG codifier,Закарпатська область
21,2102,2102019,Пийтерфолвівська сільська громада,KATOTTG codifier,Закарпатська область
21,2104,2104001,Великолучківська сільська громада,KATOTTG codifier,Закарпатська область
21,2104,2104003,Верхньокоропецька сільська громада,KATOTTG codifier,Закарпатська область
21,2104,2104005,Воловецька селищна громада,KATOTTG codifier,Закарпатська область
21,2104,2104007,Горондівська сільська громада,KATOTTG codifier,Закарпатська область
21,2104,2104009,Жденіївська селищна громада,KATOTTG codifier,Закарпатська область
21,2104,2104011,Івановецька сільська громада,KATOTTG codifier,Закарпатська область
21,2104,2104013,Кольчинська селищна громада,KATOTTG codifier,Закарпатська область
21,2104,2104015,Мукачівська міська громада,KATOTTG codifier,Закарпатська область
21,2104,2104017,Неліпинська сільська громада,KATOTTG codifier,Закарпатська область
21,2104,2104019,Нижньоворітська сільська громада,KATOTTG codifier,Закарпатська область
21,2104,2104021,Полянська сільська громада,KATOTTG codifier,Закарпатська область
21,2104,2104023,Свалявська міська громада,KATOTTG codifier,Закарпатська область
21,2104,2104025,Чинадіївська селищна громада,KATOTTG codifier,Закарпатська область
21,2106,2106001,Богданська сільська громада,KATOTTG codifier,Закарпатська область
21,2106,2106003,Великобичківська селищна громада,KATOTTG codifier,Закарпатська область
21,2106,2106005,Рахівська міська громада,KATOTTG codifier,Закарпатська область
21,2106,2106007,Ясінянська селищна громада,KATOTTG codifier,Закарпатська область
21,2108,2108001,Бедевлянська сільська громада,KATOTTG codifier,Закарпатська область
21,2108,2108003,Буштинська селищна громада,KATOTTG codifier,Закарпатська область
21,2108,2108005,Вільховецька сільська громада,KATOTTG codifier,Закарпатська область
21,2108,2108007,Дубівська селищна громада,KATOTTG codifier,Закарпатська область
21,2108,2108009,Нересницька сільська громада,KATOTTG codifier,Закарпатська область
21,2108,2108011,Солотвинська селищна громада,KATOTTG codifier,Закарпатська область
21,2108,2108013,Тересвянська селищна громада,KATOTTG codifier,Закарпатська область
21,2108,2108015,Тячівська міська громада,KATOTTG codifier,Закарпатська область
21,2108,2108017,Углянська сільська громада,KATOTTG codifier,Закарпатська область
21,2108,2108019,Усть-Чорнянська селищна громада,KATOTTG codifier,Закарпатська область
21,2110,2110001,Баранинська сільська громада,KATOTTG codifier,Закарпатська область
21,2110,2110003,Великоберезнянська селищна громада,KATOTTG codifier,Закарпатська область
21,2110,2110005,Великодобронська сільська громада,KATOTTG codifier,Закарпатська область
21,2110,2110007,Дубриницько-Малоберезнянська сільська громада,KATOTTG codifier,Закарпатська область
21,2110,2110009,Костринська сільська громада,KATOTTG codifier,Закарпатська область
21,2110,2110011,Оноківська сільська громада,KATOTTG codifier,Закарпатська область
21,2110,2110013,Перечинська міська громада,KATOTTG codifier,Закарпатська область
21,2110,2110015,Середнянська селищна громада,KATOTTG codifier,Закарпатська область
21,2110,2110017,Ставненська сільська громада,KATOTTG codifier,Закарпатська область
21,2110,2110019,Сюртівська сільська громада,KATOTTG codifier,Закарпатська область
21,2110,2110021,Тур'є-Реметівська сільська громада,KATOTTG codifier,Закарпатська область
21,2110,2110023,Ужгородська міська громада,KATOTTG codifier,Закарпатська область
21,2110,2110025,Холмківська сільська громада,KATOTTG codifier,Закарпатська область
21,2110,2110027,Чопська міська громада,KATOTTG codifier,Закарпатська область
21,2112,2112001,Білківська сільська громада,KATOTTG codifier,Закарпатська область
21,2112,2112003,Вишківська селищна громада,KATOTTG codifier,Закарпатська область
21,2112,2112005,Горінчівська сільська громада,KATOTTG codifier,Закарпатська область
21,2112,2112007,Довжанська сільська громада,KATOTTG codifier,Закарпатська область
21,2112,2112009,Драгівська сільська громада,KATOTTG codifier,Закарпатська область
21,2112,2112011,Зарічанська сільська громада,KATOTTG codifier,Закарпатська область
21,2112,2112013,Іршавська міська громада,KATOTTG codifier,Закарпатська область
21,2112,2112015,Керецьківська сільська громада,KATOTTG codifier,Закарпатська область
21,2112,2112017,Колочавська сільська громада,KATOTTG codifier,Закарпатська область
21,2112,2112019,Міжгірська селищна громада,KATOTTG codifier,Закарпатська область
21,2112,2112021,Пилипецька сільська громада,KATOTTG codifier,Закарпатська область
21,2112,2112023,Синевирська сільська громада,KATOTTG codifier,Закарпатська область
21,2112,2112025,Хустська міська громада,KATOTTG codifier,Закарпатська область
23,2302,2302001,Андрівська сільська громада,KATOTTG codifier,Запорізька область
23,2302,2302003,Андріївська селищна громада,KATOTTG codifier,Запорізька область
23,2302,2302005,Бердянська міська громада,KATOTTG codifier,Запорізька область
23,2302,2302007,Берестівська сільська громада,KATOTTG codifier,Запорізька область
23,2302,2302009,Коларівська сільська громада,KATOTTG codifier,Запорізька область
23,2302,2302011,Осипенківська сільська громада,KATOTTG codifier,Запорізька область
23,2302,2302013,Приморська міська громада,KATOTTG codifier,Запорізька область
23,2302,2302015,Чернігівська селищна громада,KATOTTG codifier,Запорізька область
23,2304,2304001,Благовіщенська сільська громада,KATOTTG codifier,Запорізька область
23,2304,2304003,Василівська міська громада,KATOTTG codifier,Запорізька область
23,2304,2304005,Великобілозерська сільська громада,KATOTTG codifier,Запорізька область
23,2304,2304007,Водянська сільська громада,KATOTTG codifier,Запорізька область
23,2304,2304009,Дніпрорудненська міська громада,KATOTTG codifier,Запорізька область
23,2304,2304011,Енергодарська міська громада,KATOTTG codifier,Запорізька область
23,2304,2304013,Кам'янсько-Дніпровська міська громада,KATOTTG codifier,Запорізька область
23,2304,2304015,Малобілозерська сільська громада,KATOTTG codifier,Запорізька область
23,2304,2304017,Михайлівська селищна громада,KATOTTG codifier,Запорізька область
23,2304,2304019,Роздольська сільська громада,KATOTTG codifier,Запорізька область
23,2304,2304021,Степногірська селищна громада,KATOTTG codifier,Запорізька область
23,2306,2306001,Біленьківська сільська громада,KATOTTG codifier,Запорізька область
23,2306,2306003,Вільнянська міська громада,KATOTTG codifier,Запорізька область
23,2306,2306005,Долинська сільська громада,KATOTTG codifier,Запорізька область
23,2306,2306007,Запорізька міська громада,KATOTTG codifier,Запорізька область
23,2306,2306009,Комишуваська селищна громада,KATOTTG codifier,Запорізька область
23,2306,2306011,Кушугумська селищна громада,KATOTTG codifier,Запорізька область
23,2306,2306013,Матвіївська сільська громада,KATOTTG codifier,Запорізька область
23,2306,2306015,Михайлівська сільська громада,KATOTTG codifier,Запорізька область
23,2306,2306017,Михайло-Лукашівська сільська громада,KATOTTG codifier,Запорізька область
23,2306,2306019,Новомиколаївська селищна громада,KATOTTG codifier,Запорізька область
23,2306,2306021,Новоолександрівська сільська громада,KATOTTG codifier,Запорізька область
23,2306,2306023,Павлівська сільська громада,KATOTTG codifier,Запорізька область
23,2306,2306025,Петро-Михайлівська сільська громада,KATOTTG codifier,Запорізька область
23,2306,2306027,Степненська сільська громада,KATOTTG codifier,Запорізька область
23,2306,2306029,Таврійська сільська громада,KATOTTG codifier,Запорізька область
23,2306,2306031,Тернуватська селищна громада,KATOTTG codifier,Запорізька область
23,2306,2306033,Широківська сільська громада,KATOTTG codifier,Запорізька область
23,2308,2308001,Веселівська селищна громада,KATOTTG codifier,Запорізька область
23,2308,2308003,Кирилівська селищна громада,KATOTTG codifier,Запорізька область
23,2308,2308005,Костянтинівська сільська громада,KATOTTG codifier,Запорізька область
23,2308,2308007,Мелітопольська міська громада,KATOTTG codifier,Запорізька область
23,2308,2308009,Мирненська селищна громада,KATOTTG codifier,Запорізька область
23,2308,2308011,Новенська сільська громада,KATOTTG codifier,Запорізька область
23,2308,2308013,Новобогданівська сільська громада,KATOTTG codifier,Запорізька область
23,2308,2308015,Нововасилівська селищна громада,KATOTTG codifier,Запорізька область
23,2308,2308017,Новоуспенівська сільська громада,KATOTTG codifier,Запорізька область
23,2308,2308019,Олександрівська сільська громада,KATOTTG codifier,Запорізька область
23,2308,2308021,Плодородненська сільська громада,KATOTTG codifier,Запорізька область
23,2308,2308023,Приазовська селищна громада,KATOTTG codifier,Запорізька область
23,2308,2308025,Семенівська сільська громада,KATOTTG codifier,Запорізька область
23,2308,2308027,Терпіннівська сільська громада,KATOTTG codifier,Запорізька область
23,2308,2308029,Чкаловська сільська громада,KATOTTG codifier,Запорізька область
23,2308,2308031,Якимівська селищна громада,KATOTTG codifier,Запорізька область
23,2310,2310001,Більмацька селищна громада,KATOTTG codifier,Запорізька область
23,2310,2310003,Воздвижівська сільська громада,KATOTTG codifier,Запорізька область
23,2310,2310005,Воскресенська сільська громада,KATOTTG codifier,Запорізька область
23,2310,2310007,Гуляйпільська міська громада,KATOTTG codifier,Запорізька область
23,2310,2310009,Комиш-Зорянська селищна громада,KATOTTG codifier,Запорізька область
23,2310,2310011,Малинівська сільська громада,KATOTTG codifier,Запорізька область
23,2310,2310013,Малотокмачанська сільська громада,KATOTTG codifier,Запорізька область
23,2310,2310015,Молочанська міська громада,KATOTTG codifier,Запорізька область
23,2310,2310017,Оріхівська міська територіальна громада,KATOTTG codifier,Запорізька область
23,2310,2310019,Пологівська міська громада,KATOTTG codifier,Запорізька область
23,2310,2310021,Преображенська сільська громада,KATOTTG codifier,Запорізька область
23,2310,2310023,Розівська селищна громада,KATOTTG codifier,Запорізька область
23,2310,2310025,Смирновська сільська громада,KATOTTG codifier,Запорізька область
23,2310,2310027,Токмацька міська громада,KATOTTG codifier,Запорізька область
23,2310,2310029,Федорівська сільська громада,KATOTTG codifier,Запорізька область
26,2602,2602001,Білоберізька сільська громада,KATOTTG codifier,Івано-Франківська область
26,2602,2602003,Верховинська селищна громада,KATOTTG codifier,Івано-Франківська область
26,2602,2602005,Зеленська сільська громада,KATOTTG codifier,Івано-Франківська область
26,2604,2604001,Більшівцівська селищна громада,KATOTTG codifier,Івано-Франківська область
26,2604,2604003,Богородчанська селищна громада,KATOTTG codifier,Івано-Франківська область
26,2604,2604005,Букачівська селищна громада,KATOTTG codifier,Івано-Франківська область
26,2604,2604007,Бурштинська міська громада,KATOTTG codifier,Івано-Франківська область
26,2604,2604009,Галицька міська громада,KATOTTG codifier,Івано-Франківська область
26,2604,2604011,Дзвиняцька сільська громада,KATOTTG codifier,Івано-Франківська область
26,2604,2604013,Дубівці,centre settlement,Івано-Франківська область
26,2604,2604015,Єзупільська селищна громада,KATOTTG codifier,Івано-Франківська область
26,2604,2604017,Загвіздянська сільська громада,KATOTTG codifier,Івано-Франківська область
26,2604,2604019,Івано-Франківська міська громада,KATOTTG codifier,Івано-Франківська область
26,2604,2604021,Лисецька селищна громада,KATOTTG codifier,Івано-Франківська область
26,2604,2604023,Обертинська селищна громада,KATOTTG codifier,Івано-Франківська область
26,2604,2604025,Олешанська сільська громада,KATOTTG codifier,Івано-Франківська область
26,2604,2604027,Рогатинська міська громада,KATOTTG codifier,Івано-Франківська область
26,2604,2604029,Солотвинська селищна громада,KATOTTG codifier,Івано-Франківська область
26,2604,2604031,Старобогородчанська сільська громада,KATOTTG codifier,Івано-Франківська область
26,2604,2604033,Тисменицька міська громада,KATOTTG codifier,Івано-Франківська область
26,2604,2604035,Тлумацька міська громада,KATOTTG codifier,Івано-Франківська область
26,2604,2604037,Угринівська сільська громада,KATOTTG codifier,Івано-Франківська область
26,2604,2604039,Ямницька сільська громада,KATOTTG codifier,Івано-Франківська область
26,2606,2606001,Болехівська міська громада,KATOTTG codifier,Івано-Франківська область
26,2606,2606003,Брошнів-Осадська селищна громада,KATOTTG codifier,Івано-Франківська область
26,2606,2606005,Верхнянська сільська громада,KATOTTG codifier,Івано-Франківська область
26,2606,2606007,Вигодська селищна громада,KATOTTG codifier,Івано-Франківська область
26,2606,2606009,Витвицька сільська громада,KATOTTG codifier,Івано-Франківська область
26,2606,2606011,Войнилівська селищна громада,KATOTTG codifier,Івано-Франківська область
26,2606,2606013,Долинська міська громада,KATOTTG codifier,Івано-Франківська область
26,2606,2606015,Дубівська сільська громада,KATOTTG codifier,Івано-Франківська область
26,2606,2606017,Калуська міська громада,KATOTTG codifier,Івано-Франківська область
26,2606,2606019,Новицька сільська громада,KATOTTG codifier,Івано-Франківська область
26,2606,2606021,Перегінська селищна громада,KATOTTG codifier,Івано-Франківська область
26,2606,2606023,Рожнятівська селищна громада,KATOTTG codifier,Івано-Франківська область
26,2606,2606025,Спаська сільська громада,KATOTTG codifier,Івано-Франківська область
26,2608,2608001,Гвіздецька селищна громада,KATOTTG codifier,Івано-Франківська область
26,2608,2608003,Городенківська міська громада,KATOTTG codifier,Івано-Франківська область
26,2608,2608005,Заболотівська селищна громада,KATOTTG codifier,Івано-Франківська область
26,2608,2608007,Коломийська міська територіальна громада,KATOTTG codifier,Івано-Франківська область
26,2608,2608009,Коршівська сільська громада,KATOTTG codifier,Івано-Франківська область
26,2608,2608011,Матеївецька сільська громада,KATOTTG codifier,Івано-Франківська область
26,2608,2608013,Нижньовербізька сільська громада,KATOTTG codifier,Івано-Франківська область
26,2608,2608015,Отинійська селищна громада,KATOTTG codifier,Івано-Франківська область
26,2608,2608017,Печеніжинська селищна громада,KATOTTG codifier,Івано-Франківська область
26,2608,2608019,Підгайчиківська сільська громада,KATOTTG codifier,Івано-Франківська область
26,2608,2608021,П'ядицька сільська громада,KATOTTG codifier,Івано-Франківська область
26,2608,2608023,Снятинська міська громада,KATOTTG codifier,Івано-Франківська область
26,2608,2608025,Чернелицька селищна громада,KATOTTG codifier,Івано-Франківська область
26,2610,2610001,Косівська міська громада,KATOTTG codifier,Івано-Франківська область
26,2610,2610003,Космацька сільська громада,KATOTTG codifier,Івано-Франківська область
26,2610,2610005,Кутська селищна громада,KATOTTG codifier,Івано-Франківська область
26,2610,2610007,Рожнівська сільська громада,KATOTTG codifier,Івано-Франківська область
26,2610,2610009,Яблунівська селищна громада,KATOTTG codifier,Івано-Франківська область
26,2612,2612001,Ворохтянська селищна громада,KATOTTG codifier,Івано-Франківська область
26,2612,2612003,Делятинська селищна громада,KATOTTG codifier,Івано-Франківська область
26,2612,2612005,Ланчинська селищна територіальна громада,KATOTTG codifier,Івано-Франківська область
26,2612,2612007,Надвірнянська міська громада,KATOTTG codifier,Івано-Франківська область
26,2612,2612009,Пасічнянська сільська громада,KATOTTG codifier,Івано-Франківська область
26,2612,2612011,Переріслянська сільська громада,KATOTTG codifier,Івано-Франківська область
26,2612,2612013,Поляницька сільська громада,KATOTTG codifier,Івано-Франківська область
26,2612,2612015,Яремчанська міська громада,KATOTTG codifier,Івано-Франківська область
32,3200,3200000,"Зона відчуження (Прип'ять, Чорнобиль)",oblast-subordinated territory (no raion),Київська область
32,3202,3202001,Білоцерківська міська громада,KATOTTG codifier,Київська область
32,3202,3202003,Володарська селищна громада,KATOTTG codifier,Київська область
32,3202,3202005,Гребінківська селищна громада,KATOTTG codifier,Київська область
32,3202,3202007,Ковалівська сільська громада,KATOTTG codifier,Київська область
32,3202,3202009,Маловільшанська сільська громада,KATOTTG codifier,Київська область
32,3202,3202011,Медвинська сільська громада,KATOTTG codifier,Київська область
32,3202,3202013,Рокитнянська селищна громада,KATOTTG codifier,Київська область
32,3202,3202015,Сквирська міська громада,KATOTTG codifier,Київська область
32,3202,3202017,Ставищенська селищна громада,KATOTTG codifier,Київська область
32,3202,3202019,Таращанська міська громада,KATOTTG codifier,Київська область
32,3202,3202021,Тетіївська міська громада,KATOTTG codifier,Київська область
32,3202,3202023,Узинська міська громада,KATOTTG codifier,Київська область
32,3202,3202025,Фурсівська сільська громада,KATOTTG codifier,Київська область
32,3204,3204001,Бориспільська міська громада,KATOTTG codifier,Київська область
32,3204,3204003,Вороньківська сільська громада,KATOTTG codifier,Київська область
32,3204,3204005,Гірська сільська громада,KATOTTG codifier,Київська область
32,3204,3204007,Дівичківська сільська громада,KATOTTG codifier,Київська область
32,3204,3204009,Золочівська сільська громада,KATOTTG codifier,Київська область
32,3204,3204011,Переяславська міська громада,KATOTTG codifier,Київська область
32,3204,3204013,Пристолична сільська громада,KATOTTG codifier,Київська область
32,3204,3204015,Студениківська сільська громада,KATOTTG codifier,Київська область
32,3204,3204017,Ташанська сільська громада,KATOTTG codifier,Київська область
32,3204,3204019,Циблівська сільська громада,KATOTTG codifier,Київська область
32,3204,3204021,Яготинська міська громада,KATOTTG codifier,Київська область
32,3206,3206001,Баришівська селищна громада,KATOTTG codifier,Київська область
32,3206,3206003,Березанська міська громада,KATOTTG codifier,Київська область
32,3206,3206005,Броварська міська громада,KATOTTG codifier,Київська область
32,3206,3206007,Великодимерська селищна громада,KATOTTG codifier,Київська область
32,3206,3206009,Зазимська сільська громада,KATOTTG codifier,Київська область
32,3206,3206011,Згурівська селищна громада,KATOTTG codifier,Київська область
32,3206,3206013,Калинівка,centre settlement,Київська область
32,3206,3206015,Калитянська селищна громада,KATOTTG codifier,Київська область
32,3208,3208001,Білогородська сільська громада,KATOTTG codifier,Київська область
32,3208,3208003,Бородянська селищна громада,KATOTTG codifier,Київська область
32,3208,3208005,Борщагівська сільська громада,KATOTTG codifier,Київська область
32,3208,3208007,Бучанська міська громада,KATOTTG codifier,Київська область
32,3208,3208009,Вишнева міська громада,KATOTTG codifier,Київська область
32,3208,3208011,Гостомельська селищна громада,KATOTTG codifier,Київська область
32,3208,3208013,Дмитрівська сільська громада,KATOTTG codifier,Київська область
32,3208,3208015,Ірпінська міська громада,KATOTTG codifier,Київська область
32,3208,3208017,Коцюбинська селищна громада,KATOTTG codifier,Київська область
32,3208,3208019,Макарівська селищна громада,KATOTTG codifier,Київська область
32,3208,3208021,Немішаївська селищна громада,KATOTTG codifier,Київська область
32,3208,3208023,Пісківська селищна громада,KATOTTG codifier,Київська область
32,3210,3210001,Вишгородська міська громада,KATOTTG codifier,Київська область
32,3210,3210003,Димерська селищна громада,KATOTTG codifier,Київська область
32,3210,3210005,Іванківська селищна громада,KATOTTG codifier,Київська область
32,3210,3210007,Петрівська сільська громада,KATOTTG codifier,Київська область
32,3210,3210009,Пірнівська сільська громада,KATOTTG codifier,Київська область
32,3210,3210011,Поліська селищна громада,KATOTTG codifier,Київська область
32,3210,3210013,Славутицька міська громада,KATOTTG codifier,Київська область
32,3212,3212001,Богуславська міська громада,KATOTTG codifier,Київська область
32,3212,3212003,Васильківська міська громада,KATOTTG codifier,Київська область
32,3212,3212005,Кагарлицька міська громада,KATOTTG codifier,Київська область
32,3212,3212007,Козинська селищна громада,KATOTTG codifier,Київська область
32,3212,3212009,Миронівська міська громада,KATOTTG codifier,Київська область
32,3212,3212011,Обухів,centre settlement,Київська область
32,3212,3212013,Ржищівська міська громада,KATOTTG codifier,Київська область
32,3212,3212015,Українська міська громада,KATOTTG codifier,Київська область
32,3212,3212017,Феодосіївська сільська громада,KATOTTG codifier,Київська область
32,3214,3214001,Бишівська сільська громада,KATOTTG codifier,Київська область
32,3214,3214003,Боярська міська громада,KATOTTG codifier,Київська область
32,3214,3214005,Гатненська сільська громада,KATOTTG codifier,Київська область
32,3214,3214007,Глеваська селищна громада,KATOTTG codifier,Київська область
32,3214,3214009,Калинівська селищна громада,KATOTTG codifier,Київська область
32,3214,3214011,Кожанська селищна громада,KATOTTG codifier,Київська область
32,3214,3214013,Томашівська сільська громада,KATOTTG codifier,Київська область
32,3214,3214015,Фастівська міська громада,KATOTTG codifier,Київська область
32,3214,3214017,Чабанівська селищна громада,KATOTTG codifier,Київська область
35,3502,3502001,Благовіщенська міська громада,KATOTTG codifier,Кіровоградська область
35,3502,3502003,Вільшанська селищна громада,KATOTTG codifier,Кіровоградська область
35,3502,3502005,Гайворонська міська громада,KATOTTG codifier,Кіровоградська область
35,3502,3502007,Голованівська селищна громада,KATOTTG codifier,Кіровоградська область
35,3502,3502009,Заваллівська селищна громада,KATOTTG codifier,Кіровоградська область
35,3502,3502011,Надлацька сільська громада,KATOTTG codifier,Кіровоградська область
35,3502,3502013,Новоархангельська селищна громада,KATOTTG codifier,Кіровоградська область
35,3502,3502015,Перегонівська сільська громада,KATOTTG codifier,Кіровоградська область
35,3502,3502017,Підвисоцька сільська громада,KATOTTG codifier,Кіровоградська область
35,3502,3502019,Побузька селищна громада,KATOTTG codifier,Кіровоградська область
35,3504,3504001,Аджамська сільська громада,KATOTTG codifier,Кіровоградська область
35,3504,3504003,Бобринецька міська громада,KATOTTG codifier,Кіровоградська область
35,3504,3504005,Великосеверинівська сільська громада,KATOTTG codifier,Кіровоградська область
35,3504,3504007,Гурівська сільська громада,KATOTTG codifier,Кіровоградська область
35,3504,3504009,Дмитрівська сільська громада,KATOTTG codifier,Кіровоградська область
35,3504,3504011,Долинська міська громада,KATOTTG codifier,Кіровоградська область
35,3504,3504013,Знам'янська міська громада,KATOTTG codifier,Кіровоградська область
35,3504,3504015,Катеринівська сільська громада,KATOTTG codifier,Кіровоградська область
35,3504,3504017,Кетрисанівська сільська громада,KATOTTG codifier,Кіровоградська область
35,3504,3504019,Компаніївська селищна громада,KATOTTG codifier,Кіровоградська область
35,3504,3504021,Кропивницька міська громада,KATOTTG codifier,Кіровоградська область
35,3504,3504023,Новгородківська селищна громада,KATOTTG codifier,Кіровоградська область
35,3504,3504025,Олександрівська селищна громада,KATOTTG codifier,Кіровоградська область
35,3504,3504027,Первозванівська сільська громада,KATOTTG codifier,Кіровоградська область
35,3504,3504029,Соколівська сільська громада,KATOTTG codifier,Кіровоградська область
35,3504,3504031,Суботцівська сільська громада,KATOTTG codifier,Кіровоградська область
35,3504,3504033,Устинівка,centre settlement,Кіровоградська область
35,3506,3506001,Ганнівська сільська громада,KATOTTG codifier,Кіровоградська область
35,3506,3506003,Глодоська сільська громада,KATOTTG codifier,Кіровоградська область
35,3506,3506005,Добровеличківська селищна громада,KATOTTG codifier,Кіровоградська область
35,3506,3506007,Злинська сільська громада,KATOTTG codifier,Кіровоградська область
35,3506,3506009,Маловисківська міська громада,KATOTTG codifier,Кіровоградська область
35,3506,3506011,Мар'янівська сільська громада,KATOTTG codifier,Кіровоградська область
35,3506,3506013,Новомиргородська міська громада,KATOTTG codifier,Кіровоградська область
35,3506,3506015,Новоукраїнська міська громада,KATOTTG codifier,Кіровоградська область
35,3506,3506017,Піщанобрідська сільська громада,KATOTTG codifier,Кіровоградська область
35,3506,3506019,Помічнянська міська громада,KATOTTG codifier,Кіровоградська область
35,3506,3506021,Рівнянська сільська громада,KATOTTG codifier,Кіровоградська область
35,3506,3506023,Смолінська селищна громада,KATOTTG codifier,Кіровоградська область
35,3506,3506025,Тишківська сільська громада,KATOTTG codifier,Кіровоградська область
35,3508,3508001,Великоандрусівська сільська громада,KATOTTG codifier,Кіровоградська область
35,3508,3508003,Новопразька селищна громада,KATOTTG codifier,Кіровоградська область
35,3508,3508005,Олександрійська міська громада,KATOTTG codifier,Кіровоградська область
35,3508,3508007,Онуфріївська селищна громада,KATOTTG codifier,Кіровоградська область
35,3508,3508009,Пантаївська селищна громада,KATOTTG codifier,Кіровоградська область
35,3508,3508011,Петрівська селищна громада,KATOTTG codifier,Кіровоградська область
35,3508,3508013,Попельнастівська сільська громада,KATOTTG codifier,Кіровоградська область
35,3508,3508015,Приютівська селищна громада,KATOTTG codifier,Кіровоградська область
35,3508,3508017,Світловодська міська громада,KATOTTG codifier,Кіровоградська область
44,4402,4402001,Алчевська міська громада,KATOTTG codifier,Луганська область
44,4402,4402003,Зимогір’я,centre settlement,Луганська область
44,4402,4402005,Кадіївська міська громада,KATOTTG codifier,Луганська область
44,4404,4404001,Свердловськ,centre settlement,Луганська область
44,4404,4404003,Сорокинська міська громада,KATOTTG codifier,Луганська область
44,4406,4406001,Луганська міська громада,KATOTTG codifier,Луганська область
44,4406,4406003,Лутугинська міська громада,KATOTTG codifier,Луганська область
44,4406,4406005,Отаманівська міська громада,KATOTTG codifier,Луганська область
44,4408,4408001,Антрацит,centre settlement,Луганська область
44,4408,4408003,Ровеньки,centre settlement,Луганська область
44,4408,4408005,Хрустальний,centre settlement,Луганська область
44,4410,4410001,Білокуракинська селищна громада,KATOTTG codifier,Луганська область
44,4410,4410003,Коломийчиська сільська громада,KATOTTG codifier,Луганська область
44,4410,4410005,Красноріченська селищна громада,KATOTTG codifier,Луганська область
44,4410,4410007,Лозно-Олександрівська селищна громада,KATOTTG codifier,Луганська область
44,4410,4410009,Нижньодуванська селищна громада,KATOTTG codifier,Луганська область
44,4410,4410011,Сватівська міська громада,KATOTTG codifier,Луганська область
44,4410,4410013,Троїцька селищна громада,KATOTTG codifier,Луганська область
44,4412,4412001,Гірська міська громада,KATOTTG codifier,Луганська область
44,4412,4412003,Кремінська міська громада,KATOTTG codifier,Луганська область
44,4412,4412005,Лисичанська міська громада,KATOTTG codifier,Луганська область
44,4412,4412007,Попаснянська міська громада,KATOTTG codifier,Луганська область
44,4412,4412009,Рубіжанська міська громада,KATOTTG codifier,Луганська область
44,4412,4412011,Сіверськодонецька міська громада,KATOTTG codifier,Луганська область
44,4414,4414001,Біловодська селищна громада,KATOTTG codifier,Луганська область
44,4414,4414003,Білолуцька селищна громада,KATOTTG codifier,Луганська область
44,4414,4414005,Марківська селищна громада,KATOTTG codifier,Луганська область
44,4414,4414007,Мілівська селищна громада,KATOTTG codifier,Луганська область
44,4414,4414009,Айдарська селищна територіальна громада,KATOTTG codifier,Луганська область
44,4414,4414011,Старобільська міська громада,KATOTTG codifier,Луганська область
44,4414,4414013,Чмирівська сільська громада,KATOTTG codifier,Луганська область
44,4414,4414015,Шульгинська сільська громада,KATOTTG codifier,Луганська область
44,4416,4416001,Нижньотеплівська сільська громада,KATOTTG codifier,Луганська область
44,4416,4416003,Новоайдарська селищна громада,KATOTTG codifier,Луганська область
44,4416,4416005,Станично-Луганська селищна громада,KATOTTG codifier,Луганська область
44,4416,4416007,Широківська селищна територіальна громада,KATOTTG codifier,Луганська область
44,4416,4416009,Щастинська міська громада,KATOTTG codifier,Луганська область
46,4602,4602001,Бориславська міська громада,KATOTTG codifier,Львівська область
46,4602,4602003,Дрогобицька міська громада,KATOTTG codifier,Львівська область
46,4602,4602005,Меденицька селищна громада,KATOTTG codifier,Львівська область
46,4602,4602007,Східницька селищна громада,KATOTTG codifier,Львівська область
46,4602,4602009,Трускавецька міська громада,KATOTTG codifier,Львівська область
46,4604,4604001,Бродівська міська громада,KATOTTG codifier,Львівська область
46,4604,4604003,Буська міська громада,KATOTTG codifier,Львівська область
46,4604,4604005,Заболотцівська сільська громада,KATOTTG codifier,Львівська область
46,4604,4604007,Золочівська міська громада,KATOTTG codifier,Львівська область
46,4604,4604009,Красненська селищна громада,KATOTTG codifier,Львівська область
46,4604,4604011,Підкамінська селищна громада,KATOTTG codifier,Львівська область
46,4604,4604013,Поморянська селищна громада,KATOTTG codifier,Львівська область
46,4606,4606001,Бібрська міська об'єднана територіальна громада,KATOTTG codifier,Львівська область
46,4606,4606003,Великолюбінська селищна громада,KATOTTG codifier,Львівська область
46,4606,4606005,Глинянська міська громада,KATOTTG codifier,Львівська область
46,4606,4606007,Городок,centre settlement,Львівська область
46,4606,4606009,Давидівська сільська громада,KATOTTG codifier,Львівська область
46,4606,4606011,Добросинсько-Магерівська сільська громада,KATOTTG codifier,Львівська область
46,4606,4606013,Жовківська міська громада,KATOTTG codifier,Львівська область
46,4606,4606015,Жовтанецька сільська громада,KATOTTG codifier,Львівська область
46,4606,4606017,Зимноводівська сільська громада,KATOTTG codifier,Львівська область
46,4606,4606019,Кам'янка-Бузька міська громада,KATOTTG codifier,Львівська область
46,4606,4606021,Комарно,centre settlement,Львівська область
46,4606,4606023,Куликівська селищна громада,KATOTTG codifier,Львівська область
46,4606,4606025,Львівська міська громада,KATOTTG codifier,Львівська область
46,4606,4606027,Мурованська сільська громада,KATOTTG codifier,Львівська область
46,4606,4606029,Новояричівська селищна громада,KATOTTG codifier,Львівська область
46,4606,4606031,Оброшинська сільська громада,KATOTTG codifier,Львівська область
46,4606,4606033,Перемишлянська міська громада,KATOTTG codifier,Львівська область
46,4606,4606035,Підберізцівська сільська громада,KATOTTG codifier,Львівська область
46,4606,4606037,Пустомитівська міська громада,KATOTTG codifier,Львівська область
46,4606,4606039,Рава-Руська міська громада,KATOTTG codifier,Львівська область
46,4606,4606041,Сокільницька сільська громада,KATOTTG codifier,Львівська область
46,4606,4606043,Солонківська сільська громада,KATOTTG codifier,Львівська область
46,4606,4606045,Щирецька селищна громада,KATOTTG codifier,Львівська область
46,4608,4608001,Бісковицька сільська громада,KATOTTG codifier,Львівська область
46,4608,4608003,Боринська селищна громада,KATOTTG codifier,Львівська область
46,4608,4608005,Добромильська міська громада,KATOTTG codifier,Львівська область
46,4608,4608007,Новокалинівська міська громада,KATOTTG codifier,Львівська область
46,4608,4608009,Ралівська сільська громада,KATOTTG codifier,Львівська область
46,4608,4608011,Рудківська міська громада,KATOTTG codifier,Львівська область
46,4608,4608013,Самбірська міська громада,KATOTTG codifier,Львівська область
46,4608,4608015,Старосамбірська міська громада,KATOTTG codifier,Львівська область
46,4608,4608017,Стрілківська сільська громада,KATOTTG codifier,Львівська область
46,4608,4608019,Турківська міська громада,KATOTTG codifier,Львівська область
46,4608,4608021,Хирівська міська громада,KATOTTG codifier,Львівська область
46,4610,4610001,Гніздичівська селищна громада,KATOTTG codifier,Львівська область
46,4610,4610003,Грабовецько-Дулібівська сільська громада,KATOTTG codifier,Львівська область
46,4610,4610005,Жидачівська міська громада,KATOTTG codifier,Львівська область
46,4610,4610007,Журавненська селищна громада,KATOTTG codifier,Львівська область
46,4610,4610009,Козівська сільська громада,KATOTTG codifier,Львівська область
46,4610,4610011,Миколаївська міська громада,KATOTTG codifier,Львівська область
46,4610,4610013,Моршинська міська громада,KATOTTG codifier,Львівська область
46,4610,4610015,Новороздільська міська громада,KATOTTG codifier,Львівська область
46,4610,4610017,Розвадівська сільська громада,KATOTTG codifier,Львівська область
46,4610,4610019,Сколівська міська громада,KATOTTG codifier,Львівська область
46,4610,4610021,Славська селищна громада,KATOTTG codifier,Львівська область
46,4610,4610023,Стрийська міська громада,KATOTTG codifier,Львівська область
46,4610,4610025,Тростянецька сільська громада,KATOTTG codifier,Львівська область
46,4610,4610027,Ходорівська міська громада,KATOTTG codifier,Львівська область
46,4612,4612001,Белзька міська громада,KATOTTG codifier,Львівська область
46,4612,4612003,Великомостівська міська громада,KATOTTG codifier,Львівська область
46,4612,4612005,Добротвірська селищна громада,KATOTTG codifier,Львівська область
46,4612,4612007,Лопатинська селищна громада,KATOTTG codifier,Львівська область
46,4612,4612009,Радехівська міська громада,KATOTTG codifier,Львівська область
46,4612,4612011,Сокальська міська громада,KATOTTG codifier,Львівська область
46,4612,4612013,Шептицька міська громада,KATOTTG codifier,Львівська область
46,4614,4614001,Івано-Франківська селищна громада,KATOTTG codifier,Львівська область
46,4614,4614003,Мостиська міська громада,KATOTTG codifier,Львівська область
46,4614,4614005,Новояворівська міська громада,KATOTTG codifier,Львівська область
46,4614,4614007,Судововишнянська міська громада,KATOTTG codifier,Львівська область
46,4614,4614009,Шегинівська сільська громада,KATOTTG codifier,Львівська область
46,4614,4614011,Яворівська міська громада,KATOTTG codifier,Львівська область
48,4802,4802001,Баштанська міська громада,KATOTTG codifier,Миколаївська область
48,4802,4802003,Березнегуватська селищна громада,KATOTTG codifier,Миколаївська область
48,4802,4802005,Вільнозапорізька сільська громада,KATOTTG codifier,Миколаївська область
48,4802,4802007,Володимирівська сільська громада,KATOTTG codifier,Миколаївська область
48,4802,4802009,Горохівська сільська громада,KATOTTG codifier,Миколаївська область
48,4802,4802011,Інгульська сільська громада,KATOTTG codifier,Миколаївська область
48,4802,4802013,Казанківська селищна громада,KATOTTG codifier,Миколаївська область
48,4802,4802015,Новобузька міська громада,KATOTTG codifier,Миколаївська область
48,4802,4802017,Привільненська сільська громада,KATOTTG codifier,Миколаївська область
48,4802,4802019,Снігурівська міська громада,KATOTTG codifier,Миколаївська область
48,4802,4802021,Софіївська сільська громада,KATOTTG codifier,Миколаївська область
48,4802,4802023,Широківська селищна громада,KATOTTG codifier,Миколаївська область
48,4804,4804001,Братська селищна громада,KATOTTG codifier,Миколаївська область
48,4804,4804003,Бузька сільська громада,KATOTTG codifier,Миколаївська область
48,4804,4804005,Веселинівська селищна громада,KATOTTG codifier,Миколаївська область
48,4804,4804007,Вознесенська міська територіальна громада,own level-3 row,Миколаївська область
48,4804,4804009,Доманівська селищна громада,KATOTTG codifier,Миколаївська область
48,4804,4804011,Дорошівська сільська громада,KATOTTG codifier,Миколаївська область
48,4804,4804013,Єланецька селищна громада,KATOTTG codifier,Миколаївська область
48,4804,4804015,Мостівська сільська громада,KATOTTG codifier,Миколаївська область
48,4804,4804017,Новомар'ївська сільська громада,KATOTTG codifier,Миколаївська область
48,4804,4804019,Олександрівка,centre settlement,Миколаївська область
48,4804,4804021,Прибужанівська сільська громада,KATOTTG codifier,Миколаївська область
48,4804,4804023,Прибузька сільська громада,KATOTTG codifier,Миколаївська область
48,4804,4804025,Південноукраїнська міська громада,KATOTTG codifier,Миколаївська область
48,4806,4806001,Березанська селищна громада,KATOTTG codifier,Миколаївська область
48,4806,4806003,Веснянська сільська громада,KATOTTG codifier,Миколаївська область
48,4806,4806005,Воскресенська селищна територіальна громада,own level-3 row,Миколаївська область
48,4806,4806007,Галицинівська сільська громада,KATOTTG codifier,Миколаївська область
48,4806,4806009,Коблівська сільська громада,KATOTTG codifier,Миколаївська область
48,4806,4806011,Костянтинівська сільська територіальна громада,own level-3 row,Миколаївська область
48,4806,4806013,Куцурубська сільська громада,KATOTTG codifier,Миколаївська область
48,4806,4806015,Миколаївська міська територіальна громада,own level-3 row,Миколаївська область
48,4806,4806017,Мішково-Погорілівська сільська громада,KATOTTG codifier,Миколаївська область
48,4806,4806019,Нечаянська сільська громада,KATOTTG codifier,Миколаївська область
48,4806,4806021,Новоодеська міська громада,KATOTTG codifier,Миколаївська область
48,4806,4806023,Ольшанська селищна громада,KATOTTG codifier,Миколаївська область
48,4806,4806025,Очаківська міська громада,KATOTTG codifier,Миколаївська область
48,4806,4806027,Первомайська селищна громада,KATOTTG codifier,Миколаївська область
48,4806,4806029,Радсадівська сільська громада,KATOTTG codifier,Миколаївська область
48,4806,4806031,Степівська сільська громада,KATOTTG codifier,Миколаївська область
48,4806,4806033,Сухоєланецька сільська громада,KATOTTG codifier,Миколаївська область
48,4806,4806035,Чорноморська сільська громада,KATOTTG codifier,Миколаївська область
48,4806,4806037,Шевченківська сільська громада,KATOTTG codifier,Миколаївська область
48,4808,4808001,Арбузинська селищна громада,KATOTTG codifier,Миколаївська область
48,4808,4808003,Благодатненська сільська громада,KATOTTG codifier,Миколаївська область
48,4808,4808005,Врадіївська селищна громада,KATOTTG codifier,Миколаївська область
48,4808,4808007,Кам'яномостівська сільська громада,KATOTTG codifier,Миколаївська область
48,4808,4808009,Кривоозерська селищна громада,KATOTTG codifier,Миколаївська область
48,4808,4808011,Мигіївська сільська громада,KATOTTG codifier,Миколаївська область
48,4808,4808013,Первомайська міська громада,KATOTTG codifier,Миколаївська область
48,4808,4808015,Синюхинобрідська сільська громада,KATOTTG codifier,Миколаївська область
51,5102,5102001,Чернівська сільська територіальна громада,KATOTTG codifier,Одеська область
51,5102,5102003,Березівська міська громада,KATOTTG codifier,Одеська область
51,5102,5102005,Великобуялицька сільська громада,KATOTTG codifier,Одеська область
51,5102,5102007,Знам'янська сільська громада,KATOTTG codifier,Одеська область
51,5102,5102009,Іванівська селищна громада,KATOTTG codifier,Одеська область
51,5102,5102011,Коноплянська сільська громада,KATOTTG codifier,Одеська область
51,5102,5102013,Курісівська сільська громада,KATOTTG codifier,Одеська область
51,5102,5102015,Миколаївська селищна громада,KATOTTG codifier,Одеська область
51,5102,5102017,Новокальчівська сільська громада,KATOTTG codifier,Одеська область
51,5102,5102019,Петровірівська сільська громада,KATOTTG codifier,Одеська область
51,5102,5102021,Раухівська селищна громада,KATOTTG codifier,Одеська область
51,5102,5102023,Розквітівська сільська громада,KATOTTG codifier,Одеська область
51,5102,5102025,Старомаяківська сільська громада,KATOTTG codifier,Одеська область
51,5102,5102027,Стрюківська сільська громада,KATOTTG codifier,Одеська область
51,5102,5102029,Чогодарівська сільська громада,KATOTTG codifier,Одеська область
51,5102,5102031,Ширяївська селищна громада,KATOTTG codifier,Одеська область
51,5104,5104001,Білгород-Дністровська міська громада,KATOTTG codifier,Одеська область
51,5104,5104003,Дивізійська сільська громада,KATOTTG codifier,Одеська область
51,5104,5104005,Кароліно-Бугазька сільська громада,KATOTTG codifier,Одеська область
51,5104,5104007,Кулевчанська сільська громада,KATOTTG codifier,Одеська область
51,5104,5104009,Лиманська сільська громада,KATOTTG codifier,Одеська область
51,5104,5104011,Маразліївська сільська громада,KATOTTG codifier,Одеська область
51,5104,5104013,Мологівська сільська громада,KATOTTG codifier,Одеська область
51,5104,5104015,Петропавлівська сільська громада,KATOTTG codifier,Одеська область
51,5104,5104017,Плахтіївська сільська громада,KATOTTG codifier,Одеська область
51,5104,5104019,Саратська селищна громада,KATOTTG codifier,Одеська область
51,5104,5104021,Сергіївська селищна громада,KATOTTG codifier,Одеська область
51,5104,5104023,Старокозацька сільська громада,KATOTTG codifier,Одеська область
51,5104,5104025,Татарбунарська міська громада,KATOTTG codifier,Одеська область
51,5104,5104027,Тузлівська сільська громада,KATOTTG codifier,Одеська область
51,5104,5104029,Успенівська сільська громада,KATOTTG codifier,Одеська область
51,5104,5104031,Шабівська сільська громада,KATOTTG codifier,Одеська область
51,5106,5106001,Арцизька міська громада,KATOTTG codifier,Одеська область
51,5106,5106003,Болградська міська громада,KATOTTG codifier,Одеська область
51,5106,5106005,Буджацька селищна територіальна громада,KATOTTG codifier,Одеська область
51,5106,5106007,Василівська сільська громада,KATOTTG codifier,Одеська область
51,5106,5106009,Городненська сільська громада,KATOTTG codifier,Одеська область
51,5106,5106011,Криничненська сільська громада,KATOTTG codifier,Одеська область
51,5106,5106013,Кубейська сільська громада,KATOTTG codifier,Одеська область
51,5106,5106015,Павлівська сільська громада,KATOTTG codifier,Одеська область
51,5106,5106017,Бессарабська селищна територіальна громада,KATOTTG codifier,Одеська область
51,5106,5106019,Теплицька сільська громада,KATOTTG codifier,Одеська область
51,5108,5108001,Вилківська міська громада,KATOTTG codifier,Одеська область
51,5108,5108003,Ізмаїльська міська громада,KATOTTG codifier,Одеська область
51,5108,5108005,Кілійська міська громада,KATOTTG codifier,Одеська область
51,5108,5108007,Ренійська міська громада,KATOTTG codifier,Одеська область
51,5108,5108009,Саф'янівська сільська громада,KATOTTG codifier,Одеська область
51,5108,5108011,Катлабузька селищна територіальна громада,KATOTTG codifier,Одеська область
51,5110,5110001,Авангардівська селищна громада,KATOTTG codifier,Одеська область
51,5110,5110003,Біляївська міська громада,KATOTTG codifier,Одеська область
51,5110,5110005,Великодальницька сільська громада,KATOTTG codifier,Одеська область
51,5110,5110007,Великодолинська селищна громада,KATOTTG codifier,Одеська область
51,5110,5110009,Вигодянська сільська громада,KATOTTG codifier,Одеська область
51,5110,5110011,Визирська сільська громада,KATOTTG codifier,Одеська область
51,5110,5110013,Дальницька сільська громада,KATOTTG codifier,Одеська область
51,5110,5110015,Дачненська сільська громада,KATOTTG codifier,Одеська область
51,5110,5110017,Доброславська селищна громада,KATOTTG codifier,Одеська область
51,5110,5110019,Красносільська сільська громада,KATOTTG codifier,Одеська область
51,5110,5110021,Маяківська сільська громада,KATOTTG codifier,Одеська область
51,5110,5110023,Нерубайська сільська громада,KATOTTG codifier,Одеська область
51,5110,5110025,Овідіопольська селищна громада,KATOTTG codifier,Одеська область
51,5110,5110027,Одеська міська громада,KATOTTG codifier,Одеська область
51,5110,5110029,Таїрівська селищна громада,KATOTTG codifier,Одеська область
51,5110,5110031,Теплодарська міська громада,KATOTTG codifier,Одеська область
51,5110,5110033,Усатівська сільська громада,KATOTTG codifier,Одеська область
51,5110,5110035,Фонтанська сільська громада,KATOTTG codifier,Одеська область
51,5110,5110037,Чорноморська міська громада,KATOTTG codifier,Одеська область
51,5110,5110039,Чорноморське,centre settlement,Одеська область
51,5110,5110041,Південнівська міська громада,KATOTTG codifier,Одеська область
51,5110,5110043,Яськівська сільська громада,KATOTTG codifier,Одеська область
51,5112,5112001,Ананьївська міська громада,KATOTTG codifier,Одеська область
51,5112,5112003,Балтська міська громада,KATOTTG codifier,Одеська область
51,5112,5112005,Долинська сільська громада,KATOTTG codifier,Одеська область
51,5112,5112007,Зеленогірська селищна громада,KATOTTG codifier,Одеська область
51,5112,5112009,Кодимська міська громада,KATOTTG codifier,Одеська область
51,5112,5112011,Куяльницька сільська громада,KATOTTG codifier,Одеська область
51,5112,5112013,Любашівська селищна громада,KATOTTG codifier,Одеська область
51,5112,5112015,Окнянська селищна громада,KATOTTG codifier,Одеська область
51,5112,5112017,Піщанська сільська громада,KATOTTG codifier,Одеська область
51,5112,5112019,Подільська міська громада,KATOTTG codifier,Одеська область
51,5112,5112021,Савранська селищна громада,KATOTTG codifier,Одеська область
51,5112,5112023,Слобідська селищна громада,KATOTTG codifier,Одеська область
51,5114,5114001,Великомихайлівська селищна громада,KATOTTG codifier,Одеська область
51,5114,5114003,Великоплоске,centre settlement,Одеська область
51,5114,5114005,Затишанська селищна громада,KATOTTG codifier,Одеська область
51,5114,5114007,Захарівська селищна громада,KATOTTG codifier,Одеська область
51,5114,5114009,Лиманська селищна громада,KATOTTG codifier,Одеська область
51,5114,5114011,Новоборисівська сільська громада,KATOTTG codifier,Одеська область
51,5114,5114013,Роздільнянська міська громада,KATOTTG codifier,Одеська область
51,5114,5114015,Степанівська сільська громада,KATOTTG codifier,Одеська область
51,5114,5114017,Цебриківська селищна громада,KATOTTG codifier,Одеська область
53,5302,5302001,Глобинська міська громада,KATOTTG codifier,Полтавська область
53,5302,5302003,Горішньоплавнівська міська громада,KATOTTG codifier,Полтавська область
53,5302,5302005,Градизька селищна громада,KATOTTG codifier,Полтавська область
53,5302,5302007,Кам'янопотоківська сільська громада,KATOTTG codifier,Полтавська область
53,5302,5302009,Козельщинська селищна громада,KATOTTG codifier,Полтавська область
53,5302,5302011,Кременчуцька міська громада,KATOTTG codifier,Полтавська область
53,5302,5302013,Новогалещинська селищна громада,KATOTTG codifier,Полтавська область
53,5302,5302015,Оболонська сільська громада,KATOTTG codifier,Полтавська область
53,5302,5302017,Омельницька сільська громада,KATOTTG codifier,Полтавська область
53,5302,5302019,Піщанська сільська громада,KATOTTG codifier,Полтавська область
53,5302,5302021,Пришибська сільська громада,KATOTTG codifier,Полтавська область
53,5302,5302023,Семенівська селищна громада,KATOTTG codifier,Полтавська область
53,5304,5304001,Гребінківська міська громада,KATOTTG codifier,Полтавська область
53,5304,5304003,Лубенська міська громада,KATOTTG codifier,Полтавська область
53,5304,5304005,Новооржицька селищна громада,KATOTTG codifier,Полтавська область
53,5304,5304007,Оржицька селищна громада,KATOTTG codifier,Полтавська область
53,5304,5304009,Пирятинська міська громада,KATOTTG codifier,Полтавська область
53,5304,5304011,Хорольська міська громада,KATOTTG codifier,Полтавська область
53,5304,5304013,Чорнухинська селищна громада,KATOTTG codifier,Полтавська область
53,5306,5306001,Білоцерківська сільська громада,KATOTTG codifier,Полтавська область
53,5306,5306003,Великобагачанська селищна громада,KATOTTG codifier,Полтавська область
53,5306,5306005,Великобудищанська сільська громада,KATOTTG codifier,Полтавська область
53,5306,5306007,Великосорочинська сільська громада,KATOTTG codifier,Полтавська область
53,5306,5306009,Гадяцька міська громада,KATOTTG codifier,Полтавська область
53,5306,5306011,Гоголівська селищна громада,KATOTTG codifier,Полтавська область
53,5306,5306013,Заводська міська громада,KATOTTG codifier,Полтавська область
53,5306,5306015,Комишнянська селищна громада,KATOTTG codifier,Полтавська область
53,5306,5306017,Краснолуцька сільська громада,KATOTTG codifier,Полтавська область
53,5306,5306019,Лохвицька міська громада,KATOTTG codifier,Полтавська область
53,5306,5306021,Лютенська сільська громада,KATOTTG codifier,Полтавська область
53,5306,5306023,Миргородська міська громада,KATOTTG codifier,Полтавська область
53,5306,5306025,Петрівсько-Роменська сільська громада,KATOTTG codifier,Полтавська область
53,5306,5306027,Ромоданівська селищна громада,KATOTTG codifier,Полтавська область
53,5306,5306029,Сенчанська сільська громада,KATOTTG codifier,Полтавська область
53,5306,5306031,Сергіївська сільська громада,KATOTTG codifier,Полтавська область
53,5306,5306033,Шишацька селищна громада,KATOTTG codifier,Полтавська область
53,5308,5308001,Білицька селищна громада,KATOTTG codifier,Полтавська область
53,5308,5308003,Великорублівська сільська громада,KATOTTG codifier,Полтавська область
53,5308,5308005,Диканська селищна громада,KATOTTG codifier,Полтавська область
53,5308,5308007,Драбинівська сільська громада,KATOTTG codifier,Полтавська область
53,5308,5308009,Зіньківська міська громада,KATOTTG codifier,Полтавська область
53,5308,5308011,Карлівська міська громада,KATOTTG codifier,Полтавська область
53,5308,5308013,Кобеляцька міська громада,KATOTTG codifier,Полтавська область
53,5308,5308015,Коломацька сільська громада,KATOTTG codifier,Полтавська область
53,5308,5308017,Котелевська селищна громада,KATOTTG codifier,Полтавська область
53,5308,5308019,Ланнівська селищна громада,KATOTTG codifier,Полтавська область
53,5308,5308021,Мартинівська сільська громада,KATOTTG codifier,Полтавська область
53,5308,5308023,Мачухівська сільська громада,KATOTTG codifier,Полтавська область
53,5308,5308025,Машівська селищна громада,KATOTTG codifier,Полтавська область
53,5308,5308027,Михайлівська сільська громада,KATOTTG codifier,Полтавська область
53,5308,5308029,Нехворощанська сільська громада,KATOTTG codifier,Полтавська область
53,5308,5308031,Новосанжарська селищна громада,KATOTTG codifier,Полтавська область
53,5308,5308033,Новоселівська сільська громада,KATOTTG codifier,Полтавська область
53,5308,5308035,Опішнянська селищна громада,KATOTTG codifier,Полтавська область
53,5308,5308037,Полтавська міська громада,KATOTTG codifier,Полтавська область
53,5308,5308039,Решетилівська міська громада,KATOTTG codifier,Полтавська область
53,5308,5308041,Скороходівська селищна громада,KATOTTG codifier,Полтавська область
53,5308,5308043,Терешківська сільська громада,KATOTTG codifier,Полтавська область
53,5308,5308045,Чутівська територіальна громада,KATOTTG codifier,Полтавська область
53,5308,5308047,Щербанівська сільська громада,KATOTTG codifier,Полтавська область
56,5602,5602001,Антонівська сільська громада,KATOTTG codifier,Рівненська область
56,5602,5602003,Вараська міська громада,KATOTTG codifier,Рівненська область
56,5602,5602005,Володимирецька селищна громада,KATOTTG codifier,Рівненська область
56,5602,5602007,Зарічненська селищна громада,KATOTTG codifier,Рівненська область
56,5602,5602009,Каноницька сільська громада,KATOTTG codifier,Рівненська область
56,5602,5602011,Локницька сільська громада,KATOTTG codifier,Рівненська область
56,5602,5602013,Полицька сільська громада,KATOTTG codifier,Рівненська область
56,5602,5602015,Рафалівська селищна громада,KATOTTG codifier,Рівненська область
56,5604,5604001,Бокіймівська сільська громада,KATOTTG codifier,Рівненська область
56,5604,5604003,Боремельська сільська громада,KATOTTG codifier,Рівненська область
56,5604,5604005,Варковицька сільська громада,KATOTTG codifier,Рівненська область
56,5604,5604007,Вербська сільська громада,KATOTTG codifier,Рівненська область
56,5604,5604009,Демидівська селищна громада,KATOTTG codifier,Рівненська область
56,5604,5604011,Дубенська міська громада,KATOTTG codifier,Рівненська область
56,5604,5604013,Козинська сільська громада,KATOTTG codifier,Рівненська область
56,5604,5604015,Крупецька сільська громада,KATOTTG codifier,Рівненська область
56,5604,5604017,Мирогощанська сільська громада,KATOTTG codifier,Рівненська область
56,5604,5604019,Млинівська селищна громада,KATOTTG codifier,Рівненська область
56,5604,5604021,Острожецька сільська громада,KATOTTG codifier,Рівненська область
56,5604,5604023,Підлозцівська сільська громада,KATOTTG codifier,Рівненська область
56,5604,5604025,Повчанська сільська громада,KATOTTG codifier,Рівненська область
56,5604,5604027,Привільненська сільська громада,KATOTTG codifier,Рівненська область
56,5604,5604029,Радивилівська міська громада,KATOTTG codifier,Рівненська область
56,5604,5604031,Семидубська сільська громада,KATOTTG codifier,Рівненська область
56,5604,5604033,Смизька селищна громада,KATOTTG codifier,Рівненська область
56,5604,5604035,Тараканівська сільська громада,KATOTTG codifier,Рівненська область
56,5604,5604037,Ярославицька сільська громада,KATOTTG codifier,Рівненська область
56,5606,5606001,Бабинська сільська об'єднана територіальна громада,KATOTTG codifier,Рівненська область
56,5606,5606003,Березнівська міська громада,KATOTTG codifier,Рівненська область
56,5606,5606005,Білокриницька сільська громада,KATOTTG codifier,Рівненська область
56,5606,5606007,Бугринська сільська громада,KATOTTG codifier,Рівненська область
56,5606,5606009,Великомежиріцька сільська громада,KATOTTG codifier,Рівненська область
56,5606,5606011,Великоомелянська сільська громада,KATOTTG codifier,Рівненська область
56,5606,5606013,Головинська сільська громада,KATOTTG codifier,Рівненська область
56,5606,5606015,Городоцька сільська громада,KATOTTG codifier,Рівненська область
56,5606,5606017,Гощанська селищна громада,KATOTTG codifier,Рівненська область
56,5606,5606019,Деражненська сільська громада,KATOTTG codifier,Рівненська область
56,5606,5606021,Дядьковицька сільська громада,KATOTTG codifier,Рівненська область
56,5606,5606023,Здовбицька сільська громада,KATOTTG codifier,Рівненська область
56,5606,5606025,Здолбунівська міська громада,KATOTTG codifier,Рівненська область
56,5606,5606027,Зорянська сільська громада,KATOTTG codifier,Рівненська область
56,5606,5606029,Клеванська селищна громада,KATOTTG codifier,Рівненська область
56,5606,5606031,Корецька міська громада,KATOTTG codifier,Рівненська область
56,5606,5606033,Корнинська сільська громада,KATOTTG codifier,Рівненська область
56,5606,5606035,Костопільська міська громада,KATOTTG codifier,Рівненська область
56,5606,5606037,Малинська сільська громада,KATOTTG codifier,Рівненська область
56,5606,5606039,Малолюбашанська сільська громада,KATOTTG codifier,Рівненська область
56,5606,5606041,Мізоцька селищна громада,KATOTTG codifier,Рівненська область
56,5606,5606043,Олександрійська сільська громада,KATOTTG codifier,Рівненська область
56,5606,5606045,Острозька міська громада,KATOTTG codifier,Рівненська область
56,5606,5606047,Рівненська міська громада,KATOTTG codifier,Рівненська область
56,5606,5606049,Соснівська селищна громада,KATOTTG codifier,Рівненська область
56,5606,5606051,Шпанівська сільська громада,KATOTTG codifier,Рівненська область
56,5608,5608001,Березівська сільська громада,KATOTTG codifier,Рівненська область
56,5608,5608003,Вирівська сільська громада,KATOTTG codifier,Рівненська область
56,5608,5608005,Висоцька сільська громада,KATOTTG codifier,Рівненська область
56,5608,5608007,Дубровицька міська громада,KATOTTG codifier,Рівненська область
56,5608,5608009,Клесівська селищна громада,KATOTTG codifier,Рівненська область
56,5608,5608011,Миляцька сільська громада,KATOTTG codifier,Рівненська область
56,5608,5608013,Немовицька сільська громада,KATOTTG codifier,Рівненська область
56,5608,5608015,Рокитнівська селищна громада,KATOTTG codifier,Рівненська область
56,5608,5608017,Сарненська міська громада,KATOTTG codifier,Рівненська область
56,5608,5608019,Старосільська сільська громада,KATOTTG codifier,Рівненська область
56,5608,5608021,Степанська селищна громада,KATOTTG codifier,Рівненська область
59,5902,5902001,Бочечківська сільська громада,KATOTTG codifier,Сумська область
59,5902,5902003,Буринська міська громада,KATOTTG codifier,Сумська область
59,5902,5902005,Дубов'язівська селищна громада,KATOTTG codifier,Сумська область
59,5902,5902007,Конотопська міська громада,KATOTTG codifier,Сумська область
59,5902,5902009,Кролевецька міська громада,KATOTTG codifier,Сумська область
59,5902,5902011,Новослобідська сільська громада,KATOTTG codifier,Сумська область
59,5902,5902013,Попівська сільська громада,KATOTTG codifier,Сумська область
59,5902,5902015,Путивльська міська громада,KATOTTG codifier,Сумська область
59,5904,5904001,Боромлянська сільська громада,KATOTTG codifier,Сумська область
59,5904,5904003,Великописарівська селищна громада,KATOTTG codifier,Сумська область
59,5904,5904005,Грунська сільська громада,KATOTTG codifier,Сумська область
59,5904,5904007,Кириківська селищна громада,KATOTTG codifier,Сумська область
59,5904,5904009,Комишанська сільська громада,KATOTTG codifier,Сумська область
59,5904,5904011,Охтирська міська громада,KATOTTG codifier,Сумська область
59,5904,5904013,Тростянецька міська громада,KATOTTG codifier,Сумська область
59,5904,5904015,Чернеччинська сільська громада,KATOTTG codifier,Сумська область
59,5904,5904017,Чупахівська селищна громада,KATOTTG codifier,Сумська область
59,5906,5906001,Андріяшівська сільська громада,KATOTTG codifier,Сумська область
59,5906,5906003,Вільшанська сільська громада,KATOTTG codifier,Сумська область
59,5906,5906005,Коровинська сільська громада,KATOTTG codifier,Сумська область
59,5906,5906007,Липоводолинська селищна громада,KATOTTG codifier,Сумська область
59,5906,5906009,Недригайлівська селищна громада,KATOTTG codifier,Сумська область
59,5906,5906011,Роменська міська громада,KATOTTG codifier,Сумська область
59,5906,5906013,Синівська сільська громада,KATOTTG codifier,Сумська область
59,5906,5906015,Хмелівська сільська громада,KATOTTG codifier,Сумська область
59,5908,5908001,Бездрицька сільська громада,KATOTTG codifier,Сумська область
59,5908,5908003,Білопільська міська громада,KATOTTG codifier,Сумська область
59,5908,5908005,Верхньосироватська сільська громада,KATOTTG codifier,Сумська область
59,5908,5908007,Ворожбянська міська громада,KATOTTG codifier,Сумська область
59,5908,5908009,Краснопільська селищна громада,KATOTTG codifier,Сумська область
59,5908,5908011,Лебединська міська громада,KATOTTG codifier,Сумська область
59,5908,5908013,Миколаївська селищна громада,KATOTTG codifier,Сумська область
59,5908,5908015,Миколаївська сільська громада,KATOTTG codifier,Сумська область
59,5908,5908017,Миропільська сільська громада,KATOTTG codifier,Сумська область
59,5908,5908019,Нижньосироватська сільська громада,KATOTTG codifier,Сумська область
59,5908,5908021,Річківська сільська громада,KATOTTG codifier,Сумська область
59,5908,5908023,Садівська сільська громада,KATOTTG codifier,Сумська область
59,5908,5908025,Степанівська селищна громада,KATOTTG codifier,Сумська область
59,5908,5908027,Сумська міська громада,KATOTTG codifier,Сумська область
59,5908,5908029,Хотінська селищна громада,KATOTTG codifier,Сумська область
59,5908,5908031,Юнаківська сільська громада,KATOTTG codifier,Сумська область
59,5910,5910001,Березівська сільська громада,KATOTTG codifier,Сумська область
59,5910,5910003,Глухівська міська громада,KATOTTG codifier,Сумська область
59,5910,5910005,Дружбівська міська громада,KATOTTG codifier,Сумська область
59,5910,5910007,Есманьська селищна громада,KATOTTG codifier,Сумська область
59,5910,5910009,Зноб-Новгородська селищна громада,KATOTTG codifier,Сумська область
59,5910,5910011,Свеська селищна громада,KATOTTG codifier,Сумська область
59,5910,5910013,Середино-Будська міська громада,KATOTTG codifier,Сумська область
59,5910,5910015,Шалигинська селищна громада,KATOTTG codifier,Сумська область
59,5910,5910017,Шосткинська міська громада,KATOTTG codifier,Сумська область
59,5910,5910019,Ямпільська селищна громада,KATOTTG codifier,Сумська область
61,6102,6102001,Борсуківська сільська громада,KATOTTG codifier,Тернопільська область
61,6102,6102003,Великодедеркальська сільська громада,KATOTTG codifier,Тернопільська область
61,6102,6102005,Вишнівецька селищна громада,KATOTTG codifier,Тернопільська область
61,6102,6102007,Кременецька міська громада,KATOTTG codifier,Тернопільська область
61,6102,6102009,Лановецька міська громада,KATOTTG codifier,Тернопільська область
61,6102,6102011,Лопушненська сільська громада,KATOTTG codifier,Тернопільська область
61,6102,6102013,Почаївська міська громада,KATOTTG codifier,Тернопільська область
61,6102,6102015,Шумська міська громада,KATOTTG codifier,Тернопільська область
61,6104,6104001,Байковецька сільська громада,KATOTTG codifier,Тернопільська область
61,6104,6104003,Бережанська міська громада,KATOTTG codifier,Тернопільська область
61,6104,6104005,Білецька сільська громада,KATOTTG codifier,Тернопільська область
61,6104,6104007,Великоберезовицька селищна громада,KATOTTG codifier,Тернопільська область
61,6104,6104009,Великобірківська селищна громада,KATOTTG codifier,Тернопільська область
61,6104,6104011,Великогаївська сільська громада,KATOTTG codifier,Тернопільська область
61,6104,6104013,Залозецька селищна громада,KATOTTG codifier,Тернопільська область
61,6104,6104015,Збаразька міська громада,KATOTTG codifier,Тернопільська область
61,6104,6104017,Зборівська міська громада,KATOTTG codifier,Тернопільська область
61,6104,6104019,Золотниківська сільська громада,KATOTTG codifier,Тернопільська область
61,6104,6104021,Іванівська сільська громада,KATOTTG codifier,Тернопільська область
61,6104,6104023,Козівська селищна громада,KATOTTG codifier,Тернопільська область
61,6104,6104025,Козлівська селищна громада,KATOTTG codifier,Тернопільська область
61,6104,6104027,Купчинецька сільська громада,KATOTTG codifier,Тернопільська область
61,6104,6104029,Микулинецька селищна громада,KATOTTG codifier,Тернопільська область
61,6104,6104031,Нараївська сільська громада,KATOTTG codifier,Тернопільська область
61,6104,6104033,Озернянська сільська громада,KATOTTG codifier,Тернопільська область
61,6104,6104035,Підволочиська селищна громада,KATOTTG codifier,Тернопільська область
61,6104,6104037,Підгаєцька міська громада,KATOTTG codifier,Тернопільська область
61,6104,6104039,Підгороднянська сільська громада,KATOTTG codifier,Тернопільська область
61,6104,6104041,Саранчуківська сільська громада,KATOTTG codifier,Тернопільська область
61,6104,6104043,Скалатська міська громада,KATOTTG codifier,Тернопільська область
61,6104,6104045,Скориківська сільська громада,KATOTTG codifier,Тернопільська область
61,6104,6104047,Теребовлянська міська громада,KATOTTG codifier,Тернопільська область
61,6104,6104049,Тернопільська міська громада,KATOTTG codifier,Тернопільська область
61,6106,6106001,Білобожницька сільська громада,KATOTTG codifier,Тернопільська область
61,6106,6106003,Більче-Золотецька сільська громада,KATOTTG codifier,Тернопільська область
61,6106,6106005,Борщівська міська громада,KATOTTG codifier,Тернопільська область
61,6106,6106007,Бучацька міська громада,KATOTTG codifier,Тернопільська область
61,6106,6106009,Васильковецька сільська громада,KATOTTG codifier,Тернопільська область
61,6106,6106011,Гримайлівська селищна громада,KATOTTG codifier,Тернопільська область
61,6106,6106013,Гусятинська селищна громада,KATOTTG codifier,Тернопільська область
61,6106,6106015,Заводська селищна громада,KATOTTG codifier,Тернопільська область
61,6106,6106017,Заліщицька міська громада,KATOTTG codifier,Тернопільська область
61,6106,6106019,Золотопотіцька селищна громада,KATOTTG codifier,Тернопільська область
61,6106,6106021,Іване-Пустенська сільська громада,KATOTTG codifier,Тернопільська область
61,6106,6106023,Колиндянська сільська громада,KATOTTG codifier,Тернопільська область
61,6106,6106025,Копичинецька міська громада,KATOTTG codifier,Тернопільська область
61,6106,6106027,Коропецька селищна громада,KATOTTG codifier,Тернопільська область
61,6106,6106029,Мельнице-Подільська селищна громада,KATOTTG codifier,Тернопільська область
61,6106,6106031,Монастириська міська громада,KATOTTG codifier,Тернопільська область
61,6106,6106033,Нагірянська сільська громада,KATOTTG codifier,Тернопільська область
61,6106,6106035,Скала-Подільська селищна громада,KATOTTG codifier,Тернопільська область
61,6106,6106037,Товстенська селищна громада,KATOTTG codifier,Тернопільська область
61,6106,6106039,Трибухівська сільська громада,KATOTTG codifier,Тернопільська область
61,6106,6106041,Хоростківська міська громада,KATOTTG codifier,Тернопільська область
61,6106,6106043,Чортківська міська громада,KATOTTG codifier,Тернопільська область
63,6302,6302001,Богодухівська міська громада,KATOTTG codifier,Харківська область
63,6302,6302003,Валківська міська громада,KATOTTG codifier,Харківська область
63,6302,6302005,Золочівська селищна територіальна громада,own level-3 row,Харківська область
63,6302,6302007,Коломацька селищна громада,KATOTTG codifier,Харківська область
63,6302,6302009,Краснокутська селищна громада,KATOTTG codifier,Харківська область
63,6304,6304001,Балаклійська міська громада,KATOTTG codifier,Харківська область
63,6304,6304003,Барвінківська міська громада,KATOTTG codifier,Харківська область
63,6304,6304005,Борівська селищна громада,KATOTTG codifier,Харківська область
63,6304,6304007,Донецька селищна громада,KATOTTG codifier,Харківська область
63,6304,6304009,Ізюмська міська громада,KATOTTG codifier,Харківська область
63,6304,6304011,Куньєвська сільська громада,KATOTTG codifier,Харківська область
63,6304,6304013,Оскільська сільська громада,KATOTTG codifier,Харківська область
63,6304,6304015,Савинська селищна громада,KATOTTG codifier,Харківська область
63,6306,6306001,Зачепилівська селищна громада,KATOTTG codifier,Харківська область
63,6306,6306003,Кегичівська селищна громада,KATOTTG codifier,Харківська область
63,6306,6306005,Красноградська міська громада,KATOTTG codifier,Харківська область
63,6306,6306007,Наталинська сільська громада,KATOTTG codifier,Харківська область
63,6306,6306009,Сахновщинська селищна громада,KATOTTG codifier,Харківська область
63,6306,6306011,Старовірівська сільська громада,KATOTTG codifier,Харківська область
63,6308,6308001,Великобурлуцька селищна громада,KATOTTG codifier,Харківська область
63,6308,6308003,Вільхуватська сільська громада,KATOTTG codifier,Харківська область
63,6308,6308005,Дворічанська селищна громада,KATOTTG codifier,Харківська область
63,6308,6308007,Кіндрашівська сільська громада,KATOTTG codifier,Харківська область
63,6308,6308009,Куп'янська міська громада,KATOTTG codifier,Харківська область
63,6308,6308011,Курилівська сільська громада,KATOTTG codifier,Харківська область
63,6308,6308013,Петропавлівська сільська громада,KATOTTG codifier,Харківська область
63,6308,6308015,Шевченківська селищна громада,KATOTTG codifier,Харківська область
63,6310,6310001,Біляївська селищна громада,KATOTTG codifier,Харківська область
63,6310,6310003,Близнюківська селищна громада,KATOTTG codifier,Харківська область
63,6310,6310005,Лозівська міська громада,KATOTTG codifier,Харківська область
63,6310,6310007,Олексіївка,centre settlement,Харківська область
63,6310,6310009,Златопільська міська громада,KATOTTG codifier,Харківська область
63,6312,6312001,Безлюдівська селищна громада,KATOTTG codifier,Харківська область
63,6312,6312003,Височанська селищна громада,KATOTTG codifier,Харківська область
63,6312,6312005,Вільхівська сільська громада,KATOTTG codifier,Харківська область
63,6312,6312007,Дергачівська міська громада,KATOTTG codifier,Харківська область
63,6312,6312009,Липецька сільська громада,KATOTTG codifier,Харківська область
63,6312,6312011,Люботинська міська громада,KATOTTG codifier,Харківська область
63,6312,6312013,Малоданилівська селищна громада,KATOTTG codifier,Харківська область
63,6312,6312015,Мереф'янська міська громада,KATOTTG codifier,Харківська область
63,6312,6312017,Нововодолазька селищна громада,KATOTTG codifier,Харківська область
63,6312,6312019,Південноміська міська громада,KATOTTG codifier,Харківська область
63,6312,6312021,Пісочинська селищна громада,KATOTTG codifier,Харківська область
63,6312,6312023,Роганська селищна громада,KATOTTG codifier,Харківська область
63,6312,6312025,Солоницівська селищна громада,KATOTTG codifier,Харківська область
63,6312,6312027,Харківська міська громада,KATOTTG codifier,Харківська область
63,6312,6312029,Циркунівська сільська громада,KATOTTG codifier,Харківська область
63,6314,6314001,Вовчанська міська громада,KATOTTG codifier,Харківська область
63,6314,6314003,Зміївська міська громада,KATOTTG codifier,Харківська область
63,6314,6314005,Малинівська селищна громада,KATOTTG codifier,Харківська область
63,6314,6314007,Новопокровська селищна громада,KATOTTG codifier,Харківська область
63,6314,6314009,Печенізька селищна громада,KATOTTG codifier,Харківська область
63,6314,6314011,Слобожанська міська громада,KATOTTG codifier,Харківська область
63,6314,6314013,Старосалтівська селищна громада,KATOTTG codifier,Харківська область
63,6314,6314015,Чкаловська селищна громада,KATOTTG codifier,Харківська область
63,6314,6314017,Чугуївська міська громада,KATOTTG codifier,Харківська область
65,6502,6502001,Бериславська міська громада,KATOTTG codifier,Херсонська область
65,6502,6502003,Борозенська сільська громада,KATOTTG codifier,Херсонська область
65,6502,6502005,Великоолександрівська селищна громада,KATOTTG codifier,Херсонська область
65,6502,6502007,Високопільська селищна громада,KATOTTG codifier,Херсонська область
65,6502,6502009,Калинівська селищна громада,KATOTTG codifier,Херсонська область
65,6502,6502011,Кочубеївська сільська громада,KATOTTG codifier,Херсонська область
65,6502,6502013,Милівська сільська громада,KATOTTG codifier,Херсонська область
65,6502,6502015,Нововоронцовська селищна громада,KATOTTG codifier,Херсонська область
65,6502,6502017,Новоолександрівська сільська громада,KATOTTG codifier,Херсонська область
65,6502,6502019,Новорайська сільська громада,KATOTTG codifier,Херсонська область
65,6502,6502021,Тягинська сільська громада,KATOTTG codifier,Херсонська область
65,6504,6504001,Генічеська міська громада,KATOTTG codifier,Херсонська область
65,6504,6504003,Іванівська селищна громада,KATOTTG codifier,Херсонська область
65,6504,6504005,Нижньосірогозька селищна громада,KATOTTG codifier,Херсонська область
65,6504,6504007,Новотроїцька селищна громада,KATOTTG codifier,Херсонська область
65,6506,6506001,Асканіє-Нова селищна територіальна громада,KATOTTG codifier,Херсонська область
65,6506,6506003,Великолепетиська селищна громада,KATOTTG codifier,Херсонська область
65,6506,6506005,Верхньорогачицька селищна громада,KATOTTG codifier,Херсонська область
65,6506,6506007,Горностаївська селищна громада,KATOTTG codifier,Херсонська область
65,6506,6506009,Зеленопідська сільська громада,KATOTTG codifier,Херсонська область
65,6506,6506011,Каховська міська громада,KATOTTG codifier,Херсонська область
65,6506,6506013,Костянтинівська сільська громада,KATOTTG codifier,Херсонська область
65,6506,6506015,Любимівська селищна громада,KATOTTG codifier,Херсонська область
65,6506,6506017,Новокаховська міська громада,KATOTTG codifier,Херсонська область
65,6506,6506019,Присиваська сільська громада,KATOTTG codifier,Херсонська область
65,6506,6506021,Рубанівська сільська громада,KATOTTG codifier,Херсонська область
65,6506,6506023,Тавричанська сільська громада,KATOTTG codifier,Херсонська область
65,6506,6506025,Таврійська міська громада,KATOTTG codifier,Херсонська область
65,6506,6506027,Хрестівська сільська громада,KATOTTG codifier,Херсонська область
65,6506,6506029,Чаплинська селищна громада,KATOTTG codifier,Херсонська область
65,6508,6508001,Бехтерська сільська громада,KATOTTG codifier,Херсонська область
65,6508,6508003,Голопристанська міська громада,KATOTTG codifier,Херсонська область
65,6508,6508005,Долматівська сільська громада,KATOTTG codifier,Херсонська область
65,6508,6508007,Каланчацька селищна громада,KATOTTG codifier,Херсонська область
65,6508,6508009,Лазурненська селищна громада,KATOTTG codifier,Херсонська область
65,6508,6508011,Мирненська селищна громада,KATOTTG codifier,Херсонська область
65,6508,6508013,Новомиколаївська сільська громада,KATOTTG codifier,Херсонська область
65,6508,6508015,Скадовська міська громада,KATOTTG codifier,Херсонська область
65,6508,6508017,Чулаківська сільська громада,KATOTTG codifier,Херсонська область
65,6510,6510001,Білозерська селищна громада,KATOTTG codifier,Херсонська область
65,6510,6510003,Великокопанівська сільська громада,KATOTTG codifier,Херсонська область
65,6510,6510005,Виноградівська сільська громада,KATOTTG codifier,Херсонська область
65,6510,6510007,Дар'ївська сільська громада,KATOTTG codifier,Херсонська область
65,6510,6510009,Музиківська сільська громада,KATOTTG codifier,Херсонська область
65,6510,6510011,Олешківська міська громада,KATOTTG codifier,Херсонська область
65,6510,6510013,Станіславська сільська громада,KATOTTG codifier,Херсонська область
65,6510,6510015,Херсонська міська громада,KATOTTG codifier,Херсонська область
65,6510,6510017,Чорнобаївська сільська громада,KATOTTG codifier,Херсонська область
65,6510,6510019,Ювілейна сільська громада,KATOTTG codifier,Херсонська область
68,6802,6802001,Гуківська сільська громада,KATOTTG codifier,Хмельницька область
68,6802,6802003,Гуменецька сільська громада,KATOTTG codifier,Хмельницька область
68,6802,6802005,Дунаєвецька міська громада,KATOTTG codifier,Хмельницька область
68,6802,6802007,Жванецька сільська громада,KATOTTG codifier,Хмельницька область
68,6802,6802009,Закупненська селищна громада,KATOTTG codifier,Хмельницька область
68,6802,6802011,Кам'янець-Подільська міська громада,KATOTTG codifier,Хмельницька область
68,6802,6802013,Китайгородська сільська громада,KATOTTG codifier,Хмельницька область
68,6802,6802015,Маківська сільська громада,KATOTTG codifier,Хмельницька область
68,6802,6802017,Новодунаєвецька селищна громада,KATOTTG codifier,Хмельницька область
68,6802,6802019,Новоушицька селищна об'єднана територіальна громада,KATOTTG codifier,Хмельницька область
68,6802,6802021,Орининська сільська громада,KATOTTG codifier,Хмельницька область
68,6802,6802023,Слобідсько-Кульчієвецька сільська громада,KATOTTG codifier,Хмельницька область
68,6802,6802025,Смотрицька селищна громада,KATOTTG codifier,Хмельницька область
68,6802,6802027,Староушицька селищна громада,KATOTTG codifier,Хмельницька область
68,6802,6802029,Чемеровецька селищна громада,KATOTTG codifier,Хмельницька область
68,6804,6804001,Антонінська селищна громада,KATOTTG codifier,Хмельницька область
68,6804,6804003,Війтовецька селищна громада,KATOTTG codifier,Хмельницька область
68,6804,6804005,Віньковецька селищна громада,KATOTTG codifier,Хмельницька область
68,6804,6804007,Вовковинецька селищна громада,KATOTTG codifier,Хмельницька область
68,6804,6804009,Волочиська міська громада,KATOTTG codifier,Хмельницька область
68,6804,6804011,Гвардійська сільська громада,KATOTTG codifier,Хмельницька область
68,6804,6804013,Городоцька міська громада,KATOTTG codifier,Хмельницька область
68,6804,6804015,Деражнянська міська громада,KATOTTG codifier,Хмельницька область
68,6804,6804017,Заслучненська сільська громада,KATOTTG codifier,Хмельницька область
68,6804,6804019,Зіньківська сільська громада,KATOTTG codifier,Хмельницька область
68,6804,6804021,Красилівська міська громада,KATOTTG codifier,Хмельницька область
68,6804,6804023,Летичівська селищна громада,KATOTTG codifier,Хмельницька область
68,6804,6804025,Лісовогринівецька сільська громада,KATOTTG codifier,Хмельницька область
68,6804,6804027,Меджибізька селищна громада,KATOTTG codifier,Хмельницька область
68,6804,6804029,Миролюбненська сільська громада,KATOTTG codifier,Хмельницька область
68,6804,6804031,Наркевицька селищна громада,KATOTTG codifier,Хмельницька область
68,6804,6804033,Розсошанська сільська громада,KATOTTG codifier,Хмельницька область
68,6804,6804035,Сатанівська селищна громада,KATOTTG codifier,Хмельницька область
68,6804,6804037,Солобковецька сільська громада,KATOTTG codifier,Хмельницька область
68,6804,6804039,Старокостянтинівська міська громада,KATOTTG codifier,Хмельницька область
68,6804,6804041,Староостропільська сільська громада,KATOTTG codifier,Хмельницька область
68,6804,6804043,Старосинявська селищна громада,KATOTTG codifier,Хмельницька область
68,6804,6804045,Теофіпольська селищна громада,KATOTTG codifier,Хмельницька область
68,6804,6804047,Хмельницька міська громада,KATOTTG codifier,Хмельницька область
68,6804,6804049,Чорноострівська селищна громада,KATOTTG codifier,Хмельницька область
68,6804,6804051,Щиборівська сільська громада,KATOTTG codifier,Хмельницька область
68,6804,6804053,Ярмолинецька селищна громада,KATOTTG codifier,Хмельницька область
68,6806,6806001,Берездівська сільська громада,KATOTTG codifier,Хмельницька область
68,6806,6806003,Білогірська селищна громада,KATOTTG codifier,Хмельницька область
68,6806,6806005,Ганнопільська сільська громада,KATOTTG codifier,Хмельницька область
68,6806,6806007,Грицівська селищна громада,KATOTTG codifier,Хмельницька область
68,6806,6806009,Ізяславська міська громада,KATOTTG codifier,Хмельницька область
68,6806,6806011,Крупецька сільська громада,KATOTTG codifier,Хмельницька область
68,6806,6806013,Ленковецька сільська об'єднана територіальна громада,KATOTTG codifier,Хмельницька область
68,6806,6806015,Михайлюцька сільська громада,KATOTTG codifier,Хмельницька область
68,6806,6806017,Нетішинська міська громада,KATOTTG codifier,Хмельницька область
68,6806,6806019,Плужненська сільська громада,KATOTTG codifier,Хмельницька область
68,6806,6806021,Полонська міська громада,KATOTTG codifier,Хмельницька область
68,6806,6806023,Понінківська селищна громада,KATOTTG codifier,Хмельницька область
68,6806,6806025,Сахновецька сільська громада,KATOTTG codifier,Хмельницька область
68,6806,6806027,Славутська міська громада,KATOTTG codifier,Хмельницька область
68,6806,6806029,Судилківська сільська громада,KATOTTG codifier,Хмельницька область
68,6806,6806031,Улашанівська сільська громада,KATOTTG codifier,Хмельницька область
68,6806,6806033,Шепетівська міська громада,KATOTTG codifier,Хмельницька область
68,6806,6806035,Ямпільська селищна громада,KATOTTG codifier,Хмельницька область
71,7102,7102001,Бужанська сільська громада,KATOTTG codifier,Черкаська область
71,7102,7102003,Ватутінська міська громада,KATOTTG codifier,Черкаська область
71,7102,7102005,Виноградська сільська громада,KATOTTG codifier,Черкаська область
71,7102,7102007,Вільшанська селищна громада,KATOTTG codifier,Черкаська область
71,7102,7102009,Водяницька сільська громада,KATOTTG codifier,Черкаська область
71,7102,7102011,Єрківська селищна громада,KATOTTG codifier,Черкаська область
71,7102,7102013,Звенигородська міська громада,KATOTTG codifier,Черкаська область
71,7102,7102015,Катеринопільська селищна громада,KATOTTG codifier,Черкаська область
71,7102,7102017,Лип'янська сільська громада,KATOTTG codifier,Черкаська область
71,7102,7102019,Лисянська селищна громада,KATOTTG codifier,Черкаська область
71,7102,7102021,Матусівська сільська громада,KATOTTG codifier,Черкаська область
71,7102,7102023,Мокрокалигірська сільська громада,KATOTTG codifier,Черкаська область
71,7102,7102025,Селищенська сільська громада,KATOTTG codifier,Черкаська область
71,7102,7102027,Стеблівська селищна громада,KATOTTG codifier,Черкаська область
71,7102,7102029,Тальнівська міська громада,KATOTTG codifier,Черкаська область
71,7102,7102031,Шевченківська сільська громада,KATOTTG codifier,Черкаська область
71,7102,7102033,Шполянська міська громада,KATOTTG codifier,Черкаська область
71,7104,7104001,Великохутірська сільська громада,KATOTTG codifier,Черкаська область
71,7104,7104003,Вознесенська сільська громада,KATOTTG codifier,Черкаська область
71,7104,7104005,Гельмязівська сільська громада,KATOTTG codifier,Черкаська область
71,7104,7104007,Драбівська селищна громада,KATOTTG codifier,Черкаська область
71,7104,7104009,Золотоніська міська громада,KATOTTG codifier,Черкаська область
71,7104,7104011,Зорівська сільська громада,KATOTTG codifier,Черкаська область
71,7104,7104013,Іркліївська сільська громада,KATOTTG codifier,Черкаська область
71,7104,7104015,Новодмитрівська сільська громада,KATOTTG codifier,Черкаська область
71,7104,7104017,Піщанська сільська громада,KATOTTG codifier,Черкаська область
71,7104,7104019,Чорнобаївська селищна громада,KATOTTG codifier,Черкаська область
71,7104,7104021,Шрамківська сільська громада,KATOTTG codifier,Черкаська область
71,7106,7106001,Бабанська селищна громада,KATOTTG codifier,Черкаська область
71,7106,7106003,Баштечківська сільська громада,KATOTTG codifier,Черкаська область
71,7106,7106005,Буцька селищна громада,KATOTTG codifier,Черкаська область
71,7106,7106007,Дмитрушківська сільська громада,KATOTTG codifier,Черкаська область
71,7106,7106009,Жашківська міська громада,KATOTTG codifier,Черкаська область
71,7106,7106011,Іваньківська сільська громада,KATOTTG codifier,Черкаська область
71,7106,7106013,Ладижинська сільська громада,KATOTTG codifier,Черкаська область
71,7106,7106015,Маньківська селищна громада,KATOTTG codifier,Черкаська область
71,7106,7106017,Монастирищенська міська громада,KATOTTG codifier,Черкаська область
71,7106,7106019,Паланська сільська громада,KATOTTG codifier,Черкаська область
71,7106,7106021,Уманська міська громада,KATOTTG codifier,Черкаська область
71,7106,7106023,Христинівська міська громада,KATOTTG codifier,Черкаська область
71,7108,7108001,Балаклеївська сільська громада,KATOTTG codifier,Черкаська область
71,7108,7108003,Березняківська сільська громада,KATOTTG codifier,Черкаська область
71,7108,7108005,Білозірська сільська громада,KATOTTG codifier,Черкаська область
71,7108,7108007,Бобрицька сільська громада,KATOTTG codifier,Черкаська область
71,7108,7108009,Будищенська сільська громада,KATOTTG codifier,Черкаська область
71,7108,7108011,Городищенська міська громада,KATOTTG codifier,Черкаська область
71,7108,7108013,Кам'янська міська громада,KATOTTG codifier,Черкаська область
71,7108,7108015,Канівська міська громада,KATOTTG codifier,Черкаська область
71,7108,7108017,Корсунь-Шевченківська міська громада,KATOTTG codifier,Черкаська область
71,7108,7108019,Леськівська сільська громада,KATOTTG codifier,Черкаська область
71,7108,7108021,Ліплявська сільська громада,KATOTTG codifier,Черкаська область
71,7108,7108023,Медведівська сільська громада,KATOTTG codifier,Черкаська область
71,7108,7108025,Михайлівська сільська громада,KATOTTG codifier,Черкаська область
71,7108,7108027,Мліївська сільська громада,KATOTTG codifier,Черкаська область
71,7108,7108029,Мошнівська сільська громада,KATOTTG codifier,Черкаська область
71,7108,7108031,Набутівська сільська громада,KATOTTG codifier,Черкаська область
71,7108,7108033,Ротмістрівська сільська громада,KATOTTG codifier,Черкаська область
71,7108,7108035,Руськополянська сільська громада,KATOTTG codifier,Черкаська область
71,7108,7108037,Сагунівська сільська громада,KATOTTG codifier,Черкаська область
71,7108,7108039,Смілянська міська громада,KATOTTG codifier,Черкаська область
71,7108,7108041,Степанецька сільська громада,KATOTTG codifier,Черкаська область
71,7108,7108043,Степанківська сільська громада,KATOTTG codifier,Черкаська область
71,7108,7108045,Тернівська сільська громада,KATOTTG codifier,Черкаська область
71,7108,7108047,Червонослобідська сільська громада,KATOTTG codifier,Черкаська область
71,7108,7108049,Черкаська міська громада,KATOTTG codifier,Черкаська область
71,7108,7108051,Чигиринська міська громада,KATOTTG codifier,Черкаська область
73,7302,7302001,Банилівська сільська громада,KATOTTG codifier,Чернівецька область
73,7302,7302003,Берегометська селищна громада,KATOTTG codifier,Чернівецька область
73,7302,7302005,Брусницька сільська громада,KATOTTG codifier,Чернівецька область
73,7302,7302007,Вашківецька міська громада,KATOTTG codifier,Чернівецька область
73,7302,7302009,Вижницька міська громада,KATOTTG codifier,Чернівецька область
73,7302,7302011,Конятинська сільська громада,KATOTTG codifier,Чернівецька область
73,7302,7302013,Путильська селищна громада,KATOTTG codifier,Чернівецька область
73,7302,7302015,Селятинська сільська громада,KATOTTG codifier,Чернівецька область
73,7302,7302017,Усть-Путильська сільська громада,KATOTTG codifier,Чернівецька область
73,7304,7304001,Вашковецька сільська громада,KATOTTG codifier,Чернівецька область
73,7304,7304003,Кельменецька селищна громада,KATOTTG codifier,Чернівецька область
73,7304,7304005,Клішковецька сільська громада,KATOTTG codifier,Чернівецька область
73,7304,7304007,Лівинецька сільська громада,KATOTTG codifier,Чернівецька область
73,7304,7304009,Мамалигівська сільська громада,KATOTTG codifier,Чернівецька область
73,7304,7304011,Недобоївська сільська громада,KATOTTG codifier,Чернівецька область
73,7304,7304013,Новодністровська міська громада,KATOTTG codifier,Чернівецька область
73,7304,7304015,Рукшинська сільська громада,KATOTTG codifier,Чернівецька область
73,7304,7304017,Сокирянська міська громада,KATOTTG codifier,Чернівецька область
73,7304,7304019,Хотинська міська громада,KATOTTG codifier,Чернівецька область
73,7306,7306001,Боянська сільська громада,KATOTTG codifier,Чернівецька область
73,7306,7306003,Ванчиковецька сільська громада,KATOTTG codifier,Чернівецька область
73,7306,7306005,Великокучурівська сільська громада,KATOTTG codifier,Чернівецька область
73,7306,7306007,Веренчанська сільська громада,KATOTTG codifier,Чернівецька область
73,7306,7306009,Вікнянська сільська громада,KATOTTG codifier,Чернівецька область
73,7306,7306011,Волоківська сільська громада,KATOTTG codifier,Чернівецька область
73,7306,7306013,Герцаївська міська громада,KATOTTG codifier,Чернівецька область
73,7306,7306015,Глибоцька селищна громада,KATOTTG codifier,Чернівецька область
73,7306,7306017,Горішньошеровецька сільська громада,KATOTTG codifier,Чернівецька область
73,7306,7306019,Заставнівська міська громада,KATOTTG codifier,Чернівецька область
73,7306,7306021,Кадубовецька сільська громада,KATOTTG codifier,Чернівецька область
73,7306,7306023,Кам'янецька сільська громада,KATOTTG codifier,Чернівецька область
73,7306,7306025,Кам'янська сільська громада,KATOTTG codifier,Чернівецька область
73,7306,7306027,Карапчівська сільська громада,KATOTTG codifier,Чернівецька область
73,7306,7306029,Кіцманська міська громада,KATOTTG codifier,Чернівецька область
73,7306,7306031,Кострижівська селищна громада,KATOTTG codifier,Чернівецька область
73,7306,7306033,Красноїльська селищна громада,KATOTTG codifier,Чернівецька область
73,7306,7306035,Магальська сільська громада,KATOTTG codifier,Чернівецька область
73,7306,7306037,Мамаївська сільська громада,KATOTTG codifier,Чернівецька область
73,7306,7306039,Неполоковецька селищна громада,KATOTTG codifier,Чернівецька область
73,7306,7306041,Новоселицька міська громада,KATOTTG codifier,Чернівецька область
73,7306,7306043,Острицька сільська громада,KATOTTG codifier,Чернівецька область
73,7306,7306045,Петровецька сільська громада,KATOTTG codifier,Чернівецька область
73,7306,7306047,Ставчанська сільська громада,KATOTTG codifier,Чернівецька область
73,7306,7306049,Сторожинецька міська громада,KATOTTG codifier,Чернівецька область
73,7306,7306051,Сучевенська сільська громада,KATOTTG codifier,Чернівецька область
73,7306,7306053,Тарашанська сільська громада,KATOTTG codifier,Чернівецька область
73,7306,7306055,Тереблеченська сільська громада,KATOTTG codifier,Чернівецька область
73,7306,7306057,Топорівська сільська громада,KATOTTG codifier,Чернівецька область
73,7306,7306059,Чагорська сільська громада,KATOTTG codifier,Чернівецька область
73,7306,7306061,Чернівецька міська громада,KATOTTG codifier,Чернівецька область
73,7306,7306063,Чудейська сільська громада,KATOTTG codifier,Чернівецька область
73,7306,7306065,Юрковецька сільська громада,KATOTTG codifier,Чернівецька область
74,7402,7402001,Корюківська міська громада,KATOTTG codifier,Чернігівська область
74,7402,7402003,Менська міська громада,KATOTTG codifier,Чернігівська область
74,7402,7402005,Сновська міська громада,KATOTTG codifier,Чернігівська область
74,7402,7402007,Сосницька селищна громада,KATOTTG codifier,Чернігівська область
74,7402,7402009,Холминська селищна громада,KATOTTG codifier,Чернігівська область
74,7404,7404001,Батуринська міська громада,KATOTTG codifier,Чернігівська область
74,7404,7404003,Бахмацька міська громада,KATOTTG codifier,Чернігівська область
74,7404,7404005,Бобровицька міська громада,KATOTTG codifier,Чернігівська область
74,7404,7404007,Борзнянська міська громада,KATOTTG codifier,Чернігівська область
74,7404,7404009,Вертіївська сільська громада,KATOTTG codifier,Чернігівська область
74,7404,7404011,Височанська сільська громада,KATOTTG codifier,Чернігівська область
74,7404,7404013,Дмитрівська селищна громада,KATOTTG codifier,Чернігівська область
74,7404,7404015,Комарівська сільська громада,KATOTTG codifier,Чернігівська область
74,7404,7404017,Крутівська сільська громада,KATOTTG codifier,Чернігівська область
74,7404,7404019,Лосинівська селищна громада,KATOTTG codifier,Чернігівська область
74,7404,7404021,Макіївська сільська громада,KATOTTG codifier,Чернігівська область
74,7404,7404023,Мринська сільська громада,KATOTTG codifier,Чернігівська область
74,7404,7404025,Ніжинська міська громада,KATOTTG codifier,Чернігівська область
74,7404,7404027,Новобасанська сільська громада,KATOTTG codifier,Чернігівська область
74,7404,7404029,Носівська міська громада,KATOTTG codifier,Чернігівська область
74,7404,7404031,Плисківська сільська громада,KATOTTG codifier,Чернігівська область
74,7404,7404033,Талалаївська сільська громада,KATOTTG codifier,Чернігівська область
74,7406,7406001,Коропська селищна громада,KATOTTG codifier,Чернігівська область
74,7406,7406003,Новгород-Сіверська міська громада,KATOTTG codifier,Чернігівська область
74,7406,7406005,Понорницька селищна громада,KATOTTG codifier,Чернігівська область
74,7406,7406007,Семенівська міська громада,KATOTTG codifier,Чернігівська область
74,7408,7408001,Варвинська селищна громада,KATOTTG codifier,Чернігівська область
74,7408,7408003,Ічнянська міська громада,KATOTTG codifier,Чернігівська область
74,7408,7408005,Ладанська селищна громада,KATOTTG codifier,Чернігівська область
74,7408,7408007,Линовицька селищна громада,KATOTTG codifier,Чернігівська область
74,7408,7408009,Малодівицька селищна громада,KATOTTG codifier,Чернігівська область
74,7408,7408011,Парафіївська селищна громада,KATOTTG codifier,Чернігівська область
74,7408,7408013,Прилуцька міська громада,KATOTTG codifier,Чернігівська область
74,7408,7408015,Срібнянська селищна громада,KATOTTG codifier,Чернігівська область
74,7408,7408017,Сухополов'янська сільська громада,KATOTTG codifier,Чернігівська область
74,7408,7408019,Талалаївська селищна громада,KATOTTG codifier,Чернігівська область
74,7408,7408021,Яблунівська сільська громада,KATOTTG codifier,Чернігівська область
74,7410,7410001,Березнянська селищна громада,KATOTTG codifier,Чернігівська область
74,7410,7410003,Гончарівська селищна громада,KATOTTG codifier,Чернігівська область
74,7410,7410005,Городнянська міська громада,KATOTTG codifier,Чернігівська область
74,7410,7410007,Деснянська селищна громада,KATOTTG codifier,Чернігівська область
74,7410,7410009,Добрянська селищна громада,KATOTTG codifier,Чернігівська область
74,7410,7410011,Іванівська сільська громада,KATOTTG codifier,Чернігівська область
74,7410,7410013,Киїнська сільська громада,KATOTTG codifier,Чернігівська область
74,7410,7410015,Киселівська сільська громада,KATOTTG codifier,Чернігівська область
74,7410,7410017,Кіптівська сільська громада,KATOTTG codifier,Чернігівська область
74,7410,7410019,Козелецька селищна громада,KATOTTG codifier,Чернігівська область
74,7410,7410021,Куликівська селищна громада,KATOTTG codifier,Чернігівська область
74,7410,7410023,Любецька селищна громада,KATOTTG codifier,Чернігівська область
74,7410,7410025,Михайло-Коцюбинська селищна громада,KATOTTG codifier,Чернігівська область
74,7410,7410027,Новобілоуська сільська громада,KATOTTG codifier,Чернігівська область
74,7410,7410029,Олишівська селищна громада,KATOTTG codifier,Чернігівська область
74,7410,7410031,Остерська міська громада,KATOTTG codifier,Чернігівська область
74,7410,7410033,Ріпкинська селищна громада,KATOTTG codifier,Чернігівська область
74,7410,7410035,Седнівська селищна громада,KATOTTG codifier,Чернігівська область
74,7410,7410037,Тупичівська сільська громада,KATOTTG codifier,Чернігівська область
74,7410,7410039,Чернігівська міська громада,KATOTTG codifier,Чернігівська область
80,8000,8000000,Київ,special-status city,Київ
85,8500,8500000,Севастополь,special-status city,Севастополь
