k1,k2,k3,name,m_formed_year,m_formed_voluntary,m_formed_years_before_2020,snapshot
01,0102,0102001,Андріївська сільська рада,,,,2026-09-29
01,0102,0102003,Ароматное,,,,2026-09-29
01,0102,0102005,Бахчисарай,,,,2026-09-29
01,0102,0102007,Камышлы,,,,2026-09-29
01,0102,0102009,Верхоречье,,,,2026-09-29
01,0102,0102011,Вилино,,,,2026-09-29
01,0102,0102013,Голубинка,,,,2026-09-29
01,0102,0102015,Долинное,,,,2026-09-29
01,0102,0102017,Железнодорожное,,,,2026-09-29
01,0102,0102019,Зеленівська сільська рада,,,,2026-09-29
01,0102,0102021,Инкерман,,,,2026-09-29
01,0102,0102023,Кача,,,,2026-09-29
01,0102,0102025,Каштанівська сільська рада,,,,2026-09-29
01,0102,0102027,Красный Мак,,,,2026-09-29
01,0102,0102029,Куйбышево,,,,2026-09-29
01,0102,0102031,Кизиловое,,,,2026-09-29
01,0102,0102033,Песчаное,,,,2026-09-29
01,0102,0102035,Плодовое,,,,2026-09-29
01,0102,0102037,Заветное,,,,2026-09-29
01,0102,0102039,Скалистое,,,,2026-09-29
01,0102,0102041,Табачное,,,,2026-09-29
01,0102,0102043,Терновка,,,,2026-09-29
01,0102,0102045,Тінистівська сільська рада,,,,2026-09-29
01,0102,0102047,Углівська сільська рада,,,,2026-09-29
01,0104,0104003,Богатое,,,,2026-09-29
01,0104,0104005,Белогорск,,,,2026-09-29
01,0104,0104007,Василівська сільська рада,,,,2026-09-29
01,0104,0104009,Вишенська сільська рада,,,,2026-09-29
01,0104,0104011,Дрофинська сільська рада,,,,2026-09-29
01,0104,0104013,Желябовська сільська рада,1921.0,1.0,99.44421629021218,2026-09-29
01,0104,0104015,Жемчужинська сільська рада,,,,2026-09-29
01,0104,0104017,Балки,,,,2026-09-29
01,0104,0104019,Земляничненська сільська рада,,,,2026-09-29
01,0104,0104021,Зыбины,,,,2026-09-29
01,0104,0104023,Зоркино,,,,2026-09-29
01,0104,0104025,Баланово,,,,2026-09-29
01,0104,0104027,Тарасовка,,,,2026-09-29
01,0104,0104031,Косточковка,,,,2026-09-29
01,0104,0104035,Криничное,,,,2026-09-29
01,0104,0104037,Курское,,,,2026-09-29
01,0104,0104039,Кирсановка,,,,2026-09-29
01,0104,0104041,Мельнична сільська рада,,,,2026-09-29
01,0104,0104043,Митрофановка,,,,2026-09-29
01,0104,0104045,Михайлівська сільська рада,1920.0,1.0,100.44626967830253,2026-09-29
01,0104,0104047,Мичуринское,,,,2026-09-29
01,0104,0104049,Муромська сільська рада,,,,2026-09-29
01,0104,0104051,Нижнегорский,,,,2026-09-29
01,0104,0104053,Новогригорівська сільська рада,,,,2026-09-29
01,0104,0104055,Анновка,,,,2026-09-29
01,0104,0104057,Омелянівська сільська рада,,,,2026-09-29
01,0104,0104059,Охотська сільська рада,1945.0,1.0,75.44421629021218,2026-09-29
01,0104,0104061,Пшеничненська сільська рада,1974.0,1.0,46.444900752908964,2026-09-29
01,0104,0104063,Русаківська сільська рада,,,,2026-09-29
01,0104,0104065,Садовое,,,,2026-09-29
01,0104,0104067,Уваровка,,,,2026-09-29
01,0104,0104069,Цвіточненська сільська рада,,,,2026-09-29
01,0104,0104071,Чкалово,1974.0,1.0,46.444900752908964,2026-09-29
01,0104,0104073,Чорнопільська сільська рада,,,,2026-09-29
01,0104,0104075,Акимовка,,,,2026-09-29
01,0106,0106001,Азовское,,,,2026-09-29
01,0106,0106005,Джанкой,,,,2026-09-29
01,0106,0106007,Єрмаківська сільська рада,,,,2026-09-29
01,0106,0106009,Завіто-Ленінська сільська рада,,,,2026-09-29
01,0106,0106011,Армейское,,,,2026-09-29
01,0106,0106013,Дмитриевка,,,,2026-09-29
01,0106,0106015,Кондратьево,,,,2026-09-29
01,0106,0106017,Кримківська сільська рада,1986.0,1.0,33.738535249828885,2026-09-29
01,0106,0106019,Марьино,,,,2026-09-29
01,0106,0106021,Луганська сільська рада,,,,2026-09-29
01,0106,0106023,Майское,,,,2026-09-29
01,0106,0106025,Маслово,,,,2026-09-29
01,0106,0106027,Медведевка,,,,2026-09-29
01,0106,0106029,Мирнівська сільська рада,,,,2026-09-29
01,0106,0106031,Новокримська сільська рада,,,,2026-09-29
01,0106,0106033,Пахаревка,,,,2026-09-29
01,0106,0106035,Побєдненська сільська рада,,,,2026-09-29
01,0106,0106037,Просторненська сільська рада,,,,2026-09-29
01,0106,0106041,Рощинська сільська рада,,,,2026-09-29
01,0106,0106043,Светлое,,,,2026-09-29
01,0106,0106045,Новоконстантиновка,,,,2026-09-29
01,0106,0106047,Новосельцево,,,,2026-09-29
01,0106,0106049,Колоски,,,,2026-09-29
01,0106,0106051,Чайкино,,,,2026-09-29
01,0106,0106053,Яркое,,,,2026-09-29
01,0106,0106055,Яркое Поле,,,,2026-09-29
01,0106,0106057,Яснополянська сільська рада,,,,2026-09-29
01,0108,0108001,Вересаево,,,,2026-09-29
01,0108,0108003,Весёловка,,,,2026-09-29
01,0108,0108005,Виноградово,,,,2026-09-29
01,0108,0108007,Воробьёво,,,,2026-09-29
01,0108,0108009,Геройское,,,,2026-09-29
01,0108,0108011,Далёкое,,,,2026-09-29
01,0108,0108013,Добрушинська сільська рада,,,,2026-09-29
01,0108,0108015,Евпатория,,,,2026-09-29
01,0108,0108019,Зернівська сільська рада,,,,2026-09-29
01,0108,0108021,Іванівська сільська рада,1922.0,1.0,98.44490075290896,2026-09-29
01,0108,0108023,Кировское,,,,2026-09-29
01,0108,0108025,Кольцовська сільська рада,,,,2026-09-29
01,0108,0108027,Крайненська сільська рада,,,,2026-09-29
01,0108,0108029,Краснополянська сільська рада,,,,2026-09-29
01,0108,0108031,Красноярское,,,,2026-09-29
01,0108,0108033,Крымское,,,,2026-09-29
01,0108,0108035,Лесновка,,,,2026-09-29
01,0108,0108037,Медведево,,,,2026-09-29
01,0108,0108039,Мирный,,,,2026-09-29
01,0108,0108041,Митяївська сільська рада,,,,2026-09-29
01,0108,0108043,Межводное,,,,2026-09-29
01,0108,0108045,Абрикосовка,,,,2026-09-29
01,0108,0108047,Новоивановка,,,,2026-09-29
01,0108,0108051,Новосільська сільська рада,,,,2026-09-29
01,0108,0108053,Новофёдоровка,,,,2026-09-29
01,0108,0108055,Окунівська сільська рада,,,,2026-09-29
01,0108,0108057,Оленевка,,,,2026-09-29
01,0108,0108059,Оріхівська сільська рада,,,,2026-09-29
01,0108,0108061,Охотниківська сільська рада,,,,2026-09-29
01,0108,0108063,Ромашкінська сільська рада,,,,2026-09-29
01,0108,0108065,Саки,,,,2026-09-29
01,0108,0108067,Сизовка,,,,2026-09-29
01,0108,0108069,Стовпівська сільська рада,,,,2026-09-29
01,0108,0108071,Суворовское,,,,2026-09-29
01,0108,0108075,Фрунзе,,,,2026-09-29
01,0108,0108077,Черноморское,,,,2026-09-29
01,0108,0108079,Штормовое,,,,2026-09-29
01,0110,0110001,Багерово,,,,2026-09-29
01,0110,0110003,Батальненська сільська рада,,,,2026-09-29
01,0110,0110005,Белинское,,,,2026-09-29
01,0110,0110007,Виноградненська сільська рада,,,,2026-09-29
01,0110,0110009,Войково,,,,2026-09-29
01,0110,0110011,Юркино,,,,2026-09-29
01,0110,0110013,Горностаевка,,,,2026-09-29
01,0110,0110015,Заветное,,,,2026-09-29
01,0110,0110019,Калинівська сільська рада,,,,2026-09-29
01,0110,0110021,Керчь,,,,2026-09-29
01,0110,0110023,Кіровська сільська рада,,,,2026-09-29
01,0110,0110025,Красногірська сільська рада,,,,2026-09-29
01,0110,0110027,Ленино,,,,2026-09-29
01,0110,0110029,Ленінська сільська рада,,,,2026-09-29
01,0110,0110031,Луговое,,,,2026-09-29
01,0110,0110033,Марьевка,,,,2026-09-29
01,0110,0110035,Марфовка,,,,2026-09-29
01,0110,0110037,Мисівська сільська рада,,,,2026-09-29
01,0110,0110039,Новомиколаївська сільська рада,,,,2026-09-29
01,0110,0110043,Останінська сільська рада,,,,2026-09-29
01,0110,0110045,Приозерне,,,,2026-09-29
01,0110,0110047,Семисотка,,,,2026-09-29
01,0110,0110049,Уварово,,,,2026-09-29
01,0110,0110051,Челядиново,,,,2026-09-29
01,0110,0110053,Чистопільська сільська рада,,,,2026-09-29
01,0110,0110055,Щёлкино,,,,2026-09-29
01,0112,0112001,Абрикосівська сільська рада,,,,2026-09-29
01,0112,0112003,Амурское,,,,2026-09-29
01,0112,0112005,Войковська сільська рада,,,,2026-09-29
01,0112,0112007,Восход,,,,2026-09-29
01,0112,0112009,Гвардейское,,,,2026-09-29
01,0112,0112011,Гришинська сільська рада,,,,2026-09-29
01,0112,0112013,Зерновое,,,,2026-09-29
01,0112,0112015,Калінінська сільська рада,,,,2026-09-29
01,0112,0112017,Калінінська сільська рада,,,,2026-09-29
01,0112,0112019,Клепинінська сільська рада,,,,2026-09-29
01,0112,0112021,Колодязне,,,,2026-09-29
01,0112,0112023,Кормівська сільська рада,,,,2026-09-29
01,0112,0112025,Котельниково,,,,2026-09-29
01,0112,0112027,Красногвардейское,,,,2026-09-29
01,0112,0112029,Краснознам'янська сільська рада,,,,2026-09-29
01,0112,0112031,Крестянівська сільська рада,,,,2026-09-29
01,0112,0112033,Ленинское,,,,2026-09-29
01,0112,0112035,Мар'янівська сільська рада,,,,2026-09-29
01,0112,0112037,Найдёновка,,,,2026-09-29
01,0112,0112039,Новопокровка,,,,2026-09-29
01,0112,0112041,Октябрьское,,,,2026-09-29
01,0112,0112043,Октябрська сільська рада,,,,2026-09-29
01,0112,0112045,Александровка,,,,2026-09-29
01,0112,0112047,Олексіївська сільська рада,,,,2026-09-29
01,0112,0112049,Островська сільська рада,,,,2026-09-29
01,0112,0112051,П'ятихатська сільська рада,,,,2026-09-29
01,0112,0112053,Первомайское,,,,2026-09-29
01,0112,0112055,Петровка,,,,2026-09-29
01,0112,0112057,Полтавська сільська рада,,,,2026-09-29
01,0112,0112059,Правда,,,,2026-09-29
01,0112,0112061,Некрасово,,,,2026-09-29
01,0112,0112063,Сарибашівська сільська рада,,,,2026-09-29
01,0112,0112065,Стахановська сільська рада,,,,2026-09-29
01,0112,0112067,Крыловка,,,,2026-09-29
01,0112,0112069,Сусанінська сільська рада,,,,2026-09-29
01,0112,0112071,Черново,,,,2026-09-29
01,0112,0112073,Янтарненська сільська рада,,,,2026-09-29
01,0114,0114001,Армянск,,,,2026-09-29
01,0114,0114003,Берёзовка,,,,2026-09-29
01,0114,0114005,Ботаническое,,,,2026-09-29
01,0114,0114007,Братское,,,,2026-09-29
01,0114,0114009,Вишнёвка,,,,2026-09-29
01,0114,0114011,Воинка,,,,2026-09-29
01,0114,0114013,Зимино,1930.0,1.0,89.61806981519507,2026-09-29
01,0114,0114015,Іллінська сільська рада,,,,2026-09-29
01,0114,0114017,Ішунська сільська рада,,,,2026-09-29
01,0114,0114019,Ковильнівська сільська рада,,,,2026-09-29
01,0114,0114021,Красноармейское,,,,2026-09-29
01,0114,0114023,Красноперекопск,,,,2026-09-29
01,0114,0114025,Кукушкінська сільська рада,,,,2026-09-29
01,0114,0114027,Магазинка,,,,2026-09-29
01,0114,0114029,Новопавловка,,,,2026-09-29
01,0114,0114031,Північне,,,,2026-09-29
01,0114,0114033,Орлівська сільська рада,,,,2026-09-29
01,0114,0114035,Почетненська сільська рада,,,,2026-09-29
01,0114,0114039,Ручьи,,,,2026-09-29
01,0114,0114041,Серебрянка,,,,2026-09-29
01,0114,0114043,Славнівська сільська рада,,,,2026-09-29
01,0114,0114045,Славянское,,,,2026-09-29
01,0114,0114047,Рисовое,,,,2026-09-29
01,0114,0114049,Суворово,,,,2026-09-29
01,0114,0114051,Філатівська сільська рада,,,,2026-09-29
01,0114,0114053,Чернишівська сільська рада,,,,2026-09-29
01,0116,0116001,Гвардейское,,,,2026-09-29
01,0116,0116003,Грэсовский,,,,2026-09-29
01,0116,0116005,Доброе,,,,2026-09-29
01,0116,0116007,Дмитрово,,,,2026-09-29
01,0116,0116009,Журавлівська сільська рада,,,,2026-09-29
01,0116,0116011,Кольчугино,,,,2026-09-29
01,0116,0116013,Красновка,,,,2026-09-29
01,0116,0116015,Николаевка,,,,2026-09-29
01,0116,0116017,Мирное,,,,2026-09-29
01,0116,0116019,Молодёжное,,,,2026-09-29
01,0116,0116021,Новоандреевка,,,,2026-09-29
01,0116,0116023,Новоселівська сільська рада,,,,2026-09-29
01,0116,0116025,Первомайское,,,,2026-09-29
01,0116,0116027,Перовська сільська рада,,,,2026-09-29
01,0116,0116029,Пожарское,,,,2026-09-29
01,0116,0116031,Родниково,,,,2026-09-29
01,0116,0116033,Симферополь,,,,2026-09-29
01,0116,0116035,Скворцово,,,,2026-09-29
01,0116,0116037,Трудовое,,,,2026-09-29
01,0116,0116039,Укромное,,,,2026-09-29
01,0116,0116041,Живописное,,,,2026-09-29
01,0116,0116043,Чистенська сільська рада,,,,2026-09-29
01,0116,0116045,Широківська сільська рада,,,,2026-09-29
01,0116,0116047,Школьное,2001.0,1.0,18.902121834360027,2026-09-29
01,0118,0118001,Абрикосовка,,,,2026-09-29
01,0118,0118003,Степное,,,,2026-09-29
01,0118,0118005,Весёлое,,,,2026-09-29
01,0118,0118007,Владиславовка,,,,2026-09-29
01,0118,0118009,Грушевка,,,,2026-09-29
01,0118,0118011,Дачное,,,,2026-09-29
01,0118,0118013,Дмитровка,,,,2026-09-29
01,0118,0118015,Журавська сільська рада,,,,2026-09-29
01,0118,0118017,Заповітне,,,,2026-09-29
01,0118,0118019,Золотополенська сільська рада,,,,2026-09-29
01,0118,0118021,Іллічівська сільська рада,,,,2026-09-29
01,0118,0118023,Кировское,,,,2026-09-29
01,0118,0118025,Коктебель,,,,2026-09-29
01,0118,0118027,Красногвардейское,,,,2026-09-29
01,0118,0118029,Краснофлотська сільська рада,,,,2026-09-29
01,0118,0118031,Льговська сільська рада,,,,2026-09-29
01,0118,0118033,Междуречье,,,,2026-09-29
01,0118,0118035,Морское,,,,2026-09-29
01,0118,0118037,Пионерское,,,,2026-09-29
01,0118,0118039,Некрасовка,,,,2026-09-29
01,0118,0118041,Новый Свет,,,,2026-09-29
01,0118,0118043,Орджоникидзе,,,,2026-09-29
01,0118,0118045,Партизанська сільська рада,,,,2026-09-29
01,0118,0118047,Первомайское,,,,2026-09-29
01,0118,0118049,Привітне,,,,2026-09-29
01,0118,0118051,Приморский,,,,2026-09-29
01,0118,0118053,Пруды,,,,2026-09-29
01,0118,0118055,Пушкино,,,,2026-09-29
01,0118,0118057,Синицинська сільська рада,,,,2026-09-29
01,0118,0118059,Советский,,,,2026-09-29
01,0118,0118061,Солнечная Долина,,,,2026-09-29
01,0118,0118063,Старый Крым,,,,2026-09-29
01,0118,0118065,Судак,,,,2026-09-29
01,0118,0118067,Токарево,,,,2026-09-29
01,0118,0118071,Феодосия,,,,2026-09-29
01,0118,0118073,Чапаевка,,,,2026-09-29
01,0118,0118075,Демьяновка,,,,2026-09-29
01,0118,0118077,Щебетовка,,,,2026-09-29
01,0118,0118079,Яркополенська сільська рада,,,,2026-09-29
01,0120,0120001,Алупка,,,,2026-09-29
01,0120,0120003,Алушта,,,,2026-09-29
01,0120,0120005,Гаспра,,,,2026-09-29
01,0120,0120007,Гурзуф,,,,2026-09-29
01,0120,0120009,Изобильное,,,,2026-09-29
01,0120,0120011,Кореиз,,,,2026-09-29
01,0120,0120013,Ливадия,,,,2026-09-29
01,0120,0120015,Лучистое,,,,2026-09-29
01,0120,0120017,Виноградное,,,,2026-09-29
01,0120,0120019,Малореченское,,,,2026-09-29
01,0120,0120021,Массандра,,,,2026-09-29
01,0120,0120023,Партенит,,,,2026-09-29
01,0120,0120025,Приветное,,,,2026-09-29
01,0120,0120027,Береговое,,,,2026-09-29
01,0120,0120029,Форос,,,,2026-09-29
01,0120,0120031,Ялта,,,,2026-09-29
05,0502,0502001,Агрономічна сільська громада,2019.0,1.0,0.5256673511293635,2026-09-29
05,0502,0502003,Вінницька міська громада,2018.0,1.0,1.6290212183436004,2026-09-29
05,0502,0502005,Вороновицька селищна громада,2016.0,1.0,3.759069130732375,2026-09-29
05,0502,0502007,Гніванська міська громада,2016.0,1.0,3.5537303216974676,2026-09-29
05,0502,0502009,Іллінецька міська громада,2016.0,1.0,4.030116358658453,2026-09-29
05,0502,0502011,Липовецька міська громада,2020.0,0.0,0.0,2026-09-29
05,0502,0502013,Літинська селищна громада,2018.0,1.0,1.6673511293634498,2026-09-29
05,0502,0502015,Лука-Мелешківська сільська громада,,,,2026-09-29
05,0502,0502017,Немирівська міська громада,2016.0,1.0,3.8220396988364134,2026-09-29
05,0502,0502019,Оратівська селищна громада,2016.0,1.0,3.7426420260095825,2026-09-29
05,0502,0502021,Погребищенська міська громада,2020.0,0.0,0.0,2026-09-29
05,0502,0502023,Стрижавська селищна громада,,,,2026-09-29
05,0502,0502025,Сутисківська селищна громада,2018.0,1.0,1.675564681724846,2026-09-29
05,0502,0502027,Тиврівська селищна громада,,,,2026-09-29
05,0502,0502029,Турбівська селищна громада,2020.0,0.0,0.0,2026-09-29
05,0502,0502031,Якушинецька сільська громада,2016.0,1.0,3.6303901437371664,2026-09-29
05,0504,0504001,Бершадська міська громада,,,,2026-09-29
05,0504,0504003,Гайсинська міська громада,,,,2026-09-29
05,0504,0504005,Дашівська селищна громада,2016.0,1.0,3.997262149212868,2026-09-29
05,0504,0504007,Джулинська сільська громада,2016.0,1.0,3.909650924024641,2026-09-29
05,0504,0504009,Краснопільська сільська громада,2016.0,1.0,3.756331279945243,2026-09-29
05,0504,0504011,Кунківська сільська громада,,,,2026-09-29
05,0504,0504013,Ладижинська міська громада,2020.0,0.0,0.0,2026-09-29
05,0504,0504015,Ободівська сільська громада,2020.0,0.0,0.0,2026-09-29
05,0504,0504017,Ольгопільська сільська громада,2020.0,0.0,0.0,2026-09-29
05,0504,0504019,Райгородська сільська громада,2016.0,1.0,3.972621492128679,2026-09-29
05,0504,0504021,Соболівська сільська громада,2018.0,1.0,1.9548254620123204,2026-09-29
05,0504,0504023,Теплицька селищна громада,2018.0,1.0,1.839835728952772,2026-09-29
05,0504,0504025,Тростянецька селищна громада,2018.0,1.0,2.346338124572211,2026-09-29
05,0504,0504027,Чечельницька селищна громада,2020.0,0.0,0.0,2026-09-29
05,0506,0506001,Барська міська громада,2016.0,1.0,3.761806981519507,2026-09-29
05,0506,0506003,Джуринська сільська громада,,,,2026-09-29
05,0506,0506005,Жмеринська міська громада,2019.0,1.0,0.621492128678987,2026-09-29
05,0506,0506007,Копайгородська селищна громада,2020.0,1.0,0.36960985626283366,2026-09-29
05,0506,0506009,Мурафська сільська громада,2016.0,1.0,3.578370978781656,2026-09-29
05,0506,0506011,Северинівська сільська громада,2016.0,1.0,3.756331279945243,2026-09-29
05,0506,0506013,Станіславчицька сільська громада,,,,2026-09-29
05,0506,0506015,Шаргородська міська громада,,,,2026-09-29
05,0508,0508001,Бабчинецька сільська громада,2016.0,1.0,3.759069130732375,2026-09-29
05,0508,0508003,Вендичанська селищна громада,,,,2026-09-29
05,0508,0508005,Могилів-Подільська міська громада,2020.0,0.0,0.0,2026-09-29
05,0508,0508007,Мурованокуриловецька селищна громада,2019.0,1.0,0.5585215605749486,2026-09-29
05,0508,0508009,Чернівецька селищна громада,,,,2026-09-29
05,0508,0508011,Ямпільська міська громада,,,,2026-09-29
05,0508,0508013,Яришівська сільська громада,,,,2026-09-29
05,0510,0510001,Брацлавська селищна громада,2017.0,1.0,2.91854893908282,2026-09-29
05,0510,0510003,Вапнярська селищна громада,2016.0,1.0,4.199863107460644,2026-09-29
05,0510,0510005,Городківська сільська громада,,,,2026-09-29
05,0510,0510007,Крижопільська селищна громада,,,,2026-09-29
05,0510,0510009,Піщанська селищна громада,,,,2026-09-29
05,0510,0510011,Студенянська сільська громада,2015.0,1.0,4.59958932238193,2026-09-29
05,0510,0510013,Томашпільська селищна громада,2016.0,1.0,3.759069130732375,2026-09-29
05,0510,0510015,Тульчинська міська громада,2016.0,1.0,3.813826146475017,2026-09-29
05,0510,0510017,Шпиківська селищна громада,2016.0,1.0,3.8767967145790556,2026-09-29
05,0512,0512001,Глуховецька селищна громада,2017.0,1.0,2.8747433264887063,2026-09-29
05,0512,0512003,Жданівська сільська громада,,,,2026-09-29
05,0512,0512005,Іванівська сільська громада,2017.0,1.0,2.9897330595482545,2026-09-29
05,0512,0512007,Калинівська міська громада,2015.0,1.0,4.799452429842574,2026-09-29
05,0512,0512009,Козятинська міська громада,2020.0,0.0,0.0,2026-09-29
05,0512,0512011,Махнівська сільська громада,2019.0,1.0,0.7529089664613279,2026-09-29
05,0512,0512013,Самгородоцька сільська громада,,,,2026-09-29
05,0512,0512015,Уланівська сільська громада,,,,2026-09-29
05,0512,0512017,Хмільницька міська громада,2018.0,1.0,1.5605749486652978,2026-09-29
07,0702,0702001,Володимирська міська територіальна громада,2020.0,0.0,0.0,2026-09-29
07,0702,0702003,Затурцівська сільська громада,2017.0,1.0,2.704996577686516,2026-09-29
07,0702,0702005,Зимнівська сільська громада,2015.0,1.0,4.829568788501026,2026-09-29
07,0702,0702007,Іваничівська селищна громада,2017.0,1.0,2.951403148528405,2026-09-29
07,0702,0702009,Литовезька сільська громада,2016.0,1.0,3.871321013004791,2026-09-29
07,0702,0702011,Локачинська селищна громада,,,,2026-09-29
07,0702,0702013,Нововолинська міська громада,2020.0,0.0,0.08213552361396304,2026-09-29
07,0702,0702015,Оваднівська сільська громада,2016.0,1.0,3.969883641341547,2026-09-29
07,0702,0702017,Павлівська сільська громада,2016.0,1.0,3.8247775496235454,2026-09-29
07,0702,0702019,Поромівська сільська громада,2016.0,1.0,3.8412046543463383,2026-09-29
07,0702,0702021,Устилузька міська громада,2015.0,1.0,4.829568788501026,2026-09-29
07,0704,0704001,Камінь-Каширська міська громада,,,,2026-09-29
07,0704,0704003,Любешівська селищна громада,2017.0,1.0,2.839151266255989,2026-09-29
07,0704,0704005,Маневицька селищна громада,,,,2026-09-29
07,0704,0704007,Прилісненська сільська громада,2016.0,1.0,3.8795345653661877,2026-09-29
07,0704,0704009,Сошичненська сільська громада,2019.0,1.0,0.4736481861738535,2026-09-29
07,0706,0706001,Велимченська сільська громада,2017.0,1.0,3.3648186173853527,2026-09-29
07,0706,0706003,Велицька сільська громада,2015.0,1.0,4.829568788501026,2026-09-29
07,0706,0706005,Вишнівська сільська громада,2016.0,1.0,3.468856947296372,2026-09-29
07,0706,0706007,Голобська селищна громада,2015.0,1.0,4.829568788501026,2026-09-29
07,0706,0706009,Головненська селищна громада,2017.0,1.0,2.9322381930184807,2026-09-29
07,0706,0706011,Дубечненська сільська громада,2017.0,1.0,2.8939082819986313,2026-09-29
07,0706,0706013,Дубівська сільська громада,2016.0,1.0,3.8795345653661877,2026-09-29
07,0706,0706015,Заболоттівська селищна громада,2016.0,1.0,3.7207392197125255,2026-09-29
07,0706,0706017,Забродівська сільська громада,2016.0,1.0,3.67419575633128,2026-09-29
07,0706,0706019,Ковельська міська громада,2020.0,0.0,0.0,2026-09-29
07,0706,0706021,Колодяжненська сільська громада,2016.0,1.0,3.676933607118412,2026-09-29
07,0706,0706023,Луківська селищна громада,2016.0,1.0,3.468856947296372,2026-09-29
07,0706,0706025,Люблинецька селищна громада,2016.0,1.0,4.153319644079398,2026-09-29
07,0706,0706027,Любомльська міська громада,2017.0,1.0,2.855578370978782,2026-09-29
07,0706,0706029,Поворська сільська громада,2016.0,1.0,3.9479808350444903,2026-09-29
07,0706,0706031,Ратнівська селищна громада,,,,2026-09-29
07,0706,0706033,Рівненська сільська громада,2017.0,1.0,2.9021218343600275,2026-09-29
07,0706,0706035,Самарівська сільська громада,2016.0,1.0,3.67419575633128,2026-09-29
07,0706,0706037,Сереховичівська сільська громада,,,,2026-09-29
07,0706,0706039,Смідинська сільська громада,2017.0,1.0,3.2032854209445585,2026-09-29
07,0706,0706041,Старовижівська селищна громада,2018.0,1.0,1.9219712525667352,2026-09-29
07,0706,0706043,Турійська селищна громада,2017.0,1.0,3.2799452429842573,2026-09-29
07,0706,0706045,Шацька селищна громада,2015.0,1.0,4.700889801505818,2026-09-29
07,0708,0708001,Берестечківська міська громада,,,,2026-09-29
07,0708,0708003,Боратинська сільська громада,2017.0,1.0,2.937713894592745,2026-09-29
07,0708,0708005,Городищенська сільська громада,2017.0,1.0,3.1266255989048597,2026-09-29
07,0708,0708007,Горохівська міська громада,2020.0,0.0,0.0,2026-09-29
07,0708,0708009,Доросинівська сільська громада,2019.0,1.0,0.4736481861738535,2026-09-29
07,0708,0708011,Ківерцівська міська громада,2018.0,1.0,1.8453114305270362,2026-09-29
07,0708,0708013,Колківська селищна громада,2017.0,1.0,3.0088980150581794,2026-09-29
07,0708,0708015,Копачівська сільська громада,2017.0,1.0,2.8281998631074607,2026-09-29
07,0708,0708017,Луцька міська громада,2019.0,1.0,0.6324435318275154,2026-09-29
07,0708,0708019,Мар'янівська селищна громада,2018.0,1.0,1.9219712525667352,2026-09-29
07,0708,0708021,Олицька селищна громада,,,,2026-09-29
07,0708,0708023,Підгайцівська сільська громада,2018.0,1.0,2.2669404517453797,2026-09-29
07,0708,0708025,Рожищенська міська громада,,,,2026-09-29
07,0708,0708027,Торчинська селищна громада,2018.0,1.0,2.3682409308692676,2026-09-29
07,0708,0708029,Цуманська селищна громада,2017.0,1.0,2.8774811772758384,2026-09-29
12,1202,1202001,Дніпровська міська громада,2020.0,0.0,0.0,2026-09-29
12,1202,1202003,Китайгородська сільська громада,,,,2026-09-29
12,1202,1202005,Любимівська сільська громада,,,,2026-09-29
12,1202,1202007,Ляшківська сільська громада,2015.0,1.0,4.829568788501026,2026-09-29
12,1202,1202009,Миколаївська сільська громада,2020.0,0.0,0.0,2026-09-29
12,1202,1202011,Могилівська сільська громада,2015.0,1.0,4.791238877481177,2026-09-29
12,1202,1202013,Новоолександрівська сільська громада,2015.0,1.0,4.829568788501026,2026-09-29
12,1202,1202015,Новопокровська селищна громада,2015.0,1.0,4.829568788501026,2026-09-29
12,1202,1202017,Обухівська селищна громада,2019.0,1.0,1.4455852156057496,2026-09-29
12,1202,1202019,Петриківська селищна громада,2017.0,1.0,3.1457905544147846,2026-09-29
12,1202,1202021,Підгородненська міська громада,2019.0,1.0,1.4455852156057496,2026-09-29
12,1202,1202023,Святовасилівська сільська громада,,,,2026-09-29
12,1202,1202025,Слобожанська селищна громада,2015.0,1.0,4.829568788501026,2026-09-29
12,1202,1202027,Солонянська селищна громада,2015.0,1.0,4.829568788501026,2026-09-29
12,1202,1202029,Сурсько-Литовська сільська громада,2015.0,1.0,4.829568788501026,2026-09-29
12,1202,1202031,Царичанська селищна громада,2016.0,1.0,3.8220396988364134,2026-09-29
12,1202,1202033,Чумаківська сільська громада,2017.0,1.0,2.4914442162902124,2026-09-29
12,1204,1204001,Божедарівська селищна громада,2016.0,1.0,3.890485968514716,2026-09-29
12,1204,1204003,Верхівцівська міська громада,2020.0,0.0,0.0,2026-09-29
12,1204,1204005,Верхньодніпровська міська громада,2017.0,1.0,3.052703627652293,2026-09-29
12,1204,1204007,Вишневе,,,,2026-09-29
12,1204,1204009,Вільногірська міська громада,2020.0,0.0,0.0,2026-09-29
12,1204,1204011,Жовтоводська міська громада,2020.0,0.0,0.0,2026-09-29
12,1204,1204013,Затишнянська сільська громада,2019.0,1.0,1.4455852156057496,2026-09-29
12,1204,1204015,Кам'янська міська громада,2019.0,1.0,0.4681724845995893,2026-09-29
12,1204,1204017,Криничанська селищна громада,2016.0,1.0,3.8603696098562628,2026-09-29
12,1204,1204019,Лихівська селищна громада,2016.0,1.0,3.8329911019849416,2026-09-29
12,1204,1204021,П'ятихатська міська громада,2020.0,0.0,0.0,2026-09-29
12,1204,1204023,Саксаганська сільська громада,2017.0,1.0,2.746064339493498,2026-09-29
12,1206,1206001,Апостолівська міська громада,2015.0,1.0,4.854209445585216,2026-09-29
12,1206,1206003,Вакулівська сільська громада,,,,2026-09-29
12,1206,1206005,Глеюватська сільська громада,,,,2026-09-29
12,1206,1206007,Гречаноподівська сільська громада,2016.0,1.0,3.7481177275838466,2026-09-29
12,1206,1206009,Грушівська сільська громада,2015.0,1.0,4.867898699520876,2026-09-29
12,1206,1206011,Девладівська сільська громада,2017.0,1.0,2.8062970568104038,2026-09-29
12,1206,1206013,Зеленодольська міська громада,2015.0,1.0,5.037645448323066,2026-09-29
12,1206,1206015,Карпівська сільська громада,2017.0,1.0,3.1266255989048597,2026-09-29
12,1206,1206017,Криворізька міська громада,2020.0,0.0,0.0,2026-09-29
12,1206,1206019,Лозуватська сільська громада,2020.0,0.0,0.0,2026-09-29
12,1206,1206021,Нивотрудівська сільська громада,2015.0,1.0,4.85968514715948,2026-09-29
12,1206,1206023,Новолатівська сільська громада,2016.0,1.0,3.8247775496235454,2026-09-29
12,1206,1206025,Новопільська сільська громада,2020.0,0.0,0.0,2026-09-29
12,1206,1206027,Софіївська селищна громада,2016.0,1.0,3.8165639972621492,2026-09-29
12,1206,1206029,Широківська селищна громада,2017.0,1.0,3.1238877481177276,2026-09-29
12,1208,1208001,Марганецька міська громада,2018.0,1.0,1.5359342915811087,2026-09-29
12,1208,1208003,Мирівська сільська громада,,,,2026-09-29
12,1208,1208005,Нікопольська міська громада,2020.0,0.0,0.0,2026-09-29
12,1208,1208007,Першотравневська сільська громада,2017.0,1.0,3.0171115674195756,2026-09-29
12,1208,1208009,Покровська міська громада,2018.0,1.0,1.5523613963039014,2026-09-29
12,1208,1208011,Покровська сільська громада,,,,2026-09-29
12,1208,1208013,Томаківська селищна громада,2016.0,1.0,3.8165639972621492,2026-09-29
12,1208,1208015,Червоногригорівська селищна громада,2017.0,1.0,2.9979466119096507,2026-09-29
12,1210,1210001,Губиниська селищна громада,2020.0,0.0,0.0,2026-09-29
12,1210,1210003,Личківська сільська громада,,,,2026-09-29
12,1210,1210005,Магдалинівська селищна громада,2019.0,1.0,1.4455852156057496,2026-09-29
12,1210,1210007,Самарівська міська громада,2020.0,0.0,0.0,2026-09-29
12,1210,1210009,Перещепинська міська громада,2018.0,1.0,2.3572895277207393,2026-09-29
12,1210,1210011,Піщанська сільська громада,2017.0,1.0,2.461327857631759,2026-09-29
12,1210,1210013,Черкаська селищна громада,2019.0,1.0,1.4455852156057496,2026-09-29
12,1210,1210015,Чернеччинська сільська громада,2019.0,1.0,0.4736481861738535,2026-09-29
12,1212,1212001,Богданівська сільська об'єднана територіальна громада,2015.0,1.0,4.632443531827516,2026-09-29
12,1212,1212003,Вербківська сільська громада,2015.0,1.0,4.829568788501026,2026-09-29
12,1212,1212005,Межиріцька сільська громада,,,,2026-09-29
12,1212,1212007,Павлоградська міська громада,2020.0,0.0,0.0,2026-09-29
12,1212,1212009,Тернівка,,,,2026-09-29
12,1212,1212011,Троїцька сільська громада,,,,2026-09-29
12,1212,1212013,Юр’ївка,,,,2026-09-29
12,1214,1214001,Брагинівська сільська рада,,,,2026-09-29
12,1214,1214003,Васильківська селищна громада,2016.0,1.0,3.8357289527720737,2026-09-29
12,1214,1214005,Великомихайлівська сільська громада,1919.0,1.0,101.44558521560575,2026-09-29
12,1214,1214007,Миколаївська сільська рада,,,,2026-09-29
12,1214,1214009,Зайцеве,,,,2026-09-29
12,1214,1214011,Іларіонове,,,,2026-09-29
12,1214,1214013,Маломихайлівська сільська територіальна громада,,,,2026-09-29
12,1214,1214015,Межівська селищна територіальна громада,,,,2026-09-29
12,1214,1214017,Миколаївська сільська громада,2017.0,1.0,3.2087611225188226,2026-09-29
12,1214,1214019,Новопавлівська сільська рада,,,,2026-09-29
12,1214,1214021,Першотравенська міська громада,2020.0,0.0,0.0,2026-09-29
12,1214,1214023,Петропавлівка,,,,2026-09-29
12,1214,1214025,Покровська селищна територіальна громада,,,,2026-09-29
12,1214,1214027,Раївка,,,,2026-09-29
12,1214,1214029,Роздори,,,,2026-09-29
12,1214,1214031,Синельниківська міська громада,2020.0,0.0,0.0,2026-09-29
12,1214,1214033,Славгород,,,,2026-09-29
12,1214,1214035,Слов'янська сільська рада,,,,2026-09-29
12,1214,1214037,Українська сільська громада,2017.0,1.0,2.732375085557837,2026-09-29
14,1402,1402001,Бахмутська міська громада,2019.0,1.0,0.9637234770704997,2026-09-29
14,1402,1402003,Званівська сільська громада,2017.0,1.0,3.19233401779603,2026-09-29
14,1402,1402005,Світлодарська міська громада,2020.0,0.0,0.0,2026-09-29
14,1402,1402007,Сіверська міська громада,2017.0,1.0,2.4531143052703626,2026-09-29
14,1402,1402009,Соледарська міська громада,2016.0,1.0,3.7399041752224504,2026-09-29
14,1402,1402011,Торецька міська громада,2020.0,0.0,0.0,2026-09-29
14,1402,1402013,Часовоярська міська громада,2020.0,0.0,0.0,2026-09-29
14,1404,1404001,Великоновосілківська селищна громада,2020.0,0.0,0.0,2026-09-29
14,1404,1404003,Волноваська міська громада,2020.0,0.0,0.0,2026-09-29
14,1404,1404005,Вугледарська міська громада,2019.0,1.0,0.6707734428473648,2026-09-29
14,1404,1404007,Комарська сільська громада,2020.0,0.0,0.0,2026-09-29
14,1404,1404009,Мирненська селищна громада,2020.0,0.0,0.0,2026-09-29
14,1404,1404011,Ольгинська селищна громада,2020.0,0.0,0.0,2026-09-29
14,1404,1404013,Старомлинівська сільська громада,2020.0,0.0,0.0,2026-09-29
14,1404,1404015,Хлібодарівська сільська громада,2020.0,0.0,0.0,2026-09-29
14,1406,1406001,Вуглегірська міська громада,2020.0,0.0,0.0,2026-09-29
14,1406,1406003,Горлівська міська громада,2020.0,0.0,0.0,2026-09-29
14,1406,1406005,Дебальцівська міська громада,2020.0,0.0,0.0,2026-09-29
14,1406,1406007,Єнакієвська міська громада,2020.0,0.0,0.0,2026-09-29
14,1406,1406009,Жданівська міська громада,2020.0,0.0,0.0,2026-09-29
14,1406,1406011,Сніжнянська міська громада,2020.0,0.0,0.0,2026-09-29
14,1406,1406013,Хрестівська міська громада,2020.0,0.0,0.0,2026-09-29
14,1406,1406015,Чистяківська міська громада,2020.0,0.0,0.0,2026-09-29
14,1406,1406017,Шахтарська міська громада,2020.0,0.0,0.0,2026-09-29
14,1408,1408001,Амвросіївка,,,,2026-09-29
14,1408,1408003,Донецька міська громада,2020.0,0.0,0.0,2026-09-29
14,1408,1408005,Іловайськ,,,,2026-09-29
14,1408,1408007,Макіївська міська громада,2020.0,0.0,0.0,2026-09-29
14,1408,1408009,Харцизьк,,,,2026-09-29
14,1408,1408011,Ясинувата,,,,2026-09-29
14,1410,1410001,Бойківське,,,,2026-09-29
14,1410,1410003,Докучаєвськ,,,,2026-09-29
14,1410,1410005,Кальміуське,,,,2026-09-29
14,1410,1410007,Новоазовськ,,,,2026-09-29
14,1410,1410009,Старобешеве,,,,2026-09-29
14,1412,1412001,Андріївська сільська громада,2017.0,1.0,2.8993839835728954,2026-09-29
14,1412,1412003,Дружківська міська громада,2020.0,0.0,0.0,2026-09-29
14,1412,1412005,Іллінівська сільська громада,2016.0,1.0,3.8603696098562628,2026-09-29
14,1412,1412007,Костянтинівська міська громада,2020.0,0.0,0.0,2026-09-29
14,1412,1412009,Краматорська міська громада,2019.0,1.0,1.136208076659822,2026-09-29
14,1412,1412011,Лиманська міська громада,2015.0,1.0,4.889801505817933,2026-09-29
14,1412,1412013,Миколаївська міська громада,2015.0,1.0,4.895277207392197,2026-09-29
14,1412,1412015,Новодонецька селищна громада,2020.0,0.0,0.0,2026-09-29
14,1412,1412017,Олександрівська селищна громада,2018.0,1.0,2.3655030800821355,2026-09-29
14,1412,1412019,Святогірська міська громада,2020.0,0.0,0.0,2026-09-29
14,1412,1412021,Слов'янська міська громада,,,,2026-09-29
14,1412,1412023,Черкаська селищна громада,2015.0,1.0,4.870636550308008,2026-09-29
14,1414,1414001,Кальчицька сільська громада,2020.0,0.0,0.0,2026-09-29
14,1414,1414003,Мангуська селищна громада,2020.0,0.0,0.0,2026-09-29
14,1414,1414005,Маріупольська міська громада,2020.0,0.0,0.0,2026-09-29
14,1414,1414007,Микільська селищна громада,2020.0,0.0,0.0,2026-09-29
14,1414,1414009,Сартанська селищна громада,2020.0,0.0,0.0,2026-09-29
14,1416,1416001,Авдіївська міська громада,2020.0,0.0,0.0,2026-09-29
14,1416,1416003,Білозерська міська громада,2020.0,0.0,0.0,2026-09-29
14,1416,1416005,Гродівська селищна громада,2020.0,0.0,0.0,2026-09-29
14,1416,1416007,Добропільська міська громада,2020.0,0.0,0.0,2026-09-29
14,1416,1416009,Криворізька сільська громада,,,,2026-09-29
14,1416,1416011,Курахівська міська громада,2020.0,0.0,0.0,2026-09-29
14,1416,1416013,Мар'їнська міська громада,2020.0,0.0,0.0,2026-09-29
14,1416,1416015,Мирноградська міська громада,2020.0,0.0,0.0,2026-09-29
14,1416,1416017,Новогродівська міська громада,2020.0,0.0,0.0,2026-09-29
14,1416,1416019,Очеретинська селищна громада,2020.0,0.0,0.0,2026-09-29
14,1416,1416021,Покровська міська громада,2020.0,0.0,0.0,2026-09-29
14,1416,1416023,Селидівська міська громада,2020.0,0.0,0.0,2026-09-29
14,1416,1416025,Удачненська селищна громада,2020.0,0.0,0.0,2026-09-29
14,1416,1416027,Шахівська сільська громада,2015.0,1.0,4.878850102669404,2026-09-29
18,1802,1802001,Андрушівська міська громада,2020.0,0.0,0.0,2026-09-29
18,1802,1802003,Бердичівська міська громада,2020.0,0.0,0.0,2026-09-29
18,1802,1802005,Вчорайшенська сільська громада,2018.0,1.0,1.8672142368240932,2026-09-29
18,1802,1802007,Гришковецька селищна громада,2018.0,1.0,2.0725530458590007,2026-09-29
18,1802,1802009,Краснопільська сільська громада,2016.0,1.0,3.805612594113621,2026-09-29
18,1802,1802011,Райгородоцька сільська громада,2018.0,1.0,1.8124572210814511,2026-09-29
18,1802,1802013,Ружинська селищна громада,2020.0,0.0,0.0,2026-09-29
18,1802,1802015,Семенівська сільська громада,2016.0,1.0,3.761806981519507,2026-09-29
18,1802,1802017,Червоненська селищна громада,2015.0,1.0,4.8405201916495555,2026-09-29
18,1802,1802019,Швайківська сільська громада,2018.0,1.0,1.8316221765913758,2026-09-29
18,1804,1804001,Андрушківська сільська громада,2016.0,1.0,3.838466803559206,2026-09-29
18,1804,1804003,Березівська сільська громада,2020.0,0.0,0.0,2026-09-29
18,1804,1804005,Брусилівська селищна громада,2016.0,1.0,3.8740588637919235,2026-09-29
18,1804,1804007,Високівська сільська громада,2015.0,1.0,4.851471594798084,2026-09-29
18,1804,1804009,Вишевицька сільська громада,2015.0,1.0,4.848733744010952,2026-09-29
18,1804,1804011,Вільшанська сільська громада,2018.0,1.0,1.8781656399726214,2026-09-29
18,1804,1804013,Волицька сільська громада,2020.0,0.0,0.0,2026-09-29
18,1804,1804015,Глибочицька сільська громада,2017.0,1.0,3.2114989733059547,2026-09-29
18,1804,1804017,Городоцька селищна громада,2019.0,1.0,0.48459958932238195,2026-09-29
18,1804,1804019,Житомирська міська громада,2018.0,1.0,1.7084188911704312,2026-09-29
18,1804,1804021,Квітнева сільська громада,2016.0,1.0,3.838466803559206,2026-09-29
18,1804,1804023,Корнинська селищна громада,2015.0,1.0,4.763860369609857,2026-09-29
18,1804,1804025,Коростишівська міська громада,2016.0,1.0,3.8521560574948666,2026-09-29
18,1804,1804027,Курненська сільська громада,2017.0,1.0,2.863791923340178,2026-09-29
18,1804,1804029,Любарська селищна громада,2017.0,1.0,3.2580424366872007,2026-09-29
18,1804,1804031,Миропільська селищна громада,2016.0,1.0,3.8740588637919235,2026-09-29
18,1804,1804033,Новоборівська селищна громада,2015.0,1.0,4.8405201916495555,2026-09-29
18,1804,1804035,Новогуйвинська селищна громада,2020.0,0.0,0.0,2026-09-29
18,1804,1804037,Оліївська сільська громада,2017.0,1.0,2.9130732375085557,2026-09-29
18,1804,1804039,Попільнянська селищна громада,2016.0,1.0,3.8193018480492813,2026-09-29
18,1804,1804041,Потіївська сільська громада,2015.0,1.0,4.851471594798084,2026-09-29
18,1804,1804043,Пулинська селищна громада,2017.0,1.0,3.0116358658453115,2026-09-29
18,1804,1804045,Радомишльська міська громада,2017.0,1.0,3.07460643394935,2026-09-29
18,1804,1804047,Романівська селищна громада,2020.0,0.0,0.0,2026-09-29
18,1804,1804049,Станишівська територіальна громада,2016.0,1.0,3.898699520876112,2026-09-29
18,1804,1804051,Старосілецька сільська громада,2019.0,1.0,1.002053388090349,2026-09-29
18,1804,1804053,Тетерівська сільська громада,2015.0,1.0,4.848733744010952,2026-09-29
18,1804,1804055,Харитонівська сільська громада,2018.0,1.0,1.6098562628336757,2026-09-29
18,1804,1804057,Хорошівська селищна громада,2016.0,1.0,3.8576317590691307,2026-09-29
18,1804,1804059,Черняхівська селищна громада,2020.0,0.0,0.0,2026-09-29
18,1804,1804061,Чуднівська міська громада,2018.0,1.0,1.9219712525667352,2026-09-29
18,1806,1806001,Білокоровицька сільська громада,2016.0,1.0,3.8822724161533197,2026-09-29
18,1806,1806003,Гладковицька сільська громада,2020.0,0.0,0.0,2026-09-29
18,1806,1806005,Горщиківська сільська громада,2016.0,1.0,3.890485968514716,2026-09-29
18,1806,1806007,Іршанська селищна громада,2015.0,1.0,4.829568788501026,2026-09-29
18,1806,1806009,Коростенська міська громада,2020.0,0.0,0.0,2026-09-29
18,1806,1806011,Лугинська селищна громада,2016.0,1.0,3.8412046543463383,2026-09-29
18,1806,1806013,Малинська міська громада,2020.0,0.0,0.0,2026-09-29
18,1806,1806015,Народицька селищна громада,2015.0,1.0,4.851471594798084,2026-09-29
18,1806,1806017,Овруцька міська громада,2017.0,1.0,3.164955509924709,2026-09-29
18,1806,1806019,Олевська міська громада,2016.0,1.0,3.8357289527720737,2026-09-29
18,1806,1806021,Словечанська сільська громада,2017.0,1.0,2.9322381930184807,2026-09-29
18,1806,1806023,Ушомирська сільська громада,2016.0,1.0,3.8740588637919235,2026-09-29
18,1806,1806025,Чоповицька селищна громада,2016.0,1.0,3.7946611909650922,2026-09-29
18,1808,1808001,Баранівська міська громада,2016.0,1.0,3.8767967145790556,2026-09-29
18,1808,1808003,Барашівська сільська громада,2016.0,1.0,3.8740588637919235,2026-09-29
18,1808,1808005,Брониківська сільська громада,2017.0,1.0,3.4442162902121836,2026-09-29
18,1808,1808007,Городницька селищна громада,2016.0,1.0,3.8521560574948666,2026-09-29
18,1808,1808009,Довбиська селищна громада,2016.0,1.0,3.8767967145790556,2026-09-29
18,1808,1808011,Дубрівська сільська громада,2015.0,1.0,4.8405201916495555,2026-09-29
18,1808,1808013,Ємільчинська селищна громада,2017.0,1.0,3.2060232717316905,2026-09-29
18,1808,1808015,Звягельська міська громада,2018.0,1.0,1.6125941136208077,2026-09-29
18,1808,1808017,Піщівська сільська громада,2017.0,1.0,2.847364818617385,2026-09-29
18,1808,1808019,Стриївська сільська громада,2018.0,1.0,1.5222450376454484,2026-09-29
18,1808,1808021,Чижівська сільська громада,2016.0,1.0,3.8576317590691307,2026-09-29
18,1808,1808023,Ярунська територіальна громада,2020.0,0.0,0.0,2026-09-29
21,2102,2102001,Батівська селищна громада,,,,2026-09-29
21,2102,2102003,Берегівська міська громада,,,,2026-09-29
21,2102,2102005,Великоберезька сільська громада,,,,2026-09-29
21,2102,2102007,Великобийганська сільська громада,,,,2026-09-29
21,2102,2102009,Вилоцька селищна громада,,,,2026-09-29
21,2102,2102011,Виноградівська міська громада,2020.0,1.0,0.4462696783025325,2026-09-29
21,2102,2102013,Кам'янська сільська громада,,,,2026-09-29
21,2102,2102015,Королівська селищна громада,,,,2026-09-29
21,2102,2102017,Косоньська сільська громада,2019.0,1.0,0.731006160164271,2026-09-29
21,2102,2102019,Пийтерфолвівська сільська громада,,,,2026-09-29
21,2104,2104001,Великолучківська сільська громада,2020.0,0.0,0.0,2026-09-29
21,2104,2104003,Верхньокоропецька сільська громада,,,,2026-09-29
21,2104,2104005,Воловецька селищна громада,,,,2026-09-29
21,2104,2104007,Горондівська сільська громада,,,,2026-09-29
21,2104,2104009,Жденіївська селищна громада,2020.0,0.0,0.0,2026-09-29
21,2104,2104011,Івановецька сільська громада,,,,2026-09-29
21,2104,2104013,Кольчинська селищна громада,,,,2026-09-29
21,2104,2104015,Мукачівська міська громада,,,,2026-09-29
21,2104,2104017,Неліпинська сільська громада,,,,2026-09-29
21,2104,2104019,Нижньоворітська сільська громада,,,,2026-09-29
21,2104,2104021,Полянська сільська громада,,,,2026-09-29
21,2104,2104023,Свалявська міська громада,,,,2026-09-29
21,2104,2104025,Чинадіївська селищна громада,,,,2026-09-29
21,2106,2106001,Богданська сільська громада,,,,2026-09-29
21,2106,2106003,Великобичківська селищна громада,,,,2026-09-29
21,2106,2106005,Рахівська міська громада,,,,2026-09-29
21,2106,2106007,Ясінянська селищна громада,,,,2026-09-29
21,2108,2108001,Бедевлянська сільська громада,,,,2026-09-29
21,2108,2108003,Буштинська селищна громада,,,,2026-09-29
21,2108,2108005,Вільховецька сільська громада,2016.0,1.0,3.7946611909650922,2026-09-29
21,2108,2108007,Дубівська селищна громада,,,,2026-09-29
21,2108,2108009,Нересницька сільська громада,,,,2026-09-29
21,2108,2108011,Солотвинська селищна громада,,,,2026-09-29
21,2108,2108013,Тересвянська селищна громада,,,,2026-09-29
21,2108,2108015,Тячівська міська громада,2015.0,1.0,4.810403832991102,2026-09-29
21,2108,2108017,Углянська сільська громада,,,,2026-09-29
21,2108,2108019,Усть-Чорнянська селищна громада,,,,2026-09-29
21,2110,2110001,Баранинська сільська громада,2017.0,1.0,3.055441478439425,2026-09-29
21,2110,2110003,Великоберезнянська селищна громада,2019.0,1.0,0.7611225188227242,2026-09-29
21,2110,2110005,Великодобронська сільська громада,,,,2026-09-29
21,2110,2110007,Дубриницько-Малоберезнянська сільська громада,,,,2026-09-29
21,2110,2110009,Костринська сільська громада,,,,2026-09-29
21,2110,2110011,Оноківська сільська громада,2019.0,1.0,0.731006160164271,2026-09-29
21,2110,2110013,Перечинська міська громада,2016.0,1.0,3.668720054757016,2026-09-29
21,2110,2110015,Середнянська селищна громада,,,,2026-09-29
21,2110,2110017,Ставненська сільська громада,2020.0,0.0,0.0,2026-09-29
21,2110,2110019,Сюртівська сільська громада,,,,2026-09-29
21,2110,2110021,Тур'є-Реметівська сільська громада,,,,2026-09-29
21,2110,2110023,Ужгородська міська громада,2020.0,1.0,0.4462696783025325,2026-09-29
21,2110,2110025,Холмківська сільська громада,,,,2026-09-29
21,2110,2110027,Чопська міська громада,,,,2026-09-29
21,2112,2112001,Білківська сільська громада,,,,2026-09-29
21,2112,2112003,Вишківська селищна громада,,,,2026-09-29
21,2112,2112005,Горінчівська сільська громада,,,,2026-09-29
21,2112,2112007,Довжанська сільська громада,,,,2026-09-29
21,2112,2112009,Драгівська сільська громада,,,,2026-09-29
21,2112,2112011,Зарічанська сільська громада,,,,2026-09-29
21,2112,2112013,Іршавська міська громада,2016.0,1.0,3.698836413415469,2026-09-29
21,2112,2112015,Керецьківська сільська громада,,,,2026-09-29
21,2112,2112017,Колочавська сільська громада,,,,2026-09-29
21,2112,2112019,Міжгірська селищна громада,,,,2026-09-29
21,2112,2112021,Пилипецька сільська громада,,,,2026-09-29
21,2112,2112023,Синевирська сільська громада,,,,2026-09-29
21,2112,2112025,Хустська міська громада,,,,2026-09-29
23,2302,2302001,Андрівська сільська громада,2018.0,1.0,2.2614647501711156,2026-09-29
23,2302,2302003,Андріївська селищна громада,2020.0,0.0,0.0,2026-09-29
23,2302,2302005,Бердянська міська громада,2018.0,1.0,1.538672142368241,2026-09-29
23,2302,2302007,Берестівська сільська громада,2015.0,1.0,4.7939767282683095,2026-09-29
23,2302,2302009,Коларівська сільська громада,2020.0,0.0,0.0,2026-09-29
23,2302,2302011,Осипенківська сільська громада,2016.0,1.0,3.7754962354551678,2026-09-29
23,2302,2302013,Приморська міська громада,2016.0,1.0,3.805612594113621,2026-09-29
23,2302,2302015,Чернігівська селищна громада,2016.0,1.0,3.6139630390143735,2026-09-29
23,2304,2304001,Благовіщенська сільська громада,2017.0,1.0,2.7433264887063653,2026-09-29
23,2304,2304003,Василівська міська громада,2020.0,0.0,0.0,2026-09-29
23,2304,2304005,Великобілозерська сільська громада,2016.0,1.0,3.6659822039698837,2026-09-29
23,2304,2304007,Водянська сільська громада,1918.0,1.0,102.44490075290896,2026-09-29
23,2304,2304009,Дніпрорудненська міська громада,2020.0,0.0,0.0,2026-09-29
23,2304,2304011,Енергодарська міська громада,2020.0,0.0,0.0,2026-09-29
23,2304,2304013,Кам'янсько-Дніпровська міська громада,2016.0,1.0,3.6632443531827517,2026-09-29
23,2304,2304015,Малобілозерська сільська громада,1954.0,1.0,66.44490075290896,2026-09-29
23,2304,2304017,Михайлівська селищна громада,2017.0,1.0,2.4941820670773445,2026-09-29
23,2304,2304019,Роздольська сільська громада,2017.0,1.0,2.5544147843942504,2026-09-29
23,2304,2304021,Степногірська селищна громада,2020.0,0.0,0.0,2026-09-29
23,2306,2306001,Біленьківська сільська громада,2016.0,1.0,3.909650924024641,2026-09-29
23,2306,2306003,Вільнянська міська громада,2020.0,0.0,0.0,2026-09-29
23,2306,2306005,Долинська сільська громада,2016.0,1.0,4.05201916495551,2026-09-29
23,2306,2306007,Запорізька міська громада,2020.0,0.0,0.0,2026-09-29
23,2306,2306009,Комишуваська селищна громада,2016.0,1.0,3.838466803559206,2026-09-29
23,2306,2306011,Кушугумська селищна громада,2020.0,0.0,0.0,2026-09-29
23,2306,2306013,Матвіївська сільська громада,2020.0,0.0,0.0,2026-09-29
23,2306,2306015,Михайлівська сільська громада,1943.0,1.0,77.44558521560575,2026-09-29
23,2306,2306017,Михайло-Лукашівська сільська громада,2020.0,0.0,0.0,2026-09-29
23,2306,2306019,Новомиколаївська селищна громада,2020.0,0.0,0.0,2026-09-29
23,2306,2306021,Новоолександрівська сільська громада,,,,2026-09-29
23,2306,2306023,Павлівська сільська громада,2016.0,1.0,3.488021902806297,2026-09-29
23,2306,2306025,Петро-Михайлівська сільська громада,2017.0,1.0,2.844626967830253,2026-09-29
23,2306,2306027,Степненська сільська громада,,,,2026-09-29
23,2306,2306029,Таврійська сільська громада,2016.0,1.0,3.8740588637919235,2026-09-29
23,2306,2306031,Тернуватська селищна громада,2019.0,1.0,1.1334702258726899,2026-09-29
23,2306,2306033,Широківська сільська громада,2016.0,1.0,3.6632443531827517,2026-09-29
23,2308,2308001,Веселівська селищна громада,2015.0,1.0,4.7939767282683095,2026-09-29
23,2308,2308003,Кирилівська селищна громада,2017.0,1.0,2.943189596167009,2026-09-29
23,2308,2308005,Костянтинівська сільська громада,1921.0,1.0,99.44421629021218,2026-09-29
23,2308,2308007,Мелітопольська міська громада,2020.0,0.0,0.0,2026-09-29
23,2308,2308009,Мирненська селищна громада,2017.0,1.0,2.532511978097194,2026-09-29
23,2308,2308011,Новенська сільська громада,2019.0,1.0,1.1416837782340863,2026-09-29
23,2308,2308013,Новобогданівська сільська громада,2017.0,1.0,2.915811088295688,2026-09-29
23,2308,2308015,Нововасилівська селищна громада,2020.0,0.0,0.0,2026-09-29
23,2308,2308017,Новоуспенівська сільська громада,1861.0,1.0,159.44147843942505,2026-09-29
23,2308,2308019,Олександрівська сільська громада,2017.0,1.0,2.54072553045859,2026-09-29
23,2308,2308021,Плодородненська сільська громада,2017.0,1.0,3.049965776865161,2026-09-29
23,2308,2308023,Приазовська селищна громада,2017.0,1.0,2.858316221765914,2026-09-29
23,2308,2308025,Семенівська сільська громада,2019.0,1.0,1.0458590006844628,2026-09-29
23,2308,2308027,Терпіннівська сільська громада,2020.0,0.0,0.0,2026-09-29
23,2308,2308029,Чкаловська сільська громада,2017.0,1.0,2.8939082819986313,2026-09-29
23,2308,2308031,Якимівська селищна громада,2017.0,1.0,3.07460643394935,2026-09-29
23,2310,2310001,Більмацька селищна громада,2018.0,1.0,1.839835728952772,2026-09-29
23,2310,2310003,Воздвижівська сільська громада,,,,2026-09-29
23,2310,2310005,Воскресенська сільська громада,1809.0,1.0,211.44147843942505,2026-09-29
23,2310,2310007,Гуляйпільська міська громада,2016.0,1.0,3.6659822039698837,2026-09-29
23,2310,2310009,Комиш-Зорянська селищна громада,2015.0,1.0,4.7939767282683095,2026-09-29
23,2310,2310011,Малинівська сільська громада,,,,2026-09-29
23,2310,2310013,Малотокмачанська сільська громада,1918.0,1.0,102.44490075290896,2026-09-29
23,2310,2310015,Молочанська міська громада,2020.0,0.0,0.0,2026-09-29
23,2310,2310017,Оріхівська міська територіальна громада,2016.0,1.0,3.583846680355921,2026-09-29
23,2310,2310019,Пологівська міська громада,2018.0,1.0,2.2039698836413417,2026-09-29
23,2310,2310021,Преображенська сільська громада,1974.0,1.0,46.444900752908964,2026-09-29
23,2310,2310023,Розівська селищна громада,2018.0,1.0,2.187542778918549,2026-09-29
23,2310,2310025,Смирновська сільська громада,,,,2026-09-29
23,2310,2310027,Токмацька міська громада,2020.0,0.0,0.0,2026-09-29
23,2310,2310029,Федорівська сільська громада,2019.0,1.0,0.865160848733744,2026-09-29
26,2602,2602001,Білоберізька сільська громада,2015.0,1.0,4.695414099931554,2026-09-29
26,2602,2602003,Верховинська селищна громада,2020.0,0.0,0.0,2026-09-29
26,2602,2602005,Зеленська сільська громада,2020.0,1.0,0.29021218343600275,2026-09-29
26,2604,2604001,Більшівцівська селищна громада,2016.0,1.0,3.7453798767967146,2026-09-29
26,2604,2604003,Богородчанська селищна громада,2020.0,0.0,0.0,2026-09-29
26,2604,2604005,Букачівська селищна громада,2018.0,1.0,1.8781656399726214,2026-09-29
26,2604,2604007,Бурштинська міська громада,2020.0,0.0,0.0,2026-09-29
26,2604,2604009,Галицька міська громада,2020.0,0.0,0.0,2026-09-29
26,2604,2604011,Дзвиняцька сільська громада,2017.0,1.0,2.8939082819986313,2026-09-29
26,2604,2604013,Дубівці,2019.0,1.0,0.5393566050650239,2026-09-29
26,2604,2604015,Єзупільська селищна громада,2019.0,1.0,0.8706365503080082,2026-09-29
26,2604,2604017,Загвіздянська сільська громада,,,,2026-09-29
26,2604,2604019,Івано-Франківська міська громада,2020.0,0.0,0.0,2026-09-29
26,2604,2604021,Лисецька селищна громада,2020.0,0.0,0.0,2026-09-29
26,2604,2604023,Обертинська селищна громада,2020.0,0.0,0.0,2026-09-29
26,2604,2604025,Олешанська сільська громада,2016.0,1.0,3.7453798767967146,2026-09-29
26,2604,2604027,Рогатинська міська громада,2020.0,0.0,0.0,2026-09-29
26,2604,2604029,Солотвинська селищна громада,2020.0,0.0,0.0,2026-09-29
26,2604,2604031,Старобогородчанська сільська громада,,,,2026-09-29
26,2604,2604033,Тисменицька міська громада,2020.0,0.0,0.0,2026-09-29
26,2604,2604035,Тлумацька міська громада,2016.0,1.0,3.7426420260095825,2026-09-29
26,2604,2604037,Угринівська сільська громада,,,,2026-09-29
26,2604,2604039,Ямницька сільська громада,2017.0,1.0,2.8747433264887063,2026-09-29
26,2606,2606001,Болехівська міська громада,2020.0,0.0,0.0,2026-09-29
26,2606,2606003,Брошнів-Осадська селищна громада,2017.0,1.0,2.869267624914442,2026-09-29
26,2606,2606005,Верхнянська сільська громада,,,,2026-09-29
26,2606,2606007,Вигодська селищна громада,2018.0,1.0,1.8617385352498288,2026-09-29
26,2606,2606009,Витвицька сільська громада,2016.0,1.0,3.7645448323066395,2026-09-29
26,2606,2606011,Войнилівська селищна громада,2017.0,1.0,2.7104722792607805,2026-09-29
26,2606,2606013,Долинська міська громада,2018.0,1.0,1.45927446954141,2026-09-29
26,2606,2606015,Дубівська сільська громада,2019.0,1.0,1.0759753593429158,2026-09-29
26,2606,2606017,Калуська міська громада,2019.0,1.0,0.8487337440109514,2026-09-29
26,2606,2606019,Новицька сільська громада,,,,2026-09-29
26,2606,2606021,Перегінська селищна громада,2020.0,0.0,0.0,2026-09-29
26,2606,2606023,Рожнятівська селищна громада,2020.0,0.0,0.0,2026-09-29
26,2606,2606025,Спаська сільська громада,2017.0,1.0,2.74880219028063,2026-09-29
26,2608,2608001,Гвіздецька селищна громада,2019.0,1.0,0.7693360711841205,2026-09-29
26,2608,2608003,Городенківська міська громада,2020.0,0.0,0.0,2026-09-29
26,2608,2608005,Заболотівська селищна громада,2017.0,1.0,2.8856947296372346,2026-09-29
26,2608,2608007,Коломийська міська територіальна громада,2018.0,1.0,1.7659137577002053,2026-09-29
26,2608,2608009,Коршівська сільська громада,,,,2026-09-29
26,2608,2608011,Матеївецька сільська громада,,,,2026-09-29
26,2608,2608013,Нижньовербізька сільська громада,2016.0,1.0,3.7481177275838466,2026-09-29
26,2608,2608015,Отинійська селищна громада,2020.0,0.0,0.0,2026-09-29
26,2608,2608017,Печеніжинська селищна громада,2015.0,1.0,4.889801505817933,2026-09-29
26,2608,2608019,Підгайчиківська сільська громада,2019.0,1.0,0.999315537303217,2026-09-29
26,2608,2608021,П'ядицька сільська громада,,,,2026-09-29
26,2608,2608023,Снятинська міська громада,2020.0,0.0,0.0,2026-09-29
26,2608,2608025,Чернелицька селищна громада,2017.0,1.0,3.1047227926078027,2026-09-29
26,2610,2610001,Косівська міська громада,2020.0,0.0,0.0,2026-09-29
26,2610,2610003,Космацька сільська громада,2016.0,1.0,3.7453798767967146,2026-09-29
26,2610,2610005,Кутська селищна громада,2020.0,0.0,0.0,2026-09-29
26,2610,2610007,Рожнівська сільська громада,2017.0,1.0,3.268993839835729,2026-09-29
26,2610,2610009,Яблунівська селищна громада,2017.0,1.0,3.132101300479124,2026-09-29
26,2612,2612001,Ворохтянська селищна громада,2019.0,1.0,0.48186173853524983,2026-09-29
26,2612,2612003,Делятинська селищна громада,2017.0,1.0,2.8199863107460645,2026-09-29
26,2612,2612005,Ланчинська селищна територіальна громада,2017.0,1.0,2.86652977412731,2026-09-29
26,2612,2612007,Надвірнянська міська громада,2020.0,0.0,0.0,2026-09-29
26,2612,2612009,Пасічнянська сільська громада,2019.0,1.0,0.947296372347707,2026-09-29
26,2612,2612011,Переріслянська сільська громада,2017.0,1.0,2.8802190280629705,2026-09-29
26,2612,2612013,Поляницька сільська громада,,,,2026-09-29
26,2612,2612015,Яремчанська міська громада,2020.0,0.0,0.0,2026-09-29
32,3200,3200000,"Зона відчуження (Прип'ять, Чорнобиль)",,,,2026-09-29
32,3202,3202001,Білоцерківська міська громада,2020.0,0.0,0.0,2026-09-29
32,3202,3202003,Володарська селищна громада,2020.0,0.0,0.0,2026-09-29
32,3202,3202005,Гребінківська селищна громада,2020.0,0.0,0.0,2026-09-29
32,3202,3202007,Ковалівська сільська громада,2020.0,0.0,0.0,2026-09-29
32,3202,3202009,Маловільшанська сільська громада,2020.0,0.0,0.0,2026-09-29
32,3202,3202011,Медвинська сільська громада,2017.0,1.0,3.0362765229295,2026-09-29
32,3202,3202013,Рокитнянська селищна громада,2020.0,0.0,0.0,2026-09-29
32,3202,3202015,Сквирська міська громада,2020.0,0.0,0.0,2026-09-29
32,3202,3202017,Ставищенська селищна громада,2020.0,0.0,0.0,2026-09-29
32,3202,3202019,Таращанська міська громада,2020.0,0.0,0.0,2026-09-29
32,3202,3202021,Тетіївська міська громада,2017.0,1.0,2.7214236824093088,2026-09-29
32,3202,3202023,Узинська міська громада,2017.0,1.0,2.6885694729637235,2026-09-29
32,3202,3202025,Фурсівська сільська громада,,,,2026-09-29
32,3204,3204001,Бориспільська міська громада,2020.0,0.0,0.0,2026-09-29
32,3204,3204003,Вороньківська сільська громада,2020.0,0.0,0.0,2026-09-29
32,3204,3204005,Гірська сільська громада,2020.0,0.0,0.0,2026-09-29
32,3204,3204007,Дівичківська сільська громада,,,,2026-09-29
32,3204,3204009,Золочівська сільська громада,2020.0,0.0,0.0,2026-09-29
32,3204,3204011,Переяславська міська громада,2020.0,0.0,0.0,2026-09-29
32,3204,3204013,Пристолична сільська громада,2020.0,0.0,0.0,2026-09-29
32,3204,3204015,Студениківська сільська громада,,,,2026-09-29
32,3204,3204017,Ташанська сільська громада,2020.0,0.0,0.0,2026-09-29
32,3204,3204019,Циблівська сільська громада,2020.0,0.0,0.0,2026-09-29
32,3204,3204021,Яготинська міська громада,2020.0,0.0,0.0,2026-09-29
32,3206,3206001,Баришівська селищна громада,2020.0,0.0,0.0,2026-09-29
32,3206,3206003,Березанська міська громада,2020.0,0.0,0.0,2026-09-29
32,3206,3206005,Броварська міська громада,2020.0,0.0,0.0,2026-09-29
32,3206,3206007,Великодимерська селищна громада,2017.0,1.0,2.858316221765914,2026-09-29
32,3206,3206009,Зазимська сільська громада,2020.0,0.0,0.0,2026-09-29
32,3206,3206011,Згурівська селищна громада,2020.0,0.0,0.0,2026-09-29
32,3206,3206013,Калинівка,,,,2026-09-29
32,3206,3206015,Калитянська селищна громада,2015.0,1.0,4.733744010951403,2026-09-29
32,3208,3208001,Білогородська сільська громада,2020.0,0.0,0.0,2026-09-29
32,3208,3208003,Бородянська селищна громада,2020.0,0.0,0.0,2026-09-29
32,3208,3208005,Борщагівська сільська громада,,,,2026-09-29
32,3208,3208007,Бучанська міська громада,2020.0,0.0,0.0,2026-09-29
32,3208,3208009,Вишнева міська громада,2020.0,0.0,0.0,2026-09-29
32,3208,3208011,Гостомельська селищна громада,2020.0,0.0,0.0,2026-09-29
32,3208,3208013,Дмитрівська сільська громада,2020.0,0.0,0.0,2026-09-29
32,3208,3208015,Ірпінська міська громада,2020.0,0.0,0.0,2026-09-29
32,3208,3208017,Коцюбинська селищна громада,2020.0,0.0,0.0,2026-09-29
32,3208,3208019,Макарівська селищна громада,2020.0,0.0,0.0,2026-09-29
32,3208,3208021,Немішаївська селищна громада,2020.0,0.0,0.0,2026-09-29
32,3208,3208023,Пісківська селищна громада,2016.0,1.0,4.396988364134154,2026-09-29
32,3210,3210001,Вишгородська міська громада,2020.0,0.0,0.0,2026-09-29
32,3210,3210003,Димерська селищна громада,2020.0,0.0,0.0,2026-09-29
32,3210,3210005,Іванківська селищна громада,2020.0,0.0,0.0,2026-09-29
32,3210,3210007,Петрівська сільська громада,2020.0,0.0,0.0,2026-09-29
32,3210,3210009,Пірнівська сільська громада,2020.0,0.0,0.0,2026-09-29
32,3210,3210011,Поліська селищна громада,2020.0,0.0,0.0,2026-09-29
32,3210,3210013,Славутицька міська громада,2020.0,0.0,0.0,2026-09-29
32,3212,3212001,Богуславська міська громада,2020.0,0.0,0.0,2026-09-29
32,3212,3212003,Васильківська міська громада,2020.0,0.0,0.0,2026-09-29
32,3212,3212005,Кагарлицька міська громада,2020.0,0.0,0.0,2026-09-29
32,3212,3212007,Козинська селищна громада,2020.0,0.0,0.0,2026-09-29
32,3212,3212009,Миронівська міська громада,2020.0,0.0,0.0,2026-09-29
32,3212,3212011,Обухів,,,,2026-09-29
32,3212,3212013,Ржищівська міська громада,2020.0,0.0,0.0,2026-09-29
32,3212,3212015,Українська міська громада,2020.0,0.0,0.0,2026-09-29
32,3212,3212017,Феодосіївська сільська громада,,,,2026-09-29
32,3214,3214001,Бишівська сільська громада,1929.0,1.0,91.44421629021218,2026-09-29
32,3214,3214003,Боярська міська громада,2020.0,0.0,0.0,2026-09-29
32,3214,3214005,Гатненська сільська громада,,,,2026-09-29
32,3214,3214007,Глеваська селищна громада,2020.0,0.0,0.0,2026-09-29
32,3214,3214009,Калинівська селищна громада,2020.0,0.0,0.0,2026-09-29
32,3214,3214011,Кожанська селищна громада,2020.0,0.0,0.0,2026-09-29
32,3214,3214013,Томашівська сільська громада,2020.0,0.0,0.0,2026-09-29
32,3214,3214015,Фастівська міська громада,2020.0,0.0,0.0,2026-09-29
32,3214,3214017,Чабанівська селищна громада,2020.0,0.0,0.0,2026-09-29
35,3502,3502001,Благовіщенська міська громада,,,,2026-09-29
35,3502,3502003,Вільшанська селищна громада,,,,2026-09-29
35,3502,3502005,Гайворонська міська громада,,,,2026-09-29
35,3502,3502007,Голованівська селищна громада,,,,2026-09-29
35,3502,3502009,Заваллівська селищна громада,,,,2026-09-29
35,3502,3502011,Надлацька сільська громада,,,,2026-09-29
35,3502,3502013,Новоархангельська селищна громада,,,,2026-09-29
35,3502,3502015,Перегонівська сільська громада,,,,2026-09-29
35,3502,3502017,Підвисоцька сільська громада,,,,2026-09-29
35,3502,3502019,Побузька селищна громада,,,,2026-09-29
35,3504,3504001,Аджамська сільська громада,2020.0,0.0,0.0,2026-09-29
35,3504,3504003,Бобринецька міська громада,2015.0,1.0,4.829568788501026,2026-09-29
35,3504,3504005,Великосеверинівська сільська громада,,,,2026-09-29
35,3504,3504007,Гурівська сільська громада,2020.0,0.0,0.0,2026-09-29
35,3504,3504009,Дмитрівська сільська громада,2020.0,0.0,0.0,2026-09-29
35,3504,3504011,Долинська міська громада,,,,2026-09-29
35,3504,3504013,Знам'янська міська громада,2020.0,0.0,0.0,2026-09-29
35,3504,3504015,Катеринівська сільська громада,2017.0,1.0,3.0088980150581794,2026-09-29
35,3504,3504017,Кетрисанівська сільська громада,,,,2026-09-29
35,3504,3504019,Компаніївська селищна громада,2020.0,1.0,0.4462696783025325,2026-09-29
35,3504,3504021,Кропивницька міська громада,2020.0,0.0,0.0,2026-09-29
35,3504,3504023,Новгородківська селищна громада,,,,2026-09-29
35,3504,3504025,Олександрівська селищна громада,,,,2026-09-29
35,3504,3504027,Первозванівська сільська громада,2017.0,1.0,3.2251882272416155,2026-09-29
35,3504,3504029,Соколівська сільська громада,2016.0,1.0,3.8165639972621492,2026-09-29
35,3504,3504031,Суботцівська сільська громада,,,,2026-09-29
35,3504,3504033,Устинівка,,,,2026-09-29
35,3506,3506001,Ганнівська сільська громада,,,,2026-09-29
35,3506,3506003,Глодоська сільська громада,2020.0,0.0,0.0,2026-09-29
35,3506,3506005,Добровеличківська селищна громада,,,,2026-09-29
35,3506,3506007,Злинська сільська громада,,,,2026-09-29
35,3506,3506009,Маловисківська міська громада,2015.0,1.0,4.829568788501026,2026-09-29
35,3506,3506011,Мар'янівська сільська громада,2020.0,0.0,0.0,2026-09-29
35,3506,3506013,Новомиргородська міська громада,,,,2026-09-29
35,3506,3506015,Новоукраїнська міська громада,2015.0,1.0,4.646132785763176,2026-09-29
35,3506,3506017,Піщанобрідська сільська громада,2020.0,0.0,0.0,2026-09-29
35,3506,3506019,Помічнянська міська громада,,,,2026-09-29
35,3506,3506021,Рівнянська сільська громада,2020.0,0.0,0.0,2026-09-29
35,3506,3506023,Смолінська селищна громада,,,,2026-09-29
35,3506,3506025,Тишківська сільська громада,2020.0,0.0,0.0,2026-09-29
35,3508,3508001,Великоандрусівська сільська громада,2016.0,1.0,3.8329911019849416,2026-09-29
35,3508,3508003,Новопразька селищна громада,,,,2026-09-29
35,3508,3508005,Олександрійська міська громада,,,,2026-09-29
35,3508,3508007,Онуфріївська селищна громада,,,,2026-09-29
35,3508,3508009,Пантаївська селищна громада,2019.0,1.0,0.4681724845995893,2026-09-29
35,3508,3508011,Петрівська селищна громада,,,,2026-09-29
35,3508,3508013,Попельнастівська сільська громада,,,,2026-09-29
35,3508,3508015,Приютівська селищна громада,,,,2026-09-29
35,3508,3508017,Світловодська міська громада,,,,2026-09-29
44,4402,4402001,Алчевська міська громада,,,,2026-09-29
44,4402,4402003,Зимогір’я,,,,2026-09-29
44,4402,4402005,Кадіївська міська громада,2020.0,0.0,0.0,2026-09-29
44,4404,4404001,Свердловськ,,,,2026-09-29
44,4404,4404003,Сорокинська міська громада,2020.0,0.0,0.0,2026-09-29
44,4406,4406001,Луганська міська громада,2020.0,0.0,0.0,2026-09-29
44,4406,4406003,Лутугинська міська громада,2020.0,0.0,0.0,2026-09-29
44,4406,4406005,Отаманівська міська громада,2020.0,0.0,0.0,2026-09-29
44,4408,4408001,Антрацит,,,,2026-09-29
44,4408,4408003,Ровеньки,,,,2026-09-29
44,4408,4408005,Хрустальний,,,,2026-09-29
44,4410,4410001,Білокуракинська селищна громада,2015.0,1.0,4.832306639288158,2026-09-29
44,4410,4410003,Коломийчиська сільська громада,2018.0,1.0,1.8617385352498288,2026-09-29
44,4410,4410005,Красноріченська селищна громада,2017.0,1.0,2.9130732375085557,2026-09-29
44,4410,4410007,Лозно-Олександрівська селищна громада,2018.0,1.0,2.3408624229979464,2026-09-29
44,4410,4410009,Нижньодуванська селищна громада,2017.0,1.0,3.0006844626967832,2026-09-29
44,4410,4410011,Сватівська міська громада,2018.0,1.0,1.6180698151950719,2026-09-29
44,4410,4410013,Троїцька селищна громада,2017.0,1.0,3.3648186173853527,2026-09-29
44,4412,4412001,Гірська міська громада,2017.0,1.0,2.8802190280629705,2026-09-29
44,4412,4412003,Кремінська міська громада,2020.0,0.0,0.0,2026-09-29
44,4412,4412005,Лисичанська міська громада,2020.0,0.0,0.0,2026-09-29
44,4412,4412007,Попаснянська міська громада,2020.0,0.0,0.0,2026-09-29
44,4412,4412009,Рубіжанська міська громада,2020.0,0.0,0.0,2026-09-29
44,4412,4412011,Сіверськодонецька міська громада,2020.0,0.0,0.0,2026-09-29
44,4414,4414001,Біловодська селищна громада,2017.0,1.0,2.8281998631074607,2026-09-29
44,4414,4414003,Білолуцька селищна громада,2020.0,0.0,0.0,2026-09-29
44,4414,4414005,Марківська селищна громада,2018.0,1.0,1.8836413415468858,2026-09-29
44,4414,4414007,Мілівська селищна громада,2020.0,0.0,0.0,2026-09-29
44,4414,4414009,Айдарська селищна територіальна громада,2015.0,1.0,4.917180013689254,2026-09-29
44,4414,4414011,Старобільська міська громада,2020.0,0.0,0.0,2026-09-29
44,4414,4414013,Чмирівська сільська громада,2016.0,1.0,3.707049965776865,2026-09-29
44,4414,4414015,Шульгинська сільська громада,2018.0,1.0,2.108145106091718,2026-09-29
44,4416,4416001,Нижньотеплівська сільська громада,2018.0,1.0,1.8809034907597535,2026-09-29
44,4416,4416003,Новоайдарська селищна громада,2015.0,1.0,4.832306639288158,2026-09-29
44,4416,4416005,Станично-Луганська селищна громада,2020.0,0.0,0.0,2026-09-29
44,4416,4416007,Широківська селищна територіальна громада,2018.0,1.0,1.9082819986310746,2026-09-29
44,4416,4416009,Щастинська міська громада,2020.0,0.0,0.0,2026-09-29
46,4602,4602001,Бориславська міська громада,,,,2026-09-29
46,4602,4602003,Дрогобицька міська громада,,,,2026-09-29
46,4602,4602005,Меденицька селищна громада,,,,2026-09-29
46,4602,4602007,Східницька селищна громада,,,,2026-09-29
46,4602,4602009,Трускавецька міська громада,,,,2026-09-29
46,4604,4604001,Бродівська міська громада,,,,2026-09-29
46,4604,4604003,Буська міська громада,,,,2026-09-29
46,4604,4604005,Заболотцівська сільська громада,2015.0,1.0,4.848733744010952,2026-09-29
46,4604,4604007,Золочівська міська громада,,,,2026-09-29
46,4604,4604009,Красненська селищна громада,,,,2026-09-29
46,4604,4604011,Підкамінська селищна громада,,,,2026-09-29
46,4604,4604013,Поморянська селищна громада,,,,2026-09-29
46,4606,4606001,Бібрська міська об'єднана територіальна громада,,,,2026-09-29
46,4606,4606003,Великолюбінська селищна громада,2016.0,1.0,3.6632443531827517,2026-09-29
46,4606,4606005,Глинянська міська громада,,,,2026-09-29
46,4606,4606007,Городок,,,,2026-09-29
46,4606,4606009,Давидівська сільська громада,,,,2026-09-29
46,4606,4606011,Добросинсько-Магерівська сільська громада,2020.0,0.0,0.0,2026-09-29
46,4606,4606013,Жовківська міська громада,,,,2026-09-29
46,4606,4606015,Жовтанецька сільська громада,,,,2026-09-29
46,4606,4606017,Зимноводівська сільська громада,,,,2026-09-29
46,4606,4606019,Кам'янка-Бузька міська громада,2017.0,1.0,2.8199863107460645,2026-09-29
46,4606,4606021,Комарно,,,,2026-09-29
46,4606,4606023,Куликівська селищна громада,,,,2026-09-29
46,4606,4606025,Львівська міська громада,2020.0,0.0,0.0,2026-09-29
46,4606,4606027,Мурованська сільська громада,1946.0,1.0,74.44490075290896,2026-09-29
46,4606,4606029,Новояричівська селищна громада,,,,2026-09-29
46,4606,4606031,Оброшинська сільська громада,,,,2026-09-29
46,4606,4606033,Перемишлянська міська громада,,,,2026-09-29
46,4606,4606035,Підберізцівська сільська громада,,,,2026-09-29
46,4606,4606037,Пустомитівська міська громада,,,,2026-09-29
46,4606,4606039,Рава-Руська міська громада,,,,2026-09-29
46,4606,4606041,Сокільницька сільська громада,,,,2026-09-29
46,4606,4606043,Солонківська сільська громада,2017.0,1.0,2.915811088295688,2026-09-29
46,4606,4606045,Щирецька селищна громада,2017.0,1.0,2.924024640657084,2026-09-29
46,4608,4608001,Бісковицька сільська громада,2015.0,1.0,4.8405201916495555,2026-09-29
46,4608,4608003,Боринська селищна громада,,,,2026-09-29
46,4608,4608005,Добромильська міська громада,,,,2026-09-29
46,4608,4608007,Новокалинівська міська громада,2015.0,1.0,4.837782340862423,2026-09-29
46,4608,4608009,Ралівська сільська громада,,,,2026-09-29
46,4608,4608011,Рудківська міська громада,,,,2026-09-29
46,4608,4608013,Самбірська міська громада,,,,2026-09-29
46,4608,4608015,Старосамбірська міська громада,,,,2026-09-29
46,4608,4608017,Стрілківська сільська громада,1939.0,1.0,81.44558521560575,2026-09-29
46,4608,4608019,Турківська міська громада,,,,2026-09-29
46,4608,4608021,Хирівська міська громада,,,,2026-09-29
46,4610,4610001,Гніздичівська селищна громада,2015.0,1.0,4.843258042436688,2026-09-29
46,4610,4610003,Грабовецько-Дулібівська сільська громада,,,,2026-09-29
46,4610,4610005,Жидачівська міська громада,,,,2026-09-29
46,4610,4610007,Журавненська селищна громада,,,,2026-09-29
46,4610,4610009,Козівська сільська громада,,,,2026-09-29
46,4610,4610011,Миколаївська міська громада,,,,2026-09-29
46,4610,4610013,Моршинська міська громада,,,,2026-09-29
46,4610,4610015,Новороздільська міська громада,,,,2026-09-29
46,4610,4610017,Розвадівська сільська громада,,,,2026-09-29
46,4610,4610019,Сколівська міська громада,,,,2026-09-29
46,4610,4610021,Славська селищна громада,2017.0,1.0,2.8227241615331966,2026-09-29
46,4610,4610023,Стрийська міська громада,,,,2026-09-29
46,4610,4610025,Тростянецька сільська громада,2015.0,1.0,4.769336071184121,2026-09-29
46,4610,4610027,Ходорівська міська громада,2015.0,1.0,4.761122518822724,2026-09-29
46,4612,4612001,Белзька міська громада,,,,2026-09-29
46,4612,4612003,Великомостівська міська громада,2017.0,1.0,3.184120465434634,2026-09-29
46,4612,4612005,Добротвірська селищна громада,,,,2026-09-29
46,4612,4612007,Лопатинська селищна громада,,,,2026-09-29
46,4612,4612009,Радехівська міська громада,,,,2026-09-29
46,4612,4612011,Сокальська міська громада,,,,2026-09-29
46,4612,4612013,Шептицька міська громада,,,,2026-09-29
46,4614,4614001,Івано-Франківська селищна громада,,,,2026-09-29
46,4614,4614003,Мостиська міська громада,,,,2026-09-29
46,4614,4614005,Новояворівська міська громада,,,,2026-09-29
46,4614,4614007,Судововишнянська міська громада,2016.0,1.0,3.759069130732375,2026-09-29
46,4614,4614009,Шегинівська сільська громада,,,,2026-09-29
46,4614,4614011,Яворівська міська громада,,,,2026-09-29
48,4802,4802001,Баштанська міська громада,2016.0,1.0,3.7481177275838466,2026-09-29
48,4802,4802003,Березнегуватська селищна громада,2018.0,1.0,1.839835728952772,2026-09-29
48,4802,4802005,Вільнозапорізька сільська громада,2018.0,1.0,2.078028747433265,2026-09-29
48,4802,4802007,Володимирівська сільська громада,2017.0,1.0,2.855578370978782,2026-09-29
48,4802,4802009,Горохівська сільська громада,2018.0,1.0,2.0342231348391513,2026-09-29
48,4802,4802011,Інгульська сільська громада,,,,2026-09-29
48,4802,4802013,Казанківська селищна громада,2017.0,1.0,2.702258726899384,2026-09-29
48,4802,4802015,Новобузька міська громада,2018.0,1.0,1.8480492813141685,2026-09-29
48,4802,4802017,Привільненська сільська громада,,,,2026-09-29
48,4802,4802019,Снігурівська міська громада,2018.0,1.0,2.1519507186858315,2026-09-29
48,4802,4802021,Софіївська сільська громада,,,,2026-09-29
48,4802,4802023,Широківська селищна громада,2017.0,1.0,2.6885694729637235,2026-09-29
48,4804,4804001,Братська селищна громада,2020.0,0.0,0.0,2026-09-29
48,4804,4804003,Бузька сільська громада,2016.0,1.0,3.7481177275838466,2026-09-29
48,4804,4804005,Веселинівська селищна громада,2016.0,1.0,3.759069130732375,2026-09-29
48,4804,4804007,Вознесенська міська територіальна громада,,,,2026-09-29
48,4804,4804009,Доманівська селищна громада,2016.0,1.0,3.759069130732375,2026-09-29
48,4804,4804011,Дорошівська сільська громада,,,,2026-09-29
48,4804,4804013,Єланецька селищна громада,2020.0,0.0,0.0,2026-09-29
48,4804,4804015,Мостівська сільська громада,2016.0,1.0,3.890485968514716,2026-09-29
48,4804,4804017,Новомар'ївська сільська громада,2018.0,1.0,1.9411362080766599,2026-09-29
48,4804,4804019,Олександрівка,,,,2026-09-29
48,4804,4804021,Прибужанівська сільська громада,,,,2026-09-29
48,4804,4804023,Прибузька сільська громада,,,,2026-09-29
48,4804,4804025,Південноукраїнська міська громада,2020.0,0.0,0.0,2026-09-29
48,4806,4806001,Березанська селищна громада,2017.0,1.0,2.836413415468857,2026-09-29
48,4806,4806003,Веснянська сільська громада,2016.0,1.0,3.7481177275838466,2026-09-29
48,4806,4806005,Воскресенська селищна територіальна громада,,,,2026-09-29
48,4806,4806007,Галицинівська сільська громада,2016.0,1.0,3.8193018480492813,2026-09-29
48,4806,4806009,Коблівська сільська громада,2016.0,1.0,3.7453798767967146,2026-09-29
48,4806,4806011,Костянтинівська сільська територіальна громада,,,,2026-09-29
48,4806,4806013,Куцурубська сільська громада,2016.0,1.0,3.7426420260095825,2026-09-29
48,4806,4806015,Миколаївська міська територіальна громада,,,,2026-09-29
48,4806,4806017,Мішково-Погорілівська сільська громада,2019.0,1.0,0.731006160164271,2026-09-29
48,4806,4806019,Нечаянська сільська громада,,,,2026-09-29
48,4806,4806021,Новоодеська міська громада,2020.0,0.0,0.0,2026-09-29
48,4806,4806023,Ольшанська селищна громада,2016.0,1.0,3.7973990417522243,2026-09-29
48,4806,4806025,Очаківська міська громада,2020.0,0.0,0.0,2026-09-29
48,4806,4806027,Первомайська селищна громада,2020.0,0.0,0.0,2026-09-29
48,4806,4806029,Радсадівська сільська громада,2016.0,1.0,3.8329911019849416,2026-09-29
48,4806,4806031,Степівська сільська громада,2019.0,1.0,0.5393566050650239,2026-09-29
48,4806,4806033,Сухоєланецька сільська громада,,,,2026-09-29
48,4806,4806035,Чорноморська сільська громада,,,,2026-09-29
48,4806,4806037,Шевченківська сільська громада,2016.0,1.0,3.7754962354551678,2026-09-29
48,4808,4808001,Арбузинська селищна громада,2017.0,1.0,2.839151266255989,2026-09-29
48,4808,4808003,Благодатненська сільська громада,,,,2026-09-29
48,4808,4808005,Врадіївська селищна громада,2020.0,0.0,0.0,2026-09-29
48,4808,4808007,Кам'яномостівська сільська громада,2016.0,1.0,3.7481177275838466,2026-09-29
48,4808,4808009,Кривоозерська селищна громада,2020.0,0.0,0.0,2026-09-29
48,4808,4808011,Мигіївська сільська громада,2018.0,1.0,1.842573579739904,2026-09-29
48,4808,4808013,Первомайська міська громада,2020.0,0.0,0.0,2026-09-29
48,4808,4808015,Синюхинобрідська сільська громада,2020.0,0.0,0.0,2026-09-29
51,5102,5102001,Чернівська сільська територіальна громада,2020.0,0.0,0.0,2026-09-29
51,5102,5102003,Березівська міська громада,2017.0,1.0,3.2060232717316905,2026-09-29
51,5102,5102005,Великобуялицька сільська громада,2018.0,1.0,1.8316221765913758,2026-09-29
51,5102,5102007,Знам'янська сільська громада,2016.0,1.0,3.8165639972621492,2026-09-29
51,5102,5102009,Іванівська селищна громада,2019.0,1.0,0.4736481861738535,2026-09-29
51,5102,5102011,Коноплянська сільська громада,2016.0,1.0,3.8165639972621492,2026-09-29
51,5102,5102013,Курісівська сільська громада,2020.0,0.0,0.0,2026-09-29
51,5102,5102015,Миколаївська селищна громада,2020.0,0.0,0.0,2026-09-29
51,5102,5102017,Новокальчівська сільська громада,2015.0,1.0,4.8350444900752905,2026-09-29
51,5102,5102019,Петровірівська сільська громада,2019.0,1.0,0.4736481861738535,2026-09-29
51,5102,5102021,Раухівська селищна громада,2020.0,0.0,0.0,2026-09-29
51,5102,5102023,Розквітівська сільська громада,2015.0,1.0,4.8350444900752905,2026-09-29
51,5102,5102025,Старомаяківська сільська громада,2020.0,0.0,0.0,2026-09-29
51,5102,5102027,Стрюківська сільська громада,2020.0,0.0,0.0,2026-09-29
51,5102,5102029,Чогодарівська сільська громада,2019.0,1.0,0.4736481861738535,2026-09-29
51,5102,5102031,Ширяївська селищна громада,2016.0,1.0,3.7782340862423,2026-09-29
51,5104,5104001,Білгород-Дністровська міська громада,2020.0,0.0,0.0,2026-09-29
51,5104,5104003,Дивізійська сільська громада,2020.0,0.0,0.0,2026-09-29
51,5104,5104005,Кароліно-Бугазька сільська громада,2020.0,0.0,0.0,2026-09-29
51,5104,5104007,Кулевчанська сільська громада,2020.0,0.0,0.0,2026-09-29
51,5104,5104009,Лиманська сільська громада,2017.0,1.0,2.8747433264887063,2026-09-29
51,5104,5104011,Маразліївська сільська громада,2015.0,1.0,4.8350444900752905,2026-09-29
51,5104,5104013,Мологівська сільська громада,2017.0,1.0,2.7679671457905544,2026-09-29
51,5104,5104015,Петропавлівська сільська громада,2020.0,0.0,0.0,2026-09-29
51,5104,5104017,Плахтіївська сільська громада,2020.0,0.0,0.0,2026-09-29
51,5104,5104019,Саратська селищна громада,2020.0,0.0,0.0,2026-09-29
51,5104,5104021,Сергіївська селищна громада,2020.0,0.0,0.0,2026-09-29
51,5104,5104023,Старокозацька сільська громада,2017.0,1.0,2.8856947296372346,2026-09-29
51,5104,5104025,Татарбунарська міська громада,2020.0,0.0,0.0,2026-09-29
51,5104,5104027,Тузлівська сільська громада,2015.0,1.0,4.848733744010952,2026-09-29
51,5104,5104029,Успенівська сільська громада,2020.0,0.0,0.0,2026-09-29
51,5104,5104031,Шабівська сільська громада,2017.0,1.0,3.1047227926078027,2026-09-29
51,5106,5106001,Арцизька міська громада,2020.0,0.0,0.0,2026-09-29
51,5106,5106003,Болградська міська громада,2020.0,0.0,0.0,2026-09-29
51,5106,5106005,Буджацька селищна територіальна громада,2020.0,0.0,0.0,2026-09-29
51,5106,5106007,Василівська сільська громада,2020.0,0.0,0.0,2026-09-29
51,5106,5106009,Городненська сільська громада,2020.0,0.0,0.0,2026-09-29
51,5106,5106011,Криничненська сільська громада,2020.0,0.0,0.0,2026-09-29
51,5106,5106013,Кубейська сільська громада,2020.0,0.0,0.0,2026-09-29
51,5106,5106015,Павлівська сільська громада,2020.0,0.0,0.0,2026-09-29
51,5106,5106017,Бессарабська селищна територіальна громада,2020.0,0.0,0.0,2026-09-29
51,5106,5106019,Теплицька сільська громада,2020.0,0.0,0.0,2026-09-29
51,5108,5108001,Вилківська міська громада,2017.0,1.0,2.9021218343600275,2026-09-29
51,5108,5108003,Ізмаїльська міська громада,2020.0,0.0,0.0,2026-09-29
51,5108,5108005,Кілійська міська громада,2018.0,1.0,2.329911019849418,2026-09-29
51,5108,5108007,Ренійська міська громада,2020.0,0.0,0.0,2026-09-29
51,5108,5108009,Саф'янівська сільська громада,2020.0,0.0,0.0,2026-09-29
51,5108,5108011,Катлабузька селищна територіальна громада,2020.0,0.0,0.0,2026-09-29
51,5110,5110001,Авангардівська селищна громада,2017.0,1.0,3.047227926078029,2026-09-29
51,5110,5110003,Біляївська міська громада,2015.0,1.0,4.8350444900752905,2026-09-29
51,5110,5110005,Великодальницька сільська громада,2020.0,0.0,0.0,2026-09-29
51,5110,5110007,Великодолинська селищна громада,2020.0,0.0,0.0,2026-09-29
51,5110,5110009,Вигодянська сільська громада,2020.0,0.0,0.0,2026-09-29
51,5110,5110011,Визирська сільська громада,2018.0,1.0,1.8453114305270362,2026-09-29
51,5110,5110013,Дальницька сільська громада,2017.0,1.0,2.855578370978782,2026-09-29
51,5110,5110015,Дачненська сільська громада,2020.0,0.0,0.0,2026-09-29
51,5110,5110017,Доброславська селищна громада,2020.0,0.0,0.0,2026-09-29
51,5110,5110019,Красносільська сільська громада,2015.0,1.0,4.8350444900752905,2026-09-29
51,5110,5110021,Маяківська сільська громада,2017.0,1.0,2.924024640657084,2026-09-29
51,5110,5110023,Нерубайська сільська громада,2020.0,0.0,0.0,2026-09-29
51,5110,5110025,Овідіопольська селищна громада,2020.0,0.0,0.0,2026-09-29
51,5110,5110027,Одеська міська громада,2020.0,0.0,0.0,2026-09-29
51,5110,5110029,Таїрівська селищна громада,2017.0,1.0,3.0171115674195756,2026-09-29
51,5110,5110031,Теплодарська міська громада,2020.0,0.0,0.0,2026-09-29
51,5110,5110033,Усатівська сільська громада,2020.0,0.0,0.0,2026-09-29
51,5110,5110035,Фонтанська сільська громада,2020.0,0.0,0.0,2026-09-29
51,5110,5110037,Чорноморська міська громада,2020.0,0.0,0.0,2026-09-29
51,5110,5110039,Чорноморське,,,,2026-09-29
51,5110,5110041,Південнівська міська громада,2020.0,0.0,0.0,2026-09-29
51,5110,5110043,Яськівська сільська громада,2016.0,1.0,3.6249144421629023,2026-09-29
51,5112,5112001,Ананьївська міська громада,2020.0,0.0,0.0,2026-09-29
51,5112,5112003,Балтська міська громада,2015.0,1.0,4.8350444900752905,2026-09-29
51,5112,5112005,Долинська сільська громада,2020.0,0.0,0.0,2026-09-29
51,5112,5112007,Зеленогірська селищна громада,2018.0,1.0,1.5331964407939767,2026-09-29
51,5112,5112009,Кодимська міська громада,2020.0,0.0,0.0,2026-09-29
51,5112,5112011,Куяльницька сільська громада,2017.0,1.0,2.8856947296372346,2026-09-29
51,5112,5112013,Любашівська селищна громада,2018.0,1.0,2.3408624229979464,2026-09-29
51,5112,5112015,Окнянська селищна громада,2018.0,1.0,2.3353867214236823,2026-09-29
51,5112,5112017,Піщанська сільська громада,2020.0,0.0,0.0,2026-09-29
51,5112,5112019,Подільська міська громада,2020.0,0.0,0.0,2026-09-29
51,5112,5112021,Савранська селищна громада,2020.0,0.0,0.0,2026-09-29
51,5112,5112023,Слобідська селищна громада,2020.0,0.0,0.0,2026-09-29
51,5114,5114001,Великомихайлівська селищна громада,2015.0,1.0,4.8350444900752905,2026-09-29
51,5114,5114003,Великоплоске,,,,2026-09-29
51,5114,5114005,Затишанська селищна громада,2015.0,1.0,4.761122518822724,2026-09-29
51,5114,5114007,Захарівська селищна громада,2020.0,0.0,0.0,2026-09-29
51,5114,5114009,Лиманська селищна громада,2020.0,0.0,0.0,2026-09-29
51,5114,5114011,Новоборисівська сільська громада,2019.0,1.0,0.4736481861738535,2026-09-29
51,5114,5114013,Роздільнянська міська громада,2020.0,0.0,0.0,2026-09-29
51,5114,5114015,Степанівська сільська громада,2020.0,0.0,0.0,2026-09-29
51,5114,5114017,Цебриківська селищна громада,2017.0,1.0,2.9596167008898013,2026-09-29
53,5302,5302001,Глобинська міська громада,2015.0,1.0,4.832306639288158,2026-09-29
53,5302,5302003,Горішньоплавнівська міська громада,2019.0,1.0,1.158110882956879,2026-09-29
53,5302,5302005,Градизька селищна громада,2020.0,0.0,0.0,2026-09-29
53,5302,5302007,Кам'янопотоківська сільська громада,2019.0,1.0,0.5941136208076659,2026-09-29
53,5302,5302009,Козельщинська селищна громада,2017.0,1.0,2.6885694729637235,2026-09-29
53,5302,5302011,Кременчуцька міська громада,2020.0,0.0,0.0,2026-09-29
53,5302,5302013,Новогалещинська селищна громада,2016.0,1.0,3.728952772073922,2026-09-29
53,5302,5302015,Оболонська сільська громада,2017.0,1.0,2.8281998631074607,2026-09-29
53,5302,5302017,Омельницька сільська громада,2015.0,1.0,4.832306639288158,2026-09-29
53,5302,5302019,Піщанська сільська громада,,,,2026-09-29
53,5302,5302021,Пришибська сільська громада,,,,2026-09-29
53,5302,5302023,Семенівська селищна громада,2015.0,1.0,4.8350444900752905,2026-09-29
53,5304,5304001,Гребінківська міська громада,2017.0,1.0,3.2005475701574264,2026-09-29
53,5304,5304003,Лубенська міська громада,,,,2026-09-29
53,5304,5304005,Новооржицька селищна громада,2019.0,1.0,0.9609856262833676,2026-09-29
53,5304,5304007,Оржицька селищна громада,,,,2026-09-29
53,5304,5304009,Пирятинська міська громада,2015.0,1.0,4.832306639288158,2026-09-29
53,5304,5304011,Хорольська міська громада,,,,2026-09-29
53,5304,5304013,Чорнухинська селищна громада,2018.0,1.0,1.9411362080766599,2026-09-29
53,5306,5306001,Білоцерківська сільська громада,2015.0,1.0,4.832306639288158,2026-09-29
53,5306,5306003,Великобагачанська селищна громада,2016.0,1.0,3.6659822039698837,2026-09-29
53,5306,5306005,Великобудищанська сільська громада,2019.0,1.0,0.731006160164271,2026-09-29
53,5306,5306007,Великосорочинська сільська громада,,,,2026-09-29
53,5306,5306009,Гадяцька міська громада,2018.0,1.0,1.730321697467488,2026-09-29
53,5306,5306011,Гоголівська селищна громада,2019.0,1.0,0.9965776865160849,2026-09-29
53,5306,5306013,Заводська міська громада,,,,2026-09-29
53,5306,5306015,Комишнянська селищна громада,2020.0,0.0,0.0,2026-09-29
53,5306,5306017,Краснолуцька сільська громада,1919.0,1.0,101.44558521560575,2026-09-29
53,5306,5306019,Лохвицька міська громада,2017.0,1.0,3.030800821355236,2026-09-29
53,5306,5306021,Лютенська сільська громада,2020.0,0.0,0.0,2026-09-29
53,5306,5306023,Миргородська міська громада,,,,2026-09-29
53,5306,5306025,Петрівсько-Роменська сільська громада,2017.0,1.0,2.6913073237508556,2026-09-29
53,5306,5306027,Ромоданівська селищна громада,2019.0,1.0,0.8459958932238193,2026-09-29
53,5306,5306029,Сенчанська сільська громада,1934.0,1.0,86.44490075290896,2026-09-29
53,5306,5306031,Сергіївська сільська громада,2016.0,1.0,3.893223819301848,2026-09-29
53,5306,5306033,Шишацька селищна громада,2015.0,1.0,4.832306639288158,2026-09-29
53,5308,5308001,Білицька селищна громада,2020.0,0.0,0.0,2026-09-29
53,5308,5308003,Великорублівська сільська громада,,,,2026-09-29
53,5308,5308005,Диканська селищна громада,2020.0,0.0,0.0,2026-09-29
53,5308,5308007,Драбинівська сільська громада,1923.0,1.0,97.44558521560575,2026-09-29
53,5308,5308009,Зіньківська міська громада,2019.0,1.0,0.7364818617385352,2026-09-29
53,5308,5308011,Карлівська міська громада,2020.0,0.0,0.0,2026-09-29
53,5308,5308013,Кобеляцька міська громада,2020.0,0.0,0.0,2026-09-29
53,5308,5308015,Коломацька сільська громада,,,,2026-09-29
53,5308,5308017,Котелевська селищна громада,2020.0,0.0,0.0,2026-09-29
53,5308,5308019,Ланнівська селищна громада,,,,2026-09-29
53,5308,5308021,Мартинівська сільська громада,,,,2026-09-29
53,5308,5308023,Мачухівська сільська громада,2017.0,1.0,2.8199863107460645,2026-09-29
53,5308,5308025,Машівська селищна громада,2017.0,1.0,2.7652292950034223,2026-09-29
53,5308,5308027,Михайлівська сільська громада,2017.0,1.0,2.8281998631074607,2026-09-29
53,5308,5308029,Нехворощанська сільська громада,1963.0,1.0,57.445585215605746,2026-09-29
53,5308,5308031,Новосанжарська селищна громада,2017.0,1.0,2.937713894592745,2026-09-29
53,5308,5308033,Новоселівська сільська громада,2017.0,1.0,2.7871321013004793,2026-09-29
53,5308,5308035,Опішнянська селищна громада,2018.0,1.0,1.7467488021902806,2026-09-29
53,5308,5308037,Полтавська міська громада,2020.0,0.0,0.0,2026-09-29
53,5308,5308039,Решетилівська міська громада,2016.0,1.0,3.8220396988364134,2026-09-29
53,5308,5308041,Скороходівська селищна громада,2015.0,1.0,4.714579055441479,2026-09-29
53,5308,5308043,Терешківська сільська громада,,,,2026-09-29
53,5308,5308045,Чутівська територіальна громада,2020.0,0.0,0.0,2026-09-29
53,5308,5308047,Щербанівська сільська громада,,,,2026-09-29
56,5602,5602001,Антонівська сільська громада,1939.0,1.0,81.44558521560575,2026-09-29
56,5602,5602003,Вараська міська громада,2018.0,1.0,1.6290212183436004,2026-09-29
56,5602,5602005,Володимирецька селищна громада,2020.0,0.0,0.0,2026-09-29
56,5602,5602007,Зарічненська селищна громада,2020.0,1.0,0.4462696783025325,2026-09-29
56,5602,5602009,Каноницька сільська громада,2020.0,0.0,0.0,2026-09-29
56,5602,5602011,Локницька сільська громада,1945.0,1.0,75.44421629021218,2026-09-29
56,5602,5602013,Полицька сільська громада,1940.0,1.0,80.44626967830253,2026-09-29
56,5602,5602015,Рафалівська селищна громада,2020.0,1.0,0.4462696783025325,2026-09-29
56,5604,5604001,Бокіймівська сільська громада,2016.0,1.0,3.7426420260095825,2026-09-29
56,5604,5604003,Боремельська сільська громада,1944.0,1.0,76.44626967830253,2026-09-29
56,5604,5604005,Варковицька сільська громада,,,,2026-09-29
56,5604,5604007,Вербська сільська громада,2020.0,1.0,0.4462696783025325,2026-09-29
56,5604,5604009,Демидівська селищна громада,2016.0,1.0,3.7453798767967146,2026-09-29
56,5604,5604011,Дубенська міська громада,2020.0,1.0,0.4462696783025325,2026-09-29
56,5604,5604013,Козинська сільська громада,2016.0,1.0,4.125941136208077,2026-09-29
56,5604,5604015,Крупецька сільська громада,1940.0,1.0,80.44626967830253,2026-09-29
56,5604,5604017,Мирогощанська сільська громада,1939.0,1.0,81.44558521560575,2026-09-29
56,5604,5604019,Млинівська селищна громада,2016.0,1.0,3.863107460643395,2026-09-29
56,5604,5604021,Острожецька сільська громада,2016.0,1.0,3.838466803559206,2026-09-29
56,5604,5604023,Підлозцівська сільська громада,2015.0,1.0,4.774811772758385,2026-09-29
56,5604,5604025,Повчанська сільська громада,1991.0,1.0,29.44558521560575,2026-09-29
56,5604,5604027,Привільненська сільська громада,1963.0,1.0,57.445585215605746,2026-09-29
56,5604,5604029,Радивилівська міська громада,2015.0,1.0,4.722792607802875,2026-09-29
56,5604,5604031,Семидубська сільська громада,1940.0,1.0,80.44626967830253,2026-09-29
56,5604,5604033,Смизька селищна громада,2016.0,1.0,4.128678986995209,2026-09-29
56,5604,5604035,Тараканівська сільська громада,2016.0,1.0,3.6413415468856947,2026-09-29
56,5604,5604037,Ярославицька сільська громада,1940.0,1.0,80.44626967830253,2026-09-29
56,5606,5606001,Бабинська сільська об'єднана територіальна громада,1940.0,1.0,80.44626967830253,2026-09-29
56,5606,5606003,Березнівська міська громада,,,,2026-09-29
56,5606,5606005,Білокриницька сільська громада,2020.0,1.0,0.4462696783025325,2026-09-29
56,5606,5606007,Бугринська сільська громада,2015.0,1.0,4.8350444900752905,2026-09-29
56,5606,5606009,Великомежиріцька сільська громада,2020.0,1.0,0.4462696783025325,2026-09-29
56,5606,5606011,Великоомелянська сільська громада,1940.0,1.0,80.44626967830253,2026-09-29
56,5606,5606013,Головинська сільська громада,2020.0,1.0,0.4462696783025325,2026-09-29
56,5606,5606015,Городоцька сільська громада,1940.0,1.0,80.44626967830253,2026-09-29
56,5606,5606017,Гощанська селищна громада,2020.0,1.0,0.4462696783025325,2026-09-29
56,5606,5606019,Деражненська сільська громада,1974.0,1.0,46.444900752908964,2026-09-29
56,5606,5606021,Дядьковицька сільська громада,2018.0,1.0,1.8781656399726214,2026-09-29
56,5606,5606023,Здовбицька сільська громада,2020.0,1.0,0.4462696783025325,2026-09-29
56,5606,5606025,Здолбунівська міська громада,2020.0,1.0,0.4462696783025325,2026-09-29
56,5606,5606027,Зорянська сільська громада,2020.0,1.0,0.4462696783025325,2026-09-29
56,5606,5606029,Клеванська селищна громада,2017.0,1.0,2.844626967830253,2026-09-29
56,5606,5606031,Корецька міська громада,2020.0,1.0,0.4462696783025325,2026-09-29
56,5606,5606033,Корнинська сільська громада,1952.0,1.0,68.44626967830253,2026-09-29
56,5606,5606035,Костопільська міська громада,2020.0,1.0,0.4462696783025325,2026-09-29
56,5606,5606037,Малинська сільська громада,2020.0,1.0,0.4462696783025325,2026-09-29
56,5606,5606039,Малолюбашанська сільська громада,2017.0,1.0,2.836413415468857,2026-09-29
56,5606,5606041,Мізоцька селищна громада,2020.0,1.0,0.4462696783025325,2026-09-29
56,5606,5606043,Олександрійська сільська громада,1940.0,1.0,80.44626967830253,2026-09-29
56,5606,5606045,Острозька міська громада,2019.0,1.0,0.8815879534565366,2026-09-29
56,5606,5606047,Рівненська міська громада,,,,2026-09-29
56,5606,5606049,Соснівська селищна громада,2020.0,1.0,0.4462696783025325,2026-09-29
56,5606,5606051,Шпанівська сільська громада,2017.0,1.0,2.6694045174537986,2026-09-29
56,5608,5608001,Березівська сільська громада,2020.0,1.0,0.4462696783025325,2026-09-29
56,5608,5608003,Вирівська сільська громада,2020.0,1.0,0.4462696783025325,2026-09-29
56,5608,5608005,Висоцька сільська громада,2016.0,1.0,4.128678986995209,2026-09-29
56,5608,5608007,Дубровицька міська громада,2020.0,1.0,0.4462696783025325,2026-09-29
56,5608,5608009,Клесівська селищна громада,2015.0,1.0,4.763860369609857,2026-09-29
56,5608,5608011,Миляцька сільська громада,2015.0,1.0,4.605065023956194,2026-09-29
56,5608,5608013,Немовицька сільська громада,1947.0,1.0,73.44558521560575,2026-09-29
56,5608,5608015,Рокитнівська селищна громада,2020.0,1.0,0.4462696783025325,2026-09-29
56,5608,5608017,Сарненська міська громада,2020.0,1.0,0.4462696783025325,2026-09-29
56,5608,5608019,Старосільська сільська громада,2018.0,1.0,2.0725530458590007,2026-09-29
56,5608,5608021,Степанська селищна громада,2018.0,1.0,1.675564681724846,2026-09-29
59,5902,5902001,Бочечківська сільська громада,2017.0,1.0,3.436002737850787,2026-09-29
59,5902,5902003,Буринська міська громада,2017.0,1.0,2.9349760438056127,2026-09-29
59,5902,5902005,Дубов'язівська селищна громада,2017.0,1.0,2.9021218343600275,2026-09-29
59,5902,5902007,Конотопська міська громада,2019.0,1.0,0.999315537303217,2026-09-29
59,5902,5902009,Кролевецька міська громада,2017.0,1.0,3.436002737850787,2026-09-29
59,5902,5902011,Новослобідська сільська громада,2017.0,1.0,2.915811088295688,2026-09-29
59,5902,5902013,Попівська сільська громада,2020.0,0.0,0.0,2026-09-29
59,5902,5902015,Путивльська міська громада,2018.0,1.0,2.3408624229979464,2026-09-29
59,5904,5904001,Боромлянська сільська громада,2016.0,1.0,3.7700205338809036,2026-09-29
59,5904,5904003,Великописарівська селищна громада,,,,2026-09-29
59,5904,5904005,Грунська сільська громада,2016.0,1.0,3.8220396988364134,2026-09-29
59,5904,5904007,Кириківська селищна громада,2016.0,1.0,3.753593429158111,2026-09-29
59,5904,5904009,Комишанська сільська громада,2017.0,1.0,2.9349760438056127,2026-09-29
59,5904,5904011,Охтирська міська громада,,,,2026-09-29
59,5904,5904013,Тростянецька міська громада,2017.0,1.0,2.9021218343600275,2026-09-29
59,5904,5904015,Чернеччинська сільська громада,2017.0,1.0,2.9349760438056127,2026-09-29
59,5904,5904017,Чупахівська селищна громада,2017.0,1.0,2.8254620123203287,2026-09-29
59,5906,5906001,Андріяшівська сільська громада,2017.0,1.0,2.4722792607802875,2026-09-29
59,5906,5906003,Вільшанська сільська громада,2017.0,1.0,3.433264887063655,2026-09-29
59,5906,5906005,Коровинська сільська громада,2017.0,1.0,3.0663928815879533,2026-09-29
59,5906,5906007,Липоводолинська селищна громада,2019.0,1.0,1.273100616016427,2026-09-29
59,5906,5906009,Недригайлівська селищна громада,2016.0,1.0,3.7754962354551678,2026-09-29
59,5906,5906011,Роменська міська громада,,,,2026-09-29
59,5906,5906013,Синівська сільська громада,,,,2026-09-29
59,5906,5906015,Хмелівська сільська громада,,,,2026-09-29
59,5908,5908001,Бездрицька сільська громада,2016.0,1.0,3.7672826830937716,2026-09-29
59,5908,5908003,Білопільська міська громада,2018.0,1.0,1.7467488021902806,2026-09-29
59,5908,5908005,Верхньосироватська сільська громада,2017.0,1.0,3.1512662559890487,2026-09-29
59,5908,5908007,Ворожбянська міська громада,,,,2026-09-29
59,5908,5908009,Краснопільська селищна громада,2016.0,1.0,3.468856947296372,2026-09-29
59,5908,5908011,Лебединська міська громада,,,,2026-09-29
59,5908,5908013,Миколаївська селищна громада,2016.0,1.0,3.8165639972621492,2026-09-29
59,5908,5908015,Миколаївська сільська громада,2016.0,1.0,3.8329911019849416,2026-09-29
59,5908,5908017,Миропільська сільська громада,2016.0,1.0,3.7973990417522243,2026-09-29
59,5908,5908019,Нижньосироватська сільська громада,2016.0,1.0,3.7754962354551678,2026-09-29
59,5908,5908021,Річківська сільська громада,2018.0,1.0,1.9822039698836413,2026-09-29
59,5908,5908023,Садівська сільська громада,,,,2026-09-29
59,5908,5908025,Степанівська селищна громада,2017.0,1.0,3.24435318275154,2026-09-29
59,5908,5908027,Сумська міська громада,2019.0,1.0,1.1225188227241616,2026-09-29
59,5908,5908029,Хотінська селищна громада,2016.0,1.0,3.7481177275838466,2026-09-29
59,5908,5908031,Юнаківська сільська громада,,,,2026-09-29
59,5910,5910001,Березівська сільська громада,2015.0,1.0,4.799452429842574,2026-09-29
59,5910,5910003,Глухівська міська громада,,,,2026-09-29
59,5910,5910005,Дружбівська міська громада,2016.0,1.0,3.8329911019849416,2026-09-29
59,5910,5910007,Есманьська селищна громада,,,,2026-09-29
59,5910,5910009,Зноб-Новгородська селищна громада,2016.0,1.0,3.783709787816564,2026-09-29
59,5910,5910011,Свеська селищна громада,,,,2026-09-29
59,5910,5910013,Середино-Будська міська громада,,,,2026-09-29
59,5910,5910015,Шалигинська селищна громада,2016.0,1.0,3.8329911019849416,2026-09-29
59,5910,5910017,Шосткинська міська громада,2018.0,1.0,1.7905544147843941,2026-09-29
59,5910,5910019,Ямпільська селищна громада,,,,2026-09-29
61,6102,6102001,Борсуківська сільська громада,,,,2026-09-29
61,6102,6102003,Великодедеркальська сільська громада,2016.0,1.0,3.7426420260095825,2026-09-29
61,6102,6102005,Вишнівецька селищна громада,2016.0,1.0,3.7453798767967146,2026-09-29
61,6102,6102007,Кременецька міська громада,2020.0,1.0,0.4462696783025325,2026-09-29
61,6102,6102009,Лановецька міська громада,2017.0,1.0,3.052703627652293,2026-09-29
61,6102,6102011,Лопушненська сільська громада,2015.0,1.0,4.8405201916495555,2026-09-29
61,6102,6102013,Почаївська міська громада,2015.0,1.0,4.848733744010952,2026-09-29
61,6102,6102015,Шумська міська громада,2015.0,1.0,4.887063655030801,2026-09-29
61,6104,6104001,Байковецька сільська громада,1945.0,1.0,75.44421629021218,2026-09-29
61,6104,6104003,Бережанська міська громада,2018.0,1.0,1.6098562628336757,2026-09-29
61,6104,6104005,Білецька сільська громада,1991.0,1.0,29.44558521560575,2026-09-29
61,6104,6104007,Великоберезовицька селищна громада,2020.0,1.0,0.4462696783025325,2026-09-29
61,6104,6104009,Великобірківська селищна громада,2019.0,1.0,0.7885010266940452,2026-09-29
61,6104,6104011,Великогаївська сільська громада,2015.0,1.0,4.895277207392197,2026-09-29
61,6104,6104013,Залозецька селищна громада,2016.0,1.0,3.7426420260095825,2026-09-29
61,6104,6104015,Збаразька міська громада,2020.0,1.0,0.4462696783025325,2026-09-29
61,6104,6104017,Зборівська міська громада,2016.0,1.0,3.7481177275838466,2026-09-29
61,6104,6104019,Золотниківська сільська громада,1991.0,1.0,29.44558521560575,2026-09-29
61,6104,6104021,Іванівська сільська громада,1939.0,1.0,81.44558521560575,2026-09-29
61,6104,6104023,Козівська селищна громада,2020.0,1.0,0.4462696783025325,2026-09-29
61,6104,6104025,Козлівська селищна громада,2015.0,1.0,4.889801505817933,2026-09-29
61,6104,6104027,Купчинецька сільська громада,1870.0,1.0,150.44216290212182,2026-09-29
61,6104,6104029,Микулинецька селищна громада,2015.0,1.0,4.8350444900752905,2026-09-29
61,6104,6104031,Нараївська сільська громада,2019.0,1.0,1.1882272416153319,2026-09-29
61,6104,6104033,Озернянська сільська громада,1939.0,1.0,81.44558521560575,2026-09-29
61,6104,6104035,Підволочиська селищна громада,2015.0,1.0,4.870636550308008,2026-09-29
61,6104,6104037,Підгаєцька міська громада,2020.0,1.0,0.4462696783025325,2026-09-29
61,6104,6104039,Підгороднянська сільська громада,1991.0,1.0,29.44558521560575,2026-09-29
61,6104,6104041,Саранчуківська сільська громада,2017.0,1.0,2.839151266255989,2026-09-29
61,6104,6104043,Скалатська міська громада,2015.0,1.0,4.914442162902122,2026-09-29
61,6104,6104045,Скориківська сільська громада,,,,2026-09-29
61,6104,6104047,Теребовлянська міська громада,2015.0,1.0,4.87337440109514,2026-09-29
61,6104,6104049,Тернопільська міська громада,2018.0,1.0,1.5770020533880904,2026-09-29
61,6106,6106001,Білобожницька сільська громада,2015.0,1.0,4.772073921971253,2026-09-29
61,6106,6106003,Більче-Золотецька сільська громада,,,,2026-09-29
61,6106,6106005,Борщівська міська громада,2016.0,1.0,3.9507186858316223,2026-09-29
61,6106,6106007,Бучацька міська громада,2020.0,1.0,0.4462696783025325,2026-09-29
61,6106,6106009,Васильковецька сільська громада,2015.0,1.0,4.772073921971253,2026-09-29
61,6106,6106011,Гримайлівська селищна громада,2016.0,1.0,3.7754962354551678,2026-09-29
61,6106,6106013,Гусятинська селищна громада,2015.0,1.0,4.91170431211499,2026-09-29
61,6106,6106015,Заводська селищна громада,2015.0,1.0,4.837782340862423,2026-09-29
61,6106,6106017,Заліщицька міська громада,2020.0,1.0,0.4462696783025325,2026-09-29
61,6106,6106019,Золотопотіцька селищна громада,2015.0,1.0,4.87337440109514,2026-09-29
61,6106,6106021,Іване-Пустенська сільська громада,2020.0,1.0,0.4462696783025325,2026-09-29
61,6106,6106023,Колиндянська сільська громада,2015.0,1.0,4.87337440109514,2026-09-29
61,6106,6106025,Копичинецька міська громада,2018.0,1.0,1.8699520876112252,2026-09-29
61,6106,6106027,Коропецька селищна громада,2015.0,1.0,4.87337440109514,2026-09-29
61,6106,6106029,Мельнице-Подільська селищна громада,2015.0,1.0,4.898015058179329,2026-09-29
61,6106,6106031,Монастириська міська громада,2018.0,1.0,1.8069815195071868,2026-09-29
61,6106,6106033,Нагірянська сільська громада,2020.0,0.0,0.0,2026-09-29
61,6106,6106035,Скала-Подільська селищна громада,2015.0,1.0,4.906228610540725,2026-09-29
61,6106,6106037,Товстенська селищна громада,2017.0,1.0,2.5544147843942504,2026-09-29
61,6106,6106039,Трибухівська сільська громада,2016.0,1.0,3.7262149212867897,2026-09-29
61,6106,6106041,Хоростківська міська громада,2015.0,1.0,4.8350444900752905,2026-09-29
61,6106,6106043,Чортківська міська громада,2019.0,1.0,0.4681724845995893,2026-09-29
63,6302,6302001,Богодухівська міська громада,2020.0,0.0,0.0,2026-09-29
63,6302,6302003,Валківська міська громада,2020.0,0.0,0.0,2026-09-29
63,6302,6302005,Золочівська селищна територіальна громада,,,,2026-09-29
63,6302,6302007,Коломацька селищна громада,2017.0,1.0,2.8993839835728954,2026-09-29
63,6302,6302009,Краснокутська селищна громада,2020.0,0.0,0.0,2026-09-29
63,6304,6304001,Балаклійська міська громада,2020.0,0.0,0.0,2026-09-29
63,6304,6304003,Барвінківська міська громада,2020.0,0.0,0.0,2026-09-29
63,6304,6304005,Борівська селищна громада,2020.0,0.0,0.0,2026-09-29
63,6304,6304007,Донецька селищна громада,,,,2026-09-29
63,6304,6304009,Ізюмська міська громада,2019.0,1.0,1.0157426420260096,2026-09-29
63,6304,6304011,Куньєвська сільська громада,,,,2026-09-29
63,6304,6304013,Оскільська сільська громада,2017.0,1.0,2.8829568788501025,2026-09-29
63,6304,6304015,Савинська селищна громада,2020.0,0.0,0.0,2026-09-29
63,6306,6306001,Зачепилівська селищна громада,2017.0,1.0,3.082819986310746,2026-09-29
63,6306,6306003,Кегичівська селищна громада,2020.0,0.0,0.0,2026-09-29
63,6306,6306005,Красноградська міська громада,2020.0,0.0,0.0,2026-09-29
63,6306,6306007,Наталинська сільська громада,2017.0,1.0,2.844626967830253,2026-09-29
63,6306,6306009,Сахновщинська селищна громада,2020.0,0.0,0.0,2026-09-29
63,6306,6306011,Старовірівська сільська громада,2017.0,1.0,2.704996577686516,2026-09-29
63,6308,6308001,Великобурлуцька селищна громада,2018.0,1.0,2.3381245722108144,2026-09-29
63,6308,6308003,Вільхуватська сільська громада,2020.0,0.0,0.0,2026-09-29
63,6308,6308005,Дворічанська селищна громада,2020.0,0.0,0.0,2026-09-29
63,6308,6308007,Кіндрашівська сільська громада,1923.0,1.0,97.44558521560575,2026-09-29
63,6308,6308009,Куп'янська міська громада,2020.0,0.0,0.0,2026-09-29
63,6308,6308011,Курилівська сільська громада,2020.0,0.0,0.0,2026-09-29
63,6308,6308013,Петропавлівська сільська громада,1923.0,1.0,97.44558521560575,2026-09-29
63,6308,6308015,Шевченківська селищна громада,2020.0,0.0,0.0,2026-09-29
63,6310,6310001,Біляївська селищна громада,2020.0,0.0,0.0,2026-09-29
63,6310,6310003,Близнюківська селищна громада,2020.0,0.0,0.0,2026-09-29
63,6310,6310005,Лозівська міська громада,2018.0,1.0,1.782340862422998,2026-09-29
63,6310,6310007,Олексіївка,,,,2026-09-29
63,6310,6310009,Златопільська міська громада,2020.0,0.0,0.0,2026-09-29
63,6312,6312001,Безлюдівська селищна громада,2020.0,0.0,0.0,2026-09-29
63,6312,6312003,Височанська селищна громада,2020.0,0.0,0.0,2026-09-29
63,6312,6312005,Вільхівська сільська громада,1923.0,1.0,97.44558521560575,2026-09-29
63,6312,6312007,Дергачівська міська громада,2020.0,0.0,0.0,2026-09-29
63,6312,6312009,Липецька сільська громада,2020.0,0.0,0.0,2026-09-29
63,6312,6312011,Люботинська міська громада,2020.0,0.0,0.0,2026-09-29
63,6312,6312013,Малоданилівська селищна громада,2017.0,1.0,2.91854893908282,2026-09-29
63,6312,6312015,Мереф'янська міська громада,2016.0,1.0,4.205338809034908,2026-09-29
63,6312,6312017,Нововодолазька селищна громада,2017.0,1.0,3.381245722108145,2026-09-29
63,6312,6312019,Південноміська міська громада,2020.0,0.0,0.0,2026-09-29
63,6312,6312021,Пісочинська селищна громада,2018.0,1.0,2.3353867214236823,2026-09-29
63,6312,6312023,Роганська селищна громада,2016.0,1.0,3.9671457905544147,2026-09-29
63,6312,6312025,Солоницівська селищна громада,2020.0,0.0,0.0,2026-09-29
63,6312,6312027,Харківська міська громада,2020.0,0.0,0.0,2026-09-29
63,6312,6312029,Циркунівська сільська громада,1920.0,1.0,100.44626967830253,2026-09-29
63,6314,6314001,Вовчанська міська громада,2020.0,0.0,0.0,2026-09-29
63,6314,6314003,Зміївська міська громада,2020.0,0.0,0.0,2026-09-29
63,6314,6314005,Малинівська селищна громада,2017.0,1.0,2.8856947296372346,2026-09-29
63,6314,6314007,Новопокровська селищна громада,2020.0,0.0,0.0,2026-09-29
63,6314,6314009,Печенізька селищна громада,2020.0,0.0,0.0,2026-09-29
63,6314,6314011,Слобожанська міська громада,2020.0,0.0,0.0,2026-09-29
63,6314,6314013,Старосалтівська селищна громада,2015.0,1.0,4.763860369609857,2026-09-29
63,6314,6314015,Чкаловська селищна громада,2016.0,1.0,4.082135523613963,2026-09-29
63,6314,6314017,Чугуївська міська громада,2020.0,0.0,0.0,2026-09-29
65,6502,6502001,Бериславська міська громада,2020.0,0.0,0.0,2026-09-29
65,6502,6502003,Борозенська сільська громада,2017.0,1.0,3.189596167008898,2026-09-29
65,6502,6502005,Великоолександрівська селищна громада,2020.0,0.0,0.0,2026-09-29
65,6502,6502007,Високопільська селищна громада,2017.0,1.0,2.9130732375085557,2026-09-29
65,6502,6502009,Калинівська селищна громада,2020.0,0.0,0.0,2026-09-29
65,6502,6502011,Кочубеївська сільська громада,2015.0,1.0,4.889801505817933,2026-09-29
65,6502,6502013,Милівська сільська громада,2018.0,1.0,1.8316221765913758,2026-09-29
65,6502,6502015,Нововоронцовська селищна громада,2020.0,0.0,0.0,2026-09-29
65,6502,6502017,Новоолександрівська сільська громада,2020.0,0.0,0.0,2026-09-29
65,6502,6502019,Новорайська сільська громада,2017.0,1.0,2.4722792607802875,2026-09-29
65,6502,6502021,Тягинська сільська громада,2020.0,0.0,0.0,2026-09-29
65,6504,6504001,Генічеська міська громада,,,,2026-09-29
65,6504,6504003,Іванівська селищна громада,2017.0,1.0,3.0362765229295,2026-09-29
65,6504,6504005,Нижньосірогозька селищна громада,2020.0,0.0,0.0,2026-09-29
65,6504,6504007,Новотроїцька селищна громада,2020.0,0.0,0.0,2026-09-29
65,6506,6506001,Асканіє-Нова селищна територіальна громада,2016.0,1.0,3.909650924024641,2026-09-29
65,6506,6506003,Великолепетиська селищна громада,2020.0,0.0,0.0,2026-09-29
65,6506,6506005,Верхньорогачицька селищна громада,2020.0,0.0,0.0,2026-09-29
65,6506,6506007,Горностаївська селищна громада,2016.0,1.0,3.5537303216974676,2026-09-29
65,6506,6506009,Зеленопідська сільська громада,2016.0,1.0,3.8603696098562628,2026-09-29
65,6506,6506011,Каховська міська громада,2020.0,0.0,0.0,2026-09-29
65,6506,6506013,Костянтинівська сільська громада,2016.0,1.0,3.4989733059548254,2026-09-29
65,6506,6506015,Любимівська селищна громада,2016.0,1.0,3.783709787816564,2026-09-29
65,6506,6506017,Новокаховська міська громада,2018.0,1.0,1.6947296372347707,2026-09-29
65,6506,6506019,Присиваська сільська громада,2016.0,1.0,3.759069130732375,2026-09-29
65,6506,6506021,Рубанівська сільська громада,2020.0,0.0,0.0,2026-09-29
65,6506,6506023,Тавричанська сільська громада,2016.0,1.0,3.813826146475017,2026-09-29
65,6506,6506025,Таврійська міська громада,2016.0,1.0,3.761806981519507,2026-09-29
65,6506,6506027,Хрестівська сільська громада,2016.0,1.0,3.89596167008898,2026-09-29
65,6506,6506029,Чаплинська селищна громада,2016.0,1.0,3.780971937029432,2026-09-29
65,6508,6508001,Бехтерська сільська громада,2017.0,1.0,3.3347022587268995,2026-09-29
65,6508,6508003,Голопристанська міська громада,2019.0,1.0,0.8870636550308009,2026-09-29
65,6508,6508005,Долматівська сільська громада,2017.0,1.0,2.809034907597536,2026-09-29
65,6508,6508007,Каланчацька селищна громада,2016.0,1.0,3.89596167008898,2026-09-29
65,6508,6508009,Лазурненська селищна громада,2018.0,1.0,2.190280629705681,2026-09-29
65,6508,6508011,Мирненська селищна громада,2016.0,1.0,3.759069130732375,2026-09-29
65,6508,6508013,Новомиколаївська сільська громада,2020.0,0.0,0.0,2026-09-29
65,6508,6508015,Скадовська міська громада,2020.0,0.0,0.0,2026-09-29
65,6508,6508017,Чулаківська сільська громада,2017.0,1.0,3.2114989733059547,2026-09-29
65,6510,6510001,Білозерська селищна громада,2017.0,1.0,2.9349760438056127,2026-09-29
65,6510,6510003,Великокопанівська сільська громада,2016.0,1.0,3.7481177275838466,2026-09-29
65,6510,6510005,Виноградівська сільська громада,2016.0,1.0,3.5071868583162216,2026-09-29
65,6510,6510007,Дар'ївська сільська громада,2019.0,1.0,1.4455852156057496,2026-09-29
65,6510,6510009,Музиківська сільська громада,2016.0,1.0,3.9397672826830936,2026-09-29
65,6510,6510011,Олешківська міська громада,2020.0,0.0,0.0,2026-09-29
65,6510,6510013,Станіславська сільська громада,2017.0,1.0,2.9130732375085557,2026-09-29
65,6510,6510015,Херсонська міська громада,2020.0,0.0,0.0,2026-09-29
65,6510,6510017,Чорнобаївська сільська громада,2018.0,1.0,2.190280629705681,2026-09-29
65,6510,6510019,Ювілейна сільська громада,2017.0,1.0,2.8966461327857633,2026-09-29
68,6802,6802001,Гуківська сільська громада,2016.0,1.0,3.7399041752224504,2026-09-29
68,6802,6802003,Гуменецька сільська громада,2015.0,1.0,4.832306639288158,2026-09-29
68,6802,6802005,Дунаєвецька міська громада,2015.0,1.0,4.832306639288158,2026-09-29
68,6802,6802007,Жванецька сільська громада,2017.0,1.0,2.759753593429158,2026-09-29
68,6802,6802009,Закупненська селищна громада,2020.0,0.0,0.0,2026-09-29
68,6802,6802011,Кам'янець-Подільська міська громада,2020.0,0.0,0.0,2026-09-29
68,6802,6802013,Китайгородська сільська громада,2015.0,1.0,4.832306639288158,2026-09-29
68,6802,6802015,Маківська сільська громада,2015.0,1.0,4.832306639288158,2026-09-29
68,6802,6802017,Новодунаєвецька селищна громада,2015.0,1.0,4.832306639288158,2026-09-29
68,6802,6802019,Новоушицька селищна об'єднана територіальна громада,2015.0,1.0,4.813141683778234,2026-09-29
68,6802,6802021,Орининська сільська громада,2019.0,1.0,0.4681724845995893,2026-09-29
68,6802,6802023,Слобідсько-Кульчієвецька сільська громада,2017.0,1.0,2.8281998631074607,2026-09-29
68,6802,6802025,Смотрицька селищна громада,2017.0,1.0,2.7871321013004793,2026-09-29
68,6802,6802027,Староушицька селищна громада,2017.0,1.0,2.7624914442162902,2026-09-29
68,6802,6802029,Чемеровецька селищна громада,2016.0,1.0,3.7399041752224504,2026-09-29
68,6804,6804001,Антонінська селищна громада,2017.0,1.0,2.833675564681725,2026-09-29
68,6804,6804003,Війтовецька селищна громада,2015.0,1.0,4.832306639288158,2026-09-29
68,6804,6804005,Віньковецька селищна громада,2020.0,0.0,0.0,2026-09-29
68,6804,6804007,Вовковинецька селищна громада,2017.0,1.0,2.7433264887063653,2026-09-29
68,6804,6804009,Волочиська міська громада,2015.0,1.0,4.832306639288158,2026-09-29
68,6804,6804011,Гвардійська сільська громада,2015.0,1.0,4.832306639288158,2026-09-29
68,6804,6804013,Городоцька міська громада,2017.0,1.0,2.839151266255989,2026-09-29
68,6804,6804015,Деражнянська міська громада,2020.0,0.0,0.0,2026-09-29
68,6804,6804017,Заслучненська сільська громада,2019.0,1.0,1.158110882956879,2026-09-29
68,6804,6804019,Зіньківська сільська громада,2020.0,0.0,0.0,2026-09-29
68,6804,6804021,Красилівська міська громада,2017.0,1.0,2.839151266255989,2026-09-29
68,6804,6804023,Летичівська селищна громада,2015.0,1.0,4.832306639288158,2026-09-29
68,6804,6804025,Лісовогринівецька сільська громада,2015.0,1.0,4.832306639288158,2026-09-29
68,6804,6804027,Меджибізька селищна громада,2015.0,1.0,4.832306639288158,2026-09-29
68,6804,6804029,Миролюбненська сільська громада,1928.0,1.0,92.44626967830253,2026-09-29
68,6804,6804031,Наркевицька селищна громада,2015.0,1.0,4.832306639288158,2026-09-29
68,6804,6804033,Розсошанська сільська громада,2015.0,1.0,4.832306639288158,2026-09-29
68,6804,6804035,Сатанівська селищна громада,2015.0,1.0,4.832306639288158,2026-09-29
68,6804,6804037,Солобковецька сільська громада,2017.0,1.0,3.0116358658453115,2026-09-29
68,6804,6804039,Старокостянтинівська міська громада,2020.0,0.0,0.0,2026-09-29
68,6804,6804041,Староостропільська сільська громада,2020.0,1.0,0.4106776180698152,2026-09-29
68,6804,6804043,Старосинявська селищна громада,2015.0,1.0,4.832306639288158,2026-09-29
68,6804,6804045,Теофіпольська селищна громада,2020.0,0.0,0.0,2026-09-29
68,6804,6804047,Хмельницька міська громада,2020.0,0.0,0.0,2026-09-29
68,6804,6804049,Чорноострівська селищна громада,2015.0,1.0,4.832306639288158,2026-09-29
68,6804,6804051,Щиборівська сільська громада,2020.0,0.0,0.0,2026-09-29
68,6804,6804053,Ярмолинецька селищна громада,2020.0,0.0,0.0,2026-09-29
68,6806,6806001,Берездівська сільська громада,1921.0,1.0,99.44421629021218,2026-09-29
68,6806,6806003,Білогірська селищна громада,2018.0,1.0,2.3600273785078714,2026-09-29
68,6806,6806005,Ганнопільська сільська громада,2015.0,1.0,4.832306639288158,2026-09-29
68,6806,6806007,Грицівська селищна громада,2016.0,1.0,3.7426420260095825,2026-09-29
68,6806,6806009,Ізяславська міська громада,2020.0,0.0,0.0,2026-09-29
68,6806,6806011,Крупецька сільська громада,2017.0,1.0,2.6940451745379876,2026-09-29
68,6806,6806013,Ленковецька сільська об'єднана територіальна громада,2016.0,1.0,3.7453798767967146,2026-09-29
68,6806,6806015,Михайлюцька сільська громада,2020.0,0.0,0.0,2026-09-29
68,6806,6806017,Нетішинська міська громада,2019.0,1.0,1.0349075975359343,2026-09-29
68,6806,6806019,Плужненська сільська громада,1944.0,1.0,76.44626967830253,2026-09-29
68,6806,6806021,Полонська міська громада,2015.0,1.0,4.832306639288158,2026-09-29
68,6806,6806023,Понінківська селищна громада,2015.0,1.0,4.832306639288158,2026-09-29
68,6806,6806025,Сахновецька сільська громада,2019.0,1.0,0.785763175906913,2026-09-29
68,6806,6806027,Славутська міська громада,2018.0,1.0,1.73305954825462,2026-09-29
68,6806,6806029,Судилківська сільська громада,2016.0,1.0,3.7672826830937716,2026-09-29
68,6806,6806031,Улашанівська сільська громада,1944.0,1.0,76.44626967830253,2026-09-29
68,6806,6806033,Шепетівська міська громада,2020.0,0.0,0.0,2026-09-29
68,6806,6806035,Ямпільська селищна громада,2018.0,1.0,1.9630390143737166,2026-09-29
71,7102,7102001,Бужанська сільська громада,,,,2026-09-29
71,7102,7102003,Ватутінська міська громада,,,,2026-09-29
71,7102,7102005,Виноградська сільська громада,,,,2026-09-29
71,7102,7102007,Вільшанська селищна громада,,,,2026-09-29
71,7102,7102009,Водяницька сільська громада,2018.0,1.0,1.8261464750171115,2026-09-29
71,7102,7102011,Єрківська селищна громада,2015.0,1.0,4.810403832991102,2026-09-29
71,7102,7102013,Звенигородська міська громада,2020.0,0.0,0.0,2026-09-29
71,7102,7102015,Катеринопільська селищна громада,2020.0,0.0,0.0,2026-09-29
71,7102,7102017,Лип'янська сільська громада,2018.0,1.0,1.8288843258042438,2026-09-29
71,7102,7102019,Лисянська селищна громада,,,,2026-09-29
71,7102,7102021,Матусівська сільська громада,2017.0,1.0,3.1813826146475015,2026-09-29
71,7102,7102023,Мокрокалигірська сільська громада,2015.0,1.0,4.772073921971253,2026-09-29
71,7102,7102025,Селищенська сільська громада,2016.0,1.0,3.589322381930185,2026-09-29
71,7102,7102027,Стеблівська селищна громада,2016.0,1.0,3.728952772073922,2026-09-29
71,7102,7102029,Тальнівська міська громада,2016.0,1.0,3.704312114989733,2026-09-29
71,7102,7102031,Шевченківська сільська громада,2018.0,1.0,1.8453114305270362,2026-09-29
71,7102,7102033,Шполянська міська громада,1938.0,1.0,82.44490075290896,2026-09-29
71,7104,7104001,Великохутірська сільська громада,,,,2026-09-29
71,7104,7104003,Вознесенська сільська громада,,,,2026-09-29
71,7104,7104005,Гельмязівська сільська громада,,,,2026-09-29
71,7104,7104007,Драбівська селищна громада,2018.0,1.0,1.5550992470910336,2026-09-29
71,7104,7104009,Золотоніська міська громада,2020.0,0.0,0.0,2026-09-29
71,7104,7104011,Зорівська сільська громада,2015.0,1.0,4.465434633812457,2026-09-29
71,7104,7104013,Іркліївська сільська громада,2017.0,1.0,3.2060232717316905,2026-09-29
71,7104,7104015,Новодмитрівська сільська громада,2020.0,0.0,0.0,2026-09-29
71,7104,7104017,Піщанська сільська громада,2020.0,0.0,0.0,2026-09-29
71,7104,7104019,Чорнобаївська селищна громада,2020.0,0.0,0.0,2026-09-29
71,7104,7104021,Шрамківська сільська громада,2020.0,0.0,0.0,2026-09-29
71,7106,7106001,Бабанська селищна громада,2020.0,1.0,0.4462696783025325,2026-09-29
71,7106,7106003,Баштечківська сільська громада,2020.0,1.0,0.4462696783025325,2026-09-29
71,7106,7106005,Буцька селищна громада,2017.0,1.0,2.729637234770705,2026-09-29
71,7106,7106007,Дмитрушківська сільська громада,,,,2026-09-29
71,7106,7106009,Жашківська міська громада,2017.0,1.0,2.844626967830253,2026-09-29
71,7106,7106011,Іваньківська сільська громада,,,,2026-09-29
71,7106,7106013,Ладижинська сільська громада,,,,2026-09-29
71,7106,7106015,Маньківська селищна громада,2020.0,1.0,0.4462696783025325,2026-09-29
71,7106,7106017,Монастирищенська міська громада,,,,2026-09-29
71,7106,7106019,Паланська сільська громада,,,,2026-09-29
71,7106,7106021,Уманська міська громада,,,,2026-09-29
71,7106,7106023,Христинівська міська громада,2020.0,1.0,0.27104722792607805,2026-09-29
71,7108,7108001,Балаклеївська сільська громада,,,,2026-09-29
71,7108,7108003,Березняківська сільська громада,,,,2026-09-29
71,7108,7108005,Білозірська сільська громада,2015.0,1.0,4.7967145790554415,2026-09-29
71,7108,7108007,Бобрицька сільська громада,,,,2026-09-29
71,7108,7108009,Будищенська сільська громада,,,,2026-09-29
71,7108,7108011,Городищенська міська громада,,,,2026-09-29
71,7108,7108013,Кам'янська міська громада,2017.0,1.0,2.97056810403833,2026-09-29
71,7108,7108015,Канівська міська громада,2018.0,1.0,1.5359342915811087,2026-09-29
71,7108,7108017,Корсунь-Шевченківська міська громада,,,,2026-09-29
71,7108,7108019,Леськівська сільська громада,2018.0,1.0,1.9055441478439425,2026-09-29
71,7108,7108021,Ліплявська сільська громада,2017.0,1.0,3.1512662559890487,2026-09-29
71,7108,7108023,Медведівська сільська громада,2018.0,1.0,1.8316221765913758,2026-09-29
71,7108,7108025,Михайлівська сільська громада,2017.0,1.0,2.726899383983573,2026-09-29
71,7108,7108027,Мліївська сільська громада,2017.0,1.0,3.268993839835729,2026-09-29
71,7108,7108029,Мошнівська сільська громада,,,,2026-09-29
71,7108,7108031,Набутівська сільська громада,2016.0,1.0,3.728952772073922,2026-09-29
71,7108,7108033,Ротмістрівська сільська громада,2016.0,1.0,3.7371663244353184,2026-09-29
71,7108,7108035,Руськополянська сільська громада,2018.0,1.0,2.308008213552361,2026-09-29
71,7108,7108037,Сагунівська сільська громада,2018.0,1.0,1.8206707734428473,2026-09-29
71,7108,7108039,Смілянська міська громада,2020.0,0.0,0.0,2026-09-29
71,7108,7108041,Степанецька сільська громада,,,,2026-09-29
71,7108,7108043,Степанківська сільська громада,,,,2026-09-29
71,7108,7108045,Тернівська сільська громада,,,,2026-09-29
71,7108,7108047,Червонослобідська сільська громада,2018.0,1.0,2.001368925393566,2026-09-29
71,7108,7108049,Черкаська міська громада,2020.0,0.0,0.0,2026-09-29
71,7108,7108051,Чигиринська міська громада,2018.0,1.0,1.8316221765913758,2026-09-29
73,7302,7302001,Банилівська сільська громада,,,,2026-09-29
73,7302,7302003,Берегометська селищна громада,,,,2026-09-29
73,7302,7302005,Брусницька сільська громада,,,,2026-09-29
73,7302,7302007,Вашківецька міська громада,2016.0,1.0,3.7426420260095825,2026-09-29
73,7302,7302009,Вижницька міська громада,2016.0,1.0,3.7371663244353184,2026-09-29
73,7302,7302011,Конятинська сільська громада,2017.0,1.0,3.375770020533881,2026-09-29
73,7302,7302013,Путильська селищна громада,,,,2026-09-29
73,7302,7302015,Селятинська сільська громада,,,,2026-09-29
73,7302,7302017,Усть-Путильська сільська громада,,,,2026-09-29
73,7304,7304001,Вашковецька сільська громада,2015.0,1.0,4.829568788501026,2026-09-29
73,7304,7304003,Кельменецька селищна громада,,,,2026-09-29
73,7304,7304005,Клішковецька сільська громада,,,,2026-09-29
73,7304,7304007,Лівинецька сільська громада,,,,2026-09-29
73,7304,7304009,Мамалигівська сільська громада,2015.0,1.0,4.829568788501026,2026-09-29
73,7304,7304011,Недобоївська сільська громада,2015.0,1.0,4.829568788501026,2026-09-29
73,7304,7304013,Новодністровська міська громада,2018.0,1.0,1.7084188911704312,2026-09-29
73,7304,7304015,Рукшинська сільська громада,,,,2026-09-29
73,7304,7304017,Сокирянська міська громада,2015.0,1.0,4.829568788501026,2026-09-29
73,7304,7304019,Хотинська міська громада,,,,2026-09-29
73,7306,7306001,Боянська сільська громада,,,,2026-09-29
73,7306,7306003,Ванчиковецька сільська громада,,,,2026-09-29
73,7306,7306005,Великокучурівська сільська громада,,,,2026-09-29
73,7306,7306007,Веренчанська сільська громада,,,,2026-09-29
73,7306,7306009,Вікнянська сільська громада,2017.0,1.0,2.7104722792607805,2026-09-29
73,7306,7306011,Волоківська сільська громада,2015.0,1.0,4.829568788501026,2026-09-29
73,7306,7306013,Герцаївська міська громада,,,,2026-09-29
73,7306,7306015,Глибоцька селищна громада,2015.0,1.0,4.829568788501026,2026-09-29
73,7306,7306017,Горішньошеровецька сільська громада,,,,2026-09-29
73,7306,7306019,Заставнівська міська громада,2018.0,1.0,2.4449007529089664,2026-09-29
73,7306,7306021,Кадубовецька сільська громада,2018.0,1.0,2.4449007529089664,2026-09-29
73,7306,7306023,Кам'янецька сільська громада,,,,2026-09-29
73,7306,7306025,Кам'янська сільська громада,,,,2026-09-29
73,7306,7306027,Карапчівська сільська громада,2019.0,1.0,1.4455852156057496,2026-09-29
73,7306,7306029,Кіцманська міська громада,2017.0,1.0,2.844626967830253,2026-09-29
73,7306,7306031,Кострижівська селищна громада,2017.0,1.0,2.7433264887063653,2026-09-29
73,7306,7306033,Красноїльська селищна громада,2016.0,1.0,4.068446269678303,2026-09-29
73,7306,7306035,Магальська сільська громада,2017.0,1.0,2.861054072553046,2026-09-29
73,7306,7306037,Мамаївська сільська громада,2017.0,1.0,2.841889117043121,2026-09-29
73,7306,7306039,Неполоковецька селищна громада,2018.0,1.0,2.4449007529089664,2026-09-29
73,7306,7306041,Новоселицька міська громада,2017.0,1.0,2.7789185489390826,2026-09-29
73,7306,7306043,Острицька сільська громада,2017.0,1.0,2.8281998631074607,2026-09-29
73,7306,7306045,Петровецька сільська громада,,,,2026-09-29
73,7306,7306047,Ставчанська сільська громада,,,,2026-09-29
73,7306,7306049,Сторожинецька міська громада,2016.0,1.0,3.701574264202601,2026-09-29
73,7306,7306051,Сучевенська сільська громада,2019.0,1.0,1.4455852156057496,2026-09-29
73,7306,7306053,Тарашанська сільська громада,,,,2026-09-29
73,7306,7306055,Тереблеченська сільська громада,2016.0,1.0,3.8548939082819986,2026-09-29
73,7306,7306057,Топорівська сільська громада,,,,2026-09-29
73,7306,7306059,Чагорська сільська громада,2019.0,1.0,1.4455852156057496,2026-09-29
73,7306,7306061,Чернівецька міська громада,,,,2026-09-29
73,7306,7306063,Чудейська сільська громада,2016.0,1.0,3.8795345653661877,2026-09-29
73,7306,7306065,Юрковецька сільська громада,2017.0,1.0,2.724161533196441,2026-09-29
74,7402,7402001,Корюківська міська громада,2016.0,1.0,3.6906228610540723,2026-09-29
74,7402,7402003,Менська міська громада,2016.0,1.0,3.4524298425735798,2026-09-29
74,7402,7402005,Сновська міська громада,2016.0,1.0,3.707049965776865,2026-09-29
74,7402,7402007,Сосницька селищна громада,2017.0,1.0,2.9322381930184807,2026-09-29
74,7402,7402009,Холминська селищна громада,2016.0,1.0,3.7262149212867897,2026-09-29
74,7404,7404001,Батуринська міська громада,2016.0,1.0,3.9315537303216974,2026-09-29
74,7404,7404003,Бахмацька міська громада,2020.0,0.0,0.0,2026-09-29
74,7404,7404005,Бобровицька міська громада,2017.0,1.0,3.0663928815879533,2026-09-29
74,7404,7404007,Борзнянська міська громада,2018.0,1.0,1.9849418206707734,2026-09-29
74,7404,7404009,Вертіївська сільська громада,1918.0,1.0,102.44490075290896,2026-09-29
74,7404,7404011,Височанська сільська громада,2017.0,1.0,2.751540041067762,2026-09-29
74,7404,7404013,Дмитрівська селищна громада,2020.0,0.0,0.0,2026-09-29
74,7404,7404015,Комарівська сільська громада,2016.0,1.0,3.6112251882272415,2026-09-29
74,7404,7404017,Крутівська сільська громада,2020.0,0.0,0.0,2026-09-29
74,7404,7404019,Лосинівська селищна громада,2016.0,1.0,3.9014373716632442,2026-09-29
74,7404,7404021,Макіївська сільська громада,2015.0,1.0,4.780287474332649,2026-09-29
74,7404,7404023,Мринська сільська громада,1917.0,1.0,103.44421629021218,2026-09-29
74,7404,7404025,Ніжинська міська громада,2018.0,1.0,1.5633127994524298,2026-09-29
74,7404,7404027,Новобасанська сільська громада,,,,2026-09-29
74,7404,7404029,Носівська міська громада,2016.0,1.0,3.698836413415469,2026-09-29
74,7404,7404031,Плисківська сільська громада,2017.0,1.0,3.323750855578371,2026-09-29
74,7404,7404033,Талалаївська сільська громада,2019.0,1.0,0.9774127310061602,2026-09-29
74,7406,7406001,Коропська селищна громада,2016.0,1.0,3.756331279945243,2026-09-29
74,7406,7406003,Новгород-Сіверська міська громада,2018.0,1.0,1.782340862422998,2026-09-29
74,7406,7406005,Понорницька селищна громада,2019.0,1.0,0.9801505817932923,2026-09-29
74,7406,7406007,Семенівська міська громада,2017.0,1.0,2.9130732375085557,2026-09-29
74,7408,7408001,Варвинська селищна громада,2017.0,1.0,3.1238877481177276,2026-09-29
74,7408,7408003,Ічнянська міська громада,2017.0,1.0,3.299110198494182,2026-09-29
74,7408,7408005,Ладанська селищна громада,2020.0,0.0,0.0,2026-09-29
74,7408,7408007,Линовицька селищна громада,2017.0,1.0,2.8062970568104038,2026-09-29
74,7408,7408009,Малодівицька селищна громада,2017.0,1.0,3.0088980150581794,2026-09-29
74,7408,7408011,Парафіївська селищна громада,2015.0,1.0,4.791238877481177,2026-09-29
74,7408,7408013,Прилуцька міська громада,2020.0,0.0,0.0,2026-09-29
74,7408,7408015,Срібнянська селищна громада,2017.0,1.0,3.1074606433949348,2026-09-29
74,7408,7408017,Сухополов'янська сільська громада,2019.0,1.0,0.9965776865160849,2026-09-29
74,7408,7408019,Талалаївська селищна громада,2017.0,1.0,3.0636550308008212,2026-09-29
74,7408,7408021,Яблунівська сільська громада,1966.0,1.0,54.444900752908964,2026-09-29
74,7410,7410001,Березнянська селищна громада,2020.0,0.0,0.0,2026-09-29
74,7410,7410003,Гончарівська селищна громада,2016.0,1.0,3.863107460643395,2026-09-29
74,7410,7410005,Городнянська міська громада,2017.0,1.0,2.7707049965776864,2026-09-29
74,7410,7410007,Деснянська селищна громада,2015.0,1.0,4.772073921971253,2026-09-29
74,7410,7410009,Добрянська селищна громада,2019.0,1.0,1.136208076659822,2026-09-29
74,7410,7410011,Іванівська сільська громада,1922.0,1.0,98.44490075290896,2026-09-29
74,7410,7410013,Киїнська сільська громада,2018.0,1.0,1.839835728952772,2026-09-29
74,7410,7410015,Киселівська сільська громада,2019.0,1.0,0.7529089664613279,2026-09-29
74,7410,7410017,Кіптівська сільська громада,2015.0,1.0,4.774811772758385,2026-09-29
74,7410,7410019,Козелецька селищна громада,2016.0,1.0,3.6632443531827517,2026-09-29
74,7410,7410021,Куликівська селищна громада,2017.0,1.0,3.3429158110882957,2026-09-29
74,7410,7410023,Любецька селищна громада,2017.0,1.0,3.3018480492813143,2026-09-29
74,7410,7410025,Михайло-Коцюбинська селищна громада,2016.0,1.0,3.7754962354551678,2026-09-29
74,7410,7410027,Новобілоуська сільська громада,2018.0,1.0,1.9520876112251881,2026-09-29
74,7410,7410029,Олишівська селищна громада,2017.0,1.0,3.1101984941820673,2026-09-29
74,7410,7410031,Остерська міська громада,2016.0,1.0,3.9288158795345653,2026-09-29
74,7410,7410033,Ріпкинська селищна громада,2020.0,0.0,0.0,2026-09-29
74,7410,7410035,Седнівська селищна громада,2020.0,0.0,0.0,2026-09-29
74,7410,7410037,Тупичівська сільська громада,2017.0,1.0,2.847364818617385,2026-09-29
74,7410,7410039,Чернігівська міська громада,2020.0,0.0,0.0,2026-09-29
80,8000,8000000,Київ,,,,2026-09-29
85,8500,8500000,Севастополь,,,,2026-09-29
