k1,k2,k3,name,schools_2026,schools_suspended_2026,schools_per10k_2026,schools_rural_2026,schools_mountain_2026,schools_hub_2026,schools_branch_2026,znz_schools_2021,znz_unresolved,pupils_missing_max_share,znz_complete,pupils_2021,classes_2021,pupils_per1000_2021,class_size_2021
05,0502,0502001,Агрономічна сільська громада,5.0,0.0,8.234,5.0,0.0,0.0,0.0,5.0,0,0.0,True,1114.0,65.0,183.46,17.14
05,0502,0502003,Вінницька міська громада,64.0,1.0,1.525,7.0,0.0,0.0,0.0,57.0,4,0.008,True,46845.0,1611.0,111.62,29.08
05,0502,0502005,Вороновицька селищна громада,7.0,1.0,8.582,6.0,0.0,2.0,0.0,5.0,13,0.649,False,,,,13.83
05,0502,0502007,Гніванська міська громада,7.0,2.0,2.947,4.0,0.0,2.0,3.0,7.0,4,0.126,False,,,,18.33
05,0502,0502009,Іллінецька міська громада,12.0,0.0,5.552,9.0,0.0,2.0,4.0,13.0,0,0.0,True,2678.0,187.0,123.91,14.32
05,0502,0502011,Липовецька міська громада,12.0,0.0,5.38,9.0,0.0,3.0,3.0,13.0,4,0.197,False,,,,15.0
05,0502,0502013,Літинська селищна громада,12.0,0.0,5.265,10.0,0.0,3.0,4.0,15.0,4,0.147,False,,,,13.58
05,0502,0502015,Лука-Мелешківська сільська громада,8.0,0.0,16.696,8.0,0.0,1.0,1.0,8.0,0,0.0,True,1901.0,129.0,396.74,14.74
05,0502,0502017,Немирівська міська громада,14.0,0.0,4.816,11.0,0.0,3.0,9.0,14.0,1,0.019,True,2756.0,184.0,94.81,14.98
05,0502,0502019,Оратівська селищна громада,9.0,0.0,4.294,7.0,0.0,4.0,2.0,17.0,2,0.019,True,1731.0,131.0,82.6,13.21
05,0502,0502021,Погребищенська міська громада,17.0,0.0,5.766,11.0,0.0,1.0,3.0,18.0,8,0.244,False,,,,12.32
05,0502,0502023,Стрижавська селищна громада,10.0,0.0,8.115,8.0,0.0,0.0,0.0,9.0,2,0.208,False,,,,19.47
05,0502,0502025,Сутисківська селищна громада,1.0,0.0,2.078,0.0,0.0,0.0,0.0,2.0,0,0.0,True,628.0,32.0,130.52,19.62
05,0502,0502027,Тиврівська селищна громада,9.0,2.0,8.648,7.0,0.0,2.0,4.0,10.0,4,0.08,False,,,,13.41
05,0502,0502029,Турбівська селищна громада,11.0,0.0,7.504,9.0,0.0,0.0,0.0,13.0,1,0.014,True,1854.0,135.0,126.47,13.73
05,0502,0502031,Якушинецька сільська громада,7.0,0.0,5.205,6.0,0.0,1.0,0.0,7.0,0,0.0,True,1392.0,80.0,103.51,17.4
05,0504,0504001,Бершадська міська громада,23.0,0.0,4.807,20.0,0.0,3.0,5.0,20.0,9,0.179,False,,,,15.29
05,0504,0504003,Гайсинська міська громада,24.0,0.0,4.809,17.0,0.0,0.0,0.0,27.0,0,0.0,True,4798.0,316.0,96.14,15.18
05,0504,0504005,Дашівська селищна громада,10.0,0.0,7.025,6.0,0.0,1.0,2.0,11.0,3,0.062,False,,,,11.04
05,0504,0504007,Джулинська сільська громада,8.0,0.0,7.819,8.0,0.0,2.0,2.0,13.0,2,0.087,False,,,,9.43
05,0504,0504009,Краснопільська сільська громада,5.0,2.0,8.064,5.0,0.0,1.0,0.0,7.0,5,0.528,False,,,,10.62
05,0504,0504011,Кунківська сільська громада,5.0,0.0,22.098,5.0,0.0,0.0,0.0,4.0,2,0.39,False,,,,7.13
05,0504,0504013,Ладижинська міська громада,5.0,0.0,2.904,1.0,0.0,0.0,0.0,5.0,0,0.0,True,2591.0,108.0,150.46,23.99
05,0504,0504015,Ободівська сільська громада,6.0,0.0,6.324,6.0,0.0,1.0,0.0,5.0,2,0.179,False,,,,14.15
05,0504,0504017,Ольгопільська сільська громада,4.0,0.0,6.16,4.0,0.0,1.0,2.0,5.0,0,0.0,True,546.0,51.0,84.08,10.71
05,0504,0504019,Райгородська сільська громада,7.0,0.0,11.795,5.0,0.0,1.0,1.0,7.0,2,0.201,False,,,,9.8
05,0504,0504021,Соболівська сільська громада,5.0,1.0,7.757,5.0,0.0,1.0,3.0,6.0,1,0.108,False,,,,8.52
05,0504,0504023,Теплицька селищна громада,10.0,0.0,4.93,8.0,0.0,2.0,7.0,11.0,5,0.288,False,,,,11.6
05,0504,0504025,Тростянецька селищна громада,15.0,0.0,4.426,13.0,0.0,1.0,0.0,12.0,7,0.476,False,,,,11.71
05,0504,0504027,Чечельницька селищна громада,6.0,0.0,4.053,4.0,0.0,0.0,0.0,8.0,3,0.197,False,,,,13.53
05,0506,0506001,Барська міська громада,25.0,0.0,5.688,20.0,0.0,3.0,0.0,22.0,5,0.08,False,,,,16.34
05,0506,0506003,Джуринська сільська громада,10.0,0.0,9.064,8.0,0.0,2.0,2.0,8.0,0,0.0,True,1103.0,100.0,99.97,11.03
05,0506,0506005,Жмеринська міська громада,13.0,1.0,2.363,5.0,0.0,4.0,2.0,16.0,0,0.0,True,6497.0,304.0,118.1,21.37
05,0506,0506007,Копайгородська селищна громада,6.0,1.0,9.953,5.0,0.0,1.0,0.0,4.0,5,0.345,False,,,,13.86
05,0506,0506009,Мурафська сільська громада,7.0,0.0,5.711,7.0,0.0,0.0,0.0,4.0,9,0.601,False,,,,16.13
05,0506,0506011,Северинівська сільська громада,7.0,0.0,14.354,7.0,0.0,3.0,4.0,5.0,6,0.721,False,,,,7.95
05,0506,0506013,Станіславчицька сільська громада,7.0,0.0,18.324,7.0,0.0,1.0,3.0,6.0,3,0.101,False,,,,8.49
05,0506,0506015,Шаргородська міська громада,18.0,0.0,6.703,15.0,0.0,4.0,2.0,16.0,6,0.188,False,,,,13.57
05,0508,0508001,Бабчинецька сільська громада,3.0,3.0,7.517,3.0,0.0,1.0,1.0,6.0,0,0.0,True,422.0,41.0,105.74,10.29
05,0508,0508003,Вендичанська селищна громада,5.0,1.0,3.796,4.0,0.0,1.0,0.0,10.0,0,0.0,True,845.0,88.0,64.14,9.6
05,0508,0508005,Могилів-Подільська міська громада,14.0,1.0,2.799,9.0,0.0,1.0,2.0,15.0,2,0.034,True,4410.0,224.0,88.16,19.69
05,0508,0508007,Мурованокуриловецька селищна громада,16.0,0.0,7.118,13.0,0.0,1.0,6.0,15.0,2,0.085,False,,,,12.67
05,0508,0508009,Чернівецька селищна громада,9.0,0.0,5.284,7.0,0.0,2.0,0.0,9.0,2,0.177,False,,,,13.96
05,0508,0508011,Ямпільська міська громада,20.0,0.0,5.04,17.0,0.0,7.0,12.0,18.0,14,0.372,False,,,,12.14
05,0508,0508013,Яришівська сільська громада,5.0,1.0,7.975,5.0,0.0,0.0,0.0,5.0,2,0.37,False,,,,8.91
05,0510,0510001,Брацлавська селищна громада,7.0,0.0,6.219,5.0,0.0,1.0,1.0,8.0,0,0.0,True,985.0,75.0,87.51,13.13
05,0510,0510003,Вапнярська селищна громада,5.0,0.0,5.236,2.0,0.0,1.0,3.0,5.0,0,0.0,True,1083.0,91.0,113.41,11.9
05,0510,0510005,Городківська сільська громада,5.0,0.0,5.415,5.0,0.0,2.0,0.0,4.0,2,0.176,False,,,,15.24
05,0510,0510007,Крижопільська селищна громада,4.0,0.0,1.718,2.0,0.0,3.0,0.0,9.0,2,0.061,False,,,,16.83
05,0510,0510009,Піщанська селищна громада,7.0,0.0,4.557,3.0,0.0,0.0,0.0,9.0,2,0.082,False,,,,13.8
05,0510,0510011,Студенянська сільська громада,1.0,0.0,2.088,1.0,0.0,1.0,0.0,4.0,0,0.0,True,316.0,31.0,65.97,10.19
05,0510,0510013,Томашпільська селищна громада,15.0,0.0,6.657,14.0,0.0,1.0,2.0,13.0,4,0.485,False,,,,9.66
05,0510,0510015,Тульчинська міська громада,25.0,1.0,5.564,19.0,0.0,0.0,0.0,20.0,8,0.127,False,,,,16.78
05,0510,0510017,Шпиківська селищна громада,10.0,1.0,8.536,9.0,0.0,2.0,4.0,12.0,0,0.0,True,1501.0,123.0,128.13,12.2
05,0512,0512001,Глуховецька селищна громада,9.0,0.0,10.914,7.0,0.0,0.0,1.0,9.0,0,0.0,True,1313.0,111.0,159.22,11.83
05,0512,0512003,Жданівська сільська громада,5.0,0.0,6.433,5.0,0.0,1.0,3.0,4.0,1,0.084,False,,,,13.71
05,0512,0512005,Іванівська сільська громада,11.0,0.0,8.226,11.0,0.0,0.0,0.0,8.0,1,0.0,True,1451.0,92.0,108.51,15.77
05,0512,0512007,Калинівська міська громада,25.0,3.0,5.44,21.0,0.0,3.0,6.0,24.0,11,0.193,False,,,,15.51
05,0512,0512009,Козятинська міська громада,13.0,0.0,3.092,7.0,0.0,4.0,0.0,13.0,2,0.013,True,4159.0,206.0,98.93,20.19
05,0512,0512011,Махнівська сільська громада,5.0,0.0,9.046,5.0,0.0,1.0,0.0,5.0,0,0.0,True,666.0,60.0,120.49,11.1
05,0512,0512013,Самгородоцька сільська громада,9.0,0.0,14.677,9.0,0.0,1.0,1.0,6.0,4,0.43,False,,,,9.65
05,0512,0512015,Уланівська сільська громада,16.0,0.0,13.087,12.0,0.0,2.0,9.0,13.0,3,0.154,False,,,,8.9
05,0512,0512017,Хмільницька міська громада,16.0,0.0,3.75,12.0,0.0,0.0,1.0,16.0,7,0.262,False,,,,19.79
07,0702,0702001,Володимирська міська територіальна громада,10.0,1.0,1.939,2.0,0.0,1.0,0.0,2.0,0,0.0,True,327.0,24.0,6.34,13.62
07,0702,0702003,Затурцівська сільська громада,10.0,0.0,12.415,10.0,0.0,1.0,2.0,11.0,0,0.0,True,1217.0,119.0,151.09,10.23
07,0702,0702005,Зимнівська сільська громада,7.0,0.0,9.381,7.0,0.0,1.0,1.0,6.0,4,0.162,False,,,,12.05
07,0702,0702007,Іваничівська селищна громада,6.0,1.0,12.989,4.0,0.0,0.0,0.0,7.0,0,0.0,True,1116.0,72.0,241.6,15.5
07,0702,0702009,Литовезька сільська громада,3.0,1.0,20.685,3.0,0.0,0.0,0.0,4.0,0,0.0,True,344.0,32.0,237.19,10.75
07,0702,0702011,Локачинська селищна громада,12.0,0.0,8.439,10.0,0.0,1.0,3.0,14.0,3,0.092,False,,,,11.36
07,0702,0702013,Нововолинська міська громада,13.0,0.0,1.663,2.0,0.0,0.0,0.0,14.0,0,0.0,True,6566.0,268.0,84.0,24.5
07,0702,0702015,Оваднівська сільська громада,8.0,1.0,31.572,8.0,0.0,0.0,0.0,7.0,2,0.289,False,,,,9.48
07,0702,0702017,Павлівська сільська громада,16.0,0.0,73.438,16.0,0.0,1.0,8.0,15.0,3,0.128,False,,,,9.05
07,0702,0702019,Поромівська сільська громада,6.0,2.0,23.236,6.0,0.0,1.0,0.0,7.0,0,0.0,True,700.0,61.0,271.08,11.48
07,0702,0702021,Устилузька міська громада,6.0,0.0,17.649,5.0,0.0,0.0,0.0,6.0,1,0.046,True,749.0,67.0,220.32,11.18
07,0704,0704001,Камінь-Каширська міська громада,43.0,0.0,7.677,41.0,0.0,9.0,18.0,42.0,2,0.075,False,,,,16.59
07,0704,0704003,Любешівська селищна громада,24.0,2.0,6.752,23.0,0.0,2.0,1.0,28.0,4,0.164,False,,,,14.58
07,0704,0704005,Маневицька селищна громада,22.0,4.0,8.007,19.0,0.0,2.0,6.0,19.0,4,0.078,False,,,,14.74
07,0704,0704007,Прилісненська сільська громада,10.0,0.0,25.21,10.0,0.0,2.0,6.0,9.0,2,0.229,False,,,,11.29
07,0704,0704009,Сошичненська сільська громада,8.0,1.0,12.127,8.0,0.0,2.0,1.0,7.0,4,0.468,False,,,,15.05
07,0706,0706001,Велимченська сільська громада,2.0,0.0,7.482,2.0,0.0,0.0,0.0,2.0,0,0.0,True,597.0,32.0,223.34,18.66
07,0706,0706003,Велицька сільська громада,5.0,0.0,22.943,5.0,0.0,1.0,3.0,4.0,3,0.298,False,,,,9.76
07,0706,0706005,Вишнівська сільська громада,6.0,0.0,13.089,6.0,0.0,1.0,0.0,7.0,1,0.349,False,,,,11.76
07,0706,0706007,Голобська селищна громада,5.0,0.0,9.123,4.0,0.0,1.0,1.0,5.0,0,0.0,True,1041.0,72.0,189.94,14.46
07,0706,0706009,Головненська селищна громада,9.0,2.0,19.502,7.0,0.0,2.0,1.0,8.0,5,0.436,False,,,,14.65
07,0706,0706011,Дубечненська сільська громада,8.0,0.0,17.819,8.0,0.0,0.0,0.0,7.0,3,0.414,False,,,,14.73
07,0706,0706013,Дубівська сільська громада,6.0,0.0,6.914,6.0,0.0,1.0,1.0,5.0,0,0.0,True,1221.0,77.0,140.7,15.86
07,0706,0706015,Заболоттівська селищна громада,5.0,0.0,12.514,3.0,0.0,0.0,0.0,3.0,3,0.508,False,,,,19.15
07,0706,0706017,Забродівська сільська громада,9.0,0.0,12.154,9.0,0.0,1.0,1.0,10.0,1,0.024,True,1739.0,113.0,234.84,15.39
07,0706,0706019,Ковельська міська громада,19.0,1.0,2.156,7.0,0.0,0.0,0.0,20.0,2,0.024,True,10420.0,410.0,118.22,25.41
07,0706,0706021,Колодяжненська сільська громада,10.0,1.0,17.275,10.0,0.0,0.0,0.0,11.0,0,0.0,True,1170.0,101.0,202.12,11.58
07,0706,0706023,Луківська селищна громада,3.0,0.0,8.416,2.0,0.0,1.0,2.0,3.0,3,0.149,False,,,,16.64
07,0706,0706025,Люблинецька селищна громада,4.0,0.0,8.017,2.0,0.0,1.0,1.0,4.0,0,0.0,True,1092.0,65.0,218.86,16.8
07,0706,0706027,Любомльська міська громада,10.0,0.0,3.859,7.0,0.0,0.0,0.0,9.0,2,0.17,False,,,,17.98
07,0706,0706029,Поворська сільська громада,3.0,1.0,13.086,3.0,0.0,1.0,0.0,5.0,2,0.271,False,,,,13.21
07,0706,0706031,Ратнівська селищна громада,14.0,0.0,3.827,10.0,0.0,3.0,4.0,11.0,5,0.092,False,,,,20.26
07,0706,0706033,Рівненська сільська громада,4.0,0.0,14.782,4.0,0.0,1.0,0.0,6.0,0,0.0,True,732.0,59.0,270.51,12.41
07,0706,0706035,Самарівська сільська громада,5.0,0.0,21.588,5.0,0.0,1.0,0.0,5.0,0,0.0,True,907.0,58.0,391.6,15.64
07,0706,0706037,Сереховичівська сільська громада,3.0,0.0,15.626,3.0,0.0,0.0,0.0,3.0,0,0.0,True,283.0,22.0,147.41,12.86
07,0706,0706039,Смідинська сільська громада,4.0,0.0,12.889,4.0,0.0,1.0,3.0,5.0,0,0.0,True,547.0,46.0,176.25,11.89
07,0706,0706041,Старовижівська селищна громада,10.0,0.0,5.469,9.0,0.0,1.0,1.0,9.0,2,0.2,False,,,,15.8
07,0706,0706043,Турійська селищна громада,16.0,0.0,10.668,13.0,0.0,2.0,2.0,16.0,6,0.098,False,,,,13.21
07,0706,0706045,Шацька селищна громада,13.0,4.0,7.812,11.0,0.0,2.0,5.0,16.0,0,0.0,True,2247.0,190.0,135.03,11.83
07,0708,0708001,Берестечківська міська громада,7.0,0.0,8.651,6.0,0.0,0.0,0.0,7.0,0,0.0,True,966.0,72.0,119.38,13.42
07,0708,0708003,Боратинська сільська громада,10.0,0.0,5.701,10.0,0.0,0.0,0.0,10.0,1,0.005,True,2503.0,137.0,142.71,18.27
07,0708,0708005,Городищенська сільська громада,8.0,0.0,13.879,6.0,0.0,1.0,1.0,6.0,2,0.191,False,,,,13.47
07,0708,0708007,Горохівська міська громада,20.0,0.0,7.109,18.0,0.0,0.0,0.0,22.0,6,0.096,False,,,,14.42
07,0708,0708009,Доросинівська сільська громада,6.0,4.0,26.726,6.0,0.0,0.0,0.0,9.0,0,0.0,True,667.0,69.0,297.11,9.67
07,0708,0708011,Ківерцівська міська громада,12.0,0.0,3.573,7.0,0.0,1.0,0.0,17.0,0,0.0,True,3929.0,213.0,116.99,18.45
07,0708,0708013,Колківська селищна громада,20.0,2.0,19.123,19.0,0.0,1.0,4.0,20.0,2,0.054,False,,,,13.18
07,0708,0708015,Копачівська сільська громада,7.0,0.0,17.704,7.0,0.0,1.0,1.0,7.0,0,0.0,True,768.0,66.0,194.24,11.64
07,0708,0708017,Луцька міська громада,47.0,0.0,2.051,10.0,0.0,0.0,0.0,45.0,2,0.005,True,33357.0,1284.0,145.58,25.98
07,0708,0708019,Мар'янівська селищна громада,6.0,1.0,5.669,5.0,0.0,0.0,0.0,10.0,0,0.0,True,1074.0,81.0,101.48,13.26
07,0708,0708021,Олицька селищна громада,13.0,0.0,19.676,12.0,0.0,2.0,1.0,9.0,0,0.0,True,1488.0,101.0,225.21,14.73
07,0708,0708023,Підгайцівська сільська громада,12.0,0.0,4.084,12.0,0.0,1.0,0.0,13.0,1,0.13,False,,,,16.44
07,0708,0708025,Рожищенська міська громада,18.0,0.0,5.637,12.0,0.0,2.0,1.0,18.0,1,0.073,False,,,,15.83
07,0708,0708027,Торчинська селищна громада,10.0,1.0,18.772,9.0,0.0,1.0,4.0,10.0,0,0.0,True,2028.0,151.0,380.69,13.43
07,0708,0708029,Цуманська селищна громада,12.0,0.0,8.292,11.0,0.0,1.0,1.0,8.0,7,0.354,False,,,,19.12
12,1202,1202001,Дніпровська міська громада,195.0,0.0,1.99,0.0,0.0,1.0,0.0,182.0,0,0.0,True,106587.0,3940.0,108.76,27.05
12,1202,1202003,Китайгородська сільська громада,2.0,0.0,5.876,2.0,0.0,1.0,1.0,2.0,0,0.0,True,408.0,29.0,119.87,14.07
12,1202,1202005,Любимівська сільська громада,1.0,0.0,2.115,1.0,0.0,0.0,0.0,1.0,0,0.0,True,221.0,12.0,46.74,18.42
12,1202,1202007,Ляшківська сільська громада,1.0,0.0,7.397,1.0,0.0,0.0,0.0,1.0,0,0.0,True,196.0,11.0,144.97,17.82
12,1202,1202009,Миколаївська сільська громада,5.0,0.0,8.06,3.0,0.0,0.0,0.0,1.0,12,0.954,False,,,,10.7
12,1202,1202011,Могилівська сільська громада,3.0,1.0,5.903,2.0,0.0,1.0,1.0,4.0,0,0.0,True,531.0,45.0,104.48,11.8
12,1202,1202013,Новоолександрівська сільська громада,4.0,0.0,2.018,3.0,0.0,0.0,0.0,3.0,2,0.63,False,,,,16.87
12,1202,1202015,Новопокровська селищна громада,7.0,0.0,10.658,6.0,0.0,1.0,1.0,4.0,6,0.673,False,,,,13.26
12,1202,1202017,Обухівська селищна громада,4.0,0.0,3.835,1.0,0.0,0.0,0.0,3.0,9,0.648,False,,,,24.57
12,1202,1202019,Петриківська селищна громада,10.0,1.0,13.152,7.0,0.0,2.0,3.0,10.0,4,0.236,False,,,,17.28
12,1202,1202021,Підгородненська міська громада,6.0,0.0,3.638,2.0,0.0,0.0,0.0,1.0,0,0.0,True,76.0,9.0,4.61,8.44
12,1202,1202023,Святовасилівська сільська громада,2.0,0.0,6.731,1.0,0.0,1.0,0.0,4.0,0,0.0,True,657.0,61.0,221.12,10.77
12,1202,1202025,Слобожанська селищна громада,8.0,0.0,6.041,4.0,0.0,0.0,0.0,3.0,6,0.321,False,,,,28.45
12,1202,1202027,Солонянська селищна громада,16.0,0.0,6.491,13.0,0.0,1.0,3.0,15.0,6,0.372,False,,,,15.94
12,1202,1202029,Сурсько-Литовська сільська громада,2.0,0.0,12.437,2.0,0.0,0.0,0.0,1.0,3,0.668,False,,,,18.33
12,1202,1202031,Царичанська селищна громада,6.0,0.0,3.59,4.0,0.0,1.0,2.0,5.0,5,0.213,False,,,,17.22
12,1202,1202033,Чумаківська сільська громада,3.0,0.0,12.834,2.0,0.0,0.0,0.0,1.0,6,0.959,False,,,,8.5
12,1204,1204001,Божедарівська селищна громада,7.0,0.0,14.857,5.0,0.0,1.0,1.0,8.0,0,0.0,True,1051.0,89.0,223.06,11.81
12,1204,1204003,Верхівцівська міська громада,2.0,1.0,1.706,0.0,0.0,0.0,0.0,3.0,0,0.0,True,1490.0,65.0,127.1,22.92
12,1204,1204005,Верхньодніпровська міська громада,15.0,0.0,4.335,7.0,0.0,1.0,3.0,12.0,8,0.237,False,,,,17.31
12,1204,1204007,Вишневе,3.0,0.0,9.992,2.0,0.0,1.0,2.0,1.0,7,0.962,False,,,,7.33
12,1204,1204009,Вільногірська міська громада,4.0,0.0,1.977,0.0,0.0,0.0,0.0,4.0,1,0.005,True,2246.0,85.0,111.0,26.42
12,1204,1204011,Жовтоводська міська громада,9.0,0.0,1.467,0.0,0.0,1.0,0.0,10.0,0,0.0,True,4092.0,168.0,66.7,24.36
12,1204,1204013,Затишнянська сільська громада,3.0,0.0,24.276,3.0,0.0,0.0,0.0,3.0,0,0.0,True,312.0,30.0,252.47,10.4
12,1204,1204015,Кам'янська міська громада,45.0,0.0,1.761,0.0,0.0,0.0,0.0,1.0,0,0.0,True,650.0,21.0,2.54,30.95
12,1204,1204017,Криничанська селищна громада,11.0,0.0,8.049,8.0,0.0,0.0,0.0,8.0,7,0.519,False,,,,12.96
12,1204,1204019,Лихівська селищна громада,3.0,0.0,10.349,2.0,0.0,1.0,0.0,2.0,11,0.857,False,,,,13.32
12,1204,1204021,П'ятихатська міська громада,11.0,0.0,3.448,6.0,0.0,2.0,5.0,8.0,7,0.22,False,,,,16.78
12,1204,1204023,Саксаганська сільська громада,8.0,0.0,17.701,8.0,0.0,1.0,2.0,6.0,9,0.64,False,,,,10.44
12,1206,1206001,Апостолівська міська громада,13.0,0.0,4.869,8.0,0.0,1.0,2.0,6.0,19,0.4,False,,,,18.84
12,1206,1206003,Вакулівська сільська громада,3.0,1.0,8.776,3.0,0.0,0.0,0.0,2.0,7,0.713,False,,,,7.68
12,1206,1206005,Глеюватська сільська громада,5.0,0.0,13.279,5.0,0.0,1.0,1.0,4.0,2,0.459,False,,,,12.25
12,1206,1206007,Гречаноподівська сільська громада,4.0,0.0,8.638,4.0,0.0,0.0,0.0,1.0,8,0.917,False,,,,10.18
12,1206,1206009,Грушівська сільська громада,3.0,0.0,4.967,2.0,0.0,0.0,0.0,3.0,0,0.0,True,542.0,37.0,89.74,14.65
12,1206,1206011,Девладівська сільська громада,6.0,1.0,16.594,6.0,0.0,0.0,0.0,3.0,8,0.602,False,,,,8.38
12,1206,1206013,Зеленодольська міська громада,6.0,0.0,4.582,3.0,0.0,1.0,2.0,6.0,0,0.0,True,1555.0,73.0,118.74,21.3
12,1206,1206015,Карпівська сільська громада,4.0,0.0,7.11,4.0,0.0,1.0,2.0,4.0,2,0.404,False,,,,11.44
12,1206,1206017,Криворізька міська громада,144.0,2.0,2.287,0.0,0.0,1.0,0.0,145.0,0,0.0,True,68219.0,2634.0,108.37,25.9
12,1206,1206019,Лозуватська сільська громада,11.0,0.0,17.291,10.0,0.0,1.0,3.0,5.0,18,0.883,False,,,,9.76
12,1206,1206021,Нивотрудівська сільська громада,2.0,0.0,4.431,2.0,0.0,0.0,0.0,1.0,6,0.73,False,,,,18.79
12,1206,1206023,Новолатівська сільська громада,2.0,0.0,4.103,2.0,0.0,0.0,0.0,2.0,1,0.259,False,,,,15.37
12,1206,1206025,Новопільська сільська громада,7.0,0.0,5.433,6.0,0.0,1.0,2.0,3.0,7,0.682,False,,,,17.15
12,1206,1206027,Софіївська селищна громада,7.0,0.0,5.879,5.0,0.0,1.0,2.0,1.0,21,0.98,False,,,,8.5
12,1206,1206029,Широківська селищна громада,6.0,0.0,6.481,4.0,0.0,1.0,2.0,2.0,5,0.911,False,,,,7.89
12,1208,1208001,Марганецька міська громада,12.0,0.0,2.132,1.0,0.0,0.0,0.0,12.0,1,0.064,False,,,,23.93
12,1208,1208003,Мирівська сільська громада,4.0,0.0,5.807,3.0,0.0,1.0,1.0,4.0,3,0.318,False,,,,14.54
12,1208,1208005,Нікопольська міська громада,28.0,0.0,2.135,0.0,0.0,0.0,0.0,28.0,0,0.0,True,12580.0,500.0,95.93,25.16
12,1208,1208007,Першотравневська сільська громада,9.0,0.0,22.538,9.0,0.0,2.0,4.0,5.0,6,0.536,False,,,,12.1
12,1208,1208009,Покровська міська громада,8.0,0.0,1.911,1.0,0.0,0.0,0.0,1.0,0,0.0,True,264.0,15.0,6.31,17.6
12,1208,1208011,Покровська сільська громада,5.0,0.0,7.245,5.0,0.0,0.0,0.0,4.0,5,0.731,False,,,,14.3
12,1208,1208013,Томаківська селищна громада,6.0,1.0,4.064,4.0,0.0,1.0,2.0,5.0,7,0.366,False,,,,16.23
12,1208,1208015,Червоногригорівська селищна громада,5.0,0.0,8.159,3.0,0.0,0.0,0.0,47.0,2,0.017,True,25830.0,993.0,4215.1,26.01
12,1210,1210001,Губиниська селищна громада,13.0,0.0,10.725,11.0,0.0,2.0,2.0,12.0,19,0.668,False,,,,12.23
12,1210,1210003,Личківська сільська громада,4.0,0.0,11.443,3.0,0.0,1.0,3.0,4.0,0,0.0,True,690.0,62.0,197.39,11.13
12,1210,1210005,Магдалинівська селищна громада,17.0,1.0,7.551,15.0,0.0,1.0,1.0,14.0,4,0.123,False,,,,12.89
12,1210,1210007,Самарівська міська громада,17.0,0.0,2.174,0.0,0.0,0.0,0.0,,0,,False,,,,
12,1210,1210009,Перещепинська міська громада,11.0,0.0,10.402,7.0,0.0,0.0,0.0,9.0,6,0.192,False,,,,16.44
12,1210,1210011,Піщанська сільська громада,8.0,0.0,1.942,6.0,0.0,1.0,1.0,7.0,2,0.012,True,2220.0,112.0,53.9,19.82
12,1210,1210013,Черкаська селищна громада,2.0,0.0,4.48,0.0,0.0,0.0,0.0,1.0,0,0.0,True,384.0,19.0,86.01,20.21
12,1210,1210015,Чернеччинська сільська громада,4.0,1.0,13.062,4.0,0.0,0.0,0.0,4.0,0,0.0,True,387.0,43.0,126.38,9.0
12,1212,1212001,Богданівська сільська об'єднана територіальна громада,4.0,0.0,4.253,4.0,0.0,1.0,1.0,3.0,4,0.545,False,,,,15.56
12,1212,1212003,Вербківська сільська громада,4.0,0.0,4.865,4.0,0.0,0.0,0.0,3.0,3,0.453,False,,,,16.63
12,1212,1212005,Межиріцька сільська громада,4.0,0.0,6.214,4.0,0.0,0.0,0.0,4.0,0,0.0,True,673.0,43.0,104.55,15.65
12,1212,1212007,Павлоградська міська громада,15.0,0.0,1.204,0.0,0.0,0.0,0.0,19.0,0,0.0,True,12507.0,474.0,100.41,26.39
12,1212,1212009,Тернівка,5.0,0.0,4.275,0.0,0.0,0.0,0.0,5.0,0,0.0,True,3167.0,125.0,270.76,25.34
12,1212,1212011,Троїцька сільська громада,3.0,0.0,10.541,3.0,0.0,0.0,0.0,2.0,2,0.587,False,,,,10.0
12,1212,1212013,Юр’ївка,11.0,0.0,9.23,10.0,0.0,2.0,3.0,6.0,16,0.596,False,,,,11.1
12,1214,1214001,Брагинівська сільська рада,3.0,0.0,7.107,3.0,0.0,1.0,2.0,4.0,0,0.0,True,391.0,41.0,92.63,9.54
12,1214,1214003,Васильківська селищна громада,9.0,4.0,3.658,6.0,0.0,1.0,1.0,9.0,9,0.315,False,,,,15.94
12,1214,1214005,Великомихайлівська сільська громада,2.0,0.0,8.033,2.0,0.0,0.0,0.0,2.0,0,0.0,True,303.0,21.0,121.69,14.43
12,1214,1214007,Миколаївська сільська рада,6.0,1.0,9.13,4.0,0.0,1.0,1.0,5.0,12,0.723,False,,,,12.65
12,1214,1214009,Зайцеве,3.0,0.0,12.023,3.0,0.0,1.0,2.0,3.0,1,0.35,False,,,,12.06
12,1214,1214011,Іларіонове,6.0,1.0,10.133,1.0,0.0,1.0,2.0,2.0,2,0.484,False,,,,8.62
12,1214,1214013,Маломихайлівська сільська територіальна громада,3.0,0.0,6.417,2.0,0.0,0.0,0.0,2.0,2,0.353,False,,,,17.45
12,1214,1214015,Межівська селищна територіальна громада,6.0,3.0,3.264,3.0,0.0,1.0,0.0,5.0,13,0.502,False,,,,16.45
12,1214,1214017,Миколаївська сільська громада,3.0,0.0,2.024,3.0,0.0,1.0,1.0,1.0,11,0.964,False,,,,9.89
12,1214,1214019,Новопавлівська сільська рада,1.0,0.0,5.057,1.0,0.0,0.0,0.0,1.0,0,0.0,True,208.0,12.0,105.19,17.33
12,1214,1214021,Першотравенська міська громада,6.0,0.0,3.68,0.0,0.0,0.0,0.0,,2,1.0,False,,,,
12,1214,1214023,Петропавлівка,2.0,2.0,1.145,0.0,0.0,1.0,0.0,5.0,0,0.0,True,1293.0,77.0,74.01,16.79
12,1214,1214025,Покровська селищна територіальна громада,9.0,0.0,3.476,5.0,0.0,1.0,2.0,4.0,13,0.859,False,,,,11.9
12,1214,1214027,Раївка,6.0,0.0,8.135,6.0,0.0,0.0,0.0,3.0,8,0.714,False,,,,12.25
12,1214,1214029,Роздори,2.0,0.0,14.764,1.0,0.0,0.0,0.0,2.0,0,0.0,True,342.0,22.0,252.47,15.55
12,1214,1214031,Синельниківська міська громада,7.0,0.0,1.318,0.0,0.0,0.0,0.0,7.0,0,0.0,True,3811.0,135.0,71.76,28.23
12,1214,1214033,Славгород,3.0,0.0,15.104,2.0,0.0,1.0,0.0,2.0,2,0.373,False,,,,15.3
12,1214,1214035,Слов'янська сільська рада,3.0,0.0,12.406,3.0,0.0,1.0,0.0,4.0,0,0.0,True,398.0,28.0,164.59,14.21
12,1214,1214037,Українська сільська громада,2.0,0.0,7.947,1.0,0.0,0.0,0.0,1.0,2,0.757,False,,,,8.27
14,1402,1402001,Бахмутська міська громада,6.0,12.0,0.642,0.0,0.0,2.0,0.0,19.0,0,0.0,True,7771.0,318.0,83.21,24.44
14,1402,1402003,Званівська сільська громада,3.0,0.0,18.042,3.0,0.0,0.0,0.0,3.0,0,0.0,True,269.0,28.0,161.78,9.61
14,1402,1402005,Світлодарська міська громада,2.0,5.0,1.305,0.0,0.0,0.0,0.0,6.0,0,0.0,True,1497.0,88.0,97.69,17.01
14,1402,1402007,Сіверська міська громада,2.0,3.0,2.382,0.0,0.0,1.0,1.0,4.0,0,0.0,True,700.0,37.0,83.36,18.92
14,1402,1402009,Соледарська міська громада,4.0,9.0,4.005,2.0,0.0,1.0,0.0,11.0,3,0.27,False,,,,13.65
14,1402,1402011,Торецька міська громада,4.0,13.0,0.571,0.0,0.0,1.0,0.0,13.0,0,0.0,True,3814.0,188.0,54.41,20.29
14,1402,1402013,Часовоярська міська громада,2.0,2.0,1.782,0.0,0.0,1.0,0.0,3.0,0,0.0,True,1063.0,48.0,94.72,22.15
14,1404,1404001,Великоновосілківська селищна громада,5.0,7.0,1.701,3.0,0.0,0.0,0.0,10.0,3,0.211,False,,,,12.92
14,1404,1404003,Волноваська міська громада,4.0,15.0,0.965,0.0,0.0,1.0,0.0,18.0,2,0.024,True,4038.0,247.0,97.44,16.35
14,1404,1404005,Вугледарська міська громада,5.0,7.0,3.618,2.0,0.0,1.0,0.0,8.0,4,0.13,False,,,,17.84
14,1404,1404007,Комарська сільська громада,3.0,2.0,3.402,2.0,0.0,0.0,0.0,4.0,2,0.513,False,,,,8.39
14,1404,1404009,Мирненська селищна громада,6.0,0.0,5.04,4.0,0.0,0.0,0.0,4.0,6,0.653,False,,,,9.44
14,1404,1404011,Ольгинська селищна громада,2.0,6.0,1.19,0.0,0.0,0.0,0.0,1.0,13,0.92,False,,,,20.42
14,1404,1404013,Старомлинівська сільська громада,1.0,6.0,0.685,0.0,0.0,0.0,0.0,5.0,0,0.0,True,641.0,53.0,43.88,12.09
14,1404,1404015,Хлібодарівська сільська громада,1.0,11.0,0.957,1.0,0.0,0.0,0.0,10.0,4,0.294,False,,,,10.28
14,1406,1406011,Сніжнянська міська громада,,,,,,,,1.0,1,0.502,False,,,,9.73
14,1408,1408003,Донецька міська громада,1.0,0.0,0.011,0.0,0.0,0.0,0.0,,0,,False,,,,
14,1412,1412001,Андріївська сільська громада,1.0,1.0,6.201,1.0,0.0,0.0,0.0,,5,1.0,False,,,,
14,1412,1412003,Дружківська міська громада,8.0,9.0,1.06,0.0,0.0,1.0,0.0,16.0,4,0.057,False,,,,21.28
14,1412,1412005,Іллінівська сільська громада,3.0,1.0,4.772,2.0,0.0,1.0,0.0,8.0,0,0.0,True,1247.0,102.0,198.37,12.23
14,1412,1412007,Костянтинівська міська громада,11.0,6.0,1.545,1.0,0.0,1.0,0.0,4.0,15,0.884,False,,,,17.0
14,1412,1412009,Краматорська міська громада,23.0,11.0,1.221,0.0,0.0,3.0,2.0,34.0,2,0.005,True,18945.0,743.0,100.55,25.5
14,1412,1412011,Лиманська міська громада,9.0,12.0,3.929,1.0,0.0,0.0,0.0,19.0,5,0.075,False,,,,19.08
14,1412,1412013,Миколаївська міська громада,7.0,0.0,2.48,2.0,0.0,0.0,1.0,2.0,9,0.8,False,,,,15.44
14,1412,1412015,Новодонецька селищна громада,3.0,3.0,4.33,1.0,0.0,1.0,0.0,4.0,0,0.0,True,767.0,43.0,110.7,17.84
14,1412,1412017,Олександрівська селищна громада,4.0,0.0,3.34,3.0,1.0,2.0,0.0,4.0,6,0.856,False,,,,8.08
14,1412,1412019,Святогірська міська громада,3.0,4.0,4.572,2.0,0.0,0.0,0.0,6.0,2,0.142,False,,,,13.3
14,1412,1412021,Слов'янська міська громада,22.0,2.0,1.608,0.0,0.0,2.0,1.0,25.0,0,0.0,True,12190.0,510.0,89.08,23.9
14,1412,1412023,Черкаська селищна громада,4.0,1.0,11.589,2.0,0.0,1.0,0.0,4.0,3,0.662,False,,,,13.94
14,1414,1414001,Кальчицька сільська громада,6.0,0.0,6.489,6.0,0.0,0.0,0.0,5.0,0,0.0,True,655.0,56.0,70.84,11.7
14,1414,1414003,Мангуська селищна громада,1.0,9.0,0.468,0.0,0.0,1.0,0.0,10.0,0,0.0,True,1866.0,131.0,87.4,14.24
14,1414,1414005,Маріупольська міська громада,10.0,62.0,0.221,0.0,0.0,0.0,0.0,70.0,0,0.0,True,38861.0,1507.0,85.72,25.79
14,1414,1414007,Микільська селищна громада,5.0,5.0,2.699,0.0,0.0,1.0,3.0,7.0,5,0.373,False,,,,8.49
14,1414,1414009,Сартанська селищна громада,1.0,2.0,0.316,0.0,0.0,1.0,0.0,3.0,0,0.0,True,1368.0,59.0,43.27,23.19
14,1416,1416001,Авдіївська міська громада,3.0,2.0,0.86,0.0,0.0,1.0,0.0,5.0,0,0.0,True,1833.0,85.0,52.52,21.56
14,1416,1416003,Білозерська міська громада,3.0,1.0,6.121,0.0,0.0,0.0,0.0,5.0,0,0.0,True,1501.0,64.0,306.27,23.45
14,1416,1416005,Гродівська селищна громада,2.0,2.0,7.555,0.0,0.0,0.0,0.0,3.0,3,0.279,False,,,,16.1
14,1416,1416007,Добропільська міська громада,10.0,6.0,1.53,0.0,0.0,2.0,0.0,7.0,11,0.725,False,,,,20.43
14,1416,1416009,Криворізька сільська громада,3.0,0.0,8.773,3.0,0.0,1.0,0.0,2.0,10,0.965,False,,,,11.0
14,1416,1416011,Курахівська міська громада,10.0,2.0,1.382,2.0,0.0,2.0,0.0,13.0,0,0.0,True,3620.0,165.0,50.02,21.94
14,1416,1416013,Мар'їнська міська громада,6.0,6.0,1.947,2.0,0.0,1.0,0.0,9.0,15,0.794,False,,,,16.58
14,1416,1416015,Мирноградська міська громада,8.0,3.0,1.42,0.0,0.0,1.0,0.0,9.0,0,0.0,True,4235.0,197.0,75.2,21.5
14,1416,1416017,Новогродівська міська громада,4.0,3.0,4.682,2.0,0.0,1.0,0.0,7.0,6,0.5,False,,,,17.15
14,1416,1416019,Очеретинська селищна громада,9.0,1.0,7.565,6.0,0.0,2.0,3.0,5.0,6,0.755,False,,,,8.07
14,1416,1416021,Покровська міська громада,11.0,8.0,1.298,1.0,0.0,0.0,0.0,19.0,5,0.081,False,,,,24.44
14,1416,1416023,Селидівська міська громада,4.0,0.0,1.877,0.0,0.0,0.0,0.0,7.0,1,0.032,True,3098.0,136.0,145.4,22.78
14,1416,1416025,Удачненська селищна громада,2.0,0.0,17.229,1.0,0.0,0.0,0.0,1.0,3,0.624,False,,,,16.55
14,1416,1416027,Шахівська сільська громада,1.0,1.0,6.039,1.0,0.0,0.0,0.0,2.0,1,0.277,False,,,,14.0
18,1802,1802001,Андрушівська міська громада,8.0,0.0,3.638,6.0,0.0,0.0,0.0,14.0,0,0.0,True,2073.0,152.0,94.26,13.64
18,1802,1802003,Бердичівська міська громада,17.0,0.0,2.004,1.0,0.0,0.0,0.0,16.0,0,0.0,True,9129.0,343.0,107.6,26.62
18,1802,1802005,Вчорайшенська сільська громада,4.0,0.0,9.568,4.0,0.0,0.0,0.0,4.0,1,0.08,False,,,,10.38
18,1802,1802007,Гришковецька селищна громада,7.0,0.0,9.974,4.0,0.0,1.0,0.0,7.0,0,0.0,True,1109.0,82.0,158.01,13.52
18,1802,1802009,Краснопільська сільська громада,5.0,0.0,9.875,4.0,0.0,2.0,0.0,5.0,0,0.0,True,629.0,53.0,124.23,11.87
18,1802,1802011,Райгородоцька сільська громада,8.0,0.0,23.548,6.0,0.0,2.0,1.0,5.0,6,0.549,False,,,,9.74
18,1802,1802013,Ружинська селищна громада,10.0,0.0,4.56,9.0,0.0,1.0,0.0,11.0,3,0.136,False,,,,13.25
18,1802,1802015,Семенівська сільська громада,3.0,0.0,7.483,3.0,0.0,0.0,0.0,3.0,0,0.0,True,427.0,45.0,106.51,9.49
18,1802,1802017,Червоненська селищна громада,3.0,0.0,5.986,2.0,0.0,1.0,0.0,3.0,0,0.0,True,556.0,39.0,110.94,14.26
18,1802,1802019,Швайківська сільська громада,5.0,0.0,18.847,5.0,0.0,1.0,0.0,4.0,0,0.0,True,448.0,41.0,168.87,10.93
18,1804,1804001,Андрушківська сільська громада,3.0,1.0,9.154,3.0,0.0,1.0,2.0,3.0,2,0.204,False,,,,12.02
18,1804,1804003,Березівська сільська громада,7.0,0.0,9.88,7.0,0.0,1.0,0.0,3.0,7,0.641,False,,,,12.55
18,1804,1804005,Брусилівська селищна громада,12.0,0.0,8.715,10.0,0.0,2.0,0.0,11.0,2,0.064,False,,,,13.07
18,1804,1804007,Високівська сільська громада,2.0,0.0,9.35,2.0,0.0,0.0,0.0,2.0,0,0.0,True,295.0,22.0,137.91,13.41
18,1804,1804009,Вишевицька сільська громада,4.0,0.0,10.324,4.0,0.0,1.0,0.0,3.0,1,0.0,True,425.0,34.0,109.69,12.5
18,1804,1804011,Вільшанська сільська громада,4.0,0.0,5.657,4.0,0.0,1.0,0.0,4.0,0,0.0,True,635.0,47.0,89.8,13.51
18,1804,1804013,Волицька сільська громада,5.0,0.0,9.985,4.0,0.0,0.0,0.0,5.0,0,0.0,True,462.0,49.0,92.26,9.43
18,1804,1804015,Глибочицька сільська громада,6.0,0.0,4.629,6.0,0.0,2.0,0.0,7.0,0,0.0,True,995.0,68.0,76.77,14.63
18,1804,1804017,Городоцька селищна громада,2.0,0.0,11.334,0.0,0.0,1.0,0.0,3.0,0,0.0,True,374.0,26.0,211.95,14.38
18,1804,1804019,Житомирська міська громада,46.0,6.0,1.867,1.0,0.0,0.0,0.0,44.0,0,0.0,True,33691.0,1237.0,136.74,27.24
18,1804,1804021,Квітнева сільська громада,3.0,0.0,8.071,3.0,0.0,1.0,1.0,4.0,3,0.486,False,,,,12.97
18,1804,1804023,Корнинська селищна громада,5.0,0.0,11.053,3.0,0.0,1.0,4.0,5.0,0,0.0,True,796.0,69.0,175.96,11.54
18,1804,1804025,Коростишівська міська громада,11.0,0.0,3.541,4.0,0.0,1.0,0.0,9.0,1,0.011,True,3847.0,175.0,123.83,21.98
18,1804,1804027,Курненська сільська громада,8.0,0.0,15.346,7.0,0.0,2.0,2.0,8.0,3,0.244,False,,,,8.8
18,1804,1804029,Любарська селищна громада,20.0,0.0,7.649,18.0,0.0,6.0,3.0,26.0,4,0.117,False,,,,11.57
18,1804,1804031,Миропільська селищна громада,5.0,0.0,6.572,2.0,0.0,1.0,1.0,4.0,0,0.0,True,898.0,59.0,118.03,15.22
18,1804,1804033,Новоборівська селищна громада,4.0,0.0,3.664,2.0,0.0,2.0,1.0,5.0,0,0.0,True,1015.0,64.0,92.97,15.86
18,1804,1804035,Новогуйвинська селищна громада,10.0,0.0,6.5,8.0,0.0,3.0,0.0,10.0,0,0.0,True,2195.0,133.0,142.68,16.5
18,1804,1804037,Оліївська сільська громада,7.0,1.0,3.043,6.0,0.0,1.0,0.0,6.0,3,0.286,False,,,,11.74
18,1804,1804039,Попільнянська селищна громада,13.0,0.0,6.658,12.0,0.0,2.0,3.0,11.0,5,0.16,False,,,,12.39
18,1804,1804041,Потіївська сільська громада,2.0,0.0,10.176,2.0,1.0,1.0,0.0,3.0,0,0.0,True,349.0,33.0,177.57,10.58
18,1804,1804043,Пулинська селищна громада,8.0,0.0,4.751,7.0,0.0,1.0,0.0,8.0,3,0.084,False,,,,13.68
18,1804,1804045,Радомишльська міська громада,14.0,0.0,4.822,9.0,0.0,1.0,0.0,15.0,2,0.012,True,2948.0,191.0,101.53,15.43
18,1804,1804047,Романівська селищна громада,11.0,7.0,5.467,9.0,0.0,4.0,6.0,16.0,4,0.178,False,,,,14.42
18,1804,1804049,Станишівська територіальна громада,7.0,1.0,4.395,7.0,0.0,1.0,0.0,7.0,2,0.071,False,,,,16.64
18,1804,1804051,Старосілецька сільська громада,7.0,1.0,16.898,7.0,0.0,1.0,0.0,6.0,2,0.489,False,,,,10.46
18,1804,1804053,Тетерівська сільська громада,4.0,1.0,4.666,4.0,0.0,0.0,0.0,4.0,0,0.0,True,1028.0,53.0,119.91,19.4
18,1804,1804055,Харитонівська сільська громада,2.0,0.0,7.985,2.0,0.0,0.0,0.0,2.0,0,0.0,True,114.0,20.0,45.52,5.7
18,1804,1804057,Хорошівська селищна громада,11.0,0.0,7.639,8.0,0.0,3.0,2.0,12.0,2,0.054,False,,,,13.72
18,1804,1804059,Черняхівська селищна громада,8.0,2.0,3.353,5.0,0.0,3.0,0.0,9.0,4,0.122,False,,,,17.38
18,1804,1804061,Чуднівська міська громада,10.0,6.0,4.4,6.0,0.0,1.0,0.0,17.0,0,0.0,True,1909.0,143.0,83.99,13.35
18,1806,1806001,Білокоровицька сільська громада,4.0,0.0,9.359,1.0,0.0,0.0,0.0,4.0,0,0.0,True,580.0,42.0,135.71,13.81
18,1806,1806003,Гладковицька сільська громада,2.0,0.0,3.264,1.0,0.0,0.0,0.0,1.0,0,0.0,True,106.0,10.0,17.3,10.6
18,1806,1806005,Горщиківська сільська громада,2.0,1.0,23.287,2.0,0.0,1.0,1.0,3.0,0,0.0,True,348.0,23.0,405.19,15.13
18,1806,1806007,Іршанська селищна громада,3.0,0.0,3.501,2.0,0.0,1.0,0.0,3.0,0,0.0,True,934.0,50.0,108.99,18.68
18,1806,1806009,Коростенська міська громада,24.0,0.0,2.943,11.0,0.0,1.0,0.0,25.0,1,0.0,True,8676.0,421.0,106.38,20.61
18,1806,1806011,Лугинська селищна громада,11.0,4.0,7.109,8.0,0.0,1.0,0.0,16.0,1,0.076,False,,,,11.32
18,1806,1806013,Малинська міська громада,16.0,3.0,3.783,9.0,0.0,5.0,0.0,21.0,0,0.0,True,4459.0,255.0,105.41,17.49
18,1806,1806015,Народицька селищна громада,9.0,0.0,9.935,8.0,0.0,1.0,0.0,9.0,0,0.0,True,817.0,77.0,90.19,10.61
18,1806,1806017,Овруцька міська громада,15.0,0.0,3.537,11.0,0.0,5.0,2.0,19.0,1,0.0,True,3968.0,272.0,93.57,14.59
18,1806,1806019,Олевська міська громада,31.0,2.0,8.463,26.0,0.0,6.0,9.0,31.0,7,0.123,False,,,,14.91
18,1806,1806021,Словечанська сільська громада,8.0,2.0,10.711,8.0,0.0,3.0,3.0,8.0,2,0.081,False,,,,13.38
18,1806,1806023,Ушомирська сільська громада,11.0,0.0,14.499,11.0,0.0,0.0,0.0,11.0,2,0.132,False,,,,12.6
18,1806,1806025,Чоповицька селищна громада,4.0,0.0,14.327,3.0,0.0,1.0,0.0,3.0,2,0.185,False,,,,13.94
18,1808,1808001,Баранівська міська громада,12.0,0.0,4.035,8.0,0.0,2.0,3.0,13.0,0,0.0,True,2447.0,150.0,82.29,16.31
18,1808,1808003,Барашівська сільська громада,6.0,0.0,11.563,5.0,0.0,1.0,0.0,7.0,0,0.0,True,714.0,66.0,137.6,10.82
18,1808,1808005,Брониківська сільська громада,7.0,0.0,19.983,7.0,0.0,1.0,1.0,7.0,0,0.0,True,680.0,57.0,194.12,11.93
18,1808,1808007,Городницька селищна громада,4.0,0.0,6.386,3.0,0.0,1.0,1.0,4.0,0,0.0,True,852.0,53.0,136.02,16.08
18,1808,1808009,Довбиська селищна громада,4.0,0.0,6.375,0.0,0.0,0.0,0.0,3.0,2,0.338,False,,,,19.17
18,1808,1808011,Дубрівська сільська громада,3.0,0.0,12.626,3.0,0.0,1.0,2.0,3.0,0,0.0,True,497.0,47.0,209.17,10.57
18,1808,1808013,Ємільчинська селищна громада,14.0,0.0,6.011,12.0,0.0,1.0,2.0,18.0,1,0.046,True,2420.0,208.0,103.91,11.63
18,1808,1808015,Звягельська міська громада,18.0,0.0,2.51,6.0,0.0,1.0,0.0,8.0,0,0.0,True,593.0,35.0,8.27,16.94
18,1808,1808017,Піщівська сільська громада,5.0,0.0,21.979,5.0,0.0,0.0,0.0,4.0,1,0.252,False,,,,8.13
18,1808,1808019,Стриївська сільська громада,3.0,0.0,3.706,3.0,0.0,0.0,0.0,6.0,0,0.0,True,539.0,51.0,66.59,10.57
18,1808,1808021,Чижівська сільська громада,6.0,3.0,10.774,6.0,0.0,0.0,0.0,6.0,5,0.446,False,,,,13.24
18,1808,1808023,Ярунська територіальна громада,7.0,0.0,12.14,7.0,0.0,1.0,1.0,7.0,0,0.0,True,909.0,72.0,157.65,12.62
21,2102,2102001,Батівська селищна громада,10.0,0.0,10.584,8.0,0.0,3.0,0.0,11.0,0,0.0,True,1673.0,116.0,177.07,14.42
21,2102,2102003,Берегівська міська громада,22.0,5.0,4.736,12.0,0.0,0.0,0.0,25.0,0,0.0,True,5943.0,321.0,127.93,18.51
21,2102,2102005,Великоберезька сільська громада,5.0,0.0,8.87,5.0,0.0,1.0,3.0,5.0,0,0.0,True,1421.0,93.0,252.08,15.28
21,2102,2102007,Великобийганська сільська громада,6.0,0.0,7.332,6.0,0.0,0.0,0.0,6.0,0,0.0,True,490.0,44.0,59.88,11.14
21,2102,2102009,Вилоцька селищна громада,10.0,0.0,6.797,8.0,0.0,0.0,0.0,8.0,0,0.0,True,1698.0,115.0,115.41,14.77
21,2102,2102011,Виноградівська міська громада,23.0,0.0,3.235,14.0,0.0,0.0,0.0,24.0,0,0.0,True,9298.0,452.0,130.76,20.57
21,2102,2102013,Кам'янська сільська громада,9.0,0.0,13.066,8.0,0.0,2.0,2.0,9.0,0,0.0,True,1600.0,106.0,232.29,15.09
21,2102,2102015,Королівська селищна громада,9.0,0.0,5.125,7.0,0.0,0.0,0.0,8.0,5,0.291,False,,,,19.31
21,2102,2102017,Косоньська сільська громада,7.0,0.0,9.704,7.0,0.0,1.0,0.0,6.0,0,0.0,True,715.0,59.0,99.12,12.12
21,2102,2102019,Пийтерфолвівська сільська громада,15.0,0.0,8.283,15.0,0.0,0.0,0.0,14.0,0,0.0,True,2261.0,160.0,124.85,14.13
21,2104,2104001,Великолучківська сільська громада,11.0,0.0,4.732,11.0,0.0,0.0,0.0,12.0,0,0.0,True,2798.0,158.0,120.37,17.71
21,2104,2104003,Верхньокоропецька сільська громада,9.0,1.0,12.986,9.0,0.0,0.0,0.0,9.0,5,0.546,False,,,,13.28
21,2104,2104005,Воловецька селищна громада,4.0,0.0,4.052,3.0,4.0,1.0,1.0,4.0,0,0.0,True,1199.0,68.0,121.46,17.63
21,2104,2104007,Горондівська сільська громада,4.0,0.0,4.044,4.0,0.0,0.0,0.0,4.0,0,0.0,True,1262.0,61.0,127.59,20.69
21,2104,2104009,Жденіївська селищна громада,8.0,0.0,17.73,7.0,8.0,0.0,0.0,9.0,0,0.0,True,554.0,51.0,122.78,10.86
21,2104,2104011,Івановецька сільська громада,8.0,0.0,8.607,8.0,0.0,0.0,0.0,9.0,0,0.0,True,1149.0,69.0,123.62,16.65
21,2104,2104013,Кольчинська селищна громада,5.0,2.0,4.675,4.0,2.0,0.0,0.0,5.0,0,0.0,True,1011.0,63.0,94.52,16.05
21,2104,2104015,Мукачівська міська громада,39.0,1.0,3.497,15.0,0.0,1.0,1.0,14.0,0,0.0,True,2476.0,152.0,22.2,16.29
21,2104,2104017,Неліпинська сільська громада,3.0,0.0,9.335,3.0,2.0,0.0,0.0,3.0,0,0.0,True,592.0,39.0,184.21,15.18
21,2104,2104019,Нижньоворітська сільська громада,8.0,0.0,8.1,8.0,8.0,1.0,0.0,10.0,2,0.456,False,,,,12.26
21,2104,2104021,Полянська сільська громада,9.0,2.0,7.312,9.0,1.0,2.0,4.0,10.0,0,0.0,True,1709.0,118.0,138.84,14.48
21,2104,2104023,Свалявська міська громада,16.0,0.0,5.043,7.0,1.0,0.0,0.0,16.0,0,0.0,True,4032.0,195.0,127.1,20.68
21,2104,2104025,Чинадіївська селищна громада,12.0,0.0,9.524,10.0,4.0,0.0,0.0,12.0,0,0.0,True,1781.0,107.0,141.35,16.64
21,2106,2106001,Богданська сільська громада,4.0,0.0,9.33,4.0,4.0,0.0,0.0,4.0,0,0.0,True,2051.0,103.0,478.39,19.91
21,2106,2106003,Великобичківська селищна громада,16.0,0.0,4.479,11.0,12.0,0.0,0.0,15.0,0,0.0,True,4355.0,232.0,121.9,18.77
21,2106,2106005,Рахівська міська громада,8.0,1.0,3.781,4.0,8.0,0.0,0.0,9.0,0,0.0,True,3974.0,188.0,187.81,21.14
21,2106,2106007,Ясінянська селищна громада,8.0,0.0,7.313,4.0,8.0,0.0,0.0,8.0,0,0.0,True,2426.0,134.0,221.77,18.1
21,2108,2108001,Бедевлянська сільська громада,3.0,0.0,4.591,3.0,0.0,1.0,2.0,2.0,0,0.0,True,819.0,46.0,125.34,17.8
21,2108,2108003,Буштинська селищна громада,9.0,0.0,3.395,7.0,0.0,0.0,0.0,9.0,0,0.0,True,2974.0,143.0,112.17,20.8
21,2108,2108005,Вільховецька сільська громада,3.0,0.0,3.207,3.0,1.0,2.0,0.0,3.0,0,0.0,True,2019.0,98.0,215.86,20.6
21,2108,2108007,Дубівська селищна громада,7.0,0.0,3.682,3.0,7.0,2.0,2.0,7.0,0,0.0,True,3240.0,151.0,170.42,21.46
21,2108,2108009,Нересницька сільська громада,12.0,0.0,5.63,12.0,10.0,3.0,1.0,11.0,5,0.196,False,,,,17.74
21,2108,2108011,Солотвинська селищна громада,16.0,0.0,2.644,10.0,5.0,3.0,3.0,15.0,0,0.0,True,4004.0,234.0,66.16,17.11
21,2108,2108013,Тересвянська селищна громада,3.0,1.0,1.435,2.0,0.0,0.0,0.0,3.0,3,0.203,False,,,,24.01
21,2108,2108015,Тячівська міська громада,9.0,0.0,3.677,4.0,0.0,2.0,0.0,8.0,2,0.251,False,,,,16.93
21,2108,2108017,Углянська сільська громада,7.0,0.0,14.584,7.0,3.0,0.0,0.0,7.0,0,0.0,True,1355.0,95.0,282.3,14.26
21,2108,2108019,Усть-Чорнянська селищна громада,7.0,0.0,20.937,5.0,6.0,2.0,2.0,3.0,0,0.0,True,688.0,40.0,205.78,17.2
21,2110,2110001,Баранинська сільська громада,11.0,1.0,10.246,11.0,0.0,2.0,7.0,11.0,0,0.0,True,960.0,97.0,89.42,9.9
21,2110,2110003,Великоберезнянська селищна громада,6.0,2.0,4.608,3.0,2.0,1.0,3.0,8.0,2,0.176,False,,,,14.13
21,2110,2110005,Великодобронська сільська громада,7.0,0.0,8.584,6.0,0.0,0.0,0.0,6.0,0,0.0,True,1604.0,79.0,196.7,20.3
21,2110,2110007,Дубриницько-Малоберезнянська сільська громада,8.0,0.0,11.672,8.0,3.0,1.0,0.0,6.0,5,0.592,False,,,,12.43
21,2110,2110009,Костринська сільська громада,6.0,2.0,12.626,6.0,6.0,0.0,0.0,7.0,0,0.0,True,409.0,49.0,86.07,8.35
21,2110,2110011,Оноківська сільська громада,6.0,1.0,6.023,3.0,0.0,2.0,2.0,2.0,0,0.0,True,506.0,33.0,50.8,15.33
21,2110,2110013,Перечинська міська громада,8.0,0.0,4.98,4.0,0.0,1.0,3.0,7.0,0,0.0,True,2066.0,98.0,128.62,21.08
21,2110,2110015,Середнянська селищна громада,14.0,0.0,17.687,13.0,0.0,2.0,2.0,10.0,2,0.138,False,,,,16.91
21,2110,2110017,Ставненська сільська громада,10.0,0.0,19.771,10.0,10.0,1.0,3.0,9.0,0,0.0,True,765.0,78.0,151.25,9.81
21,2110,2110019,Сюртівська сільська громада,6.0,1.0,11.714,6.0,0.0,1.0,0.0,7.0,0,0.0,True,820.0,67.0,160.09,12.24
21,2110,2110021,Тур'є-Реметівська сільська громада,12.0,0.0,9.779,12.0,5.0,1.0,0.0,11.0,0,0.0,True,2683.0,141.0,218.65,19.03
21,2110,2110023,Ужгородська міська громада,38.0,0.0,2.989,0.0,0.0,0.0,0.0,30.0,0,0.0,True,17309.0,604.0,136.14,28.66
21,2110,2110025,Холмківська сільська громада,7.0,0.0,3.496,6.0,0.0,3.0,1.0,6.0,0,0.0,True,1374.0,87.0,68.62,15.79
21,2110,2110027,Чопська міська громада,8.0,0.0,9.741,6.0,0.0,1.0,0.0,8.0,0,0.0,True,2017.0,129.0,245.6,15.64
21,2112,2112001,Білківська сільська громада,12.0,1.0,7.183,12.0,6.0,2.0,0.0,14.0,0,0.0,True,2962.0,159.0,177.3,18.63
21,2112,2112003,Вишківська селищна громада,6.0,0.0,3.518,4.0,0.0,0.0,0.0,6.0,0,0.0,True,1703.0,83.0,99.85,20.52
21,2112,2112005,Горінчівська сільська громада,6.0,0.0,8.774,6.0,3.0,0.0,0.0,7.0,0,0.0,True,1760.0,100.0,257.38,17.6
21,2112,2112007,Довжанська сільська громада,6.0,0.0,4.593,5.0,2.0,0.0,0.0,6.0,0,0.0,True,2200.0,106.0,168.42,20.75
21,2112,2112009,Драгівська сільська громада,5.0,0.0,6.711,5.0,3.0,0.0,0.0,6.0,2,0.215,False,,,,17.68
21,2112,2112011,Зарічанська сільська громада,4.0,0.0,3.02,4.0,0.0,0.0,0.0,4.0,0,0.0,True,1219.0,59.0,92.04,20.66
21,2112,2112013,Іршавська міська громада,24.0,0.0,5.858,20.0,6.0,3.0,4.0,24.0,2,0.052,False,,,,19.01
21,2112,2112015,Керецьківська сільська громада,4.0,0.0,3.354,4.0,1.0,0.0,0.0,4.0,0,0.0,True,1716.0,77.0,143.87,22.29
21,2112,2112017,Колочавська сільська громада,6.0,0.0,10.481,6.0,0.0,1.0,0.0,6.0,0,0.0,True,1300.0,89.0,227.09,14.61
21,2112,2112019,Міжгірська селищна громада,18.0,0.0,5.627,15.0,0.0,3.0,2.0,17.0,5,0.222,False,,,,16.7
21,2112,2112021,Пилипецька сільська громада,7.0,0.0,12.767,7.0,7.0,0.0,0.0,8.0,0,0.0,True,733.0,72.0,133.69,10.18
21,2112,2112023,Синевирська сільська громада,2.0,0.0,4.843,2.0,0.0,2.0,0.0,2.0,0,0.0,True,953.0,59.0,230.77,16.15
21,2112,2112025,Хустська міська громада,32.0,0.0,3.371,21.0,4.0,0.0,0.0,33.0,3,0.041,True,11822.0,551.0,124.53,21.46
23,2302,2302001,Андрівська сільська громада,3.0,0.0,9.179,3.0,0.0,0.0,0.0,3.0,0,0.0,True,377.0,33.0,115.35,11.42
23,2302,2302003,Андріївська селищна громада,4.0,0.0,6.624,4.0,0.0,0.0,0.0,1.0,8,0.783,False,,,,17.36
23,2302,2302005,Бердянська міська громада,1.0,1.0,0.084,0.0,0.0,0.0,0.0,19.0,0,0.0,True,11064.0,428.0,92.43,25.85
23,2302,2302007,Берестівська сільська громада,1.0,1.0,4.321,1.0,0.0,0.0,0.0,2.0,2,0.517,False,,,,8.7
23,2302,2302009,Коларівська сільська громада,3.0,1.0,8.261,3.0,0.0,0.0,0.0,5.0,0,0.0,True,379.0,46.0,104.37,8.24
23,2302,2302011,Осипенківська сільська громада,,,,,,,,2.0,0,0.0,True,594.0,31.0,72.74,19.16
23,2302,2302013,Приморська міська громада,4.0,5.0,1.52,3.0,0.0,0.0,0.0,12.0,2,0.098,False,,,,15.79
23,2302,2302015,Чернігівська селищна громада,0.0,12.0,0.0,0.0,0.0,0.0,0.0,15.0,1,0.038,True,1566.0,157.0,94.04,9.97
23,2304,2304001,Благовіщенська сільська громада,0.0,2.0,0.0,0.0,0.0,0.0,0.0,1.0,0,0.0,True,197.0,10.0,41.92,19.7
23,2304,2304003,Василівська міська громада,3.0,1.0,0.981,2.0,0.0,0.0,0.0,8.0,2,0.087,False,,,,18.45
23,2304,2304005,Великобілозерська сільська громада,0.0,6.0,0.0,0.0,0.0,0.0,0.0,6.0,0,0.0,True,1050.0,96.0,151.87,10.94
23,2304,2304007,Водянська сільська громада,6.0,0.0,2.0,5.0,0.0,0.0,0.0,4.0,4,0.389,False,,,,15.67
23,2304,2304009,Дніпрорудненська міська громада,0.0,1.0,0.0,0.0,0.0,0.0,0.0,4.0,0,0.0,True,2209.0,98.0,296.87,22.54
23,2304,2304011,Енергодарська міська громада,0.0,3.0,0.0,0.0,0.0,0.0,0.0,10.0,0,0.0,True,6341.0,226.0,138.4,28.06
23,2304,2304013,Кам'янсько-Дніпровська міська громада,0.0,7.0,0.0,0.0,0.0,0.0,0.0,9.0,0,0.0,True,2616.0,141.0,224.87,18.55
23,2304,2304015,Малобілозерська сільська громада,1.0,4.0,0.696,1.0,0.0,0.0,0.0,8.0,0,0.0,True,1199.0,82.0,83.41,14.62
23,2304,2304017,Михайлівська селищна громада,4.0,0.0,2.027,2.0,0.0,0.0,0.0,3.0,5,0.705,False,,,,16.27
23,2304,2304019,Роздольська сільська громада,,,,,,,,3.0,3,0.482,False,,,,10.52
23,2304,2304021,Степногірська селищна громада,3.0,1.0,3.623,2.0,0.0,0.0,0.0,4.0,0,0.0,True,872.0,49.0,105.3,17.8
23,2306,2306001,Біленьківська сільська громада,4.0,0.0,5.868,4.0,0.0,0.0,0.0,4.0,0,0.0,True,1015.0,56.0,148.89,18.12
23,2306,2306003,Вільнянська міська громада,6.0,0.0,4.209,2.0,0.0,0.0,0.0,5.0,3,0.13,False,,,,21.74
23,2306,2306005,Долинська сільська громада,2.0,0.0,0.933,2.0,0.0,2.0,0.0,2.0,0,0.0,True,429.0,23.0,20.02,18.65
23,2306,2306007,Запорізька міська громада,211.0,33.0,2.832,39.0,0.0,18.0,3.0,,138,1.0,False,,,,
23,2306,2306009,Комишуваська селищна громада,6.0,0.0,5.618,2.0,0.0,1.0,0.0,7.0,2,0.092,False,,,,13.85
23,2306,2306011,Кушугумська селищна громада,3.0,0.0,1.457,0.0,0.0,0.0,0.0,3.0,0,0.0,True,1843.0,81.0,89.54,22.75
23,2306,2306013,Матвіївська сільська громада,5.0,0.0,8.688,4.0,0.0,1.0,3.0,5.0,0,0.0,True,1182.0,87.0,205.38,13.59
23,2306,2306015,Михайлівська сільська громада,3.0,0.0,3.427,3.0,0.0,1.0,0.0,3.0,6,0.821,False,,,,13.79
23,2306,2306017,Михайло-Лукашівська сільська громада,3.0,0.0,13.472,3.0,0.0,1.0,0.0,4.0,1,0.117,False,,,,11.08
23,2306,2306019,Новомиколаївська селищна громада,7.0,2.0,5.334,4.0,0.0,1.0,0.0,5.0,9,0.782,False,,,,7.78
23,2306,2306021,Новоолександрівська сільська громада,4.0,0.0,18.182,4.0,0.0,0.0,0.0,1.0,3,0.778,False,,,,13.33
23,2306,2306023,Павлівська сільська громада,4.0,0.0,18.915,4.0,0.0,0.0,0.0,6.0,2,0.186,False,,,,12.42
23,2306,2306025,Петро-Михайлівська сільська громада,4.0,0.0,15.307,4.0,0.0,1.0,0.0,3.0,6,0.654,False,,,,13.54
23,2306,2306027,Степненська сільська громада,3.0,0.0,5.525,3.0,0.0,0.0,0.0,3.0,0,0.0,True,608.0,33.0,111.97,18.42
23,2306,2306029,Таврійська сільська громада,2.0,0.0,9.437,2.0,0.0,1.0,1.0,1.0,1,0.783,False,,,,11.67
23,2306,2306031,Тернуватська селищна громада,2.0,0.0,6.011,1.0,0.0,1.0,0.0,2.0,0,0.0,True,270.0,22.0,81.15,12.27
23,2306,2306033,Широківська сільська громада,5.0,3.0,4.527,4.0,0.0,1.0,2.0,8.0,3,0.148,False,,,,14.15
23,2308,2308001,Веселівська селищна громада,5.0,1.0,3.007,4.0,0.0,0.0,0.0,2.0,8,0.882,False,,,,10.95
23,2308,2308003,Кирилівська селищна громада,2.0,1.0,1.077,2.0,0.0,0.0,0.0,4.0,0,0.0,True,661.0,41.0,35.6,16.12
23,2308,2308005,Костянтинівська сільська громада,1.0,3.0,0.205,1.0,0.0,0.0,0.0,6.0,0,0.0,True,1846.0,89.0,37.77,20.74
23,2308,2308007,Мелітопольська міська громада,3.0,1.0,0.223,0.0,0.0,0.0,0.0,24.0,0,0.0,True,15688.0,560.0,116.86,28.01
23,2308,2308009,Мирненська селищна громада,1.0,1.0,8.46,1.0,0.0,0.0,1.0,2.0,0,0.0,True,93.0,18.0,78.67,5.17
23,2308,2308011,Новенська сільська громада,0.0,4.0,0.0,0.0,0.0,0.0,0.0,3.0,2,0.389,False,,,,11.75
23,2308,2308013,Новобогданівська сільська громада,0.0,2.0,0.0,0.0,0.0,0.0,0.0,3.0,0,0.0,True,592.0,47.0,217.41,12.6
23,2308,2308015,Нововасилівська селищна громада,0.0,5.0,0.0,0.0,0.0,0.0,0.0,3.0,7,0.845,False,,,,6.64
23,2308,2308017,Новоуспенівська сільська громада,3.0,0.0,8.36,3.0,0.0,0.0,0.0,1.0,144,0.998,False,,,,13.36
23,2308,2308019,Олександрівська сільська громада,0.0,6.0,0.0,0.0,0.0,0.0,0.0,6.0,0,0.0,True,529.0,58.0,72.78,9.12
23,2308,2308023,Приазовська селищна громада,1.0,4.0,0.782,0.0,0.0,0.0,0.0,6.0,4,0.147,False,,,,14.39
23,2308,2308025,Семенівська сільська громада,1.0,5.0,2.187,1.0,0.0,0.0,0.0,3.0,10,0.851,False,,,,9.26
23,2308,2308027,Терпіннівська сільська громада,1.0,6.0,4.649,1.0,0.0,0.0,0.0,8.0,0,0.0,True,1512.0,133.0,702.94,11.37
23,2308,2308029,Чкаловська сільська громада,3.0,0.0,9.431,3.0,0.0,0.0,0.0,4.0,1,0.262,False,,,,10.31
23,2308,2308031,Якимівська селищна громада,14.0,1.0,7.449,10.0,0.0,4.0,0.0,9.0,14,0.539,False,,,,15.77
23,2310,2310001,Більмацька селищна громада,0.0,2.0,0.0,0.0,0.0,0.0,0.0,3.0,1,0.45,False,,,,8.75
23,2310,2310003,Воздвижівська сільська громада,2.0,2.0,8.047,2.0,0.0,0.0,0.0,5.0,0,0.0,True,335.0,42.0,134.79,7.98
23,2310,2310005,Воскресенська сільська громада,3.0,0.0,8.356,3.0,0.0,0.0,0.0,1.0,3,0.66,False,,,,17.18
23,2310,2310007,Гуляйпільська міська громада,8.0,1.0,3.652,2.0,0.0,2.0,2.0,8.0,4,0.13,False,,,,16.25
23,2310,2310009,Комиш-Зорянська селищна громада,0.0,3.0,0.0,0.0,0.0,0.0,0.0,4.0,0,0.0,True,743.0,45.0,129.13,16.51
23,2310,2310011,Малинівська сільська громада,5.0,0.0,23.754,5.0,0.0,0.0,0.0,2.0,5,0.771,False,,,,7.21
23,2310,2310013,Малотокмачанська сільська громада,1.0,0.0,3.725,1.0,0.0,0.0,0.0,1.0,0,0.0,True,284.0,14.0,105.78,20.29
23,2310,2310015,Молочанська міська громада,1.0,4.0,1.403,0.0,0.0,0.0,0.0,6.0,144,0.988,False,,,,14.08
23,2310,2310017,Оріхівська міська територіальна громада,2.0,5.0,0.804,0.0,0.0,1.0,0.0,5.0,6,0.273,False,,,,19.22
23,2310,2310019,Пологівська міська громада,0.0,6.0,0.0,0.0,0.0,0.0,0.0,9.0,9,0.261,False,,,,18.51
23,2310,2310021,Преображенська сільська громада,3.0,0.0,6.276,1.0,0.0,1.0,2.0,3.0,0,0.0,True,539.0,35.0,112.76,15.4
23,2310,2310023,Розівська селищна громада,1.0,5.0,1.349,1.0,0.0,0.0,0.0,3.0,7,0.852,False,,,,6.26
23,2310,2310025,Смирновська сільська громада,2.0,0.0,6.951,2.0,0.0,1.0,1.0,2.0,0,0.0,True,424.0,29.0,147.35,14.62
23,2310,2310027,Токмацька міська громада,1.0,6.0,0.212,0.0,0.0,0.0,0.0,12.0,0,0.0,True,3475.0,184.0,73.8,18.89
23,2310,2310029,Федорівська сільська громада,1.0,2.0,4.96,1.0,0.0,0.0,0.0,2.0,1,0.224,False,,,,11.57
26,2602,2602001,Білоберізька сільська громада,12.0,2.0,12.805,12.0,12.0,2.0,5.0,11.0,2,0.303,False,,,,11.74
26,2602,2602003,Верховинська селищна громада,21.0,1.0,9.321,16.0,20.0,2.0,4.0,20.0,4,0.1,False,,,,16.0
26,2602,2602005,Зеленська сільська громада,3.0,0.0,14.851,3.0,3.0,1.0,2.0,3.0,0,0.0,True,212.0,24.0,104.95,8.83
26,2604,2604001,Більшівцівська селищна громада,8.0,2.0,10.152,5.0,0.0,1.0,2.0,8.0,2,0.351,False,,,,11.59
26,2604,2604003,Богородчанська селищна громада,14.0,2.0,4.214,12.0,5.0,2.0,1.0,16.0,0,0.0,True,3622.0,199.0,109.03,18.2
26,2604,2604005,Букачівська селищна громада,3.0,3.0,10.55,2.0,0.0,1.0,0.0,5.0,0,0.0,True,341.0,30.0,119.92,11.37
26,2604,2604007,Бурштинська міська громада,10.0,2.0,3.921,7.0,0.0,2.0,5.0,9.0,2,0.061,False,,,,16.18
26,2604,2604009,Галицька міська громада,15.0,2.0,7.151,12.0,0.0,1.0,1.0,17.0,0,0.0,True,2312.0,174.0,110.21,13.29
26,2604,2604011,Дзвиняцька сільська громада,5.0,0.0,9.572,5.0,5.0,0.0,0.0,4.0,8,0.639,False,,,,15.17
26,2604,2604013,Дубівці,6.0,4.0,7.948,6.0,0.0,2.0,4.0,7.0,0,0.0,True,731.0,58.0,96.84,12.6
26,2604,2604015,Єзупільська селищна громада,3.0,0.0,7.857,2.0,0.0,2.0,1.0,4.0,0,0.0,True,650.0,44.0,170.24,14.77
26,2604,2604017,Загвіздянська сільська громада,2.0,0.0,4.551,2.0,0.0,0.0,0.0,2.0,0,0.0,True,738.0,37.0,167.92,19.95
26,2604,2604019,Івано-Франківська міська громада,65.0,2.0,2.301,21.0,0.0,0.0,0.0,52.0,7,0.061,False,,,,26.82
26,2604,2604021,Лисецька селищна громада,3.0,0.0,7.264,2.0,0.0,0.0,0.0,3.0,0,0.0,True,825.0,48.0,199.77,17.19
26,2604,2604023,Обертинська селищна громада,7.0,0.0,7.154,3.0,0.0,1.0,3.0,7.0,0,0.0,True,858.0,77.0,87.69,11.14
26,2604,2604025,Олешанська сільська громада,9.0,0.0,11.832,9.0,0.0,2.0,3.0,8.0,9,0.737,False,,,,12.61
26,2604,2604027,Рогатинська міська громада,25.0,22.0,6.99,21.0,0.0,4.0,2.0,41.0,2,0.09,False,,,,13.65
26,2604,2604029,Солотвинська селищна громада,13.0,0.0,5.17,12.0,13.0,1.0,1.0,11.0,2,0.086,False,,,,18.47
26,2604,2604031,Старобогородчанська сільська громада,3.0,0.0,5.521,3.0,1.0,1.0,2.0,5.0,0,0.0,True,550.0,39.0,101.23,14.1
26,2604,2604033,Тисменицька міська громада,16.0,0.0,8.998,15.0,0.0,5.0,11.0,12.0,9,0.234,False,,,,17.21
26,2604,2604035,Тлумацька міська громада,17.0,3.0,6.037,14.0,0.0,3.0,7.0,19.0,0,0.0,True,3223.0,260.0,114.45,12.4
26,2604,2604037,Угринівська сільська громада,2.0,0.0,1.983,2.0,0.0,0.0,0.0,2.0,0,0.0,True,574.0,30.0,56.92,19.13
26,2604,2604039,Ямницька сільська громада,5.0,0.0,8.001,5.0,0.0,0.0,0.0,5.0,0,0.0,True,930.0,59.0,148.82,15.76
26,2606,2606001,Болехівська міська громада,7.0,0.0,3.17,5.0,5.0,0.0,0.0,6.0,2,0.141,False,,,,20.55
26,2606,2606003,Брошнів-Осадська селищна громада,5.0,0.0,3.639,4.0,2.0,0.0,0.0,5.0,0,0.0,True,1236.0,70.0,89.96,17.66
26,2606,2606005,Верхнянська сільська громада,7.0,0.0,8.024,7.0,0.0,0.0,0.0,7.0,0,0.0,True,884.0,64.0,101.34,13.81
26,2606,2606007,Вигодська селищна громада,14.0,0.0,9.026,12.0,13.0,0.0,0.0,11.0,6,0.326,False,,,,14.1
26,2606,2606009,Витвицька сільська громада,6.0,0.0,25.571,6.0,6.0,0.0,0.0,5.0,0,0.0,True,476.0,42.0,202.86,11.33
26,2606,2606011,Войнилівська селищна громада,8.0,1.0,11.651,7.0,0.0,1.0,2.0,9.0,0,0.0,True,800.0,67.0,116.51,11.94
26,2606,2606013,Долинська міська громада,24.0,0.0,4.644,17.0,18.0,0.0,0.0,16.0,13,0.639,False,,,,15.21
26,2606,2606015,Дубівська сільська громада,6.0,0.0,10.774,6.0,6.0,1.0,0.0,6.0,0,0.0,True,751.0,66.0,134.85,11.38
26,2606,2606017,Калуська міська громада,24.0,0.0,2.447,11.0,0.0,1.0,2.0,23.0,2,0.035,True,9491.0,424.0,96.76,22.38
26,2606,2606019,Новицька сільська громада,8.0,0.0,5.81,8.0,0.0,0.0,0.0,7.0,2,0.067,False,,,,14.87
26,2606,2606021,Перегінська селищна громада,12.0,0.0,3.815,6.0,12.0,1.0,4.0,12.0,0,0.0,True,3444.0,168.0,109.49,20.5
26,2606,2606023,Рожнятівська селищна громада,10.0,0.0,6.424,9.0,6.0,1.0,0.0,11.0,2,0.116,False,,,,18.17
26,2606,2606025,Спаська сільська громада,5.0,0.0,10.745,5.0,4.0,1.0,1.0,5.0,3,0.615,False,,,,10.97
26,2608,2608001,Гвіздецька селищна громада,3.0,1.0,4.524,2.0,0.0,1.0,0.0,3.0,2,0.069,False,,,,18.89
26,2608,2608003,Городенківська міська громада,28.0,0.0,5.423,25.0,0.0,2.0,7.0,26.0,9,0.218,False,,,,14.55
26,2608,2608005,Заболотівська селищна громада,17.0,0.0,9.049,15.0,0.0,3.0,0.0,13.0,4,0.238,False,,,,15.66
26,2608,2608007,Коломийська міська територіальна громада,20.0,0.0,2.509,7.0,0.0,5.0,10.0,19.0,0,0.0,True,9715.0,407.0,121.86,23.87
26,2608,2608009,Коршівська сільська громада,6.0,0.0,9.049,6.0,0.0,1.0,3.0,6.0,0,0.0,True,1083.0,78.0,163.34,13.88
26,2608,2608011,Матеївецька сільська громада,7.0,0.0,7.564,6.0,0.0,2.0,2.0,7.0,0,0.0,True,1095.0,79.0,118.32,13.86
26,2608,2608013,Нижньовербізька сільська громада,6.0,0.0,4.71,6.0,0.0,0.0,0.0,4.0,3,0.37,False,,,,18.76
26,2608,2608015,Отинійська селищна громада,12.0,0.0,6.881,11.0,0.0,1.0,0.0,10.0,8,0.463,False,,,,17.45
26,2608,2608017,Печеніжинська селищна громада,11.0,0.0,8.102,8.0,9.0,0.0,0.0,8.0,2,0.083,False,,,,16.91
26,2608,2608019,Підгайчиківська сільська громада,4.0,0.0,3.697,4.0,0.0,0.0,0.0,4.0,0,0.0,True,509.0,35.0,47.05,14.54
26,2608,2608021,П'ядицька сільська громада,6.0,0.0,5.108,6.0,0.0,0.0,2.0,6.0,0,0.0,True,1119.0,71.0,95.26,15.76
26,2608,2608023,Снятинська міська громада,28.0,1.0,5.956,24.0,0.0,5.0,10.0,28.0,0,0.0,True,5489.0,371.0,116.75,14.8
26,2608,2608025,Чернелицька селищна громада,7.0,0.0,15.38,6.0,0.0,0.0,4.0,6.0,0,0.0,True,433.0,49.0,95.13,8.84
26,2610,2610001,Косівська міська громада,18.0,1.0,4.343,14.0,15.0,0.0,0.0,18.0,5,0.267,False,,,,19.3
26,2610,2610003,Космацька сільська громада,5.0,0.0,21.344,5.0,5.0,1.0,0.0,1.0,8,0.907,False,,,,14.11
26,2610,2610005,Кутська селищна громада,9.0,0.0,3.767,8.0,7.0,1.0,3.0,8.0,3,0.111,False,,,,16.59
26,2610,2610007,Рожнівська сільська громада,4.0,0.0,2.312,4.0,0.0,0.0,0.0,4.0,0,0.0,True,1600.0,77.0,92.48,20.78
26,2610,2610009,Яблунівська селищна громада,11.0,0.0,15.092,10.0,11.0,0.0,0.0,9.0,2,0.208,False,,,,13.13
26,2612,2612001,Ворохтянська селищна громада,2.0,0.0,4.286,1.0,2.0,0.0,0.0,2.0,0,0.0,True,782.0,38.0,167.58,20.58
26,2612,2612003,Делятинська селищна громада,8.0,1.0,5.027,4.0,8.0,1.0,1.0,9.0,0,0.0,True,2660.0,142.0,167.15,18.73
26,2612,2612005,Ланчинська селищна територіальна громада,4.0,0.0,3.187,2.0,2.0,0.0,0.0,4.0,0,0.0,True,1245.0,67.0,99.18,18.58
26,2612,2612007,Надвірнянська міська громада,16.0,1.0,3.059,10.0,14.0,0.0,0.0,18.0,0,0.0,True,6002.0,271.0,114.74,22.15
26,2612,2612009,Пасічнянська сільська громада,14.0,0.0,11.608,11.0,14.0,1.0,4.0,14.0,0,0.0,True,2634.0,155.0,218.4,16.99
26,2612,2612011,Переріслянська сільська громада,5.0,0.0,7.544,5.0,0.0,0.0,0.0,5.0,0,0.0,True,1213.0,64.0,183.02,18.95
26,2612,2612013,Поляницька сільська громада,4.0,0.0,4.587,4.0,4.0,0.0,0.0,1.0,4,0.817,False,,,,17.55
26,2612,2612015,Яремчанська міська громада,3.0,0.0,1.482,1.0,3.0,2.0,0.0,4.0,0,0.0,True,1916.0,87.0,94.64,22.02
32,3202,3202001,Білоцерківська міська громада,40.0,1.0,1.744,6.0,0.0,1.0,0.0,41.0,0,0.0,True,22142.0,859.0,96.52,25.78
32,3202,3202003,Володарська селищна громада,8.0,9.0,4.857,5.0,0.0,2.0,2.0,16.0,0,0.0,True,1906.0,150.0,115.72,12.71
32,3202,3202005,Гребінківська селищна громада,7.0,0.0,8.306,3.0,0.0,1.0,1.0,7.0,0,0.0,True,1536.0,90.0,182.26,17.07
32,3202,3202007,Ковалівська сільська громада,6.0,0.0,14.519,6.0,0.0,1.0,1.0,5.0,6,0.472,False,,,,13.48
32,3202,3202009,Маловільшанська сільська громада,8.0,2.0,16.525,8.0,0.0,2.0,3.0,8.0,3,0.267,False,,,,9.55
32,3202,3202011,Медвинська сільська громада,3.0,0.0,7.892,3.0,0.0,1.0,1.0,3.0,0,0.0,True,317.0,24.0,83.4,13.21
32,3202,3202013,Рокитнянська селищна громада,16.0,2.0,6.203,10.0,0.0,1.0,1.0,18.0,0,0.0,True,3131.0,194.0,121.38,16.14
32,3202,3202015,Сквирська міська громада,17.0,0.0,5.152,12.0,0.0,2.0,3.0,19.0,0,0.0,True,3333.0,234.0,101.0,14.24
32,3202,3202017,Ставищенська селищна громада,13.0,0.0,5.865,11.0,0.0,2.0,0.0,18.0,7,0.373,False,,,,12.32
32,3202,3202019,Таращанська міська громада,16.0,0.0,5.816,12.0,0.0,1.0,0.0,20.0,2,0.012,True,2836.0,226.0,103.09,12.55
32,3202,3202021,Тетіївська міська громада,13.0,7.0,4.17,9.0,0.0,6.0,1.0,23.0,0,0.0,True,3644.0,311.0,116.89,11.72
32,3202,3202023,Узинська міська громада,11.0,0.0,12.183,7.0,0.0,2.0,1.0,9.0,7,0.482,False,,,,16.09
32,3202,3202025,Фурсівська сільська громада,7.0,0.0,5.346,7.0,0.0,1.0,1.0,6.0,2,0.123,False,,,,13.78
32,3204,3204001,Бориспільська міська громада,17.0,0.0,2.815,6.0,0.0,0.0,0.0,16.0,4,0.139,False,,,,26.76
32,3204,3204003,Вороньківська сільська громада,7.0,0.0,5.131,7.0,0.0,2.0,0.0,7.0,0,0.0,True,1568.0,91.0,114.93,17.23
32,3204,3204005,Гірська сільська громада,3.0,0.0,3.046,3.0,0.0,1.0,1.0,3.0,0,0.0,True,1074.0,49.0,109.05,21.92
32,3204,3204007,Дівичківська сільська громада,4.0,0.0,12.452,4.0,0.0,0.0,0.0,4.0,0,0.0,True,447.0,37.0,139.15,12.08
32,3204,3204009,Золочівська сільська громада,3.0,1.0,1.714,2.0,0.0,1.0,0.0,3.0,0,0.0,True,1091.0,53.0,62.32,20.58
32,3204,3204011,Переяславська міська громада,14.0,0.0,3.251,5.0,0.0,0.0,0.0,4.0,2,0.25,False,,,,10.77
32,3204,3204013,Пристолична сільська громада,6.0,0.0,3.94,5.0,0.0,1.0,1.0,5.0,0,0.0,True,2576.0,106.0,169.16,24.3
32,3204,3204015,Студениківська сільська громада,5.0,0.0,9.963,5.0,0.0,1.0,0.0,4.0,2,0.304,False,,,,12.3
32,3204,3204017,Ташанська сільська громада,4.0,0.0,20.539,4.0,0.0,0.0,0.0,5.0,0,0.0,True,343.0,43.0,176.12,7.98
32,3204,3204019,Циблівська сільська громада,3.0,0.0,11.729,3.0,0.0,1.0,0.0,4.0,0,0.0,True,506.0,46.0,197.83,11.0
32,3204,3204021,Яготинська міська громада,14.0,0.0,4.33,11.0,0.0,4.0,3.0,16.0,5,0.154,False,,,,15.76
32,3206,3206001,Баришівська селищна громада,13.0,0.0,4.128,11.0,0.0,3.0,5.0,16.0,0,0.0,True,3417.0,223.0,108.51,15.32
32,3206,3206003,Березанська міська громада,9.0,1.0,4.945,5.0,0.0,2.0,1.0,10.0,0,0.0,True,2789.0,142.0,153.23,19.64
32,3206,3206005,Броварська міська громада,23.0,0.0,1.475,2.0,0.0,0.0,0.0,17.0,2,0.046,True,17673.0,632.0,113.34,27.96
32,3206,3206007,Великодимерська селищна громада,11.0,0.0,5.001,10.0,0.0,1.0,2.0,9.0,7,0.455,False,,,,21.0
32,3206,3206009,Зазимська сільська громада,6.0,0.0,3.969,5.0,0.0,1.0,0.0,4.0,2,0.262,False,,,,18.35
32,3206,3206011,Згурівська селищна громада,13.0,0.0,8.42,11.0,0.0,3.0,1.0,13.0,1,0.012,True,1709.0,128.0,110.69,13.35
32,3206,3206013,Калинівка,2.0,0.0,1.698,1.0,0.0,1.0,0.0,,5,1.0,False,,,,
32,3206,3206015,Калитянська селищна громада,5.0,0.0,9.938,4.0,0.0,1.0,0.0,5.0,0,0.0,True,1238.0,74.0,246.06,16.73
32,3208,3208001,Білогородська сільська громада,12.0,0.0,5.504,12.0,0.0,1.0,1.0,10.0,2,0.155,False,,,,23.13
32,3208,3208003,Бородянська селищна громада,13.0,0.0,4.908,9.0,0.0,2.0,3.0,14.0,0,0.0,True,3132.0,189.0,118.25,16.57
32,3208,3208005,Борщагівська сільська громада,20.0,2.0,4.253,8.0,0.0,3.0,1.0,9.0,0,0.0,True,7280.0,268.0,154.81,27.16
32,3208,3208007,Бучанська міська громада,21.0,0.0,5.002,6.0,0.0,1.0,1.0,21.0,0,0.0,True,10000.0,433.0,238.19,23.09
32,3208,3208009,Вишнева міська громада,12.0,0.0,4.543,2.0,0.0,0.0,0.0,7.0,0,0.0,True,9045.0,307.0,342.4,29.46
32,3208,3208011,Гостомельська селищна громада,7.0,1.0,3.24,2.0,0.0,1.0,1.0,7.0,0,0.0,True,2654.0,120.0,122.83,22.12
32,3208,3208013,Дмитрівська сільська громада,4.0,0.0,4.885,4.0,0.0,0.0,0.0,2.0,2,0.375,False,,,,23.75
32,3208,3208015,Ірпінська міська громада,21.0,3.0,4.509,2.0,0.0,1.0,0.0,19.0,0,0.0,True,11873.0,464.0,254.91,25.59
32,3208,3208017,Коцюбинська селищна громада,2.0,0.0,1.121,0.0,0.0,0.0,0.0,3.0,0,0.0,True,1762.0,70.0,98.73,25.17
32,3208,3208019,Макарівська селищна громада,20.0,2.0,6.85,17.0,0.0,2.0,0.0,23.0,3,0.077,False,,,,14.15
32,3208,3208021,Немішаївська селищна громада,4.0,0.0,2.83,1.0,0.0,1.0,0.0,4.0,0,0.0,True,2147.0,89.0,151.92,24.12
32,3208,3208023,Пісківська селищна громада,4.0,0.0,5.56,1.0,0.0,0.0,0.0,4.0,0,0.0,True,1070.0,52.0,148.73,20.58
32,3210,3210001,Вишгородська міська громада,11.0,0.0,4.63,1.0,0.0,0.0,0.0,9.0,0,0.0,True,5246.0,203.0,220.83,25.84
32,3210,3210003,Димерська селищна громада,9.0,0.0,5.728,7.0,0.0,1.0,0.0,8.0,2,0.066,False,,,,18.98
32,3210,3210005,Іванківська селищна громада,18.0,1.0,9.991,15.0,0.0,2.0,2.0,16.0,5,0.572,False,,,,9.13
32,3210,3210007,Петрівська сільська громада,5.0,0.0,2.997,4.0,0.0,0.0,0.0,5.0,0,0.0,True,2083.0,89.0,124.85,23.4
32,3210,3210009,Пірнівська сільська громада,7.0,0.0,5.907,6.0,0.0,2.0,1.0,5.0,3,0.702,False,,,,14.16
32,3210,3210011,Поліська селищна громада,6.0,0.0,12.381,5.0,0.0,2.0,2.0,6.0,5,0.538,False,,,,7.57
32,3210,3210013,Славутицька міська громада,5.0,0.0,2.133,0.0,0.0,0.0,0.0,5.0,0,0.0,True,2150.0,88.0,91.72,24.43
32,3212,3212001,Богуславська міська громада,8.0,3.0,2.734,5.0,0.0,3.0,0.0,12.0,0,0.0,True,2656.0,169.0,90.78,15.72
32,3212,3212003,Васильківська міська громада,18.0,1.0,4.537,9.0,0.0,1.0,0.0,17.0,5,0.098,False,,,,19.38
32,3212,3212005,Кагарлицька міська громада,12.0,2.0,4.142,8.0,0.0,4.0,0.0,13.0,1,0.002,True,2817.0,163.0,97.23,17.28
32,3212,3212007,Козинська селищна громада,6.0,1.0,2.336,3.0,0.0,0.0,0.0,3.0,4,0.55,False,,,,15.78
32,3212,3212009,Миронівська міська громада,13.0,0.0,3.899,10.0,0.0,5.0,0.0,18.0,7,0.268,False,,,,15.58
32,3212,3212011,Обухів,15.0,1.0,5.565,9.0,0.0,2.0,2.0,13.0,7,0.077,False,,,,23.11
32,3212,3212013,Ржищівська міська громада,7.0,3.0,5.606,5.0,0.0,3.0,2.0,10.0,0,0.0,True,1612.0,132.0,129.09,12.21
32,3212,3212015,Українська міська громада,7.0,0.0,3.878,5.0,0.0,1.0,2.0,7.0,0,0.0,True,2606.0,132.0,144.35,19.74
32,3212,3212017,Феодосіївська сільська громада,6.0,1.0,4.843,6.0,0.0,1.0,1.0,6.0,0,0.0,True,2073.0,93.0,167.33,22.29
32,3214,3214001,Бишівська сільська громада,9.0,1.0,13.496,8.0,0.0,1.0,1.0,5.0,4,0.307,False,,,,12.88
32,3214,3214003,Боярська міська громада,21.0,1.0,6.82,8.0,0.0,2.0,2.0,15.0,8,0.322,False,,,,23.22
32,3214,3214005,Гатненська сільська громада,7.0,1.0,5.342,5.0,0.0,1.0,0.0,6.0,0,0.0,True,1570.0,81.0,119.82,19.38
32,3214,3214007,Глеваська селищна громада,6.0,0.0,3.642,2.0,0.0,0.0,0.0,5.0,0,0.0,True,2382.0,97.0,144.61,24.56
32,3214,3214009,Калинівська селищна громада,7.0,0.0,4.131,5.0,0.0,1.0,1.0,5.0,3,0.663,False,,,,18.58
32,3214,3214011,Кожанська селищна громада,7.0,1.0,13.032,5.0,0.0,1.0,2.0,8.0,2,0.517,False,,,,8.61
32,3214,3214013,Томашівська сільська громада,2.0,0.0,4.999,2.0,0.0,1.0,0.0,4.0,0,0.0,True,468.0,48.0,116.97,9.75
32,3214,3214015,Фастівська міська громада,21.0,1.0,3.258,7.0,0.0,1.0,0.0,22.0,0,0.0,True,8554.0,376.0,132.73,22.75
32,3214,3214017,Чабанівська селищна громада,3.0,0.0,3.912,1.0,0.0,0.0,0.0,,3,1.0,False,,,,
35,3502,3502001,Благовіщенська міська громада,18.0,0.0,8.507,11.0,0.0,2.0,5.0,17.0,3,0.087,False,,,,11.4
35,3502,3502003,Вільшанська селищна громада,7.0,4.0,6.668,6.0,0.0,3.0,4.0,9.0,5,0.69,False,,,,8.17
35,3502,3502005,Гайворонська міська громада,8.0,0.0,2.536,3.0,0.0,3.0,2.0,15.0,0,0.0,True,2975.0,228.0,94.32,13.05
35,3502,3502007,Голованівська селищна громада,10.0,4.0,5.595,0.0,0.0,1.0,9.0,14.0,0,0.0,True,1920.0,158.0,107.42,12.15
35,3502,3502009,Заваллівська селищна громада,5.0,0.0,5.372,3.0,0.0,1.0,0.0,6.0,0,0.0,True,997.0,78.0,107.12,12.78
35,3502,3502011,Надлацька сільська громада,3.0,2.0,11.437,3.0,0.0,1.0,2.0,2.0,6,0.705,False,,,,9.27
35,3502,3502013,Новоархангельська селищна громада,9.0,1.0,5.355,3.0,0.0,3.0,6.0,8.0,7,0.33,False,,,,12.96
35,3502,3502015,Перегонівська сільська громада,1.0,0.0,2.188,1.0,0.0,1.0,0.0,1.0,0,0.0,True,314.0,16.0,68.71,19.62
35,3502,3502017,Підвисоцька сільська громада,6.0,1.0,14.821,6.0,0.0,1.0,5.0,6.0,0,0.0,True,657.0,81.0,162.29,8.11
35,3502,3502019,Побузька селищна громада,3.0,0.0,3.667,0.0,0.0,1.0,2.0,5.0,0,0.0,True,1257.0,89.0,153.67,14.12
35,3504,3504001,Аджамська сільська громада,3.0,0.0,21.924,3.0,0.0,1.0,2.0,2.0,2,0.195,False,,,,16.07
35,3504,3504003,Бобринецька міська громада,3.0,0.0,2.313,0.0,0.0,1.0,1.0,5.0,0,0.0,True,1578.0,97.0,121.65,16.27
35,3504,3504005,Великосеверинівська сільська громада,4.0,0.0,21.073,4.0,0.0,1.0,1.0,3.0,2,0.221,False,,,,12.95
35,3504,3504007,Гурівська сільська громада,7.0,0.0,20.997,3.0,0.0,2.0,4.0,4.0,11,0.675,False,,,,8.89
35,3504,3504009,Дмитрівська сільська громада,4.0,0.0,14.024,4.0,0.0,1.0,3.0,4.0,0,0.0,True,770.0,66.0,269.96,11.67
35,3504,3504011,Долинська міська громада,12.0,1.0,4.326,3.0,0.0,2.0,4.0,9.0,11,0.532,False,,,,16.69
35,3504,3504013,Знам'янська міська громада,8.0,0.0,1.99,1.0,0.0,0.0,0.0,7.0,3,0.284,False,,,,20.4
35,3504,3504015,Катеринівська сільська громада,3.0,1.0,17.658,3.0,0.0,1.0,0.0,2.0,1,0.277,False,,,,10.08
35,3504,3504017,Кетрисанівська сільська громада,25.0,1.0,20.53,24.0,0.0,0.0,0.0,19.0,15,0.503,False,,,,7.83
35,3504,3504019,Компаніївська селищна громада,12.0,5.0,8.721,10.0,0.0,1.0,1.0,15.0,5,0.155,False,,,,9.56
35,3504,3504021,Кропивницька міська громада,45.0,2.0,1.831,0.0,0.0,1.0,0.0,41.0,0,0.0,True,26476.0,957.0,107.74,27.67
35,3504,3504023,Новгородківська селищна громада,11.0,1.0,7.922,8.0,0.0,2.0,9.0,8.0,2,0.141,False,,,,9.33
35,3504,3504025,Олександрівська селищна громада,20.0,4.0,7.668,13.0,0.0,5.0,15.0,16.0,9,0.59,False,,,,10.07
35,3504,3504027,Первозванівська сільська громада,7.0,0.0,12.904,6.0,0.0,2.0,5.0,6.0,2,0.021,True,1163.0,95.0,214.38,12.24
35,3504,3504029,Соколівська сільська громада,7.0,2.0,14.255,7.0,0.0,3.0,2.0,6.0,8,0.403,False,,,,8.7
35,3504,3504031,Суботцівська сільська громада,6.0,1.0,12.984,6.0,0.0,4.0,2.0,4.0,6,0.445,False,,,,15.12
35,3504,3504033,Устинівка,10.0,1.0,8.476,7.0,0.0,3.0,6.0,10.0,8,0.636,False,,,,10.21
35,3506,3506001,Ганнівська сільська громада,5.0,0.0,27.15,3.0,0.0,1.0,4.0,4.0,4,0.93,False,,,,2.04
35,3506,3506003,Глодоська сільська громада,2.0,0.0,6.587,2.0,0.0,1.0,1.0,1.0,1,0.167,False,,,,15.45
35,3506,3506005,Добровеличківська селищна громада,6.0,0.0,4.812,3.0,0.0,4.0,1.0,11.0,1,0.006,True,1685.0,121.0,135.14,13.93
35,3506,3506007,Злинська сільська громада,4.0,0.0,7.294,4.0,0.0,1.0,2.0,4.0,0,0.0,True,636.0,48.0,115.97,13.25
35,3506,3506009,Маловисківська міська громада,6.0,0.0,2.619,3.0,0.0,1.0,1.0,5.0,2,0.098,False,,,,17.18
35,3506,3506011,Мар'янівська сільська громада,3.0,0.0,6.361,3.0,0.0,0.0,0.0,2.0,3,0.348,False,,,,17.31
35,3506,3506013,Новомиргородська міська громада,21.0,3.0,7.452,13.0,0.0,4.0,6.0,16.0,8,0.268,False,,,,13.09
35,3506,3506015,Новоукраїнська міська громада,6.0,0.0,2.08,0.0,0.0,3.0,2.0,8.0,2,0.058,False,,,,17.24
35,3506,3506017,Піщанобрідська сільська громада,6.0,1.0,14.719,5.0,0.0,1.0,1.0,6.0,7,0.453,False,,,,8.75
35,3506,3506019,Помічнянська міська громада,3.0,0.0,2.194,0.0,0.0,1.0,0.0,4.0,0,0.0,True,1147.0,64.0,83.88,17.92
35,3506,3506021,Рівнянська сільська громада,7.0,0.0,11.8,5.0,0.0,2.0,2.0,8.0,5,0.225,False,,,,11.4
35,3506,3506023,Смолінська селищна громада,5.0,0.0,6.623,1.0,0.0,1.0,2.0,3.0,1,0.046,True,1295.0,60.0,171.52,21.58
35,3506,3506025,Тишківська сільська громада,4.0,0.0,22.072,4.0,0.0,1.0,3.0,1.0,5,1.0,False,,,,0.0
35,3508,3508001,Великоандрусівська сільська громада,5.0,1.0,37.7,5.0,0.0,1.0,2.0,4.0,6,0.367,False,,,,9.92
35,3508,3508003,Новопразька селищна громада,6.0,0.0,26.951,1.0,0.0,1.0,2.0,6.0,0,0.0,True,935.0,88.0,419.98,10.62
35,3508,3508005,Олександрійська міська громада,15.0,1.0,1.328,3.0,0.0,0.0,0.0,17.0,0,0.0,True,8744.0,361.0,77.39,24.22
35,3508,3508007,Онуфріївська селищна громада,7.0,1.0,4.071,5.0,0.0,2.0,0.0,12.0,0,0.0,True,1735.0,141.0,100.91,12.3
35,3508,3508009,Пантаївська селищна громада,4.0,0.0,36.555,1.0,0.0,1.0,1.0,4.0,0,0.0,True,658.0,48.0,601.33,13.71
35,3508,3508011,Петрівська селищна громада,13.0,0.0,11.986,10.0,0.0,4.0,6.0,7.0,12,0.695,False,,,,9.86
35,3508,3508013,Попельнастівська сільська громада,7.0,0.0,29.754,7.0,0.0,1.0,1.0,6.0,8,0.792,False,,,,10.3
35,3508,3508015,Приютівська селищна громада,9.0,0.0,21.292,7.0,0.0,1.0,1.0,10.0,1,0.037,True,1157.0,93.0,273.73,12.44
35,3508,3508017,Світловодська міська громада,12.0,0.0,1.941,5.0,0.0,1.0,4.0,16.0,2,0.018,True,5124.0,251.0,82.87,20.41
44,4402,4402005,Кадіївська міська громада,3.0,0.0,0.118,0.0,0.0,0.0,0.0,,0,,False,,,,
44,4410,4410001,Білокуракинська селищна громада,13.0,1.0,8.109,11.0,0.0,1.0,0.0,11.0,5,0.182,False,,,,12.99
44,4410,4410003,Коломийчиська сільська громада,1.0,3.0,5.783,1.0,0.0,0.0,0.0,4.0,0,0.0,True,192.0,25.0,111.04,7.68
44,4410,4410005,Красноріченська селищна громада,4.0,0.0,7.757,3.0,0.0,1.0,1.0,2.0,2,0.288,False,,,,15.48
44,4410,4410007,Лозно-Олександрівська селищна громада,5.0,0.0,14.396,3.0,0.0,0.0,0.0,4.0,3,0.759,False,,,,7.91
44,4410,4410009,Нижньодуванська селищна громада,4.0,2.0,9.147,3.0,0.0,0.0,0.0,4.0,0,0.0,True,309.0,25.0,70.66,12.36
44,4410,4410011,Сватівська міська громада,2.0,12.0,0.66,0.0,0.0,0.0,0.0,14.0,0,0.0,True,2640.0,169.0,87.15,15.62
44,4410,4410013,Троїцька селищна громада,16.0,0.0,10.001,13.0,0.0,2.0,2.0,12.0,6,0.639,False,,,,7.19
44,4412,4412001,Гірська міська громада,6.0,9.0,11.475,0.0,0.0,3.0,0.0,10.0,0,0.0,True,1589.0,114.0,303.89,13.94
44,4412,4412003,Кремінська міська громада,11.0,0.0,5.288,2.0,0.0,2.0,1.0,10.0,0,0.0,True,2667.0,135.0,128.22,19.76
44,4412,4412005,Лисичанська міська громада,23.0,4.0,1.853,0.0,0.0,1.0,0.0,25.0,3,0.062,False,,,,23.05
44,4412,4412007,Попаснянська міська громада,3.0,7.0,3.41,0.0,0.0,1.0,0.0,9.0,4,0.302,False,,,,15.77
44,4412,4412009,Рубіжанська міська громада,6.0,8.0,0.89,0.0,0.0,0.0,0.0,13.0,0,0.0,True,4986.0,213.0,73.95,23.41
44,4412,4412011,Сіверськодонецька міська громада,18.0,8.0,1.483,0.0,0.0,0.0,0.0,1.0,2,0.244,False,,,,21.88
44,4414,4414001,Біловодська селищна громада,2.0,11.0,0.901,0.0,0.0,1.0,0.0,11.0,2,0.087,False,,,,14.27
44,4414,4414003,Білолуцька селищна громада,8.0,0.0,9.637,6.0,0.0,0.0,0.0,8.0,0,0.0,True,772.0,60.0,93.0,12.87
44,4414,4414005,Марківська селищна громада,12.0,0.0,8.316,10.0,0.0,1.0,0.0,9.0,5,0.209,False,,,,11.82
44,4414,4414007,Мілівська селищна громада,9.0,1.0,14.592,7.0,0.0,1.0,1.0,8.0,2,0.081,False,,,,10.71
44,4414,4414009,Айдарська селищна територіальна громада,17.0,0.0,6.815,15.0,0.0,1.0,4.0,13.0,1,0.024,True,945.0,100.0,37.88,9.45
44,4414,4414011,Старобільська міська громада,16.0,1.0,4.982,9.0,0.0,1.0,0.0,13.0,5,0.079,False,,,,18.74
44,4414,4414013,Чмирівська сільська громада,6.0,0.0,7.664,6.0,0.0,1.0,1.0,5.0,2,0.17,False,,,,14.82
44,4414,4414015,Шульгинська сільська громада,1.0,2.0,2.982,1.0,0.0,1.0,0.0,4.0,0,0.0,True,453.0,57.0,135.1,7.95
44,4416,4416001,Нижньотеплівська сільська громада,6.0,0.0,15.505,6.0,0.0,2.0,1.0,4.0,0,0.0,True,446.0,44.0,115.26,10.14
44,4416,4416003,Новоайдарська селищна громада,2.0,11.0,0.932,0.0,0.0,1.0,0.0,12.0,2,0.084,False,,,,12.25
44,4416,4416005,Станично-Луганська селищна громада,9.0,0.0,3.842,5.0,0.0,2.0,2.0,7.0,1,0.017,True,1353.0,94.0,57.76,14.39
44,4416,4416007,Широківська селищна територіальна громада,5.0,0.0,17.776,2.0,0.0,0.0,0.0,5.0,0,0.0,True,496.0,47.0,176.34,10.55
44,4416,4416009,Щастинська міська громада,2.0,5.0,0.79,0.0,0.0,0.0,0.0,7.0,0,0.0,True,1501.0,82.0,59.31,18.3
46,4602,4602001,Бориславська міська громада,16.0,1.0,3.674,5.0,0.0,1.0,0.0,15.0,4,0.386,False,,,,22.55
46,4602,4602003,Дрогобицька міська громада,42.0,0.0,3.204,25.0,0.0,0.0,0.0,33.0,4,0.035,True,12414.0,547.0,94.71,22.69
46,4602,4602005,Меденицька селищна громада,14.0,1.0,12.292,13.0,0.0,0.0,0.0,12.0,6,0.22,False,,,,14.39
46,4602,4602007,Східницька селищна громада,12.0,2.0,11.327,9.0,11.0,0.0,0.0,12.0,4,0.097,False,,,,14.17
46,4602,4602009,Трускавецька міська громада,9.0,0.0,3.329,6.0,2.0,2.0,0.0,8.0,0,0.0,True,3479.0,157.0,128.67,22.16
46,4604,4604001,Бродівська міська громада,20.0,4.0,4.387,15.0,0.0,1.0,0.0,22.0,6,0.133,False,,,,18.71
46,4604,4604003,Буська міська громада,17.0,9.0,5.94,13.0,0.0,3.0,2.0,25.0,5,0.098,False,,,,15.39
46,4604,4604005,Заболотцівська сільська громада,7.0,1.0,13.263,6.0,0.0,1.0,2.0,6.0,3,0.272,False,,,,11.44
46,4604,4604007,Золочівська міська громада,27.0,7.0,5.35,21.0,0.0,4.0,5.0,31.0,6,0.061,False,,,,17.67
46,4604,4604009,Красненська селищна громада,14.0,0.0,6.936,12.0,0.0,2.0,7.0,10.0,3,0.555,False,,,,9.81
46,4604,4604011,Підкамінська селищна громада,12.0,5.0,16.283,10.0,0.0,1.0,1.0,13.0,2,0.313,False,,,,11.15
46,4604,4604013,Поморянська селищна громада,6.0,0.0,14.347,5.0,0.0,0.0,0.0,5.0,0,0.0,True,557.0,55.0,133.19,10.13
46,4606,4606001,Бібрська міська об'єднана територіальна громада,12.0,1.0,6.965,10.0,0.0,4.0,4.0,19.0,0,0.0,True,2110.0,169.0,122.48,12.49
46,4606,4606003,Великолюбінська селищна громада,6.0,0.0,6.631,4.0,0.0,1.0,1.0,9.0,1,0.015,True,1073.0,73.0,118.58,14.7
46,4606,4606005,Глинянська міська громада,5.0,0.0,4.595,4.0,0.0,1.0,1.0,6.0,0,0.0,True,1054.0,75.0,96.87,14.05
46,4606,4606007,Городок,24.0,4.0,5.737,20.0,0.0,1.0,2.0,23.0,2,0.038,True,4881.0,269.0,116.68,18.14
46,4606,4606009,Давидівська сільська громада,12.0,2.0,9.002,12.0,0.0,2.0,1.0,10.0,6,0.228,False,,,,16.59
46,4606,4606011,Добросинсько-Магерівська сільська громада,16.0,0.0,12.826,15.0,0.0,1.0,0.0,16.0,0,0.0,True,1850.0,126.0,148.3,14.68
46,4606,4606013,Жовківська міська громада,20.0,1.0,5.508,16.0,0.0,0.0,1.0,21.0,3,0.011,True,4787.0,263.0,131.84,18.2
46,4606,4606015,Жовтанецька сільська громада,8.0,1.0,7.102,8.0,0.0,2.0,1.0,10.0,0,0.0,True,1637.0,113.0,145.31,14.49
46,4606,4606017,Зимноводівська сільська громада,6.0,0.0,2.539,5.0,0.0,0.0,0.0,4.0,3,0.221,False,,,,24.44
46,4606,4606019,Кам'янка-Бузька міська громада,8.0,2.0,3.921,5.0,0.0,3.0,1.0,10.0,1,0.022,True,2453.0,128.0,120.22,19.16
46,4606,4606021,Комарно,8.0,0.0,10.79,7.0,0.0,2.0,0.0,10.0,0,0.0,True,1362.0,97.0,183.69,14.04
46,4606,4606023,Куликівська селищна громада,9.0,0.0,7.147,8.0,0.0,1.0,0.0,8.0,2,0.469,False,,,,12.09
46,4606,4606025,Львівська міська громада,177.0,0.0,2.267,9.0,0.0,2.0,1.0,156.0,10,0.052,False,,,,25.59
46,4606,4606027,Мурованська сільська громада,4.0,0.0,3.364,4.0,0.0,1.0,0.0,3.0,3,0.587,False,,,,14.79
46,4606,4606029,Новояричівська селищна громада,11.0,1.0,7.773,9.0,0.0,1.0,1.0,10.0,0,0.0,True,2367.0,125.0,167.26,18.94
46,4606,4606031,Оброшинська сільська громада,3.0,0.0,5.818,3.0,0.0,0.0,0.0,3.0,0,0.0,True,864.0,39.0,167.57,22.15
46,4606,4606033,Перемишлянська міська громада,18.0,2.0,7.9,16.0,0.0,4.0,4.0,26.0,3,0.205,False,,,,13.07
46,4606,4606035,Підберізцівська сільська громада,6.0,0.0,15.979,6.0,0.0,0.0,0.0,6.0,0,0.0,True,758.0,60.0,201.86,12.63
46,4606,4606037,Пустомитівська міська громада,6.0,0.0,6.605,3.0,0.0,0.0,0.0,5.0,0,0.0,True,2283.0,103.0,251.32,22.17
46,4606,4606039,Рава-Руська міська громада,13.0,0.0,4.292,9.0,0.0,0.0,0.0,14.0,4,0.202,False,,,,17.17
46,4606,4606041,Сокільницька сільська громада,3.0,0.0,3.054,3.0,0.0,0.0,0.0,3.0,0,0.0,True,634.0,35.0,64.54,18.11
46,4606,4606043,Солонківська сільська громада,8.0,0.0,6.508,8.0,0.0,2.0,3.0,7.0,1,0.033,True,1631.0,92.0,132.68,17.73
46,4606,4606045,Щирецька селищна громада,3.0,0.0,6.402,1.0,0.0,1.0,0.0,6.0,0,0.0,True,1311.0,76.0,279.76,17.25
46,4608,4608001,Бісковицька сільська громада,16.0,2.0,10.701,16.0,0.0,1.0,2.0,18.0,2,0.107,False,,,,12.94
46,4608,4608003,Боринська селищна громада,24.0,0.0,13.238,23.0,24.0,0.0,1.0,20.0,11,0.54,False,,,,12.98
46,4608,4608005,Добромильська міська громада,11.0,0.0,5.813,8.0,1.0,1.0,0.0,17.0,0,0.0,True,1621.0,129.0,85.66,12.57
46,4608,4608007,Новокалинівська міська громада,8.0,0.0,6.617,5.0,0.0,1.0,0.0,7.0,3,0.548,False,,,,13.99
46,4608,4608009,Ралівська сільська громада,13.0,1.0,9.72,12.0,0.0,3.0,5.0,11.0,7,0.319,False,,,,14.76
46,4608,4608011,Рудківська міська громада,18.0,0.0,7.39,16.0,0.0,0.0,0.0,22.0,4,0.136,False,,,,14.19
46,4608,4608013,Самбірська міська громада,13.0,0.0,3.175,3.0,0.0,0.0,0.0,14.0,0,0.0,True,4696.0,210.0,114.7,22.36
46,4608,4608015,Старосамбірська міська громада,13.0,1.0,5.066,10.0,2.0,1.0,0.0,17.0,0,0.0,True,2038.0,143.0,79.41,14.25
46,4608,4608017,Стрілківська сільська громада,10.0,9.0,10.018,10.0,0.0,3.0,1.0,14.0,0,0.0,True,1346.0,108.0,134.85,12.46
46,4608,4608019,Турківська міська громада,21.0,0.0,7.174,17.0,21.0,0.0,0.0,21.0,0,0.0,True,2624.0,188.0,89.64,13.96
46,4608,4608021,Хирівська міська громада,14.0,3.0,7.75,9.0,6.0,1.0,3.0,14.0,5,0.397,False,,,,12.77
46,4610,4610001,Гніздичівська селищна громада,5.0,1.0,7.696,3.0,0.0,0.0,0.0,5.0,0,0.0,True,690.0,54.0,106.2,12.78
46,4610,4610003,Грабовецько-Дулібівська сільська громада,9.0,0.0,10.403,9.0,1.0,0.0,0.0,7.0,3,0.411,False,,,,11.95
46,4610,4610005,Жидачівська міська громада,12.0,0.0,5.534,8.0,0.0,1.0,2.0,9.0,6,0.242,False,,,,17.9
46,4610,4610007,Журавненська селищна громада,7.0,0.0,11.691,5.0,0.0,1.0,0.0,8.0,4,0.267,False,,,,12.48
46,4610,4610009,Козівська сільська громада,17.0,0.0,37.48,17.0,16.0,2.0,6.0,14.0,5,0.503,False,,,,9.69
46,4610,4610011,Миколаївська міська громада,17.0,0.0,3.713,13.0,0.0,1.0,2.0,13.0,5,0.508,False,,,,14.84
46,4610,4610013,Моршинська міська громада,8.0,1.0,10.003,6.0,0.0,1.0,0.0,6.0,4,0.136,False,,,,18.09
46,4610,4610015,Новороздільська міська громада,10.0,0.0,4.06,4.0,0.0,1.0,1.0,9.0,1,0.016,True,3301.0,150.0,134.03,22.01
46,4610,4610017,Розвадівська сільська громада,7.0,0.0,4.833,7.0,0.0,0.0,0.0,6.0,2,0.328,False,,,,15.63
46,4610,4610019,Сколівська міська громада,14.0,2.0,4.634,9.0,12.0,1.0,1.0,15.0,2,0.127,False,,,,15.93
46,4610,4610021,Славська селищна громада,15.0,1.0,13.334,14.0,14.0,1.0,1.0,14.0,3,0.255,False,,,,12.09
46,4610,4610023,Стрийська міська громада,42.0,1.0,3.877,27.0,0.0,0.0,0.0,37.0,11,0.082,False,,,,21.65
46,4610,4610025,Тростянецька сільська громада,6.0,0.0,7.706,5.0,0.0,0.0,0.0,6.0,0,0.0,True,831.0,61.0,106.73,13.62
46,4610,4610027,Ходорівська міська громада,17.0,1.0,5.962,14.0,0.0,1.0,0.0,20.0,7,0.249,False,,,,12.86
46,4612,4612001,Белзька міська громада,13.0,0.0,10.318,11.0,0.0,1.0,2.0,12.0,4,0.37,False,,,,12.44
46,4612,4612003,Великомостівська міська громада,9.0,0.0,6.841,7.0,0.0,1.0,2.0,10.0,0,0.0,True,2233.0,115.0,169.74,19.42
46,4612,4612005,Добротвірська селищна громада,4.0,0.0,3.729,3.0,0.0,1.0,0.0,4.0,0,0.0,True,1096.0,58.0,102.16,18.9
46,4612,4612007,Лопатинська селищна громада,11.0,3.0,12.18,9.0,0.0,2.0,4.0,11.0,8,0.748,False,,,,10.43
46,4612,4612009,Радехівська міська громада,25.0,1.0,7.023,22.0,0.0,1.0,0.0,24.0,2,0.085,False,,,,15.07
46,4612,4612011,Сокальська міська громада,30.0,1.0,5.905,23.0,0.0,2.0,0.0,35.0,9,0.229,False,,,,16.64
46,4612,4612013,Шептицька міська громада,23.0,0.0,2.297,6.0,0.0,0.0,0.0,11.0,2,0.09,False,,,,19.59
46,4614,4614001,Івано-Франківська селищна громада,14.0,2.0,4.217,13.0,0.0,2.0,4.0,15.0,1,0.0,True,2436.0,138.0,73.37,17.65
46,4614,4614003,Мостиська міська громада,18.0,1.0,5.344,15.0,0.0,3.0,0.0,19.0,8,0.159,False,,,,15.8
46,4614,4614005,Новояворівська міська громада,15.0,0.0,3.52,9.0,0.0,0.0,0.0,17.0,0,0.0,True,7152.0,307.0,167.85,23.3
46,4614,4614007,Судововишнянська міська громада,7.0,0.0,5.464,4.0,0.0,0.0,0.0,6.0,3,0.1,False,,,,17.93
46,4614,4614009,Шегинівська сільська громада,9.0,0.0,10.045,9.0,0.0,0.0,0.0,10.0,3,0.465,False,,,,11.85
46,4614,4614011,Яворівська міська громада,39.0,0.0,7.362,31.0,0.0,3.0,2.0,33.0,15,0.408,False,,,,14.4
48,4802,4802001,Баштанська міська громада,12.0,0.0,4.77,9.0,0.0,2.0,4.0,11.0,3,0.079,False,,,,15.69
48,4802,4802003,Березнегуватська селищна громада,17.0,2.0,8.552,14.0,0.0,0.0,0.0,15.0,5,0.158,False,,,,13.16
48,4802,4802005,Вільнозапорізька сільська громада,4.0,0.0,9.139,4.0,0.0,0.0,0.0,4.0,3,0.634,False,,,,10.06
48,4802,4802007,Володимирівська сільська громада,1.0,0.0,3.461,1.0,0.0,1.0,0.0,,3,1.0,False,,,,
48,4802,4802009,Горохівська сільська громада,5.0,0.0,8.34,4.0,0.0,0.0,0.0,5.0,6,0.71,False,,,,11.51
48,4802,4802011,Інгульська сільська громада,7.0,0.0,8.724,6.0,0.0,2.0,0.0,7.0,0,0.0,True,884.0,64.0,110.17,13.81
48,4802,4802013,Казанківська селищна громада,12.0,0.0,7.206,7.0,0.0,0.0,0.0,11.0,8,0.335,False,,,,14.31
48,4802,4802015,Новобузька міська громада,5.0,0.0,2.261,0.0,0.0,1.0,0.0,8.0,1,0.004,True,2027.0,102.0,91.65,19.87
48,4802,4802017,Привільненська сільська громада,4.0,0.0,10.255,4.0,0.0,0.0,0.0,4.0,0,0.0,True,453.0,41.0,116.14,11.05
48,4802,4802019,Снігурівська міська громада,9.0,0.0,3.477,4.0,0.0,1.0,1.0,10.0,6,0.228,False,,,,16.73
48,4802,4802021,Софіївська сільська громада,5.0,1.0,12.774,5.0,0.0,1.0,1.0,3.0,6,0.731,False,,,,7.67
48,4802,4802023,Широківська селищна громада,4.0,0.0,11.391,3.0,0.0,0.0,0.0,4.0,0,0.0,True,475.0,43.0,135.27,11.05
48,4804,4804001,Братська селищна громада,9.0,3.0,5.917,7.0,0.0,0.0,0.0,6.0,15,0.446,False,,,,16.53
48,4804,4804003,Бузька сільська громада,5.0,0.0,7.92,4.0,0.0,0.0,0.0,3.0,3,0.433,False,,,,15.06
48,4804,4804005,Веселинівська селищна громада,11.0,0.0,5.898,8.0,0.0,3.0,3.0,10.0,9,0.254,False,,,,14.35
48,4804,4804007,Вознесенська міська територіальна громада,13.0,0.0,3.337,1.0,0.0,0.0,0.0,12.0,2,0.034,True,5202.0,219.0,133.54,23.75
48,4804,4804009,Доманівська селищна громада,10.0,0.0,6.094,5.0,0.0,2.0,5.0,5.0,11,0.497,False,,,,14.87
48,4804,4804011,Дорошівська сільська громада,3.0,0.0,7.117,3.0,0.0,0.0,0.0,3.0,0,0.0,True,472.0,31.0,111.97,15.23
48,4804,4804013,Єланецька селищна громада,12.0,0.0,7.991,10.0,0.0,2.0,2.0,12.0,9,0.412,False,,,,11.66
48,4804,4804015,Мостівська сільська громада,3.0,2.0,9.439,3.0,0.0,1.0,0.0,4.0,4,0.649,False,,,,11.22
48,4804,4804017,Новомар'ївська сільська громада,6.0,1.0,25.222,6.0,0.0,1.0,1.0,5.0,2,0.205,False,,,,10.02
48,4804,4804019,Олександрівка,4.0,0.0,3.94,3.0,0.0,0.0,0.0,3.0,4,0.728,False,,,,12.46
48,4804,4804021,Прибужанівська сільська громада,6.0,0.0,12.55,4.0,0.0,0.0,0.0,7.0,0,0.0,True,782.0,67.0,163.57,11.67
48,4804,4804023,Прибузька сільська громада,3.0,0.0,5.746,3.0,0.0,0.0,0.0,3.0,0,0.0,True,461.0,35.0,88.29,13.17
48,4804,4804025,Південноукраїнська міська громада,7.0,0.0,1.343,1.0,0.0,0.0,0.0,,7,1.0,False,,,,
48,4806,4806001,Березанська селищна громада,10.0,1.0,7.519,9.0,0.0,1.0,1.0,7.0,6,0.476,False,,,,12.64
48,4806,4806003,Веснянська сільська громада,8.0,0.0,26.995,5.0,0.0,0.0,0.0,6.0,7,0.355,False,,,,12.54
48,4806,4806005,Воскресенська селищна територіальна громада,6.0,0.0,7.619,4.0,0.0,0.0,0.0,4.0,3,0.353,False,,,,16.91
48,4806,4806007,Галицинівська сільська громада,5.0,0.0,6.99,5.0,0.0,1.0,0.0,3.0,4,0.469,False,,,,15.83
48,4806,4806009,Коблівська сільська громада,5.0,0.0,4.707,5.0,0.0,1.0,0.0,4.0,4,0.401,False,,,,13.76
48,4806,4806011,Костянтинівська сільська територіальна громада,7.0,0.0,10.929,7.0,0.0,0.0,0.0,5.0,3,0.3,False,,,,14.9
48,4806,4806013,Куцурубська сільська громада,4.0,0.0,4.47,4.0,0.0,1.0,1.0,4.0,0,0.0,True,852.0,63.0,95.21,13.52
48,4806,4806015,Миколаївська міська територіальна громада,75.0,0.0,1.425,0.0,0.0,1.0,0.0,82.0,0,0.0,True,48253.0,1778.0,91.7,27.14
48,4806,4806017,Мішково-Погорілівська сільська громада,5.0,0.0,7.868,3.0,0.0,1.0,0.0,5.0,0,0.0,True,1046.0,61.0,164.61,17.15
48,4806,4806019,Нечаянська сільська громада,3.0,0.0,12.624,2.0,0.0,0.0,0.0,3.0,4,0.38,False,,,,16.42
48,4806,4806021,Новоодеська міська громада,9.0,2.0,5.643,4.0,0.0,1.0,1.0,10.0,3,0.161,False,,,,17.91
48,4806,4806023,Ольшанська селищна громада,4.0,0.0,15.915,3.0,0.0,0.0,0.0,4.0,0,0.0,True,777.0,50.0,309.15,15.54
48,4806,4806025,Очаківська міська громада,5.0,1.0,3.087,1.0,0.0,0.0,0.0,5.0,2,0.06,False,,,,21.97
48,4806,4806027,Первомайська селищна громада,8.0,1.0,19.568,4.0,0.0,1.0,3.0,3.0,8,0.727,False,,,,9.93
48,4806,4806029,Радсадівська сільська громада,4.0,0.0,15.827,3.0,0.0,0.0,0.0,4.0,0,0.0,True,455.0,43.0,180.03,10.58
48,4806,4806031,Степівська сільська громада,8.0,1.0,15.641,8.0,0.0,0.0,0.0,10.0,5,0.436,False,,,,9.61
48,4806,4806033,Сухоєланецька сільська громада,5.0,0.0,19.638,5.0,0.0,1.0,2.0,2.0,5,0.59,False,,,,11.66
48,4806,4806035,Чорноморська сільська громада,3.0,0.0,6.076,3.0,0.0,0.0,0.0,3.0,0,0.0,True,556.0,36.0,112.6,15.44
48,4806,4806037,Шевченківська сільська громада,12.0,1.0,17.565,8.0,0.0,2.0,5.0,8.0,8,0.511,False,,,,13.25
48,4808,4808001,Арбузинська селищна громада,7.0,1.0,10.691,4.0,0.0,1.0,0.0,5.0,2,0.13,False,,,,17.84
48,4808,4808003,Благодатненська сільська громада,5.0,0.0,15.648,5.0,0.0,1.0,1.0,3.0,4,0.473,False,,,,13.97
48,4808,4808005,Врадіївська селищна громада,13.0,0.0,7.671,10.0,0.0,0.0,0.0,10.0,8,0.273,False,,,,15.12
48,4808,4808007,Кам'яномостівська сільська громада,7.0,0.0,9.367,6.0,0.0,0.0,0.0,6.0,3,0.205,False,,,,10.92
48,4808,4808009,Кривоозерська селищна громада,17.0,0.0,6.936,16.0,0.0,1.0,0.0,19.0,0,0.0,True,1815.0,169.0,74.06,10.74
48,4808,4808011,Мигіївська сільська громада,6.0,0.0,9.877,5.0,0.0,0.0,0.0,5.0,2,0.245,False,,,,13.61
48,4808,4808013,Первомайська міська громада,19.0,0.0,2.442,3.0,0.0,0.0,0.0,20.0,0,0.0,True,8461.0,359.0,108.76,23.57
48,4808,4808015,Синюхинобрідська сільська громада,3.0,0.0,9.695,3.0,0.0,0.0,0.0,3.0,1,0.062,False,,,,11.67
51,5102,5102001,Чернівська сільська територіальна громада,5.0,1.0,13.76,5.0,0.0,0.0,0.0,4.0,0,0.0,True,394.0,29.0,108.43,13.59
51,5102,5102003,Березівська міська громада,12.0,0.0,5.663,8.0,0.0,2.0,2.0,8.0,9,0.777,False,,,,9.86
51,5102,5102005,Великобуялицька сільська громада,3.0,0.0,5.643,1.0,0.0,1.0,0.0,1.0,0,0.0,True,252.0,14.0,47.4,18.0
51,5102,5102007,Знам'янська сільська громада,6.0,0.0,10.526,5.0,0.0,2.0,1.0,6.0,0,0.0,True,1135.0,72.0,199.12,15.76
51,5102,5102009,Іванівська селищна громада,5.0,0.0,5.089,4.0,0.0,2.0,0.0,5.0,0,0.0,True,1150.0,65.0,117.05,17.69
51,5102,5102011,Коноплянська сільська громада,7.0,0.0,11.953,7.0,0.0,1.0,0.0,7.0,2,0.153,False,,,,11.87
51,5102,5102013,Курісівська сільська громада,5.0,0.0,15.525,5.0,0.0,1.0,0.0,3.0,9,0.724,False,,,,15.67
51,5102,5102015,Миколаївська селищна громада,6.0,0.0,6.107,4.0,0.0,1.0,1.0,3.0,14,0.93,False,,,,8.24
51,5102,5102017,Новокальчівська сільська громада,5.0,0.0,13.032,5.0,0.0,0.0,0.0,3.0,10,0.827,False,,,,11.32
51,5102,5102019,Петровірівська сільська громада,4.0,0.0,12.598,4.0,0.0,1.0,2.0,5.0,0,0.0,True,678.0,47.0,213.54,14.43
51,5102,5102021,Раухівська селищна громада,5.0,0.0,8.617,4.0,0.0,1.0,2.0,4.0,11,0.712,False,,,,12.08
51,5102,5102023,Розквітівська сільська громада,3.0,0.0,7.642,3.0,0.0,0.0,0.0,3.0,0,0.0,True,459.0,30.0,116.92,15.3
51,5102,5102025,Старомаяківська сільська громада,4.0,0.0,11.37,4.0,0.0,0.0,0.0,3.0,6,0.779,False,,,,10.86
51,5102,5102027,Стрюківська сільська громада,3.0,0.0,15.187,3.0,0.0,1.0,0.0,1.0,8,0.771,False,,,,19.6
51,5102,5102029,Чогодарівська сільська громада,4.0,0.0,32.833,4.0,0.0,0.0,0.0,3.0,0,0.0,True,174.0,21.0,142.82,8.29
51,5102,5102031,Ширяївська селищна громада,4.0,0.0,2.729,3.0,0.0,1.0,0.0,5.0,2,0.236,False,,,,15.82
51,5104,5104001,Білгород-Дністровська міська громада,14.0,0.0,2.52,0.0,0.0,0.0,0.0,12.0,0,0.0,True,6247.0,235.0,112.45,26.58
51,5104,5104003,Дивізійська сільська громада,5.0,0.0,14.375,5.0,0.0,0.0,0.0,3.0,3,0.441,False,,,,12.86
51,5104,5104005,Кароліно-Бугазька сільська громада,3.0,0.0,2.737,2.0,0.0,0.0,0.0,3.0,0,0.0,True,492.0,30.0,44.89,16.4
51,5104,5104007,Кулевчанська сільська громада,3.0,0.0,4.215,3.0,0.0,1.0,1.0,2.0,2,0.569,False,,,,14.25
51,5104,5104009,Лиманська сільська громада,3.0,0.0,5.144,3.0,0.0,0.0,0.0,2.0,3,0.539,False,,,,15.83
51,5104,5104011,Маразліївська сільська громада,5.0,0.0,15.991,5.0,0.0,1.0,2.0,4.0,3,0.382,False,,,,15.52
51,5104,5104013,Мологівська сільська громада,6.0,0.0,4.283,6.0,0.0,1.0,2.0,7.0,0,0.0,True,2211.0,118.0,157.83,18.74
51,5104,5104015,Петропавлівська сільська громада,5.0,1.0,8.916,5.0,0.0,0.0,0.0,5.0,8,0.653,False,,,,12.33
51,5104,5104017,Плахтіївська сільська громада,4.0,0.0,6.134,4.0,0.0,0.0,0.0,4.0,1,0.01,True,610.0,43.0,93.54,14.19
51,5104,5104019,Саратська селищна громада,10.0,0.0,4.375,8.0,0.0,1.0,1.0,5.0,13,0.556,False,,,,13.95
51,5104,5104021,Сергіївська селищна громада,4.0,0.0,6.287,3.0,0.0,0.0,0.0,,11,1.0,False,,,,
51,5104,5104023,Старокозацька сільська громада,12.0,0.0,12.028,12.0,0.0,3.0,3.0,9.0,12,0.432,False,,,,17.74
51,5104,5104025,Татарбунарська міська громада,10.0,0.0,3.907,8.0,0.0,0.0,0.0,10.0,0,0.0,True,3004.0,170.0,117.36,17.67
51,5104,5104027,Тузлівська сільська громада,2.0,0.0,5.625,2.0,0.0,0.0,0.0,2.0,0,0.0,True,340.0,21.0,95.63,16.19
51,5104,5104029,Успенівська сільська громада,6.0,0.0,10.081,6.0,0.0,0.0,0.0,4.0,0,0.0,True,585.0,41.0,98.29,14.27
51,5104,5104031,Шабівська сільська громада,7.0,0.0,3.972,7.0,0.0,2.0,2.0,9.0,1,0.002,True,2415.0,150.0,137.04,16.1
51,5106,5106001,Арцизька міська громада,14.0,0.0,3.943,10.0,0.0,2.0,2.0,11.0,3,0.202,False,,,,17.11
51,5106,5106003,Болградська міська громада,9.0,0.0,3.13,5.0,0.0,1.0,0.0,9.0,3,0.218,False,,,,18.23
51,5106,5106005,Буджацька селищна територіальна громада,16.0,1.0,14.047,15.0,0.0,4.0,4.0,13.0,16,0.657,False,,,,10.69
51,5106,5106007,Василівська сільська громада,4.0,0.0,3.546,4.0,0.0,1.0,0.0,4.0,5,0.597,False,,,,14.82
51,5106,5106009,Городненська сільська громада,4.0,0.0,3.383,4.0,0.0,0.0,0.0,2.0,10,0.793,False,,,,19.67
51,5106,5106011,Криничненська сільська громада,1.0,0.0,1.723,1.0,0.0,0.0,0.0,1.0,0,0.0,True,400.0,19.0,68.93,21.05
51,5106,5106013,Кубейська сільська громада,4.0,0.0,3.839,4.0,0.0,1.0,0.0,3.0,2,0.266,False,,,,14.87
51,5106,5106015,Павлівська сільська громада,6.0,0.0,14.333,6.0,0.0,1.0,4.0,5.0,8,0.783,False,,,,7.4
51,5106,5106017,Бессарабська селищна територіальна громада,16.0,0.0,6.557,12.0,0.0,0.0,1.0,8.0,8,0.69,False,,,,10.48
51,5106,5106019,Теплицька сільська громада,5.0,0.0,12.146,5.0,0.0,1.0,1.0,3.0,2,0.373,False,,,,13.73
51,5108,5108001,Вилківська міська громада,6.0,0.0,4.93,4.0,0.0,1.0,0.0,3.0,7,0.491,False,,,,20.96
51,5108,5108003,Ізмаїльська міська громада,19.0,0.0,2.968,0.0,0.0,0.0,0.0,17.0,0,0.0,True,9740.0,378.0,152.14,25.77
51,5108,5108005,Кілійська міська громада,15.0,0.0,4.193,9.0,0.0,2.0,0.0,11.0,19,0.538,False,,,,17.85
51,5108,5108007,Ренійська міська громада,12.0,0.0,3.166,7.0,0.0,1.0,1.0,11.0,6,0.296,False,,,,20.11
51,5108,5108009,Саф'янівська сільська громада,17.0,0.0,3.564,17.0,0.0,0.0,0.0,15.0,6,0.192,False,,,,18.12
51,5108,5108011,Катлабузька селищна територіальна громада,6.0,0.0,4.128,5.0,0.0,1.0,0.0,5.0,0,0.0,True,446.0,43.0,30.68,10.37
51,5110,5110001,Авангардівська селищна громада,5.0,0.0,5.042,2.0,0.0,0.0,0.0,4.0,0,0.0,True,2711.0,110.0,273.36,24.65
51,5110,5110003,Біляївська міська громада,9.0,0.0,7.458,6.0,0.0,0.0,0.0,8.0,2,0.157,False,,,,21.96
51,5110,5110005,Великодальницька сільська громада,4.0,0.0,4.889,3.0,0.0,0.0,0.0,4.0,0,0.0,True,2005.0,84.0,245.07,23.87
51,5110,5110007,Великодолинська селищна громада,5.0,0.0,3.495,1.0,0.0,1.0,0.0,5.0,0,0.0,True,2683.0,121.0,187.54,22.17
51,5110,5110009,Вигодянська сільська громада,7.0,0.0,11.007,7.0,0.0,0.0,0.0,5.0,8,0.608,False,,,,17.64
51,5110,5110011,Визирська сільська громада,6.0,0.0,5.074,6.0,0.0,2.0,2.0,3.0,5,0.689,False,,,,12.38
51,5110,5110013,Дальницька сільська громада,6.0,0.0,11.333,6.0,0.0,0.0,0.0,5.0,2,0.216,False,,,,19.49
51,5110,5110015,Дачненська сільська громада,4.0,0.0,2.877,4.0,0.0,0.0,0.0,4.0,0,0.0,True,1606.0,74.0,115.52,21.7
51,5110,5110017,Доброславська селищна громада,6.0,0.0,6.837,5.0,0.0,1.0,0.0,7.0,1,0.004,True,1696.0,94.0,193.27,18.04
51,5110,5110019,Красносільська сільська громада,5.0,0.0,3.045,5.0,0.0,0.0,0.0,6.0,0,0.0,True,1224.0,64.0,74.55,19.12
51,5110,5110021,Маяківська сільська громада,4.0,0.0,4.455,4.0,0.0,0.0,0.0,2.0,5,0.734,False,,,,19.21
51,5110,5110023,Нерубайська сільська громада,4.0,0.0,2.751,4.0,0.0,0.0,0.0,4.0,0,0.0,True,2948.0,105.0,202.72,28.08
51,5110,5110025,Овідіопольська селищна громада,4.0,0.0,4.261,2.0,0.0,0.0,0.0,3.0,6,0.357,False,,,,20.43
51,5110,5110027,Одеська міська громада,193.0,9.0,1.912,0.0,0.0,2.0,0.0,184.0,0,0.0,True,118096.0,4565.0,116.97,25.87
51,5110,5110029,Таїрівська селищна громада,4.0,0.0,0.73,2.0,0.0,0.0,0.0,4.0,0,0.0,True,1148.0,54.0,20.96,21.26
51,5110,5110031,Теплодарська міська громада,1.0,0.0,3.749,0.0,0.0,0.0,0.0,1.0,0,0.0,True,1184.0,47.0,443.87,25.19
51,5110,5110033,Усатівська сільська громада,5.0,0.0,3.143,4.0,0.0,0.0,0.0,5.0,0,0.0,True,2201.0,95.0,138.36,23.17
51,5110,5110035,Фонтанська сільська громада,7.0,0.0,1.677,5.0,0.0,1.0,0.0,6.0,7,0.434,False,,,,23.2
51,5110,5110037,Чорноморська міська громада,13.0,0.0,2.019,2.0,0.0,0.0,0.0,10.0,7,0.164,False,,,,26.33
51,5110,5110039,Чорноморське,2.0,0.0,10.428,1.0,0.0,0.0,0.0,1.0,0,0.0,True,646.0,29.0,336.81,22.28
51,5110,5110041,Південнівська міська громада,6.0,0.0,4.061,1.0,0.0,0.0,0.0,2.0,0,0.0,True,270.0,20.0,18.28,13.5
51,5110,5110043,Яськівська сільська громада,3.0,0.0,5.011,3.0,0.0,0.0,0.0,2.0,4,0.682,False,,,,18.3
51,5112,5112001,Ананьївська міська громада,14.0,4.0,5.898,11.0,0.0,4.0,9.0,17.0,9,0.281,False,,,,11.67
51,5112,5112003,Балтська міська громада,13.0,0.0,3.66,9.0,0.0,4.0,0.0,16.0,5,0.339,False,,,,16.99
51,5112,5112005,Долинська сільська громада,3.0,0.0,11.443,3.0,0.0,1.0,2.0,,9,1.0,False,,,,
51,5112,5112007,Зеленогірська селищна громада,4.0,0.0,5.794,3.0,0.0,1.0,0.0,4.0,0,0.0,True,792.0,50.0,114.72,15.84
51,5112,5112009,Кодимська міська громада,14.0,0.0,5.153,12.0,0.0,1.0,3.0,14.0,12,0.365,False,,,,13.39
51,5112,5112011,Куяльницька сільська громада,16.0,0.0,10.387,15.0,0.0,4.0,8.0,18.0,13,0.398,False,,,,10.95
51,5112,5112013,Любашівська селищна громада,12.0,0.0,5.12,10.0,0.0,2.0,4.0,9.0,12,0.521,False,,,,15.41
51,5112,5112015,Окнянська селищна громада,21.0,0.0,10.679,20.0,0.0,5.0,15.0,13.0,3,0.275,False,,,,13.18
51,5112,5112017,Піщанська сільська громада,3.0,0.0,7.79,3.0,0.0,1.0,0.0,3.0,0,0.0,True,466.0,30.0,121.0,15.53
51,5112,5112019,Подільська міська громада,8.0,0.0,1.494,1.0,0.0,1.0,0.0,12.0,0,0.0,True,5205.0,224.0,97.21,23.24
51,5112,5112021,Савранська селищна громада,13.0,0.0,8.423,12.0,0.0,2.0,5.0,12.0,3,0.208,False,,,,12.93
51,5112,5112023,Слобідська селищна громада,1.0,0.0,5.071,0.0,0.0,1.0,0.0,1.0,3,0.927,False,,,,5.86
51,5114,5114001,Великомихайлівська селищна громада,8.0,0.0,5.5,6.0,0.0,1.0,0.0,7.0,8,0.432,False,,,,16.32
51,5114,5114003,Великоплоске,4.0,0.0,9.851,4.0,0.0,1.0,0.0,5.0,0,0.0,True,472.0,45.0,116.24,10.49
51,5114,5114005,Затишанська селищна громада,3.0,0.0,4.69,2.0,0.0,1.0,0.0,2.0,0,0.0,True,791.0,36.0,123.66,21.97
51,5114,5114007,Захарівська селищна громада,12.0,0.0,8.884,11.0,0.0,1.0,0.0,9.0,13,0.625,False,,,,13.33
51,5114,5114009,Лиманська селищна громада,5.0,0.0,5.91,3.0,0.0,0.0,0.0,4.0,4,0.528,False,,,,20.07
51,5114,5114011,Новоборисівська сільська громада,4.0,0.0,9.096,4.0,0.0,1.0,0.0,3.0,0,0.0,True,560.0,37.0,127.34,15.14
51,5114,5114013,Роздільнянська міська громада,17.0,0.0,5.022,13.0,0.0,0.0,0.0,13.0,16,0.416,False,,,,17.22
51,5114,5114015,Степанівська сільська громада,4.0,0.0,7.959,4.0,0.0,2.0,2.0,4.0,4,0.397,False,,,,14.57
51,5114,5114017,Цебриківська селищна громада,4.0,0.0,6.258,2.0,0.0,1.0,0.0,3.0,3,0.416,False,,,,12.91
53,5302,5302001,Глобинська міська громада,17.0,0.0,5.814,13.0,0.0,2.0,5.0,16.0,4,0.087,False,,,,13.55
53,5302,5302003,Горішньоплавнівська міська громада,10.0,0.0,1.84,4.0,0.0,1.0,0.0,9.0,2,0.055,False,,,,25.25
53,5302,5302005,Градизька селищна громада,10.0,0.0,7.905,7.0,0.0,1.0,0.0,12.0,1,0.003,True,1489.0,125.0,117.7,11.91
53,5302,5302007,Кам'янопотоківська сільська громада,4.0,0.0,5.401,4.0,0.0,0.0,0.0,4.0,0,0.0,True,927.0,51.0,125.18,18.18
53,5302,5302009,Козельщинська селищна громада,10.0,0.0,6.347,9.0,0.0,1.0,0.0,10.0,0,0.0,True,1316.0,95.0,83.53,13.85
53,5302,5302011,Кременчуцька міська громада,39.0,2.0,1.652,2.0,0.0,0.0,0.0,39.0,0,0.0,True,22706.0,831.0,96.2,27.32
53,5302,5302013,Новогалещинська селищна громада,1.0,2.0,7.675,0.0,0.0,1.0,0.0,1.0,6,0.43,False,,,,19.5
53,5302,5302015,Оболонська сільська громада,7.0,0.0,20.033,7.0,0.0,1.0,1.0,5.0,1,0.197,False,,,,11.11
53,5302,5302017,Омельницька сільська громада,2.0,0.0,5.19,2.0,0.0,0.0,0.0,2.0,0,0.0,True,368.0,23.0,95.49,16.0
53,5302,5302019,Піщанська сільська громада,9.0,0.0,14.472,9.0,0.0,1.0,0.0,7.0,4,0.531,False,,,,11.8
53,5302,5302021,Пришибська сільська громада,2.0,0.0,17.865,2.0,0.0,0.0,0.0,,2,1.0,False,,,,
53,5302,5302023,Семенівська селищна громада,8.0,0.0,4.075,6.0,0.0,2.0,0.0,11.0,1,0.007,True,1413.0,109.0,71.98,12.96
53,5304,5304001,Гребінківська міська громада,14.0,0.0,6.865,10.0,0.0,1.0,2.0,13.0,5,0.076,False,,,,14.88
53,5304,5304003,Лубенська міська громада,22.0,0.0,3.095,12.0,0.0,4.0,0.0,21.0,5,0.028,True,6994.0,332.0,98.39,21.07
53,5304,5304005,Новооржицька селищна громада,5.0,0.0,4.274,4.0,0.0,3.0,0.0,6.0,3,0.285,False,,,,12.5
53,5304,5304007,Оржицька селищна громада,15.0,0.0,9.683,14.0,0.0,1.0,1.0,13.0,2,0.094,False,,,,10.94
53,5304,5304009,Пирятинська міська громада,8.0,4.0,2.702,5.0,0.0,6.0,1.0,16.0,2,0.006,True,3369.0,239.0,113.78,14.1
53,5304,5304011,Хорольська міська громада,23.0,1.0,6.931,19.0,0.0,4.0,3.0,20.0,13,0.39,False,,,,13.14
53,5304,5304013,Чорнухинська селищна громада,5.0,0.0,4.974,4.0,0.0,2.0,1.0,8.0,3,0.03,True,844.0,63.0,83.95,13.4
53,5306,5306001,Білоцерківська сільська громада,7.0,0.0,14.432,7.0,0.0,0.0,0.0,7.0,2,0.165,False,,,,9.34
53,5306,5306003,Великобагачанська селищна громада,5.0,0.0,4.621,4.0,0.0,1.0,0.0,5.0,3,0.12,False,,,,16.12
53,5306,5306005,Великобудищанська сільська громада,5.0,1.0,6.16,5.0,0.0,1.0,0.0,3.0,4,0.561,False,,,,11.19
53,5306,5306007,Великосорочинська сільська громада,6.0,0.0,11.703,5.0,0.0,1.0,4.0,4.0,5,0.465,False,,,,11.43
53,5306,5306009,Гадяцька міська громада,7.0,0.0,2.487,2.0,0.0,2.0,1.0,7.0,0,0.0,True,2870.0,135.0,101.99,21.26
53,5306,5306011,Гоголівська селищна громада,2.0,1.0,3.919,1.0,0.0,1.0,0.0,1.0,4,0.793,False,,,,13.64
53,5306,5306013,Заводська міська громада,4.0,0.0,3.015,2.0,0.0,1.0,0.0,4.0,0,0.0,True,941.0,55.0,70.93,17.11
53,5306,5306015,Комишнянська селищна громада,6.0,0.0,18.68,5.0,0.0,1.0,0.0,5.0,4,0.498,False,,,,8.07
53,5306,5306017,Краснолуцька сільська громада,5.0,2.0,10.11,5.0,0.0,1.0,1.0,7.0,0,0.0,True,352.0,40.0,71.18,8.8
53,5306,5306019,Лохвицька міська громада,17.0,0.0,7.6,14.0,0.0,3.0,5.0,16.0,0,0.0,True,2379.0,191.0,106.35,12.46
53,5306,5306021,Лютенська сільська громада,4.0,0.0,7.806,4.0,0.0,1.0,0.0,4.0,0,0.0,True,416.0,31.0,81.19,13.42
53,5306,5306023,Миргородська міська громада,14.0,0.0,2.412,6.0,0.0,7.0,0.0,15.0,1,0.003,True,4966.0,247.0,85.56,20.11
53,5306,5306025,Петрівсько-Роменська сільська громада,4.0,0.0,14.373,4.0,0.0,0.0,2.0,4.0,0,0.0,True,295.0,27.0,106.0,10.93
53,5306,5306027,Ромоданівська селищна громада,2.0,0.0,7.206,1.0,0.0,2.0,0.0,2.0,0,0.0,True,422.0,25.0,152.04,16.88
53,5306,5306029,Сенчанська сільська громада,5.0,0.0,8.07,5.0,0.0,2.0,0.0,4.0,2,0.219,False,,,,13.26
53,5306,5306031,Сергіївська сільська громада,3.0,0.0,9.656,3.0,0.0,0.0,0.0,3.0,0,0.0,True,239.0,29.0,76.92,8.24
53,5306,5306033,Шишацька селищна громада,13.0,0.0,6.067,11.0,0.0,2.0,2.0,10.0,8,0.623,False,,,,10.94
53,5308,5308001,Білицька селищна громада,7.0,2.0,5.174,3.0,0.0,2.0,5.0,9.0,2,0.058,False,,,,11.72
53,5308,5308003,Великорублівська сільська громада,3.0,0.0,8.938,3.0,0.0,1.0,0.0,4.0,0,0.0,True,412.0,34.0,122.75,12.12
53,5308,5308005,Диканська селищна громада,11.0,0.0,6.558,9.0,0.0,2.0,4.0,11.0,3,0.189,False,,,,14.75
53,5308,5308007,Драбинівська сільська громада,4.0,1.0,11.657,4.0,0.0,0.0,0.0,4.0,0,0.0,True,317.0,41.0,92.38,7.73
53,5308,5308009,Зіньківська міська громада,15.0,0.0,6.328,12.0,0.0,3.0,12.0,15.0,8,0.285,False,,,,12.9
53,5308,5308011,Карлівська міська громада,9.0,0.0,3.756,4.0,0.0,1.0,0.0,6.0,6,0.233,False,,,,20.58
53,5308,5308013,Кобеляцька міська громада,13.0,0.0,4.802,9.0,0.0,2.0,0.0,12.0,5,0.124,False,,,,16.38
53,5308,5308015,Коломацька сільська громада,3.0,1.0,11.516,2.0,0.0,1.0,0.0,3.0,6,0.56,False,,,,11.54
53,5308,5308017,Котелевська селищна громада,5.0,0.0,3.029,2.0,0.0,3.0,1.0,5.0,0,0.0,True,1482.0,80.0,89.79,18.52
53,5308,5308019,Ланнівська селищна громада,5.0,0.0,6.901,4.0,0.0,1.0,0.0,5.0,0,0.0,True,709.0,56.0,97.85,12.66
53,5308,5308021,Мартинівська сільська громада,5.0,0.0,18.025,5.0,0.0,1.0,1.0,5.0,2,0.521,False,,,,7.03
53,5308,5308023,Мачухівська сільська громада,5.0,0.0,12.608,5.0,0.0,0.0,0.0,5.0,0,0.0,True,634.0,58.0,159.86,10.93
53,5308,5308025,Машівська селищна громада,7.0,0.0,5.809,6.0,0.0,2.0,0.0,7.0,2,0.217,False,,,,14.99
53,5308,5308027,Михайлівська сільська громада,3.0,0.0,5.764,3.0,0.0,1.0,0.0,1.0,1,0.676,False,,,,9.45
53,5308,5308029,Нехворощанська сільська громада,4.0,0.0,8.991,4.0,0.0,1.0,0.0,3.0,4,0.393,False,,,,12.59
53,5308,5308031,Новосанжарська селищна громада,12.0,0.0,5.303,11.0,0.0,3.0,5.0,15.0,0,0.0,True,2427.0,181.0,107.26,13.41
53,5308,5308033,Новоселівська сільська громада,3.0,0.0,7.303,3.0,0.0,1.0,0.0,4.0,0,0.0,True,553.0,38.0,134.62,14.55
53,5308,5308035,Опішнянська селищна громада,5.0,0.0,5.699,3.0,0.0,0.0,0.0,4.0,0,0.0,True,841.0,50.0,95.86,16.82
53,5308,5308037,Полтавська міська громада,69.0,0.0,2.27,11.0,0.0,2.0,1.0,68.0,3,0.01,True,33420.0,1320.0,109.97,25.32
53,5308,5308039,Решетилівська міська громада,12.0,1.0,4.347,9.0,0.0,2.0,0.0,15.0,5,0.286,False,,,,15.33
53,5308,5308041,Скороходівська селищна громада,5.0,0.0,5.101,4.0,0.0,1.0,1.0,3.0,2,0.406,False,,,,10.78
53,5308,5308043,Терешківська сільська громада,4.0,1.0,2.912,4.0,0.0,1.0,2.0,6.0,0,0.0,True,979.0,70.0,71.27,13.99
53,5308,5308045,Чутівська територіальна громада,9.0,1.0,7.309,8.0,0.0,1.0,1.0,9.0,4,0.17,False,,,,11.34
53,5308,5308047,Щербанівська сільська громада,4.0,0.0,2.732,4.0,0.0,1.0,2.0,4.0,0,0.0,True,1956.0,92.0,133.6,21.26
56,5602,5602001,Антонівська сільська громада,2.0,0.0,6.3,2.0,0.0,0.0,0.0,2.0,0,0.0,True,1032.0,51.0,325.09,20.24
56,5602,5602003,Вараська міська громада,14.0,0.0,1.903,8.0,0.0,1.0,0.0,12.0,4,0.059,False,,,,24.84
56,5602,5602005,Володимирецька селищна громада,16.0,0.0,6.131,13.0,0.0,0.0,0.0,16.0,2,0.037,True,4907.0,255.0,188.02,19.24
56,5602,5602007,Зарічненська селищна громада,22.0,0.0,6.847,19.0,0.0,6.0,6.0,20.0,4,0.201,False,,,,16.34
56,5602,5602009,Каноницька сільська громада,4.0,0.0,9.595,4.0,0.0,0.0,0.0,4.0,0,0.0,True,1159.0,66.0,278.01,17.56
56,5602,5602011,Локницька сільська громада,4.0,0.0,14.101,4.0,0.0,0.0,0.0,6.0,0,0.0,True,713.0,59.0,251.35,12.08
56,5602,5602013,Полицька сільська громада,3.0,0.0,6.16,3.0,0.0,0.0,0.0,4.0,1,0.016,True,907.0,56.0,186.25,16.2
56,5602,5602015,Рафалівська селищна громада,6.0,0.0,9.969,3.0,0.0,0.0,0.0,3.0,0,0.0,True,1136.0,60.0,188.75,18.93
56,5604,5604001,Бокіймівська сільська громада,6.0,0.0,15.247,5.0,0.0,0.0,0.0,5.0,0,0.0,True,599.0,51.0,152.22,11.75
56,5604,5604003,Боремельська сільська громада,3.0,0.0,10.66,2.0,0.0,1.0,1.0,4.0,0,0.0,True,434.0,31.0,154.21,14.0
56,5604,5604005,Варковицька сільська громада,4.0,0.0,7.875,4.0,0.0,0.0,0.0,5.0,0,0.0,True,613.0,44.0,120.68,13.93
56,5604,5604007,Вербська сільська громада,5.0,0.0,13.941,5.0,0.0,0.0,0.0,4.0,0,0.0,True,609.0,51.0,169.8,11.94
56,5604,5604009,Демидівська селищна громада,9.0,0.0,7.625,8.0,0.0,2.0,2.0,8.0,3,0.151,False,,,,15.27
56,5604,5604011,Дубенська міська громада,10.0,0.0,2.609,0.0,0.0,0.0,0.0,,11,1.0,False,,,,
56,5604,5604013,Козинська сільська громада,4.0,0.0,8.684,4.0,0.0,1.0,2.0,5.0,0,0.0,True,693.0,62.0,150.46,11.18
56,5604,5604015,Крупецька сільська громада,10.0,0.0,12.729,10.0,0.0,1.0,1.0,9.0,3,0.148,False,,,,11.61
56,5604,5604017,Мирогощанська сільська громада,4.0,1.0,6.538,4.0,0.0,1.0,0.0,7.0,1,0.021,True,697.0,53.0,113.93,13.15
56,5604,5604019,Млинівська селищна громада,13.0,0.0,5.578,11.0,0.0,2.0,4.0,15.0,0,0.0,True,2679.0,202.0,114.95,13.26
56,5604,5604021,Острожецька сільська громада,3.0,2.0,4.501,3.0,0.0,1.0,0.0,4.0,2,0.223,False,,,,15.72
56,5604,5604023,Підлозцівська сільська громада,2.0,0.0,18.386,2.0,0.0,0.0,0.0,2.0,0,0.0,True,320.0,21.0,294.17,15.24
56,5604,5604025,Повчанська сільська громада,2.0,0.0,22.799,2.0,0.0,0.0,0.0,3.0,0,0.0,True,289.0,29.0,329.44,9.97
56,5604,5604027,Привільненська сільська громада,5.0,0.0,13.576,5.0,0.0,1.0,1.0,6.0,0,0.0,True,608.0,49.0,165.08,12.41
56,5604,5604029,Радивилівська міська громада,7.0,0.0,2.971,5.0,0.0,1.0,1.0,8.0,0,0.0,True,2414.0,141.0,102.44,17.12
56,5604,5604031,Семидубська сільська громада,5.0,0.0,16.52,5.0,0.0,0.0,0.0,5.0,1,0.613,False,,,,9.05
56,5604,5604033,Смизька селищна громада,5.0,0.0,3.889,4.0,0.0,1.0,1.0,6.0,1,0.011,True,968.0,70.0,75.3,13.83
56,5604,5604035,Тараканівська сільська громада,6.0,0.0,7.047,6.0,0.0,0.0,0.0,7.0,0,0.0,True,681.0,62.0,79.99,10.98
56,5604,5604037,Ярославицька сільська громада,3.0,1.0,14.039,3.0,0.0,1.0,1.0,4.0,0,0.0,True,355.0,29.0,166.13,12.24
56,5606,5606001,Бабинська сільська об'єднана територіальна громада,7.0,0.0,8.208,7.0,0.0,2.0,4.0,7.0,0,0.0,True,1184.0,94.0,138.83,12.6
56,5606,5606003,Березнівська міська громада,31.0,0.0,5.649,25.0,0.0,4.0,9.0,28.0,6,0.128,False,,,,19.61
56,5606,5606005,Білокриницька сільська громада,6.0,0.0,10.338,6.0,0.0,1.0,0.0,5.0,2,0.51,False,,,,18.56
56,5606,5606007,Бугринська сільська громада,1.0,2.0,2.999,1.0,0.0,1.0,0.0,3.0,0,0.0,True,563.0,39.0,168.85,14.44
56,5606,5606009,Великомежиріцька сільська громада,7.0,1.0,15.806,7.0,0.0,1.0,0.0,11.0,0,0.0,True,891.0,81.0,201.19,11.0
56,5606,5606011,Великоомелянська сільська громада,2.0,0.0,5.072,2.0,0.0,0.0,0.0,2.0,1,0.022,True,500.0,31.0,126.79,16.13
56,5606,5606013,Головинська сільська громада,9.0,0.0,24.457,7.0,0.0,2.0,4.0,8.0,2,0.061,False,,,,12.73
56,5606,5606015,Городоцька сільська громада,4.0,0.0,2.067,4.0,0.0,1.0,0.0,4.0,3,0.563,False,,,,21.63
56,5606,5606017,Гощанська селищна громада,18.0,6.0,7.79,16.0,0.0,0.0,0.0,21.0,6,0.168,False,,,,13.39
56,5606,5606019,Деражненська сільська громада,4.0,1.0,9.184,4.0,0.0,1.0,1.0,5.0,0,0.0,True,933.0,58.0,214.22,16.09
56,5606,5606021,Дядьковицька сільська громада,5.0,1.0,22.834,5.0,0.0,2.0,2.0,5.0,2,0.104,False,,,,13.27
56,5606,5606023,Здовбицька сільська громада,5.0,1.0,6.73,5.0,0.0,0.0,0.0,4.0,3,0.609,False,,,,12.78
56,5606,5606025,Здолбунівська міська громада,13.0,0.0,3.363,6.0,0.0,0.0,0.0,14.0,0,0.0,True,4539.0,209.0,117.41,21.72
56,5606,5606027,Зорянська сільська громада,5.0,1.0,7.733,4.0,0.0,1.0,0.0,7.0,0,0.0,True,1301.0,79.0,201.2,16.47
56,5606,5606029,Клеванська селищна громада,7.0,0.0,6.647,1.0,0.0,1.0,0.0,7.0,0,0.0,True,2426.0,138.0,230.35,17.58
56,5606,5606031,Корецька міська громада,21.0,0.0,7.285,19.0,0.0,2.0,5.0,22.0,0,0.0,True,3402.0,244.0,118.02,13.94
56,5606,5606033,Корнинська сільська громада,3.0,0.0,4.443,3.0,0.0,0.0,0.0,3.0,0,0.0,True,956.0,50.0,141.58,19.12
56,5606,5606035,Костопільська міська громада,20.0,4.0,3.778,8.0,0.0,3.0,2.0,24.0,3,0.277,False,,,,18.74
56,5606,5606037,Малинська сільська громада,5.0,0.0,10.205,5.0,0.0,1.0,2.0,4.0,2,0.152,False,,,,17.71
56,5606,5606039,Малолюбашанська сільська громада,5.0,2.0,12.081,5.0,0.0,2.0,1.0,6.0,0,0.0,True,835.0,57.0,201.75,14.65
56,5606,5606041,Мізоцька селищна громада,11.0,3.0,15.363,9.0,0.0,0.0,0.0,7.0,2,0.153,False,,,,13.46
56,5606,5606043,Олександрійська сільська громада,7.0,0.0,8.101,7.0,0.0,2.0,0.0,8.0,0,0.0,True,1580.0,89.0,182.84,17.75
56,5606,5606045,Острозька міська громада,27.0,0.0,6.208,22.0,0.0,2.0,2.0,32.0,2,0.044,True,4853.0,296.0,111.58,16.4
56,5606,5606047,Рівненська міська громада,48.0,2.0,1.825,0.0,0.0,0.0,0.0,40.0,0,0.0,True,32718.0,1173.0,124.4,27.89
56,5606,5606049,Соснівська селищна громада,4.0,1.0,10.2,2.0,0.0,1.0,2.0,4.0,0,0.0,True,894.0,52.0,227.98,17.19
56,5606,5606051,Шпанівська сільська громада,6.0,0.0,5.939,5.0,0.0,1.0,3.0,5.0,3,0.123,False,,,,18.08
56,5608,5608001,Березівська сільська громада,8.0,0.0,12.696,8.0,0.0,0.0,0.0,6.0,13,0.624,False,,,,21.75
56,5608,5608003,Вирівська сільська громада,9.0,0.0,9.573,9.0,0.0,0.0,0.0,8.0,2,0.079,False,,,,18.14
56,5608,5608005,Висоцька сільська громада,4.0,0.0,9.69,4.0,0.0,0.0,0.0,5.0,0,0.0,True,656.0,49.0,158.91,13.39
56,5608,5608007,Дубровицька міська громада,21.0,0.0,5.334,18.0,0.0,2.0,2.0,24.0,0,0.0,True,4753.0,314.0,120.73,15.14
56,5608,5608009,Клесівська селищна громада,6.0,0.0,3.02,5.0,0.0,2.0,2.0,3.0,3,0.571,False,,,,18.49
56,5608,5608011,Миляцька сільська громада,5.0,0.0,10.495,5.0,0.0,0.0,0.0,6.0,0,0.0,True,1219.0,77.0,255.86,15.83
56,5608,5608013,Немовицька сільська громада,5.0,0.0,7.762,5.0,0.0,0.0,0.0,5.0,0,0.0,True,2115.0,96.0,328.32,22.03
56,5608,5608015,Рокитнівська селищна громада,25.0,0.0,5.659,19.0,0.0,1.0,3.0,21.0,8,0.619,False,,,,14.92
56,5608,5608017,Сарненська міська громада,36.0,0.0,5.576,26.0,0.0,1.0,4.0,34.0,3,0.046,True,11132.0,558.0,172.41,19.95
56,5608,5608019,Старосільська сільська громада,4.0,0.0,9.714,4.0,0.0,0.0,0.0,4.0,0,0.0,True,2178.0,96.0,528.92,22.69
56,5608,5608021,Степанська селищна громада,4.0,3.0,7.981,1.0,0.0,1.0,1.0,6.0,0,0.0,True,985.0,56.0,196.54,17.59
59,5902,5902001,Бочечківська сільська громада,3.0,0.0,21.314,3.0,0.0,2.0,0.0,2.0,0,0.0,True,296.0,22.0,210.3,13.45
59,5902,5902003,Буринська міська громада,13.0,2.0,5.889,10.0,0.0,2.0,2.0,13.0,9,0.481,False,,,,13.43
59,5902,5902005,Дубов'язівська селищна громада,4.0,0.0,11.303,3.0,0.0,2.0,0.0,8.0,2,0.053,False,,,,10.39
59,5902,5902007,Конотопська міська громада,16.0,0.0,1.506,1.0,0.0,0.0,0.0,16.0,0,0.0,True,7523.0,309.0,70.79,24.35
59,5902,5902009,Кролевецька міська громада,9.0,0.0,2.458,4.0,0.0,2.0,0.0,19.0,1,0.002,True,2852.0,190.0,77.89,15.01
59,5902,5902011,Новослобідська сільська громада,2.0,2.0,6.141,2.0,0.0,1.0,1.0,3.0,1,0.08,False,,,,8.58
59,5902,5902013,Попівська сільська громада,10.0,0.0,17.827,10.0,0.0,2.0,1.0,13.0,2,0.106,False,,,,8.72
59,5902,5902015,Путивльська міська громада,8.0,0.0,4.193,5.0,0.0,2.0,3.0,10.0,0,0.0,True,1639.0,95.0,85.91,17.25
59,5904,5904001,Боромлянська сільська громада,3.0,0.0,5.783,3.0,0.0,1.0,2.0,3.0,1,0.027,True,498.0,41.0,96.0,12.15
59,5904,5904003,Великописарівська селищна громада,5.0,0.0,4.484,4.0,0.0,1.0,3.0,9.0,0,0.0,True,1468.0,98.0,131.65,14.98
59,5904,5904005,Грунська сільська громада,3.0,0.0,27.137,3.0,0.0,1.0,1.0,5.0,0,0.0,True,344.0,33.0,311.17,10.42
59,5904,5904007,Кириківська селищна громада,3.0,0.0,4.708,1.0,0.0,1.0,0.0,5.0,0,0.0,True,500.0,40.0,78.47,12.5
59,5904,5904009,Комишанська сільська громада,2.0,0.0,12.127,2.0,0.0,1.0,0.0,3.0,0,0.0,True,341.0,26.0,206.76,13.12
59,5904,5904011,Охтирська міська громада,12.0,0.0,1.974,1.0,0.0,1.0,1.0,11.0,0,0.0,True,5199.0,197.0,85.52,26.39
59,5904,5904013,Тростянецька міська громада,12.0,1.0,4.085,6.0,0.0,3.0,9.0,12.0,0,0.0,True,3200.0,180.0,108.92,17.78
59,5904,5904015,Чернеччинська сільська громада,7.0,1.0,11.564,6.0,0.0,2.0,2.0,8.0,2,0.349,False,,,,9.88
59,5904,5904017,Чупахівська селищна громада,3.0,0.0,16.584,2.0,0.0,1.0,1.0,3.0,0,0.0,True,323.0,24.0,178.56,13.46
59,5906,5906001,Андріяшівська сільська громада,11.0,0.0,19.403,11.0,0.0,0.0,0.0,10.0,1,0.008,True,656.0,72.0,115.71,9.11
59,5906,5906003,Вільшанська сільська громада,1.0,0.0,1.783,1.0,0.0,1.0,0.0,1.0,0,0.0,True,249.0,16.0,44.41,15.56
59,5906,5906005,Коровинська сільська громада,1.0,0.0,3.399,1.0,0.0,1.0,0.0,2.0,0,0.0,True,223.0,15.0,75.79,14.87
59,5906,5906007,Липоводолинська селищна громада,4.0,0.0,3.114,3.0,0.0,1.0,0.0,6.0,1,0.028,True,859.0,63.0,66.88,13.63
59,5906,5906009,Недригайлівська селищна громада,4.0,0.0,2.81,2.0,0.0,2.0,1.0,5.0,0,0.0,True,1022.0,60.0,71.8,17.03
59,5906,5906011,Роменська міська громада,25.0,1.0,4.007,16.0,0.0,1.0,0.0,23.0,5,0.124,False,,,,18.52
59,5906,5906013,Синівська сільська громада,3.0,0.0,5.581,3.0,0.0,0.0,0.0,4.0,0,0.0,True,268.0,31.0,49.86,8.65
59,5906,5906015,Хмелівська сільська громада,5.0,0.0,31.414,4.0,0.0,2.0,2.0,5.0,1,0.188,False,,,,7.42
59,5908,5908001,Бездрицька сільська громада,2.0,0.0,6.34,2.0,0.0,0.0,0.0,2.0,0,0.0,True,347.0,22.0,109.99,15.77
59,5908,5908003,Білопільська міська громада,5.0,0.0,2.142,1.0,0.0,3.0,0.0,9.0,1,0.01,True,1821.0,115.0,78.01,15.83
59,5908,5908005,Верхньосироватська сільська громада,3.0,0.0,4.286,3.0,0.0,1.0,0.0,2.0,0,0.0,True,521.0,31.0,74.43,16.81
59,5908,5908007,Ворожбянська міська громада,4.0,0.0,5.615,1.0,0.0,1.0,1.0,1.0,4,0.983,False,,,,5.5
59,5908,5908009,Краснопільська селищна громада,8.0,0.0,3.866,3.0,0.0,1.0,2.0,12.0,2,0.124,False,,,,14.71
59,5908,5908011,Лебединська міська громада,23.0,0.0,5.228,14.0,0.0,3.0,2.0,19.0,8,0.197,False,,,,16.07
59,5908,5908013,Миколаївська селищна громада,5.0,0.0,3.964,2.0,0.0,2.0,0.0,6.0,4,0.636,False,,,,10.71
59,5908,5908015,Миколаївська сільська громада,4.0,0.0,6.13,4.0,0.0,0.0,0.0,4.0,4,0.759,False,,,,8.41
59,5908,5908017,Миропільська сільська громада,2.0,0.0,4.364,2.0,0.0,1.0,1.0,3.0,0,0.0,True,445.0,37.0,97.11,12.03
59,5908,5908019,Нижньосироватська сільська громада,2.0,0.0,4.331,2.0,0.0,0.0,0.0,2.0,0,0.0,True,476.0,26.0,103.07,18.31
59,5908,5908021,Річківська сільська громада,3.0,1.0,6.884,3.0,0.0,0.0,0.0,3.0,0,0.0,True,308.0,29.0,70.68,10.62
59,5908,5908023,Садівська сільська громада,7.0,0.0,7.484,6.0,0.0,1.0,3.0,7.0,0,0.0,True,909.0,82.0,97.19,11.09
59,5908,5908025,Степанівська селищна громада,6.0,0.0,4.126,4.0,0.0,2.0,1.0,4.0,3,0.484,False,,,,12.47
59,5908,5908027,Сумська міська громада,45.0,2.0,1.686,5.0,0.0,3.0,1.0,45.0,0,0.0,True,30948.0,1150.0,115.94,26.91
59,5908,5908029,Хотінська селищна громада,2.0,0.0,3.889,1.0,0.0,1.0,1.0,2.0,1,0.204,False,,,,14.57
59,5908,5908031,Юнаківська сільська громада,2.0,1.0,5.482,2.0,0.0,0.0,0.0,3.0,2,0.188,False,,,,10.66
59,5910,5910001,Березівська сільська громада,5.0,0.0,11.448,5.0,0.0,1.0,2.0,3.0,3,0.334,False,,,,10.46
59,5910,5910003,Глухівська міська громада,10.0,0.0,2.214,4.0,0.0,1.0,1.0,12.0,1,0.007,True,3541.0,177.0,78.39,20.01
59,5910,5910005,Дружбівська міська громада,1.0,0.0,1.703,0.0,0.0,0.0,0.0,1.0,0,0.0,True,15.0,3.0,2.55,5.0
59,5910,5910007,Есманьська селищна громада,4.0,0.0,14.532,3.0,0.0,1.0,3.0,6.0,0,0.0,True,277.0,35.0,100.63,7.91
59,5910,5910009,Зноб-Новгородська селищна громада,3.0,0.0,6.531,2.0,0.0,1.0,0.0,3.0,0,0.0,True,343.0,25.0,74.67,13.72
59,5910,5910011,Свеська селищна громада,5.0,0.0,5.804,3.0,0.0,1.0,3.0,4.0,0,0.0,True,692.0,58.0,80.32,11.93
59,5910,5910013,Середино-Будська міська громада,2.0,0.0,1.731,0.0,0.0,2.0,0.0,5.0,0,0.0,True,976.0,59.0,84.46,16.54
59,5910,5910015,Шалигинська селищна громада,3.0,0.0,12.12,1.0,0.0,0.0,1.0,4.0,0,0.0,True,269.0,35.0,108.68,7.69
59,5910,5910017,Шосткинська міська громада,26.0,0.0,2.731,10.0,0.0,1.0,1.0,26.0,0,0.0,True,7485.0,380.0,78.63,19.7
59,5910,5910019,Ямпільська селищна громада,6.0,0.0,6.784,4.0,0.0,1.0,4.0,7.0,0,0.0,True,663.0,43.0,74.96,15.42
61,6102,6102001,Борсуківська сільська громада,6.0,1.0,9.815,6.0,0.0,2.0,2.0,7.0,2,0.148,False,,,,9.01
61,6102,6102003,Великодедеркальська сільська громада,9.0,0.0,17.31,9.0,0.0,1.0,1.0,7.0,4,0.273,False,,,,12.22
61,6102,6102005,Вишнівецька селищна громада,14.0,0.0,17.388,13.0,0.0,0.0,0.0,11.0,6,0.259,False,,,,13.13
61,6102,6102007,Кременецька міська громада,26.0,0.0,5.846,20.0,0.0,6.0,3.0,28.0,7,0.181,False,,,,17.12
61,6102,6102009,Лановецька міська громада,15.0,5.0,6.788,13.0,0.0,2.0,3.0,14.0,8,0.66,False,,,,9.68
61,6102,6102011,Лопушненська сільська громада,8.0,0.0,31.819,8.0,0.0,0.0,0.0,7.0,2,0.38,False,,,,8.07
61,6102,6102013,Почаївська міська громада,10.0,0.0,4.98,9.0,0.0,1.0,2.0,8.0,4,0.094,False,,,,21.4
61,6102,6102015,Шумська міська громада,20.0,3.0,7.579,18.0,0.0,1.0,4.0,26.0,3,0.087,False,,,,12.04
61,6104,6104001,Байковецька сільська громада,7.0,1.0,5.354,7.0,0.0,1.0,0.0,8.0,1,0.051,False,,,,10.17
61,6104,6104003,Бережанська міська громада,13.0,2.0,3.955,8.0,0.0,1.0,1.0,15.0,2,0.055,False,,,,16.37
61,6104,6104005,Білецька сільська громада,5.0,1.0,3.194,5.0,0.0,0.0,0.0,5.0,4,0.448,False,,,,14.62
61,6104,6104007,Великоберезовицька селищна громада,10.0,3.0,3.144,8.0,0.0,1.0,2.0,12.0,1,0.012,True,1766.0,113.0,55.53,15.63
61,6104,6104009,Великобірківська селищна громада,2.0,0.0,4.184,1.0,0.0,0.0,0.0,3.0,0,0.0,True,616.0,36.0,128.86,17.11
61,6104,6104011,Великогаївська сільська громада,8.0,0.0,9.411,8.0,0.0,1.0,1.0,7.0,2,0.138,False,,,,13.18
61,6104,6104013,Залозецька селищна громада,10.0,0.0,10.538,9.0,0.0,1.0,2.0,12.0,2,0.02,True,1155.0,99.0,121.71,11.67
61,6104,6104015,Збаразька міська громада,22.0,4.0,4.524,18.0,0.0,2.0,0.0,30.0,5,0.132,False,,,,14.33
61,6104,6104017,Зборівська міська громада,13.0,1.0,6.284,10.0,0.0,0.0,0.0,18.0,6,0.253,False,,,,14.4
61,6104,6104019,Золотниківська сільська громада,4.0,2.0,6.946,4.0,0.0,1.0,0.0,7.0,2,0.452,False,,,,11.35
61,6104,6104021,Іванівська сільська громада,4.0,0.0,8.408,4.0,0.0,0.0,0.0,3.0,3,0.546,False,,,,8.53
61,6104,6104023,Козівська селищна громада,12.0,0.0,4.407,9.0,0.0,4.0,6.0,18.0,3,0.07,False,,,,13.93
61,6104,6104025,Козлівська селищна громада,2.0,0.0,4.611,1.0,0.0,0.0,0.0,2.0,0,0.0,True,314.0,19.0,72.39,16.53
61,6104,6104027,Купчинецька сільська громада,3.0,0.0,8.213,3.0,0.0,0.0,0.0,4.0,0,0.0,True,324.0,34.0,88.7,9.53
61,6104,6104029,Микулинецька селищна громада,13.0,2.0,6.523,11.0,0.0,1.0,2.0,13.0,0,0.0,True,1692.0,117.0,84.9,14.46
61,6104,6104031,Нараївська сільська громада,8.0,3.0,18.292,8.0,0.0,1.0,0.0,6.0,4,0.223,False,,,,9.44
61,6104,6104033,Озернянська сільська громада,5.0,0.0,5.824,5.0,0.0,0.0,0.0,6.0,3,0.116,False,,,,14.11
61,6104,6104035,Підволочиська селищна громада,9.0,7.0,3.893,7.0,0.0,2.0,0.0,14.0,5,0.13,False,,,,15.35
61,6104,6104037,Підгаєцька міська громада,15.0,2.0,8.465,12.0,0.0,1.0,1.0,12.0,12,0.641,False,,,,9.65
61,6104,6104039,Підгороднянська сільська громада,8.0,0.0,12.634,7.0,0.0,1.0,0.0,6.0,0,0.0,True,545.0,49.0,86.07,11.12
61,6104,6104041,Саранчуківська сільська громада,9.0,2.0,20.661,9.0,0.0,0.0,0.0,8.0,3,0.232,False,,,,8.47
61,6104,6104043,Скалатська міська громада,10.0,3.0,7.244,9.0,0.0,1.0,0.0,12.0,9,0.365,False,,,,13.48
61,6104,6104045,Скориківська сільська громада,9.0,0.0,14.496,9.0,0.0,2.0,5.0,11.0,1,0.05,True,763.0,58.0,122.89,13.16
61,6104,6104047,Теребовлянська міська громада,16.0,0.0,5.328,11.0,0.0,3.0,2.0,18.0,3,0.08,False,,,,13.56
61,6104,6104049,Тернопільська міська громада,47.0,1.0,2.341,3.0,0.0,2.0,0.0,46.0,0,0.0,True,30494.0,1103.0,151.86,27.65
61,6106,6106001,Білобожницька сільська громада,10.0,2.0,8.474,10.0,0.0,1.0,2.0,11.0,0,0.0,True,994.0,99.0,84.24,10.04
61,6106,6106003,Більче-Золотецька сільська громада,2.0,2.0,4.044,2.0,0.0,1.0,0.0,3.0,0,0.0,True,283.0,26.0,57.22,10.88
61,6106,6106005,Борщівська міська громада,19.0,1.0,5.806,16.0,0.0,1.0,2.0,17.0,7,0.474,False,,,,14.72
61,6106,6106007,Бучацька міська громада,28.0,2.0,6.406,22.0,0.0,0.0,0.0,35.0,7,0.307,False,,,,13.75
61,6106,6106009,Васильковецька сільська громада,5.0,3.0,6.68,5.0,0.0,0.0,0.0,8.0,0,0.0,True,808.0,70.0,107.95,11.54
61,6106,6106011,Гримайлівська селищна громада,9.0,2.0,9.162,7.0,0.0,1.0,2.0,11.0,2,0.379,False,,,,10.0
61,6106,6106013,Гусятинська селищна громада,7.0,3.0,4.6,6.0,0.0,0.0,0.0,9.0,2,0.141,False,,,,15.32
61,6106,6106015,Заводська селищна громада,5.0,0.0,8.482,4.0,0.0,1.0,4.0,4.0,2,0.147,False,,,,10.46
61,6106,6106017,Заліщицька міська громада,20.0,0.0,5.991,15.0,0.0,1.0,3.0,17.0,9,0.607,False,,,,9.13
61,6106,6106019,Золотопотіцька селищна громада,12.0,0.0,11.197,11.0,0.0,0.0,0.0,11.0,4,0.214,False,,,,17.51
61,6106,6106021,Іване-Пустенська сільська громада,4.0,0.0,11.866,4.0,0.0,0.0,0.0,3.0,2,0.216,False,,,,12.17
61,6106,6106023,Колиндянська сільська громада,5.0,2.0,8.675,5.0,0.0,0.0,0.0,6.0,0,0.0,True,558.0,55.0,96.81,10.15
61,6106,6106025,Копичинецька міська громада,6.0,3.0,4.694,4.0,0.0,1.0,0.0,8.0,0,0.0,True,1466.0,90.0,114.7,16.29
61,6106,6106027,Коропецька селищна громада,5.0,1.0,8.119,3.0,0.0,1.0,2.0,6.0,0,0.0,True,721.0,57.0,117.07,12.65
61,6106,6106029,Мельнице-Подільська селищна громада,14.0,3.0,8.849,13.0,0.0,0.0,0.0,17.0,2,0.084,False,,,,13.5
61,6106,6106031,Монастириська міська громада,14.0,3.0,5.537,13.0,0.0,3.0,3.0,18.0,4,0.207,False,,,,11.19
61,6106,6106033,Нагірянська сільська громада,10.0,0.0,9.942,9.0,0.0,2.0,7.0,11.0,0,0.0,True,728.0,72.0,72.38,10.11
61,6106,6106035,Скала-Подільська селищна громада,6.0,2.0,6.38,4.0,0.0,1.0,0.0,8.0,0,0.0,True,923.0,71.0,98.14,13.0
61,6106,6106037,Товстенська селищна громада,16.0,0.0,9.677,15.0,0.0,0.0,0.0,14.0,8,0.476,False,,,,10.11
61,6106,6106039,Трибухівська сільська громада,5.0,0.0,6.51,5.0,0.0,0.0,0.0,5.0,0,0.0,True,871.0,57.0,113.41,15.28
61,6106,6106041,Хоростківська міська громада,7.0,2.0,3.186,5.0,0.0,1.0,0.0,9.0,0,0.0,True,1402.0,87.0,63.81,16.11
61,6106,6106043,Чортківська міська громада,11.0,0.0,2.791,5.0,0.0,1.0,2.0,10.0,2,0.077,False,,,,20.68
63,6302,6302001,Богодухівська міська громада,16.0,0.0,4.206,9.0,0.0,1.0,1.0,18.0,5,0.187,False,,,,14.39
63,6302,6302003,Валківська міська громада,16.0,1.0,5.408,11.0,0.0,4.0,2.0,16.0,7,0.212,False,,,,14.32
63,6302,6302005,Золочівська селищна територіальна громада,12.0,0.0,4.773,9.0,0.0,3.0,2.0,14.0,0,0.0,True,2504.0,174.0,99.59,14.39
63,6302,6302007,Коломацька селищна громада,3.0,0.0,4.342,2.0,0.0,0.0,0.0,3.0,1,0.077,False,,,,18.08
63,6302,6302009,Краснокутська селищна громада,14.0,0.0,5.071,10.0,0.0,4.0,1.0,12.0,8,0.179,False,,,,16.52
63,6304,6304001,Балаклійська міська громада,13.0,0.0,2.571,7.0,0.0,0.0,0.0,17.0,2,0.057,False,,,,17.49
63,6304,6304003,Барвінківська міська громада,9.0,0.0,4.077,4.0,0.0,1.0,1.0,9.0,8,0.272,False,,,,14.12
63,6304,6304005,Борівська селищна громада,5.0,0.0,3.151,4.0,0.0,1.0,1.0,6.0,4,0.627,False,,,,11.34
63,6304,6304007,Донецька селищна громада,6.0,0.0,2.774,1.0,0.0,2.0,0.0,3.0,7,0.819,False,,,,16.04
63,6304,6304009,Ізюмська міська громада,5.0,1.0,0.842,0.0,0.0,0.0,0.0,10.0,0,0.0,True,4566.0,181.0,76.93,25.23
63,6304,6304011,Куньєвська сільська громада,3.0,2.0,14.712,3.0,0.0,0.0,0.0,4.0,2,0.593,False,,,,8.41
63,6304,6304013,Оскільська сільська громада,7.0,0.0,16.691,7.0,0.0,1.0,0.0,6.0,2,0.031,True,658.0,56.0,156.89,11.75
63,6304,6304015,Савинська селищна громада,2.0,4.0,2.306,0.0,0.0,1.0,1.0,5.0,2,0.239,False,,,,12.68
63,6306,6306001,Зачепилівська селищна громада,10.0,0.0,6.895,7.0,0.0,1.0,2.0,9.0,6,0.25,False,,,,11.32
63,6306,6306003,Кегичівська селищна громада,11.0,0.0,5.291,8.0,0.0,2.0,1.0,9.0,10,0.684,False,,,,12.89
63,6306,6306005,Красноградська міська громада,10.0,0.0,2.893,4.0,0.0,0.0,0.0,5.0,2,0.033,True,694.0,50.0,20.08,13.88
63,6306,6306007,Наталинська сільська громада,5.0,0.0,4.858,5.0,0.0,1.0,1.0,7.0,1,0.038,True,993.0,86.0,96.48,11.55
63,6306,6306009,Сахновщинська селищна громада,17.0,0.0,8.75,14.0,0.0,3.0,6.0,13.0,12,0.503,False,,,,11.77
63,6306,6306011,Старовірівська сільська громада,9.0,0.0,11.708,8.0,0.0,2.0,1.0,4.0,13,0.908,False,,,,9.17
63,6308,6308001,Великобурлуцька селищна громада,8.0,0.0,4.667,5.0,0.0,0.0,0.0,8.0,7,0.507,False,,,,14.26
63,6308,6308003,Вільхуватська сільська громада,1.0,5.0,2.074,0.0,0.0,1.0,0.0,4.0,2,0.158,False,,,,16.16
63,6308,6308005,Дворічанська селищна громада,3.0,11.0,1.756,2.0,0.0,1.0,1.0,14.0,4,0.141,False,,,,11.92
63,6308,6308007,Кіндрашівська сільська громада,1.0,4.0,3.167,1.0,0.0,0.0,0.0,5.0,0,0.0,True,473.0,52.0,149.8,9.1
63,6308,6308009,Куп'янська міська громада,2.0,9.0,0.301,0.0,0.0,0.0,0.0,11.0,0,0.0,True,5325.0,223.0,80.25,23.88
63,6308,6308011,Курилівська сільська громада,1.0,4.0,1.26,1.0,0.0,0.0,0.0,7.0,0,0.0,True,854.0,73.0,107.63,11.7
63,6308,6308013,Петропавлівська сільська громада,2.0,0.0,5.731,2.0,0.0,0.0,0.0,1.0,3,0.761,False,,,,10.73
63,6308,6308015,Шевченківська селищна громада,6.0,1.0,2.96,3.0,0.0,3.0,0.0,6.0,11,0.783,False,,,,8.02
63,6310,6310001,Біляївська селищна громада,4.0,0.0,5.931,3.0,0.0,1.0,2.0,3.0,0,0.0,True,425.0,38.0,63.02,11.18
63,6310,6310003,Близнюківська селищна громада,10.0,0.0,5.342,9.0,0.0,1.0,6.0,12.0,6,0.134,False,,,,10.66
63,6310,6310005,Лозівська міська громада,29.0,2.0,3.046,15.0,0.0,5.0,13.0,24.0,18,0.137,False,,,,19.92
63,6310,6310007,Олексіївка,3.0,0.0,3.211,2.0,0.0,1.0,0.0,3.0,4,0.557,False,,,,8.93
63,6310,6310009,Златопільська міська громада,7.0,0.0,2.345,2.0,0.0,1.0,1.0,2.0,0,0.0,True,125.0,11.0,4.19,11.36
63,6312,6312001,Безлюдівська селищна громада,5.0,0.0,2.156,1.0,0.0,0.0,0.0,5.0,0,0.0,True,2053.0,95.0,88.51,21.61
63,6312,6312003,Височанська селищна громада,7.0,0.0,4.002,0.0,0.0,2.0,0.0,7.0,0,0.0,True,2492.0,118.0,142.47,21.12
63,6312,6312005,Вільхівська сільська громада,2.0,3.0,1.946,1.0,0.0,0.0,0.0,5.0,0,0.0,True,645.0,45.0,62.76,14.33
63,6312,6312007,Дергачівська міська громада,8.0,6.0,1.841,2.0,0.0,3.0,0.0,14.0,2,0.004,True,4734.0,222.0,108.94,21.32
63,6312,6312009,Липецька сільська громада,4.0,6.0,5.815,4.0,0.0,0.0,0.0,6.0,6,0.355,False,,,,14.1
63,6312,6312011,Люботинська міська громада,9.0,0.0,4.136,0.0,0.0,0.0,0.0,8.0,2,0.037,True,2935.0,137.0,134.88,21.42
63,6312,6312013,Малоданилівська селищна громада,2.0,0.0,1.192,1.0,0.0,1.0,0.0,2.0,0,0.0,True,816.0,35.0,48.61,23.31
63,6312,6312015,Мереф'янська міська громада,9.0,0.0,3.994,1.0,0.0,0.0,0.0,8.0,2,0.025,True,3117.0,137.0,138.32,22.75
63,6312,6312017,Нововодолазька селищна громада,14.0,0.0,5.92,9.0,0.0,1.0,3.0,12.0,4,0.128,False,,,,15.34
63,6312,6312019,Південноміська міська громада,4.0,0.0,6.319,0.0,0.0,0.0,0.0,4.0,0,0.0,True,1513.0,67.0,239.0,22.58
63,6312,6312021,Пісочинська селищна громада,6.0,0.0,2.513,0.0,0.0,2.0,1.0,7.0,0,0.0,True,3619.0,145.0,151.56,24.96
63,6312,6312023,Роганська селищна громада,3.0,0.0,5.498,1.0,0.0,0.0,0.0,3.0,0,0.0,True,1185.0,55.0,217.16,21.55
63,6312,6312025,Солоницівська селищна громада,10.0,0.0,2.789,4.0,0.0,2.0,2.0,10.0,0,0.0,True,3309.0,162.0,92.29,20.43
63,6312,6312027,Харківська міська громада,236.0,7.0,1.605,0.0,0.0,1.0,0.0,237.0,0,0.0,True,142286.0,5359.0,96.78,26.55
63,6312,6312029,Циркунівська сільська громада,2.0,0.0,2.289,2.0,0.0,0.0,0.0,2.0,1,0.036,True,773.0,34.0,88.49,22.74
63,6314,6314001,Вовчанська міська громада,6.0,15.0,1.585,2.0,0.0,0.0,0.0,17.0,10,0.289,False,,,,15.54
63,6314,6314003,Зміївська міська громада,13.0,0.0,3.097,9.0,0.0,0.0,0.0,14.0,5,0.277,False,,,,18.79
63,6314,6314005,Малинівська селищна громада,4.0,0.0,6.651,2.0,1.0,1.0,1.0,4.0,0,0.0,True,867.0,50.0,144.16,17.34
63,6314,6314007,Новопокровська селищна громада,6.0,0.0,3.452,2.0,0.0,1.0,1.0,5.0,2,0.114,False,,,,20.93
63,6314,6314009,Печенізька селищна громада,3.0,1.0,2.952,2.0,0.0,1.0,0.0,4.0,0,0.0,True,703.0,49.0,69.19,14.35
63,6314,6314011,Слобожанська міська громада,8.0,0.0,4.038,5.0,0.0,0.0,0.0,5.0,9,0.841,False,,,,14.27
63,6314,6314013,Старосалтівська селищна громада,3.0,0.0,4.093,2.0,0.0,1.0,0.0,4.0,1,0.037,True,627.0,49.0,85.54,12.8
63,6314,6314015,Чкаловська селищна громада,6.0,0.0,9.709,5.0,0.0,1.0,0.0,2.0,7,0.784,False,,,,6.68
63,6314,6314017,Чугуївська міська громада,9.0,2.0,1.836,2.0,0.0,1.0,0.0,13.0,0,0.0,True,4445.0,199.0,90.7,22.34
65,6502,6502001,Бериславська міська громада,7.0,0.0,12.851,3.0,0.0,1.0,1.0,7.0,0,0.0,True,2078.0,104.0,381.49,19.98
65,6502,6502003,Борозенська сільська громада,3.0,0.0,8.752,3.0,0.0,1.0,2.0,3.0,0,0.0,True,404.0,28.0,117.86,14.43
65,6502,6502005,Великоолександрівська селищна громада,12.0,0.0,6.061,9.0,0.0,1.0,1.0,8.0,4,0.153,False,,,,14.86
65,6502,6502007,Високопільська селищна громада,7.0,0.0,5.915,4.0,0.0,2.0,4.0,4.0,8,0.498,False,,,,13.87
65,6502,6502009,Калинівська селищна громада,4.0,0.0,18.435,2.0,0.0,1.0,2.0,2.0,0,0.0,True,37.0,6.0,17.05,6.17
65,6502,6502011,Кочубеївська сільська громада,2.0,0.0,8.892,2.0,0.0,1.0,1.0,2.0,0,0.0,True,316.0,29.0,140.5,10.9
65,6502,6502013,Милівська сільська громада,5.0,0.0,15.008,5.0,0.0,0.0,0.0,5.0,0,0.0,True,556.0,47.0,166.89,11.83
65,6502,6502015,Нововоронцовська селищна громада,6.0,0.0,3.697,5.0,0.0,0.0,0.0,5.0,5,0.46,False,,,,17.06
65,6502,6502017,Новоолександрівська сільська громада,6.0,0.0,9.416,6.0,0.0,0.0,0.0,4.0,6,0.787,False,,,,7.7
65,6502,6502019,Новорайська сільська громада,2.0,4.0,13.224,0.0,0.0,1.0,0.0,3.0,2,0.25,False,,,,15.82
65,6502,6502021,Тягинська сільська громада,9.0,0.0,23.474,9.0,0.0,0.0,0.0,8.0,3,0.147,False,,,,14.8
65,6504,6504001,Генічеська міська громада,27.0,0.0,3.439,17.0,1.0,4.0,1.0,23.0,10,0.131,False,,,,18.88
65,6504,6504003,Іванівська селищна громада,10.0,0.0,8.873,8.0,0.0,0.0,0.0,4.0,13,0.89,False,,,,7.88
65,6504,6504005,Нижньосірогозька селищна громада,14.0,0.0,9.718,12.0,0.0,1.0,1.0,13.0,5,0.266,False,,,,11.77
65,6504,6504007,Новотроїцька селищна громада,27.0,0.0,9.215,21.0,0.0,0.0,0.0,18.0,22,0.504,False,,,,14.33
65,6506,6506001,Асканіє-Нова селищна територіальна громада,5.0,0.0,12.189,1.0,0.0,1.0,3.0,4.0,0,0.0,True,668.0,47.0,162.85,14.21
65,6506,6506003,Великолепетиська селищна громада,6.0,0.0,3.734,3.0,0.0,1.0,1.0,4.0,2,0.261,False,,,,19.2
65,6506,6506005,Верхньорогачицька селищна громада,8.0,0.0,7.758,6.0,0.0,1.0,1.0,5.0,5,0.374,False,,,,12.13
65,6506,6506007,Горностаївська селищна громада,11.0,0.0,11.212,8.0,0.0,3.0,3.0,8.0,5,0.611,False,,,,12.63
65,6506,6506009,Зеленопідська сільська громада,7.0,1.0,7.237,5.0,0.0,2.0,4.0,5.0,5,0.426,False,,,,11.72
65,6506,6506011,Каховська міська громада,8.0,3.0,3.897,1.0,0.0,0.0,0.0,10.0,2,0.069,False,,,,23.73
65,6506,6506013,Костянтинівська сільська громада,5.0,2.0,5.631,5.0,0.0,1.0,4.0,1.0,5,0.937,False,,,,6.71
65,6506,6506015,Любимівська селищна громада,4.0,0.0,1.022,2.0,0.0,0.0,0.0,1.0,6,0.825,False,,,,17.0
65,6506,6506017,Новокаховська міська громада,14.0,0.0,2.168,2.0,0.0,0.0,0.0,13.0,0,0.0,True,6912.0,279.0,107.03,24.77
65,6506,6506019,Присиваська сільська громада,4.0,0.0,16.811,4.0,0.0,0.0,0.0,2.0,6,0.793,False,,,,12.05
65,6506,6506021,Рубанівська сільська громада,4.0,0.0,10.7,2.0,0.0,1.0,2.0,2.0,3,0.398,False,,,,19.07
65,6506,6506023,Тавричанська сільська громада,4.0,0.0,5.41,4.0,0.0,1.0,2.0,4.0,0,0.0,True,584.0,44.0,78.99,13.27
65,6506,6506025,Таврійська міська громада,7.0,0.0,2.499,4.0,0.0,0.0,0.0,6.0,2,0.094,False,,,,20.18
65,6506,6506027,Хрестівська сільська громада,3.0,2.0,4.705,2.0,0.0,0.0,1.0,5.0,0,0.0,True,821.0,64.0,128.75,12.83
65,6506,6506029,Чаплинська селищна громада,10.0,0.0,5.274,8.0,0.0,2.0,3.0,8.0,3,0.185,False,,,,16.39
65,6508,6508001,Бехтерська сільська громада,8.0,0.0,6.669,7.0,0.0,1.0,1.0,6.0,3,0.22,False,,,,13.24
65,6508,6508003,Голопристанська міська громада,15.0,0.0,4.165,11.0,0.0,1.0,1.0,14.0,1,0.06,False,,,,19.82
65,6508,6508005,Долматівська сільська громада,4.0,0.0,10.978,4.0,0.0,0.0,0.0,3.0,0,0.0,True,542.0,33.0,148.75,16.42
65,6508,6508007,Каланчацька селищна громада,14.0,1.0,7.345,10.0,0.0,1.0,2.0,9.0,16,0.539,False,,,,16.45
65,6508,6508009,Лазурненська селищна громада,3.0,0.0,2.971,2.0,0.0,0.0,0.0,3.0,0,0.0,True,627.0,38.0,62.1,16.5
65,6508,6508011,Мирненська селищна громада,3.0,0.0,9.661,2.0,0.0,1.0,1.0,2.0,1,0.52,False,,,,17.62
65,6508,6508013,Новомиколаївська сільська громада,2.0,0.0,3.458,2.0,0.0,0.0,0.0,,6,1.0,False,,,,
65,6508,6508015,Скадовська міська громада,13.0,0.0,3.849,7.0,0.0,1.0,2.0,8.0,11,0.333,False,,,,19.71
65,6508,6508017,Чулаківська сільська громада,6.0,0.0,9.566,5.0,0.0,0.0,0.0,4.0,7,0.593,False,,,,14.66
65,6510,6510001,Білозерська селищна громада,11.0,0.0,9.596,5.0,0.0,0.0,0.0,10.0,2,0.106,False,,,,18.74
65,6510,6510003,Великокопанівська сільська громада,2.0,0.0,1.973,1.0,0.0,0.0,0.0,2.0,0,0.0,True,879.0,44.0,86.69,19.98
65,6510,6510005,Виноградівська сільська громада,3.0,0.0,2.122,2.0,0.0,1.0,0.0,3.0,2,0.303,False,,,,19.51
65,6510,6510007,Дар'ївська сільська громада,5.0,4.0,7.207,5.0,0.0,0.0,0.0,8.0,4,0.194,False,,,,16.67
65,6510,6510009,Музиківська сільська громада,2.0,0.0,8.443,2.0,0.0,1.0,0.0,2.0,0,0.0,True,433.0,26.0,182.78,16.65
65,6510,6510011,Олешківська міська громада,10.0,1.0,2.409,7.0,0.0,2.0,2.0,10.0,4,0.168,False,,,,20.65
65,6510,6510013,Станіславська сільська громада,3.0,0.0,4.022,3.0,0.0,0.0,0.0,2.0,5,0.487,False,,,,20.81
65,6510,6510015,Херсонська міська громада,49.0,18.0,1.462,1.0,1.0,1.0,0.0,64.0,3,0.01,True,35540.0,1291.0,106.01,27.53
65,6510,6510017,Чорнобаївська сільська громада,5.0,0.0,5.493,5.0,1.0,1.0,1.0,4.0,3,0.161,False,,,,22.49
65,6510,6510019,Ювілейна сільська громада,8.0,0.0,6.294,2.0,0.0,1.0,1.0,4.0,1,0.091,False,,,,18.58
68,6802,6802001,Гуківська сільська громада,2.0,1.0,8.482,2.0,0.0,1.0,1.0,1.0,0,0.0,True,193.0,18.0,81.86,10.72
68,6802,6802003,Гуменецька сільська громада,9.0,0.0,4.894,8.0,0.0,1.0,0.0,10.0,3,0.3,False,,,,11.19
68,6802,6802005,Дунаєвецька міська громада,15.0,0.0,4.238,11.0,0.0,2.0,0.0,13.0,9,0.732,False,,,,8.95
68,6802,6802007,Жванецька сільська громада,4.0,0.0,5.941,4.0,0.0,0.0,0.0,6.0,1,0.031,True,572.0,48.0,84.96,11.92
68,6802,6802009,Закупненська селищна громада,4.0,0.0,6.643,3.0,0.0,1.0,0.0,5.0,2,0.205,False,,,,11.86
68,6802,6802011,Кам'янець-Подільська міська громада,29.0,2.0,2.757,4.0,0.0,1.0,0.0,31.0,0,0.0,True,13318.0,573.0,126.6,23.24
68,6802,6802013,Китайгородська сільська громада,2.0,0.0,7.67,2.0,0.0,1.0,0.0,3.0,0,0.0,True,210.0,26.0,80.53,8.08
68,6802,6802015,Маківська сільська громада,4.0,0.0,4.574,4.0,0.0,1.0,0.0,4.0,0,0.0,True,607.0,37.0,69.41,16.41
68,6802,6802017,Новодунаєвецька селищна громада,5.0,0.0,4.304,4.0,0.0,1.0,0.0,7.0,4,0.816,False,,,,8.87
68,6802,6802019,Новоушицька селищна об'єднана територіальна громада,12.0,0.0,4.187,9.0,0.0,2.0,0.0,17.0,3,0.053,False,,,,11.76
68,6802,6802021,Орининська сільська громада,6.0,0.0,10.219,6.0,0.0,1.0,0.0,5.0,0,0.0,True,636.0,52.0,108.32,12.23
68,6802,6802023,Слобідсько-Кульчієвецька сільська громада,6.0,1.0,2.631,6.0,0.0,0.0,0.0,8.0,2,0.164,False,,,,9.7
68,6802,6802025,Смотрицька селищна громада,3.0,0.0,6.327,2.0,0.0,1.0,0.0,3.0,1,0.086,False,,,,16.35
68,6802,6802027,Староушицька селищна громада,3.0,0.0,6.528,2.0,0.0,0.0,2.0,4.0,0,0.0,True,388.0,39.0,84.43,9.95
68,6802,6802029,Чемеровецька селищна громада,11.0,0.0,4.252,9.0,0.0,2.0,0.0,16.0,1,0.017,True,2081.0,166.0,80.43,12.54
68,6804,6804001,Антонінська селищна громада,8.0,0.0,12.109,6.0,0.0,1.0,0.0,10.0,1,0.017,True,1001.0,92.0,151.52,10.88
68,6804,6804003,Війтовецька селищна громада,5.0,0.0,7.588,4.0,0.0,0.0,0.0,7.0,0,0.0,True,781.0,67.0,118.52,11.66
68,6804,6804005,Віньковецька селищна громада,10.0,2.0,5.275,9.0,0.0,2.0,0.0,11.0,2,0.173,False,,,,12.74
68,6804,6804007,Вовковинецька селищна громада,4.0,0.0,10.813,3.0,0.0,1.0,0.0,5.0,1,0.066,False,,,,12.5
68,6804,6804009,Волочиська міська громада,16.0,0.0,4.276,12.0,0.0,2.0,0.0,17.0,4,0.055,False,,,,16.63
68,6804,6804011,Гвардійська сільська громада,4.0,0.0,12.718,4.0,0.0,0.0,0.0,4.0,0,0.0,True,556.0,44.0,176.78,12.64
68,6804,6804013,Городоцька міська громада,15.0,0.0,3.994,10.0,0.0,3.0,3.0,15.0,3,0.078,False,,,,15.25
68,6804,6804015,Деражнянська міська громада,11.0,0.0,4.149,7.0,0.0,3.0,0.0,12.0,2,0.047,True,2355.0,150.0,88.83,15.7
68,6804,6804017,Заслучненська сільська громада,3.0,0.0,8.339,3.0,0.0,2.0,0.0,3.0,2,0.123,False,,,,10.88
68,6804,6804019,Зіньківська сільська громада,1.0,0.0,2.307,1.0,0.0,1.0,0.0,1.0,0,0.0,True,216.0,12.0,49.84,18.0
68,6804,6804021,Красилівська міська громада,18.0,0.0,5.279,13.0,0.0,0.0,0.0,19.0,2,0.04,True,3274.0,201.0,96.02,16.29
68,6804,6804023,Летичівська селищна громада,6.0,0.0,3.314,3.0,0.0,2.0,0.0,6.0,2,0.076,False,,,,18.35
68,6804,6804025,Лісовогринівецька сільська громада,5.0,2.0,9.689,5.0,0.0,0.0,0.0,7.0,0,0.0,True,421.0,34.0,81.58,12.38
68,6804,6804027,Меджибізька селищна громада,5.0,1.0,5.521,4.0,0.0,1.0,0.0,3.0,4,0.504,False,,,,11.07
68,6804,6804029,Миролюбненська сільська громада,2.0,0.0,7.257,2.0,0.0,0.0,0.0,3.0,0,0.0,True,377.0,28.0,136.79,13.46
68,6804,6804031,Наркевицька селищна громада,3.0,1.0,7.43,2.0,0.0,0.0,0.0,3.0,2,0.315,False,,,,15.1
68,6804,6804033,Розсошанська сільська громада,8.0,0.0,9.621,8.0,0.0,2.0,0.0,9.0,1,0.017,True,1061.0,87.0,127.6,12.2
68,6804,6804035,Сатанівська селищна громада,5.0,2.0,6.501,4.0,0.0,1.0,2.0,3.0,7,0.544,False,,,,17.76
68,6804,6804037,Солобковецька сільська громада,3.0,0.0,8.682,3.0,0.0,1.0,0.0,4.0,0,0.0,True,502.0,45.0,145.28,11.16
68,6804,6804039,Старокостянтинівська міська громада,24.0,3.0,4.377,16.0,0.0,0.0,0.0,25.0,5,0.026,True,6221.0,338.0,113.45,18.41
68,6804,6804041,Староостропільська сільська громада,3.0,2.0,6.076,3.0,0.0,1.0,0.0,5.0,0,0.0,True,523.0,44.0,105.93,11.89
68,6804,6804043,Старосинявська селищна громада,11.0,0.0,5.587,9.0,0.0,1.0,1.0,12.0,3,0.198,False,,,,11.29
68,6804,6804045,Теофіпольська селищна громада,15.0,8.0,5.776,11.0,0.0,3.0,0.0,18.0,9,0.173,False,,,,13.8
68,6804,6804047,Хмельницька міська громада,61.0,0.0,2.112,13.0,0.0,2.0,2.0,54.0,4,0.014,True,38564.0,1370.0,133.53,28.15
68,6804,6804049,Чорноострівська селищна громада,6.0,2.0,9.848,5.0,0.0,1.0,0.0,10.0,1,0.15,False,,,,10.57
68,6804,6804051,Щиборівська сільська громада,3.0,1.0,5.512,3.0,0.0,0.0,0.0,3.0,2,0.535,False,,,,8.0
68,6804,6804053,Ярмолинецька селищна громада,10.0,0.0,4.67,8.0,0.0,0.0,0.0,10.0,2,0.131,False,,,,14.91
68,6806,6806001,Берездівська сільська громада,5.0,1.0,7.912,5.0,0.0,3.0,0.0,8.0,1,0.033,True,788.0,77.0,124.7,10.23
68,6806,6806003,Білогірська селищна громада,13.0,0.0,6.356,12.0,0.0,1.0,0.0,12.0,0,0.0,True,1944.0,156.0,95.04,12.46
68,6806,6806005,Ганнопільська сільська громада,6.0,0.0,10.002,6.0,0.0,0.0,0.0,6.0,0,0.0,True,649.0,61.0,108.19,10.64
68,6806,6806007,Грицівська селищна громада,3.0,0.0,4.045,2.0,0.0,1.0,0.0,4.0,0,0.0,True,625.0,36.0,84.27,17.36
68,6806,6806009,Ізяславська міська громада,18.0,0.0,5.372,10.0,0.0,2.0,0.0,17.0,0,0.0,True,3031.0,192.0,90.46,15.79
68,6806,6806011,Крупецька сільська громада,3.0,1.0,5.078,3.0,0.0,1.0,2.0,2.0,0,0.0,True,299.0,27.0,50.61,11.07
68,6806,6806013,Ленковецька сільська об'єднана територіальна громада,5.0,0.0,8.964,5.0,0.0,0.0,0.0,6.0,0,0.0,True,564.0,53.0,101.12,10.64
68,6806,6806015,Михайлюцька сільська громада,5.0,0.0,13.64,5.0,0.0,0.0,0.0,4.0,1,0.0,True,620.0,43.0,169.13,14.42
68,6806,6806017,Нетішинська міська громада,5.0,0.0,1.502,1.0,0.0,0.0,0.0,5.0,0,0.0,True,4255.0,172.0,127.85,24.74
68,6806,6806019,Плужненська сільська громада,5.0,0.0,8.626,5.0,0.0,1.0,0.0,5.0,1,0.05,True,774.0,62.0,133.54,12.48
68,6806,6806021,Полонська міська громада,17.0,0.0,4.912,10.0,0.0,3.0,5.0,15.0,3,0.028,True,3944.0,225.0,113.95,17.53
68,6806,6806023,Понінківська селищна громада,3.0,0.0,3.895,1.0,0.0,1.0,1.0,3.0,1,0.04,True,886.0,49.0,115.02,18.08
68,6806,6806025,Сахновецька сільська громада,4.0,0.0,10.412,4.0,0.0,0.0,0.0,3.0,3,0.57,False,,,,8.17
68,6806,6806027,Славутська міська громада,10.0,0.0,2.517,1.0,0.0,1.0,0.0,9.0,1,0.013,True,4797.0,173.0,120.74,27.73
68,6806,6806029,Судилківська сільська громада,8.0,0.0,6.095,8.0,0.0,2.0,1.0,7.0,0,0.0,True,1326.0,90.0,101.03,14.73
68,6806,6806031,Улашанівська сільська громада,5.0,1.0,5.64,5.0,0.0,1.0,0.0,5.0,2,0.271,False,,,,11.55
68,6806,6806033,Шепетівська міська громада,11.0,0.0,2.471,2.0,0.0,0.0,0.0,12.0,0,0.0,True,5868.0,231.0,131.84,25.4
68,6806,6806035,Ямпільська селищна громада,2.0,0.0,3.699,0.0,0.0,1.0,0.0,6.0,0,0.0,True,700.0,58.0,129.48,12.07
71,7102,7102001,Бужанська сільська громада,3.0,1.0,9.892,3.0,0.0,1.0,2.0,4.0,0,0.0,True,352.0,30.0,116.07,11.73
71,7102,7102003,Ватутінська міська громада,6.0,1.0,3.225,2.0,0.0,1.0,0.0,,4,1.0,False,,,,
71,7102,7102005,Виноградська сільська громада,2.0,5.0,5.191,1.0,0.0,1.0,0.0,5.0,2,0.386,False,,,,13.81
71,7102,7102007,Вільшанська селищна громада,5.0,0.0,7.775,3.0,0.0,1.0,2.0,6.0,0,0.0,True,658.0,52.0,102.32,12.65
71,7102,7102009,Водяницька сільська громада,6.0,0.0,15.417,6.0,0.0,1.0,0.0,6.0,1,0.1,False,,,,9.91
71,7102,7102011,Єрківська селищна громада,1.0,0.0,1.201,0.0,0.0,0.0,0.0,1.0,0,0.0,True,538.0,25.0,64.64,21.52
71,7102,7102013,Звенигородська міська громада,15.0,0.0,3.918,8.0,0.0,1.0,0.0,12.0,2,0.088,False,,,,17.56
71,7102,7102015,Катеринопільська селищна громада,12.0,2.0,14.066,5.0,0.0,3.0,5.0,9.0,1,0.13,False,,,,8.1
71,7102,7102017,Лип'янська сільська громада,4.0,0.0,26.679,4.0,0.0,0.0,0.0,3.0,0,0.0,True,177.0,25.0,118.05,7.08
71,7102,7102019,Лисянська селищна громада,8.0,2.0,5.289,5.0,0.0,3.0,4.0,10.0,0,0.0,True,1353.0,100.0,89.45,13.53
71,7102,7102021,Матусівська сільська громада,2.0,0.0,7.749,2.0,0.0,0.0,0.0,2.0,1,0.095,False,,,,10.86
71,7102,7102023,Мокрокалигірська сільська громада,2.0,0.0,7.393,2.0,0.0,0.0,0.0,4.0,0,0.0,True,384.0,24.0,141.94,16.0
71,7102,7102025,Селищенська сільська громада,5.0,0.0,11.674,5.0,0.0,0.0,3.0,5.0,0,0.0,True,271.0,27.0,63.27,10.04
71,7102,7102027,Стеблівська селищна громада,4.0,0.0,7.413,3.0,0.0,1.0,3.0,5.0,0,0.0,True,825.0,79.0,152.89,10.44
71,7102,7102029,Тальнівська міська громада,14.0,3.0,4.251,9.0,0.0,0.0,0.0,20.0,0,0.0,True,2923.0,207.0,88.76,14.12
71,7102,7102031,Шевченківська сільська громада,3.0,0.0,16.621,3.0,0.0,1.0,0.0,4.0,0,0.0,True,464.0,35.0,257.07,13.26
71,7102,7102033,Шполянська міська громада,21.0,1.0,5.679,16.0,0.0,0.0,0.0,23.0,2,0.05,True,3459.0,239.0,93.54,14.47
71,7104,7104001,Великохутірська сільська громада,3.0,0.0,8.408,2.0,0.0,0.0,0.0,3.0,0,0.0,True,231.0,23.0,64.74,10.04
71,7104,7104003,Вознесенська сільська громада,3.0,0.0,7.742,2.0,0.0,0.0,0.0,3.0,1,0.033,True,441.0,33.0,113.81,13.36
71,7104,7104005,Гельмязівська сільська громада,8.0,0.0,13.542,8.0,0.0,1.0,4.0,7.0,0,0.0,True,682.0,52.0,115.44,13.12
71,7104,7104007,Драбівська селищна громада,5.0,0.0,3.007,4.0,0.0,1.0,0.0,9.0,0,0.0,True,1194.0,89.0,71.8,13.42
71,7104,7104009,Золотоніська міська громада,12.0,0.0,2.675,4.0,0.0,0.0,0.0,13.0,0,0.0,True,3984.0,199.0,88.81,20.02
71,7104,7104011,Зорівська сільська громада,4.0,0.0,15.64,4.0,0.0,0.0,0.0,2.0,0,0.0,True,267.0,22.0,104.4,12.14
71,7104,7104013,Іркліївська сільська громада,11.0,1.0,6.466,10.0,0.0,1.0,1.0,15.0,2,0.093,False,,,,9.94
71,7104,7104015,Новодмитрівська сільська громада,9.0,1.0,10.905,9.0,0.0,1.0,4.0,10.0,0,0.0,True,774.0,80.0,93.78,9.68
71,7104,7104017,Піщанська сільська громада,4.0,2.0,7.821,3.0,0.0,0.0,0.0,5.0,0,0.0,True,566.0,43.0,110.66,13.16
71,7104,7104019,Чорнобаївська селищна громада,6.0,0.0,2.579,5.0,0.0,1.0,0.0,14.0,1,0.026,True,1893.0,135.0,81.37,14.02
71,7104,7104021,Шрамківська сільська громада,11.0,0.0,9.897,11.0,0.0,1.0,2.0,11.0,0,0.0,True,1004.0,112.0,90.33,8.96
71,7106,7106001,Бабанська селищна громада,4.0,0.0,8.435,3.0,0.0,1.0,1.0,4.0,0,0.0,True,654.0,56.0,137.91,11.68
71,7106,7106003,Баштечківська сільська громада,4.0,1.0,14.65,4.0,0.0,0.0,0.0,4.0,0,0.0,True,322.0,39.0,117.93,8.26
71,7106,7106005,Буцька селищна громада,4.0,0.0,10.498,2.0,0.0,1.0,1.0,5.0,0,0.0,True,451.0,44.0,118.37,10.25
71,7106,7106007,Дмитрушківська сільська громада,7.0,0.0,9.339,7.0,0.0,1.0,1.0,8.0,1,0.029,True,1210.0,99.0,161.44,12.22
71,7106,7106009,Жашківська міська громада,15.0,0.0,4.629,10.0,0.0,3.0,1.0,19.0,1,0.016,True,3155.0,189.0,97.37,16.69
71,7106,7106011,Іваньківська сільська громада,1.0,0.0,2.471,1.0,0.0,1.0,0.0,3.0,0,0.0,True,326.0,26.0,80.55,12.54
71,7106,7106013,Ладижинська сільська громада,6.0,0.0,9.447,4.0,0.0,1.0,3.0,7.0,0,0.0,True,890.0,81.0,140.13,10.99
71,7106,7106015,Маньківська селищна громада,11.0,1.0,5.506,9.0,0.0,0.0,1.0,13.0,0,0.0,True,1939.0,150.0,97.05,12.93
71,7106,7106017,Монастирищенська міська громада,17.0,0.0,4.819,10.0,0.0,4.0,5.0,18.0,0,0.0,True,3214.0,255.0,91.11,12.6
71,7106,7106019,Паланська сільська громада,12.0,0.0,9.396,12.0,0.0,1.0,0.0,12.0,2,0.169,False,,,,10.98
71,7106,7106021,Уманська міська громада,20.0,1.0,2.155,1.0,0.0,1.0,0.0,22.0,0,0.0,True,9064.0,370.0,97.66,24.5
71,7106,7106023,Христинівська міська громада,17.0,0.0,4.984,14.0,0.0,2.0,4.0,18.0,1,0.01,True,3413.0,249.0,100.05,13.71
71,7108,7108001,Балаклеївська сільська громада,2.0,1.0,4.21,2.0,0.0,1.0,0.0,6.0,0,0.0,True,1006.0,82.0,211.79,12.27
71,7108,7108003,Березняківська сільська громада,3.0,0.0,8.831,3.0,0.0,0.0,0.0,3.0,0,0.0,True,430.0,33.0,126.58,13.03
71,7108,7108005,Білозірська сільська громада,3.0,0.0,3.692,2.0,0.0,1.0,1.0,4.0,0,0.0,True,940.0,61.0,115.68,15.41
71,7108,7108007,Бобрицька сільська громада,4.0,0.0,11.928,4.0,0.0,0.0,0.0,4.0,0,0.0,True,311.0,34.0,92.74,9.15
71,7108,7108009,Будищенська сільська громада,2.0,0.0,4.086,2.0,0.0,0.0,0.0,2.0,0,0.0,True,446.0,25.0,91.13,17.84
71,7108,7108011,Городищенська міська громада,9.0,0.0,3.335,4.0,0.0,1.0,0.0,10.0,1,0.0,True,2141.0,129.0,79.33,16.6
71,7108,7108013,Кам'янська міська громада,9.0,0.0,3.979,5.0,0.0,1.0,1.0,11.0,1,0.0,True,1864.0,114.0,82.4,16.35
71,7108,7108015,Канівська міська громада,8.0,0.0,2.304,3.0,0.0,0.0,1.0,9.0,0,0.0,True,2864.0,139.0,82.48,20.6
71,7108,7108017,Корсунь-Шевченківська міська громада,7.0,0.0,2.655,2.0,0.0,1.0,0.0,7.0,2,0.103,False,,,,19.42
71,7108,7108019,Леськівська сільська громада,3.0,0.0,7.391,3.0,0.0,0.0,0.0,4.0,0,0.0,True,829.0,51.0,204.25,16.25
71,7108,7108021,Ліплявська сільська громада,2.0,1.0,7.343,2.0,0.0,1.0,0.0,2.0,0,0.0,True,327.0,22.0,120.06,14.86
71,7108,7108023,Медведівська сільська громада,2.0,0.0,8.071,2.0,0.0,1.0,0.0,2.0,0,0.0,True,278.0,22.0,112.19,12.64
71,7108,7108025,Михайлівська сільська громада,6.0,0.0,13.711,6.0,0.0,0.0,0.0,7.0,0,0.0,True,680.0,72.0,155.39,9.44
71,7108,7108027,Мліївська сільська громада,3.0,0.0,6.26,3.0,0.0,0.0,0.0,3.0,0,0.0,True,438.0,33.0,91.4,13.27
71,7108,7108029,Мошнівська сільська громада,6.0,0.0,7.056,6.0,0.0,0.0,0.0,6.0,1,0.021,True,1160.0,75.0,136.43,15.47
71,7108,7108031,Набутівська сільська громада,4.0,0.0,6.407,4.0,0.0,0.0,0.0,4.0,0,0.0,True,313.0,37.0,50.13,8.46
71,7108,7108033,Ротмістрівська сільська громада,8.0,0.0,19.272,8.0,0.0,0.0,0.0,8.0,0,0.0,True,653.0,62.0,157.31,10.53
71,7108,7108035,Руськополянська сільська громада,4.0,0.0,3.034,4.0,0.0,0.0,0.0,4.0,0,0.0,True,1495.0,78.0,113.41,19.17
71,7108,7108037,Сагунівська сільська громада,3.0,0.0,8.29,3.0,0.0,0.0,0.0,3.0,0,0.0,True,441.0,26.0,121.86,16.96
71,7108,7108039,Смілянська міська громада,13.0,0.0,1.581,0.0,0.0,0.0,0.0,14.0,0,0.0,True,6850.0,273.0,83.33,25.09
71,7108,7108041,Степанецька сільська громада,4.0,2.0,13.433,4.0,0.0,1.0,0.0,4.0,2,0.218,False,,,,11.27
71,7108,7108043,Степанківська сільська громада,3.0,0.0,6.592,3.0,0.0,1.0,0.0,3.0,0,0.0,True,585.0,34.0,128.54,17.21
71,7108,7108045,Тернівська сільська громада,3.0,1.0,9.476,3.0,0.0,0.0,0.0,6.0,0,0.0,True,242.0,21.0,76.44,11.52
71,7108,7108047,Червонослобідська сільська громада,5.0,0.0,3.044,5.0,0.0,0.0,0.0,3.0,0,0.0,True,577.0,35.0,35.13,16.49
71,7108,7108049,Черкаська міська громада,48.0,0.0,1.698,0.0,0.0,0.0,0.0,46.0,0,0.0,True,29829.0,1089.0,105.5,27.39
71,7108,7108051,Чигиринська міська громада,10.0,2.0,4.724,7.0,0.0,1.0,1.0,11.0,2,0.11,False,,,,14.5
73,7302,7302001,Банилівська сільська громада,4.0,0.0,10.368,4.0,0.0,1.0,0.0,4.0,0,0.0,True,1183.0,65.0,306.63,18.2
73,7302,7302003,Берегометська селищна громада,10.0,1.0,7.513,5.0,4.0,2.0,0.0,9.0,2,0.068,False,,,,20.4
73,7302,7302005,Брусницька сільська громада,6.0,2.0,11.82,6.0,0.0,1.0,0.0,8.0,0,0.0,True,1126.0,68.0,221.82,16.56
73,7302,7302007,Вашківецька міська громада,7.0,0.0,9.472,5.0,0.0,2.0,1.0,4.0,8,0.839,False,,,,13.89
73,7302,7302009,Вижницька міська громада,8.0,1.0,5.478,5.0,1.0,4.0,0.0,10.0,0,0.0,True,2959.0,158.0,202.63,18.73
73,7302,7302011,Конятинська сільська громада,4.0,0.0,11.638,4.0,4.0,2.0,1.0,4.0,0,0.0,True,809.0,59.0,235.39,13.71
73,7302,7302013,Путильська селищна громада,9.0,0.0,9.326,7.0,9.0,3.0,2.0,9.0,0,0.0,True,1841.0,93.0,190.77,19.8
73,7302,7302015,Селятинська сільська громада,4.0,1.0,16.593,4.0,3.0,1.0,1.0,4.0,0,0.0,True,884.0,53.0,366.71,16.68
73,7302,7302017,Усть-Путильська сільська громада,4.0,0.0,10.095,4.0,4.0,0.0,0.0,4.0,0,0.0,True,729.0,45.0,183.98,16.2
73,7304,7304001,Вашковецька сільська громада,2.0,0.0,4.724,2.0,0.0,0.0,0.0,,4,1.0,False,,,,
73,7304,7304003,Кельменецька селищна громада,20.0,0.0,5.864,19.0,0.0,3.0,3.0,17.0,8,0.441,False,,,,15.81
73,7304,7304005,Клішковецька сільська громада,8.0,2.0,4.3,8.0,0.0,5.0,1.0,9.0,0,0.0,True,1842.0,108.0,99.02,17.06
73,7304,7304007,Лівинецька сільська громада,5.0,1.0,8.711,5.0,0.0,1.0,2.0,5.0,2,0.015,True,666.0,61.0,116.04,10.92
73,7304,7304009,Мамалигівська сільська громада,6.0,0.0,6.666,6.0,0.0,1.0,1.0,6.0,0,0.0,True,948.0,74.0,105.32,12.81
73,7304,7304011,Недобоївська сільська громада,6.0,0.0,4.273,6.0,0.0,1.0,0.0,5.0,2,0.293,False,,,,16.18
73,7304,7304013,Новодністровська міська громада,4.0,0.0,5.381,0.0,0.0,1.0,1.0,4.0,0,0.0,True,1732.0,73.0,232.99,23.73
73,7304,7304015,Рукшинська сільська громада,3.0,0.0,6.953,3.0,0.0,0.0,0.0,4.0,0,0.0,True,694.0,46.0,160.84,15.09
73,7304,7304017,Сокирянська міська громада,19.0,4.0,4.23,16.0,0.0,7.0,8.0,22.0,0,0.0,True,4562.0,273.0,101.57,16.71
73,7304,7304019,Хотинська міська громада,13.0,0.0,7.608,8.0,0.0,1.0,0.0,14.0,0,0.0,True,2601.0,158.0,152.22,16.46
73,7306,7306001,Боянська сільська громада,3.0,0.0,3.5,3.0,0.0,0.0,0.0,3.0,0,0.0,True,738.0,50.0,86.09,14.76
73,7306,7306003,Ванчиковецька сільська громада,6.0,0.0,3.979,6.0,0.0,1.0,2.0,6.0,0,0.0,True,1255.0,94.0,83.22,13.35
73,7306,7306005,Великокучурівська сільська громада,4.0,0.0,1.834,4.0,0.0,0.0,0.0,4.0,0,0.0,True,1616.0,73.0,74.08,22.14
73,7306,7306007,Веренчанська сільська громада,4.0,1.0,5.499,4.0,0.0,2.0,2.0,4.0,2,0.194,False,,,,14.76
73,7306,7306009,Вікнянська сільська громада,5.0,0.0,10.401,5.0,0.0,1.0,2.0,5.0,0,0.0,True,547.0,38.0,113.79,14.39
73,7306,7306011,Волоківська сільська громада,4.0,0.0,5.61,4.0,0.0,1.0,3.0,2.0,3,0.82,False,,,,14.84
73,7306,7306013,Герцаївська міська громада,15.0,2.0,10.097,13.0,0.0,2.0,3.0,17.0,0,0.0,True,2461.0,164.0,165.65,15.01
73,7306,7306015,Глибоцька селищна громада,9.0,1.0,5.855,7.0,0.0,2.0,3.0,9.0,2,0.003,True,2902.0,153.0,188.78,18.97
73,7306,7306017,Горішньошеровецька сільська громада,4.0,0.0,7.231,4.0,0.0,1.0,1.0,4.0,0,0.0,True,733.0,56.0,132.5,13.09
73,7306,7306019,Заставнівська міська громада,4.0,0.0,2.984,2.0,0.0,1.0,1.0,4.0,0,0.0,True,1215.0,62.0,90.63,19.6
73,7306,7306021,Кадубовецька сільська громада,6.0,0.0,7.449,6.0,0.0,2.0,2.0,6.0,0,0.0,True,1171.0,83.0,145.39,14.11
73,7306,7306023,Кам'янецька сільська громада,3.0,0.0,3.954,3.0,0.0,0.0,0.0,3.0,0,0.0,True,1634.0,73.0,215.34,22.38
73,7306,7306025,Кам'янська сільська громада,5.0,0.0,4.336,5.0,0.0,1.0,1.0,5.0,0,0.0,True,1343.0,79.0,116.45,17.0
73,7306,7306027,Карапчівська сільська громада,4.0,0.0,19.12,4.0,0.0,0.0,0.0,2.0,3,0.722,False,,,,12.65
73,7306,7306029,Кіцманська міська громада,9.0,0.0,4.073,7.0,0.0,3.0,0.0,11.0,0,0.0,True,2366.0,127.0,107.06,18.63
73,7306,7306031,Кострижівська селищна громада,2.0,1.0,5.203,1.0,0.0,1.0,0.0,3.0,0,0.0,True,427.0,26.0,111.08,16.42
73,7306,7306033,Красноїльська селищна громада,5.0,0.0,7.552,1.0,1.0,0.0,0.0,5.0,0,0.0,True,1648.0,84.0,248.92,19.62
73,7306,7306035,Магальська сільська громада,3.0,0.0,2.44,3.0,0.0,0.0,0.0,2.0,3,0.445,False,,,,20.61
73,7306,7306037,Мамаївська сільська громада,10.0,0.0,3.642,9.0,0.0,3.0,3.0,8.0,0,0.0,True,2296.0,118.0,83.62,19.46
73,7306,7306039,Неполоковецька селищна громада,3.0,0.0,4.587,2.0,0.0,0.0,0.0,3.0,0,0.0,True,860.0,46.0,131.5,18.7
73,7306,7306041,Новоселицька міська громада,14.0,0.0,4.444,11.0,0.0,2.0,3.0,11.0,4,0.461,False,,,,13.72
73,7306,7306043,Острицька сільська громада,9.0,0.0,6.481,9.0,0.0,4.0,3.0,6.0,5,0.464,False,,,,14.92
73,7306,7306045,Петровецька сільська громада,4.0,0.0,8.293,4.0,0.0,0.0,0.0,3.0,0,0.0,True,1084.0,56.0,224.74,19.36
73,7306,7306047,Ставчанська сільська громада,5.0,0.0,9.404,5.0,0.0,1.0,1.0,3.0,4,0.774,False,,,,9.8
73,7306,7306049,Сторожинецька міська громада,21.0,0.0,5.551,16.0,0.0,2.0,2.0,20.0,0,0.0,True,6147.0,328.0,162.47,18.74
73,7306,7306051,Сучевенська сільська громада,7.0,0.0,16.645,7.0,0.0,1.0,0.0,6.0,0,0.0,True,965.0,62.0,229.46,15.56
73,7306,7306053,Тарашанська сільська громада,4.0,0.0,8.139,4.0,0.0,0.0,0.0,4.0,0,0.0,True,1190.0,62.0,242.14,19.19
73,7306,7306055,Тереблеченська сільська громада,5.0,0.0,9.941,5.0,0.0,0.0,0.0,5.0,0,0.0,True,639.0,52.0,127.05,12.29
73,7306,7306057,Топорівська сільська громада,4.0,0.0,3.507,4.0,0.0,0.0,0.0,4.0,0,0.0,True,1501.0,80.0,131.59,18.76
73,7306,7306059,Чагорська сільська громада,4.0,0.0,2.406,4.0,0.0,0.0,1.0,3.0,2,0.251,False,,,,21.13
73,7306,7306061,Чернівецька міська громада,60.0,1.0,2.185,2.0,1.0,0.0,0.0,54.0,0,0.0,True,30058.0,1111.0,109.45,27.05
73,7306,7306063,Чудейська сільська громада,7.0,0.0,7.201,7.0,0.0,0.0,0.0,7.0,0,0.0,True,1961.0,106.0,201.74,18.5
73,7306,7306065,Юрковецька сільська громада,6.0,0.0,8.01,6.0,0.0,1.0,0.0,7.0,0,0.0,True,1290.0,78.0,172.22,16.54
74,7402,7402001,Корюківська міська громада,7.0,1.0,3.12,4.0,0.0,1.0,0.0,10.0,2,0.046,True,2073.0,116.0,92.39,17.87
74,7402,7402003,Менська міська громада,12.0,0.0,4.551,9.0,0.0,2.0,7.0,11.0,6,0.157,False,,,,14.09
74,7402,7402005,Сновська міська громада,13.0,0.0,5.787,8.0,0.0,4.0,0.0,12.0,2,0.091,False,,,,15.02
74,7402,7402007,Сосницька селищна громада,7.0,5.0,4.615,4.0,0.0,1.0,0.0,12.0,1,0.064,False,,,,12.59
74,7402,7402009,Холминська селищна громада,2.0,0.0,5.948,1.0,0.0,1.0,0.0,2.0,0,0.0,True,432.0,26.0,128.48,16.62
74,7404,7404001,Батуринська міська громада,5.0,0.0,7.547,4.0,0.0,1.0,3.0,4.0,2,0.13,False,,,,11.65
74,7404,7404003,Бахмацька міська громада,12.0,0.0,3.705,9.0,0.0,1.0,0.0,12.0,3,0.059,False,,,,17.19
74,7404,7404005,Бобровицька міська громада,15.0,3.0,5.738,12.0,1.0,1.0,1.0,14.0,6,0.198,False,,,,15.31
74,7404,7404007,Борзнянська міська громада,9.0,0.0,4.984,5.0,0.0,1.0,0.0,10.0,0,0.0,True,1597.0,118.0,88.43,13.53
74,7404,7404009,Вертіївська сільська громада,4.0,0.0,6.861,4.0,0.0,1.0,0.0,5.0,0,0.0,True,552.0,43.0,94.68,12.84
74,7404,7404011,Височанська сільська громада,2.0,1.0,4.507,2.0,0.0,0.0,0.0,5.0,0,0.0,True,293.0,30.0,66.02,9.77
74,7404,7404013,Дмитрівська селищна громада,5.0,0.0,17.488,4.0,0.0,0.0,3.0,4.0,2,0.32,False,,,,10.29
74,7404,7404015,Комарівська сільська громада,5.0,3.0,13.696,5.0,0.0,1.0,0.0,8.0,1,0.077,False,,,,7.35
74,7404,7404017,Крутівська сільська громада,3.0,0.0,9.568,3.0,0.0,0.0,0.0,3.0,0,0.0,True,238.0,23.0,75.91,10.35
74,7404,7404019,Лосинівська селищна громада,7.0,0.0,11.878,5.0,0.0,1.0,0.0,6.0,1,0.071,False,,,,11.47
74,7404,7404021,Макіївська сільська громада,5.0,0.0,13.691,5.0,0.0,0.0,0.0,5.0,0,0.0,True,289.0,37.0,79.13,7.81
74,7404,7404023,Мринська сільська громада,3.0,0.0,5.881,3.0,0.0,0.0,0.0,3.0,0,0.0,True,342.0,31.0,67.05,11.03
74,7404,7404025,Ніжинська міська громада,16.0,0.0,2.061,0.0,0.0,0.0,0.0,18.0,0,0.0,True,7282.0,283.0,93.81,25.73
74,7404,7404027,Новобасанська сільська громада,4.0,0.0,7.765,4.0,0.0,1.0,0.0,5.0,0,0.0,True,535.0,35.0,103.86,15.29
74,7404,7404029,Носівська міська громада,6.0,0.0,3.185,1.0,0.0,2.0,0.0,10.0,0,0.0,True,2489.0,142.0,132.11,17.53
74,7404,7404031,Плисківська сільська громада,3.0,0.0,13.309,3.0,0.0,0.0,0.0,3.0,0,0.0,True,186.0,25.0,82.52,7.44
74,7404,7404033,Талалаївська сільська громада,4.0,0.0,10.326,4.0,0.0,0.0,0.0,3.0,4,0.755,False,,,,10.12
74,7406,7406001,Коропська селищна громада,11.0,0.0,6.29,9.0,0.0,2.0,4.0,9.0,0,0.0,True,1328.0,109.0,75.93,12.18
74,7406,7406003,Новгород-Сіверська міська громада,13.0,0.0,5.323,9.0,0.0,2.0,3.0,14.0,4,0.134,False,,,,16.26
74,7406,7406005,Понорницька селищна громада,4.0,0.0,5.106,3.0,0.0,0.0,0.0,4.0,0,0.0,True,539.0,40.0,68.81,13.48
74,7406,7406007,Семенівська міська громада,5.0,6.0,3.013,2.0,0.0,1.0,0.0,12.0,4,0.194,False,,,,12.89
74,7408,7408001,Варвинська селищна громада,5.0,0.0,2.997,3.0,0.0,1.0,0.0,5.0,3,0.205,False,,,,19.23
74,7408,7408003,Ічнянська міська громада,17.0,0.0,6.754,12.0,0.0,1.0,4.0,18.0,1,0.004,True,1907.0,143.0,75.77,13.34
74,7408,7408005,Ладанська селищна громада,2.0,1.0,6.673,1.0,0.0,1.0,0.0,3.0,0,0.0,True,596.0,33.0,198.85,18.06
74,7408,7408007,Линовицька селищна громада,4.0,0.0,18.376,3.0,0.0,1.0,0.0,4.0,0,0.0,True,547.0,45.0,251.29,12.16
74,7408,7408009,Малодівицька селищна громада,5.0,0.0,19.553,3.0,0.0,2.0,3.0,4.0,1,0.024,True,324.0,25.0,126.7,12.96
74,7408,7408011,Парафіївська селищна громада,4.0,0.0,8.321,2.0,0.0,0.0,0.0,4.0,1,0.077,False,,,,13.23
74,7408,7408013,Прилуцька міська громада,14.0,1.0,1.98,0.0,0.0,0.0,1.0,13.0,0,0.0,True,5903.0,244.0,83.47,24.19
74,7408,7408015,Срібнянська селищна громада,11.0,0.0,10.592,9.0,0.0,1.0,0.0,10.0,2,0.155,False,,,,10.9
74,7408,7408017,Сухополов'янська сільська громада,13.0,4.0,19.458,9.0,0.0,2.0,4.0,13.0,0,0.0,True,833.0,68.0,124.68,12.25
74,7408,7408019,Талалаївська селищна громада,5.0,0.0,4.081,4.0,0.0,1.0,0.0,6.0,3,0.62,False,,,,8.8
74,7408,7408021,Яблунівська сільська громада,4.0,0.0,36.219,4.0,0.0,1.0,0.0,4.0,0,0.0,True,304.0,38.0,275.26,8.0
74,7410,7410001,Березнянська селищна громада,3.0,0.0,3.653,1.0,0.0,1.0,0.0,5.0,0,0.0,True,721.0,56.0,87.8,12.88
74,7410,7410003,Гончарівська селищна громада,3.0,0.0,9.075,2.0,0.0,1.0,0.0,3.0,1,0.075,False,,,,15.83
74,7410,7410005,Городнянська міська громада,5.0,4.0,2.163,2.0,0.0,2.0,0.0,12.0,1,0.04,True,1996.0,119.0,86.35,16.77
74,7410,7410007,Деснянська селищна громада,4.0,0.0,3.205,3.0,0.0,1.0,2.0,3.0,2,0.122,False,,,,18.66
74,7410,7410009,Добрянська селищна громада,2.0,1.0,6.584,1.0,0.0,1.0,0.0,3.0,0,0.0,True,420.0,34.0,138.26,12.35
74,7410,7410011,Іванівська сільська громада,5.0,0.0,10.435,5.0,0.0,2.0,1.0,4.0,6,0.576,False,,,,10.91
74,7410,7410013,Киїнська сільська громада,2.0,0.0,2.376,2.0,0.0,1.0,0.0,2.0,0,0.0,True,655.0,33.0,77.81,19.85
74,7410,7410015,Киселівська сільська громада,4.0,1.0,5.979,4.0,0.0,0.0,0.0,2.0,3,0.622,False,,,,9.2
74,7410,7410017,Кіптівська сільська громада,3.0,1.0,5.935,2.0,0.0,1.0,0.0,3.0,1,0.078,False,,,,12.53
74,7410,7410019,Козелецька селищна громада,7.0,0.0,4.406,4.0,0.0,2.0,0.0,10.0,0,0.0,True,1853.0,118.0,116.62,15.7
74,7410,7410021,Куликівська селищна громада,5.0,2.0,3.323,4.0,0.0,1.0,0.0,8.0,2,0.12,False,,,,13.66
74,7410,7410023,Любецька селищна громада,2.0,0.0,1.118,1.0,0.0,1.0,0.0,3.0,2,0.153,False,,,,12.4
74,7410,7410025,Михайло-Коцюбинська селищна громада,9.0,0.0,11.326,8.0,0.0,1.0,5.0,10.0,0,0.0,True,836.0,75.0,105.21,11.15
74,7410,7410027,Новобілоуська сільська громада,7.0,1.0,5.229,7.0,0.0,1.0,0.0,9.0,0,0.0,True,1210.0,94.0,90.38,12.87
74,7410,7410029,Олишівська селищна громада,1.0,0.0,5.359,0.0,0.0,0.0,0.0,1.0,0,0.0,True,186.0,10.0,99.68,18.6
74,7410,7410031,Остерська міська громада,4.0,0.0,3.892,2.0,0.0,2.0,0.0,4.0,0,0.0,True,804.0,49.0,78.23,16.41
74,7410,7410033,Ріпкинська селищна громада,5.0,1.0,6.139,2.0,0.0,1.0,0.0,5.0,0,0.0,True,1164.0,65.0,142.92,17.91
74,7410,7410035,Седнівська селищна громада,1.0,0.0,4.611,0.0,0.0,0.0,0.0,1.0,0,0.0,True,166.0,11.0,76.54,15.09
74,7410,7410037,Тупичівська сільська громада,2.0,0.0,5.961,2.0,0.0,1.0,0.0,3.0,0,0.0,True,373.0,25.0,111.18,14.92
74,7410,7410039,Чернігівська міська громада,40.0,0.0,1.461,0.0,0.0,0.0,0.0,39.0,0,0.0,True,30529.0,1061.0,111.48,28.77
80,8000,8000000,Київ,659.0,26.0,2.321,0.0,0.0,8.0,6.0,577.0,0,0.0,True,323474.0,13331.0,113.92,24.26
