k3,year,code_source,rev_total_civ,transfers,own_gf_civ,pdfo_civ,inc_last_month,exp_total,capex,exp_last_month
0502001,2021,year,87978901.24,39280880.3,45860882.440000005,25783608.630000003,12.0,85692744.52,14833138.7,12.0
0502001,2022,year,74744247.95,32027294.5,40872206.8,22044419.080000002,12.0,78833162.28,1096113.04,12.0
0502001,2023,year,90633065.46000001,39253309.26,48992294.86,24984898.809999995,12.0,107381549.87000002,13911990.47,12.0
0502001,2024,year,126422080.21999998,46017322.35,63964171.7,28460031.32,12.0,123068976.77000004,17097054.580000002,12.0
0502001,2025,year,140867822.63,51090105.13,79640016.42000002,37492077.24999999,12.0,141815483.67999998,15610057.31,12.0
0502003,2021,year,4697944616.849998,941544638.82,3511222830.86,2170058192.52,12.0,5019323996.49,1144531450.0500002,12.0
0502003,2022,year,4777320659.710001,853657062.09,3709291101.0700006,2260238103.67,12.0,5025209324.070001,1111151383.03,12.0
0502003,2023,year,5850439621.66,955068150.65,4599190307.22,2701502816.2,12.0,6938623784.74,2112023492.08,12.0
0502003,2024,year,7409374556.759999,1336829491.2099998,5769914093.599999,3395149703.1,12.0,7267578037.590001,1598182539.69,12.0
0502003,2025,year,8563009360.49,1279091331.51,6790442640.949999,4041638726.4,12.0,8479122822.210001,1472206302.03,12.0
0502005,2021,year,126498464.79000002,53728394.89,70879094.39,43319853.36,12.0,132308088.98,8102813.95,12.0
0502005,2022,year,127724872.56999998,55920980.0,68369960.35,39591270.95999999,12.0,126466754.75,1847458.68,12.0
0502005,2023,year,166424936.12,73138853.56,87119535.76,45412105.99,12.0,155427857.41,15547066.23,12.0
0502005,2024,year,178408604.31,68635513.0,101119735.99,51030488.28,12.0,171180862.17,10871381.66,12.0
0502005,2025,year,201149474.2,80290693.09,114115255.34,55663400.98,12.0,208582442.96,15126193.8,12.0
0502007,2021,year,182003595.77,80474354.14999999,93549443.42999996,50345752.03,12.0,186208857.9,32378345.480000004,12.0
0502007,2022,year,149576140.45000002,61522783.22,83116872.77000001,46955798.309999995,12.0,191783298.12,22535726.31,12.0
0502007,2023,year,148811742.32,45958280.15,97639720.50999999,52375847.36000001,12.0,222698186.7,40156706.41,12.0
0502007,2024,year,216261343.64,80229455.24000001,127411276.71000002,60551174.92,12.0,198446906.56,13459080.98,12.0
0502007,2025,year,223095340.75,80313895.91,137269786.04,69430211.06,12.0,230378244.03000003,8327780.57,12.0
0502009,2021,year,241413082.10000002,79892103.88999999,155160315.01000002,115418885.50999999,12.0,,,
0502009,2022,year,230267809.11999995,60681871.33,165596042.45999995,125740692.57000001,12.0,,,
0502009,2023,year,260638894.52000004,65338724.370000005,182849916.15,135411524.97,12.0,270323088.74,46182739.18,12.0
0502009,2024,year,312849599.17999995,80163415.39,218086318.55000004,154691541.37,12.0,300325578.92,41026426.45,12.0
0502009,2025,year,345417209.5,80856805.32000001,253204028.47,180188503.69,12.0,340432135.85,39010692.42,12.0
0502011,2021,year,193496546.27000004,70031295.94000001,118236681.92,67074715.120000005,12.0,,,
0502011,2022,year,194421541.43,62829151.59,127093063.67999998,76349759.72999999,12.0,,,
0502011,2023,year,249669733.80999997,74673500.82,151686891.54,81379205.46000001,12.0,248779309.36,37040992.33,12.0
0502011,2024,year,269519738.48,73928222.26,180607416.17,100894253.84000002,12.0,264627453.5,20020558.66,12.0
0502011,2025,year,306356175.21,80809247.61,219085576.15,118944323.19,12.0,306765402.44,28886834.42,12.0
0502013,2021,year,211194351.5,94815903.49,110098712.37,64389461.150000006,12.0,,,
0502013,2022,year,189643135.44,73607955.96,109411564.57999998,71018619.28999999,12.0,,,
0502013,2023,year,230055037.56,85776336.56,137863687.18,77517756.08,12.0,235231773.1,19277808.21,12.0
0502013,2024,year,274459005.02,82837833.69,183018633.28,105362363.89,12.0,253116183.67,10395914.87,12.0
0502013,2025,year,330129293.24,91720100.64,228182932.34,138631708.31,12.0,328096474.19,20701840.84,12.0
0502015,2021,year,107194590.16,52715955.81,50501497.02000001,25411395.42,12.0,,,
0502015,2022,year,105193059.66000004,50800052.11,52226051.26,27863427.82,12.0,,,
0502015,2023,year,129547624.44,62607785.86,63773550.16,33186499.01,12.0,133690188.14,13656280.510000002,12.0
0502015,2024,year,148548725.84000003,58732754.720000006,85726418.58999999,44287899.94,12.0,140713671.36,4993613.41,12.0
0502015,2025,year,187480977.35,68274951.91,110471229.6,59263961.27,12.0,179807611.18999997,12229210.81,12.0
0502017,2021,year,267981550.88,90846888.85,164766857.23999998,93249077.17999999,12.0,,,
0502017,2022,year,250429957.06000003,78844452.61999999,164756117.90000004,97916265.97,12.0,,,
0502017,2023,year,324610993.94000006,101847833.45,208279068.6,116549785.08,12.0,318074157.91,29254050.41,12.0
0502017,2024,year,361523731.13000005,91720996.95,258211748.67,133081734.87,12.0,364356129.71,41503283.22,12.0
0502017,2025,year,441586147.06000006,101659992.42,302032927.51000005,155895650.01000002,12.0,450119389.82000005,63159618.900000006,12.0
0502019,2021,year,193424388.45000002,73756465.16,115496676.42,69278404.49999999,12.0,,,
0502019,2022,year,183710990.86,60441769.11,116265964.78,70619901.24000001,12.0,,,
0502019,2023,year,221843357.04999998,84235898.99,130980441.42999998,78160428.14999999,12.0,219872776.8,28314581.89,12.0
0502019,2024,year,246484018.44,71113892.75,161375372.85999998,97189515.10999998,12.0,247413373.93,23924986.2,12.0
0502019,2025,year,309086356.92,86499063.64999999,191704076.65,112217332.16,12.0,302613072.46,43458407.87,12.0
0502021,2021,year,286233906.87,120085184.96,158428067.83,80981170.09,12.0,,,
0502021,2022,year,269147860.49,89526573.64,166392150.39,88910608.73,12.0,,,
0502021,2023,year,326292597.99,126597762.33,188931021.6,97723553.94,12.0,310201146.36,16395795.41,12.0
0502021,2024,year,360208137.89000005,103039262.87,228648203.82,120421763.8,12.0,355085391.47,25685674.19,12.0
0502021,2025,year,432474674.3,133600535.13,274694595.47,142981154.95000002,12.0,424512909.1100001,23623044.98,12.0
0502023,2021,year,181174084.21000004,77568040.56,99985785.80999999,54452481.75000001,12.0,,,
0502023,2022,year,154840614.69000003,69026551.9,81440665.17999999,44552551.78,12.0,,,
0502023,2023,year,198699657.82,83260329.62,109142901.08000001,52509545.34,12.0,198350955.34,19353535.66,12.0
0502023,2024,year,252107262.39,101927830.59999998,140451001.17999998,65496950.19,12.0,273297935.64,52010962.900000006,12.0
0502023,2025,year,328262568.82,107032187.82,175844146.85999998,79392397.34999998,12.0,318946673.95,81952302.21,12.0
0502025,2021,year,54674304.55,34894808.5,18275174.57,8437306.27,12.0,,,
0502025,2022,year,45078053.65,27097164.040000003,17437933.64,8854389.09,12.0,,,
0502025,2023,year,59864188.65000001,31082719.03,22419078.89,10197556.05,12.0,75125465.44000001,16479060.39,12.0
0502025,2024,year,54657481.63,26541673.880000003,25788492.260000005,12509188.35,12.0,56612868.88,3590773.09,12.0
0502025,2025,year,65504838.81,29883606.12,33259572.67,15056012.569999998,12.0,65024390.18999999,5602483.140000001,12.0
0502027,2021,year,139056119.81000003,57602744.55,78908168.21,54236815.86000001,12.0,,,
0502027,2022,year,118289488.89,37943524.05,77465488.86,51525514.760000005,12.0,,,
0502027,2023,year,134597603.8,41236539.95,88003182.58,57377241.14,12.0,140221455.45999998,17004911.15,12.0
0502027,2024,year,162751706.93999997,46003061.79,110587074.92,73764606.17999999,12.0,160679635.53,18984735.34,12.0
0502027,2025,year,183079206.64,48328801.93,126848284.15,85695340.01,12.0,183708371.4,31704345.15,12.0
0502029,2021,year,136427250.12,72765867.2,61791122.75,32830027.84,12.0,,,
0502029,2022,year,138963317.80999994,66081985.55,66684125.33000001,36979348.220000006,12.0,,,
0502029,2023,year,167774147.50000003,78656994.58,81953512.31,40987905.52,12.0,167791159.76,14114356.28,12.0
0502029,2024,year,189474644.32,77968547.77999999,99851582.96,48950054.28,12.0,191957540.32,12080068.47,12.0
0502029,2025,year,215079908.7500001,88768784.04,122055546.78,59370556.22,12.0,213296473.21,10699955.27,12.0
0502031,2021,year,169215143.46,49931510.71,112920677.98000005,50470916.93000001,12.0,,,
0502031,2022,year,176913612.74,50836923.81,118199494.71000001,60477039.13,12.0,,,
0502031,2023,year,216462974.56,58559768.36,153874458.07999998,69563558.61,12.0,264071323.66,109123191.4,12.0
0502031,2024,year,254944650.73,60316303.84,186609756.94,82251886.24000001,12.0,252906299.19000003,67773897.2,12.0
0502031,2025,year,308313658.42,58331796.74,237269292.3,110862966.51,12.0,288732986.96000004,73456365.56,12.0
0504001,2021,year,352219830.42,151753962.5,184394972.82,104859266.02000001,12.0,,,
0504001,2022,year,348310783.68,152382691.69,175517484.22,99511927.17999999,12.0,,,
0504001,2023,year,412754846.97,188215054.6,204029033.51,110627034.0,12.0,403920608.6,28759531.180000003,12.0
0504001,2024,year,567128605.66,177947370.74,255860742.76,141570313.49,12.0,572296833.4,150294932.39,12.0
0504001,2025,year,537296295.85,199827276.8,311712650.79,169398146.78,12.0,549025737.3299999,33659259.54,12.0
0504003,2021,year,377819035.68000007,131448675.72,239040980.23000005,138032351.76,12.0,,,
0504003,2022,year,388853844.11000013,123237027.62,257350252.48000026,156037819.78999996,12.0,,,
0504003,2023,year,477896514.67,165214953.02,297240963.56,167397862.90000004,12.0,1243853046.9700005,432349342.38,12.0
0504003,2024,year,626873075.6099999,144431254.46,458380553.88,200545523.37,12.0,685423165.4,141161858.34,12.0
0504003,2025,year,608653498.3800001,160777646.44,433947298.4399999,234882191.47,12.0,657056122.2800001,78990105.73,12.0
0504005,2021,year,120995637.54999998,63503143.81,53178724.940000005,28092445.46,12.0,,,
0504005,2022,year,119063709.6,60253653.96,55534942.13999999,30737689.289999995,12.0,,,
0504005,2023,year,145046402.79000002,76109061.08000001,63766936.84,33236868.94,12.0,143381101.18000004,22881606.29,12.0
0504005,2024,year,167677294.47000003,72025911.78,79429166.38,41023504.39,12.0,166929493.31,19904695.79,12.0
0504005,2025,year,182908245.85,83937925.29,92419330.88,48796863.010000005,12.0,180396039.31,16878687.96,12.0
0504007,2021,year,129674599.63,70996949.17,56186526.53000001,26879629.47,12.0,,,
0504007,2022,year,120973463.68,59308610.11,58296309.46999999,28799032.48,12.0,,,
0504007,2023,year,149358743.46,73467008.12,67647525.09,33660076.370000005,12.0,140545351.45,8344797.56,12.0
0504007,2024,year,159799730.6,62905657.6,89623624.15,45058977.18000001,12.0,157756819.29999995,10155055.47,12.0
0504007,2025,year,183146508.95,72117812.7,102876044.92000002,52089992.69,12.0,178870548.84999996,12887893.9,12.0
0504009,2021,year,75499453.38000001,27661262.93,46790878.48,25473106.19,12.0,,,
0504009,2022,year,70847662.6,24471561.72,42330643.74000001,23450989.669999994,12.0,,,
0504009,2023,year,76518661.62,22773142.0,51212365.59,29379046.25999999,12.0,125779730.04,20078714.35,12.0
0504009,2024,year,91322226.51,26722078.66,58954976.68,33575798.59,12.0,95823857.61,6667882.68,12.0
0504009,2025,year,114283408.94,34359627.44,76803698.52,44239646.66,12.0,111349394.44,5591971.55,12.0
0504011,2021,year,39098991.23,13930979.96,24833475.05,16902016.64,12.0,,,
0504011,2022,year,37776483.70999999,11598296.69,25181066.42,18585772.759999998,12.0,,,
0504011,2023,year,42444800.33,13835385.0,27575078.290000007,20062469.68,12.0,84596668.71000001,16030705.59,12.0
0504011,2024,year,45357742.68,14724502.53,29945767.91,19702367.68,12.0,54470697.56,3666315.27,12.0
0504011,2025,year,52493009.45,15807584.01,35277367.74999999,22150700.16,12.0,56461516.32000001,2291211.02,12.0
0504013,2021,year,388476783.83000004,65722899.86000001,272675220.8,210870255.46,12.0,,,
0504013,2022,year,406262862.40000004,46706079.32,317470320.47999996,263040774.92,12.0,,,
0504013,2023,year,500496719.3500001,48680527.28,394069297.3500001,323515067.32,12.0,540150471.6099999,109697097.74,12.0
0504013,2024,year,657877469.1499999,70343723.26,512281030.71,409409875.99,12.0,656730618.3399999,193473511.16000003,12.0
0504013,2025,year,772064554.2399999,90780864.11,608975271.9999999,483784919.07000005,12.0,818341983.5099999,164311373.01,12.0
0504015,2021,year,77947573.42999998,40746929.9,36058467.56,18983563.03,12.0,,,
0504015,2022,year,76956264.27,40292153.85,36119987.17,20420369.799999997,12.0,,,
0504015,2023,year,91409711.51000002,49456864.03,40472259.25,22717053.470000003,12.0,91957671.89,3796101.73,12.0
0504015,2024,year,93588002.66,43601218.14,47935907.940000005,25398054.02,12.0,96770524.74000002,4336564.86,12.0
0504015,2025,year,117689931.73,52245942.61,59474777.18,33106360.85,12.0,116395120.48000002,7555453.78,12.0
0504017,2021,year,53317340.38999999,29073116.88,23687630.530000005,12210221.489999998,12.0,,,
0504017,2022,year,51365928.36000001,26953182.62,23818799.280000005,12196748.56,12.0,,,
0504017,2023,year,68616394.56,34964329.15,32542132.650000002,14679948.420000002,12.0,69205451.11,5405122.63,12.0
0504017,2024,year,74172347.04,32878208.14,40037954.86000001,21301115.82,12.0,76008325.59,3792899.92,12.0
0504017,2025,year,86308874.0,36846480.19,47611797.82,23735476.49,12.0,80849647.75,1801043.25,12.0
0504019,2021,year,68681981.50999999,33339034.04,34790952.28,17092167.439999998,12.0,,,
0504019,2022,year,65138638.59,29715251.93,34061474.230000004,18314579.54,12.0,,,
0504019,2023,year,84426603.12000002,38710607.36,40238405.85,20985280.12,12.0,76251425.28,4429208.3,12.0
0504019,2024,year,85543023.81000002,37241942.37,46163947.97,24332092.64,12.0,87482556.04,4293106.87,12.0
0504019,2025,year,104472168.88,43278971.23,57195852.79,28660696.09,12.0,96393855.71,4541986.09,12.0
0504021,2021,year,74871899.74,34306629.27,29346783.24,16575639.55,12.0,,,
0504021,2022,year,55891712.04000001,23391088.86,31023799.36,17636648.89,12.0,,,
0504021,2023,year,77762270.08,38964230.65,35363565.77,19243563.54,12.0,73800752.43999998,7097253.34,12.0
0504021,2024,year,87062464.0,35976717.21000001,41366515.21,22709569.61,12.0,85292593.36,10877471.78,12.0
0504021,2025,year,96049708.54999998,39509077.85,51951593.16,28937176.48,12.0,84751350.59,2350201.25,12.0
0504023,2021,year,173901365.75,72161696.53999999,81081117.71000001,50129256.76,12.0,,,
0504023,2022,year,130137120.87999998,52522266.91,73588440.77,42593432.400000006,12.0,,,
0504023,2023,year,187494872.17000005,80516616.91,97803436.16999997,50123624.31,12.0,183945528.48,20229149.19,12.0
0504023,2024,year,230930621.28000003,71680097.29,134308386.41,82686839.75,12.0,225977884.56000003,36322647.98,12.0
0504023,2025,year,251326558.14,80228354.6,155296468.38,88363183.83999999,12.0,248201175.14,23765346.43,12.0
0504025,2021,year,230598205.01000002,87300566.55999999,138591666.01999998,90883419.66,12.0,,,
0504025,2022,year,224269323.73000002,66492971.66,153181682.04000002,102432793.96,12.0,,,
0504025,2023,year,253668412.63000003,67509506.38,177649369.15,118049050.94000001,12.0,285788884.0900001,42887883.25,12.0
0504025,2024,year,318335837.43,86102780.15,216382664.05,141758759.92,12.0,288203608.78,24333363.44,12.0
0504025,2025,year,378509171.21,100662795.85,262215220.1,171650667.98,12.0,389297513.96,63269843.8,12.0
0504027,2021,year,110590680.83999999,53646177.580000006,55260785.080000006,29889687.700000003,12.0,,,
0504027,2022,year,107211309.07000001,45453009.12,59151424.49000001,34594608.17,12.0,,,
0504027,2023,year,122983074.46000001,55937895.57,63387966.120000005,34783606.75,12.0,130071921.07,9088105.54,12.0
0504027,2024,year,138055531.76,55343360.70999999,74765224.46000001,41398873.91,12.0,135525945.79000002,13183148.34,12.0
0504027,2025,year,163308309.73000002,61539124.53,97526213.83,52328141.54,12.0,155104699.14000005,12063125.07,12.0
0506001,2021,year,351881292.5799999,176304850.95000002,166150834.38,110281494.96000001,12.0,,,
0506001,2022,year,326272642.4400001,145524391.46,170604347.36,115966747.86999999,12.0,,,
0506001,2023,year,349336013.5899999,125390143.37,204803561.11,134110776.16,12.0,464010067.37,43188403.91,12.0
0506001,2024,year,442516490.58,156422975.87,262753816.08,161043198.89,12.0,436441228.43,32663628.16,12.0
0506001,2025,year,514291074.48,187395755.82,315258365.67,195438491.42,12.0,514558895.47,33194655.01,12.0
0506003,2021,year,90582057.46999998,57714252.52,32337230.06,18516586.49,12.0,,,
0506003,2022,year,90528625.9,54669223.25,33245898.39,19708041.22,12.0,,,
0506003,2023,year,105621243.7,68388569.14,36065146.69999999,20740355.95,12.0,105610499.44,3029201.59,12.0
0506003,2024,year,107222280.22,61476112.13,43921594.42,24044299.95,12.0,110690552.05,5514509.01,12.0
0506003,2025,year,127655811.08,73476275.96,51361554.620000005,28757423.44,12.0,125075950.29,7111977.94,12.0
0506005,2021,year,490283037.53999996,146274588.41,335792782.58,230450436.56,12.0,,,
0506005,2022,year,519301686.9,130383413.59,353751094.90999997,246124605.38,12.0,,,
0506005,2023,year,539805916.1400001,131756681.65,384451684.25,282930448.86,12.0,558072819.56,49355156.08,12.0
0506005,2024,year,715397016.4399999,217678611.13,470224532.64,323052027.02,12.0,702756698.39,109309305.83,12.0
0506005,2025,year,784529516.4999998,222860877.38,545332163.2900001,363494727.37,12.0,825271498.0600001,121504046.77,12.0
0506007,2021,year,61222847.73000001,37876897.37,22822917.48,13961159.63,12.0,,,
0506007,2022,year,59689140.91,34661788.45,24042152.43,14833008.02,12.0,,,
0506007,2023,year,74503309.52,44310799.13,27798213.599999998,16260372.91,12.0,73391028.23,7385393.8,12.0
0506007,2024,year,78654124.37,36922919.96,34240870.160000004,20092147.96,12.0,75813245.17999999,8200633.92,12.0
0506007,2025,year,87923209.68999998,43272236.44,41940016.34,25598682.33000001,12.0,80784022.57999998,1496188.54,12.0
0506009,2021,year,102383280.25,67157848.84,33766293.83,20414424.25,12.0,,,
0506009,2022,year,99374737.21,61706743.17,35997500.84,20296795.3,12.0,,,
0506009,2023,year,118557875.01,72556738.44,40285670.10000002,21637703.58,12.0,115007679.78,5453754.1,12.0
0506009,2024,year,128769237.54,70390881.55000001,54110757.13,30072328.44,12.0,124671895.17,6461332.27,12.0
0506009,2025,year,141350994.16000003,76062467.44,62086296.46,35661091.81,12.0,143800189.51999998,7948045.189999999,12.0
0506011,2021,year,69696022.91,44873383.96,23370064.630000003,14717245.14,12.0,,,
0506011,2022,year,61251448.589999974,35331578.18,23094298.84,15014419.130000006,12.0,,,
0506011,2023,year,55896949.08999999,25870612.16,27828135.750000004,16481764.779999997,12.0,90615355.6,10643469.12,12.0
0506011,2024,year,80630741.09,40122243.52,34151506.35,20013636.71,12.0,78328369.43,7434335.48,12.0
0506011,2025,year,89357502.77,48628529.99,39583741.92999999,22122987.05,12.0,86583286.09,4920898.44,12.0
0506013,2021,year,60269130.99,31544910.0,26750811.75,16539082.6,12.0,,,
0506013,2022,year,59506443.33,29091300.0,28598634.730000004,16671975.8,12.0,,,
0506013,2023,year,76445969.42999998,41854599.0,31300175.610000003,17965860.349999998,12.0,71060846.21,7988773.99,12.0
0506013,2024,year,75328201.72,33500753.71,35043615.66,21233015.55,12.0,76792305.39999999,11916917.34,12.0
0506013,2025,year,85078074.54,39615515.220000006,43298086.63,25849920.5,12.0,84432466.63,12428178.73,12.0
0506015,2021,year,215475886.89000002,116386394.7,94077579.25999999,57221738.95,12.0,,,
0506015,2022,year,206097144.23999998,92349884.96999998,108533443.66,63017698.75999999,12.0,,,
0506015,2023,year,228352812.23000002,111100444.0,114442013.39999999,69858482.77999999,12.0,231416234.08,7413733.689999999,12.0
0506015,2024,year,261455834.12,108764549.68,141055773.57,82011604.91000001,12.0,265169295.11,18261803.0,12.0
0506015,2025,year,298290029.77,126653168.62,165502819.9,94443261.44,12.0,289657942.52000004,7844431.859999999,12.0
0508001,2021,year,54386080.08000001,25758432.22,27336318.24,12003498.17,12.0,,,
0508001,2022,year,47917127.79,20360326.58,27177394.610000003,12453534.27,12.0,,,
0508001,2023,year,63611240.79,32753116.93,29604535.120000005,13100505.12,12.0,62137264.58,12447602.39,12.0
0508001,2024,year,57145583.07,23429374.57,32551508.58,14329772.7,12.0,60041994.3,6486155.57,12.0
0508001,2025,year,69187322.50999998,27435966.57,38460420.22999999,16550952.96,12.0,65599628.66,4337174.6,12.0
0508003,2021,year,105354163.82,51120731.14,53166815.70000001,32432240.47,12.0,,,
0508003,2022,year,97783422.54999998,45416718.85,50135527.22,29352014.4,12.0,,,
0508003,2023,year,124526889.17,64430891.08,56628249.93000001,32303761.4,12.0,118921550.75,9427031.64,12.0
0508003,2024,year,129532121.3,56423892.120000005,68326026.54,36664122.81,12.0,124259460.5,5385077.13,12.0
0508003,2025,year,142111330.78,58958455.99,78150798.4,42232460.7,12.0,144080573.01999998,10585722.05,12.0
0508005,2021,year,336385755.15999997,142390738.41,185940727.16000003,102121731.35,12.0,,,
0508005,2022,year,316870913.64,118709314.8,194156368.42,109425732.58000007,12.0,,,
0508005,2023,year,458062777.08,137504317.54,241352667.45,129071509.57000001,12.0,653440883.86,208163668.57,12.0
0508005,2024,year,481666554.2899999,144577091.46,301983801.8999999,160241892.54999998,12.0,523837269.43,68876383.7,12.0
0508005,2025,year,570380994.4699999,170584453.16000003,379230565.11,199518588.25,12.0,549855113.8,64797583.23,12.0
0508007,2021,year,172484380.56999996,87166510.26,80464176.87,47082974.56999999,12.0,,,
0508007,2022,year,160745554.81999996,75120287.41999999,80866196.71,48488672.25,12.0,,,
0508007,2023,year,200060650.60999998,93280476.59,93693429.89999999,54301711.18,12.0,200248741.32,15483529.72,12.0
0508007,2024,year,219838805.7,87524812.33,110355578.79,66049334.96,12.0,221771638.35,22641808.290000003,12.0
0508007,2025,year,274579301.40000004,102879581.31,139570909.66,83118546.97,12.0,240184534.03,12173134.54,12.0
0508009,2021,year,139523424.72000003,78842239.46999998,58049071.48,32820280.389999997,12.0,,,
0508009,2022,year,123256789.97000001,60832344.13999999,59823776.14999999,34730606.699999996,12.0,,,
0508009,2023,year,159315523.13,78377468.72,77275820.28000002,40226584.32,12.0,139127707.91,17578495.61,12.0
0508009,2024,year,165187321.45000002,69945762.42999999,88980179.78,47337298.98,12.0,160513038.51,18097781.5,12.0
0508009,2025,year,181796405.98,78638635.13000001,98747729.54,52511146.59,12.0,190100150.19,29336998.65,12.0
0508011,2021,year,293313873.1299999,143768806.92000002,144420142.47,89538322.60000001,12.0,,,
0508011,2022,year,282323693.3,119855641.86,148844097.29999995,94342436.09,12.0,,,
0508011,2023,year,330943447.04,142218507.5,172828105.11,107126609.0,12.0,345812271.09,26294593.76,12.0
0508011,2024,year,351784229.88,133517098.61,204116072.43,122867523.76,12.0,344252191.74,17506267.53,12.0
0508011,2025,year,409681070.95,155761025.88,238662401.96000004,138199625.51999998,12.0,413159887.19000006,36524579.21,12.0
0508013,2021,year,55276862.870000005,25243683.53,28240894.37,15835273.93,12.0,,,
0508013,2022,year,53595431.800000004,20623600.0,31934320.790000003,19035024.110000003,12.0,,,
0508013,2023,year,80027606.87000002,26152354.0,36031463.65,22263969.490000002,12.0,65279098.74,11010332.67,12.0
0508013,2024,year,105099417.36,20173978.2,44905707.010000005,26212027.8,12.0,88096829.28000002,20652369.49,12.0
0508013,2025,year,102252280.39,25405223.800000004,54558412.81,30780219.84,12.0,104770957.52,27236460.26,12.0
0510001,2021,year,68693843.85,34341854.5,32893897.54,20428557.89,12.0,,,
0510001,2022,year,69435782.14,30982528.59,35288815.94,22818470.96,12.0,,,
0510001,2023,year,86309618.25999999,39741850.19,41642147.64,27646046.57,12.0,82408575.80000001,2915597.69,12.0
0510001,2024,year,88574306.44,32096529.62,51352593.43000001,33640643.65,12.0,90684025.44,3411081.95,12.0
0510001,2025,year,102073940.61,37393484.99,60571869.22,38584857.14,12.0,103983129.05,7601141.99,12.0
0510003,2021,year,96961503.47,37930051.73,56228809.48,29226172.7,12.0,,,
0510003,2022,year,84862038.11,30583494.56,50746292.61000001,30279334.52,12.0,,,
0510003,2023,year,101676226.85,39441355.3,59331072.75,33282807.52,12.0,99300719.27,8164045.67,12.0
0510003,2024,year,134000818.54,38128633.8,74286077.02,40488622.05,12.0,132199127.58,23520066.36,12.0
0510003,2025,year,137244869.43999997,38834065.48,88291946.07000001,47661499.52,12.0,133540324.19,8849284.64,12.0
0510005,2021,year,92963230.77,33587773.32,57041817.12,35886464.27,12.0,,,
0510005,2022,year,102025190.5,35940340.77,62991755.57,40531412.29000001,12.0,,,
0510005,2023,year,123162164.25999999,46356325.65,71679925.13,47141454.75,12.0,125950504.04,22891676.17,12.0
0510005,2024,year,200373719.86,39775404.3,143873896.64,114082447.14,12.0,176516431.92,58308111.38,12.0
0510005,2025,year,186760133.17,44142783.220000006,134493905.76000002,100381042.14,12.0,192985725.40000004,58123740.91,12.0
0510007,2021,year,182520636.09,70372783.59,108291759.10000002,72462936.55,12.0,,,
0510007,2022,year,173029984.26,55137199.93,112770288.5,77324112.77000001,12.0,,,
0510007,2023,year,199301541.45999998,63596030.75,125141378.44000003,82184677.78999999,12.0,205827674.22,17285281.54,12.0
0510007,2024,year,230595846.23000008,64303198.74,154266642.15,96713564.41,12.0,229777435.19000003,16142829.72,12.0
0510007,2025,year,261834558.00000003,69008506.55,178849032.79,108427413.37,12.0,252452680.04,12005593.01,12.0
0510009,2021,year,122769645.77,48877313.370000005,71308879.26,43506935.050000004,12.0,,,
0510009,2022,year,105956619.97000004,36931764.18,65316994.93999998,38169420.660000004,12.0,,,
0510009,2023,year,126326990.75,55412176.92999999,67904611.34,36892137.61000001,12.0,134488007.69,8402643.29,12.0
0510009,2024,year,157684802.89,57490618.71,85909856.36000001,51526738.3,12.0,155996736.47,17530554.939999998,12.0
0510009,2025,year,168576342.92,57993525.94,106458802.64999998,66910970.76,12.0,169190908.49999997,7696136.949999999,12.0
0510011,2021,year,53078597.089999996,22573032.970000003,30310020.339999996,15981778.69,12.0,,,
0510011,2022,year,52354875.67,16175432.72,28583911.5,16345681.249999998,12.0,,,
0510011,2023,year,55520740.32999999,19521037.93,34459897.55,18887040.560000002,12.0,70296733.30000001,5885851.49,12.0
0510011,2024,year,66556173.16,23383296.14,38141339.26,22529990.89,12.0,66744452.54000001,5875086.46,12.0
0510011,2025,year,74681508.44,25615908.63,47422405.94,26907017.54,12.0,74985055.82000001,3370895.0,12.0
0510013,2021,year,211647836.57000002,85828104.22,119288105.34999998,80234435.52999999,12.0,,,
0510013,2022,year,194540638.68,70317929.27,118251463.35,78718105.12,12.0,,,
0510013,2023,year,238186158.34000003,89622990.28,138010121.61,86853624.91,12.0,238576873.35,4676288.62,12.0
0510013,2024,year,272889751.4699999,88370119.78999999,172596276.68000004,107733474.28,12.0,277954624.9699999,11596238.41,12.0
0510013,2025,year,309645823.73,108316835.38,186203640.17000005,112614115.53,12.0,296177918.52000004,13203388.61,12.0
0510015,2021,year,367864999.40000004,129792456.62,231216491.74,146692779.94,12.0,,,
0510015,2022,year,363373588.31,119512875.56,232610057.7,152993133.63,12.0,,,
0510015,2023,year,432756910.5200001,134662041.2,275664825.53000003,176119624.32000002,12.0,488111003.47,46841550.510000005,12.0
0510015,2024,year,498670856.05,139806349.28,340121142.27000004,211085545.41,12.0,507875079.59,46214580.72,12.0
0510015,2025,year,559646094.8,149070644.96999997,389036431.8,240747991.2,12.0,538586948.6500001,50156823.56,12.0
0510017,2021,year,121128151.63,67758316.89,52091825.620000005,28510622.130000003,12.0,,,
0510017,2022,year,120850649.85,62289700.08,57778620.120000005,33051391.450000003,12.0,,,
0510017,2023,year,152712046.67999998,80179519.0,65846364.24000001,37791590.3,12.0,150632586.07999998,20603253.11,12.0
0510017,2024,year,154403657.4,67977017.93,81787727.35,43529121.22,12.0,157436754.3,8463487.81,12.0
0510017,2025,year,182123561.44,82476432.05,94712709.23,53358070.95,12.0,178864088.18,11117090.05,12.0
0512001,2021,year,112228405.87,41498477.8,64534577.8,40849959.81,12.0,,,
0512001,2022,year,105276514.17000002,39469776.21,64162502.13,39320411.55,12.0,,,
0512001,2023,year,140162429.01,57529497.620000005,75206696.55999999,42283018.879999995,12.0,146114165.65,21630838.58,12.0
0512001,2024,year,154897370.2,47054065.14,93070502.21,51226216.72,12.0,165227387.99,30613190.78,12.0
0512001,2025,year,163492882.59,53679385.400000006,105262902.63,58792210.8,12.0,159690863.63,3944973.33,12.0
0512003,2021,year,55816584.81,20123641.22,34789837.67,23789115.46,12.0,,,
0512003,2022,year,61464686.25999999,18983465.83,41169594.83,25688630.4,12.0,,,
0512003,2023,year,77672626.22,18930660.7,54317090.7,35950239.05,12.0,77853353.68,7909561.81,12.0
0512003,2024,year,90444741.15,21943358.68,64239348.34,42526723.85999999,12.0,86561330.88999999,5387924.92,12.0
0512003,2025,year,100239506.85,23788174.66,73864167.24000001,48765284.83,12.0,105880722.65,8056627.989999999,12.0
0512005,2021,year,106808895.92,49044007.18,56219622.400000006,34669858.42,12.0,,,
0512005,2022,year,106367214.49000001,43610312.38,60337994.03,38648165.66,12.0,,,
0512005,2023,year,106139958.73000005,38041235.08,66137214.239999995,41124923.92,12.0,208329017.2800001,84883617.06,12.0
0512005,2024,year,128856294.54,53529203.650000006,71149699.86,47874616.48,12.0,126594442.61,6999875.8,12.0
0512005,2025,year,164329283.14000002,63143463.42,97650951.42,68319757.98,12.0,156975618.87,20063284.23,12.0
0512007,2021,year,416784889.57,135644663.51,265758377.50000003,157539529.61,12.0,,,
0512007,2022,year,406927120.76,140375128.25,257677527.62000003,166453496.93000004,12.0,,,
0512007,2023,year,451412649.2399998,134315302.42,303659983.57000005,191989236.54,12.0,697072465.94,151238655.67,12.0
0512007,2024,year,603196791.03,182632239.79,392609375.93,242061714.57,12.0,599050321.91,72314311.35000001,12.0
0512007,2025,year,671481237.66,194985167.27,448349459.19,271475659.92,12.0,684823446.8199999,63953063.34,12.0
0512009,2021,year,377406594.34,123591840.01,240286328.39999995,177044770.13,12.0,,,
0512009,2022,year,354173493.4699999,90380034.51,246772770.32999995,174940617.48000002,12.0,,,
0512009,2023,year,421207315.71000004,88891954.79,291802701.03,199762185.09,12.0,415920426.52,63107209.8,12.0
0512009,2024,year,597711874.03,114954839.62,344553499.39,233423050.27,12.0,596153254.03,188071930.03,12.0
0512009,2025,year,554184804.0899999,123090651.21,396744011.1,267401227.64,12.0,565779523.5099999,43404984.66,12.0
0512011,2021,year,75503663.7,28562626.04,45760406.06999999,22205786.59,12.0,,,
0512011,2022,year,74364152.6,29508503.62,42073917.38,21533120.29,12.0,,,
0512011,2023,year,108260489.51,43302525.58,56387230.37999999,25845492.26,12.0,99698643.6,17652838.38,12.0
0512011,2024,year,116690367.65,31023910.700000003,71539059.58999999,33191333.65,12.0,114422756.7,17643425.18,12.0
0512011,2025,year,136137382.27,38189028.17,84393598.73,38889892.26,12.0,131305158.64,9987300.11,12.0
0512013,2021,year,82917729.70000002,31156595.36,49149343.34000001,32144070.92,12.0,,,
0512013,2022,year,90409963.48,27412472.83,53962557.88999999,35121467.66,12.0,,,
0512013,2023,year,102067065.05000003,36592038.21,57727741.17,36901057.17,12.0,115312176.34,8643622.51,12.0
0512013,2024,year,116860153.28000005,32778067.66,72079979.25000001,46482342.99,12.0,111129917.51,6584202.66,12.0
0512013,2025,year,128355914.01,36449248.93,84969127.22,55177032.720000006,12.0,130102345.49,3937021.18,12.0
0512015,2021,year,139360795.42,62855810.59,73959620.94,40553137.11,12.0,,,
0512015,2022,year,138948217.18,55870420.0,79156215.26,42924123.26,12.0,,,
0512015,2023,year,182748755.79,74032933.47,94804871.15,51274278.02,12.0,175516516.62000003,16647635.8,12.0
0512015,2024,year,209867204.37000003,78192412.23,115116865.21,67049539.43,12.0,210453088.43,37054466.38,12.0
0512015,2025,year,220256390.32,76829839.06,136450637.53,73957555.72000001,12.0,220402502.29,22763766.39,12.0
0512017,2021,year,409490334.54,174592539.31,222040608.25000003,124321032.58,12.0,,,
0512017,2022,year,395495752.06,133436732.29,251610532.54000002,139888381.81,12.0,,,
0512017,2023,year,470397420.34999996,142924137.14000002,306263988.53999996,161623035.60999998,12.0,479717820.51,39465288.51,12.0
0512017,2024,year,535884180.01,148690085.61,355538162.9599999,196363527.42,12.0,519950825.68,48618948.620000005,12.0
0512017,2025,year,625538697.7900001,181819197.52,421075922.1500001,225881797.4,12.0,645495250.39,78908111.28999999,12.0
0702001,2021,year,358074884.8300001,134473473.17,204129669.8,132905229.88,12.0,,,
0702001,2022,year,315964417.7899997,90556266.2,212428077.04999995,140616256.75,12.0,,,
0702001,2023,year,447369400.48,172385334.21,247066824.09000003,154756817.23000002,12.0,1392484630.89,547527816.48,12.0
0702001,2024,year,551659379.1200001,188720759.56,320087360.92,200430305.28,12.0,826822364.39,303208455.22,12.0
0702001,2025,year,571134135.91,187239568.04,351689847.73,215298066.86,12.0,642580064.42,113474195.87,12.0
0702003,2021,year,82133705.04,51032340.06,28772958.5,15777793.29,12.0,,,
0702003,2022,year,78437968.85000001,46274190.27,31376254.240000002,18538466.73,12.0,,,
0702003,2023,year,90138192.76,51173108.87,37077999.010000005,22839923.1,12.0,88099612.35999998,1425924.71,12.0
0702003,2024,year,99484068.16,48087404.84,46259088.150000006,28366587.04,12.0,104320792.45,5230253.01,12.0
0702003,2025,year,112983771.35,54385235.870000005,53744451.220000006,33439467.0,12.0,110817165.18,1759169.79,12.0
0702005,2021,year,92366312.09,60408415.24,30683941.480000004,17666612.05,12.0,,,
0702005,2022,year,91195991.68999998,50663714.99,35387435.86,20459733.59,12.0,,,
0702005,2023,year,122848285.68,75985543.36,35323520.24999999,17877319.889999997,12.0,114395948.82,26988781.880000003,12.0
0702005,2024,year,117114574.55,63596668.36,45800569.2,23063159.97,12.0,125557681.06,23084581.44,12.0
0702005,2025,year,123943480.92,59645415.61000001,57664547.33,30286475.06,12.0,122294721.7,10265088.23,12.0
0702007,2021,year,82149845.45999998,51301268.17,29351193.220000003,16000151.510000002,12.0,,,
0702007,2022,year,74899676.17000002,40893494.77,32557871.92000001,18399807.1,12.0,,,
0702007,2023,year,87738470.84,45843310.0,39519352.29,20641063.04,12.0,93285199.72999996,2405545.16,12.0
0702007,2024,year,97047739.76999998,44779843.92,49935395.57999999,26136646.42,12.0,98501559.65,1634085.6800000002,12.0
0702007,2025,year,108283399.29000002,51124647.99,53514636.61,29716716.950000003,12.0,108554593.81,1992445.46,12.0
0702009,2021,year,39895374.10999999,24104077.91,15126896.03,10564076.38,12.0,,,
0702009,2022,year,29781370.34,12552179.0,16768869.53,11558936.49,12.0,,,
0702009,2023,year,42390951.22,18869848.0,21530868.17,12718717.220000003,12.0,59920560.59,11903329.57,12.0
0702009,2024,year,44195728.94,20393691.22,21902815.540000003,12045413.19,12.0,43353719.54000001,4814474.08,12.0
0702009,2025,year,57462804.36,23000055.76,28310521.000000004,16468213.160000002,12.0,53688889.07000001,5688149.72,12.0
0702011,2021,year,128302639.61,71718918.66,53987746.36999999,30112972.76,12.0,,,
0702011,2022,year,133922522.2,61163891.28,64757314.550000004,35510804.2,12.0,,,
0702011,2023,year,152436876.17000002,65606871.8,70363017.01,38817857.39000001,12.0,160316441.29,14571394.56,12.0
0702011,2024,year,159598765.60999998,65195720.54000001,87723390.27,50545130.32,12.0,157588156.23,5814399.06,12.0
0702011,2025,year,183848066.59,71439916.69999999,107365489.35999998,61678713.01,12.0,182041163.01,5894067.0600000005,12.0
0702013,2021,year,475715418.88,200302848.07,241457493.42000002,145087448.03,12.0,,,
0702013,2022,year,449633035.02,155197314.95,263407322.59999996,164962321.09,12.0,,,
0702013,2023,year,539683744.31,177271203.41,325663243.87,195720616.88,12.0,578278744.5,82130644.31,12.0
0702013,2024,year,639288414.8600001,147088236.71999997,396731246.07,233440211.17,12.0,657557111.0600001,94475220.72,12.0
0702013,2025,year,884209427.43,182971946.35,497677284.9,292329612.72,12.0,879023833.19,235728158.3,12.0
0702015,2021,year,57781298.52,32217475.0,25322981.87,10944495.6,12.0,,,
0702015,2022,year,54975678.93000001,28382864.61,26094268.310000002,12151372.780000001,12.0,,,
0702015,2023,year,54452184.410000004,24303676.86,29445269.39999999,14585492.480000004,12.0,74516422.24000001,2763322.87,12.0
0702015,2024,year,73406352.88999999,33358208.13,38988010.21,18971600.25,12.0,74435548.33,5438927.58,12.0
0702015,2025,year,111907792.38,37321106.52,69077007.74000001,40781278.08,12.0,102449457.62,11030624.19,12.0
0702017,2021,year,82518002.79,55276815.21,25111912.020000003,13513789.55,12.0,,,
0702017,2022,year,81092674.56,51112833.97,27704910.68,15721796.21,12.0,,,
0702017,2023,year,94634272.87000002,58336166.6,34058552.56,18257619.130000003,12.0,94442338.35,2547355.11,12.0
0702017,2024,year,100099102.18,55653669.81,41417000.93,22860301.79,12.0,104388269.19,8161030.03,12.0
0702017,2025,year,114403344.98,60829996.71,49786879.14999999,29875723.52,12.0,114615152.77000004,3737737.97,12.0
0702019,2021,year,47902328.760000005,24496423.6,22089705.17,17582729.240000002,12.0,,,
0702019,2022,year,48537620.82,20683301.68,25672132.369999997,19995843.47,12.0,,,
0702019,2023,year,53120114.9,20015244.0,29750064.639999997,21669992.369999997,12.0,65685008.2,3823206.59,12.0
0702019,2024,year,64845596.07999999,24125584.42,37616317.06,28010313.44,12.0,61509354.5,1422656.21,12.0
0702019,2025,year,75880704.25,27631808.63,44716282.13,34980860.13,12.0,77874861.83999999,5021721.779999999,12.0
0702021,2021,year,76088092.45,30809262.13,44608289.42,30188697.090000004,12.0,,,
0702021,2022,year,66284682.019999996,25886935.5,40067181.06,23761986.89,12.0,,,
0702021,2023,year,81665988.86,36252839.69,44537570.25,23931556.96,12.0,91613612.01,4254004.0,12.0
0702021,2024,year,103189318.62000002,42118190.010000005,60178648.62,32631793.19,12.0,93810249.43999998,3964916.72,12.0
0702021,2025,year,117028774.73,37259538.75,77984851.47,44473079.60000001,12.0,119963624.82,6381043.06,12.0
0704001,2021,year,502014243.76,372024182.53,122683754.58999999,69841838.41000001,12.0,,,
0704001,2022,year,489596151.28000003,347705927.19,131293460.97000001,79784055.54,12.0,,,
0704001,2023,year,518139154.16999996,350923325.56,151338984.72000003,89032212.25000001,12.0,579756685.6100001,27657449.02,12.0
0704001,2024,year,595592977.39,380618088.96,193258242.74,105246980.08,12.0,626463389.98,27986471.73,12.0
0704001,2025,year,679755351.65,426398734.34,233031954.13,126919149.75,12.0,684412973.8500001,38020998.03,12.0
0704003,2021,year,280579058.31,204489559.92,73518295.36999999,41118005.49,12.0,,,
0704003,2022,year,283712610.39000005,194472995.9,80342655.19,47126018.12,12.0,,,
0704003,2023,year,301441173.4999999,199493358.59,87060938.02,49007216.949999996,12.0,319716734.96,27435291.450000003,12.0
0704003,2024,year,356565815.24,214362605.26,122054305.11,62183867.62,12.0,355794897.38,17478134.25,12.0
0704003,2025,year,381552763.52,235078609.2,131118483.48,67495461.69,12.0,388921894.3,19792969.67,12.0
0704005,2021,year,276689574.71,158663989.95,115086959.10000001,57216283.79000001,12.0,,,
0704005,2022,year,262371983.76999998,149128423.56,110445847.20999996,63675640.129999995,12.0,,,
0704005,2023,year,286810201.79,153905109.9,126758806.59000003,63635563.58,12.0,346267913.4000001,29251229.53,12.0
0704005,2024,year,328519331.91,166195102.92,154534569.92000002,71580301.33000001,12.0,334534588.56000006,20109381.85,12.0
0704005,2025,year,383008416.46,186674726.71,187319180.79,83163428.52,12.0,364793885.53,17452127.85,12.0
0704007,2021,year,88156966.03000002,58488929.19,27194686.39,17134843.58,12.0,,,
0704007,2022,year,94275591.44999999,58680923.06,34828884.18,20420652.89,12.0,,,
0704007,2023,year,106591531.27999997,64155245.6,41210601.9,21307587.540000007,12.0,123519440.74,9379700.28,12.0
0704007,2024,year,121206796.87,62934214.65,46646155.76,23324613.77,12.0,136763028.42000002,22897936.08,12.0
0704007,2025,year,133201903.83,71643266.52,56881189.63,25450571.6,12.0,130704747.51,8835934.36,12.0
0704009,2021,year,89374976.82999998,70448988.6,18513334.05,9428262.81,12.0,,,
0704009,2022,year,86572690.75999999,65404144.62,20749998.17,12392732.89,12.0,,,
0704009,2023,year,87389310.98,67118158.43,19794806.780000005,9858963.010000002,12.0,98174507.59,5712764.58,12.0
0704009,2024,year,124929875.63,73440541.31,25382726.94,12781602.349999998,12.0,126740458.93999998,23509821.77,12.0
0704009,2025,year,113782163.22,78171974.48,34368658.6,17225616.2,12.0,112018350.19,5827967.32,12.0
0706001,2021,year,31204603.009999994,25541299.82,4963975.56,2888726.67,12.0,,,
0706001,2022,year,32303643.45,24888095.0,7165026.609999999,4851565.29,12.0,,,
0706001,2023,year,39402505.28,35064568.12,4131115.7300000004,1767449.0099999998,12.0,42639984.67999999,9925288.82,12.0
0706001,2024,year,37411735.5,28787714.35,7987802.14,4206954.5600000005,12.0,37584012.71,349714.0,12.0
0706001,2025,year,48048023.24,36755996.29000001,9479025.819999998,4766669.78,12.0,47816002.3,5316349.81,12.0
0706003,2021,year,37221395.71,27475930.06,9354385.819999998,5177136.78,12.0,,,
0706003,2022,year,34823401.429999985,23416161.0,10933403.83,5805020.45,12.0,,,
0706003,2023,year,42063995.09,26854572.15,14367134.19,6640080.7700000005,12.0,38360232.71000001,1769805.15,12.0
0706003,2024,year,41328019.69,24940389.720000003,15295170.13,8119604.659999999,12.0,43948989.0,1043688.0,12.0
0706003,2025,year,50584943.67,27639795.28,21238952.13,9888352.44,12.0,49483120.61,1096240.31,12.0
0706005,2021,year,120417791.67,51456032.0,68035782.90999998,28683222.01,12.0,,,
0706005,2022,year,99970153.94999999,39527048.0,56462469.5,32795727.64,12.0,,,
0706005,2023,year,157449936.96999997,39193482.0,85252986.22999999,36442288.75,12.0,151629641.13,28047886.57,12.0
0706005,2024,year,163693981.45000002,44811359.86,112159397.24,55102696.88,12.0,162821393.49,14981390.11,12.0
0706005,2025,year,230046028.97000003,56410869.02,158798725.38000005,71287199.77000001,12.0,201234901.62,38853151.98,12.0
0706007,2021,year,76826864.58,44555083.1,30384306.89,17806700.400000002,12.0,,,
0706007,2022,year,73338491.47,41668489.83,30416173.23999999,17230734.88,12.0,,,
0706007,2023,year,93130152.77000001,50948208.09,33955760.980000004,19754424.12,12.0,93994226.92,2982067.79,12.0
0706007,2024,year,96950894.6,50754472.0,41233499.6,24515469.21,12.0,95065374.68000002,3497555.52,12.0
0706007,2025,year,103719269.13,51673667.27,48828505.33,29346235.36,12.0,106715672.67000002,4641074.29,12.0
0706009,2021,year,69780312.35,53579945.94,15548618.73,9371177.84,12.0,,,
0706009,2022,year,61799982.36,46811819.84,14528070.05,8997215.14,12.0,,,
0706009,2023,year,76245293.74,57045411.23,18243929.700000003,10118626.790000001,12.0,87789574.03000002,9520037.14,12.0
0706009,2024,year,82921971.21999998,59114959.31,21729071.81,12114952.39,12.0,83703871.05,2666736.91,12.0
0706009,2025,year,92895600.6,65471948.54,26271228.73,14048647.61,12.0,93227808.36,3255790.44,12.0
0706011,2021,year,86874232.05,70969939.43,15231936.400000002,8997062.100000001,12.0,,,
0706011,2022,year,86516588.14000002,63212946.0,22677150.4,16656334.610000001,12.0,,,
0706011,2023,year,96417024.21,65221918.0,30135850.779999997,23049262.380000003,12.0,87382644.19,3066410.23,12.0
0706011,2024,year,108177442.65,65510531.28,41187829.43,32826449.41,12.0,115085787.65,1711504.2,12.0
0706011,2025,year,125062333.43,69530382.44,53890119.13,42899840.66,12.0,122373698.46,3488160.25,12.0
0706013,2021,year,88061933.22999999,61159703.16,22089405.68,11820560.470000004,12.0,,,
0706013,2022,year,72888861.99999999,43673879.22,25840783.560000002,14416627.870000001,12.0,,,
0706013,2023,year,90990881.60000001,56053449.35,31590242.589999996,17954108.900000006,12.0,104065860.53,18351262.01,12.0
0706013,2024,year,112065267.17,61408281.870000005,40457531.62,23123041.590000004,12.0,107691363.71999998,20943805.77,12.0
0706013,2025,year,113795012.59,50237219.63999999,53372802.66,32453418.83,12.0,115091186.13,8362583.79,12.0
0706015,2021,year,70331759.36999999,53735702.83,14516370.010000002,9113651.590000002,12.0,,,
0706015,2022,year,71275606.61,52635220.6,16056620.350000001,10175078.17,12.0,,,
0706015,2023,year,75208101.66,55342772.58,17827453.819999993,9936671.510000002,12.0,87647977.26,3325561.13,12.0
0706015,2024,year,87226329.35,61473076.65,22662937.349999998,12095528.7,12.0,89865228.63000001,3430010.0,12.0
0706015,2025,year,96558420.13,68892846.11,24849397.06,13188563.96,12.0,99248976.38,3951617.19,12.0
0706017,2021,year,93631435.07,74792316.28999999,16528173.35,9830915.91,12.0,,,
0706017,2022,year,87767339.1,67410559.0,17696165.58,11251545.22,12.0,,,
0706017,2023,year,92549695.30000003,71498285.0,19833645.71,12309061.95,12.0,91133078.33,4889686.12,12.0
0706017,2024,year,110323445.39000002,78916425.24000001,27406284.79,14784260.14,12.0,115717160.97,4293382.6,12.0
0706017,2025,year,133752855.97000004,86834914.97,37767927.56,15950957.65,12.0,135328033.91,8863035.42,12.0
0706019,2021,year,792782908.5399998,255412638.88,506987186.14000005,240157731.80000004,12.0,,,
0706019,2022,year,801475176.75,215624363.56,536965907.91,265319903.13000003,12.0,,,
0706019,2023,year,897127465.79,243052567.49,599676109.7199999,322186103.87,12.0,1015020026.11,211063276.9,12.0
0706019,2024,year,1273872939.9399998,459082473.78,740976369.4800001,384459991.37,12.0,1196827782.9099998,287841531.62,12.0
0706019,2025,year,1272291286.5500002,345991274.59000003,870340429.4100001,456644615.87,12.0,1363695209.7100005,333271025.92,12.0
0706021,2021,year,95402262.8,58844068.29,31744152.4,13749749.27,12.0,,,
0706021,2022,year,87477247.79999998,55306756.3,30373423.340000004,16412666.189999998,12.0,,,
0706021,2023,year,114871449.98,59238824.57,41904459.63,20299786.38,12.0,125911888.43,21783196.83,12.0
0706021,2024,year,116478025.61,56333477.49,52479013.13,27084587.450000003,12.0,116732883.54,3626551.63,12.0
0706021,2025,year,148964673.38000005,73472308.44,70688190.37000002,32922296.94,12.0,146759322.74999994,5022044.220000001,12.0
0706023,2021,year,49785715.71,25473411.970000003,23325882.89,8317794.14,12.0,,,
0706023,2022,year,41298222.620000005,22170502.0,18654928.96,10194636.65,12.0,,,
0706023,2023,year,76175478.11000001,37632228.4,28593972.42,14557764.07999999,12.0,105229006.08,21566776.49,12.0
0706023,2024,year,75262110.46,19259077.11,52858243.56,35865855.800000004,12.0,70539114.25999999,7720095.84,12.0
0706023,2025,year,82130998.52000001,18913841.31,62324019.45,38039267.74,12.0,81025328.12,4492898.8100000005,12.0
0706025,2021,year,48882059.84,27352142.5,19342214.55,10735748.840000002,12.0,,,
0706025,2022,year,51250239.05,28040612.0,22235517.12,14679606.41,12.0,,,
0706025,2023,year,49643330.22,28335434.31,18816459.909999996,10256132.42,12.0,60148365.57,2614430.97,12.0
0706025,2024,year,63373832.65999999,32401169.78,28750070.21,17223831.69,12.0,63246494.58,1754779.0,12.0
0706025,2025,year,82743087.91000001,36319497.36,39101414.84,25322395.74,12.0,79771310.75,6174752.0,12.0
0706027,2021,year,164986225.7,86499476.07,74739786.50000001,36298279.53,12.0,,,
0706027,2022,year,167985224.59,80058232.43,79937115.47,43781926.26,12.0,,,
0706027,2023,year,192680856.37,90253839.35,89232820.87999998,47085327.39,12.0,208985697.03,23992285.99,12.0
0706027,2024,year,240101850.59,89561338.41,119697195.87,58393282.0,12.0,237016525.37,27441243.55,12.0
0706027,2025,year,271293612.07,93825271.84,134271808.11,65726289.84,12.0,265988147.44,33089067.410000004,12.0
0706029,2021,year,38918005.38999999,27820905.33,9837777.47,4584685.85,12.0,,,
0706029,2022,year,35740984.75,25383069.0,9447539.919999998,4816998.61,12.0,,,
0706029,2023,year,42532383.06,28104824.4,12250345.849999998,6447240.649999999,12.0,52033941.66,3413721.8,12.0
0706029,2024,year,50216338.09,29005793.91,18302896.38,10591239.67,12.0,51942094.43,576100.0,12.0
0706029,2025,year,57958386.16,32509994.84,22282069.84,13109927.87,12.0,58554882.8,454297.36,12.0
0706031,2021,year,200997952.17999998,129223350.61,64230569.33000001,38789163.12,12.0,,,
0706031,2022,year,198005516.65,116187174.67,70251379.6,44227491.38999999,12.0,,,
0706031,2023,year,201951395.01,101779117.51,94589435.88999999,55525388.78999999,12.0,272953717.6399999,60566563.24,12.0
0706031,2024,year,266874942.55,140246860.66,113995680.5,58392344.14,12.0,267919577.81,22642086.36,12.0
0706031,2025,year,346464543.92,185501043.85,147898588.28,85165726.33000001,12.0,352963693.54999995,69223445.25999999,12.0
0706033,2021,year,68337163.67,37543702.92,30549472.539999988,7788425.849999999,12.0,,,
0706033,2022,year,56813449.26,32785834.15,23691144.760000005,8893654.260000002,12.0,,,
0706033,2023,year,86252382.64999999,36350784.83,49636266.379999995,10091923.720000003,12.0,96576630.91,10719651.06,12.0
0706033,2024,year,102097918.04,38191113.42999999,56212279.98,12672980.37,12.0,109307538.97,11160678.58,12.0
0706033,2025,year,134850034.49,40574561.85,93923397.37,15884183.75,12.0,138412541.86,10750104.97,12.0
0706035,2021,year,51272105.06,41126677.0,8869439.840000004,4464064.79,12.0,,,
0706035,2022,year,47174378.55,37658090.0,8745484.890000002,4726179.270000001,12.0,,,
0706035,2023,year,38589107.02999999,29172336.0,8885276.32,4448365.469999999,12.0,57180087.49,1821797.88,12.0
0706035,2024,year,56432300.72,42261637.49,12519584.48,6360537.989999999,12.0,58971681.21,1229874.92,12.0
0706035,2025,year,62730387.91,44812863.65,16589646.54,7313260.96,12.0,63199043.67,938376.0,12.0
0706037,2021,year,27029004.28,18996035.47,7652428.100000001,2720843.68,12.0,,,
0706037,2022,year,25626515.05,16583897.37,8782480.620000001,3845115.1099999994,12.0,,,
0706037,2023,year,28952694.55,18615090.0,9890408.530000001,4165491.7800000003,12.0,29769253.84,777042.88,12.0
0706037,2024,year,31665146.99,19305751.97,11905407.61,4979577.73,12.0,31595597.72,635107.0,12.0
0706037,2025,year,37718996.77,21273324.44,16084701.180000002,6327552.96,12.0,38501951.75,1952175.97,12.0
0706039,2021,year,41776642.09,31278048.67,10147927.430000002,4939232.3599999985,12.0,,,
0706039,2022,year,34138650.34,23593667.0,9482237.11,4098333.6900000004,12.0,,,
0706039,2023,year,42646530.33,26116302.0,12108569.05,5020037.4,12.0,49438153.53999999,5989919.989999999,12.0
0706039,2024,year,45456711.03,28643885.78,14950383.42,8504110.45,12.0,49227146.93,1478838.46,12.0
0706039,2025,year,52924295.330000006,30482579.29,21415035.62,13454460.849999998,12.0,52285988.34,1568442.76,12.0
0706041,2021,year,110808768.47,67733463.74000001,38989143.080000006,21821190.930000003,12.0,,,
0706041,2022,year,100098990.49000001,61764973.92999999,35703440.900000006,22425745.75,12.0,,,
0706041,2023,year,114782543.91,69111027.55,42643861.050000004,24595707.42,12.0,121927400.25,3234344.22,12.0
0706041,2024,year,134065479.29,73933092.55,55619987.09,29243377.59,12.0,137408291.05,3436104.5700000003,12.0
0706041,2025,year,158410378.74999997,82225960.99000001,69964898.08999999,34357757.77,12.0,156476560.38,3229947.29,12.0
0706043,2021,year,203914629.18,117398588.94,79548052.19,45339125.519999996,12.0,,,
0706043,2022,year,193005000.57,101338118.78,84978965.18,49965365.29,12.0,,,
0706043,2023,year,224476827.95,118001847.67,96008945.0,52862326.150000006,12.0,236195874.99,17640433.64,12.0
0706043,2024,year,246533883.53000003,111711630.59,123897441.92,70164444.59,12.0,244257623.4,6309296.18,12.0
0706043,2025,year,295173526.41,124692631.57999998,151740942.55,85238577.46000001,12.0,296243314.82000005,20520941.16,12.0
0706045,2021,year,173264625.57,106685019.9,60201143.99000001,33503138.74,12.0,,,
0706045,2022,year,143414548.64,77341972.44,59760450.31999999,37153040.61,12.0,,,
0706045,2023,year,170260077.54000005,77847915.53,71773195.36,37539549.47999999,12.0,213754269.55,34484735.91,12.0
0706045,2024,year,211747156.43,93946549.5,93274368.35,45658917.08,12.0,209689575.53000003,22570651.19,12.0
0706045,2025,year,243858355.9,100077757.01,118991859.03,61094070.20999999,12.0,247896825.21,26895286.48,12.0
0708001,2021,year,89872352.55,50351962.48,37641150.29999999,19929038.53,12.0,,,
0708001,2022,year,73674323.66,40635051.82,31221487.660000004,17318356.11,12.0,,,
0708001,2023,year,105151498.29,58553139.7,42057595.900000006,19056536.169999998,12.0,103474317.71,7249381.18,12.0
0708001,2024,year,108929408.6,47865254.85,57723467.59,28046815.43,12.0,106703662.20999998,3087999.7,12.0
0708001,2025,year,135373498.72,60035662.39,68855103.69999999,33633848.8,12.0,137852487.89000002,17683131.080000002,12.0
0708003,2021,year,259176525.38000003,70742095.2,185072141.85,138171095.67,12.0,,,
0708003,2022,year,276997960.07,67911153.07,206877385.50000003,160826105.01999998,12.0,,,
0708003,2023,year,376916459.0600001,69902763.19,285115832.57000005,224818008.75,12.0,343726922.88,39569662.05,12.0
0708003,2024,year,542666526.1500001,87847645.7,438674438.06,301126851.76,12.0,493050730.4200001,100982803.52,12.0
0708003,2025,year,662899639.39,95824911.42,539673565.23,397204226.09,12.0,678255880.94,118583514.0,12.0
0708005,2021,year,89771708.44,41838959.8,45810623.21,28779450.57,12.0,,,
0708005,2022,year,84463519.89,36271490.0,46584166.49,31064153.22,12.0,,,
0708005,2023,year,98751301.79,45261316.05,49178621.56,29446528.93,12.0,98565942.65,5730836.53,12.0
0708005,2024,year,114592093.02,42131288.42,68417043.26000002,38352174.15,12.0,113619123.93,7494307.59,12.0
0708005,2025,year,132041121.79,45412892.03000001,84448570.41999999,54783361.79,12.0,130733270.56,6346577.890000001,12.0
0708007,2021,year,240913963.44,118037366.22,117907243.55,76643743.69,12.0,,,
0708007,2022,year,229655972.63,108562836.46,113722939.4,72482765.66000001,12.0,,,
0708007,2023,year,286566999.54,133054327.1,137265338.8,85539436.17999999,12.0,286180116.41,20258499.44,12.0
0708007,2024,year,327468594.22,121237720.37999998,187435696.75000003,120208250.93,12.0,313169596.75,17786311.46,12.0
0708007,2025,year,368785139.96,128912637.3,218372222.38,135211481.79,12.0,373490963.57,25118453.73,12.0
0708009,2021,year,53129846.64,40619142.97,12034047.11,7606121.17,12.0,,,
0708009,2022,year,43609019.12,31912602.0,11419050.23,6765066.149999999,12.0,,,
0708009,2023,year,57292357.58,42210889.0,14428940.06,7973696.61,12.0,54966885.64,2075032.62,12.0
0708009,2024,year,56446940.4,37482416.02,17584883.07,10005651.14,12.0,59784044.12,2023820.3,12.0
0708009,2025,year,67896190.86,43817981.57,22756816.91,13344533.05,12.0,66987389.65000001,1697489.02,12.0
0708011,2021,year,256456212.52,138581385.85,106307072.00999998,64541383.06999999,12.0,,,
0708011,2022,year,232536121.56000003,111093214.48,117228411.22,72383938.63000003,12.0,,,
0708011,2023,year,300750295.98000014,151281779.97,132755338.97000003,82254252.16,12.0,560871460.03,260812367.89,12.0
0708011,2024,year,406103964.73,124932663.4,180663054.45,110451889.46,12.0,417828895.01,110599237.16,12.0
0708011,2025,year,362170444.34,126180763.18,215946760.88,136753197.14000002,12.0,357370468.48999995,28791713.06,12.0
0708013,2021,year,183284050.16000003,133201632.95,46867311.489999995,26324887.32,12.0,,,
0708013,2022,year,185196661.81,126542570.07,54676319.140000015,32558370.74,12.0,,,
0708013,2023,year,212335488.04,148888768.22,59130741.40999999,35245565.09,12.0,214478759.26,10330766.95,12.0
0708013,2024,year,222251009.79,142314674.69000003,73941327.59999998,39443786.85,12.0,220670775.46,3354898.04,12.0
0708013,2025,year,253894756.18000004,163036435.97,84097305.92999999,44730545.010000005,12.0,254215464.19,9497058.76,12.0
0708015,2021,year,55228360.45,38152945.03,16091836.39,7739953.33,12.0,,,
0708015,2022,year,49962472.62,31008702.0,18372626.83,10762258.0,12.0,,,
0708015,2023,year,58938784.52,35806222.0,22185392.3,10950297.26,12.0,58182434.98,931174.89,12.0
0708015,2024,year,66982282.00999999,34744960.24,30841464.77,16903878.13,12.0,66620081.67,1054214.76,12.0
0708015,2025,year,75015548.52,37173047.52,35714761.489999995,18282003.96,12.0,77165223.54,1381492.97,12.0
0708017,2021,year,2770237639.55,758734486.5,1912003731.3999999,1249381378.62,12.0,,,
0708017,2022,year,2796355365.63,567716985.49,2119733987.8500001,1368172010.4399998,12.0,,,
0708017,2023,year,3380605327.7,570016178.8999999,2603562504.12,1660923388.63,12.0,3703092758.940001,640914202.61,12.0
0708017,2024,year,4186191454.03,828727036.21,3123222015.6800003,1967600639.76,12.0,4535986324.54,1168792550.01,12.0
0708017,2025,year,4981521055.110001,939745788.95,3826068654.980001,2482511700.32,12.0,4984173963.67,897620075.0599998,12.0
0708019,2021,year,78127639.06,55239304.0,21544766.56,11783521.83,12.0,,,
0708019,2022,year,77833985.4,48709664.0,25019985.210000005,13157441.03,12.0,,,
0708019,2023,year,86149640.49999999,58361506.0,26733711.57,14307948.03,12.0,73364368.69000001,52758.75,12.0
0708019,2024,year,86622360.02,52645552.62,33037891.73,18514442.05,12.0,91848891.96999998,2897074.0,12.0
0708019,2025,year,101502379.17,63870173.23,35648875.1,18110106.51,12.0,103631592.71,1064226.0,12.0
0708021,2021,year,106373233.32000002,68700866.8,36163737.98,20553521.11,12.0,,,
0708021,2022,year,96469160.49,58891199.36,36398166.73,19478223.72,12.0,,,
0708021,2023,year,127827053.87,82409275.31,42241280.720000006,21541156.84,12.0,130818978.21,14848488.98,12.0
0708021,2024,year,137783568.7,67589478.39,50193336.370000005,24718672.42,12.0,144422454.21,18950300.83,12.0
0708021,2025,year,140576304.63,79971081.01,57658399.59,27086956.290000003,12.0,138119557.43,2747390.48,12.0
0708023,2021,year,300922011.06999993,78782142.91,216905949.72,150506387.2,12.0,,,
0708023,2022,year,301450132.1599999,80808882.08,213671565.16,155562683.17000002,12.0,,,
0708023,2023,year,358386345.3999999,78054520.07,273397901.95,187788396.4,12.0,360418988.73,34557593.3,12.0
0708023,2024,year,471385466.66,97651220.3,356659181.08,232533667.22,12.0,432247102.22,62314140.23,12.0
0708023,2025,year,605942880.37,112581290.60999998,476662013.24,312790462.92,12.0,581392262.1999999,80350043.22,12.0
0708025,2021,year,240204080.57,131351369.38,100627170.89000003,61563872.94,12.0,,,
0708025,2022,year,239355608.60999998,119301727.03,105725203.72,66697598.05,12.0,,,
0708025,2023,year,284202992.83000004,136807010.4,125148954.48,81979343.88,12.0,271297406.8,17608574.11,12.0
0708025,2024,year,310444770.98999995,126232163.81,164393767.87999997,102512105.99,12.0,308277917.51,18917805.96,12.0
0708025,2025,year,341972800.2,143566851.6,184899461.75000003,115859449.76,12.0,358778996.04,25153279.72,12.0
0708027,2021,year,129717706.73,69795841.86,55496120.78000001,38567531.67999999,12.0,,,
0708027,2022,year,118618233.4,54716927.6,59788895.349999994,43331274.24,12.0,,,
0708027,2023,year,137120166.88,56212469.82,70520603.26,51739306.370000005,12.0,161962724.23000002,10899734.87,12.0
0708027,2024,year,156084370.27,53634651.46,95035188.1,71079637.84,12.0,156572436.88,10252070.03,12.0
0708027,2025,year,210476239.16000003,64161374.03,118186914.07999998,87479504.59,12.0,209715243.6,37180225.61,12.0
0708029,2021,year,151487503.73000002,106730774.86,43206818.45,28677321.74,12.0,,,
0708029,2022,year,151846029.47,106450602.09,44337201.07,31083630.88,12.0,,,
0708029,2023,year,177001720.75000003,121646381.56,53900300.43,35223248.849999994,12.0,171301989.2,5630266.66,12.0
0708029,2024,year,188052988.24,119421648.46,63984427.13,37696977.32,12.0,191306681.28,4274686.5,12.0
0708029,2025,year,217674915.1,135599110.63,72926731.38,43488034.440000005,12.0,225313855.22000003,9775136.1,12.0
1202001,2021,year,15784412114.449999,3165838969.1,11980901808.210001,6975004293.720001,12.0,,,
1202001,2022,year,15553503520.06,2431195455.49,12778573662.779997,7731198807.57,12.0,,,
1202001,2023,year,19588525964.200005,3034652446.99,15843751098.760002,10068148031.5,12.0,22252071182.27,5472638119.679999,12.0
1202001,2024,year,22877376308.92,4262489862.19,17845560275.52,11369038920.63,12.0,22298559709.66,6969045831.820001,12.0
1202001,2025,year,25935007967.160004,3974374432.17,21207638354.09,13468960191.179998,12.0,26295604878.47,6686636925.67,12.0
1202003,2021,year,32622050.53,18369169.75,13875892.87,7330140.949999999,12.0,,,
1202003,2022,year,30832554.33,14105294.0,13653560.13,7523788.71,12.0,,,
1202003,2023,year,41451480.20000001,18491424.0,17968229.759999998,10434896.4,12.0,36689024.36,5412648.42,12.0
1202003,2024,year,44422472.120000005,14666308.2,24146168.94,14215969.990000002,12.0,45064450.45999999,5800057.9,12.0
1202003,2025,year,51676397.29000001,19759322.1,25602439.13,14075632.57,12.0,52440212.66,6301086.6,12.0
1202005,2021,year,29749873.08,8597515.95,20323059.460000005,11432670.37,12.0,,,
1202005,2022,year,35773667.09,9416636.83,20456410.93,11551679.52,12.0,,,
1202005,2023,year,88429765.58,57497274.31,27434136.16999999,14403173.66,12.0,109500431.34,61865556.84,12.0
1202005,2024,year,46841006.760000005,8751829.26,34997657.370000005,20739538.56,12.0,48824190.27,7306456.6,12.0
1202005,2025,year,65681650.7,12733505.07,49487712.2,30838507.6,12.0,68678300.73999998,17134926.259999998,12.0
1202007,2021,year,16294829.31,8725416.0,7445195.180000001,3789774.23,12.0,,,
1202007,2022,year,19732097.3,9763592.31,7239927.9,4064084.09,12.0,,,
1202007,2023,year,21131570.5,11818062.0,8823466.67,4407478.7,12.0,18617193.85,644866.48,12.0
1202007,2024,year,29358617.58,16379529.14,12283143.66,6579752.69,12.0,31255943.62,7506604.33,12.0
1202007,2025,year,27319384.739999995,13305303.14,13623899.83,7603479.699999999,12.0,28488725.32,2388301.75,12.0
1202009,2021,latest,65878626.94,26893397.55,38556056.84,18827620.23,12.0,,,
1202009,2022,year,62475323.36,23577770.43,38796574.45,21162039.08,12.0,,,
1202009,2023,year,80007519.35,29489312.48,50506078.900000006,26845329.61999999,12.0,114523490.31999998,18005457.6,12.0
1202009,2024,year,82240467.44,23911120.55,57825131.5,32144913.76,12.0,97266322.45,7513719.83,12.0
1202009,2025,year,106762537.93,28975112.51,76848603.15,33718826.45,12.0,110215830.87,16865144.349999998,12.0
1202011,2021,year,54977948.39000001,19701656.0,31942592.450000003,21146488.81,12.0,,,
1202011,2022,year,51968975.620000005,17282278.0,33438486.18,23061019.81,12.0,,,
1202011,2023,year,84010433.45,24851533.21,45201811.44,27206771.94,12.0,75400637.63,14367688.63,12.0
1202011,2024,year,81797505.32,19844830.66,50266729.66000001,30217681.130000003,12.0,85068662.03999999,12072413.14,12.0
1202011,2025,year,85298667.71,22879756.91,55962034.00000001,33327437.880000003,12.0,92589834.46,10572157.88,12.0
1202013,2021,year,177310098.58,32485002.56,137008846.95,48107594.51,12.0,,,
1202013,2022,year,140054828.65,23945225.33,109172619.97999999,48669189.50000001,12.0,,,
1202013,2023,year,230226218.65,43188359.56,180857118.21,58517842.849999994,12.0,220696525.7,70267875.51,12.0
1202013,2024,year,263161957.69,29015757.03,219740860.04,63963499.63,12.0,283495881.62,72747680.13,12.0
1202013,2025,year,341467744.95000005,32432413.630000003,290352105.26,81825654.47,12.0,348147657.65,68390381.79,12.0
1202015,2021,year,75176041.53999999,39792330.2,34998522.1,18038180.84,12.0,,,
1202015,2022,year,74405774.93,37834584.0,34406184.910000004,18395076.58,12.0,,,
1202015,2023,year,107271551.2,43904895.17,51858740.99,24581932.73,12.0,99305792.68999995,15249212.11,12.0
1202015,2024,year,104872307.44,38029145.51,58499363.75,31427551.31,12.0,104529258.74,5602512.74,12.0
1202015,2025,year,114279254.87,45343049.63,61749370.06999999,29914922.21,12.0,113991963.56000002,7371075.19,12.0
1202017,2021,year,98332560.51,43688396.89,51451949.04999999,20199341.84,12.0,,,
1202017,2022,year,93060489.27,42364357.7,49962160.33000001,22480959.84,12.0,,,
1202017,2023,year,122569014.19,52565304.38,66372607.260000005,27307643.560000002,12.0,129314059.97,11177293.95,12.0
1202017,2024,year,140409849.92,47778628.85,86693367.44,33670472.01,12.0,133750749.35000002,8247752.300000001,12.0
1202017,2025,year,168781456.60000002,56237744.8,110108966.71999998,37612884.45999999,12.0,169220828.84,14333014.47,12.0
1202019,2021,year,238797367.66,70176046.53,160852618.88,103068328.87,12.0,,,
1202019,2022,year,245047656.91,62858752.2,173601344.06,122666208.64,12.0,,,
1202019,2023,year,326956682.89,72191778.57,228993939.82000002,154035339.47,12.0,305895578.72,56533711.82,12.0
1202019,2024,year,407976600.17,81770635.34,298414144.43,201685138.45,12.0,363761194.54,40937174.51,12.0
1202019,2025,year,487500260.5399999,98345873.47,368770654.87,245009908.1,12.0,503764541.83,82664638.39,12.0
1202021,2021,year,223051397.04000002,99684207.27,119571523.30000001,47947705.239999995,12.0,,,
1202021,2022,year,197373118.32,83474872.92,108296114.55,53004152.81000001,12.0,,,
1202021,2023,year,265295673.48,111628802.47,134616142.4,56705985.76999998,12.0,342619058.86,91329040.93,12.0
1202021,2024,year,364942774.79,172517406.31,175193880.79999998,66247963.25000001,12.0,340149977.65000004,104681412.33,12.0
1202021,2025,year,408500387.25,176201571.85999998,212894109.47,72784059.88999999,12.0,375909443.38,108183067.38,12.0
1202023,2021,year,54256135.59,24785684.7,27441586.92,14219291.73,12.0,,,
1202023,2022,year,53266782.370000005,22786609.0,27008663.030000005,13808008.0,12.0,,,
1202023,2023,year,65183219.580000006,27534221.0,36166434.98,17237810.290000003,12.0,59459695.12,2678684.7,12.0
1202023,2024,year,71376319.02000001,25389347.21,44075687.22000001,22698869.64,12.0,68918210.47,3707334.19,12.0
1202023,2025,year,72893363.27,24857135.55,45767281.98,23149770.91,12.0,72533278.25,3521245.32,12.0
1202025,2021,year,583426744.0500001,89293534.8,473296043.83,289808933.42,12.0,,,
1202025,2022,year,582258760.0199999,58777875.07,490479307.9700001,300516093.88000005,12.0,,,
1202025,2023,year,880728135.64,82770504.7,777721006.63,502017510.79,12.0,908442024.43,241845732.8,12.0
1202025,2024,year,1102035165.2900002,100229159.56,981956391.12,642322559.0799999,12.0,1047195774.64,367981256.04,12.0
1202025,2025,year,1400526661.86,230741329.58,1142193737.2899995,738661880.6200001,12.0,1468087466.2700002,454198746.48,12.0
1202027,2021,year,243284328.79,102142021.79,134734126.94,73207723.51,12.0,,,
1202027,2022,year,236816770.51999998,93783139.85,130931933.62000003,77057696.56,12.0,,,
1202027,2023,year,286838636.87,111972731.15,161416728.68,85708037.6,12.0,297397604.38,41266429.87,12.0
1202027,2024,year,347068777.95,121523439.91,200458057.87,110016423.07,12.0,354660566.07,60457318.19,12.0
1202027,2025,year,408721749.33,144603636.94000003,246350402.64000005,128104825.78,12.0,397628691.31,68390359.49000001,12.0
1202029,2021,year,45667840.44,22929006.35,21570774.200000003,11189013.67,12.0,,,
1202029,2022,year,43731271.11,23345636.0,20131914.930000003,11048226.38,12.0,,,
1202029,2023,year,54817296.29,30075641.0,22784903.57,12092236.88,12.0,46759112.95999999,1373102.86,12.0
1202029,2024,year,58119776.86,26641974.11,28491736.02,14801825.04,12.0,62049280.48,4251842.77,12.0
1202029,2025,year,59391303.79999999,28829221.71,30343534.78,15562962.32,12.0,64415434.6,1421810.5,12.0
1202031,2021,year,142719137.35999998,65186032.67,73132718.08,41990067.34,12.0,,,
1202031,2022,year,152590483.32999998,63157498.16,73026327.77000001,44030803.24,12.0,,,
1202031,2023,year,185052855.08,68022092.17,93672614.72999999,50273283.050000004,12.0,183297229.14,33339479.14,12.0
1202031,2024,year,231015147.11,73526032.73,125321742.36,67911193.74,12.0,234539364.86,45127178.67,12.0
1202031,2025,year,256266735.56,77809288.03,153096756.42,78435550.72,12.0,242216176.55,26179840.28,12.0
1202033,2021,year,79665766.19,13929459.14,61618675.24999999,43035822.44,12.0,,,
1202033,2022,year,64935743.16,13442867.0,50625375.48,34407763.03,12.0,,,
1202033,2023,year,75284696.38,20341480.0,51982830.470000006,32277278.75,12.0,82164134.67,26175941.200000003,12.0
1202033,2024,year,95288615.05,27956429.77,64786160.42000001,40550298.3,12.0,88165395.24000001,25375025.6,12.0
1202033,2025,year,101658411.23000002,16985578.49,76426034.69000001,46841522.99,12.0,103929778.35,21653093.33,12.0
1204001,2021,year,104369766.95,42197641.25,61556507.78999999,32558048.65,12.0,,,
1204001,2022,year,98844277.07,36778882.75,60771667.47,32503008.380000003,12.0,,,
1204001,2023,year,126814175.91,47311206.24,74437806.11,36192460.67,12.0,112118610.31,11388595.39,12.0
1204001,2024,year,145831671.08999997,44585535.23,93369914.94,48699168.81,12.0,133765811.81,10241387.71,12.0
1204001,2025,year,155109036.56,46479241.03,105834570.01000002,50478029.4,12.0,162590591.18,20598999.33,12.0
1204003,2021,year,98810634.64000002,42115793.7,55208881.93000001,37607416.32000001,12.0,,,
1204003,2022,year,110612239.84000002,36067704.0,71247030.49000001,41387071.809999995,12.0,,,
1204003,2023,year,154628743.69,51899194.79,94154417.88999996,52343321.17,12.0,170259687.73,51510735.88000001,12.0
1204003,2024,year,155133556.82000002,39664959.86,106714850.82,59680194.94,12.0,162001500.47,45081125.11,12.0
1204003,2025,year,301432162.89,178094282.43,120939776.1,61978052.14,12.0,312258606.02,169667041.99,12.0
1204005,2021,year,369578802.6,130294161.09,179548204.43,112440949.01999998,12.0,,,
1204005,2022,year,332117457.75,115988033.03,207153583.42,118845806.79999998,12.0,,,
1204005,2023,year,417790016.3,137549337.6,241033740.53999996,131579133.92999998,12.0,467456318.63000005,91418564.43,12.0
1204005,2024,year,472819425.87,149154146.41,299965881.96,163706941.5,12.0,448822825.8900001,49256884.91,12.0
1204005,2025,year,502706399.0,138055374.61,340394925.91,176874755.17,12.0,531783115.55,48502734.55,12.0
1204007,2021,year,40419085.98,22937355.21,17232942.540000003,9458976.72,12.0,,,
1204007,2022,year,38184651.73,18395614.48,19549137.350000005,11465791.05,12.0,,,
1204007,2023,year,56446274.470000006,29449681.35,26411399.44,13600507.11,12.0,55781108.63,18173558.9,12.0
1204007,2024,year,48681045.86,18147545.79,29551850.16,17204105.87,12.0,48537845.1,1519626.81,12.0
1204007,2025,year,58570532.28,24704905.070000004,33596308.72,18182978.4,12.0,61734209.42000001,4382656.3100000005,12.0
1204009,2021,year,269466574.99999994,50985085.53,211179555.77,143782262.37,12.0,,,
1204009,2022,year,261819613.62000003,43690348.74,213395087.03,132101200.32000001,12.0,,,
1204009,2023,year,285933706.50999993,56763818.74,223380720.5,125009115.61,12.0,322746535.57,44243589.0,12.0
1204009,2024,year,294204364.76,73642627.3,212846938.11,128547254.44,12.0,293819742.17999995,19297840.03,12.0
1204009,2025,year,321529144.6100001,62586220.98,251286088.47,144185048.66000003,12.0,307664161.39000005,22140145.41,12.0
1204011,2021,year,328961228.44,118481646.08,202428444.86,138031775.04000002,12.0,,,
1204011,2022,year,312488090.4600001,116351150.3,186774340.00000003,120293626.19000001,12.0,,,
1204011,2023,year,401261428.2500001,165859048.33999997,219617057.98000005,144655211.79,12.0,375491224.12,22198231.07,12.0
1204011,2024,year,439352664.9100001,131033598.83,286432827.43000007,180960925.58,12.0,446662730.1,33355018.67,12.0
1204011,2025,year,507338916.4699999,130814796.28,355437383.7699999,224661003.15,12.0,482652596.61,28086910.14,12.0
1204013,2021,year,50711427.370000005,20177048.1,28080413.44,11087450.53,12.0,,,
1204013,2022,year,45153930.52,17229500.7,25171973.300000004,11307168.490000002,12.0,,,
1204013,2023,year,61971139.79,21337573.89,39209446.47,14048641.15,12.0,56520712.42,10506013.34,12.0
1204013,2024,year,61685848.06,18896972.5,40022826.91,17362724.84,12.0,65280379.2,8543718.84,12.0
1204013,2025,year,72830336.8,24595648.160000004,41953343.49,17745848.81,12.0,73038641.36,10311545.19,12.0
1204015,2021,year,2527048549.03,620441092.52,1807259236.1199996,910220731.6999999,12.0,,,
1204015,2022,year,2322644040.4,445065632.33,1838414598.43,897676488.96,12.0,,,
1204015,2023,year,2917028953.01,696228628.99,2111239049.5,937683181.78,12.0,2835119685.1900005,337651642.57000005,12.0
1204015,2024,year,3880839198.58,1280685185.4199998,2424360847.26,1104528887.61,12.0,3680719991.45,919821864.81,12.0
1204015,2025,year,4035377659.06,1200362484.29,2628479965.42,1223361950.62,12.0,4333752918.789999,1424306179.0099998,12.0
1204017,2021,year,179004959.31,82916231.75,93818720.78,55632188.02,12.0,,,
1204017,2022,year,183079243.57,75659957.03999999,103029815.52000003,72328900.89,12.0,,,
1204017,2023,year,240113639.79000005,79733633.5,151998264.81000003,105892925.33999999,12.0,246459551.97000003,35753904.669999994,12.0
1204017,2024,year,262968236.68,85089859.21999998,168681472.14,108043764.9,12.0,269382704.9,31172155.76,12.0
1204017,2025,year,288815334.06000006,87218280.59999998,191691097.65,120874770.69,12.0,285935373.17999995,20738135.120000005,12.0
1204019,2021,year,46615884.00999999,21276337.96,25046044.75,11983640.94,12.0,,,
1204019,2022,year,45761761.94,19943912.78,25608097.25,11147320.34,12.0,,,
1204019,2023,year,65082626.03,25948723.96,38141820.03,14336645.33,12.0,63808168.16,13559934.43,12.0
1204019,2024,year,69439559.07000001,21340181.86,47114731.58,18401720.32,12.0,72553277.51,5673887.19,12.0
1204019,2025,year,85308940.67999999,26038812.34,57068713.42,21530557.809999995,12.0,83708688.72999999,5345591.510000001,12.0
1204021,2021,year,229538336.1,97366604.11,126575135.11,81886445.15,12.0,,,
1204021,2022,year,228637561.13,86533751.43,130230046.45000003,86679673.60000001,12.0,,,
1204021,2023,year,283227358.94,103017223.41,166321796.31,96928479.32,12.0,305058648.21,77910683.18,12.0
1204021,2024,year,313646601.02,91069951.86,198075800.38,112766577.2,12.0,318823945.17,43118244.11,12.0
1204021,2025,year,351916450.29,104048282.89,230338151.69,118476805.6,12.0,356435714.70000005,39917622.68000001,12.0
1204023,2021,year,68559026.21,32801601.94,33671750.690000005,17364317.7,12.0,,,
1204023,2022,year,65270726.92,28720165.19,32723628.840000004,18434088.909999996,12.0,,,
1204023,2023,year,89779355.27,36802206.67,44289111.58,20691297.159999996,12.0,88159216.24,16986942.07,12.0
1204023,2024,year,93349757.34,34429831.52,53553655.38999999,25823386.24,12.0,90540372.63,9080469.36,12.0
1204023,2025,year,110101236.95,41701007.9,60329895.81,30148454.31,12.0,112242716.74,14149852.84,12.0
1206001,2021,year,410614692.07,110256537.24,113657651.90000002,65936376.28999999,12.0,,,
1206001,2022,year,216150943.25,89315962.2,117777081.73,71804271.75,12.0,,,
1206001,2023,year,280416454.4200001,86196033.75,157139425.39999998,81152685.81,12.0,287450322.33,57358728.52,12.0
1206001,2024,year,333992494.94,85527564.25,192702562.38,98275969.95,12.0,351462522.33,66750410.1,12.0
1206001,2025,year,338600047.55,93007989.02,213180744.67,101617489.73,12.0,349321686.12,29127210.520000003,12.0
1206003,2021,year,32662572.3,15658465.78,16789241.330000002,7721575.800000001,12.0,,,
1206003,2022,year,32595073.2,14730283.420000002,16582535.7,7284892.36,12.0,,,
1206003,2023,year,42261028.15,15467231.0,25195440.27,9518351.34,12.0,29510317.63,2721583.08,12.0
1206003,2024,year,47725781.81,14105824.92,28033382.220000003,12551760.989999998,12.0,45843169.67,7325209.48,12.0
1206003,2025,year,54407566.64999999,19762024.65,29549252.9,12802084.49,12.0,59364281.97,10524096.74,12.0
1206005,2021,year,193137978.36,24740379.09,107749312.61,49770560.47,12.0,,,
1206005,2022,year,171184811.7,17764941.0,115169464.65,47265283.7,12.0,,,
1206005,2023,year,173122307.46,38793979.0,108761062.8,48907102.440000005,12.0,182937039.89,56450107.28000001,12.0
1206005,2024,year,218670970.95,38918808.5,133168482.9,69577276.25,12.0,212581671.55,82588817.29,12.0
1206005,2025,year,254772065.82,25236554.97,180282696.21,84516961.35,12.0,258077086.92,67681945.92,12.0
1206007,2021,year,92112586.91,21843543.06,59983358.69,8641875.280000001,12.0,,,
1206007,2022,year,94921413.64999999,18580288.95,65440823.54000001,9542160.969999999,12.0,,,
1206007,2023,year,106600831.2,21597933.83,79950512.33000001,10659155.379999997,12.0,117360585.1,40061445.64,12.0
1206007,2024,year,140291525.09000003,20030300.0,87606717.18999998,14639718.57,12.0,133626105.53,40063613.56999999,12.0
1206007,2025,year,151514322.89,22878295.03,106353736.24,18861860.57,12.0,150325355.9,38513834.99,12.0
1206009,2021,year,42937047.39,27848116.0,14731846.43,8325122.58,12.0,,,
1206009,2022,year,44636298.91,28724067.01,15762709.79,9967548.97,12.0,,,
1206009,2023,year,57207195.89,34077732.0,23029768.87,12864352.25,12.0,50003116.260000005,1493510.51,12.0
1206009,2024,year,56370788.330000006,30808048.0,25500728.84,14615787.5,12.0,60319894.41,4552371.02,12.0
1206009,2025,year,70853308.53999999,42312759.69,28524197.71,14412984.9,12.0,70653388.88000001,5840284.77,12.0
1206011,2021,year,54170268.839999996,23333797.8,28667651.979999997,13496510.71,12.0,,,
1206011,2022,year,48916591.63000001,18982862.0,26910492.5,13239131.59,12.0,,,
1206011,2023,year,76458701.09,24654082.45,49564738.26,18218352.150000002,12.0,71167122.44999999,5323885.32,12.0
1206011,2024,year,97209885.62,26204810.0,51600556.09,22226035.83,12.0,101582198.51000002,24045436.85,12.0
1206011,2025,year,101457742.66,27780736.160000004,62381647.84,25930792.68,12.0,100230739.8,12212469.2,12.0
1206013,2021,year,161236359.24,60042377.31,77910090.25000001,47595241.35,12.0,,,
1206013,2022,year,156087755.12,57941798.85,81961575.8,53033939.51,12.0,,,
1206013,2023,year,225807726.54999998,63447119.67,106138445.41,61706603.400000006,12.0,199428166.49,43796284.32,12.0
1206013,2024,year,270487443.21,45172197.97,123238603.28,73139402.68,12.0,262198745.26999995,85841131.04,12.0
1206013,2025,year,290581667.16,60583176.56,148821392.69,90810853.57,12.0,299440906.2200001,79701279.95,12.0
1206015,2021,year,168710717.74,17282106.96,121334557.99,48327395.72,12.0,,,
1206015,2022,year,150069753.97,16655906.9,117337621.43,40972086.86000001,12.0,,,
1206015,2023,year,125612043.69,20613045.01,100368096.36,40340339.64,12.0,143401560.58,35364010.58,12.0
1206015,2024,year,173929600.29000002,19570238.0,139974634.16,48385109.6,12.0,173946190.31999993,44940874.8,12.0
1206015,2025,year,131822689.41,24472468.84,99144360.13,42764373.54000001,12.0,151166390.49999997,18261542.54,12.0
1206017,2021,year,9443740723.720001,2926182869.26,6221744677.009999,3542458014.28,12.0,,,
1206017,2022,year,8445019639.97,1428377078.34,6762854588.79,3330790525.67,12.0,,,
1206017,2023,year,8701062545.790003,1373657406.71,7103092732.429999,3221810349.6799994,12.0,10160145186.05,1456629907.9099998,12.0
1206017,2024,year,10929091709.36,1888112650.06,8614217335.02,3688137143.87,12.0,10996459044.64,1698746957.18,12.0
1206017,2025,year,11596721030.07,2339665825.3500004,8863939053.960003,4047777991.8100004,12.0,12537028081.71,2386977542.42,12.0
1206019,2021,year,173656686.99,63582303.28,99125449.72999999,57580399.849999994,12.0,,,
1206019,2022,year,187919939.31,56945248.870000005,121384387.03,67435970.95,12.0,,,
1206019,2023,year,205535277.55,71627715.51,125659044.83,74683741.48,12.0,201003265.26,31872376.47,12.0
1206019,2024,year,245634416.08,54773510.28,142022922.01000002,83933907.27000001,12.0,265765462.52,65035840.7,12.0
1206019,2025,year,262882617.66000003,65491645.77,172284008.87,93683490.83,12.0,259407867.65,39344504.260000005,12.0
1206021,2021,year,37900803.77,24690465.0,12728915.599999998,7252444.18,12.0,,,
1206021,2022,year,36604083.79000001,22796871.0,13485087.2,7337560.729999999,12.0,,,
1206021,2023,year,51917904.15,24417815.0,21048304.27,9040153.37,12.0,48817767.92999999,14132190.59,12.0
1206021,2024,year,47032361.43,21657407.38,20295117.76,11405470.8,12.0,50988651.18000001,8855676.2,12.0
1206021,2025,year,66113153.94,23717119.3,23767470.43,12856837.37,12.0,63963711.84,19490004.0,12.0
1206023,2021,year,71198863.59,10571787.9,54251100.44000001,7703237.57,12.0,,,
1206023,2022,year,78567539.83,11478069.0,59247126.85000001,7980438.260000005,12.0,,,
1206023,2023,year,102363555.78999998,33366324.0,54962600.21000001,11531820.46,12.0,85299135.75,21882122.03,12.0
1206023,2024,year,105573206.46,14082710.49,62484689.16,17988599.97,12.0,102579979.92999998,30464036.76,12.0
1206023,2025,year,100061942.88,15245562.99,68578993.3,18983694.28,12.0,108821194.13,34729878.62,12.0
1206025,2021,year,184528679.99000004,82233343.37,89117855.32,54131798.94,12.0,,,
1206025,2022,year,158619858.86,69122160.92,79896522.72000001,55283223.72,12.0,,,
1206025,2023,year,192068318.38,70230244.15,107999851.72,62399706.620000005,12.0,183225967.66,17407990.15,12.0
1206025,2024,year,219024051.21,69371851.85,133085596.51000002,80744493.5,12.0,220260350.31000003,18965006.33,12.0
1206025,2025,year,241956481.63,71895753.52999999,152698333.42,89501297.39999999,12.0,242742331.27,19494979.47,12.0
1206027,2021,year,147581126.01,67295036.62,74650673.09,35988429.37,12.0,,,
1206027,2022,year,122511745.99,46989635.11,69935545.10999998,38492881.7,12.0,,,
1206027,2023,year,175125964.69,53820162.09,106315041.83,48732713.8,12.0,158940019.74,19239099.98,12.0
1206027,2024,year,204090641.55,47725771.71,122153494.71,58174689.59,12.0,206958468.02,32749940.26,12.0
1206027,2025,year,240841632.87,56523147.38,150883172.93000004,67908076.00999999,12.0,248914200.43,41266514.61000001,12.0
1206029,2021,year,152961933.53,70396706.38,73381289.07000001,46834341.72,12.0,,,
1206029,2022,year,127717533.08000001,66186833.94,60518581.77,43867324.01000001,12.0,,,
1206029,2023,year,160643622.46,66818490.76,72380024.43,45937407.10000001,12.0,189148235.35,30668100.13,12.0
1206029,2024,year,156376248.48000002,67098142.650000006,79657662.91,53711399.02,12.0,178474039.36,12904167.32,12.0
1206029,2025,year,172962965.14,71329975.76,96296821.01,65039556.51,12.0,169678554.51,6401365.62,12.0
1208007,2021,year,165689284.60999998,48540384.95,112663300.76,82278678.42999999,12.0,,,
1208007,2022,year,152355983.45,39253630.830000006,109599350.06,82353695.25,12.0,,,
1208007,2023,year,238391836.56,50582159.92,126533165.76,89877803.3,12.0,220550567.82,90970045.64,12.0
1208007,2024,year,202273675.43,48401148.26,149246608.51999998,108698328.46,12.0,189550435.94000003,40523669.38,12.0
1208007,2025,year,234919635.12,52302462.14,165761976.78,120506938.54,12.0,241098789.61,51323438.4,12.0
1208009,2021,latest,504024450.25,202179062.87,278529867.94000006,149912371.87,12.0,,,
1208009,2022,year,412869330.52000004,86317738.76,295507807.15000004,171234217.85999998,12.0,,,
1208009,2023,year,475076752.6,115644642.21,289644972.7799999,132283102.19,12.0,560549873.87,129090970.58,12.0
1208009,2024,year,570772567.58,238300475.97000003,311173163.18,133221678.51,12.0,536228050.93,176042505.26999998,12.0
1208009,2025,year,586789172.8799999,214810180.81,357076929.26,132920676.6,12.0,600787276.8100001,126645588.44,12.0
1208013,2021,year,162760244.67,70900728.93,88341745.26,58090612.629999995,12.0,,,
1208013,2022,year,231263270.27000004,57193041.45,85341905.48999998,56818759.879999995,12.0,,,
1208013,2023,year,202481928.22,73907491.98,104680723.00999998,66124479.589999996,12.0,204271063.77,31842237.75,12.0
1208013,2024,year,208266047.28,61486958.36,122603242.2,77860610.01,12.0,221809530.04,14498770.44,12.0
1208013,2025,year,318925680.98,125587788.52,147506130.15,91341289.6,12.0,322367003.15,101934916.95,12.0
1208015,2021,year,113007347.37999998,55661840.65,53647470.86,29030524.28,12.0,,,
1208015,2022,year,151333138.04000002,58368606.93,51412928.4,33897293.41,12.0,,,
1208015,2023,year,143893462.83,71750168.57,58068603.7,38464990.84,12.0,138934236.26,18948653.58,12.0
1208015,2024,year,175049763.62,54848564.03,76817444.09,48741484.65,12.0,184866640.74,38538372.87,12.0
1208015,2025,year,199536599.31,74031551.46000001,92404437.95,52253946.34,12.0,190607162.72,36922015.96999999,12.0
1210001,2021,year,309844338.99,83607778.49,120530591.21,73750466.60000001,12.0,,,
1210001,2022,year,270645230.77,92476137.76,124801468.21,85683833.8,12.0,,,
1210001,2023,year,313262893.85,142336549.18,158341640.07,101612436.89,12.0,299066853.79999995,76852848.07,12.0
1210001,2024,year,288068768.5199999,88520158.52,186669808.87,117318816.85999998,12.0,284109569.67999995,34168020.41,12.0
1210001,2025,year,351322716.29,98439827.75,234708369.86,138676128.25,12.0,349890392.85,29612922.94,12.0
1210003,2021,year,63262305.56999999,21531393.0,41094358.69,17211327.080000002,12.0,,,
1210003,2022,year,73116210.03,17376441.96,52816424.04000001,20454005.4,12.0,,,
1210003,2023,year,83169158.39,22002342.0,55714650.72,24156957.65,12.0,98175623.51,24869689.47,12.0
1210003,2024,year,92576920.89,20666508.38,66099314.42,28646909.71,12.0,85884825.66,9945238.04,12.0
1210003,2025,year,105830666.93,22207860.18,74924774.39999998,35171872.279999994,12.0,95010555.29,4758682.31,12.0
1210005,2021,year,241969809.37,94975439.9,141282255.98999998,72497551.77,12.0,,,
1210005,2022,year,342108501.66999996,84600988.13,145437157.31,76762336.28999999,12.0,,,
1210005,2023,year,309669555.4599999,95253880.57,180824130.3,88404070.5,12.0,303703649.44,53865679.05,12.0
1210005,2024,year,334719063.4200001,101167854.21,208986910.77,109199651.68,12.0,315255026.94,44339736.25000001,12.0
1210005,2025,year,365628328.18,106610988.45,236655402.94,127653296.74,12.0,383834427.0,56061023.06000001,12.0
1210007,2021,year,565679596.31,195990243.8,355597584.59,195700031.2,12.0,,,
1210007,2022,year,553221194.1500001,189829077.68,357296926.9,192535891.43,12.0,,,
1210007,2023,year,639974704.4800003,210084444.37,413559825.1200001,213281319.47000003,12.0,990844163.6699998,239049945.46,12.0
1210007,2024,year,839334880.0999999,231495831.53,570026991.12,310813648.82000005,12.0,853563277.85,146752808.07999998,12.0
1210007,2025,year,1060720880.31,318737400.75,695287075.6,370236665.26,12.0,1046840981.68,255398454.37,12.0
1210009,2021,year,182317546.40000004,74454269.89,103720365.78999999,61598105.150000006,12.0,,,
1210009,2022,year,168537069.59999996,68876044.06,97641284.11,59723719.330000006,12.0,,,
1210009,2023,year,223531993.72,92314408.83,116571041.38,71875364.13,12.0,214727492.67,16305359.13,12.0
1210009,2024,year,238112725.56,70365240.67,143253027.47000003,85640827.99999999,12.0,244575967.46,24644050.660000004,12.0
1210009,2025,year,466767102.55,87901596.46000001,165108453.48999998,100969306.38,12.0,472165994.0100001,212955593.73,12.0
1210011,2021,year,210302469.22999996,97456066.58,107599956.08999999,64568442.279999994,12.0,,,
1210011,2022,year,245757258.35000002,118168891.91,116551223.06,67937618.44999999,12.0,,,
1210011,2023,year,271439650.61999995,99572341.72,160326472.59000003,91883189.22,12.0,365239252.3900001,174620866.91000003,12.0
1210011,2024,year,290700712.75,75521602.00999999,207044100.99,119369387.23,12.0,275756284.00999993,55788694.52,12.0
1210011,2025,year,319029431.95,69182456.18,237209312.89,133430625.93,12.0,405313410.5099999,136397632.82999998,12.0
1210013,2021,year,51301449.839999974,27119261.18,22842726.920000017,12754979.379999995,12.0,,,
1210013,2022,year,55102387.589999676,27309349.98,27513981.029999733,17374254.080000162,12.0,,,
1210013,2023,year,1306372849.91,270012330.02,34583623.55999994,18800800.75,12.0,3001212351.39,1792298835.05,12.0
1210013,2024,year,309732404.75000006,179500438.3,127261239.09,24254321.3,12.0,499054105.83,199765704.51,12.0
1210013,2025,year,261186564.38,204245559.59,51963300.25,27975050.26,12.0,432520035.05,144055350.08,12.0
1210015,2021,year,46055672.89999999,22222013.8,23412674.06,8038619.65,12.0,,,
1210015,2022,year,45759791.870000005,21009848.67,24221953.75,10253972.5,12.0,,,
1210015,2023,year,72075350.83,24690131.83,32932593.27,14186785.18,12.0,68305915.27000001,16961736.07,12.0
1210015,2024,year,63987481.88,20646909.49,39464670.71,17524940.89,12.0,65066762.56,4244773.04,12.0
1210015,2025,year,85375612.23999998,25284087.17,48928048.78,22625796.49,12.0,86656149.32999998,9933782.13,12.0
1212001,2021,year,202281127.82,42794738.94,154526531.03,114446477.03000002,12.0,,,
1212001,2022,year,210002847.46000004,34410056.25,172786347.88000005,132744275.01,12.0,,,
1212001,2023,year,280530596.5,38072726.47,235069575.79,172665884.62,12.0,273635477.76000005,47945984.7,12.0
1212001,2024,year,323974407.0300001,62653948.260000005,253293070.93,181373911.16,12.0,264795349.54000005,47571651.44,12.0
1212001,2025,year,366093746.86,43864811.55,308865767.51000005,221972381.31000003,12.0,382795689.22,72274803.50999999,12.0
1212003,2021,year,203853563.52,41285608.42,157602023.29999998,135225998.35,12.0,,,
1212003,2022,year,210798747.61,32183975.46,175154714.62,151791769.20000002,12.0,,,
1212003,2023,year,229272690.12,35172377.27,190331061.97999996,160046185.24999997,12.0,289772149.31,94195589.44,12.0
1212003,2024,year,258073156.62000003,39169152.05,205967247.92,175221989.2,12.0,255105210.47,61407375.7,12.0
1212003,2025,year,304712957.68,44932291.15,251034960.57,211096827.27,12.0,283351506.02,29369581.14,12.0
1212005,2021,year,75009682.53999999,41454080.31,31118043.78,16149218.55,12.0,,,
1212005,2022,year,67394981.44,38392892.07,27988910.690000005,15370426.499999998,12.0,,,
1212005,2023,year,79473056.19999999,39614189.42,37018191.330000006,17513288.550000004,12.0,105851562.55,12154081.07,12.0
1212005,2024,year,88680036.78999999,34937973.75,46321683.37,21860014.44,12.0,96000716.87,8376729.35,12.0
1212005,2025,year,105114701.85,41903623.98,56021278.12,25302464.81,12.0,111210271.17,11017662.569999997,12.0
1212007,2021,year,918912349.99,298797054.07,583360065.48,353344992.12,12.0,,,
1212007,2022,year,917479156.4300002,250746909.37,651571408.8000001,396923203.34000003,12.0,,,
1212007,2023,year,1217583662.98,310017051.2,865072910.5400001,480331005.12,12.0,1345460561.62,370250847.33,12.0
1212007,2024,year,1481758928.0900002,344525288.27,1099598983.19,649060545.5,12.0,1354521270.36,295435190.99,12.0
1212007,2025,year,1824600145.19,421600555.98,1352334841.8300002,818866932.58,12.0,1885289408.07,445858583.54,12.0
1212009,2021,year,252580418.36999997,68441231.92,178702632.87000003,149294750.59,12.0,,,
1212009,2022,year,262217948.54000002,56835379.58,202154975.35000002,171224119.4,12.0,,,
1212009,2023,year,304342564.84000003,67788942.31,228257033.5,189945772.39,12.0,313272173.28000003,59667461.86,12.0
1212009,2024,year,339806287.03000003,73776265.03,257052052.07,207345967.8,12.0,325776900.91,51950837.39,12.0
1212009,2025,year,399387192.5100001,79204512.81,313996481.5900001,256727169.22,12.0,397392414.43000007,28959769.83,12.0
1212011,2021,year,153026093.08999997,41342427.67,107001093.21999998,76810351.23,12.0,,,
1212011,2022,year,129455286.21,25262351.27,102635123.94,79082102.82,12.0,,,
1212011,2023,year,146570690.2,23614509.63,117885572.09,86409423.35000001,12.0,163886334.85000002,22509917.64,12.0
1212011,2024,year,180281630.42,47336454.97,125854556.67,88661618.92999999,12.0,177291014.58,55913042.93,12.0
1212011,2025,year,191187786.44,36603350.11,147251435.92999998,102960549.6,12.0,202043150.02,37686978.690000005,12.0
1212013,2021,year,158056280.19,73938260.41,80061676.36999999,47093930.46,12.0,,,
1212013,2022,year,125198470.48000002,41680104.38,79854408.16,49839618.02,12.0,,,
1212013,2023,year,224984378.79000002,51980103.39,99825454.12999998,58370688.13,12.0,223713228.73999995,77180230.05,12.0
1212013,2024,year,177754660.04999998,51738935.74,117817005.08,71759899.30999999,12.0,178660068.35,13771672.79,12.0
1212013,2025,year,193347979.04,54028142.44,136036427.76999998,82427330.93,12.0,188919301.78,5180616.33,12.0
1214001,2021,year,37053126.31,18241159.78,18322995.75,9901442.61,12.0,,,
1214001,2022,year,35114596.56999999,16702112.07,18215056.470000003,10579777.27,12.0,,,
1214001,2023,year,46728917.95,20512089.44,25537043.87,12109857.22,12.0,41255408.44,936400.98,12.0
1214001,2024,year,49692485.82000001,18972996.32,30207409.329999994,18385839.13,12.0,50453288.83,5508765.44,12.0
1214001,2025,year,61586778.77,25223498.69,35866273.86,18958576.0,12.0,56434625.18000001,3055467.3800000004,12.0
1214003,2021,year,250305821.47000003,98935796.43,95710244.92,53464390.04,12.0,,,
1214003,2022,year,190084748.37,94427512.35,91960505.42,51842102.94,12.0,,,
1214003,2023,year,261371451.86,106507568.22,129398599.14000002,62172713.44,12.0,250825747.98,23236855.67,12.0
1214003,2024,year,286557222.4200001,99886494.34,151856327.64,76514064.89,12.0,308400698.86,40711750.91,12.0
1214003,2025,year,378629306.97,112615666.59,184538372.63,87945184.11999999,12.0,370768816.97,81762874.85000001,12.0
1214005,2021,year,30626082.39,13523375.42,16862149.32,9392595.57,12.0,,,
1214005,2022,year,36944774.34,20154015.82,16674956.210000005,9578905.21,12.0,,,
1214005,2023,year,44734340.94,17649081.07,24316588.040000007,11712911.459999993,12.0,77816211.85000001,43901668.64,12.0
1214005,2024,year,57459599.15,16814744.45,24139602.56,13559023.560000002,12.0,58303593.56000001,18957178.86,12.0
1214005,2025,year,51512497.22,31151385.02,19425562.059999995,8301364.479999999,12.0,49583406.89,6651771.62,12.0
1214007,2021,year,119611251.69,36864762.43,42076674.48,24063160.9,12.0,,,
1214007,2022,year,79616313.69000001,32209993.72,44032856.65,25228056.39,12.0,,,
1214007,2023,year,104736290.58,36994781.92,60883739.15,29749366.94,12.0,91842249.51,11391044.72,12.0
1214007,2024,year,124432211.45999998,30838830.81,88774877.89,37923965.21,12.0,110517618.25,17768081.45,12.0
1214007,2025,year,146126376.25,33764091.330000006,99730965.64000002,37764932.78,12.0,131025443.01999998,17922232.5,12.0
1214009,2021,year,48726238.66,17383765.8,28059544.3,18373745.59,12.0,,,
1214009,2022,year,48692044.64000001,16654560.39,27236557.6,17895082.58,12.0,,,
1214009,2023,year,54716900.21999999,17266417.55,33534647.76,23040935.46,12.0,48967729.95,1152932.85,12.0
1214009,2024,year,67757698.46000001,20038550.69,40887552.52,27701894.71,12.0,65967285.80999999,7380901.75,12.0
1214009,2025,year,70206542.50999999,27591652.78,39792610.87,24877201.06,12.0,73742463.41,5326730.26,12.0
1214011,2021,year,110633611.91,59074844.43000001,47700282.400000006,25374142.32,12.0,,,
1214011,2022,year,108466155.25,55331884.95,46970088.269999996,26401245.92,12.0,,,
1214011,2023,year,127727092.03,68858546.91,54587619.5,30015235.7,12.0,118949609.77,6844934.2,12.0
1214011,2024,year,165644623.08999997,91099914.66,70380606.74,36402095.59,12.0,135790028.79,16722251.89,12.0
1214011,2025,year,188323403.28,77366855.57,82504573.97,41394088.9,12.0,185125165.55,43380532.51,12.0
1214013,2021,year,64037080.85,39993959.7,23461083.93,10390002.04,12.0,,,
1214013,2022,year,71646669.22,39770223.53,25607757.36,12784879.71,12.0,,,
1214013,2023,year,96859391.44,46052551.19,35657449.8,17876341.21,12.0,91209915.4,8737092.77,12.0
1214013,2024,year,99896743.37,36942350.24,46162263.62,22022848.3,12.0,104193624.51999998,24643614.44,12.0
1214013,2025,year,116065383.17,55602917.98,43138007.31999999,20812148.31,12.0,106829103.05,25763905.31,12.0
1214015,2021,year,157745031.5,73748741.50000001,77825922.24,46581559.46,12.0,,,
1214015,2022,year,145013854.17,64542896.45,75074888.96000001,45602389.69,12.0,,,
1214015,2023,year,193134952.57999998,79228502.46000001,97187370.91,51761328.589999996,12.0,186206713.92,33839663.97,12.0
1214015,2024,year,202619455.82,75473463.69999999,112372786.72,60234851.440000005,12.0,220881126.36,29920341.54,12.0
1214015,2025,year,213133183.65,101603948.04,99078859.29,49942025.1,12.0,195669087.01,19324672.08,12.0
1214017,2021,latest,112353172.38,31920954.0,77355241.36,52860352.48,12.0,,,
1214017,2022,year,137105235.42,29561222.84,103995656.0,77699847.19,12.0,,,
1214017,2023,year,169588699.98999998,69334664.83,92368976.68,52556806.31,12.0,170756607.03,47314353.83,12.0
1214017,2024,year,162044585.10999998,43952351.48,107955735.52,64470714.17999999,12.0,142395412.55999997,21532879.09,12.0
1214017,2025,year,192946367.26,42250898.77,126969261.75,77409720.72,12.0,193421014.96,40003389.28,12.0
1214019,2021,year,39101162.4,15553726.06,22821901.85,13002727.71,12.0,,,
1214019,2022,year,33980150.38,14898500.8,18885530.21,10610355.7,12.0,,,
1214019,2023,year,45141333.68000001,23330522.0,21549983.6,10725112.46,12.0,52162157.45000001,2041714.2,12.0
1214019,2024,year,50671723.35000001,16591855.0,33951042.63,19801220.75,12.0,41336672.72,1083706.84,12.0
1214019,2025,year,55007479.51,37758845.44,17006595.490000002,7447176.53,12.0,32055494.45,1566662.4,12.0
1214021,2021,year,258515882.43,82871041.38999999,171228811.08,148276589.94,12.0,,,
1214021,2022,year,227451337.16000006,56095229.15,168857713.59,142249852.75,12.0,,,
1214021,2023,year,249518804.34,59159102.14,184174982.46,148737187.27,12.0,257528292.98,59158175.53999999,12.0
1214021,2024,year,298193757.63000005,78574542.53,212898791.95,166390855.34,12.0,293425984.38,68885344.14,12.0
1214021,2025,year,327363819.33,76150370.3,246366477.34,190584088.58,12.0,311470564.45,68401654.38,12.0
1214023,2021,year,102451292.35000002,51839357.3,44150090.650000006,23410737.869999997,12.0,,,
1214023,2022,year,94499076.42,42857972.56,47504133.09999999,25463230.84,12.0,,,
1214023,2023,year,117921431.00999999,44213854.92,58295679.970000006,27866708.85,12.0,109054821.56,15890196.659999998,12.0
1214023,2024,year,138547140.07,49604932.13,79831995.13000001,39200044.91,12.0,123192170.17999998,9251796.11,12.0
1214023,2025,year,153599018.73000002,52497912.92,94377921.88,40807083.55,12.0,129864340.13,4191357.15,12.0
1214025,2021,latest,216704040.57000002,107968237.3,98807663.06,57953736.7,12.0,,,
1214025,2022,year,204697223.39,96150009.38,95917585.13,59483018.15000001,12.0,,,
1214025,2023,year,256652235.57999998,101531272.36,133168607.07000004,74842403.34,12.0,269490270.49,44263187.16,12.0
1214025,2024,year,251517628.48,78138958.1,152092679.22,83109590.28999999,12.0,274576261.84000003,32631822.02,12.0
1214025,2025,year,300394307.6400001,108527810.23,173983586.32999998,82815071.99000001,12.0,276211842.08,39278732.6,12.0
1214027,2021,year,106031360.04,43349217.79,60917901.85000001,33186942.95,12.0,,,
1214027,2022,year,101979368.64,42474397.35,58601631.8,34621201.73,12.0,,,
1214027,2023,year,136550610.1,53136679.91,80623853.05,45787206.21000001,12.0,153495368.09999996,11098734.4,12.0
1214027,2024,year,143436413.0,45421038.36,95053031.15,56963517.31,12.0,155066518.46999997,17319801.7,12.0
1214027,2025,year,174157957.52,53844913.22,115783510.12,70894466.03,12.0,161524767.74,4192244.28,12.0
1214029,2021,year,27441262.750000004,13419388.37,13489553.599999998,7676173.100000001,12.0,,,
1214029,2022,year,27157629.79,11870483.96,12654335.769999998,6730097.409999999,12.0,,,
1214029,2023,year,35420356.65,16327403.47,18260691.35000001,11892894.139999997,12.0,32611165.86,3227845.18,12.0
1214029,2024,year,34574465.57,13652998.38,19007381.790000003,12452289.85,12.0,37397968.69,4698851.77,12.0
1214029,2025,year,40270241.73,17897376.57,21717181.67,12078200.99,12.0,37699969.93,2113567.27,12.0
1214031,2021,year,285411713.81,133347195.66,145828329.26,93301188.5,12.0,,,
1214031,2022,year,222886203.07000005,78432946.17,140516596.48999998,92323120.61,12.0,,,
1214031,2023,year,293461631.27,125144531.01,162776006.81,101368068.97000001,12.0,280194404.75,46900358.32,12.0
1214031,2024,year,353413831.52,137186776.76,196376371.27,119662774.39000002,12.0,349111404.4199999,77729577.96,12.0
1214031,2025,year,400757206.89,128454248.52,250785315.07999995,139869591.95000002,12.0,382959037.11,79332256.37,12.0
1214033,2021,year,48657566.82999999,18959325.36,29256913.82,18566498.61,12.0,,,
1214033,2022,year,46174015.970000006,14831600.0,31198028.68,19612268.33,12.0,,,
1214033,2023,year,59244387.39000001,21212182.0,36883361.45,23632489.05,12.0,53101677.370000005,2513169.73,12.0
1214033,2024,year,66716787.12,18812144.74,46452831.19,32442035.649999995,12.0,64144977.440000005,3054528.7,12.0
1214033,2025,year,70737221.95,20818020.36,48556781.93999999,31781835.75,12.0,72289587.89999999,3259791.37,12.0
1214035,2021,year,40401174.96000001,13346547.24,26346620.07,15139901.54,12.0,,,
1214035,2022,year,36574406.460000016,12941100.0,23473818.630000003,13871358.12,12.0,,,
1214035,2023,year,53612364.09,18733917.93,31171118.62,16903473.02,12.0,49378768.13,6027004.79,12.0
1214035,2024,year,50966851.03999999,12582991.21,37826926.73,23536409.820000004,12.0,48719174.66,1489164.36,12.0
1214035,2025,year,67203960.03,20062873.29,46160455.67,20777428.92,12.0,50140846.05,1495214.04,12.0
1214037,2021,year,31291394.75,11445894.71,19353842.44,8168936.74,12.0,,,
1214037,2022,year,28290628.78,10644671.61,17330871.04,7680336.45,12.0,,,
1214037,2023,year,40870267.510000005,13659211.77,26867657.339999996,10652561.069999998,12.0,38603630.97,2216534.8,12.0
1214037,2024,year,44921647.79,13697695.45,30351424.83,13000421.23,12.0,43043522.28,2090991.95,12.0
1214037,2025,year,50636643.41000001,13876340.96,36122599.03,13906798.25,12.0,46716524.63999999,1650743.41,12.0
1412001,2021,year,68711030.19,8485432.700000001,59178981.58,16805103.0,12.0,,,
1412001,2022,year,66605275.03,8141100.0,57741232.21000001,17207805.92,12.0,,,
1412001,2023,year,99642765.62,18606435.4,57503338.65999999,13771700.730000002,12.0,116720573.91,53533489.11,12.0
1412001,2024,year,96783259.49,21470984.37,58067272.78,17847799.12,12.0,114393752.77,39868701.59,12.0
1412001,2025,year,96832082.44,37622875.81,53368597.940000005,21712951.64,12.0,95812322.07000002,9565044.48,12.0
1412003,2021,year,496134325.71000004,184795541.52,286695680.36,205313071.85999998,12.0,,,
1412003,2022,year,358964395.56,149815168.98999998,205693276.55000007,160703820.83000004,12.0,,,
1412003,2023,year,391470807.96000004,224191449.92,158862616.79000002,96702421.03000002,12.0,476417267.32000005,117530737.39,12.0
1412003,2024,year,556556197.42,332277016.41,213009324.81,126768662.74,12.0,639793757.1999999,135805438.74,12.0
1412003,2025,year,632041790.4699999,411092024.85,209591216.26,114839736.33,12.0,623071958.56,36500526.39,12.0
1412009,2021,year,2306586401.8999996,766971849.9,1341433733.99,935742763.71,12.0,,,
1412009,2022,year,1228999354.12,357725837.75,804622228.5399997,611104316.78,12.0,,,
1412009,2023,year,1529273358.85,594642476.85,756437320.55,488055367.82,12.0,2091780949.73,767480615.1700001,12.0
1412009,2024,year,2352146140.62,1133255559.1599998,975142730.94,644230491.7399999,12.0,2459694818.5,838360336.5500001,12.0
1412009,2025,year,2386875568.59,1146888885.5099998,1106658612.79,768011634.32,12.0,2400202140.31,563129940.1800001,12.0
1412011,2021,year,472133669.23,155659197.95,300934194.63000005,232327409.21,12.0,,,
1412011,2022,year,284310370.81,125358209.52,151834787.83000004,127881788.46999998,12.0,,,
1412011,2023,year,449258932.61,283632457.45,113276090.09,97531876.12,12.0,410816682.08,112604580.14,12.0
1412011,2024,year,582890117.8499999,304893995.17,137079345.89999998,111838364.61,12.0,530021283.84,81651474.55,12.0
1412011,2025,year,478979453.43,271471684.58,115179847.06,99839917.51,12.0,445504052.22,45258535.7,12.0
1412013,2021,year,176468441.6,44226768.720000006,125179767.59,98846971.10000001,12.0,,,
1412013,2022,year,110725148.78000002,38328003.52,70810410.11,61143317.99,12.0,,,
1412013,2023,year,197297627.14,115583817.81,75423820.05,62384503.98,12.0,169850728.36000004,12149385.64,12.0
1412013,2024,year,246540897.6,83501711.0,108750135.24,83236567.21999998,12.0,249746560.96,28179396.22,12.0
1412013,2025,year,264148289.76,124140877.5,113976413.84,88471392.14999999,12.0,300559853.79,20359290.51,12.0
1412015,2021,year,105616466.12,38389761.42,65096129.60000001,48465353.44,12.0,,,
1412015,2022,year,67777804.89999999,24349247.92,42879286.42,31634020.040000003,12.0,,,
1412015,2023,year,114397032.41,66599468.7,47040608.10999999,29294703.78,12.0,100721814.05,7809380.95,12.0
1412015,2024,year,240304381.81,100293476.75,60504556.710000016,40705781.13,12.0,225400578.21000004,98934811.04,12.0
1412015,2025,year,188831990.09,81760405.22,105522281.02000004,83069691.41,12.0,169213077.68,23452376.48,12.0
1412017,2021,year,120347936.07,54542122.080000006,61915687.8,29887432.060000002,12.0,,,
1412017,2022,year,105983627.18,51196724.84,50188650.52999999,25964707.18,12.0,,,
1412017,2023,year,130414031.84,59056016.1,61189928.28,28313630.15,12.0,112899328.32999998,10677511.52,12.0
1412017,2024,year,161599761.82000002,69085476.62,75082822.29,35051206.69,12.0,159847870.11,22485349.46,12.0
1412017,2025,year,208495494.44,90500590.59,84614311.47000001,34819807.09,12.0,180506948.97,49148938.48,12.0
1412019,2021,year,180605610.0,73920840.49000001,53623264.28,29257497.16,12.0,,,
1412019,2022,year,78390544.38000001,52006040.48,25136620.51,17189194.310000002,12.0,,,
1412019,2023,year,96929611.02999999,67408376.09,20663171.650000002,14378818.170000002,12.0,91791549.44,13105703.66,12.0
1412019,2024,year,149982190.35999998,76462631.15,32402914.36,17396725.47,12.0,134377834.6,33773353.28,12.0
1412019,2025,year,127257632.42000002,83033851.58,33609820.74,16054555.04,12.0,134972704.19,16810223.060000002,12.0
1412021,2021,year,945802775.5899999,355036651.27,566990686.6899999,377392132.97,12.0,,,
1412021,2022,year,685185486.92,320222827.78,352999221.16999996,246568842.82000002,12.0,,,
1412021,2023,year,732380793.62,332936328.05999994,377481361.37,237696446.12000012,12.0,1173102986.75,280299337.64,12.0
1412021,2024,year,1165067177.9900002,611352117.98,511816468.97,286989116.97,12.0,1115049791.7799995,231400387.26,12.0
1412021,2025,year,1228191077.54,616553494.9200001,535458212.7399999,323723695.87,12.0,1245695623.73,146649990.44,12.0
1412023,2021,year,89467209.97999999,43677599.18,33017814.89,16269170.89,12.0,,,
1412023,2022,year,63520659.57,42626085.4,19122350.91,11924415.21,12.0,,,
1412023,2023,year,95698565.08,61052781.36,17357614.92,9915466.25,12.0,89371027.61,15937443.73,12.0
1412023,2024,year,137837206.10999998,72644563.86,34549249.54000001,13601938.88,12.0,125962295.98,25629081.58,12.0
1412023,2025,year,140984351.24,83452303.28999999,35362873.74999999,15852374.680000002,12.0,139529023.26999998,17826418.27,12.0
1416003,2021,year,111074137.23,43043567.92,62133902.13,52667875.0,12.0,,,
1416003,2022,year,91949348.16,44735989.330000006,44698991.08,38370754.44,12.0,,,
1416003,2023,year,132389600.68,76999223.75,52742251.24,44585331.09,12.0,120343017.43,8211040.25,12.0
1416003,2024,year,116019387.8,47573980.5,62378316.3,50225684.69,12.0,123347101.14,5252821.15,12.0
1416003,2025,year,120666102.05,56803663.29,60458236.27000001,50535661.48,12.0,117697446.29,2692601.54,12.0
1802001,2021,year,189696380.56,79580278.96000001,104671148.71000001,64108373.010000005,12.0,,,
1802001,2022,year,176231818.76999998,66401826.14,106401619.70999998,66457821.910000004,12.0,,,
1802001,2023,year,232306259.12,86904333.13999999,137205855.53,76141652.4,12.0,230659410.52,34752906.33,12.0
1802001,2024,year,253823834.43,84676380.80999999,159533191.68,94058439.75,12.0,262530468.36,51143646.36000001,12.0
1802001,2025,year,333482974.75,121896355.99,195883692.6,115904267.05,12.0,318804798.08000004,82480462.93,12.0
1802003,2021,year,643346223.03,263674628.94,342610806.5,206858658.88,12.0,,,
1802003,2022,year,528367960.73,169868129.53,338399862.3799999,217453711.59000003,12.0,,,
1802003,2023,year,623213749.05,192477912.68,400213528.44000006,244845826.82999998,12.0,995890166.01,211129844.48,12.0
1802003,2024,year,816119250.02,263533727.41000003,492362329.74000007,284946984.57,12.0,849333270.3999999,129345331.98,12.0
1802003,2025,year,891566816.4499999,259318522.67,574466172.84,330659113.28000003,12.0,907073817.5,90111363.26,12.0
1802005,2021,year,54763392.98,21808008.65,30154832.89,17374315.7,12.0,,,
1802005,2022,year,48358080.08,19196291.85,28062702.44,15356703.05,12.0,,,
1802005,2023,year,70187774.37,30859033.28,37967746.68,19272503.49,12.0,60456545.150000006,3472709.65,12.0
1802005,2024,year,69491528.88999999,25875559.770000003,42630118.33,24361676.31,12.0,70147106.54,2754803.7800000003,12.0
1802005,2025,year,80501558.2,31155836.3,48455330.900000006,28384456.42,12.0,82979270.66000001,6565674.149999999,12.0
1802007,2021,year,84695803.01,53429362.56,30099213.25,16085795.06,12.0,,,
1802007,2022,year,72488745.61,40436069.0,29137539.700000003,16501001.840000004,12.0,,,
1802007,2023,year,72336427.80000001,33382446.23,36093804.389999986,19326537.039999995,12.0,115194007.09,18875062.18,12.0
1802007,2024,year,117815773.64,49856129.9,45109617.28999999,23989913.0,12.0,113502665.78000002,25572270.75,12.0
1802007,2025,year,113251633.49,60388411.86000001,51402275.75,26299998.46,12.0,114574553.37,10344216.99,12.0
1802009,2021,year,57295843.78,26505584.52,30151220.78,18660139.88,12.0,,,
1802009,2022,year,59358451.53000001,23695722.91,34968733.68,20622672.73,12.0,,,
1802009,2023,year,74331388.30000001,37412130.04,35872438.77,22016467.27,12.0,77445684.47,19313108.69,12.0
1802009,2024,year,77124264.21,25053199.04,47937272.15999999,32805191.3,12.0,83723131.32,14550066.39,12.0
1802009,2025,year,88524228.6,32514579.1,55387724.75,37506575.85,12.0,81934116.19,8675227.33,12.0
1802011,2021,year,76089279.63,43779693.1,31063729.14,20170540.75,12.0,,,
1802011,2022,year,69836008.45,38396305.56,30316575.41,19756606.39,12.0,,,
1802011,2023,year,90729223.34,48456296.55,39160370.27,22148895.82,12.0,89688397.83,9019573.87,12.0
1802011,2024,year,101735473.82999998,49796096.84,45377223.76,26178517.68,12.0,102141173.87,12610990.54,12.0
1802011,2025,year,131962312.55,66904571.44,55894614.73,30825846.040000003,12.0,131783133.7,18327855.73,12.0
1802013,2021,year,186415041.88000003,81322867.36000001,102329922.71,59896633.27,12.0,,,
1802013,2022,year,177023076.10999998,66358718.88,101773073.37,60746184.54000001,12.0,,,
1802013,2023,year,226341239.43,94621043.24,119512455.44999997,66427458.059999995,12.0,212957819.37,19017829.2,12.0
1802013,2024,year,231950182.06,88842576.47,138277654.84,77379425.25999999,12.0,238391750.69,13832119.54,12.0
1802013,2025,year,282400010.72,107682001.48,167138904.3,90737796.4,12.0,282075168.54,24158765.8,12.0
1802015,2021,year,62510082.99,21833491.15,39889475.19,25810107.41,12.0,,,
1802015,2022,year,52940745.06,14966900.0,36884819.1,24773858.51,12.0,,,
1802015,2023,year,68312384.38000001,17076490.57,49883789.25000001,29704616.610000003,12.0,65184755.01,5483505.78,12.0
1802015,2024,year,84592244.89,24909630.32,58213851.69000001,37739767.73,12.0,85479417.09,10967168.06,12.0
1802015,2025,year,110505579.09000002,22892757.98,83800365.48,47256068.58,12.0,104669167.95,8498045.55,12.0
1802017,2021,year,51873040.83,25116476.0,23631642.22000001,8513106.51,12.0,,,
1802017,2022,year,47507368.809999995,23068305.0,23495637.96,8176458.619999999,12.0,,,
1802017,2023,year,59720484.84000001,28451948.78,29664999.06,9823676.290000001,12.0,60171654.5,8002351.54,12.0
1802017,2024,year,70192720.09,28464340.73,35389437.89,10740194.41,12.0,68925008.28000002,10797823.79,12.0
1802017,2025,year,83244495.74999999,36928290.03,44063252.01,14306853.74,12.0,84341509.12,15673492.52,12.0
1802019,2021,year,40876402.54,21193641.79,18951923.900000002,8709737.85,12.0,,,
1802019,2022,year,34039178.55,16613465.99,16420273.66,7786057.560000002,12.0,,,
1802019,2023,year,50718864.529999994,26549748.49,22053640.330000006,9738998.7,12.0,52902491.620000005,7826846.07,12.0
1802019,2024,year,57579229.0,30936678.57,25814690.16,12221130.22,12.0,55749462.55,7134255.77,12.0
1802019,2025,year,63277937.94,28268171.54,30547715.4,14179178.45,12.0,64678741.97999999,6803339.0,12.0
1804001,2021,year,44982118.620000005,15649318.8,28819917.539999995,18249114.95,12.0,,,
1804001,2022,year,44050377.47,13614648.96,29619545.13,19516283.93,12.0,,,
1804001,2023,year,53951293.64,16054110.8,37012544.8,25068492.01,12.0,53628965.19,3018923.6,12.0
1804001,2024,year,61010091.88,15735045.87,44314277.25,31208617.44,12.0,60106474.32000001,4839016.35,12.0
1804001,2025,year,68612588.92999999,15572272.7,51764292.77,36808008.2,12.0,66671951.22999999,2801115.5,12.0
1804003,2021,year,106670836.96,64822484.940000005,39883970.55,20969093.06,12.0,,,
1804003,2022,year,74562771.46000001,37843473.24,36118860.95000001,21921048.95000001,12.0,,,
1804003,2023,year,89376264.47,30779790.78,53821596.46,23873869.890000008,12.0,147119406.18,27088634.23,12.0
1804003,2024,year,144270317.85,47320440.81,92171040.62,58236225.120000005,12.0,140071356.24,21278082.51,12.0
1804003,2025,year,177819213.52000004,53210059.05,120288641.22,69267341.66,12.0,175783151.35000002,28653312.34,12.0
1804005,2021,year,165873333.76999998,66243570.620000005,93272273.12999998,50605741.88,12.0,,,
1804005,2022,year,159315725.31,58956173.870000005,93407438.19000003,56772431.9,12.0,,,
1804005,2023,year,206148840.0,76374136.05,119841463.80000001,66711745.98,12.0,216645177.55999997,15287200.99,12.0
1804005,2024,year,234899513.16,77085032.62,144467751.42999998,79141851.99,12.0,239246858.47000003,16022429.6,12.0
1804005,2025,year,268335384.61,85055590.76,173479155.96000004,96991086.47,12.0,261000947.75000003,11445999.71,12.0
1804007,2021,year,29576962.03,11972360.63,16627151.43,7203394.4,12.0,,,
1804007,2022,year,27881032.73,10491127.63,16567548.099999998,7521712.7,12.0,,,
1804007,2023,year,32486421.379999995,12661339.0,19050051.65,8186974.96,12.0,26719599.5,191210.0,12.0
1804007,2024,year,38184065.49,14359678.88,22620722.630000003,9600129.169999998,12.0,38368908.79000001,9028979.42,12.0
1804007,2025,year,44719276.86000001,14783402.56,29411807.880000003,11352895.23,12.0,40001022.71,4799696.91,12.0
1804009,2021,year,34800928.19,18453518.25,15908304.93,8094888.43,12.0,,,
1804009,2022,year,29778833.410000004,13763273.5,15653041.6,8673357.42,12.0,,,
1804009,2023,year,34034932.85,16384080.01,16852304.92,8952659.27,12.0,34603184.42,4662180.83,12.0
1804009,2024,year,35474011.7,15375882.54,19570247.68,9975303.03,12.0,35394175.52,1584611.69,12.0
1804009,2025,year,40588938.620000005,17520322.99,22716292.040000003,11902561.95,12.0,37215496.02,349419.43,12.0
1804011,2021,year,63624024.6,26723496.0,30577649.83,18603005.1,12.0,,,
1804011,2022,year,55380110.48,22257912.24,32246797.2,20448840.46,12.0,,,
1804011,2023,year,76596613.49000001,30114668.11,40866615.49000001,25953295.750000004,12.0,75424701.21,14746803.19,12.0
1804011,2024,year,74050633.63,25140521.77,46761897.88000001,30404902.73,12.0,68898880.91,2953651.93,12.0
1804011,2025,year,93934359.02,33026913.200000003,53938306.42,35018901.05,12.0,99348013.86,20379489.47,12.0
1804013,2021,year,39025493.20000002,19568680.21,18482007.240000002,10625450.749999998,12.0,,,
1804013,2022,year,39787920.39,18271670.26,18890293.740000002,12060257.86,12.0,,,
1804013,2023,year,40938155.83999999,16166134.0,22607762.88,12165198.570000004,12.0,73825707.23999998,5930823.91,12.0
1804013,2024,year,61716419.79,29985746.470000003,29327883.65,13337784.04,12.0,62143387.1,7404852.65,12.0
1804013,2025,year,75571155.24000001,34368731.46,28712625.18,14042031.52,12.0,75166617.63999999,8836666.61,12.0
1804015,2021,year,119082555.97,45460127.45,72399602.89000002,18855146.03,12.0,,,
1804015,2022,year,93801019.48,42565304.04,48129652.31999999,19234996.389999997,12.0,,,
1804015,2023,year,120849572.42999999,38326545.620000005,76254494.33000001,22741673.54,12.0,149473045.04000002,49401796.510000005,12.0
1804015,2024,year,187786113.2,51848040.18000001,132958795.79999998,31474559.93,12.0,178136029.82,56821102.85,12.0
1804015,2025,year,360091947.80999994,150100980.95999998,208021917.88,40060418.06,12.0,328045343.06,68904059.63,12.0
1804017,2021,year,23686253.48,10910014.63,12483542.11,8517172.719999999,12.0,,,
1804017,2022,year,23600081.539999995,8302405.77,15033765.069999997,10421995.340000004,12.0,,,
1804017,2023,year,25864626.209999993,8427615.88,16501795.189999998,11015548.720000006,12.0,93844924.67,47717630.45,12.0
1804017,2024,year,37339099.13,14006651.6,20847732.329999994,12246495.21,12.0,36158314.33,3883426.84,12.0
1804017,2025,year,33850369.01,12735936.35,19621282.95,12647261.88,12.0,35676103.9,543999.0,12.0
1804019,2021,year,3093453622.4900002,727821527.74,2109686854.7200003,1317758184.0099998,12.0,,,
1804019,2022,year,2910596837.0199995,586094440.86,2111390304.8300004,1318159158.83,12.0,,,
1804019,2023,year,3784820304.6799994,696675671.58,2775826150.4400005,1567366672.7500002,12.0,5393057226.559999,1659223294.04,12.0
1804019,2024,year,4779621821.12,1250103176.01,3203932758.95,1895120352.22,12.0,4840438729.639999,1129302898.71,12.0
1804019,2025,year,5210171885.400001,1088787522.31,3729376133.72,2320112855.38,12.0,5547490260.059999,1179349921.37,12.0
1804021,2021,year,52625963.37,16804017.34,35545801.629999995,27945255.35,12.0,,,
1804021,2022,year,67621982.87,14822200.0,52460160.34,44276753.370000005,12.0,,,
1804021,2023,year,69202395.98,19414458.8,49435495.60999999,39949461.13999999,12.0,80404731.78999999,15046030.4,12.0
1804021,2024,year,75299838.94000001,20607365.5,54560762.06,43967920.7,12.0,74896803.21000001,6218997.52,12.0
1804021,2025,year,88014183.5,19152339.99,68567321.27000001,54348320.47,12.0,85587021.14000002,4358075.0,12.0
1804023,2021,year,47295601.85999999,24385766.59,22335365.080000002,10901061.049999999,12.0,,,
1804023,2022,year,46675670.58,23093832.92,22984868.970000003,11731216.190000001,12.0,,,
1804023,2023,year,60608490.029999994,32773338.09,26883785.930000007,12539719.339999998,12.0,59429049.22,2226949.54,12.0
1804023,2024,year,64767812.57,32522396.44,31217975.96,15123827.31,12.0,65065879.3,3660686.0,12.0
1804023,2025,year,79272783.51000002,39881948.77,37996227.92999999,18605084.66,12.0,74108561.91000001,3855791.88,12.0
1804025,2021,year,263435294.22,121443882.14,131262641.52000001,68770175.44,12.0,,,
1804025,2022,year,236997574.89999998,106458094.77,124396275.50000001,70585308.6,12.0,,,
1804025,2023,year,297267822.8,119216708.57999998,166859379.76000002,79225858.71000001,12.0,295474444.50999993,21199046.49,12.0
1804025,2024,year,321262680.67999995,126603736.99,185766441.23,93642158.39,12.0,337215481.31,20566853.02,12.0
1804025,2025,year,441344404.56999993,148180876.88,245969571.5300001,123034471.2,12.0,443735674.68000007,73130262.13,12.0
1804027,2021,year,76279833.88999999,53775252.53,21917381.74,9432696.21,12.0,,,
1804027,2022,year,64244102.94999999,44602899.67,18768516.200000003,9309658.81,12.0,,,
1804027,2023,year,80235090.74000001,52952969.24,26326447.050000004,10165285.55,12.0,77306922.07,3181668.43,12.0
1804027,2024,year,102332534.17,54278865.370000005,47239873.03,28133182.06,12.0,92319355.67,4090584.0,12.0
1804027,2025,year,149082164.41,71068092.11,77404662.01,50722048.13999999,12.0,136569804.25,33740646.64,12.0
1804029,2021,year,256004206.29000002,103758885.89,126675588.51000002,80264874.33,12.0,,,
1804029,2022,year,226710111.14,88320405.09,131743330.16999999,87920519.12,12.0,,,
1804029,2023,year,282210522.15000004,103991516.01,158897415.73999998,104599687.84,12.0,276373298.33,21017171.02,12.0
1804029,2024,year,316356803.17,110335277.4,188711506.86,124276864.85999998,12.0,312999004.99,33921402.3,12.0
1804029,2025,year,360163980.06000006,126779842.26,213992184.89,137132124.23000002,12.0,351800739.33000004,33118629.54,12.0
1804031,2021,year,63397399.739999995,30081414.21,29577260.909999996,18040548.439999998,12.0,,,
1804031,2022,year,56362762.59,26314704.3,29630694.069999993,18811294.369999997,12.0,,,
1804031,2023,year,55666965.69999999,22281048.67,32488486.150000006,20712089.14999999,12.0,87522202.03,6282761.97,12.0
1804031,2024,year,80757950.69,44458755.74,34700572.48,22104122.390000004,12.0,75535391.82,3083877.3,12.0
1804031,2025,year,93750476.57,48111902.47,43896841.11,27286013.79,12.0,94010960.92,10793976.41,12.0
1804033,2021,year,83950377.38,41218185.46,41060420.71,14656808.34,12.0,,,
1804033,2022,year,76618431.57,35157382.5,37627292.24,13816061.49,12.0,,,
1804033,2023,year,92001682.96,46727107.63,41812252.05,13963669.73,12.0,85814303.33000001,5438184.98,12.0
1804033,2024,year,90727378.98,43094131.370000005,46206346.17,16485767.409999998,12.0,96766211.5,5722837.38,12.0
1804033,2025,year,111115673.98000002,46428874.31,50955267.48,17004460.560000002,12.0,117148826.18999998,16885066.08,12.0
1804035,2021,year,179409557.47,86845405.21,90916926.2,60185781.849999994,12.0,,,
1804035,2022,year,172204304.79000008,59359873.86,111205843.71000004,83025293.96000004,12.0,,,
1804035,2023,year,240469529.51,71421769.1,161619091.32,120250566.31,12.0,406100874.28,109045377.13,12.0
1804035,2024,year,256101969.95,69118011.64,178350059.47,126273560.53,12.0,301187184.53000003,69985087.3,12.0
1804035,2025,year,272270738.58,85971108.31,181220639.00000003,117919204.43999998,12.0,279665758.58,17949515.29,12.0
1804037,2021,year,178996282.45,27495537.69,148662302.26000002,108648056.81,12.0,,,
1804037,2022,year,181965755.43,24486927.88,156976288.64999998,115218563.05,12.0,,,
1804037,2023,year,219862775.75000006,23911088.27,191757083.89000005,136961078.35,12.0,260613838.25,72427052.18,12.0
1804037,2024,year,269055008.35999995,30345549.92,237388983.42,158205845.33,12.0,254780422.54,36242929.24,12.0
1804037,2025,year,343403811.83,36952885.76,305067924.96000004,214133119.13,12.0,347197725.11,40060356.11,12.0
1804039,2021,year,186075994.11,66403526.330000006,113755483.72,66039335.370000005,12.0,,,
1804039,2022,year,177066622.81000003,58405408.77,113318420.89,68083445.59000002,12.0,,,
1804039,2023,year,189078474.10999998,59050369.99,125311379.59,72841273.01000002,12.0,207158720.74,12709887.05,12.0
1804039,2024,year,236932945.64,75604676.55999999,154226755.47,92380626.9,12.0,231482867.58,17105262.310000002,12.0
1804039,2025,year,287987949.45000005,87156166.36,194580516.53,122700615.32,12.0,274268420.71,12601966.46,12.0
1804041,2021,year,30749158.780000005,15702247.03,14612904.76,5971981.98,12.0,,,
1804041,2022,year,27918044.99,13941880.51,13488745.579999998,6543199.279999999,12.0,,,
1804041,2023,year,36191407.830000006,19289424.39,16041424.9,6985926.68,12.0,32821413.719999995,486718.99,12.0
1804041,2024,year,37636451.71,18066211.65,17796127.259999998,8202672.479999999,12.0,39604468.220000006,1733142.71,12.0
1804041,2025,year,50054080.4,23356912.37,25844281.53,10050284.21,12.0,47331481.41000001,5011274.140000001,12.0
1804043,2021,year,125466229.22,71272957.81,50470973.15,31160025.84,12.0,,,
1804043,2022,year,114766052.4,60717499.76,50232895.550000004,31612264.839999996,12.0,,,
1804043,2023,year,136725770.73000002,69747036.81,60237810.43,33679216.029999994,12.0,139303852.9,6393750.350000001,12.0
1804043,2024,year,152016053.32,73251036.81,72556558.22,39461354.39,12.0,149495822.87000003,4753224.59,12.0
1804043,2025,year,178973555.55,85054809.94,88825656.32999998,45916469.45,12.0,175347407.85999998,8636612.649999999,12.0
1804045,2021,year,241289094.63000003,96413518.06,139959144.13,80531098.54,12.0,,,
1804045,2022,year,201509032.08,73579140.84,125363200.69999999,79929469.72,12.0,,,
1804045,2023,year,257836141.20000005,94575354.89000002,155632363.84000003,92407914.11,12.0,260642494.59,28963682.89,12.0
1804045,2024,year,297929903.17999995,91880219.47,194325656.44,107573685.5,12.0,300328377.81999993,35171196.43,12.0
1804045,2025,year,366888755.74,113529413.24,241054632.86,133166916.28000002,12.0,339677533.27000004,39328957.68,12.0
1804047,2021,year,175336920.14000002,92354467.67,79839263.97999999,51707398.75,12.0,,,
1804047,2022,year,167354072.02,76465968.48000002,85776900.77000001,56949949.71,12.0,,,
1804047,2023,year,200644792.70000002,93238582.3,98349808.53,59602862.72999999,12.0,201127761.48,21446333.11,12.0
1804047,2024,year,222988433.48,111032305.21,106612296.42000002,64914166.59,12.0,226407038.87,29006616.31,12.0
1804047,2025,year,258009324.34,118567401.76,125621939.12,78454492.5,12.0,262971900.32,36185876.98,12.0
1804049,2021,year,152480345.16,41490084.81,107781050.07000001,66884983.94000001,12.0,,,
1804049,2022,year,146928402.38,36314403.29,107935019.61999999,71632098.35000001,12.0,,,
1804049,2023,year,198581536.07,38813069.830000006,154334613.32999998,97714009.91000001,12.0,304583655.51000005,108295146.92,12.0
1804049,2024,year,235889509.71999997,51898240.45999999,180017554.64,108072699.54,12.0,240662835.01,74683389.6,12.0
1804049,2025,year,270615030.86,61100244.92,204191213.82,117835348.96,12.0,268453123.38,77128152.12,12.0
1804051,2021,year,55926957.02,27484402.06,27865268.28,12561946.24,12.0,,,
1804051,2022,year,50765744.56,25661269.47,24294483.51,11670099.51,12.0,,,
1804051,2023,year,70995280.46999998,33831014.29,33718657.78000001,12414627.68,12.0,66422145.370000005,13918124.36,12.0
1804051,2024,year,72280624.48,31117476.78,38809723.51,15503863.329999998,12.0,67917207.78,4746995.04,12.0
1804051,2025,year,83014487.05,35291949.05,46700388.06000001,18515991.72,12.0,88621583.87,12414887.44,12.0
1804053,2021,year,80864234.49,33355233.05,46711114.989999995,27721470.57,12.0,,,
1804053,2022,year,76671717.82,30740983.28,41752595.94000001,25303685.160000004,12.0,,,
1804053,2023,year,109243542.82,35769436.9,66470116.779999994,39807927.81,12.0,124402575.18,14748512.829999998,12.0
1804053,2024,year,109510938.22,64325712.75,42763373.019999996,19100047.38,12.0,101067022.27,9754677.11,12.0
1804053,2025,year,132723237.46,71203732.63999999,58805568.13000001,26796821.29,12.0,133959352.0,12164896.619999995,12.0
1804055,2021,year,32272532.02,7655106.0,23195131.66,7935466.660000001,12.0,,,
1804055,2022,year,26311982.7,5839720.0,20077103.41,8384566.33,12.0,,,
1804055,2023,year,40806354.33999999,9446193.05,29946908.35,9844873.82,12.0,42387991.650000006,11594169.63,12.0
1804055,2024,year,40994658.27,10301743.79,30081581.85,9008349.61,12.0,37531308.3,3933558.74,12.0
1804055,2025,year,43314246.91,9160421.99,33939923.239999995,10663959.42,12.0,45904421.7,6175422.95,12.0
1804057,2021,year,159630011.89999998,89955454.78,66165436.79000001,35459251.98,12.0,,,
1804057,2022,year,140640683.47000003,78785567.12,56773041.919999994,31797582.479999997,12.0,,,
1804057,2023,year,173724789.89999998,90017892.21,72813777.78,37692966.30999999,12.0,174251031.01,10000735.44,12.0
1804057,2024,year,207201202.2,100052749.5,91802428.91,46939341.370000005,12.0,204906165.7,17631011.57,12.0
1804057,2025,year,259773987.4,117811331.25,131015757.72,73277482.45,12.0,257887859.25,28035558.15,12.0
1804059,2021,year,177616675.26999998,82318580.78,88502714.77999999,54340602.76,12.0,,,
1804059,2022,year,165027740.41000003,69002357.19,88133094.00999999,56188656.109999955,12.0,,,
1804059,2023,year,178391421.60000002,63561154.6,103132845.81,59694143.51000005,12.0,617924549.42,311403930.19,12.0
1804059,2024,year,223394790.7,89445244.68,121707277.55,66384713.74000001,12.0,285962765.29,64932233.12,12.0
1804059,2025,year,283615634.76,110223531.85,159602996.01000002,78400841.52999999,12.0,267608885.39,25316500.68,12.0
1804061,2021,year,169107940.29,79221327.99,87868894.93,53096197.150000006,12.0,,,
1804061,2022,year,156957609.72,64646424.49,86893517.81,55109869.00999999,12.0,,,
1804061,2023,year,191505602.93,80631986.2,101350124.34,62269341.90000001,12.0,217959531.84000003,33752378.23,12.0
1804061,2024,year,216904073.37,84725170.73,126356850.95,73059781.11999999,12.0,214635256.86,26413033.31,12.0
1804061,2025,year,288467461.63,119424508.1,164631920.61999995,102972981.62,12.0,270773531.46000004,48709922.88,12.0
1806001,2021,year,49413988.29,29531825.16,18716230.53,10068381.549999999,12.0,,,
1806001,2022,year,42733430.169999994,22912567.33,19571400.26,12186339.690000001,12.0,,,
1806001,2023,year,48935424.97,26766419.63,21847572.93,12004711.59,12.0,50678296.69000001,2611519.17,12.0
1806001,2024,year,50870144.4,26222445.36,23599219.66,11721925.43,12.0,51398004.720000006,803700.0,12.0
1806001,2025,year,65634185.12,34781945.22,27856354.57,13947349.76,12.0,61226688.86,3243505.4,12.0
1806003,2021,year,57234740.17,16153380.91,40356051.22,15149470.03,12.0,,,
1806003,2022,year,43525030.34,12669459.13,30321086.93,12684078.2,12.0,,,
1806003,2023,year,60691494.699999996,22172650.8,36671129.949999996,13098848.72,12.0,54553897.84,2919460.14,12.0
1806003,2024,year,64952943.31,16241792.53,43680218.55,15308081.6,12.0,73189176.41,18288043.94,12.0
1806003,2025,year,62291959.830000006,18727517.83,43142623.46,19202428.49,12.0,68365721.22000001,6689132.43,12.0
1806005,2021,year,30260562.959999997,11450566.64,18566216.68,10648904.22,12.0,,,
1806005,2022,year,28452635.0,9387397.35,18148775.85,10479509.6,12.0,,,
1806005,2023,year,38498883.1,16284245.61,20492930.01,8798689.68,12.0,37732501.440000005,2893111.45,12.0
1806005,2024,year,41017770.58,16382782.82,22765720.21,11019950.64,12.0,40827932.59,3991558.0,12.0
1806005,2025,year,45741226.77,15502273.2,28748820.680000003,13511282.319999998,12.0,47677391.51000001,3164666.77,12.0
1806007,2021,year,101227013.64,26142279.03,73822707.50000001,46641899.260000005,12.0,,,
1806007,2022,year,104019662.77,21234973.0,79443957.71999998,45258775.690000005,12.0,,,
1806007,2023,year,111961212.02,39259012.54,70768487.36,34392413.78,12.0,103686163.76,10562320.98,12.0
1806007,2024,year,122540008.44,37806358.52,80518381.49000001,38887766.22,12.0,123871990.06,15950667.56,12.0
1806007,2025,year,125988565.24,29174496.27,93719400.02,42198019.95000001,12.0,132890141.1,11599691.59,12.0
1806009,2021,year,804158979.66,250046271.63,493644826.12,284329010.20000005,12.0,,,
1806009,2022,year,632360290.24,172682510.51,452841393.17,273152212.63000005,12.0,,,
1806009,2023,year,856724134.3399999,219530998.59,570012710.2299998,316631256.86999995,12.0,1025973971.83,231917223.43,12.0
1806009,2024,year,940012628.86,210553491.17,672629330.9999999,357798981.26000005,12.0,1076392564.6899998,165700389.76,12.0
1806009,2025,year,1056913727.78,241033875.81,773288381.79,403830562.4,12.0,1047798444.76,81666361.3,12.0
1806011,2021,year,148678221.44000003,77885655.2,66975107.59999999,30184728.77,12.0,,,
1806011,2022,year,126102334.59,65793076.49,57290735.67,29103770.450000003,12.0,,,
1806011,2023,year,150035731.57000002,79922443.64999999,65757846.359999985,29593109.700000003,12.0,146550932.27,6509064.130000001,12.0
1806011,2024,year,174397184.37999997,85119572.03999999,82894544.25,37672456.91,12.0,174665834.04,20491796.64,12.0
1806011,2025,year,206052638.94000003,92431643.98,105703689.49,47549493.45,12.0,207002218.46,25830025.0,12.0
1806013,2021,year,436020078.91999996,182873074.4,249094480.70000002,155841247.0,12.0,,,
1806013,2022,year,326995558.60999995,106479007.17,215740533.51000005,140802366.12,12.0,,,
1806013,2023,year,412515652.59,139740863.15,265694337.80000004,157656976.19,12.0,418013864.68000007,38204497.61000001,12.0
1806013,2024,year,473283546.1299999,139852154.66,320163859.72,188934150.63,12.0,465615581.91,50271250.400000006,12.0
1806013,2025,year,552350672.04,153878591.39999998,386601435.94,221601141.59,12.0,556713843.9,78991479.71,12.0
1806015,2021,year,100792974.54000002,47004099.12,53219511.720000006,22763876.61,12.0,,,
1806015,2022,year,88988809.79,38598849.23,46579815.31000002,22112757.46,12.0,,,
1806015,2023,year,102122407.0,47621773.04,50129181.38000001,22844639.83,12.0,109307100.21999998,4694650.65,12.0
1806015,2024,year,113029786.5,50314287.72,50658328.30000001,26196242.3,12.0,121919197.45,14805485.13,12.0
1806015,2025,year,139331856.23,74294101.36,63319152.24,28502356.790000003,12.0,137052243.25,19358512.6,12.0
1806017,2021,year,373589053.78,173915701.2,185283073.09,94574106.60999998,12.0,,,
1806017,2022,year,303443677.57,137016853.57,153991187.26999998,86063923.54,12.0,,,
1806017,2023,year,569866123.85,188001680.95,193240781.41000003,88131269.57000002,12.0,605520460.9700003,230089965.8,12.0
1806017,2024,year,422576740.57000005,179654616.27999997,215200158.43,100379619.86,12.0,441086497.04,59415159.02,12.0
1806017,2025,year,519122118.69,212889110.26,271063254.63,125291248.17000002,12.0,519484015.58,79307526.39,12.0
1806019,2021,year,384946040.94,220413862.36,140463727.40000004,71967188.32000001,12.0,,,
1806019,2022,year,333574737.9199999,187453557.73,133069167.87000003,74678100.36000001,12.0,,,
1806019,2023,year,395426987.2500001,201806147.81,159335889.27,78505654.91,12.0,395354944.59,47002822.81,12.0
1806019,2024,year,418776927.94,219635719.71,179931152.6,86568366.86,12.0,433351688.89,27947087.59,12.0
1806019,2025,year,498125495.34,258496034.2,205999072.0,103583817.07,12.0,498748889.04,42984168.150000006,12.0
1806021,2021,year,115980159.49,62324259.24,51471899.010000005,25804596.8,12.0,,,
1806021,2022,year,107703964.85,56081161.69,48571839.47,27502469.330000002,12.0,,,
1806021,2023,year,146832656.95,82554912.61999999,56019754.24,26666840.279999997,12.0,162684801.78,31947974.08,12.0
1806021,2024,year,136560765.4,68224790.04,62413178.85,28259640.45,12.0,136875720.27,4395411.32,12.0
1806021,2025,year,149667534.31,77991851.93,68578420.35999998,33154912.14,12.0,150966202.06,9054103.07,12.0
1806023,2021,year,204940139.17999998,54371544.93,142856314.45000002,117310454.28,12.0,,,
1806023,2022,year,176224979.34000003,42570134.5,130814229.95,108704924.22000001,12.0,,,
1806023,2023,year,230125179.01,41590109.18,183621298.56,154808120.97,12.0,286831659.29,73775054.87,12.0
1806023,2024,year,281512216.6,58598102.96,216912378.38000005,180627184.64,12.0,310754751.62,93145006.15,12.0
1806023,2025,year,341944143.52000004,65028558.38,274493261.03000003,236102435.98,12.0,371446115.25,50502481.22,12.0
1806025,2021,year,58576029.16,32909597.2,25359720.49,12522134.27,12.0,,,
1806025,2022,year,49935438.72,26611454.56,21579256.87,11045354.46,12.0,,,
1806025,2023,year,66839746.02000001,32922902.6,28709147.85,12915765.1,12.0,65153417.29000001,9913508.489999998,12.0
1806025,2024,year,66717349.07,32831020.18,32975607.37,15852780.84,12.0,70135707.41,5778505.43,12.0
1806025,2025,year,83508834.97,38946976.36,44093148.55,19677854.0,12.0,84128571.86,14262520.77,12.0
1808001,2021,year,218923684.76000005,118872934.98,88507090.08999999,53902997.63,12.0,,,
1808001,2022,year,193877757.89,90298147.07,89981519.8,55622382.269999996,12.0,,,
1808001,2023,year,236428991.14000008,105971399.78,115737560.44999999,61534976.58000001,12.0,307577044.52,74399489.97,12.0
1808001,2024,year,251696587.7,112256552.41,123624833.98999998,69034780.1,12.0,297096481.71000004,51918134.73,12.0
1808001,2025,year,324712147.21,138951896.41,152387595.72,84636301.3,12.0,326832586.1,34085696.94,12.0
1808003,2021,year,57715599.260000005,37961698.97,19580194.959999997,8611643.200000001,12.0,,,
1808003,2022,year,57809967.42,33670505.11,23897588.580000006,11615801.72,12.0,,,
1808003,2023,year,64644222.379999995,37291936.02,27021616.17,11960919.59,12.0,68577294.75999999,5559596.73,12.0
1808003,2024,year,69335657.56000002,36960572.08,31802093.35,13728929.06,12.0,68647492.42999999,2897750.87,12.0
1808003,2025,year,86332813.10000001,42156493.11000001,43884310.85999999,16880706.79,12.0,84276512.66,3221204.49,12.0
1808005,2021,year,82434277.03,45459385.02,35808518.900000006,16718137.05,12.0,,,
1808005,2022,year,72547882.74,38677591.99,31908897.98,17703031.66,12.0,,,
1808005,2023,year,93270880.46,44207119.89,46122342.57,24128984.53,12.0,91698038.66,8869167.030000001,12.0
1808005,2024,year,112476539.24,46498833.43,60608455.35999999,33190303.71,12.0,105495710.75,13472891.7,12.0
1808005,2025,year,134345669.81999996,53579240.81,74660254.60000001,34839982.03000001,12.0,129249527.72,16487727.66,12.0
1808007,2021,year,66365554.94,39820142.57,26056618.93,11682654.959999999,12.0,,,
1808007,2022,year,63182406.68,35130243.45,26963935.91,12058719.05,12.0,,,
1808007,2023,year,75325185.43,43094082.260000005,29021721.630000003,16514775.530000001,12.0,71119750.80000001,5506859.48,12.0
1808007,2024,year,74206983.33000001,40023087.45999999,32332518.15999999,15262376.21,12.0,80442539.76000002,3019181.03,12.0
1808007,2025,year,82357753.37,50255949.86,31163952.839999992,15221046.14,12.0,86797776.86,4874774.6,12.0
1808009,2021,year,64715132.04000001,38115440.7,25898375.54,15474300.42,12.0,,,
1808009,2022,year,57170617.67999999,32486923.0,23710877.130000003,14898895.93,12.0,,,
1808009,2023,year,74017417.54999998,44664657.2,28243749.110000003,17233976.59,12.0,67561780.24000001,3317790.86,12.0
1808009,2024,year,73625451.08999999,41791030.86,31361922.21000001,17753593.8,12.0,75288316.47,1243070.0,12.0
1808009,2025,year,84781198.31999998,47212489.54000001,37071746.14000001,21554385.06,12.0,87805400.07000001,5854529.43,12.0
1808011,2021,year,37601181.92,24872665.32,12588706.88,7071721.359999999,12.0,,,
1808011,2022,year,32048326.04,17218351.63,12635765.73,7335980.66,12.0,,,
1808011,2023,year,37327442.660000004,20745225.0,15978812.300000003,8765877.459999999,12.0,38229827.69,3571785.73,12.0
1808011,2024,year,43058694.87,19450943.05,21845462.970000003,11695477.1,12.0,46835248.0,3242702.63,12.0
1808011,2025,year,49873356.91999999,19805483.88,29483249.98,15054181.96,12.0,48606649.03,932626.38,12.0
1808013,2021,year,201051992.3,117469790.17,81967043.88,45798179.61000001,12.0,,,
1808013,2022,year,185886344.70000002,98715805.07,82561293.60000001,48886865.47999999,12.0,,,
1808013,2023,year,215641395.78,113519027.61,95567965.96000001,51529701.620000005,12.0,220097532.75,11408056.0,12.0
1808013,2024,year,240637277.47,122403267.23,114054858.07,61890826.06,12.0,237465720.56,12728869.56,12.0
1808013,2025,year,283400429.3500001,136480688.32999998,136511852.34,69117012.94,12.0,286225048.14,27727415.66,12.0
1808015,2021,year,496464840.6100001,179688415.9,289618862.85999995,179293941.23000002,12.0,,,
1808015,2022,year,451634004.9900001,140648367.65,296471288.62,187258103.75999987,12.0,,,
1808015,2023,year,662629684.0899998,238908227.23,386516299.5599998,214671989.82000005,12.0,1596725802.71,558763024.06,12.0
1808015,2024,year,867767512.2799999,348091863.78000003,453573006.9200001,243733534.42,12.0,1071658998.44,396124373.4,12.0
1808015,2025,year,908563346.18,248317176.12,501757587.87,280792009.45000005,12.0,1053326522.63,329304592.72,12.0
1808017,2021,year,44351139.31999999,19915515.63,24022748.57,8861021.020000001,12.0,,,
1808017,2022,year,33208413.969999995,16887510.06,15472255.44,8614660.52,12.0,,,
1808017,2023,year,42673960.3,21557836.5,20006122.52,7965015.16,12.0,42934337.88,935552.4,12.0
1808017,2024,year,52160144.20999999,23142748.54,28677390.39,9784083.3,12.0,49969023.05,1540817.0,12.0
1808017,2025,year,64532208.27,23023324.37,37381879.190000005,12829055.4,12.0,63980716.99,6048795.43,12.0
1808019,2021,year,51040482.65,23389255.21,25884093.88,16126861.1,12.0,,,
1808019,2022,year,48217522.85,21455421.66,24782725.76,15710204.91,12.0,,,
1808019,2023,year,59371724.52,27406707.13,30273411.11,18094244.22,12.0,54410801.13,491202.57,12.0
1808019,2024,year,59920304.7,23608423.73,35407138.03999999,21187913.3,12.0,60695198.25,1331259.89,12.0
1808019,2025,year,77883356.52999999,25592783.33,47756752.96000001,29210069.37,12.0,73313276.50999999,6986515.04,12.0
1808021,2021,year,95582869.84999998,38648659.89,55959795.32999999,43307066.99,12.0,,,
1808021,2022,year,83837202.03000002,33020304.36,49911371.35,38937265.78,12.0,,,
1808021,2023,year,101531074.38,40563215.02,59775254.92,46489782.06,12.0,101988193.16,10086781.49,12.0
1808021,2024,year,112364316.61,42413383.22,69039861.03,52650076.45999999,12.0,103158632.95,8153782.81,12.0
1808021,2025,year,135717110.33999997,49375747.580000006,85606500.58000001,64406638.120000005,12.0,127604458.35999998,8792905.36,12.0
1808023,2021,year,77216875.59,42216020.79,34455152.66,20897858.95,12.0,,,
1808023,2022,year,71575068.58,37259302.35,33375888.37,19489022.29,12.0,,,
1808023,2023,year,87304481.12,48876297.36,37583791.8,20962983.94,12.0,79930298.57,2804147.91,12.0
1808023,2024,year,100988575.24,53435779.3,46503654.440000005,28420252.81,12.0,103182589.1,12841719.82,12.0
1808023,2025,year,113807947.8,50114189.75,62446097.35,39090023.99,12.0,117080613.76,7240855.05,12.0
2102001,2021,year,110533162.33,67887134.46,41994832.94,16696863.78,12.0,,,
2102001,2022,year,97774428.46,62424677.0,33685811.98,18006321.14,12.0,,,
2102001,2023,year,123608456.03,70704930.0,51467103.269999996,24074956.96,12.0,124576336.15,16799767.64,12.0
2102001,2024,year,149346452.22000003,75369449.11,65116051.35,36404104.52,12.0,129658357.15,16505571.63,12.0
2102001,2025,year,191434395.95,79348950.99000001,79143540.78,50679851.35,12.0,194447438.96,33013358.43,12.0
2102003,2021,year,438587292.99,159453738.89,205051582.06,122768407.97,12.0,,,
2102003,2022,year,387336039.49,158626553.16,216103037.05,140738765.07,12.0,,,
2102003,2023,year,470853745.83,149228564.25,257614667.59999996,160001904.01,12.0,516431377.55,95171662.45,12.0
2102003,2024,year,489119819.98,158725255.27999997,305462249.24,184828995.09,12.0,502250168.58,41819569.78,12.0
2102003,2025,year,826474302.8199999,163669997.85,353175213.41,204646950.37,12.0,821299244.1999999,320204511.49,12.0
2102005,2021,year,53888807.3,35446025.260000005,17882126.46,9912111.77,12.0,,,
2102005,2022,year,54424333.32999999,35250774.0,18322777.17,11993849.1,12.0,,,
2102005,2023,year,56453319.15,34252899.9,21268562.91,13556650.88,12.0,57586180.88999999,2675597.23,12.0
2102005,2024,year,61056141.95999999,33439851.59,24119073.94,15175019.84,12.0,61467014.870000005,4417304.0,12.0
2102005,2025,year,68443607.33000001,40580334.64,27510097.8,16841894.91,12.0,69300203.67,1393869.27,12.0
2102007,2021,year,48287777.86,28112053.69,18957710.87,10117573.46,12.0,,,
2102007,2022,year,47557012.260000005,27118279.0,19794867.050000004,11975990.969999999,12.0,,,
2102007,2023,year,56501712.92,28905477.0,25313960.72,13634314.77,12.0,63015815.87,11360277.84,12.0
2102007,2024,year,57873959.96,28139300.0,26962541.05,15459888.03,12.0,63508008.11,7700955.63,12.0
2102007,2025,year,69703661.94999999,32891918.86,32024211.64,16502150.7,12.0,67007028.05000001,9306101.23,12.0
2102009,2021,year,105946289.74,72375573.69,32222837.150000002,14208715.549999999,12.0,,,
2102009,2022,year,103799704.99000004,70239965.0,31447843.040000003,17677917.77,12.0,,,
2102009,2023,year,113714140.38999999,75346300.0,35109371.42,18621284.669999998,12.0,112139872.9,1703924.02,12.0
2102009,2024,year,123132323.65,74846965.13,44384984.73,22199774.62,12.0,127545399.01,8493493.97,12.0
2102009,2025,year,139390931.14,80759537.17,56940658.7,26332514.88,12.0,137574383.42,4632607.0,12.0
2102011,2021,year,581635240.92,310046187.58,247937157.94000006,168574742.22999996,12.0,,,
2102011,2022,year,542445290.5,237735175.0,288789700.81,204279572.86,12.0,,,
2102011,2023,year,696870262.0,266635979.2,360545880.7800001,222012790.2,12.0,742283178.3100001,121715947.56,12.0
2102011,2024,year,738675308.7099999,273089525.79,433301576.58,252264627.96000004,12.0,715104475.01,67831259.47,12.0
2102011,2025,year,802457531.0599998,285314441.19,480053213.96,276140811.51,12.0,796863600.57,58104474.63,12.0
2102013,2021,year,102300932.98,85838394.74000001,15680448.220000004,8015445.18,12.0,,,
2102013,2022,year,77971268.31,61209710.0,15997837.78,9626307.72,12.0,,,
2102013,2023,year,103621504.48,72866559.9,23096957.94,10884145.12,12.0,104588059.19,19089192.74,12.0
2102013,2024,year,120065533.45000002,73613047.0,39845642.690000005,16407043.02,12.0,114188778.13,11914118.28,12.0
2102013,2025,year,162848187.11,85247625.53999999,59371334.940000005,33159217.51,12.0,164774238.69000003,41957264.89,12.0
2102015,2021,year,143954182.83,104586716.97,36375307.769999996,18065130.94,12.0,,,
2102015,2022,year,138553927.23000002,101600066.0,32910811.189999998,20931561.970000003,12.0,,,
2102015,2023,year,156135581.64000002,115915664.87,36649373.589999996,21486150.93,12.0,154002942.9,3509826.71,12.0
2102015,2024,year,173420730.89,123452118.95,46640479.89,27644003.49,12.0,167198166.68,4546090.76,12.0
2102015,2025,year,189928485.96,129910548.65,58447511.35,34304870.36000001,12.0,191691543.33,2969965.8,12.0
2102017,2021,year,46740422.63,25826101.0,19252615.319999997,10300953.69,12.0,,,
2102017,2022,year,51134986.53000001,25738292.0,24088236.6,9961223.93,12.0,,,
2102017,2023,year,73703287.10000002,37593500.0,34905218.03000001,17358813.79,12.0,54782686.31,5579288.23,12.0
2102017,2024,year,69192738.96000001,31312709.58,35485703.77,21244042.84,12.0,72335654.88000001,12641554.47,12.0
2102017,2025,year,77259691.84,37700752.38,37584395.53,20633555.76,12.0,78999603.17999999,8167210.91,12.0
2102019,2021,year,156489148.82,96153470.33,37347385.199999996,22037134.6,12.0,,,
2102019,2022,year,140097185.89000005,92373690.0,43296042.03,27886773.36,12.0,,,
2102019,2023,year,158588806.65,97837116.0,55874083.71,35571969.81,12.0,152894279.05000004,2596461.02,12.0
2102019,2024,year,221036105.03,91729357.35,62500694.75,39716434.69,12.0,228776665.88,66711757.16,12.0
2102019,2025,year,182645383.63,109304549.52,71182088.28,43055637.15,12.0,181537200.45,3165710.0,12.0
2104001,2021,year,155687846.04,103611966.42,49265397.61,30688038.500000004,12.0,,,
2104001,2022,year,170906478.62000003,104101302.0,61680333.76,45400467.93,12.0,,,
2104001,2023,year,216885818.23000002,125767814.53,80338768.02000001,55030433.41,12.0,306039308.58,62661219.95,12.0
2104001,2024,year,199072099.52,84721712.0,107353155.82,75396487.81,12.0,213861521.63,13342198.34,12.0
2104001,2025,year,222479098.10000005,119941399.15,97295229.48000002,58587523.76,12.0,238280321.78,33264214.06,12.0
2104003,2021,year,65498865.08,39839144.38,24430313.950000007,9775728.89,12.0,,,
2104003,2022,year,61027280.07999999,37160410.92,21514822.49000001,12806019.430000002,12.0,,,
2104003,2023,year,71469395.83,37119540.0,30877059.96,17174993.060000002,12.0,102457189.42,20266048.41,12.0
2104003,2024,year,83379001.49000001,39430273.57,39384295.06,20696022.82,12.0,84038902.60000001,6836421.67,12.0
2104003,2025,year,91557938.89,41280885.95,48422363.85,24090023.130000003,12.0,91836408.88,3239183.41,12.0
2104005,2021,year,95643577.37,48207285.23,46623876.02,24875563.509999998,12.0,,,
2104005,2022,year,90213652.33000004,44948906.03,43134776.029999994,25334364.82,12.0,,,
2104005,2023,year,98313617.96000002,48352155.08,46571033.42,26388528.299999997,12.0,105901712.98,5386092.46,12.0
2104005,2024,year,124647097.82,61406389.18,58268020.65,29427372.56,12.0,121922182.83,13378291.09,12.0
2104005,2025,year,138828444.18,61739959.24,69811736.41,38426349.05,12.0,136930753.18,16676532.91,12.0
2104007,2021,year,66319751.32,47758114.84,17639950.38,8450767.67,12.0,,,
2104007,2022,year,68655476.00999999,47193526.0,20740090.090000004,10906272.55,12.0,,,
2104007,2023,year,76393083.03,50923400.0,24790622.200000003,14145942.600000001,12.0,85137008.35,553802.0,12.0
2104007,2024,year,82272114.39000002,51470981.76,29586798.73,14059376.86,12.0,80080151.34,2885619.46,12.0
2104007,2025,year,92255922.63,56833209.49,34212923.4,16155312.82,12.0,101388910.75,7056423.19,12.0
2104009,2021,year,49599827.62,35918746.9,12890749.290000001,6542249.949999999,12.0,,,
2104009,2022,year,44361726.31,31999613.0,12115490.32,7141479.2299999995,12.0,,,
2104009,2023,year,45583355.53,32512624.0,12692031.18,7072829.66,12.0,47759292.23,557440.0,12.0
2104009,2024,year,51231056.39,33887920.84,15359430.02,8063667.600000001,12.0,46341259.61000001,1032508.0,12.0
2104009,2025,year,61304022.89,35410195.02,24429350.99,15922718.39,12.0,59893678.5,2558773.56,12.0
2104011,2021,year,88359189.78999999,45102927.52,41405037.23,15968403.41,12.0,,,
2104011,2022,year,83999991.97000001,43974807.0,38541110.99,20109598.27,12.0,,,
2104011,2023,year,99409638.36,45236600.0,52284046.41,22208926.470000003,12.0,99712664.07,6153192.78,12.0
2104011,2024,year,131706403.4,41991150.0,84469576.19,35704564.550000004,12.0,118639582.85,10830488.93,12.0
2104011,2025,year,142966115.27,41662314.98,98428142.38,41028850.11,12.0,155986074.80999997,19424209.1,12.0
2104013,2021,year,80566884.97000001,38524807.8,39649879.59,22848551.74,12.0,,,
2104013,2022,year,79193574.23999998,33874079.980000004,43693175.780000016,24767579.620000005,12.0,,,
2104013,2023,year,171022216.17000002,45384023.54,120720179.69999996,34853920.57999998,12.0,256218812.00000003,126875559.19,12.0
2104013,2024,year,208270961.03,37579314.86,162114626.39,67763209.97,12.0,192627587.03000003,74248731.99,12.0
2104013,2025,year,230515425.42000005,35520633.37,192032570.39,100321308.45,12.0,258224584.33,103705327.43999998,12.0
2104015,2021,year,1090488964.7699995,285121335.00000006,731630907.96,459228556.23000014,12.0,,,
2104015,2022,year,1256051306.79,267646600.0,921080805.46,551734340.52,12.0,,,
2104015,2023,year,1485986091.4200003,351752534.17,1055014278.8599999,583953438.4000001,12.0,2791016452.0299997,533513261.00000006,12.0
2104015,2024,year,1587429554.14,351511364.29999995,1140732273.18,650195993.57,12.0,1670432901.3000002,173525021.42999998,12.0
2104015,2025,year,1915093536.45,371964854.59,1373236420.86,746985544.42,12.0,1953515874.47,161494583.5,12.0
2104017,2021,year,45948039.17,21894682.71,23010698.78,15971928.32,12.0,,,
2104017,2022,year,44235358.17,21635673.36,21575573.46,16681834.219999999,12.0,,,
2104017,2023,year,48669305.580000006,22739100.0,24670881.35,18531144.950000003,12.0,48657443.20999999,6597044.41,12.0
2104017,2024,year,56700909.830000006,25576695.36,30055240.030000005,21604860.82,12.0,57392295.34,2666908.39,12.0
2104017,2025,year,60759201.72,30815989.82,28721973.739999995,22153580.97,12.0,59975375.59,4081638.79,12.0
2104019,2021,year,94195889.61,72502678.89,20543337.630000006,11701943.79,12.0,,,
2104019,2022,year,90792607.42999999,69435654.98,18800337.700000003,12593617.72,12.0,,,
2104019,2023,year,102284280.92999999,76487560.98,22763699.37,12772403.58,12.0,103511011.31,9003687.41,12.0
2104019,2024,year,104161163.01,72219614.80000001,29593850.8,14698789.23,12.0,105947480.46,4156294.34,12.0
2104019,2025,year,134988342.51,79265318.47999999,41088992.8,21675356.520000003,12.0,136212336.66999996,9883093.14,12.0
2104021,2021,year,129603679.95,60095605.36,67819112.92,32214337.74,12.0,,,
2104021,2022,year,143808942.99,61611780.0,77353006.41000001,40199956.35999999,12.0,,,
2104021,2023,year,178497654.01,80773182.11,90251871.78,46188822.62,12.0,170615234.67999998,17466713.919999998,12.0
2104021,2024,year,216912670.47000003,92620218.51,111395146.33,60970448.330000006,12.0,217868093.58,40858813.08,12.0
2104021,2025,year,226834682.97,73039876.64999999,149307529.79,72003078.77000001,12.0,221442313.48,17663749.98,12.0
2104023,2021,year,239106208.24,125673193.75,105696396.69999999,65470249.86000001,12.0,,,
2104023,2022,year,233576045.83,110834494.86,114765661.22,72099978.18,12.0,,,
2104023,2023,year,276261135.96000004,129498480.17,129930968.71000001,80596621.12,12.0,277002422.25999993,12042460.2,12.0
2104023,2024,year,312709215.65,123959898.03,158498742.55999997,89801786.57,12.0,314999547.7300001,27443296.81,12.0
2104023,2025,year,365653088.92,140906026.56,188650209.98,110207734.39,12.0,357516706.28000003,18870043.39,12.0
2104025,2021,year,111666315.59,68629931.67,39799995.75,20507984.48,12.0,,,
2104025,2022,year,110445665.93,67622500.0,41335706.67999999,24100201.6,12.0,,,
2104025,2023,year,141184347.82,79020900.0,58057227.150000006,25322986.98,12.0,137697385.89,15009270.54,12.0
2104025,2024,year,157318991.62000003,80612787.8,72710281.79,31575400.35,12.0,151571444.73999998,10024679.26,12.0
2104025,2025,year,187794694.65,89676129.99000001,87305132.97,36464802.44,12.0,189847161.80000004,34901573.17,12.0
2106001,2021,year,123512099.47,82503215.95,40628420.39,12270616.450000001,12.0,,,
2106001,2022,year,120846880.33,81280526.0,39080707.33999999,15190873.78,12.0,,,
2106001,2023,year,123543383.53999999,85223014.53,36553918.1,15149966.129999999,12.0,131027812.99,5783828.54,12.0
2106001,2024,year,168301827.68999997,104593574.23,61413736.06,18120244.73,12.0,151327316.38000005,7334428.89,12.0
2106001,2025,year,166303006.89999998,109454440.94,47798023.16,20346534.88,12.0,176653705.81000003,12391645.27,12.0
2106003,2021,year,250659289.82000002,181865511.68,60232608.32,33443615.800000004,12.0,,,
2106003,2022,year,251243496.77,176505454.0,61722140.92000001,38030937.69,12.0,,,
2106003,2023,year,274235647.71000004,187225289.0,68131051.96999998,38139125.79000001,12.0,286683486.76000005,39112469.66,12.0
2106003,2024,year,284420341.67,190272128.0,90609726.85,44248149.07,12.0,281642998.9,8806129.309999999,12.0
2106003,2025,year,317303075.59000003,206711076.65,95999958.4,52637595.56999999,12.0,314046940.36,19101951.66,12.0
2106005,2021,year,283028555.4,176409098.78,87463164.45,53690709.41,12.0,,,
2106005,2022,year,232216332.42999998,135296799.0,91984293.28999996,60276785.01,12.0,,,
2106005,2023,year,227603626.0,108843660.0,101423093.11,62370336.03999999,12.0,273137164.98999995,15641719.88,12.0
2106005,2024,year,280795899.59000003,149334995.46,125404150.57,74964372.31,12.0,272325445.09000003,5106818.989999999,12.0
2106005,2025,year,317125540.39,152792558.86,137057942.05,84041640.33,12.0,321308295.30999994,30365199.64,12.0
2106007,2021,year,189928875.92000002,128574390.48,58596665.25999999,26421199.26,12.0,,,
2106007,2022,year,199500644.32000002,133613476.0,56943280.44999999,30370485.23,12.0,,,
2106007,2023,year,235309142.15,146210809.0,68380400.88,35113225.59,12.0,233670986.53000003,25262730.22,12.0
2106007,2024,year,277283005.44000006,151455372.04,115557462.7,46043291.82,12.0,260971929.04,19875710.94,12.0
2106007,2025,year,321091493.80999994,166045693.79999998,122068471.09,60591967.760000005,12.0,322696536.54999995,33767179.41,12.0
2108001,2021,year,49682507.06,35529895.88,13571234.12,6547743.48,12.0,,,
2108001,2022,year,45768699.93,32576665.0,12709174.13,7334346.77,12.0,,,
2108001,2023,year,55120623.09,37164000.0,17209366.32,8332748.42,12.0,55352584.17,6856116.68,12.0
2108001,2024,year,63780762.830000006,40151282.620000005,22724943.39,10640046.55,12.0,62111644.4,2507654.97,12.0
2108001,2025,year,68970804.94,40232814.98,27259483.33,13522262.49,12.0,72600349.25999999,4797606.27,12.0
2108003,2021,year,182567232.44000003,141248629.54,37221954.45000001,19569198.290000003,12.0,,,
2108003,2022,year,169866150.70999998,123859124.0,38733184.12000002,25044202.609999996,12.0,,,
2108003,2023,year,182570770.20000002,124264182.0,47532854.95,26518030.15000001,12.0,221418974.36000004,39434327.16,12.0
2108003,2024,year,530543639.74,143696113.86,67547090.67,35065539.760000005,12.0,525033470.41,322696887.95,12.0
2108003,2025,year,314947201.46,155917581.57,81842289.16,37444850.29,12.0,315483343.44,83314715.47999999,12.0
2108005,2021,year,111492433.19,88151894.94999999,20800054.270000003,11759696.35,12.0,,,
2108005,2022,year,105600210.1,80474825.0,23064395.39,13581155.12,12.0,,,
2108005,2023,year,119656050.54,87477846.0,26174429.340000004,15170676.09,12.0,119724348.45,14170179.47,12.0
2108005,2024,year,135216531.84,93229175.77,32521355.5,16969695.85,12.0,133284093.89,12251502.29,12.0
2108005,2025,year,178213029.20000002,137894154.94,34571045.239999995,19173732.1,12.0,180159696.64,44369116.88,12.0
2108007,2021,year,172793797.17999998,134562640.32,34884550.31000001,21399710.150000002,12.0,,,
2108007,2022,year,164882098.52999994,123327065.0,38696432.61,24706499.82,12.0,,,
2108007,2023,year,189404838.63,141256737.0,42854682.75000001,26418520.689999998,12.0,192118552.67,20780992.01,12.0
2108007,2024,year,214845824.04,147874290.01,57949932.67,29732356.05,12.0,213872063.77,15721723.39,12.0
2108007,2025,year,266640516.81,190025432.82,58018358.580000006,30624055.32,12.0,258612002.41,44029263.68,12.0
2108009,2021,year,241116305.46,189076410.57,48114765.85,26215683.82,12.0,,,
2108009,2022,year,245824402.19,192816209.0,47630246.78,34606985.79,12.0,,,
2108009,2023,year,277437243.6600001,208041676.0,59226581.42999999,36313138.25,12.0,273530894.51000005,11441270.03,12.0
2108009,2024,year,303343983.55999994,209315304.37,87667899.89,40369145.87,12.0,298134213.31,10122816.52,12.0
2108009,2025,year,331968690.78,221220620.88,80485365.5,42583218.2,12.0,336456486.86,27282058.23,12.0
2108011,2021,year,233227961.29,170225938.14000002,53860627.25,26421585.130000003,12.0,,,
2108011,2022,year,232778815.64000002,164618757.0,53902102.05,32597575.55,12.0,,,
2108011,2023,year,274303674.84999996,192427207.0,68840370.83,34881691.129999995,12.0,282518675.80999994,29340346.85,12.0
2108011,2024,year,278116838.48,194288809.18,80071207.39,35973584.02,12.0,275856101.66,21571898.93,12.0
2108011,2025,year,326459732.17,216056886.1,99004669.51,42240834.67,12.0,318923556.68,30916602.59,12.0
2108013,2021,year,128474956.69,93736064.94,29492885.1,15465977.48,12.0,,,
2108013,2022,year,118754867.52999999,83453570.92,30554655.620000005,18509757.32,12.0,,,
2108013,2023,year,132148524.41000001,91989784.44,34064277.99,18338977.78,12.0,131074570.61,13325432.44,12.0
2108013,2024,year,142895953.76000002,93665851.54,42685090.03,22739412.5,12.0,140309030.88,5326871.44,12.0
2108013,2025,year,165163930.5,103280934.0,48352100.24,26421325.84,12.0,168495243.76,15057851.59,12.0
2108015,2021,year,297467883.21,137667647.0,154137870.54999998,90370039.89,12.0,,,
2108015,2022,year,233275953.04,83627502.6,134971606.34,78373739.9,12.0,,,
2108015,2023,year,278999142.40999997,102375644.0,157762407.76,88997299.80000001,12.0,316914887.84000003,73013106.76,12.0
2108015,2024,year,329013510.94000006,115140585.59,198600524.95,120042260.88,12.0,307097735.61,57791866.55,12.0
2108015,2025,year,384159639.1999999,131285296.35,244263458.29,151586655.58999997,12.0,360761171.82,71609414.21000001,12.0
2108017,2021,year,92706828.02,71905444.5,19955886.559999995,10041878.12,12.0,,,
2108017,2022,year,88034583.22000003,67964200.0,19567987.55,11247896.14,12.0,,,
2108017,2023,year,98414364.93,77745200.0,19194615.82,11670661.81,12.0,104455700.64,8471757.7,12.0
2108017,2024,year,112872638.69,83350676.92999999,28078237.62,13799627.48,12.0,106144449.64,4194832.44,12.0
2108017,2025,year,118766910.79,90327713.71,27394581.930000003,16450913.71,12.0,124921172.18,2301975.53,12.0
2108019,2021,year,91848299.66,51925245.25,38470439.65,17182307.67,12.0,,,
2108019,2022,year,84984474.35,53364858.0,30533072.72,19827620.2,12.0,,,
2108019,2023,year,95593191.58,61020781.53,31951392.89,18695092.310000002,12.0,94938938.84,2247572.2,12.0
2108019,2024,year,103064567.2,63520182.04,36070750.41,20185895.03,12.0,101680778.55,3116637.04,12.0
2108019,2025,year,122034793.47000004,70008420.17,42156159.81999999,24241629.750000004,12.0,116115722.6,5941634.0,12.0
2110001,2021,year,113372628.43999998,39749405.77,70948138.45,26238845.56,12.0,,,
2110001,2022,year,115352614.41000001,40407276.7,72040706.14,36526189.79,12.0,,,
2110001,2023,year,135744573.45000002,40376100.0,91254906.2,46683677.650000006,12.0,132658390.97,4187375.79,12.0
2110001,2024,year,224729204.25,44726456.7,176301978.73999998,113629692.11,12.0,193920013.67000005,42836489.25000001,12.0
2110001,2025,year,291110882.22,37814142.52,208766689.22000003,122705539.14,12.0,323666526.66,86499692.22,12.0
2110003,2021,year,84765211.07,36396773.98,42020635.08,27023276.18,12.0,,,
2110003,2022,year,92294834.4,34094536.87,53145910.31999999,30856140.230000004,12.0,,,
2110003,2023,year,117327974.02,34930643.1,72355113.09,34766058.57,12.0,131018711.88,24377903.39,12.0
2110003,2024,year,112525337.07,38273070.36,65694119.17,34686265.07000001,12.0,114187639.73,11025792.2,12.0
2110003,2025,year,138886978.05999997,55755140.98,74939978.25999999,39432963.71999999,12.0,121209568.24,7738559.850000001,12.0
2110005,2021,year,85836777.24000001,59550808.82000001,25017860.630000003,15110442.589999998,12.0,,,
2110005,2022,year,92134922.53,60481791.0,28380324.180000003,20772951.46,12.0,,,
2110005,2023,year,103584635.39,64441362.85,36000723.269999996,27452378.18,12.0,90655729.54,6170307.199999999,12.0
2110005,2024,year,102234202.56,58062924.59,41391389.54000001,29158611.590000007,12.0,115054301.49,19836354.97,12.0
2110005,2025,year,114264551.77999996,59738659.11,47138224.720000006,32700735.35,12.0,108079360.31,7652063.06,12.0
2110007,2021,year,64116419.260000005,39829290.39,23836304.95,9453101.129999999,12.0,,,
2110007,2022,year,61109060.410000004,36584798.0,23498700.989999995,10292333.91,12.0,,,
2110007,2023,year,74074331.02000001,44961867.24,28286010.0,12903509.129999999,12.0,83731595.99000001,8305126.359999999,12.0
2110007,2024,year,78105680.60000002,39663363.42,35424930.12000001,16770165.31,12.0,74124560.39999999,1169208.16,12.0
2110007,2025,year,89123968.55000001,42109105.02,41754465.52,18628066.94,12.0,85917267.53999999,2013375.37,12.0
2110009,2021,year,46691016.09,35721516.28,10040970.11,5261763.54,12.0,,,
2110009,2022,year,47415520.510000005,34991553.45,11037522.950000005,6348534.69,12.0,,,
2110009,2023,year,57537917.55,41476795.52,13682578.399999999,8672084.5,12.0,55942477.53000001,3672936.32,12.0
2110009,2024,year,65840072.73,38002032.5,22704750.46,13056041.55,12.0,62269927.98,5546598.28,12.0
2110009,2025,year,70347191.74999999,39971325.620000005,28457009.46,13036864.39,12.0,72022850.14,2188693.54,12.0
2110011,2021,year,102520149.24000001,41766959.78,55598356.82,29927933.32,12.0,,,
2110011,2022,year,116180173.86999999,17171718.0,88621098.33,26524340.909999996,12.0,,,
2110011,2023,year,184398115.85000002,24312178.8,150562453.24,32598826.0,12.0,286645561.46,122158464.46,12.0
2110011,2024,year,207366846.15,23270411.69,180731594.02,38006766.79,12.0,208100177.19,74308093.22,12.0
2110011,2025,year,231639375.92,29506162.58,185547232.37000003,57071213.63000001,12.0,236823858.96,54929837.85,12.0
2110013,2021,year,111603378.08,44838932.89,59921358.25,39425201.760000005,12.0,,,
2110013,2022,year,127244790.13999999,40166523.0,75963654.33000001,51243477.160000004,12.0,,,
2110013,2023,year,177134297.18,41437677.47,121868120.61999999,80580575.41,12.0,219199180.65000004,54644639.83,12.0
2110013,2024,year,245492525.61,46738708.25,192903604.04,152357768.41000003,12.0,240825993.93,59587369.51,12.0
2110013,2025,year,371127981.8900001,60793580.34,294550633.93000007,238219167.33,12.0,384233054.62,120788423.58,12.0
2110015,2021,year,154361021.43,116205452.92,35006139.98,21546689.57,12.0,,,
2110015,2022,year,119719617.10000001,78065389.0,34754003.94,21680778.89,12.0,,,
2110015,2023,year,143942262.59,90067214.4,43469980.34,25069598.13,12.0,138141179.57999998,5898777.77,12.0
2110015,2024,year,161866762.71,95571309.63,61684410.0,34641267.58,12.0,166685006.14000002,5899568.5200000005,12.0
2110015,2025,year,179074935.21,99191214.27,71838191.17,42353007.57,12.0,179178255.94,3852402.0,12.0
2110017,2021,year,65270626.86,48313607.73,15586640.27,7234804.25,12.0,,,
2110017,2022,year,61084690.129999995,41984680.78,16794802.080000002,8022848.04,12.0,,,
2110017,2023,year,62901233.31,45832383.03,15565689.61,11071974.29,12.0,70585738.63000001,6116287.56,12.0
2110017,2024,year,98624915.56,51297963.0,39226854.67999999,16739530.75,12.0,83485504.97,11298481.54,12.0
2110017,2025,year,118014931.21999998,48405420.1,66237879.78000001,16902276.4,12.0,116401117.56999998,17744208.3,12.0
2110019,2021,year,76209687.04000002,33224342.8,42453685.71,24461962.96,12.0,,,
2110019,2022,year,72550527.72,28402376.0,41541520.92,27518909.18,12.0,,,
2110019,2023,year,94844466.46,34901515.0,54042725.23,33447821.88,12.0,87172493.28999999,6786749.68,12.0
2110019,2024,year,98910307.77,27187227.5,65121832.64999999,39678247.76,12.0,97007347.52,6251899.75,12.0
2110019,2025,year,107994398.67,32799531.47,68583554.8,39982812.91,12.0,114822029.15,13516368.17,12.0
2110021,2021,year,147401596.39,115817233.65,28673983.22,18040296.23,12.0,,,
2110021,2022,year,142472010.23000002,107123143.35,32632672.500000004,21057092.23,12.0,,,
2110021,2023,year,165950079.06,122469279.63,39330705.64,25189359.490000002,12.0,168375299.99999997,9517750.64,12.0
2110021,2024,year,176670410.13,120289395.21,46393417.08,28109283.59,12.0,173940545.79000002,6226842.12,12.0
2110021,2025,year,217377638.3,130225019.93,71309141.87,47010300.52,12.0,212287552.57,18694806.93,12.0
2110023,2021,year,1612014507.9600003,352819724.18999994,1185961489.42,794825193.36,12.0,,,
2110023,2022,year,1659459466.1200001,282382173.59,1282139184.59,856830325.8200002,12.0,,,
2110023,2023,year,1959980980.69,347456849.56,1505732589.37,952842226.8199999,12.0,2429042460.41,413860921.74,12.0
2110023,2024,year,2408550876.17,405543084.37,1889533563.84,1153249744.12,12.0,2443054783.5600004,399094565.46,12.0
2110023,2025,year,2814135990.33,448498391.03,2270185668.4400005,1366499466.08,12.0,2797551404.7,316507195.53000003,12.0
2110025,2021,year,245623328.19,44251645.01,186240827.74,129216281.92,12.0,,,
2110025,2022,year,278841600.44,37149805.0,237925448.34,179369128.65,12.0,,,
2110025,2023,year,325738795.4099999,37606800.0,281664445.33,199800595.0,12.0,367243043.02,110853947.48,12.0
2110025,2024,year,405892353.43,44579082.0,354659085.6600001,237447783.55,12.0,394114410.34,129841357.54000002,12.0
2110025,2025,year,495762235.41,51533244.74,439957462.97,290463977.92,12.0,495704191.8,124483680.62,12.0
2110027,2021,year,154717244.39999995,42752063.96,110105263.57000001,60265232.75,12.0,,,
2110027,2022,year,167354629.50000006,38871752.68,125441820.89999999,70620731.63000001,12.0,,,
2110027,2023,year,217468521.62,86734300.0,123919075.70000002,77668797.96000001,12.0,269142994.09,30573295.71,12.0
2110027,2024,year,225851782.88,54675981.82,163832473.92999998,85790235.07,12.0,245568504.05,47394657.1,12.0
2110027,2025,year,230559840.84,40015694.41,186026816.05,98987677.43,12.0,243556627.95,30351151.35,12.0
2112001,2021,year,155492886.82000002,121131648.62,31427516.17,17931313.849999998,12.0,,,
2112001,2022,year,158912682.71,116701053.0,35828240.95,21592241.48,12.0,,,
2112001,2023,year,181511268.12,132300366.0,41942813.49,24375689.629999995,12.0,174999612.04,6063121.529999999,12.0
2112001,2024,year,198893020.25,132986518.42,56203912.05,30169883.58,12.0,202574115.46,11124741.03,12.0
2112001,2025,year,214868765.24,144508007.39,61453598.34,35252543.49000001,12.0,221320285.89,10454765.46,12.0
2112003,2021,year,145483593.49999997,110652937.8,30689120.67,17620159.340000004,12.0,,,
2112003,2022,year,125876902.38,79919548.0,35591278.16,21614751.45,12.0,,,
2112003,2023,year,153007418.51999998,95003331.0,44207379.24,26281836.42,12.0,176152887.4,38585742.43,12.0
2112003,2024,year,156632954.10999998,93628569.73,54539640.89999999,30925786.01,12.0,154960885.8,9819080.74,12.0
2112003,2025,year,192977950.21,99569529.02,74057903.77,41166383.66,12.0,182936266.15,15341046.97,12.0
2112005,2021,year,100800041.08,80487392.24,17436612.86,11831802.15,12.0,,,
2112005,2022,year,108977188.4,82772084.0,19565949.16,14058908.66,12.0,,,
2112005,2023,year,122211630.93,87546073.4,22039831.39,14961259.39,12.0,117868972.87,7607965.1,12.0
2112005,2024,year,126398812.01,91318917.08,25584970.32,16834266.07,12.0,130102520.17,6966142.75,12.0
2112005,2025,year,131322943.16,98439261.07,28120807.55,18549397.01,12.0,133682706.08,3582209.51,12.0
2112007,2021,year,115889223.36,92084127.69,22477966.760000005,14112472.04,12.0,,,
2112007,2022,year,129879045.45000002,95669664.0,27481710.42,17171292.28,12.0,,,
2112007,2023,year,151868459.57999998,112102851.87,31730239.690000005,18336114.5,12.0,150867686.03,22834469.14,12.0
2112007,2024,year,156351287.22000003,111329142.22,39796301.25999999,21326290.93,12.0,155784190.27999997,12873130.34,12.0
2112007,2025,year,171436843.86,117306249.12,46381402.83,24522866.53,12.0,175564363.67999998,12542909.17,12.0
2112009,2021,year,129041884.29,110024260.04,17098264.169999998,11580988.43,12.0,,,
2112009,2022,year,96550445.43,73457600.0,20130047.36,15241909.309999999,12.0,,,
2112009,2023,year,112302214.0,86761565.24,22781023.68,15284351.790000001,12.0,129423024.78,30510954.71,12.0
2112009,2024,year,113952963.6,83526615.57999998,27358124.31,17722218.7,12.0,120846498.54,7327357.66,12.0
2112009,2025,year,126350782.95,92552532.09,31370521.3,20544934.230000004,12.0,129994990.07999998,5730564.2,12.0
2112011,2021,year,77530915.42,42065550.36,34881988.96,11512431.76,12.0,,,
2112011,2022,year,80615017.67,41267345.0,38484669.92,14115275.65,12.0,,,
2112011,2023,year,94642982.68,47817743.0,45992148.3,17534042.9,12.0,111050907.41,33395209.1,12.0
2112011,2024,year,118143277.35999998,46214193.32,69704012.74,24111595.42,12.0,112795804.14,15550520.06,12.0
2112011,2025,year,121863240.57,46284315.66,74288198.74,35211380.79,12.0,128468017.93,19529210.41,12.0
2112013,2021,year,300411881.24999994,183426912.47,110436800.31,69566148.52000001,12.0,,,
2112013,2022,year,306977350.17,168164662.0,131282388.59,81332405.72,12.0,,,
2112013,2023,year,377308099.63,185268746.8,171653542.31,90986616.16,12.0,375148778.1,33355177.57,12.0
2112013,2024,year,415083762.5100001,193613277.32,208266413.66000003,116885810.68,12.0,418985062.25,26555083.09,12.0
2112013,2025,year,497207359.2,204679672.42,266126244.17,167528014.18,12.0,494579291.58,44189509.89,12.0
2112015,2021,year,100903430.48000002,80287538.82,18613003.06,9734306.14,12.0,,,
2112015,2022,year,98195923.19,75489087.0,20495944.86,12817781.26,12.0,,,
2112015,2023,year,114025780.64,88389300.0,22402758.65,13727510.29,12.0,114001513.14000002,9313590.88,12.0
2112015,2024,year,116440245.07999998,85618656.27,27739516.54,15811563.19,12.0,116356770.46,2489988.24,12.0
2112015,2025,year,132733417.77,95401117.06,31434981.12,18425830.51,12.0,136798344.29000002,13636662.79,12.0
2112017,2021,year,92120295.05,80324703.69,11473435.35,8856016.06,12.0,,,
2112017,2022,year,95292416.61,76008020.0,19066051.86,10570394.76,12.0,,,
2112017,2023,year,106269272.96000001,83439998.6,20273904.090000004,11020792.96,12.0,107481841.91,10363578.71,12.0
2112017,2024,year,118662526.35999998,92100998.0,25942848.37,11864593.2,12.0,116371738.25,5337094.640000001,12.0
2112017,2025,year,155142049.55,106594504.94,31331322.77,14036136.22,12.0,147674763.19,20625376.83,12.0
2112019,2021,year,246413908.17,165074405.07,79006918.71000001,45686874.51,12.0,,,
2112019,2022,year,239327250.73000002,151032882.69,84493114.35999998,54080084.21,12.0,,,
2112019,2023,year,275718729.18,162146778.02,102412430.68,56784033.489999995,12.0,278571389.19,16848644.77,12.0
2112019,2024,year,307493809.79,178576981.54999998,118893299.35,62692844.06999999,12.0,303661132.65000004,18033874.56,12.0
2112019,2025,year,347660748.56999993,188157992.48,136115942.38,69275661.38,12.0,349384615.70000005,26844712.860000003,12.0
2112021,2021,year,70963978.56,54459702.760000005,14130045.710000003,7392833.33,12.0,,,
2112021,2022,year,66856550.99999999,50386327.86,15516678.430000002,8631731.42,12.0,,,
2112021,2023,year,75320467.29,54646592.53,18164095.74,9454203.909999996,12.0,73236012.24,3525513.25,12.0
2112021,2024,year,90194756.26,56234981.37,24063289.41,11695556.12,12.0,93421883.08,17863659.53,12.0
2112021,2025,year,98448210.37999998,64039028.330000006,29747775.06,14812630.4,12.0,96138592.66,8441949.129999999,12.0
2112023,2021,year,59292740.050000004,48051480.81,10378949.15,7790945.03,12.0,,,
2112023,2022,year,65790753.18,49880344.0,15382808.450000001,8968865.350000001,12.0,,,
2112023,2023,year,69362513.34,52722656.0,15739065.27,9080069.93,12.0,70887137.89,8449480.76,12.0
2112023,2024,year,77559169.55000001,54713767.0,22355890.66,11343539.66,12.0,80984656.18,7110810.68,12.0
2112023,2025,year,104171732.39,60351930.27,43445277.33,12353149.26,12.0,96298128.7,10187838.73,12.0
2112025,2021,year,819251304.32,493112493.67,286548249.29,157397829.78,12.0,,,
2112025,2022,year,719163898.8599999,392406913.6,290971283.70000005,181922460.35000002,12.0,,,
2112025,2023,year,781909644.26,386653104.89,352895611.65,198935030.74,12.0,829682886.73,89034664.17,12.0
2112025,2024,year,868747662.6500002,412695829.42,417578637.77,227473869.73,12.0,863480974.0400001,43076800.44,12.0
2112025,2025,year,1014184451.0,436940356.11,541443188.3,282430110.4,12.0,974525469.61,75328580.22,12.0
2306001,2021,year,86469975.94,43102950.33,36294895.21000001,20686477.75,12.0,,,
2306001,2022,year,75602727.14,40594863.34,32609439.099999998,19662162.6,12.0,,,
2306001,2023,year,93696743.55,52126230.68,31721104.389999997,19524325.95,12.0,89078225.58,6587999.64,12.0
2306001,2024,year,145449749.14000002,55328859.01,47418356.49,29637043.61,12.0,153870121.51,36793306.88,12.0
2306001,2025,year,139552311.0,68295395.78999999,55830632.31,36700400.17,12.0,135605929.91,19652581.54,12.0
2306003,2021,year,173148728.75,77658960.55999999,92499491.14999999,60859450.38,12.0,,,
2306003,2022,year,139227547.81,55770350.73,79901830.52999999,54317706.69000001,12.0,,,
2306003,2023,year,184925182.07999998,73701554.97,97185788.26,61434794.150000006,12.0,180870525.0,20873937.03,12.0
2306003,2024,year,334828576.92,175678148.84,123912443.3,78550718.91000001,12.0,228678022.72,28813934.630000003,12.0
2306003,2025,year,323739513.22,105436256.22,152577143.04999998,93914365.36,12.0,420270946.03,164761536.88,12.0
2306005,2021,year,62732291.00000001,12925120.39,49351997.97,21499527.01,12.0,,,
2306005,2022,year,57761386.22,13350570.0,43898672.89,27061951.0,12.0,,,
2306005,2023,year,70608242.06,20185568.0,46052823.50000001,26807287.49,12.0,74873537.23,10909693.79,12.0
2306005,2024,year,92401524.76,20045144.47,66567622.940000005,34210694.64,12.0,87950569.94,4935758.0,12.0
2306005,2025,year,194298061.94,101677280.36,86289193.44000003,43343668.89,12.0,194443359.6,97449475.71,12.0
2306007,2021,year,8625250918.34,1638448744.28,6770959770.539999,4194352381.29,12.0,,,
2306007,2022,year,7644576915.72,1296179607.52,6228950726.12,3959529621.51,12.0,,,
2306007,2023,year,8675376829.74,1610324594.13,6772401574.91,4220465789.2600007,12.0,9323349686.670002,1036118664.54,12.0
2306007,2024,year,10912898472.6,2418888826.3,8146253615.89,4942618126.380001,12.0,10164085742.73,1178893930.96,12.0
2306007,2025,year,13062588743.87,3398024381.42,9345279247.11,5580774563.28,12.0,13370085879.09,2865366249.7700005,12.0
2306009,2021,year,103066802.48,66661539.8,35891240.13,17125176.209999997,12.0,,,
2306009,2022,year,96447531.67,68099513.42,27269091.80999999,15267478.559999999,12.0,,,
2306009,2023,year,126756072.36,73024005.06,32624752.200000003,15158687.759999998,12.0,117731724.74,29063364.84,12.0
2306009,2024,year,239009530.24,180035696.22,41903384.83,22095894.67,12.0,131290969.37999997,17288786.89,12.0
2306009,2025,year,181043072.28,102668185.21,57839421.42,24129387.93,12.0,290351989.85,153291653.64,12.0
2306011,2021,year,130975303.51,85907882.96000001,43570781.81,18989543.51,12.0,,,
2306011,2022,year,113459742.62999998,74812925.48,36529406.29000001,16152366.309999999,12.0,,,
2306011,2023,year,149461542.82999998,90244571.11,39098667.14,16698242.129999995,12.0,145409754.06,34520074.559999995,12.0
2306011,2024,year,248801808.32,171089187.37,56487507.3,23879759.610000003,12.0,272857671.79,122267251.96,12.0
2306011,2025,year,211576244.98,123154487.55,63850211.22,26207178.42,12.0,196471104.24,52988186.94,12.0
2306013,2021,year,61653207.97,33112808.7,25513087.86,16129372.750000002,12.0,,,
2306013,2022,year,52216588.41000001,24829387.0,23799348.68,15818305.45,12.0,,,
2306013,2023,year,75004208.3,33802055.0,26233368.560000002,15635568.440000001,12.0,76462642.25999998,4970018.779999999,12.0
2306013,2024,year,82281118.18999998,36641719.0,36143789.51999999,19820607.39,12.0,79183087.55,9548022.32,12.0
2306013,2025,year,105748184.51,51539896.44,43394306.53999999,24768006.14,12.0,107751279.33,17003782.06,12.0
2306015,2021,latest,60798099.7,29783770.96,29789083.26,16591146.49,12.0,,,
2306015,2022,year,51450840.92999999,25200197.0,25755549.45,14905255.499999998,12.0,,,
2306015,2023,year,79662228.3,37176803.4,34061284.26,18664702.31,12.0,69176863.47,6738259.220000001,12.0
2306015,2024,year,154598123.52,52599025.27,47976668.45999999,23137128.45,12.0,162214994.93,85656423.58000001,12.0
2306015,2025,year,218894336.13000005,79702980.32,56877416.72999998,29743122.57,12.0,212552666.85,115309042.82,12.0
2306017,2021,year,54787604.81,25419254.14,28907684.6,14546757.14,12.0,,,
2306017,2022,year,52025096.1,23963513.77,26692958.91,14160054.32,12.0,,,
2306017,2023,year,63323924.2,27559800.0,29695975.11,14715826.45,12.0,58218944.77,5444237.43,12.0
2306017,2024,year,81259786.32,30672345.85,38589429.42,21808005.8,12.0,85167151.64,16299903.54,12.0
2306017,2025,year,132551409.12000002,76924566.88,49390966.84,27152703.26,12.0,131888353.14,56497892.88,12.0
2306019,2021,year,100859195.44000001,38748680.6,59418328.14999999,33915301.48,12.0,,,
2306019,2022,year,94367353.4,41002368.0,50656678.82999999,31392344.240000002,12.0,,,
2306019,2023,year,126654991.72,48568876.0,63315540.970000006,36141696.85,12.0,118027517.26,18443871.67,12.0
2306019,2024,year,155044477.11999995,39093951.54,89122832.34,49080005.04,12.0,160374346.45,27801957.6,12.0
2306019,2025,year,192089999.38,58568180.93,117193829.55,64012205.20999999,12.0,174251354.48000002,23856213.46,12.0
2306021,2021,year,59115599.55,36935193.72,14638249.36,7304327.55,12.0,,,
2306021,2022,year,46593042.05,27845491.0,14148981.400000002,7649497.31,12.0,,,
2306021,2023,year,47823538.98000001,27056877.0,15525802.69,8512257.18,12.0,46533868.42,4333271.0,12.0
2306021,2024,year,64355116.52,35685541.08,20563844.26,10218460.500000002,12.0,68625139.15,12106046.32,12.0
2306021,2025,year,69990027.66,42937125.65,21097988.51,11125181.17,12.0,70701388.99000002,3463711.2800000003,12.0
2306023,2021,year,45171722.04,17418787.33,25320089.54,13769620.87,12.0,,,
2306023,2022,year,43638405.44,18243893.0,23345185.450000003,14083936.72,12.0,,,
2306023,2023,year,57632204.45000001,23080987.0,28450925.660000004,16503449.709999999,12.0,71825530.53,23358465.72,12.0
2306023,2024,year,129173910.29,87314609.83,34105263.25000001,19463986.61,12.0,75907888.60999998,18768383.07,12.0
2306023,2025,year,104640401.65,50151577.96,42561092.20999999,24269719.840000004,12.0,160631958.14000002,87499100.71,12.0
2306025,2021,year,58232901.00000001,21225909.0,22809969.42,14052573.23,12.0,,,
2306025,2022,year,43547494.41,18085749.0,23815369.840000004,15033504.97,12.0,,,
2306025,2023,year,60881594.95,27621513.0,22478431.58,12320255.37,12.0,63205481.84,11576290.51,12.0
2306025,2024,year,80207792.27,29801494.08,29457162.45,17610326.340000004,12.0,77381238.9,7884333.96,12.0
2306025,2025,year,112371890.03,39660366.59,36300013.70999999,21951153.9,12.0,109347646.25,23409706.59,12.0
2306027,2021,year,46894638.120000005,33871444.34,12494737.38,5039254.16,12.0,,,
2306027,2022,year,40538452.23,28127346.0,12205397.48,4915382.430000001,12.0,,,
2306027,2023,year,46893555.57000001,31477408.0,15019836.319999998,5452163.319999999,12.0,41092953.07000001,222000.0,12.0
2306027,2024,year,49571168.440000005,27196791.83,21564767.94,6983989.150000001,12.0,49637564.4,1232242.71,12.0
2306027,2025,year,70309994.27,42388796.75,27329308.28,7961935.25,12.0,69442939.44000001,9235375.52,12.0
2306029,2021,year,33103463.73,17927274.34,14297473.279999996,9295275.74,12.0,,,
2306029,2022,year,30404705.89,21372779.4,8154074.36,5546935.16,12.0,,,
2306029,2023,year,37638442.69,27663690.2,8045613.000000002,4828519.21,12.0,24708160.73,1098257.54,12.0
2306029,2024,year,55947698.55,31658304.86,7722901.899999999,5290679.61,12.0,48241443.25,14862185.9,12.0
2306029,2025,year,46727109.11,34886946.89,6936194.68,4254140.88,12.0,45311533.66,8365064.290000001,12.0
2306033,2021,year,202178266.65000004,92840965.67,107286199.5,48763077.279999994,12.0,,,
2306033,2022,year,145816459.66,49357174.5,95466649.27000001,46940531.96,12.0,,,
2306033,2023,year,392342882.76,224097865.9,125756234.01999998,50473268.34000003,12.0,944049045.06,327364000.61,12.0
2306033,2024,year,410326554.2000001,218799745.06,154165408.13,62731283.63,12.0,452567418.6,221797528.01,12.0
2306033,2025,year,328914108.02000004,116849960.47999996,175294245.08999997,72903268.9,12.0,326253027.07,68943418.12,12.0
2310013,2021,year,22803388.1,10377965.56,12358976.65,6993520.919999998,12.0,,,
2310013,2022,year,16034190.430000002,11822563.0,4200734.390000001,2308492.0500000003,12.0,,,
2310013,2023,year,22105543.250000004,20503804.0,1601739.25,1338555.12,12.0,12466233.93,0.0,12.0
2310013,2024,year,23771585.43,21716000.0,1276214.2100000002,1469088.58,12.0,20858540.78,342200.18,12.0
2310013,2025,year,33986714.79,32065105.97,1921608.82,1631878.72,12.0,40607649.74999999,10784394.0,12.0
2310017,2021,year,181955228.44,75914336.58,100313321.79,61062934.89,12.0,,,
2310017,2022,year,129480646.16,60226826.0,61254937.56999999,42783369.33,12.0,,,
2310017,2023,year,158834943.83,95244143.0,41238792.18,30267017.09,12.0,127783695.47,13445263.57,12.0
2310017,2024,year,181434460.81,119374248.52,36107936.96,32338355.08,12.0,150741323.26000002,25584284.91,12.0
2310017,2025,year,155857906.15,105920820.34,44003245.15,33122890.26,12.0,197710049.55,9303364.02,12.0
2310021,2021,year,50396124.78000001,21727069.84,27888454.26,15376687.94,12.0,,,
2310021,2022,year,43921760.89000001,27869156.0,11606975.28,6744993.220000001,12.0,,,
2310021,2023,year,58520618.27,35919755.0,12582119.04,8079208.02,12.0,48104710.66,9487620.4,12.0
2310021,2024,year,75422352.01,44179200.0,12647316.23,11534132.61,12.0,68128391.19999999,14436457.7,12.0
2310021,2025,year,65011271.16,43831801.02,13442772.44,10415787.29,12.0,61962591.86,8820177.6,12.0
2602001,2021,year,102088926.35,80074325.78999999,20831618.69,11271091.18,12.0,,,
2602001,2022,year,93197941.28999999,66692357.0,23668837.760000005,14903718.71,12.0,,,
2602001,2023,year,82059905.22,54040509.76,25216630.14,14416540.030000001,12.0,163584487.51,19009695.51,12.0
2602001,2024,year,109914549.59,73051139.64,32509941.290000003,19889529.7,12.0,109322120.16,1367537.8,12.0
2602001,2025,year,121243989.70000002,81229450.86,35666941.78000001,21831236.16,12.0,121225365.58,1413778.04,12.0
2602003,2021,year,224808809.47,162689966.24,51680746.61999999,32315867.689999998,12.0,225850938.06,24609482.73,12.0
2602003,2022,year,227936178.31,152377685.55999997,56723372.75000001,40973329.56,12.0,228709253.17,5592219.42,12.0
2602003,2023,year,254558701.79,173151698.01999998,64839434.65999998,43766011.14,12.0,269919705.73,22398002.8,12.0
2602003,2024,year,284621203.9,189311027.09,81365619.46000001,54087184.760000005,12.0,281334091.62,7771968.7,12.0
2602003,2025,year,338462690.72,224766124.69,101703728.75,65771583.650000006,12.0,337946125.08000004,11026533.53,12.0
2602005,2021,year,24673841.35,14394784.81,10058243.689999998,2224753.13,12.0,,,
2602005,2022,year,24556433.88,13112077.0,11200969.71,2949420.7500000005,12.0,,,
2602005,2023,year,32765889.33,13676538.1,14671037.29,4153020.240000001,12.0,34950285.42999999,5108277.85,12.0
2602005,2024,year,36015731.85,16060718.6,18535759.55,7571405.23,12.0,35310774.5,3474880.25,12.0
2602005,2025,year,40154856.470000006,17228422.72,22756530.39,9396608.38,12.0,41547161.99,3653932.2,12.0
2604001,2021,year,54773813.02,36250113.9,17114243.229999997,9564293.56,12.0,,,
2604001,2022,year,53624972.75,32774393.01,18509945.65,11152007.12,12.0,,,
2604001,2023,year,62693694.370000005,37711841.67,23204835.66,12669333.829999998,12.0,56989771.14000001,962368.5,12.0
2604001,2024,year,65756547.14,37549103.15,26107184.3,14625177.79,12.0,70143757.54,4850366.91,12.0
2604001,2025,year,82096160.08,48827768.39999999,31602356.3,17913489.52,12.0,83919710.11999999,10971225.17,12.0
2604003,2021,year,272460803.43,132644791.74,135886232.23000002,86196784.65,12.0,,,
2604003,2022,year,288555585.75,125705007.45,156871631.29000002,100749520.53,12.0,,,
2604003,2023,year,298392460.17,125360349.89,163311599.93,95688113.33,12.0,324450923.19000006,27640888.3,12.0
2604003,2024,year,350922666.77,124897275.39,210112598.34,126818929.38,12.0,340957760.13000005,17767445.99,12.0
2604003,2025,year,395522027.54,138643535.79,237975346.88000005,139484577.64,12.0,401902386.93,34228981.99,12.0
2604005,2021,year,39538246.27,25049865.46,14391148.07,5150962.13,12.0,,,
2604005,2022,year,37100247.24,20842600.0,15762961.92,7340702.760000001,12.0,,,
2604005,2023,year,44141580.760000005,25044900.0,18900656.75,8491680.41,12.0,43297959.40999999,3787518.36,12.0
2604005,2024,year,47166702.31,21882848.82,24510202.2,13417477.11,12.0,45436123.45000001,1547531.79,12.0
2604005,2025,year,54757760.67000001,26189422.82,27500164.720000003,14253905.87,12.0,55783498.91,2322313.0,12.0
2604007,2021,year,279495330.58,75239354.06,122825422.94,81067360.69,12.0,,,
2604007,2022,year,260511110.17000002,53501145.28,133548313.50000003,92314521.54,12.0,,,
2604007,2023,year,314736380.61,62585632.75,167497317.66000003,103127030.05999999,12.0,332387037.93,57955921.7,12.0
2604007,2024,year,347436726.23999995,77533594.44,203338440.78,126528820.8,12.0,338751194.29999995,53488360.67,12.0
2604007,2025,year,425652356.71,84442600.95,260448291.85,160927151.76999998,12.0,426827011.98,80528279.92,12.0
2604009,2021,year,194817561.61,116330731.48,69999132.66,42310817.5,12.0,,,
2604009,2022,year,177801000.22000003,90382670.53,76840971.5,49234849.690000005,12.0,,,
2604009,2023,year,199279491.93,96444166.94,87295269.15,51483041.21,12.0,200680682.12,8727225.82,12.0
2604009,2024,year,244976654.8,105591902.98,108259926.86,63150425.05,12.0,249473586.61,31855596.61,12.0
2604009,2025,year,247853465.01,108557216.44,124148115.43,70114821.00999999,12.0,255713071.7,14396080.4,12.0
2604011,2021,year,65334348.36,49635209.69,14765375.71,8286105.069999999,12.0,,,
2604011,2022,year,74494043.0,48532599.27,25836611.91,15543503.16,12.0,,,
2604011,2023,year,78243277.41999999,50809095.25,27078224.83,18203195.25,12.0,80088234.85000001,10430253.98,12.0
2604011,2024,year,76731296.23,43712947.0,32676218.71,22193608.22,12.0,74394465.08000001,5871759.0,12.0
2604011,2025,year,92188971.10999998,47291542.51,40840087.830000006,29614324.58,12.0,90777101.4,10163552.76,12.0
2604013,2021,year,81209261.44999999,33594377.19,41977217.18,19364245.3,12.0,,,
2604013,2022,year,115911077.35999998,28483591.46,84900344.59,52654180.17,12.0,,,
2604013,2023,year,123827494.05000001,45787770.19,74751779.03999999,32219211.610000007,12.0,132686622.08000004,11104291.8,12.0
2604013,2024,year,127961843.04,45271634.9,81747284.17,31670254.86,12.0,134322667.39000002,19065090.64,12.0
2604013,2025,year,144485789.98999998,30804118.46,100414089.17000002,44771864.05,12.0,141792096.60000002,17313118.009999998,12.0
2604015,2021,year,59061650.34,39414967.25,19064489.65,7271916.449999999,12.0,,,
2604015,2022,year,55799050.56999999,33682673.71,21140239.540000003,9094446.37,12.0,,,
2604015,2023,year,78198070.44999999,41570866.28,26153931.930000003,11738165.2,12.0,73582219.33999999,12293272.95,12.0
2604015,2024,year,68073728.53,33045159.94,32248893.95,14434697.38,12.0,71253223.27,2902469.2,12.0
2604015,2025,year,101682350.8,37198300.34,36012633.64,16492830.84,12.0,106110110.52,28806117.49,12.0
2604017,2021,year,44582354.01,27342994.07,16062475.82,7845779.83,12.0,,,
2604017,2022,year,43655092.55,27659978.24,15176432.74,7274222.729999999,12.0,,,
2604017,2023,year,52943830.58,33652782.46,18133274.6,8129453.91,12.0,48449991.82000001,7870295.040000001,12.0
2604017,2024,year,58732953.120000005,31359533.19,26018215.65,11853935.27,12.0,57961000.36,5939602.48,12.0
2604017,2025,year,68208205.41999999,32893072.43,31318857.53,13149474.03,12.0,71251966.29,12462316.56,12.0
2604019,2021,year,3341762633.5,896865837.1700001,2250252100.6199994,1405400411.88,12.0,,,
2604019,2022,year,3156730229.96,607987543.59,2422786516.91,1482861516.14,12.0,,,
2604019,2023,year,3903266775.669999,731983361.4399999,2970220510.55,1696866264.95,12.0,4249733835.13,764495823.6500001,12.0
2604019,2024,year,4961235666.56,1062310977.45,3598637671.91,2097637753.91,12.0,4857798764.79,833232945.96,12.0
2604019,2025,year,5772148529.570001,952236809.38,4407886223.98,2631894448.88,12.0,5814246806.540001,844051195.6500001,12.0
2604021,2021,year,63127038.320000015,35017906.37,23337571.86,12818051.66,12.0,,,
2604021,2022,year,56254853.38,30422205.5,25099611.449999996,15870465.470000006,12.0,,,
2604021,2023,year,57633420.59,25357488.83,26951956.639999986,16773703.379999995,12.0,142113975.60999998,27299611.26,12.0
2604021,2024,year,80486445.40999998,36859636.54,35254176.93000001,21223785.220000003,12.0,77962165.66,10509075.21,12.0
2604021,2025,year,117663915.4,40179934.93,42620609.27,24815315.56,12.0,116540174.21,35615893.849999994,12.0
2604023,2021,year,76087054.77000001,54538408.91,19511404.26,10008162.14,12.0,,,
2604023,2022,year,63927403.470000006,40088650.98,23450226.010000005,13107916.27,12.0,,,
2604023,2023,year,75556197.79999998,46400942.18,26324602.230000004,14106360.34,12.0,75607801.11000001,2789614.11,12.0
2604023,2024,year,78310084.33999999,38662508.71,36353907.45,17471670.87,12.0,78739323.28,636366.7000000001,12.0
2604023,2025,year,87707956.39,44456458.900000006,40718952.95000001,23260080.87,12.0,90202762.64,1417656.8,12.0
2604025,2021,year,78573939.61,59747017.89000001,17502970.82,9065647.49,12.0,,,
2604025,2022,year,75096199.66,53842476.1,19385605.33,11091751.79,12.0,,,
2604025,2023,year,88193495.63999997,63161675.24,21189545.95,11920167.83,12.0,85460693.78999999,4958065.94,12.0
2604025,2024,year,91000630.86,59097561.17,28452058.85,15023043.95,12.0,92815819.65,1453181.7,12.0
2604025,2025,year,111506424.01,65127014.66,42748272.91,27163599.660000004,12.0,110267829.90000002,1891822.75,12.0
2604027,2021,year,264090528.60999995,129244123.53,130226109.9,72130414.28,12.0,,,
2604027,2022,year,265723361.26,115623280.53,140054565.06000003,86414768.85,12.0,,,
2604027,2023,year,312000569.37000006,131515575.42,163835109.54999998,94973081.87,12.0,318514267.92,26889959.46,12.0
2604027,2024,year,333847069.6,121455662.74,196963393.75000003,116144192.48,12.0,340479424.26,25074645.37,12.0
2604027,2025,year,380434841.04,132305681.61,234365455.64,135961974.06999996,12.0,372027653.55,13370065.09,12.0
2604029,2021,year,218300885.75,172614174.82,41489051.07000001,23175304.88,12.0,,,
2604029,2022,year,234899430.03,172664544.45999998,61096401.23,31147132.78,12.0,,,
2604029,2023,year,238830742.52,182165292.03,53914906.150000006,28842443.64,12.0,244727361.3,10023190.19,12.0
2604029,2024,year,259190982.35,191980077.97,64155195.780000016,36591949.26,12.0,255778735.64,4405731.220000001,12.0
2604029,2025,year,291468531.5,217702047.23,70941654.44,41589432.080000006,12.0,295739000.86,15018000.080000002,12.0
2604031,2021,year,43891480.05,31019244.36,12210587.82,5016462.17,12.0,,,
2604031,2022,year,41042993.74,28369836.57,12437555.67,6490694.45,12.0,,,
2604031,2023,year,49091201.720000006,32304595.81,15723611.920000002,6744563.050000001,12.0,51567739.760000005,4963257.08,12.0
2604031,2024,year,56787173.81,31023856.82,21634054.21,8431498.47,12.0,54516803.260000005,5679129.699999999,12.0
2604031,2025,year,63005094.6,35420966.62,26141103.74,10234591.75,12.0,63677698.66,3901885.0,12.0
2604033,2021,year,204996541.12000003,130410683.84,72449224.46,41417790.690000005,12.0,,,
2604033,2022,year,202359446.82000005,122255656.15,78175000.82000002,47146168.48,12.0,,,
2604033,2023,year,243390895.39,136733962.02,96496020.22,55487630.14,12.0,252827716.29,46311167.18,12.0
2604033,2024,year,270462250.57,134049650.12,121139594.31000002,63355174.34,12.0,269849625.79,23577918.06,12.0
2604033,2025,year,402315481.21,147349544.20999998,144806493.3,72166221.33,12.0,410055403.74,141958286.86,12.0
2604035,2021,year,226947390.38,154323012.74,67483421.64,37329556.720000006,12.0,,,
2604035,2022,year,209160647.6,128796416.18,70669667.44999999,44357372.52,12.0,,,
2604035,2023,year,241278100.94,142871213.20999998,81548271.67000002,47173671.779999994,12.0,243264429.9,11530386.55,12.0
2604035,2024,year,260785300.47,148615901.42000002,99231337.91000004,54838556.43000001,12.0,259665641.76,11798299.25,12.0
2604035,2025,year,287062936.15,162863794.04000002,114580955.39,62546258.79000001,12.0,288848483.1,17237068.509999998,12.0
2604037,2021,year,49771826.53,18131542.73,29285623.0,7416019.71,12.0,,,
2604037,2022,year,56447408.3,19556530.78,29765499.52,9590168.25,12.0,,,
2604037,2023,year,74383725.85,20543200.0,44972239.75,11631391.0,12.0,62127494.56000001,8932553.49,12.0
2604037,2024,year,81614197.52000001,22151417.13,57066128.61000001,17161711.32,12.0,80653388.62,12505795.6,12.0
2604037,2025,year,105554459.57,27047048.66,75536028.60999998,28855253.91,12.0,100332985.45,16604131.91,12.0
2604039,2021,year,191867255.43,34583904.26,148481107.41,115121458.97,12.0,,,
2604039,2022,year,170860892.45999995,35102948.36,127747464.76999997,100885895.45,12.0,,,
2604039,2023,year,228828142.92000002,27436157.68,183246992.35000002,147375269.37,12.0,287417235.62000006,139238176.88,12.0
2604039,2024,year,306399678.80999994,31238166.53,240869770.22,184485062.3,12.0,268915339.49,136953281.48000002,12.0
2604039,2025,year,373647761.61,45731809.5,300678260.41,232315959.63,12.0,372568807.62,178627399.56,12.0
2606001,2021,year,172455025.08999994,104417013.78,64950245.199999996,35852402.89,12.0,,,
2606001,2022,year,170542210.84,96785690.79,71060084.15,36464579.9,12.0,,,
2606001,2023,year,188846612.95,113936415.37,71177108.62999998,34060421.31999999,12.0,190288349.64,15813763.98,12.0
2606001,2024,year,202248075.69000003,115694414.5,80994045.53000002,39314174.839999996,12.0,201367616.89,8372190.930000001,12.0
2606001,2025,year,231286983.67,126526606.56,100357314.86,48045298.44,12.0,229498663.36000004,17801593.41,12.0
2606003,2021,year,96836754.97,41418069.87,53065211.510000005,37871274.84,12.0,,,
2606003,2022,year,91252698.18999998,37877331.38,51181504.59,36263968.55,12.0,,,
2606003,2023,year,133784626.86,60541647.47,66366863.21999999,45835310.68,12.0,133641179.02,25988925.37,12.0
2606003,2024,year,127520499.79000002,42997603.23,80938157.64999999,54167437.8,12.0,123879030.82,8769377.06,12.0
2606003,2025,year,149518959.01000002,41612563.44,106551909.18,75222990.42,12.0,149996224.64,9172536.67,12.0
2606005,2021,year,75757740.82,52424375.85,21772199.92,13573776.41,12.0,,,
2606005,2022,year,74983494.40000002,47231071.86,26208630.25,16096441.39,12.0,,,
2606005,2023,year,91005859.68,56175227.47,31413793.8,18938571.17,12.0,86254260.55,5184661.6,12.0
2606005,2024,year,88974225.02,47509205.19,39005463.71000001,23810456.55,12.0,90366297.05,3524097.5300000003,12.0
2606005,2025,year,110661653.84,58360316.05,48899026.16,30418666.17,12.0,112028157.85,14571458.3,12.0
2606007,2021,year,187210462.40000004,100953270.25,81581685.22,43381136.16,12.0,,,
2606007,2022,year,196246373.02,101337304.35,92781342.92999998,54358677.05,12.0,,,
2606007,2023,year,212575783.72,98490622.75,97787506.75,53277671.81,12.0,223005183.03,17407189.64,12.0
2606007,2024,year,233860916.63,103687422.3,114395021.74,62208365.46,12.0,238152274.19,18752866.49,12.0
2606007,2025,year,266738840.34,117107289.38,133475360.97,73989316.00999999,12.0,264712619.57000005,16666244.92,12.0
2606009,2021,year,52337034.580000006,44199657.4,7946182.660000001,5073633.58,12.0,,,
2606009,2022,year,48800431.59999999,37830439.01,9143416.99,5621677.0,12.0,,,
2606009,2023,year,52847526.73,42186039.53,9577629.04,5443550.88,12.0,49764151.91,1102272.81,12.0
2606009,2024,year,56064342.83999999,42107230.78,12445462.11,6393272.57,12.0,57402897.23,567318.92,12.0
2606009,2025,year,62587719.13,46195024.96,14265019.2,7373636.7,12.0,62898291.53,808366.55,12.0
2606011,2021,year,64119287.5,45617433.61,17373758.340000004,10358879.59,12.0,,,
2606011,2022,year,65218497.96,45044418.67,19514124.919999998,11409532.25,12.0,,,
2606011,2023,year,77690124.05,53152724.13,23541058.75,12960976.38,12.0,75373705.69999999,2305507.0,12.0
2606011,2024,year,87853091.31,51521518.91,27457491.860000007,15559410.76,12.0,91606127.14,6249586.3,12.0
2606011,2025,year,92607035.32,61421472.01,29912054.19,16556476.0,12.0,90908951.4,5345076.59,12.0
2606013,2021,year,522934437.98,168194309.48,345970964.59000003,171825831.73,12.0,,,
2606013,2022,year,586996599.0,177485633.23,393959098.38,187086948.76000002,12.0,,,
2606013,2023,year,644229470.63,185047469.71,443180352.0200001,205795069.94,12.0,668613210.92,59138076.59,12.0
2606013,2024,year,741487353.83,206036513.36,518015304.4300001,259972548.12,12.0,712547266.08,44216737.25,12.0
2606013,2025,year,906256474.5499998,240989526.2,604945581.4799999,297240564.17,12.0,903190754.43,134505821.76,12.0
2606015,2021,year,74138428.09,46227032.64,24406707.53,8446971.66,12.0,,,
2606015,2022,year,71281817.18,44441051.0,26262576.1,9914616.1,12.0,,,
2606015,2023,year,77046462.74000001,47154592.31,29077920.4,12027416.58,12.0,77128548.87,2336689.77,12.0
2606015,2024,year,88312923.83,49455032.36,38245853.93000001,19118190.14,12.0,86504022.97,2377415.0,12.0
2606015,2025,year,101497897.64,54377105.16,41445984.84,22166856.7,12.0,104715966.2,7642495.01,12.0
2606017,2021,year,877103670.6900003,277343942.62,553731760.4500002,315810984.5500001,12.0,,,
2606017,2022,year,776928145.8100001,195449092.67,546504038.5900002,325609884.22999996,12.0,,,
2606017,2023,year,885920004.96,210307160.3,612048323.0500001,325995294.57000005,12.0,987219004.86,121587180.53000002,12.0
2606017,2024,year,993957615.61,261868424.26,648526303.24,347596706.9499999,12.0,1006820597.02,115608582.32,12.0
2606017,2025,year,1222110161.6,304777805.16,787883116.5799999,429488941.86,12.0,1166119677.55,121042426.52,12.0
2606019,2021,year,96671655.07,74622526.76,19542409.000000004,9926535.31,12.0,,,
2606019,2022,year,90126344.45,68038884.3,21095890.82,11864543.15,12.0,,,
2606019,2023,year,106307546.56,79121052.0,25414916.88,12947558.63,12.0,106171953.24,9068639.61,12.0
2606019,2024,year,109804740.07,76046950.48,31896736.35,15843805.9,12.0,109574990.67,2986075.3,12.0
2606019,2025,year,125808550.17000002,86609548.28999999,36828648.8,17921401.6,12.0,126103940.67000002,7644743.48,12.0
2606021,2021,year,201916395.93000004,143569206.84,56701888.87,29744234.85,12.0,,,
2606021,2022,year,209737507.83,140099324.07999998,64842375.39,38513138.86,12.0,,,
2606021,2023,year,227922484.73000005,153081427.73,71576525.75999999,39901282.2,12.0,233036171.82,18220428.57,12.0
2606021,2024,year,241607016.07,151896401.26,86817268.97,47057890.56,12.0,236444798.63,4011324.61,12.0
2606021,2025,year,268960672.85,169123271.73000002,97735216.3,54545420.67,12.0,270181152.71,5963588.43,12.0
2606023,2021,year,159569619.11,102206067.71,54785428.67,33331322.410000004,12.0,,,
2606023,2022,year,161927892.84,100408586.89,59129610.330000006,37106392.580000006,12.0,,,
2606023,2023,year,176557188.63,105809357.54,67456845.19,38594711.2,12.0,180949497.27,7122929.45,12.0
2606023,2024,year,192539003.11,111857789.04,76835520.14,44486885.55,12.0,193780475.51,8815745.66,12.0
2606023,2025,year,214146799.62,120197799.24,88730078.72000001,48995434.720000006,12.0,216176642.2800001,6814356.08,12.0
2606025,2021,year,56046300.77,43160599.15,12761359.29,4900579.0,12.0,,,
2606025,2022,year,61417731.91,40832442.0,20434337.52,10196779.7,12.0,,,
2606025,2023,year,60853275.90000001,40191100.0,20439532.86,9597358.56,12.0,64259927.62,4999360.0,12.0
2606025,2024,year,62992313.67,40533877.0,22283840.65,10470165.74,12.0,62692086.16999999,1699766.1,12.0
2606025,2025,year,72059237.6,48741754.73,23167663.630000003,10941678.930000002,12.0,72235457.17,3579001.43,12.0
2608001,2021,year,52513580.379999995,34786051.66,11813432.370000005,5880627.1899999995,12.0,,,
2608001,2022,year,48791218.55,33947399.71,14104544.840000004,6546436.740000002,12.0,,,
2608001,2023,year,35353398.99000001,17689687.01,16381203.86,6918005.920000002,12.0,91155298.14999998,35612922.02,12.0
2608001,2024,year,56328846.400000006,34938234.02,20014357.11,8508631.94,12.0,65352958.63,9433534.35,12.0
2608001,2025,year,65923889.93000001,41503871.58,23080267.91,9992961.22,12.0,68059446.73,3713608.6,12.0
2608003,2021,year,329866015.0899999,193138550.55,130315377.49999999,79289316.78999999,12.0,,,
2608003,2022,year,340538388.61,183167896.73,147326887.04000002,97049660.05000001,12.0,,,
2608003,2023,year,400715033.73,208342715.73,176397424.28,108222845.27,12.0,410905096.5,48341857.69,12.0
2608003,2024,year,408845688.22,187755468.27,206793420.8,126633341.78,12.0,421636953.73,23157025.68,12.0
2608003,2025,year,489766530.02,219373855.07,253123643.03,150993427.89000002,12.0,481452058.35,30156220.37,12.0
2608005,2021,year,156175058.51000002,111387462.9,43521808.24000001,20028152.39,12.0,,,
2608005,2022,year,146929322.44000003,99225400.0,46434201.11,27219606.18,12.0,,,
2608005,2023,year,176160981.14999998,117724326.44,54438847.26000001,24572798.87,12.0,171371545.65,9057254.97,12.0
2608005,2024,year,185558960.78,108598759.0,74652793.27999999,35241482.07,12.0,189307466.21,2794222.4000000004,12.0
2608005,2025,year,214981606.09,119253404.36,88278291.64999999,38330223.56,12.0,219020658.51999995,4008111.4,12.0
2608007,2021,year,623512840.9799999,217996235.62,387650654.13,246896640.92,12.0,,,
2608007,2022,year,625961345.98,169311033.53,432993557.71000004,298115086.24,12.0,,,
2608007,2023,year,788038053.63,240141837.26,503388286.4499999,323562668.5400001,12.0,1659758240.76,400604270.79,12.0
2608007,2024,year,942809707.31,250450312.59,606839304.82,377703993.38,12.0,920399789.51,129042945.02,12.0
2608007,2025,year,1194086339.95,376258478.15,692184305.4899999,411597056.08,12.0,1199713445.3,242637746.81,12.0
2608009,2021,year,61890246.02,45526612.52,14906886.930000002,8038560.18,12.0,,,
2608009,2022,year,59067727.07999999,41252100.0,15721751.73,9520170.33,12.0,,,
2608009,2023,year,66694887.93,46824930.0,18826101.4,10164152.01,12.0,71408006.21000001,10767278.77,12.0
2608009,2024,year,70631867.17999999,47330078.54000001,22290537.23,12328545.36,12.0,72042840.85,4422589.75,12.0
2608009,2025,year,77556424.74999999,50335852.46000001,25932667.95,13893615.659999998,12.0,77677408.82000001,2419075.69,12.0
2608011,2021,year,71985542.08999999,52836326.57,17549989.38,8619005.99,12.0,,,
2608011,2022,year,68093712.52,42830001.96,23162668.65,10453897.52,12.0,,,
2608011,2023,year,72750521.78,48034958.27,22129135.93,11249134.32,12.0,73352866.54,6099673.91,12.0
2608011,2024,year,74194551.42999999,45021679.91,27928339.53,13694553.62,12.0,74226291.81,3192392.3,12.0
2608011,2025,year,87608791.39,54156872.150000006,30754460.07,15896707.18,12.0,89290128.19999999,8165188.88,12.0
2608013,2021,year,89623480.27,65280550.18,21963870.259999994,10893435.48,12.0,,,
2608013,2022,year,87502202.6,62728314.79,22632463.15,13846479.45,12.0,,,
2608013,2023,year,108857703.91,79363220.53,27342149.73,13999074.489999998,12.0,97146545.61,6938374.21,12.0
2608013,2024,year,111093346.07,71972948.61,32648286.860000003,17019264.66,12.0,121255305.39000002,14608978.56,12.0
2608013,2025,year,136320397.83999997,92934639.83,39188890.87,19209083.42,12.0,138095255.43,19153291.59,12.0
2608015,2021,year,139336418.95,105756739.85,31974380.33,17612525.64,12.0,,,
2608015,2022,year,140064741.08,100731498.87,35818315.760000005,22240164.57,12.0,,,
2608015,2023,year,160911939.4,112224902.0,44206982.12,24961361.23,12.0,164437286.26999998,9436995.63,12.0
2608015,2024,year,161335262.8,104738177.27,54028545.45999999,27532575.66,12.0,163563096.83999997,5132947.39,12.0
2608015,2025,year,186820331.54,116788873.31,63127450.34,31548630.630000003,12.0,176795013.24,3592678.81,12.0
2608017,2021,year,127900842.29,101948593.52,24254115.350000005,16705209.88,12.0,,,
2608017,2022,year,130028230.32,94342651.6,27695947.91,19730959.53,12.0,,,
2608017,2023,year,143161337.97,109392938.98,31378849.56,20044725.49,12.0,135143473.14999998,4468384.47,12.0
2608017,2024,year,150751453.91999996,108251386.59,39804709.00000001,23305124.180000003,12.0,147938502.47000003,1280793.83,12.0
2608017,2025,year,170298748.70000002,120801412.28,47475930.75,26012635.8,12.0,172627348.91000003,2752070.06,12.0
2608019,2021,year,34947013.35,25209333.81,9605893.24,5062940.49,12.0,,,
2608019,2022,year,35805504.95000001,25077100.0,10277670.439999998,5828821.359999999,12.0,,,
2608019,2023,year,44271590.81999999,31251310.0,12632840.159999996,5946516.14,12.0,39099058.400000006,937200.44,12.0
2608019,2024,year,44041757.57,29466462.3,13631789.82,6967782.130000001,12.0,47567549.52,1945882.3,12.0
2608019,2025,year,48713942.56,32906939.25,15367091.75,7428035.56,12.0,50007339.99,1813860.0,12.0
2608021,2021,year,80209040.14,60613623.57000001,16314485.34,9914329.2,12.0,,,
2608021,2022,year,75600725.25,53333610.85,19838231.97,12276103.65,12.0,,,
2608021,2023,year,79873311.07000001,51560082.24,23940322.08,13393744.33,12.0,103996479.48,14843702.05,12.0
2608021,2024,year,90875634.54,56899557.36,27628582.84,14923383.06,12.0,94655724.08,7123050.48,12.0
2608021,2025,year,103143530.59,65960273.59,32569983.95999999,17322710.32,12.0,103586829.98,3504528.56,12.0
2608023,2021,year,332639239.2899999,190448916.73,136743006.71,78332580.17,12.0,,,
2608023,2022,year,330199500.3400001,181642201.52,141929321.78000003,89401259.34,12.0,,,
2608023,2023,year,390866367.87000006,213206321.33,167467037.92000005,100175885.39999999,12.0,390400507.75,31547916.219999995,12.0
2608023,2024,year,392707331.9,182186894.22,199866649.99000007,120821411.94,12.0,404649928.21,15127063.72,12.0
2608023,2025,year,465937607.42,207144666.94,244502966.58999997,146002790.13,12.0,463642704.1000001,19046802.11,12.0
2608025,2021,year,57249117.14,39214099.79,17504816.71,9430592.76,12.0,,,
2608025,2022,year,51882500.190000005,31169148.54,19591575.2,11239631.26,12.0,,,
2608025,2023,year,61918121.12,38000973.15,22294968.99,11541097.81,12.0,63843407.49000001,8245288.340000001,12.0
2608025,2024,year,62207771.83999999,34253364.35,26899843.09,13836329.169999998,12.0,61682906.31,2350484.71,12.0
2608025,2025,year,74667727.04,39267640.73,33012827.89,17346004.13,12.0,76843142.26,10127092.55,12.0
2610001,2021,year,298629213.50000006,187696563.03,101295756.53,64923707.33,12.0,,,
2610001,2022,year,294625740.6700001,174048091.87,107936933.61000001,71890461.75,12.0,,,
2610001,2023,year,324206398.40999997,183408067.15,128648911.75000001,77924649.46,12.0,336843199.31,54630586.73,12.0
2610001,2024,year,357870889.17,180665280.66,160299963.04000002,94706873.63,12.0,360391172.46,32960480.83,12.0
2610001,2025,year,435334960.04,208152506.85,193686630.6,112586617.35,12.0,428990753.83,63373010.35999999,12.0
2610003,2021,year,76655406.27,65478769.44,8926070.25,6439618.56,12.0,,,
2610003,2022,year,72355282.79,61010711.27,9485717.5,7237003.609999999,12.0,,,
2610003,2023,year,83441852.89,67052239.76,11044140.19,7266717.15,12.0,80738462.06000002,3992083.85,12.0
2610003,2024,year,86942150.66000001,67909769.9,12540366.62,8504693.06,12.0,87078414.36,1002823.8,12.0
2610003,2025,year,95715878.14,75088151.25,14673876.95,9539676.33,12.0,97156214.67000002,2731286.74,12.0
2610005,2021,year,115364317.82,89385630.78,21568539.06,13128103.98,12.0,,,
2610005,2022,year,113842236.14,79646709.53,25399674.810000002,15763835.28,12.0,,,
2610005,2023,year,128663320.88,90332490.29,33377323.080000028,18352486.57,12.0,175670732.46999997,32079079.65,12.0
2610005,2024,year,131678855.85000002,87312456.4,41438533.36000001,21341315.16,12.0,135868433.54999995,4019595.34,12.0
2610005,2025,year,157238152.94,101863824.83,49229258.13999999,24482675.05,12.0,158223232.56,10679761.92,12.0
2610007,2021,year,84432839.21,68661688.64,14339209.52,8506906.21,12.0,,,
2610007,2022,year,87502865.36,64892252.35,18380508.24,9853188.51,12.0,,,
2610007,2023,year,110471289.92,82600693.25999999,22181261.13,10316089.48,12.0,108115507.12000002,14918450.42,12.0
2610007,2024,year,110019407.82,78713885.0,27149856.19,12941245.39,12.0,109702119.5,4313126.449999999,12.0
2610007,2025,year,159401080.18999997,110753322.45,31429290.17,16042090.89,12.0,158920390.82000002,39418811.44,12.0
2610009,2021,year,131306546.24,102175094.56,26399105.519999996,13983516.100000001,12.0,,,
2610009,2022,year,140702308.69,96915836.71,37780116.75999999,17470630.97,12.0,,,
2610009,2023,year,162871195.62,104760684.18,47755431.29000001,23790791.22,12.0,181303509.18000004,27101580.69,12.0
2610009,2024,year,173423014.51,112672669.77,51508615.2,25440021.85,12.0,188091064.23,16241726.010000002,12.0
2610009,2025,year,192995831.82000008,121640031.25,60955951.5,27848366.69,12.0,194951530.47,12621065.73,12.0
2612001,2021,year,84084266.61,38118520.28,45262344.25,15383414.65,12.0,,,
2612001,2022,year,70899484.92999999,28435650.52,41081316.480000004,19326461.630000003,12.0,,,
2612001,2023,year,99574888.36,35947400.0,61708612.230000004,20461031.4,12.0,93271761.19,6418407.16,12.0
2612001,2024,year,101974940.59,35430329.0,65557524.95,24832041.74,12.0,108134393.66,10401718.34,12.0
2612001,2025,year,155300134.31,39978690.21,113874683.78,27123486.14,12.0,136012684.40999997,15575707.15,12.0
2612003,2021,year,180671337.39,131187040.73,46699936.39,22526299.46,12.0,,,
2612003,2022,year,167693814.95000005,120094394.81,46102827.28,27143461.290000007,12.0,,,
2612003,2023,year,156263330.15,102923936.94,50065461.56,30137132.03999999,12.0,241182074.62000003,36807696.43000001,12.0
2612003,2024,year,213221339.12,141398064.5,65286108.1,40255394.39,12.0,208962903.66000003,13491023.51,12.0
2612003,2025,year,231820635.67,151572253.12,74493672.10000001,45931201.93,12.0,234456435.08,11871562.96,12.0
2612005,2021,year,71433242.38,58056098.76,12597818.369999995,7903228.96,12.0,,,
2612005,2022,year,68392432.48,53197097.0,14511347.899999997,9797584.36,12.0,,,
2612005,2023,year,82294715.4,62309900.0,17031275.74,10182261.88,12.0,81002352.63,4667034.62,12.0
2612005,2024,year,84212145.71,58839780.93,21808715.54,11887142.88,12.0,83029954.88,2965763.46,12.0
2612005,2025,year,101002500.97,67394169.99,26139437.45,13652713.83,12.0,102248668.85999998,8165048.66,12.0
2612007,2021,year,417024544.69000006,197423521.51,215033775.39,136048303.16,12.0,,,
2612007,2022,year,404588423.7000001,165489094.16000003,233023592.65999997,149368176.78,12.0,,,
2612007,2023,year,440516126.4700001,157442294.38,270523965.78000003,160373064.39999998,12.0,608923111.3299999,92068628.45,12.0
2612007,2024,year,532646408.67,195719962.8,321568197.54999995,182333388.21,12.0,526091113.50999993,24723721.169999994,12.0
2612007,2025,year,567152689.67,216886963.44,333826533.94,194818395.43,12.0,575712245.16,24978481.94,12.0
2612009,2021,year,212516191.2,123748618.18,87576139.77000001,33761455.080000006,12.0,,,
2612009,2022,year,217933980.44,113725177.79,103043508.38,41265673.36,12.0,,,
2612009,2023,year,230259833.89999998,118783423.26,108736452.59,51274693.06,12.0,245185393.28,28736432.020000003,12.0
2612009,2024,year,267558912.82,124448671.5,140110031.06,77917205.66,12.0,266804639.2,21887317.01,12.0
2612009,2025,year,289168390.10999995,134715294.51999998,152173879.09999996,93412096.16,12.0,294550680.00000006,29717940.43,12.0
2612011,2021,year,65026246.690000005,51583814.25,12175534.28,7004421.23,12.0,,,
2612011,2022,year,67906583.59000002,51002449.29,15984850.7,9500372.14,12.0,,,
2612011,2023,year,75287112.14,54818165.71,19221687.02,10039437.09,12.0,70999360.75,761225.02,12.0
2612011,2024,year,110546443.46,53974376.0,54985833.41,42237403.43,12.0,110526834.6,3031783.42,12.0
2612011,2025,year,149170244.10000002,75585575.10999998,71647450.85999998,57863985.77,12.0,129713394.56,15520108.3,12.0
2612013,2021,year,249561084.7,157800945.32,82058868.69,29423919.65,12.0,,,
2612013,2022,year,139945943.72,29664551.63,107136907.19999996,38559127.42999999,12.0,,,
2612013,2023,year,163449925.09000003,40753941.0,117273265.78,39575645.61000001,12.0,172436086.57,24391553.94,12.0
2612013,2024,year,213092087.34,37570919.190000005,171210558.81,77923982.24,12.0,203853899.62,25743234.72,12.0
2612013,2025,year,266365648.85,41350999.4,222430881.0,92906498.87,12.0,272297726.05,52129848.8,12.0
2612015,2021,year,203742662.61999997,88821151.05000001,105877251.78,50317231.260000005,12.0,,,
2612015,2022,year,196402234.82,70048782.08,119382670.17,71189970.56000002,12.0,,,
2612015,2023,year,223394866.6399999,79035748.46,139688695.17000002,66980186.49000001,12.0,313207951.15000004,100072084.64,12.0
2612015,2024,year,258749977.24,92809272.07,155891014.23999995,63267068.75,12.0,258556084.03,25689918.7,12.0
2612015,2025,year,312461773.19,106350780.74,197368322.3,71489069.17,12.0,315364346.71000004,27039939.25,12.0
3202001,2021,year,2190119787.120001,784513965.71,1302170930.92,772310707.0200001,12.0,,,
3202001,2022,year,1682086014.08,380208399.6400001,1259419217.02,736494874.3100001,12.0,,,
3202001,2023,year,2159108558.540001,414123207.7900001,1673465705.7,909092392.54,12.0,3578363957.29,1466254971.54,12.0
3202001,2024,year,2896363359.27,708140176.44,2085372321.5,1097203349.3999999,12.0,3087010847.7700005,993143010.34,12.0
3202001,2025,year,3244753195.1900005,591473057.3,2526129030.7000003,1380184459.84,12.0,3201695697.55,762117356.42,12.0
3202003,2021,year,175030404.84,68315553.66999999,103354396.02,63422054.589999996,12.0,,,
3202003,2022,year,157591184.43000004,50186599.56,104861352.77000001,63445083.63999999,12.0,,,
3202003,2023,year,198304643.23,64036392.85,128864719.07000001,76583764.25,12.0,197488144.55,21874136.21,12.0
3202003,2024,year,245787020.92000005,73236835.7,166932189.14,103166887.55,12.0,238856224.64,32871635.550000004,12.0
3202003,2025,year,258872246.90000004,74200106.63,177589539.39999998,106248843.06,12.0,273890106.29,34362066.12,12.0
3202005,2021,year,123278696.13,43867543.95,77038475.38999999,36958053.01,12.0,,,
3202005,2022,year,123396528.87,47724709.52,72085840.9,35888853.879999995,12.0,,,
3202005,2023,year,165643369.66,68439174.72,93219932.22,44189868.99,12.0,151665778.97000003,22144549.74,12.0
3202005,2024,year,179813544.79,60595735.99,113821350.3,54034013.330000006,12.0,194276573.44,29901790.5,12.0
3202005,2025,year,191615163.01,56527705.4,130948189.16,62404800.07,12.0,190433447.05,13185598.49,12.0
3202007,2021,year,97623645.85,26343779.93,70621146.43999998,55821344.92,12.0,,,
3202007,2022,year,74973029.25,23376584.0,51151428.150000006,35061042.25,12.0,,,
3202007,2023,year,127058183.79,54773767.29,71623888.39,50394228.2,12.0,103308447.07,19599249.630000003,12.0
3202007,2024,year,154796289.24,44634865.3,109833760.69,79870558.47,12.0,117210716.75,14476560.07,12.0
3202007,2025,year,168903157.94,35324064.870000005,132965533.01000002,98020993.57999998,12.0,198414071.71000004,32019465.910000004,12.0
3202009,2021,year,108627300.96,48091167.51,59895815.88,35912583.08,12.0,,,
3202009,2022,year,104258807.86,43967720.99,58579788.34000001,35849217.11,12.0,,,
3202009,2023,year,130344334.55999994,53991988.63,73222571.29000002,43811173.69,12.0,325894386.53000003,158940017.47000003,12.0
3202009,2024,year,186536452.07,43662524.24,137558685.12,54977799.2,12.0,146261828.21,7905046.12,12.0
3202009,2025,year,161100039.06,50757831.83,103118461.41,62529354.39,12.0,184559170.37,12411720.36,12.0
3202011,2021,year,53729653.39000001,22303134.09,30206903.28,20337642.12,12.0,,,
3202011,2022,year,52295579.96,16155779.97,32573147.48,21361143.36,12.0,,,
3202011,2023,year,69059881.86,24131703.31,38867799.1,24716462.930000003,12.0,69899218.7,9344184.54,12.0
3202011,2024,year,68033859.04,18128439.66,46445365.68,30721765.37,12.0,62879469.98,1249710.7,12.0
3202011,2025,year,89227955.46,25454534.6,57620144.52,37897548.47,12.0,86094095.9,12613882.25,12.0
3202013,2021,year,394223013.32,108257500.1,163842674.65,101541953.21,12.0,,,
3202013,2022,year,244590421.98000002,85035064.39,152803077.19,95380282.51999998,12.0,,,
3202013,2023,year,302450533.45,103253578.17,179686539.95,106687234.81999998,12.0,352449214.5999999,43907749.61,12.0
3202013,2024,year,367117771.24,111490094.51,226471952.7,139272094.39,12.0,371136949.32,33801843.79,12.0
3202013,2025,year,399385581.31,113631193.31,269508165.33000004,162227814.31000003,12.0,399879017.56,20387306.61,12.0
3202015,2021,year,323710317.71000004,124777155.95,190960452.86000004,118766362.1,12.0,,,
3202015,2022,year,302881627.28000003,92158139.82,198255519.35999998,128792589.05000001,12.0,,,
3202015,2023,year,397341921.09000003,138798791.96999997,235432621.69,143351644.55,12.0,391789956.21,92942531.8,12.0
3202015,2024,year,448053896.21,128212883.75,300419993.96,198099024.59,12.0,426985125.38,66970539.56,12.0
3202015,2025,year,511413289.82000005,141964178.35,336033940.16,211026718.13,12.0,502870561.06,124612597.3,12.0
3202017,2021,year,247861008.07,93441619.04,147336643.17000002,90511208.41000001,12.0,,,
3202017,2022,year,226569805.32,68193712.65,150338648.51,93959595.78,12.0,,,
3202017,2023,year,286222113.58000004,87446460.01,190821687.79,112200884.67999999,12.0,279539214.45000005,35613332.629999995,12.0
3202017,2024,year,330304737.67,86199790.59,234170293.48,141164715.85999998,12.0,330487581.22,40677871.92,12.0
3202017,2025,year,367578313.92,93611882.74,265270595.81,156996769.56,12.0,370882398.49000007,34260461.080000006,12.0
3202019,2021,year,251762363.97,109206911.19,141026692.09,89616481.17,12.0,,,
3202019,2022,year,244682585.05000004,95769876.32,143124408.15,96848900.89999999,12.0,,,
3202019,2023,year,307946133.27000004,125470909.08,171070570.52,109062537.47,12.0,304871786.25,30640971.12,12.0
3202019,2024,year,379289977.36,163248364.72,203875697.49,125815907.75,12.0,378356599.55,72351530.9,12.0
3202019,2025,year,396441242.6099999,149803176.68,231173070.89000005,135289496.22,12.0,389960363.98,47024552.92,12.0
3202021,2021,year,324509624.27,150154661.16,164809879.39000002,102140202.48,12.0,,,
3202021,2022,year,286344665.43,114488506.11,163548599.59999996,103476457.94000001,12.0,,,
3202021,2023,year,364176962.5299999,152138390.32,189514672.14000002,114545559.13,12.0,355904054.17,24461549.08,12.0
3202021,2024,year,410035379.19,132873078.3,238636708.53,144178939.42,12.0,416622015.6400001,49008391.38,12.0
3202021,2025,year,463813482.35,155592454.41,277378669.77,169484932.74,12.0,462050015.31,50308503.24,12.0
3202023,2021,year,181925875.84,80466057.14,99261402.13,48740455.79,12.0,,,
3202023,2022,year,175883563.01999998,79056951.88,95699236.99,53499782.53,12.0,,,
3202023,2023,year,213545795.5,102156354.92,108032820.38000001,55213682.33,12.0,216881937.52,15530638.55,12.0
3202023,2024,year,247748132.73,92557199.72,150651485.93,85027148.68,12.0,238846701.86,8720977.98,12.0
3202023,2025,year,293957590.0,121411486.22,169191113.58000004,89531371.11999999,12.0,299927627.88000005,38874145.99,12.0
3202025,2021,year,106062197.91,39797255.48,63243952.32,34491115.51,12.0,,,
3202025,2022,year,100902354.28,35886150.0,64093434.510000005,34133800.11,12.0,,,
3202025,2023,year,132201540.92999998,51998677.33,77103417.74,37895544.18000001,12.0,130064524.43,7212014.42,12.0
3202025,2024,year,154117808.53000003,53825980.05,92356517.0,45214623.39,12.0,158638602.71,16270154.48,12.0
3202025,2025,year,183443556.82,57115652.74,122742278.55,56995997.41,12.0,171610418.50000003,12398069.91,12.0
3204001,2021,year,1059695510.6600002,236669835.73,780103805.7800001,452963370.88,12.0,,,
3204001,2022,year,949194441.84,233814482.91,689368946.73,430503793.1099999,12.0,,,
3204001,2023,year,1134892842.7000003,270319786.59000003,815945702.26,473051836.23,12.0,1352172338.42,205201528.57,12.0
3204001,2024,year,1465228165.55,364448785.53,1050229371.26,580905590.1700001,12.0,1450333262.63,265881197.07,12.0
3204001,2025,year,1765646188.1599996,415064178.13,1289923648.6999998,721050348.08,12.0,1783993429.8800004,345789302.7,12.0
3204003,2021,year,157776083.27,46459869.4,96539050.44,62787677.480000004,12.0,,,
3204003,2022,year,148057857.25,43321901.35,96180460.38,67416809.14999998,12.0,,,
3204003,2023,year,176034711.71000004,49256085.86,117103944.80000001,78867264.8,12.0,220728173.43,22134811.19,12.0
3204003,2024,year,213235631.56,60672574.77,146010469.67999998,101861348.44,12.0,205205214.07,10626597.17,12.0
3204003,2025,year,260404930.33,73733466.23,174865512.4,122257030.01,12.0,267149009.72,28542044.39,12.0
3204005,2021,year,422782615.23999995,49949675.74,368986061.65,271405145.32,12.0,,,
3204005,2022,year,303134497.62,25316652.69,273426465.84,185240951.11,12.0,,,
3204005,2023,year,388213998.24,88491398.5,289842430.41,174831522.66,12.0,409414673.32000005,98821594.46,12.0
3204005,2024,year,422587623.24,53057549.56,312454334.19000006,196339110.41,12.0,471611311.39,198660710.24,12.0
3204005,2025,year,432772994.97,54943429.35,367287917.49,218135047.53,12.0,454346588.98,95048916.29,12.0
3204007,2021,year,56718690.930000015,27297768.3,28228111.46,13690807.370000003,12.0,,,
3204007,2022,year,41528171.74000001,16609422.56,23486553.25,13877137.97999999,12.0,,,
3204007,2023,year,121484703.28999999,86749172.24,32667718.21,16930352.939999998,12.0,210970051.9,70215756.86,12.0
3204007,2024,year,71796855.11,26203653.44,42773298.58,22232712.19,12.0,87082556.11000001,9629035.89,12.0
3204007,2025,year,83631754.23,26666190.07,52915678.330000006,28509353.94,12.0,86635737.49000001,6478042.41,12.0
3204009,2021,year,134338884.52,36782706.06,91912076.32000001,26290765.63,12.0,,,
3204009,2022,year,115308030.57000001,25426590.0,88665776.2,30684770.42,12.0,,,
3204009,2023,year,152418722.82,30943499.39,114107369.23,38141497.120000005,12.0,183176540.89,38699013.85,12.0
3204009,2024,year,246364943.39,63468649.580000006,177854057.89,64173304.19,12.0,223904023.03,52625433.92,12.0
3204009,2025,year,244131746.65999997,37694242.53,198511405.74,67895045.78999999,12.0,299004027.17999995,74316267.59,12.0
3204011,2021,year,362917909.15999997,126624823.16,230741775.08000004,156610903.82999998,12.0,,,
3204011,2022,year,317232084.36000013,83826838.86,227215234.05000004,158732783.21,12.0,,,
3204011,2023,year,372835861.47,94086104.08,267635346.54000002,175382127.9,12.0,452731824.46,78331256.83999999,12.0
3204011,2024,year,479943516.69,133893864.62,335835559.02000004,209682066.17000002,12.0,471567038.46,63495961.93000001,12.0
3204011,2025,year,523438014.74,126898640.26,385754000.38,234608745.49,12.0,523446459.53,41798394.48,12.0
3204013,2021,year,431011924.15,63062723.97,363053741.02,197548699.51999998,12.0,,,
3204013,2022,year,528931466.32,60514678.74,416524523.5,259541231.94000003,12.0,,,
3204013,2023,year,694477183.98,63267137.61,624035267.3599999,418517005.89,12.0,844095945.85,322533285.91,12.0
3204013,2024,year,866137005.0899999,82581437.5,765805339.8100001,520716562.95,12.0,903734569.22,311396289.12,12.0
3204013,2025,year,1010273666.17,91351571.1,908759032.1,587187759.96,12.0,1043345336.47,231343644.41000003,12.0
3204015,2021,year,109171661.83,35988370.61,70734547.46999998,52973504.36,12.0,,,
3204015,2022,year,102835903.85999998,22654579.14,77389811.62,60199563.81,12.0,,,
3204015,2023,year,120881078.93,24392647.57,89670444.5,67326474.16999999,12.0,131961511.64,46163040.49999999,12.0
3204015,2024,year,134254626.33999997,26514884.34,104392446.56,75454967.12,12.0,131823278.72,37762131.68,12.0
3204015,2025,year,173778498.51999998,27112600.77,144802566.49999997,109254082.02,12.0,170038128.51,41785378.900000006,12.0
3204017,2021,year,91775582.99,18372560.12,72848793.86000001,60530579.86,12.0,,,
3204017,2022,year,117698139.74,12595883.63,104206231.68,93179064.11,12.0,,,
3204017,2023,year,142105829.38,31395519.31,106019934.61000001,92471976.83999999,12.0,153940726.44,52184805.32,12.0
3204017,2024,year,157363539.64999998,19391186.96,127990420.21,113181951.17,12.0,131656484.78,45770371.43,12.0
3204017,2025,year,177358259.90999997,24286881.71,144638801.07999995,126003385.64000002,12.0,161912504.84,33709997.17,12.0
3204019,2021,year,60136686.07,24152181.700000003,32552254.759999998,21660056.92,12.0,,,
3204019,2022,year,62506487.80000001,22890803.23,35889235.6,26454828.65,12.0,,,
3204019,2023,year,77667198.64,31775366.07,42079670.580000006,29502616.01,12.0,71628108.15999998,7452273.739999999,12.0
3204019,2024,year,84541480.28,26376938.66,52940904.3,34728208.24,12.0,75581329.39,5676956.41,12.0
3204019,2025,year,89314049.31000002,26495458.3,61113622.68,40244972.24,12.0,85331623.2,6154048.960000001,12.0
3204021,2021,year,386054947.96999997,125096657.12,241570700.61999997,147594776.55999997,12.0,,,
3204021,2022,year,372423400.37000006,89183645.04,249638662.53000006,157132496.54000002,12.0,,,
3204021,2023,year,420417970.65999997,91474408.11,299690454.9,181241708.79999998,12.0,443277641.1399999,48959566.870000005,12.0
3204021,2024,year,491731547.73,115428888.38,356765550.73999995,212546631.0,12.0,485980199.22,43573277.91,12.0
3204021,2025,year,655516689.9699999,144418198.34,485774729.94,273188969.82,12.0,639044676.3800001,102369651.2,12.0
3206001,2021,year,345858891.32,124084998.7,186512887.93,103876677.25999999,12.0,,,
3206001,2022,year,290374672.62999994,99239246.31,176029083.23,103862072.36,12.0,,,
3206001,2023,year,339912382.65000004,94225036.74,215495791.48000005,125582238.83999999,12.0,358417924.5,23131772.38,12.0
3206001,2024,year,433555354.8,117453026.07,286359576.55,159878466.17000002,12.0,421834909.5400001,42815721.8,12.0
3206001,2025,year,487811844.56,112480819.35999998,347609626.92,195668160.32,12.0,488631365.83,31833007.78,12.0
3206003,2021,year,239231538.38,70565867.25999999,151789761.05999994,86044730.52,12.0,,,
3206003,2022,year,219206804.03000006,59596028.47,146280297.32,88148169.67999998,12.0,,,
3206003,2023,year,246692782.24,58013045.150000006,165039299.24,93701818.78,12.0,384456067.68000007,92630337.62,12.0
3206003,2024,year,299429905.45,77717998.23,207541823.43,118400998.11,12.0,318019975.56999993,40053280.12,12.0
3206003,2025,year,345628433.09,83237462.26,246016981.36,143070656.32999998,12.0,341247955.05999994,23848501.26,12.0
3206005,2021,year,1865422398.75,436006035.11,1343486642.76,775166765.0699999,12.0,,,
3206005,2022,year,1545946311.86,320726579.55,1141855167.6000001,672555256.6,12.0,,,
3206005,2023,year,1981935106.55,385262919.8499999,1458305380.3799999,860711679.33,12.0,2144008470.98,563559536.2900001,12.0
3206005,2024,year,2634618889.2999997,538739994.5,1929099499.64,1086461510.69,12.0,2676629836.76,709999718.2,12.0
3206005,2025,year,2998098634.61,571563147.07,2312794925.129999,1349433907.4699998,12.0,3052603580.7800007,634260713.6400001,12.0
3206007,2021,year,335111666.63,101165519.81,223801781.03,130324852.35,12.0,,,
3206007,2022,year,358448454.0700001,133907927.1,219173693.34,151258820.93000004,12.0,,,
3206007,2023,year,440142222.53,117960113.13,289392117.80999994,194073016.79,12.0,466701553.78,118976692.96,12.0
3206007,2024,year,570478151.23,142857075.29999998,367932403.48,239307300.54,12.0,550582791.1499999,125141836.79000002,12.0
3206007,2025,year,651833562.78,142000881.01,454298660.03,287714643.42,12.0,666265710.46,110117341.46,12.0
3206009,2021,year,207518834.24,74347869.02000001,123015440.25,45519645.66,12.0,,,
3206009,2022,year,173583460.11,41764665.12,108205827.20999998,44789854.89,12.0,,,
3206009,2023,year,212886195.47,43670790.27,161085044.43999997,58088891.1,12.0,193172695.79,12390194.339999998,12.0
3206009,2024,year,298939821.80999994,76361138.72,203633077.54,85970752.42999999,12.0,285910277.91,55963875.48,12.0
3206009,2025,year,349781943.73,65843573.69,264286845.97000003,106877844.82,12.0,362726097.3900001,54857893.13,12.0
3206011,2021,year,216297715.12,63960768.34,144095159.26,91730516.03999999,12.0,,,
3206011,2022,year,216221473.12,59026146.57,151587017.55,101571250.17999999,12.0,,,
3206011,2023,year,249637981.79000002,64116360.53,177968242.84,119234867.15000004,12.0,296921166.19,58215388.41,12.0
3206011,2024,year,331012624.5899999,78019615.75999999,214139595.03,140049588.39,12.0,344601695.41,79533570.77000001,12.0
3206011,2025,year,371522547.6700001,79260919.27999999,261571163.81,175833937.85000002,12.0,382071859.12,58168963.51,12.0
3206013,2021,latest,259440177.5,34972522.26,214981165.53,154618309.02,12.0,,,
3206013,2022,year,196315673.35,40276982.64,150176079.49,105713472.11,12.0,,,
3206013,2023,year,338395354.12000006,108144986.42,210508896.02,126670744.75,12.0,270156620.02,80518245.17999999,12.0
3206013,2024,year,331430103.69000006,43090538.82,278392365.08000004,182612763.56,12.0,307041460.86,96442754.72,12.0
3206013,2025,year,440009341.48,51906696.09,367408064.24,252850874.35,12.0,447519687.4,140089001.9,12.0
3206015,2021,year,93389650.44000004,54790933.72,35316714.59,18945302.39,12.0,,,
3206015,2022,year,75878746.63999996,44682165.32,28939388.9,16990109.4,12.0,,,
3206015,2023,year,94243781.91999996,35177384.56,44185985.19,22831835.43,12.0,140099673.41000003,21815598.81,12.0
3206015,2024,year,118389791.36,57470349.57,58020118.41,27266248.67,12.0,139586956.51,12603150.829999998,12.0
3206015,2025,year,138219916.25999996,61606235.17,65753567.11,31074412.160000004,12.0,148827391.41,12261381.69,12.0
3208001,2021,year,519059062.29,122089704.85999998,376080072.70000005,185416611.98999998,12.0,,,
3208001,2022,year,436628938.67,98075294.09,327183547.05,165295302.01999998,12.0,,,
3208001,2023,year,577410401.99,132469074.44,413325029.82,198110722.95,12.0,625241782.27,124791723.02,12.0
3208001,2024,year,792683585.04,153961586.38,604532538.2299999,282852746.82,12.0,756937973.94,199464190.29,12.0
3208001,2025,year,971444354.48,155107135.35,771279172.81,358924329.9,12.0,993919743.25,258612170.21,12.0
3208003,2021,year,268183610.13,121915524.03000002,142309643.84,67349344.45000002,12.0,,,
3208003,2022,year,345133167.98,207949527.54,114183658.25,60139708.62,12.0,,,
3208003,2023,year,392511524.65999997,153092151.14999998,149397268.96000004,77816058.71,12.0,412833141.5100001,87025345.67999999,12.0
3208003,2024,year,609398795.5899999,104974985.52,198312786.45,99316259.14,12.0,656701495.7499999,316428679.14,12.0
3208003,2025,year,437234986.84,163727970.75,240128737.14,115707392.59,12.0,439629921.73,68328690.46999998,12.0
3208005,2021,year,1174214688.99,132412058.02,1003590727.48,538155868.12,12.0,,,
3208005,2022,year,956226556.0399998,123414936.59,822466107.26,399378718.54,12.0,,,
3208005,2023,year,1907386544.09,741834633.93,1150342861.0,568601249.0600001,12.0,1402265727.75,437547381.17,12.0
3208005,2024,year,1772765188.6000004,234863016.79,1524459121.9600003,723338092.45,12.0,1532787078.0,618498758.24,12.0
3208005,2025,year,2253371767.04,270298282.39,1967572252.6100001,955949018.1199999,12.0,2542825697.53,1115790776.25,12.0
3208007,2021,year,1115218436.7,438400112.69,521226576.04,261296232.86000004,12.0,,,
3208007,2022,year,779067543.59,311396773.25,390304803.3,194995881.74,12.0,,,
3208007,2023,year,1373889827.09,571219304.12,508175826.75000006,242623939.07000005,12.0,1456217491.0200002,530453861.73,12.0
3208007,2024,year,1420968248.4999998,561431046.13,770144224.1899999,337129303.03,12.0,1377862751.9,508569206.86,12.0
3208007,2025,year,1500100387.7,381958580.12,1008937742.2,467193548.24999994,12.0,1482238129.4200003,489183988.08,12.0
3208009,2021,year,1044340655.32,238300476.21,766481241.2599999,441245155.44,12.0,,,
3208009,2022,year,1163827671.59,147773290.11999995,1000015898.61,377778659.82000005,12.0,,,
3208009,2023,year,1699941939.1700006,192854265.51,1489269647.8700001,510593396.39000005,12.0,1305208177.4800005,241887693.91,12.0
3208009,2024,year,1449945170.2699997,233565069.8,1180608727.1699998,669820313.1300001,12.0,1649672954.48,439290940.4,12.0
3208009,2025,year,1955956561.02,407263866.83,1498830732.46,870811223.21,12.0,2266981659.38,787236274.47,12.0
3208011,2021,year,363414846.58000004,58159109.720000006,277215367.34000003,182343183.57,12.0,,,
3208011,2022,year,280381785.4200001,69246133.3,205522638.49,136827435.77999997,12.0,,,
3208011,2023,year,337309766.51,63635968.07,204034176.39000002,115655627.50000003,12.0,595161385.26,153251574.23,12.0
3208011,2024,year,482087594.09000003,136922749.4,281752291.13,142651800.76,12.0,480405226.2500001,126392491.85999998,12.0
3208011,2025,year,500857253.41,107650037.69,358320925.66,171053622.22,12.0,518606014.0799999,99441707.06,12.0
3208013,2021,year,239621826.54,46565070.02,186873786.67,93405194.23,12.0,,,
3208013,2022,year,231479351.12,88677319.32,120784944.25999995,78021270.61,12.0,,,
3208013,2023,year,306531122.0,82471805.69,171636329.82,97485782.44,12.0,365477141.73,115202317.6,12.0
3208013,2024,year,369510876.1100001,62857119.58,263276636.79,139908774.82,12.0,340711714.57,54450538.99,12.0
3208013,2025,year,448624210.66,78721545.5,308116598.13000005,157447090.60000002,12.0,459202673.98,103670464.68999998,12.0
3208015,2021,year,884671189.2000002,249005632.76,586746914.1600001,299904013.8,12.0,,,
3208015,2022,year,862233288.0200001,334664669.78,457892790.7200001,234907517.46999997,12.0,,,
3208015,2023,year,1419089309.79,604345385.3,610622270.27,312411404.14,12.0,1356520299.41,463217058.04,12.0
3208015,2024,year,1845135327.78,498217226.13,919171215.8000001,445466720.03000003,12.0,1789992937.89,766335889.8,12.0
3208015,2025,year,1580260479.57,407925851.56,1115626256.0,543948754.7,12.0,1632158510.65,471073733.55,12.0
3208017,2021,year,150071117.55,79180989.44,67815400.25999999,27870484.19,12.0,,,
3208017,2022,year,141111998.72,65194098.84,70280782.49000001,28196135.25,12.0,,,
3208017,2023,year,174485063.05,73004354.96000001,97927436.25,35366394.43999999,12.0,199182992.36,43736857.26,12.0
3208017,2024,year,213767448.71,68968892.66,130553099.09999998,46791460.45,12.0,200635946.95,39981486.06999999,12.0
3208017,2025,year,260542990.85,82798653.79,163337337.66,64552413.22,12.0,257405540.1,61281251.41,12.0
3208019,2021,year,451522065.05999994,121080384.34,312697801.32,188615845.41,12.0,,,
3208019,2022,year,453179230.5000001,184813957.24,230771953.06,157712748.67999998,12.0,,,
3208019,2023,year,548685850.28,188856400.74,337585488.19,204797778.65,12.0,511100652.23,49171295.17,12.0
3208019,2024,year,1031731831.61,466601011.07000005,480684014.04,266733335.38,12.0,745718385.1500001,205679392.07,12.0
3208019,2025,year,760359593.0400001,178715660.99,548466893.26,325206072.07,12.0,946483529.74,314748881.91,12.0
3208021,2021,year,164815668.00000006,87773802.64,74029003.64000002,34338498.669999994,12.0,,,
3208021,2022,year,134107992.05999997,70166144.71000001,62068138.68,31576786.28,12.0,,,
3208021,2023,year,243812564.27,159947002.62,78312924.14,38832113.45,12.0,171400630.41,24650804.56,12.0
3208021,2024,year,189840948.53000003,69021130.23,103081891.49000002,42300003.45,12.0,218811772.27,54426797.1,12.0
3208021,2025,year,238929225.1,101223046.5,126766163.26,53631939.6,12.0,234674294.33000004,50311024.29,12.0
3208023,2021,year,92349524.52000001,29878544.5,59237959.79,37591849.18,12.0,,,
3208023,2022,year,82276023.41,29771691.53,50306300.69,32164118.11,12.0,,,
3208023,2023,year,94477933.89999999,41281972.89,48455232.75,26925030.31,12.0,92132944.79,3711083.08,12.0
3208023,2024,year,119308035.8,47868122.86,63923200.81,39465273.61,12.0,122006333.28,18115560.07,12.0
3208023,2025,year,136174401.66000003,59536205.79,74633485.03999999,47251515.51,12.0,137424908.02999997,19709511.71,12.0
3210001,2021,year,812476375.8699999,172659251.36999995,504873672.01,292922479.5,12.0,,,
3210001,2022,year,632102993.1400001,123629917.34,475536414.98,291913886.01,12.0,,,
3210001,2023,year,786540564.46,192646866.68,572734489.84,352846216.94,12.0,1019411393.22,262708340.34,12.0
3210001,2024,year,1010956081.36,172503991.04000002,820157420.3600001,433375668.56,12.0,927318643.1,221083582.09,12.0
3210001,2025,year,1261797377.63,151406095.62000003,1014374884.4,539259332.53,12.0,1241435194.54,256324372.87,12.0
3210003,2021,year,222345996.72,119249316.1,97745217.75,45077830.57,12.0,,,
3210003,2022,year,196235908.06,105626405.98,79346379.07000001,39111448.400000006,12.0,,,
3210003,2023,year,260836558.17999995,99927792.45,110191013.79000002,55578864.75,12.0,338152553.34000003,54322864.77,12.0
3210003,2024,year,294377325.62,115864916.67,150149852.17000002,67762118.77,12.0,333842856.61,48701613.54,12.0
3210003,2025,year,378100236.65,123312248.71,200760071.18,79118095.63,12.0,365891944.83,62533511.99000001,12.0
3210005,2021,year,360955278.44,124779363.4,226004550.75,150221391.31999996,12.0,,,
3210005,2022,year,419857400.96,131861750.67,185621323.72,132366237.35,12.0,,,
3210005,2023,year,503701160.65000004,104111251.69,207539000.92000002,137153196.04,12.0,554618039.05,185636507.77,12.0
3210005,2024,year,471114762.53999996,117025983.25,250858637.21,152847535.37,12.0,480413071.44,111410881.24,12.0
3210005,2025,year,516376801.28,145352453.21000004,306332699.90000004,173236054.13,12.0,500194655.15,57421282.95,12.0
3210007,2021,year,283519063.1399999,63951175.52,215428307.29000002,76672644.18,12.0,,,
3210007,2022,year,220365867.79000002,48096753.48,164244720.17999998,72948830.55,12.0,,,
3210007,2023,year,356637436.4000001,57555335.95,254485253.97,89035203.61000001,12.0,372937662.37,85980571.39,12.0
3210007,2024,year,414816881.7100001,71113966.28,318500663.4499999,122515331.27,12.0,419871687.61,53685374.79000001,12.0
3210007,2025,year,510547748.42,75815372.64,417304129.07,184232375.73,12.0,520036490.56000006,80580196.65,12.0
3210009,2021,year,99627509.98,41351192.06,57292470.4,19508577.01,12.0,,,
3210009,2022,year,89273090.95999998,32444763.41,56401941.83,21286625.18,12.0,,,
3210009,2023,year,154393472.22,40951287.22,112094022.83,59094436.42999999,12.0,130330446.43,25285826.3,12.0
3210009,2024,year,185306132.15,68212737.89,116590997.46,35560376.23,12.0,194413035.06,42919387.42,12.0
3210009,2025,year,259837672.56,36626571.38,221477228.68,109307811.91,12.0,230456465.73,23470683.43,12.0
3210011,2021,year,65264962.10000002,36926582.52,26145519.010000005,12622037.63,12.0,,,
3210011,2022,year,68894205.18,40294669.04,21336746.800000004,11588563.8,12.0,,,
3210011,2023,year,71880137.89,33537261.21,31176015.769999992,15179050.830000002,12.0,94852462.66,4355806.6,12.0
3210011,2024,year,76240490.88999999,33918305.02,34752139.169999994,17178016.25,12.0,86245070.61,12261215.01,12.0
3210011,2025,year,98324475.12,39749318.79,51645277.220000006,18404823.47,12.0,98829745.33,12566198.84,12.0
3210013,2021,year,455554988.23,160043074.69,259064774.51000005,209825377.3,12.0,,,
3210013,2022,year,326104946.4899999,71621239.30999999,248552759.59,203320223.46,12.0,,,
3210013,2023,year,360667646.5,80200231.98,262319603.66,212283393.91,12.0,448641092.94,48173498.78,12.0
3210013,2024,year,488029139.61,148749125.74,304466552.08,239656556.92,12.0,461670475.88,92167421.42,12.0
3210013,2025,year,810691538.7199999,243711702.67,381548057.3699999,308334822.3,12.0,803805269.37,347836016.75,12.0
3212001,2021,year,244834906.45000002,105297217.13,128349954.92,77458287.26,12.0,,,
3212001,2022,year,210188390.51,77343631.87,128648530.28000002,81909949.07000001,12.0,,,
3212001,2023,year,291498825.39,114795932.02,150827190.18,87182855.05,12.0,285770716.21000004,48398354.57,12.0
3212001,2024,year,311142431.83000004,107510962.55,188832204.68,107733637.47,12.0,310264882.02,34350212.47,12.0
3212001,2025,year,351740483.04,107606498.19,222988625.57,128746901.53,12.0,362713217.35,42556431.04,12.0
3212003,2021,year,553468965.4,201993702.22,328861314.88,172813727.66,12.0,,,
3212003,2022,year,445414452.2900001,146230841.16,289698032.23,163445485.47,12.0,,,
3212003,2023,year,609208783.1,187254661.74,396567539.52,204534677.96,12.0,815278069.66,165665040.62,12.0
3212003,2024,year,746259120.87,203999204.61,518423231.78,256961207.92,12.0,769709055.38,175658499.78,12.0
3212003,2025,year,918100879.48,282476060.27,598371204.8399999,294956332.57,12.0,944593627.77,226537857.5,12.0
3212005,2021,year,265266394.71,83021369.22000001,173365461.55,97278894.9,12.0,,,
3212005,2022,year,270739449.52,77403849.67,186468932.60999998,112842058.24,12.0,,,
3212005,2023,year,353311030.98999995,101538063.16,230381867.66999996,131978816.98,12.0,347753073.5199999,29626075.67,12.0
3212005,2024,year,392504406.5799999,92185643.68,267969579.94,151017424.15999997,12.0,401445654.42,41173404.18,12.0
3212005,2025,year,453333649.05,108061646.32,315035451.31,173348015.74,12.0,456412726.94,37142978.57,12.0
3212007,2021,year,279003421.02000004,30214051.08,229676570.32,81138019.08,12.0,,,
3212007,2022,year,182585303.55,35967644.56,146222592.76999998,53270447.59,12.0,,,
3212007,2023,year,302796784.29,50236363.75,244917211.43,60170729.15000002,12.0,280686982.55,42790518.86,12.0
3212007,2024,year,428966842.35,79970414.88,335713263.64000005,99864007.45,12.0,326760125.26,57291195.97,12.0
3212007,2025,year,467853818.62,44669207.81999999,411090970.88,134558522.10999998,12.0,446717934.22,60746999.89,12.0
3212009,2021,year,495209961.8,118557932.47,369701087.63,281099012.35999995,12.0,,,
3212009,2022,year,529324315.69,105454002.95,414027431.01,338210467.62,12.0,,,
3212009,2023,year,673568188.55,115257838.06,540433982.2200001,440928477.25,12.0,657834253.25,96536261.15,12.0
3212009,2024,year,909685778.47,144831550.73000002,706790670.5199999,576297020.17,12.0,899068218.92,209218220.54,12.0
3212009,2025,year,1071928681.99,136237253.57,882211488.3999999,723991334.4599999,12.0,1087686859.28,114370881.6,12.0
3212011,2021,year,704095793.27,176774892.98,506394252.59000003,332692558.2,12.0,,,
3212011,2022,year,665829710.4300001,141548502.18,511638262.90000004,356043267.22999996,12.0,,,
3212011,2023,year,794717816.7599999,152863058.88000005,607010866.68,407168327.8,12.0,865325589.28,180813534.16000003,12.0
3212011,2024,year,1121867593.24,349041269.22,753075921.1500001,482486667.69,12.0,1003893721.82,279845984.6,12.0
3212011,2025,year,1188098112.5700002,208339625.62,950510113.36,596782269.93,12.0,1236092466.04,297544444.5,12.0
3212013,2021,year,139828041.53,59098513.14,74285687.37,43944049.22,12.0,,,
3212013,2022,year,133496855.63999999,47545857.32,74387637.20999998,48174467.08,12.0,,,
3212013,2023,year,139698377.58999997,52438874.68,80300990.31000002,47838502.92,12.0,221425405.47,18197170.720000003,12.0
3212013,2024,year,192512172.06,73714329.53,112651750.17,64535117.20999999,12.0,215889343.88,22419141.48,12.0
3212013,2025,year,213141928.07,70959986.97,132259659.11,66065820.68999999,12.0,215804785.21000004,10914404.3,12.0
3212015,2021,year,444244200.63,176242740.21,239700392.72,131513672.19,12.0,,,
3212015,2022,year,268440422.22,52534175.26,198579542.96,123571621.16999996,12.0,,,
3212015,2023,year,339795639.5000001,56961328.73,260434434.03,155250743.87999997,12.0,517217292.86,126760486.55,12.0
3212015,2024,year,415146779.9699999,75938612.72,318138789.41,187977312.88,12.0,375671150.93,51377025.44,12.0
3212015,2025,year,515410270.4799999,69941359.0,418866148.56,255116697.29,12.0,536677878.18,66874452.67,12.0
3212017,2021,year,174910638.79999998,49551839.56,122994578.84,40544185.61000001,12.0,,,
3212017,2022,year,168028574.09,57251707.38,108789035.31,44695572.16,12.0,,,
3212017,2023,year,281793588.86,75097169.14,180373301.8,73629942.7,12.0,232557379.99,43117490.72,12.0
3212017,2024,year,398913410.3000001,82286427.78,254643178.29,96311116.62,12.0,321374348.15,80703483.35,12.0
3212017,2025,year,466924383.0799999,124217510.37,321183368.86999995,120702347.59,12.0,440207648.48,105380829.75,12.0
3214001,2021,year,87305257.75999999,50754776.4,36251294.690000005,21095419.169999998,12.0,,,
3214001,2022,year,112738968.61,58205735.0,41593492.87,28864261.69,12.0,,,
3214001,2023,year,101489369.93,46959364.57,43011810.989999995,27401321.5,12.0,111376145.20000002,15872922.37,12.0
3214001,2024,year,129063004.36,43548382.01,66326036.82,39608337.12,12.0,121796198.86,23549021.28,12.0
3214001,2025,year,180219676.75,46450370.74,103963212.89000002,68242481.06,12.0,163464593.45000002,42736245.99,12.0
3214003,2021,year,710614485.4499999,194640709.79,492622040.93,312239350.7,12.0,,,
3214003,2022,year,637752885.43,171473497.4,452375430.92,295463591.34000003,12.0,,,
3214003,2023,year,816812649.6800001,208531446.69,568429732.34,356355475.43000007,12.0,815448614.65,102847434.0,12.0
3214003,2024,year,1032804443.9199998,260949376.1,730889053.12,439448982.49,12.0,1013731879.86,145506819.41,12.0
3214003,2025,year,1287045218.08,335838879.67999995,894795197.63,540195066.0000001,12.0,1296253437.8899996,219789027.64,12.0
3214005,2021,year,210058893.70999998,54148286.11,152755147.33999997,48719728.760000005,12.0,,,
3214005,2022,year,157494302.6,38535055.61,118062498.26,52235512.44,12.0,,,
3214005,2023,year,267736592.04000002,49117804.70999999,172733329.95000002,59712859.330000006,12.0,288266994.32,89241761.27,12.0
3214005,2024,year,344241826.6,57088719.98,267929088.12000003,100550925.57,12.0,303924991.65000004,73106304.69,12.0
3214005,2025,year,544152415.1700001,88714876.39999999,384437416.82,158524950.73,12.0,471960380.24,169280232.37,12.0
3214007,2021,year,248126044.64000002,69871489.91,171773816.26000005,82629597.71000001,12.0,,,
3214007,2022,year,209992514.16999996,52197873.26,155118193.28,90137749.18000004,12.0,,,
3214007,2023,year,285018403.01999986,60982505.010000005,218949530.66,113338201.50999999,12.0,313858194.09,87502756.39,12.0
3214007,2024,year,377774168.05,78866234.28,289641153.76,143553472.55,12.0,365974737.92,119821020.41,12.0
3214007,2025,year,517405911.98,87888896.53,356823251.0,177635505.55,12.0,515168442.52,166355389.08999997,12.0
3214009,2021,latest,292256807.46,66941291.52,182343844.12000003,95956340.29,12.0,,,
3214009,2022,year,245006153.68,57404530.25,183770222.45999998,92693960.13999999,12.0,,,
3214009,2023,year,302852753.65,78856312.29,213092114.74999997,114820993.25000003,12.0,386216979.24,73034198.47999999,12.0
3214009,2024,year,420290553.02,137704079.03000003,270850064.31,143194762.55,12.0,414374570.04,106838913.76999998,12.0
3214009,2025,year,433606260.54,115335172.73,303634142.27000004,165995109.18,12.0,447375443.44000006,71257435.97,12.0
3214011,2021,year,76843807.4,39280605.41,34054387.79,17447325.040000003,12.0,,,
3214011,2022,year,70278236.1,32014131.8,36184849.97,19284302.82,12.0,,,
3214011,2023,year,103161698.34,49467132.6,45893194.39,21282869.840000004,12.0,110146395.05,18118172.950000003,12.0
3214011,2024,year,113217719.79,44230762.24,57772583.870000005,27038440.82,12.0,116605433.22,15268182.18,12.0
3214011,2025,year,114049347.45,44164143.510000005,63901186.69,30731481.31,12.0,121643466.81,8888231.91,12.0
3214013,2021,year,64584587.27,26488687.08,33863670.599999994,20791948.45,12.0,,,
3214013,2022,year,45757642.010000005,13891157.48,25246479.96,15055135.41,12.0,,,
3214013,2023,year,86363034.65,42072364.66,34402806.61,18228570.76,12.0,76287548.06,27665727.18,12.0
3214013,2024,year,84199708.97999997,28006617.07,41831995.6,22403808.67,12.0,76367465.96000001,12061318.9,12.0
3214013,2025,year,91195510.99,23977769.31,50676591.09,26869989.15,12.0,94566835.09,20655840.64,12.0
3214015,2021,year,649939187.5799999,238227438.94,390664446.96999997,235264843.47,12.0,,,
3214015,2022,year,539523730.39,161261437.76999998,370797199.0100001,234963739.41,12.0,,,
3214015,2023,year,689353161.1899999,180025679.05,441907157.1000001,264525608.72000003,12.0,705311777.0800002,85970787.10999998,12.0
3214015,2024,year,813508962.28,215004834.96000004,556458343.3700001,316802143.2,12.0,827644513.72,80336072.96000001,12.0
3214015,2025,year,949147819.15,239474172.74,661730158.87,381418774.3499999,12.0,932795361.78,94652318.65,12.0
3214017,2021,year,222624081.88,43791000.55,164389672.69,77833368.58999999,12.0,,,
3214017,2022,year,171910794.83999997,23364884.34,140709423.16,77216443.11,12.0,,,
3214017,2023,year,227845186.14000002,44051982.9,180593180.14000002,95837024.87,12.0,281810751.0,104915119.58,12.0
3214017,2024,year,292575542.08,45539356.84,242408157.82,118340509.6,12.0,227586973.53,38465003.26,12.0
3214017,2025,year,366599404.62,42009677.52,317942260.49,156897694.07000002,12.0,299527071.29,55381607.92,12.0
3502001,2021,year,231800380.33,105156973.42,120244968.98,53028443.36,12.0,,,
3502001,2022,year,208516970.09999996,88770742.0,110805872.33999999,55692840.75,12.0,,,
3502001,2023,year,259462240.51000002,100689038.6,141836687.64000002,65935790.68,12.0,262300275.07,9461356.04,12.0
3502001,2024,year,312969388.62,109767286.67,186343865.54,86610796.35,12.0,308325649.24,19968388.51,12.0
3502001,2025,year,341129802.88,113711842.33,210828984.38,96912418.42,12.0,343854401.57000005,17155446.07,12.0
3502003,2021,year,108861699.06,47947732.12,59233167.16,25937291.46,12.0,,,
3502003,2022,year,108744154.79999998,38547224.0,66552385.93000001,29150166.900000002,12.0,,,
3502003,2023,year,134142496.17000003,46849671.0,81975502.31000002,34961246.300000004,12.0,130836774.88,10698964.17,12.0
3502003,2024,year,144818235.25,46629777.55,94072023.77,44870801.60000001,12.0,147141494.24000004,6395136.56,12.0
3502003,2025,year,164164270.88000005,49602331.7,107595520.46,48969037.55,12.0,168448819.27999994,7593174.59,12.0
3502005,2021,year,231074551.18,105818457.02,115818487.42999999,59649476.03,12.0,,,
3502005,2022,year,220150962.91000003,82579477.88,121037909.25,61980739.58,12.0,,,
3502005,2023,year,269982055.82,99016811.53,143579542.74000004,68757088.78,12.0,267485438.44,17657214.24,12.0
3502005,2024,year,295645285.1,99511985.43999998,171783071.52,80752375.82000001,12.0,295550785.31,23610843.9,12.0
3502005,2025,year,344424378.61,119432029.74,205910077.65,99224713.5,12.0,361324541.28,45189172.760000005,12.0
3502007,2021,year,164371733.64999998,63920029.120000005,98080569.34000002,58891410.510000005,12.0,,,
3502007,2022,year,150679604.24,42792374.91,103186735.19,66384434.18,12.0,,,
3502007,2023,year,186916509.49,42889999.83,132997993.61000001,81979733.63000003,12.0,274704474.72,49903113.21,12.0
3502007,2024,year,236040263.9,55279456.17,171551069.1,107122725.15999998,12.0,250871631.18,27677400.13,12.0
3502007,2025,year,263176462.26,63027218.17,193260642.23,120583180.56999998,12.0,263421923.25,16691789.02,12.0
3502009,2021,year,89851177.1,43697206.61,42950313.66,21762664.03,12.0,,,
3502009,2022,year,92965374.32,40684508.0,45443489.02,22689918.25,12.0,,,
3502009,2023,year,109773940.0,49787184.870000005,53591112.260000005,26101402.2,12.0,106595201.09,1528454.88,12.0
3502009,2024,year,113524086.41,46361179.43,60321556.71999999,29757230.44,12.0,116258484.65999997,2347371.14,12.0
3502009,2025,year,140446819.63,54846028.1,73424262.71000001,35570232.09,12.0,138036282.43,4716876.2700000005,12.0
3502011,2021,year,46595025.85000001,18410054.21,27303628.45,10244851.96,12.0,,,
3502011,2022,year,45202245.650000006,16520646.55,27049035.35,10176744.25,12.0,,,
3502011,2023,year,60001605.4,22339995.0,33218037.1,13883801.42,12.0,61216308.13999999,10072188.95,12.0
3502011,2024,year,64311444.21,18082233.93,42717477.02,18257973.15,12.0,69088430.07,10239543.92,12.0
3502011,2025,year,75880221.32000001,20575242.14,48861909.50999999,20958960.77,12.0,73201731.19,2513672.05,12.0
3502013,2021,year,146444902.98,58937588.25,84663379.94,44820538.33,12.0,,,
3502013,2022,year,134066222.53,44812966.63,86441648.53,47659849.779999994,12.0,,,
3502013,2023,year,162279438.23999998,49800447.99,99477889.17,52290794.620000005,12.0,160158424.82,11681927.51,12.0
3502013,2024,year,187005088.18,57160518.44,122315995.67,66734185.370000005,12.0,186952736.11,11075359.71,12.0
3502013,2025,year,211687631.33,59935982.77,143669694.52,80753373.29,12.0,209268882.19,12199386.61,12.0
3502015,2021,year,37330051.18,13710968.81,22966985.470000003,11764335.65,12.0,,,
3502015,2022,year,36902234.09,13468799.45,21036800.75,10256590.55,12.0,,,
3502015,2023,year,53004103.92,22954973.0,27089017.39,13480867.51,12.0,49152484.38,8680595.67,12.0
3502015,2024,year,49430290.01,15553532.97,32428671.92,15400984.49,12.0,45564351.85,3649899.86,12.0
3502015,2025,year,59235150.85,19222584.46,38571118.760000005,19432540.98,12.0,65193439.870000005,8884620.93,12.0
3502017,2021,year,69790801.46000001,20999157.83,47773415.1,23184466.04,12.0,,,
3502017,2022,year,70385081.47,22470700.77,44901052.06999999,19249792.24,12.0,,,
3502017,2023,year,96848880.77,35966596.279999994,57902731.84,27748930.89,12.0,91094658.72,3375019.73,12.0
3502017,2024,year,102247042.65,28779498.0,70033926.44,38828043.39999999,12.0,112558277.37,16331551.06,12.0
3502017,2025,year,114725144.04,29662052.81,76064857.28,39143375.58,12.0,108389431.63,3841188.0,12.0
3502019,2021,year,99524697.72999999,37142108.21999999,61021577.43,45916791.04000001,12.0,,,
3502019,2022,year,92532747.07000001,24627778.64,66558464.029999994,50406991.95,12.0,,,
3502019,2023,year,104259847.88000001,40395713.37,60919149.67,37499607.92,12.0,106822208.56,3264166.14,12.0
3502019,2024,year,103423741.18999998,53706616.14,48703772.91,28114212.45,12.0,102631390.65,2431636.0,12.0
3502019,2025,year,105012188.57,53783048.43,49958984.4,28965013.27,12.0,111336669.73,7417835.56,12.0
3504001,2021,year,44900824.699999996,17647522.150000002,27009778.310000002,15916359.36,12.0,,,
3504001,2022,year,49043100.13,17829739.939999998,30760209.410000004,20937731.43999999,12.0,,,
3504001,2023,year,62587892.449999996,21167997.4,39526865.430000015,25715310.930000015,12.0,111463378.49,20954234.5,12.0
3504001,2024,year,85548963.92,25658746.59,57060806.43999999,41822593.07,12.0,92533796.53,12901890.37,12.0
3504001,2025,year,93634672.27,39872959.25,50906685.51,31797946.99,12.0,89849207.08,7438054.699999999,12.0
3504003,2021,year,145558315.73999998,54542001.57,57782675.57,30090283.650000002,12.0,,,
3504003,2022,year,98896893.97999999,36190993.0,57875998.23,34386380.61000001,12.0,,,
3504003,2023,year,124926132.39,42238280.14,73190847.49999999,36766332.2,12.0,127461063.92000002,10809422.119999995,12.0
3504003,2024,year,139504816.53000003,45042983.93,89611632.37,44453972.0,12.0,137785368.80999997,4605802.8,12.0
3504003,2025,year,161456198.30999997,47012587.00999999,109213136.52,54933597.84,12.0,160819111.13999996,7997500.680000001,12.0
3504005,2021,year,64016668.83,20785933.77,42655261.74,22473042.07,12.0,,,
3504005,2022,year,57581514.11,18596805.76,38479639.62,22860976.54,12.0,,,
3504005,2023,year,74370604.22999999,25314510.61,47668839.74,25264987.31,12.0,68441025.28999999,1470870.76,12.0
3504005,2024,year,85737082.42,23000671.45,58093368.92,29019416.47,12.0,87320341.25999999,7040695.54,12.0
3504005,2025,year,111696493.39,30825348.77,78102882.18,39786089.99,12.0,102520823.87,8095493.1,12.0
3504007,2021,year,72851342.83,22525816.12,49704035.41,23153456.070000004,12.0,,,
3504007,2022,year,72728535.34,21159780.95,48783801.16,21232292.44,12.0,,,
3504007,2023,year,97053082.33,31295241.17,62928755.85,26555372.88,12.0,93956535.84,7527216.0,12.0
3504007,2024,year,111074331.95000002,32838861.91,74399278.27,34292356.55,12.0,113363272.84000002,4306621.0,12.0
3504007,2025,year,120246560.53,30500018.61,85913872.7,37816447.04000001,12.0,123193394.62,2757135.38,12.0
3504009,2021,year,88397248.20000002,23615271.86,60163007.55000001,22614632.83,12.0,,,
3504009,2022,year,89300101.28,20169236.05,63378505.03,24240768.36,12.0,,,
3504009,2023,year,102444611.35,25892067.4,73285120.59,24798760.2,12.0,102742094.62,14229896.989999998,12.0
3504009,2024,year,114531516.81,24318025.17,86995068.49999999,30864539.160000004,12.0,118022841.79000002,16224412.24,12.0
3504009,2025,year,133778983.13,28071614.82,102974587.79,35904153.5,12.0,129246305.62,21316223.49,12.0
3504011,2021,year,268239126.99000004,103681769.13,159853486.97,82844363.9,12.0,,,
3504011,2022,year,237522348.68,77469662.91,152732197.96,79148274.06,12.0,,,
3504011,2023,year,296546112.1,86543170.14,195008914.89000005,90151828.36999999,12.0,314844226.16,27883212.62,12.0
3504011,2024,year,337213701.81,89525058.07,237858180.88,112499041.57999998,12.0,337774616.16,17507045.17,12.0
3504011,2025,year,383873816.43,101323422.23,266746869.97,126932174.46,12.0,385949216.25,19189934.28,12.0
3504013,2021,year,357190072.2099999,103195013.1,249999969.79,194665531.96,12.0,,,
3504013,2022,year,329017957.69000006,73970842.52,248868241.87,195463542.85,12.0,,,
3504013,2023,year,414687775.31,78639830.64999999,286569492.76000005,215923188.81,12.0,477641322.5,98402560.27,12.0
3504013,2024,year,440500886.96,88160961.23,342500114.15,251975005.97000003,12.0,431363212.91,66034423.89,12.0
3504013,2025,year,539445645.72,136366497.0,394665497.5899999,282300997.17,12.0,561349095.0699999,106993392.68,12.0
3504015,2021,year,66566996.400000006,20900766.12,43687221.11000001,23799911.24,12.0,,,
3504015,2022,year,62685275.43999999,17867738.09,42032973.92999999,24582772.26,12.0,,,
3504015,2023,year,80893753.4,26835374.0,50216653.06,25565871.500000004,12.0,83537762.15,8125452.8,12.0
3504015,2024,year,88323240.53,26703618.47,60251985.63,30588544.65,12.0,87717042.74000001,7417679.289999999,12.0
3504015,2025,year,117706370.0,36693991.99,68693598.69,35890990.82999999,12.0,117218567.2,27996148.31,12.0
3504017,2021,year,149742368.3,69462179.66,77887610.78999999,32807299.3,12.0,,,
3504017,2022,year,143520039.77,59883265.14,77302162.05,32438019.95,12.0,,,
3504017,2023,year,212337942.98,74838553.41,129082992.05,53508732.64,12.0,179255517.61999995,23528416.47,12.0
3504017,2024,year,240943381.57,68867223.15,151674366.91,70457449.17,12.0,211745196.07,24301860.52,12.0
3504017,2025,year,277943882.67999995,80249517.65,187089208.1,80140603.02,12.0,239700787.38,30423862.140000004,12.0
3504019,2021,year,174480183.25,83945343.26,87713446.06,48342224.559999995,12.0,,,
3504019,2022,year,158609047.29999998,58945555.0,97558577.56999996,55949405.89999999,12.0,,,
3504019,2023,year,199211722.36000004,66737669.28,125189317.14000002,63596475.54000001,12.0,246485481.93,35977862.050000004,12.0
3504019,2024,year,241441596.0,71437607.49,161515458.47,92752658.21,12.0,250554019.12,37521114.9,12.0
3504019,2025,year,271007276.37000006,81411053.19,186410208.81,100095025.3,12.0,267281445.26,30512515.69,12.0
3504021,2021,year,2729781937.15,908485191.83,1746992912.3000002,1140540333.44,12.0,,,
3504021,2022,year,2454404902.88,486282675.84,1893746412.1899996,1182157002.66,12.0,,,
3504021,2023,year,2892689963.55,509331916.75,2269542792.7599993,1300452363.95,12.0,3527402103.98,690101018.11,12.0
3504021,2024,year,3513684920.3499994,686193032.9300001,2703121729.6600003,1623082334.69,12.0,3594182154.46,652037478.4799999,12.0
3504021,2025,year,3919387288.5,751184182.0999999,3054746304.64,1837320717.3500001,12.0,4138682212.51,654639137.83,12.0
3504023,2021,year,162752735.22,53124761.55,105022700.14,57491688.660000004,12.0,,,
3504023,2022,year,157582950.1,43524538.36000001,107025721.84,57641377.45999999,12.0,,,
3504023,2023,year,178284275.92999998,51258550.36,121849052.23,58247945.24,12.0,183472178.22,16673529.8,12.0
3504023,2024,year,229334386.38,57121816.95,164297503.32,92065627.69,12.0,215777367.93,21933147.98,12.0
3504023,2025,year,253973412.72999996,61260295.09,186412488.84,98034987.48,12.0,260626685.33,46327301.8,12.0
3504025,2021,year,254979292.33999997,102034318.88,148837652.32,90025218.63,12.0,,,
3504025,2022,year,246608553.90000004,84505949.0,156332145.04,100124230.83000001,12.0,,,
3504025,2023,year,271896200.39,80745722.28,180718478.67000002,107054211.09000003,12.0,308810355.65,17869347.509999998,12.0
3504025,2024,year,330326252.79999995,104534652.64,215886374.85,135512535.69,12.0,345430596.93999994,28033220.33,12.0
3504025,2025,year,364437833.21,110088054.8,244498877.89,150718965.82999998,12.0,378635236.3,22874552.56,12.0
3504027,2021,year,114784558.13,36764337.76,75977522.33,49737139.36,12.0,,,
3504027,2022,year,101580025.93,29272645.98,69555623.99999999,42410512.78,12.0,,,
3504027,2023,year,121190430.62,34406166.6,82851228.35,49483810.01,12.0,132891989.62,12292040.14,12.0
3504027,2024,year,147586499.29999998,35786990.0,107560630.47,70356989.57,12.0,140033521.99,5986022.16,12.0
3504027,2025,year,176424923.96,38967699.03,132774430.61,86578390.99,12.0,172148286.67,10247069.51,12.0
3504029,2021,year,129756505.39,34726599.599999994,94166398.47,53400699.55,12.0,,,
3504029,2022,year,124591083.25,29997167.26,91872956.1,56957749.84,12.0,,,
3504029,2023,year,147606192.01000002,36117734.330000006,105550043.77,56895358.620000005,12.0,145214233.69,7279842.5,12.0
3504029,2024,year,170411553.54000002,38184767.78,126878526.91,73709594.56,12.0,169679624.32,12007292.29,12.0
3504029,2025,year,247408134.85,40650678.6,153071383.38,85857094.08,12.0,233040484.19,37800153.52000001,12.0
3504031,2021,year,132376806.59999996,48784766.47,81694606.37000002,39188902.28,12.0,,,
3504031,2022,year,124404377.9,42338379.28,79834270.09,41186271.25999999,12.0,,,
3504031,2023,year,162530782.73000005,44065428.38,114246741.42000005,49419707.95,12.0,183845657.28,25967547.19,12.0
3504031,2024,year,200812440.99000004,64401318.12,131805023.23,86172503.47,12.0,202285504.96,20911765.06,12.0
3504031,2025,year,228279040.83,96757255.36,127430813.79,56800480.72,12.0,225329139.07,25984276.64,12.0
3504033,2021,year,150248128.51,48840789.45999999,99378369.52999997,49564434.46000001,12.0,,,
3504033,2022,year,139399466.74,41400426.0,95187053.30000001,47114879.01,12.0,,,
3504033,2023,year,172960903.01999995,49204480.79,118738789.15,58246836.42,12.0,168672166.89000002,17018122.11,12.0
3504033,2024,year,200356041.9,54793050.75000001,140636978.6,72346285.84,12.0,195047522.22,18928079.91,12.0
3504033,2025,year,212654923.3,55642949.41,155143858.51999998,76473000.64999999,12.0,222072662.81,27848562.94,12.0
3506001,2021,year,43052423.61000001,12527168.0,30204023.56,16817663.19,12.0,,,
3506001,2022,year,43828917.839999996,11317694.0,30895245.480000008,16862140.89,12.0,,,
3506001,2023,year,57504841.03,16806231.0,39807705.71999999,21696565.0,12.0,52226182.02,3621240.0,12.0
3506001,2024,year,57658353.7,13893559.3,43240061.4,25699240.91,12.0,62346388.71,4841630.6,12.0
3506001,2025,year,68915016.99,14771801.24,53160473.94,32273126.41,12.0,63555488.93,1188891.89,12.0
3506003,2021,year,39153237.69,13412122.25,25138762.26,14029446.84,12.0,,,
3506003,2022,year,39591249.27,11512416.17,26406790.47,14583382.95,12.0,,,
3506003,2023,year,55826305.96999999,16867064.31,34567755.50000001,19540340.5,12.0,53282556.23,7856386.56,12.0
3506003,2024,year,55466411.67,15273688.590000002,38997672.17,21813168.04,12.0,58295892.370000005,4357775.07,12.0
3506003,2025,year,63287794.02999999,16335495.429999998,43766088.48,25384318.67,12.0,66054178.05,6736475.57,12.0
3506005,2021,year,196475548.23000002,96726924.76,95054065.77999999,54679603.85,12.0,,,
3506005,2022,year,139935492.18,42461757.36,91089347.10000001,50768940.309999995,12.0,,,
3506005,2023,year,184514673.66,56284038.08,113503192.47,62290744.04000001,12.0,214383650.32,30784142.42,12.0
3506005,2024,year,251971289.02,55932215.54,155873125.82999998,100017891.34,12.0,250755303.07000005,42412574.4,12.0
3506005,2025,year,261313444.42,61959595.09,165070766.81,100162405.27,12.0,255334244.95000005,33829868.17,12.0
3506007,2021,year,52381960.47999999,23566831.22,27705410.91,15286021.39,12.0,,,
3506007,2022,year,54709359.92000001,23227700.0,29610088.32,15955206.12,12.0,,,
3506007,2023,year,69827819.69,31004315.4,36523096.53,19055207.41,12.0,67114843.4,6871355.97,12.0
3506007,2024,year,70271874.04,26111704.0,43045119.120000005,24104568.17,12.0,70278065.95,2293820.76,12.0
3506007,2025,year,83292678.41,29081717.85,53171721.02,29054413.01,12.0,84507923.57000001,5134136.38,12.0
3506009,2021,year,137799348.70000002,52495465.54,81860513.08,47811683.47,12.0,,,
3506009,2022,year,126321156.67000002,40510577.50999999,80882617.81,46622379.080000006,12.0,,,
3506009,2023,year,164480639.74999997,57944323.35,100525984.05,53837237.45,12.0,170851882.17000002,14692149.32,12.0
3506009,2024,year,198066192.96,61913864.57,122155651.34000002,65428222.57,12.0,197750210.13,20875586.09,12.0
3506009,2025,year,213231489.28,67656365.61999999,141001952.43,73313029.27999999,12.0,205754408.32,16448841.5,12.0
3506011,2021,year,63369994.57,21065475.790000003,41043510.38,27413052.78,12.0,,,
3506011,2022,year,62309256.91,19087600.0,42309676.19000001,30979559.880000003,12.0,,,
3506011,2023,year,75747038.42,17634122.35,56080535.49,38852967.24,12.0,70676950.03,5736037.340000001,12.0
3506011,2024,year,94365502.38,24846887.43,67524196.92000002,49349669.02,12.0,92419437.12,9102261.64,12.0
3506011,2025,year,102534080.99,24790368.53,76215418.53999999,54220885.68,12.0,111579666.22,10460864.73,12.0
3506013,2021,year,246059320.14000002,88358810.76,149983297.94999996,87023487.2,12.0,,,
3506013,2022,year,259707538.23,80701232.99,161738840.03,97348293.77,12.0,,,
3506013,2023,year,313335985.18000007,100368723.0,196713703.04,110918365.12,12.0,307174241.55,19520891.1,12.0
3506013,2024,year,349895140.4200001,105292362.41,232327983.84,135144997.21,12.0,353572400.29999995,35126207.1,12.0
3506013,2025,year,388826761.71,118067676.58,260893813.5,153878285.95,12.0,406582499.72,32225929.12,12.0
3506015,2021,year,216148878.93,77878039.07,128496566.2,67815573.28999999,12.0,,,
3506015,2022,year,193616943.44,56443169.74,124040542.71999998,71502115.14000002,12.0,,,
3506015,2023,year,213951914.57000005,52629026.650000006,145921523.75,80336098.46,12.0,273488085.20000005,39396342.7,12.0
3506015,2024,year,267786465.53000003,76907608.76,172706253.24,93323527.85999998,12.0,264697342.65,25539666.1,12.0
3506015,2025,year,381047762.59,100252184.27,199789187.94,110259083.34,12.0,384371676.7,115070731.93,12.0
3506017,2021,year,82381106.69000003,31085606.44,50875935.41,24992384.41,12.0,,,
3506017,2022,year,79333987.97999999,21237562.99,56425104.65,30370601.1,12.0,,,
3506017,2023,year,93610608.53,24100179.0,67129053.25,34054053.44,12.0,93961303.31999998,3857560.03,12.0
3506017,2024,year,103670660.17,25158189.15,78283726.25,44187091.04,12.0,103115038.02,5588519.890000001,12.0
3506017,2025,year,122969097.23,30696046.45,91714532.58,51618154.73,12.0,124766083.51,11012672.65,12.0
3506019,2021,year,126642872.11,37682179.79,84015298.42,61357383.519999996,12.0,,,
3506019,2022,year,108961252.52,24633169.58,80701680.19,57323666.24,12.0,,,
3506019,2023,year,124755507.3,32478721.52,83901648.01,60383763.38000001,12.0,132001949.89,18197578.56,12.0
3506019,2024,year,158472514.00999996,38943379.3,105064545.1,70760960.15,12.0,156892078.25,31518510.94,12.0
3506019,2025,year,179521952.01,59625897.36,114315221.19,75674738.63,12.0,189753245.5,47278201.69,12.0
3506021,2021,year,99131667.64,36347504.53,61520067.11,32705531.53,12.0,,,
3506021,2022,year,106238965.36,36989898.25,64380197.00999999,36251665.29,12.0,,,
3506021,2023,year,137297871.48,46001054.6,85809837.53,49767681.69,12.0,125199028.66,6982618.91,12.0
3506021,2024,year,137254923.16,40017314.5,95041945.42,56489070.95,12.0,146739905.66999996,8340066.39,12.0
3506021,2025,year,166958997.68,43192306.3,120599621.28,72228343.18,12.0,160811849.79000002,7886117.7,12.0
3506023,2021,year,117505829.01,40400153.45999999,72536241.49,51411409.879999995,12.0,,,
3506023,2022,year,147936690.04,32264488.05,112505726.7,92091803.78000002,12.0,,,
3506023,2023,year,137566292.03,55849830.44,77319619.12,46703713.56,12.0,175165454.65,27151369.08,12.0
3506023,2024,year,150818456.1,53539530.37,93119913.92000002,55350860.91,12.0,161982584.70999998,6171598.600000001,12.0
3506023,2025,year,184679421.27,73896527.6,100787493.89000002,59941019.66000001,12.0,194564914.15,24233263.550000004,12.0
3506025,2021,year,49948248.86,14307267.99,35190148.65,16578706.02,12.0,,,
3506025,2022,year,53973118.45,12752200.0,39120575.5,20282451.12,12.0,,,
3506025,2023,year,64234386.63,14786663.95,46328107.66,23737169.12,12.0,66080157.75,5893324.57,12.0
3506025,2024,year,68357057.72999999,15997874.06,50483486.86,27019027.15,12.0,75092952.39,4990868.33,12.0
3506025,2025,year,79698736.42,19838130.85,56749915.85999999,30812938.07,12.0,77802886.1,4557215.69,12.0
3508001,2021,year,81557361.37000002,37987738.67,42813563.84,21402774.7,12.0,,,
3508001,2022,year,80076511.91999999,33286736.82,43810696.21,23594050.81,12.0,,,
3508001,2023,year,103174918.21000002,43996961.0,55776905.95,29584948.27,12.0,90722541.34999998,2496949.84,12.0
3508001,2024,year,105164925.21,40676438.8,61283967.06999999,32193099.23,12.0,105442927.92,4336487.01,12.0
3508001,2025,year,126858057.48,47115190.52,76239131.32,41209679.57999999,12.0,123094188.95999998,10271398.94,12.0
3508003,2021,year,80872223.18,28739528.18,49641580.74,25168299.99,12.0,,,
3508003,2022,year,82205075.81,26415498.83,54034692.33,26210331.770000003,12.0,,,
3508003,2023,year,105405725.64,34136618.6,63244906.4,30831739.3,12.0,96644328.19,5400405.96,12.0
3508003,2024,year,117442676.14,31747944.92,75695761.49000001,36298832.7,12.0,119423310.68,12799157.32,12.0
3508003,2025,year,118534171.96,32809545.82,83577494.76,38581478.4,12.0,126733830.59,6538311.379999999,12.0
3508005,2021,year,755379768.78,376829585.84,363904005.21,202413865.54000002,12.0,,,
3508005,2022,year,640772011.91,256553484.92,358936953.52,214759532.51000002,12.0,,,
3508005,2023,year,749331148.66,281511236.85,427084585.77000016,229800542.76000005,12.0,867513226.71,121298922.72,12.0
3508005,2024,year,909933966.09,343018849.82000005,535706780.90000015,282857313.66,12.0,931727402.88,85395651.52000001,12.0
3508005,2025,year,1058985848.17,386708175.86,649960673.7199999,345202539.56,12.0,1054926866.29,101949671.59,12.0
3508007,2021,year,171138553.16000003,76324908.07000001,92015850.32,48333393.86000001,12.0,,,
3508007,2022,year,161955946.81000006,62492655.39,94213015.0,48445695.980000004,12.0,,,
3508007,2023,year,190823909.84,74886599.44,110500823.63,56204267.82000002,12.0,271983714.43,87975449.42999999,12.0
3508007,2024,year,213861400.67,76730463.41,130194470.74000002,66155860.09,12.0,215526154.52,10163143.05,12.0
3508007,2025,year,246636228.79,95047819.13,148897764.51,73116099.42,12.0,256960063.07,20664990.630000003,12.0
3508009,2021,year,45321487.88,19308516.16,25636999.29,9103530.41,12.0,,,
3508009,2022,year,45481984.25,20137753.31,23607278.62,11931546.450000001,12.0,,,
3508009,2023,year,49804965.650000006,20646436.4,26772469.189999998,11003364.049999999,12.0,51256385.61,1880022.58,12.0
3508009,2024,year,64100913.61,21762766.23,41068914.99,13453564.23,12.0,58750876.85,1249207.34,12.0
3508009,2025,year,66563884.98,26513963.69,38070810.18000001,13317313.44,12.0,71726492.11,1641206.02,12.0
3508011,2021,year,337325797.11,70724358.78000002,244462130.52,111548236.86,12.0,,,
3508011,2022,year,360421565.22999996,60079227.33,255189633.57999998,115188916.54,12.0,,,
3508011,2023,year,358176410.4,62018383.56,283755912.96999997,126127466.83,12.0,367040626.2999999,17339238.77,12.0
3508011,2024,year,418056285.54,73683697.02,324092628.58,146660485.14000002,12.0,425243795.93,38902916.5,12.0
3508011,2025,year,465317676.94,80438651.92999999,365143706.18,163509703.32999998,12.0,457459950.24,36229009.19,12.0
3508013,2021,year,122120617.62,45869211.82,74156806.41999999,35809689.85,12.0,,,
3508013,2022,year,115009708.1,31099831.700000003,79252396.65,36579359.26,12.0,,,
3508013,2023,year,136317107.26,37189175.44,94051158.56,45753204.42,12.0,135994692.39000002,4837863.88,12.0
3508013,2024,year,153301860.87,38577308.24,108907175.54,51933715.06,12.0,151960650.74,5694933.800000001,12.0
3508013,2025,year,163729633.92,39703623.74,120411114.54,59649821.61,12.0,170513130.68,9615270.34,12.0
3508015,2021,year,169423600.19,84310787.2,82494988.21,40935855.96,12.0,,,
3508015,2022,year,142542759.69000003,41573450.64,89656572.06,46286950.59,12.0,,,
3508015,2023,year,175503767.14000002,58132044.25,108161754.4,50695109.3,12.0,176607492.81,23609278.610000003,12.0
3508015,2024,year,186493270.45,49457690.35,125360434.70000002,60829656.3,12.0,202172256.0,44790096.94,12.0
3508015,2025,year,210896555.63,60546414.68,141990464.46,69186522.11999999,12.0,202307113.45,17071465.18,12.0
3508017,2021,year,459566866.39,181746409.79,272161305.1,167524237.42999998,12.0,,,
3508017,2022,year,374944070.06,108852186.21,258310779.26000002,160065684.28,12.0,,,
3508017,2023,year,526109755.43,181488385.09,321787407.17,184709091.89999998,12.0,470288098.08,40403602.71,12.0
3508017,2024,year,572334726.51,147521523.77,407217555.92,233964773.76,12.0,568618499.3299999,55822090.86999999,12.0
3508017,2025,year,652328379.25,151384013.46999997,483334557.72,276047344.49,12.0,669631096.92,52508103.16,12.0
4602001,2021,year,392545910.92,168896359.88,202548704.48000002,108576002.47000001,12.0,,,
4602001,2022,year,349348206.6399999,114360845.81,211894725.25,115127876.78,12.0,,,
4602001,2023,year,414312603.91999996,148702801.75,245830359.22,129690144.2,12.0,417509319.5,55221422.74,12.0
4602001,2024,year,461018503.99000007,131028827.67,304724847.18,167618718.15,12.0,465269589.06000006,60108782.70999999,12.0
4602001,2025,year,531253283.72,140565560.17999998,370206447.92,209424209.02,12.0,548789617.54,83919961.61,12.0
4602003,2021,year,949260949.0400001,456099151.2,461039230.54,261173109.05999997,12.0,,,
4602003,2022,year,931570352.43,382174236.64,525837652.29999983,303332714.78999996,12.0,,,
4602003,2023,year,1011071633.1300001,351866224.98,619402997.6600001,340168471.96,12.0,1322979275.7399998,334879061.2099999,12.0
4602003,2024,year,1180075645.2599998,398126975.91,739413843.05,397276474.51,12.0,1155700799.45,90672566.74,12.0
4602003,2025,year,1391028779.0500002,447826398.13,890300078.6500001,478931512.92,12.0,1399932904.61,147419389.0,12.0
4602005,2021,year,159645040.22999996,88542695.98,69729966.86,30271435.73,12.0,,,
4602005,2022,year,177179068.54,80439989.74000001,95810670.57,37233645.7,12.0,,,
4602005,2023,year,169731125.22,90147823.3,77720040.54000002,42902810.92,12.0,187207939.26,19043893.52,12.0
4602005,2024,year,165888140.0,76564577.32,87097347.50999999,52583385.96,12.0,185054730.31,21441647.64,12.0
4602005,2025,year,202583768.41000003,87746289.66,112514395.98000002,69037990.95,12.0,198167668.75,10385533.1,12.0
4602007,2021,year,175150714.78,111397089.54,54432066.95,22934309.24,12.0,,,
4602007,2022,year,150029672.20999998,79537750.93,64032915.76,27406570.520000003,12.0,,,
4602007,2023,year,240997557.78,136286364.39,87566806.4,32240053.07,12.0,248784867.72,89909980.45,12.0
4602007,2024,year,230346352.25000003,95928930.0,108081735.19,40638367.04,12.0,236388176.98,63635008.02,12.0
4602007,2025,year,318937193.6700001,97755641.38,153407441.41,58812336.12,12.0,318569674.05999994,84009358.15,12.0
4602009,2021,year,346806783.5299999,111936327.32999998,222719045.12000003,104898639.96000001,12.0,,,
4602009,2022,year,362707225.96,103508365.85,251908416.23,126250106.87,12.0,,,
4602009,2023,year,485813969.25,160443551.81,301369140.62,141471727.36,12.0,486657080.9,100321836.81,12.0
4602009,2024,year,540265587.64,143784848.49,373578114.82,189165017.7,12.0,551214852.0899999,98000620.78,12.0
4602009,2025,year,597589771.53,147288995.78,431459607.78,207927341.99,12.0,593660680.3,96142542.08,12.0
4604001,2021,year,373570564.71000004,148416124.49999997,216280716.7,142270364.01999998,12.0,,,
4604001,2022,year,366329396.23,115647129.6,241318287.56,170294609.32,12.0,,,
4604001,2023,year,428052506.24,115634433.56,270011385.11,175095407.18,12.0,582925792.3,100210359.94,12.0
4604001,2024,year,516053303.16,144940622.86,321645230.91,192771508.1,12.0,496487817.58,53138225.28,12.0
4604001,2025,year,626726291.2199999,163515859.75,400387465.77,238892037.75,12.0,596187711.8000002,65997992.64,12.0
4604003,2021,year,300082733.95000005,152463525.57999998,140235150.19,86338875.25,12.0,,,
4604003,2022,year,291874799.70000005,123768910.05,143455837.25,93796523.88,12.0,,,
4604003,2023,year,329123919.37,143747095.88000005,167668063.97,97123930.46000002,12.0,350878856.52,47642255.23,12.0
4604003,2024,year,358603688.72,139712800.87,204352246.5,116351069.84,12.0,359230309.52,35969241.43,12.0
4604003,2025,year,439364149.50000006,151411627.61,269033436.8,155799771.42999998,12.0,432221857.29,37384131.15,12.0
4604005,2021,year,61106397.62000001,30973157.58,28876702.8,12772906.409999996,12.0,,,
4604005,2022,year,51442173.75999999,26895342.32,23352696.49,13055316.76,12.0,,,
4604005,2023,year,74543291.1,41975659.35,30567504.75,17174867.529999997,12.0,66825493.90000001,1914293.0,12.0
4604005,2024,year,79976792.11999999,33386582.81,44355033.96999999,24134946.58,12.0,73193395.09,1204648.0,12.0
4604005,2025,year,98281244.37999998,35727467.19,59968578.45999999,34281558.35,12.0,98346423.62,4667420.0,12.0
4604007,2021,year,409520997.6700001,174530633.41,218851468.51,136696747.10000002,12.0,,,
4604007,2022,year,403310876.47999996,144903840.65,237790451.10000002,162398927.07,12.0,,,
4604007,2023,year,433270769.3699999,127036300.32,276676043.1499999,177317298.18,12.0,592979502.25,109350178.07,12.0
4604007,2024,year,544226540.1600001,166192063.97,355294693.1,216526106.38,12.0,503596282.71,39152974.120000005,12.0
4604007,2025,year,663482255.4499999,187097288.06,423724126.15,255173440.08,12.0,666440168.65,84147257.39,12.0
4604009,2021,year,146356037.83,84737939.0,57698161.53,33047444.44,12.0,,,
4604009,2022,year,139626877.51999998,75583121.71000001,62453036.98,37525010.72,12.0,,,
4604009,2023,year,174349976.13000003,89408327.77999999,75851788.75,43628031.849999994,12.0,174626821.4,28768557.36,12.0
4604009,2024,year,184068622.11,79345892.77000001,99549736.64,52426344.16,12.0,181855929.55,15942283.47,12.0
4604009,2025,year,208060498.44,89266648.38,116283677.28,65496012.28,12.0,220025540.32,25398746.29,12.0
4604011,2021,year,88118639.72999999,61727120.93,25616497.790000003,15450562.26,12.0,,,
4604011,2022,year,92826314.17,62508669.54,28120547.43,18821303.38,12.0,,,
4604011,2023,year,99603616.64,63171034.18,32955681.34,21473473.29,12.0,100746270.73,6885332.26,12.0
4604011,2024,year,99810761.48,56968227.52,39694423.260000005,24806854.92,12.0,99600529.21,1334062.85,12.0
4604011,2025,year,115779753.65,66451374.41,44223544.89000001,27635100.870000005,12.0,114917734.20000002,1606266.0,12.0
4604013,2021,year,54468074.260000005,35786332.3,17984775.360000003,9326855.99,12.0,,,
4604013,2022,year,56013275.60999999,31337700.0,22481741.07,10844801.110000001,12.0,,,
4604013,2023,year,68031049.17,38610757.0,24653484.97,12505327.469999999,12.0,72159551.14999999,7829977.34,12.0
4604013,2024,year,62383504.77,32737542.07,27914495.94,13565431.3,12.0,66380319.92,2067059.74,12.0
4604013,2025,year,77932672.25,40820823.76,34144962.29000001,16113138.14,12.0,78526374.97,4455724.1,12.0
4606001,2021,year,166858289.54,98007284.13,62217519.940000005,34166425.160000004,12.0,,,
4606001,2022,year,143879183.62999997,73657463.82,67131065.22000001,39841629.379999995,12.0,,,
4606001,2023,year,173963538.27000004,85042375.47,81352297.06999998,42700000.11,12.0,176129068.96,18035172.8,12.0
4606001,2024,year,190580056.33,81507733.05,101297474.5,52825269.01,12.0,179080244.19,8611169.83,12.0
4606001,2025,year,295074152.15000004,88132468.02000001,201520862.42000008,144214031.61,12.0,266975663.08,44613955.58,12.0
4606003,2021,year,92151827.78999998,38983496.14,48532140.260000005,34487350.17000001,12.0,,,
4606003,2022,year,75930083.27,38392284.13,33927339.63,18856158.910000004,12.0,,,
4606003,2023,year,111001418.94000001,66518761.1,42068732.04,22829138.69,12.0,101681578.62,20327268.86,12.0
4606003,2024,year,111922925.68,44650719.27,64614519.470000006,42489292.92,12.0,117830452.65,14939709.180000002,12.0
4606003,2025,year,133527089.01,75004650.24000001,56166804.49000001,32591278.22,12.0,135959196.9,12650032.37,12.0
4606005,2021,year,86089690.71,48048496.59,36763370.49,19424738.880000003,12.0,,,
4606005,2022,year,85499691.58000001,41593785.4,42664454.76999999,23868639.21,12.0,,,
4606005,2023,year,104570421.86,49850169.59,51031038.37,28681344.44,12.0,96454452.36,11208898.92,12.0
4606005,2024,year,104541374.15,40343257.88,62959520.64999999,36478719.45,12.0,111165708.55,16557398.78,12.0
4606005,2025,year,123878546.33,44173092.17,77892788.19,46705691.22,12.0,121977378.37,9968938.2,12.0
4606007,2021,year,434935078.64,195431679.67,215066297.85,128798123.96000001,12.0,,,
4606007,2022,year,366939223.3500001,126935287.92,220608127.29999998,135333145.77,12.0,,,
4606007,2023,year,474084977.3,160541357.38,280614200.90000004,163456739.73,12.0,483696032.8099999,79650232.49000001,12.0
4606007,2024,year,559611184.76,158546963.55,366526829.7,216896370.15,12.0,555015216.37,76796834.53,12.0
4606007,2025,year,707597415.0699999,160663450.45999995,467038846.87,273578413.76,12.0,682284671.98,116648013.35,12.0
4606009,2021,year,294385604.43,110875789.96,141729497.28,65704594.2,12.0,,,
4606009,2022,year,256039535.06,61138719.900000006,143741305.33999997,71700245.01,12.0,,,
4606009,2023,year,359436524.5,108043747.79,225166089.18,83121053.1,12.0,449707416.42,175421132.45,12.0
4606009,2024,year,374645975.16,76563617.09,275088455.85,120949679.03,12.0,375953146.8999999,126418928.27,12.0
4606009,2025,year,487979650.19,80273122.38,341399089.70000005,160417973.34,12.0,485459856.07000005,200984519.81,12.0
4606011,2021,year,128002349.73,92123335.61,34995157.95,20393657.71,12.0,,,
4606011,2022,year,138020904.82,96525722.18,39635349.82,22567209.84,12.0,,,
4606011,2023,year,157184608.88,108696142.15,43449509.22,22157838.53,12.0,151999698.35,12447414.07,12.0
4606011,2024,year,166347887.59,99641036.54,55716218.67,26744449.2,12.0,175407700.25,11814990.97,12.0
4606011,2025,year,205910822.74,120818099.11,79046323.47999999,41998962.89000001,12.0,204128580.28,15032891.38,12.0
4606013,2021,year,338050374.9499999,179234418.02,149961409.6,82970521.02,12.0,,,
4606013,2022,year,307803711.90000004,140330705.25,157156879.78000003,97044685.95,12.0,,,
4606013,2023,year,380298287.15000004,141050298.32999998,207951169.82999998,110445737.49000001,12.0,380268312.04,40321698.79,12.0
4606013,2024,year,446798319.0,166935081.29,251552648.15,131852966.04,12.0,441686131.09,64852180.98,12.0
4606013,2025,year,519900206.75000006,167425379.93,316534170.42,162840679.82999998,12.0,527447596.7899999,66717206.7,12.0
4606015,2021,year,115317295.08,52171239.940000005,58048379.56999999,41432999.43,12.0,,,
4606015,2022,year,112195309.41999999,45271350.96,64869426.78000001,44169118.63,12.0,,,
4606015,2023,year,116175967.59,41806655.86,67549818.32,43953226.15,12.0,138622589.07999998,14815617.43,12.0
4606015,2024,year,146481143.11999995,52716856.24,88415724.34999998,55181233.0,12.0,144764245.52,9511951.91,12.0
4606015,2025,year,181386901.77,55800681.29,118125764.94,77053621.72,12.0,180806166.36,13074274.77,12.0
4606017,2021,year,239618720.83999997,96880509.75,130110611.45,46214986.370000005,12.0,,,
4606017,2022,year,230829167.67999998,82563175.08999999,140187535.61999997,62447463.760000005,12.0,,,
4606017,2023,year,280796062.3,74615069.33,178016074.81,78907592.94,12.0,287292990.35,50566058.12,12.0
4606017,2024,year,428350096.18,124251112.43,259488147.07,110658316.56,12.0,418767734.38,136576613.72000003,12.0
4606017,2025,year,549344451.73,171721944.48000002,310261070.06999993,140631813.32,12.0,593967622.1999999,236837037.39,12.0
4606019,2021,year,213284742.06,68220978.50999999,136877602.21,88768078.35,12.0,,,
4606019,2022,year,216449265.35000002,60150291.73,149069655.7,99439964.14,12.0,,,
4606019,2023,year,244461766.98000002,59328501.88,175922901.57,110416656.39999998,12.0,274980334.97,25360121.2,12.0
4606019,2024,year,303544224.91,73317469.21000001,220651348.19,134180525.16,12.0,308516869.48,24993421.57,12.0
4606019,2025,year,347886630.17999995,79108346.44,258912256.35,158475961.95,12.0,371823022.29,43343708.63,12.0
4606021,2021,year,118025660.78,68268942.91999999,47632369.6,26025077.3,12.0,,,
4606021,2022,year,112845945.35,57766362.88,54563724.80999999,30898770.430000003,12.0,,,
4606021,2023,year,144412666.33999997,78641213.9,62301710.65,32634539.630000003,12.0,141416916.73000002,26947073.14,12.0
4606021,2024,year,142812522.28,65053755.74,74001648.69999999,36355491.2,12.0,149956338.40000004,12939087.73,12.0
4606021,2025,year,162044487.02999997,69942469.12,88034777.56,41579144.64,12.0,158938210.74999997,8796927.23,12.0
4606023,2021,year,109067395.38,55565790.36,51853193.91,32560526.06,12.0,,,
4606023,2022,year,114376316.44,52760616.44,60667446.25999999,39728776.04,12.0,,,
4606023,2023,year,121017410.78999998,47147707.0,68395527.67999999,43853173.3,12.0,132842874.03,10216137.7,12.0
4606023,2024,year,148632460.72,45555884.44,94323061.66,56544033.48,12.0,144904310.15999997,8374467.960000001,12.0
4606023,2025,year,220300660.58,50692528.21,132561706.25,83414591.4,12.0,202530813.31,26875346.02,12.0
4606025,2021,year,11295860512.01,2013632694.94,8582632141.569999,5025866216.44,12.0,,,
4606025,2022,year,12001353574.860004,1632276286.98,9926583499.87,5695272895.96,12.0,,,
4606025,2023,year,14599436059.46,1813022537.22,12253202418.99,6758672085.009999,12.0,17027840903.45,4555367595.79,12.0
4606025,2024,year,18509136871.25,2512055238.38,15001775524.630001,8655243240.36,12.0,17303270022.559998,4125994405.31,12.0
4606025,2025,year,21558401297.1,2998691838.47,17840955029.62,10376056456.76,12.0,21880988580.45,4424828182.599999,12.0
4606027,2021,year,152024224.18,35429104.22,99257782.47,37521054.91,12.0,,,
4606027,2022,year,122453055.6,27299092.47,92429857.91,50552513.27,12.0,,,
4606027,2023,year,188828264.77,26905949.5,133904903.73,62627172.99,12.0,155825328.59,42900492.96,12.0
4606027,2024,year,327036481.47,35477029.54,180800159.77,94463890.42,12.0,239380991.04,104776330.66,12.0
4606027,2025,year,255014646.83,36973725.81,202652210.86,89387369.82000002,12.0,301340941.13,127568463.98,12.0
4606029,2021,year,203828070.38,100932366.02,86277408.35000001,39904193.28,12.0,,,
4606029,2022,year,185273546.25,85206461.1,88767552.19,46839618.59,12.0,,,
4606029,2023,year,255068357.64,110696615.59,113102388.44,56858283.98,12.0,251860471.33,84365456.16,12.0
4606029,2024,year,263097532.54,93792662.36,154888772.4,76908801.28,12.0,259349465.36,59257888.99,12.0
4606029,2025,year,313718794.29,89153170.57,194068475.58,100460612.55,12.0,319990626.76,94306806.58,12.0
4606031,2021,year,98589272.58,33010296.17,50726555.84,37214651.06,12.0,,,
4606031,2022,year,100830182.48,20114467.040000003,58407431.31999999,42044888.22,12.0,,,
4606031,2023,year,114203835.67000002,19897331.09,65923678.11000001,44767070.68,12.0,163846214.45,55336420.71,12.0
4606031,2024,year,144070336.91999996,25286885.53,102546959.4,72287411.84000002,12.0,136327838.91,25252314.95,12.0
4606031,2025,year,187766216.29,30636269.42,143963920.32,109345312.62,12.0,191056456.63,34449810.70999999,12.0
4606033,2021,year,228173479.59,104450640.86,120630155.47,84384640.03,12.0,,,
4606033,2022,year,220148612.97,79593281.8,135823048.21000004,96590674.05999999,12.0,,,
4606033,2023,year,220418191.87000003,90091217.79,116747700.4,69389303.89999999,12.0,232711372.05,13930906.579999998,12.0
4606033,2024,year,257790069.4,105003579.52,144817243.09999996,83747873.07,12.0,257699637.57,11260670.21,12.0
4606033,2025,year,337389663.93,110883227.78,173580587.54,101746036.67,12.0,311466815.0300001,30676606.79,12.0
4606035,2021,year,136057866.6,59558952.37,73309308.84,17561955.310000002,12.0,,,
4606035,2022,year,133620157.63000004,49076374.21,82370202.08000001,22152870.87,12.0,,,
4606035,2023,year,185147448.22,71026306.7,101358963.41999999,24957149.75,12.0,191602987.25,86103731.06,12.0
4606035,2024,year,196153423.79,54179371.42,123277505.14999998,44536467.82,12.0,189967783.75,74202444.22,12.0
4606035,2025,year,316807285.98,63824407.88999999,187436451.35,77931880.61,12.0,320866642.36,168301451.28,12.0
4606037,2021,year,216894807.24,75030308.37,131921551.83999997,81052485.13,12.0,,,
4606037,2022,year,227132271.54999998,51847823.84,156172753.99,93385212.81,12.0,,,
4606037,2023,year,303178271.48,84027655.96000001,202779875.6,116023377.33999999,12.0,338836320.36999995,104507221.98,12.0
4606037,2024,year,284953070.45000005,66810893.75,211607292.01,116934962.8,12.0,291817878.47,40776048.28,12.0
4606037,2025,year,377858462.78,71756364.19,270886035.75,145364017.37,12.0,361536624.11,61118537.79,12.0
4606039,2021,year,231804747.88000003,129632221.15,98028334.17999999,47478200.72,12.0,,,
4606039,2022,year,231588008.76,119739845.56999998,105306595.77,54774911.86,12.0,,,
4606039,2023,year,276395210.59,131418780.42,132361046.19,61674167.44999999,12.0,282367316.58000004,17538743.29,12.0
4606039,2024,year,329378975.66,135953217.32000002,176099039.76999998,77473064.07999998,12.0,344986188.44,32860002.07,12.0
4606039,2025,year,369521918.07000005,136747117.95,215457991.22,93742593.72,12.0,379153939.31,25034651.45,12.0
4606041,2021,year,165293344.04000002,18771427.43,144221700.15000004,60858594.21,12.0,,,
4606041,2022,year,167964799.35999998,15681970.58,146420151.17999995,77261644.21,12.0,,,
4606041,2023,year,226164861.69,17203380.36,201856282.93,95429431.08000001,12.0,197448504.11,70796907.14,12.0
4606041,2024,year,286061442.73999995,20156815.22,259280861.73,129437111.04999998,12.0,312725733.36,173596191.34,12.0
4606041,2025,year,381270130.04,21582344.87,337603629.67,159534394.2,12.0,409748878.37,148947342.39,12.0
4606043,2021,year,192723133.6,56441546.11,125374053.55000001,45092248.04000001,12.0,,,
4606043,2022,year,156602152.6599999,40528693.57,112380675.48000002,49711952.84000003,12.0,,,
4606043,2023,year,295000382.96000004,71329344.87,158319820.01,61166024.76000005,12.0,594726708.2699999,269446522.19,12.0
4606043,2024,year,292273254.91,70196261.68,219264113.43,84717175.65,12.0,382823265.82000005,174068537.96,12.0
4606043,2025,year,387733431.06,91293052.08,279351487.21,113812833.24,12.0,461399775.85,232357129.8,12.0
4606045,2021,year,94395443.14,51463939.05,39390899.60999999,20168036.28,12.0,,,
4606045,2022,year,95587471.18,48846539.77,44925541.45999999,22568319.46,12.0,,,
4606045,2023,year,122897702.64,53235546.7,55495787.32000001,28156015.89,12.0,115331821.3,14939069.94,12.0
4606045,2024,year,122900381.18,47870651.1,70862549.89,35823519.47,12.0,120885926.37999998,9751921.35,12.0
4606045,2025,year,165448942.14999998,55323301.84,102466270.91,52134006.55,12.0,154491148.17000002,24181118.02,12.0
4608001,2021,year,153075533.48,112031668.77,31884831.44,17010025.270000003,12.0,,,
4608001,2022,year,147848798.81,97819539.87,36846005.620000005,20866994.740000002,12.0,,,
4608001,2023,year,160118169.06,102942957.0,44765660.019999996,23821463.229999993,12.0,186898933.24,39403650.05,12.0
4608001,2024,year,171865780.89,113444285.15,53488767.74000001,27639072.07,12.0,171604149.64000002,13951124.43,12.0
4608001,2025,year,183864673.22000003,120156174.61,61379691.13,30917788.68,12.0,186069947.46,12574116.82,12.0
4608003,2021,year,209245602.27,165660299.43,37089561.489999995,26813044.400000002,12.0,,,
4608003,2022,year,201796101.72,150775073.32,49941785.67,36835066.03,12.0,,,
4608003,2023,year,219365606.17000002,147711901.49,68718452.36,50299531.449999996,12.0,222784956.51,32216756.31,12.0
4608003,2024,year,235069867.95,143893919.27,76748252.74000001,57371246.78999999,12.0,240509931.73,32728465.91,12.0
4608003,2025,year,265003580.45,153153015.57,107217597.52,77741904.9,12.0,273925328.58,33482273.7,12.0
4608005,2021,year,158408708.31,104714239.83,39156622.83,22578499.470000003,12.0,,,
4608005,2022,year,132916218.63000001,86157455.26,42428042.16,24334911.509999998,12.0,,,
4608005,2023,year,156338961.25,100788151.93,48333562.32999999,26276040.67,12.0,155479393.01,18932229.99,12.0
4608005,2024,year,162734674.20999998,94357513.94,58406013.68,31526338.99,12.0,163030291.20000002,16692047.84,12.0
4608005,2025,year,176603653.00000003,103820400.29,68760291.67999999,34376462.43000001,12.0,179028212.82,20993111.0,12.0
4608007,2021,year,116825018.31999996,52542104.19,62065611.93,29578162.479999997,12.0,,,
4608007,2022,year,87935135.14,39065311.72,46503556.92,19905136.61,12.0,,,
4608007,2023,year,93033228.99000004,31627431.950000003,55531241.17,21790610.959999993,12.0,182641717.08,18296275.3,12.0
4608007,2024,year,151877630.1,72754922.28999999,69084250.25000001,25550554.34,12.0,158930659.82,15854326.72,12.0
4608007,2025,year,155327361.75,63716040.61,87917224.77,32288749.280000005,12.0,155225023.12000003,7621441.959999999,12.0
4608009,2021,year,117943593.34,80154645.09,30512887.680000003,15400503.24,12.0,,,
4608009,2022,year,110546869.3,70928134.75,37253550.41,21609705.56,12.0,,,
4608009,2023,year,126513547.99,79564234.13,43390935.71,24039764.66,12.0,128729742.62,23272070.65,12.0
4608009,2024,year,137403082.85000002,78725462.34,54047130.72,28760452.3,12.0,142572768.09,20296516.33,12.0
4608009,2025,year,158655986.54000002,89141346.32,63832995.44999999,33566286.02,12.0,156856744.29999998,25329522.450000003,12.0
4608011,2021,year,195379462.95,129249834.55,62401745.150000006,34765444.84,12.0,,,
4608011,2022,year,194814273.49,116635232.91,71999103.49999999,40888577.87,12.0,,,
4608011,2023,year,230998989.93,136096898.51999998,82562884.92,46226501.54,12.0,232632063.15,23246403.46,12.0
4608011,2024,year,249073470.59,135739495.31,102370708.71999998,53993572.56,12.0,248377452.29,15108484.62,12.0
4608011,2025,year,287920812.37,138592942.49,131035207.99,64902628.48,12.0,287197209.92,24455002.23,12.0
4608013,2021,year,344275685.96000004,121123230.25,213180155.24000004,122581103.16999999,12.0,,,
4608013,2022,year,314044244.5,84422889.00999999,212601580.55000007,138977132.84999996,12.0,,,
4608013,2023,year,371671651.95000005,91022548.46,246981415.35,152718930.40999994,12.0,575908271.9300001,90936113.82,12.0
4608013,2024,year,456980979.13,135473484.32,299080992.59,178328842.64,12.0,509142645.2099999,45441230.6,12.0
4608013,2025,year,536345456.36,153780322.60999998,361255404.7000001,211836693.51,12.0,528177282.72,48073260.34,12.0
4608015,2021,year,218316607.48999998,123738990.8,89665715.41,57342913.09,12.0,,,
4608015,2022,year,183767083.36,94179775.63,86025945.14999999,49668285.85,12.0,,,
4608015,2023,year,215084696.78,114560132.99,94856821.96,53920227.58999999,12.0,247222015.72,37965206.940000005,12.0
4608015,2024,year,240615281.46000004,117633528.72,115968163.03000002,64942139.28,12.0,244416464.91000003,21318201.72,12.0
4608015,2025,year,241537500.83000004,114003504.43,123765550.31,71079162.75999999,12.0,244865063.08,9265068.41,12.0
4608017,2021,year,106397254.75,86667470.49000001,18740135.47,10015128.780000001,12.0,,,
4608017,2022,year,104119889.31,80505744.22,21344451.11,11440544.88,12.0,,,
4608017,2023,year,131181422.4,100947895.23,25432178.44000001,11623555.239999998,12.0,129914133.87,18201074.31,12.0
4608017,2024,year,127427703.79,95274188.96,29100316.31,13938256.930000002,12.0,126239075.97,4968123.16,12.0
4608017,2025,year,143329348.18000004,107139250.18,32515840.020000003,16283799.39,12.0,145327164.04,10724902.55,12.0
4608019,2021,year,227875404.41000006,127388813.28,95798110.67,75425992.53,12.0,,,
4608019,2022,year,193847280.73000002,122895712.47,66341823.35000001,45380495.99000001,12.0,,,
4608019,2023,year,262425391.31000003,174942100.58,77520514.17,48664877.650000006,12.0,283951822.26000005,36875730.510000005,12.0
4608019,2024,year,265661161.99,163507413.04,94500433.93,53210672.4,12.0,270183759.95000005,16525741.44,12.0
4608019,2025,year,271865148.7,160100987.04,103618164.81,58762886.01,12.0,274841000.6,10057976.13,12.0
4608021,2021,year,115831169.05000001,86185293.83000001,28018343.570000008,13080405.700000001,12.0,,,
4608021,2022,year,112755851.53999998,81505060.87,30316721.519999996,15363606.17,12.0,,,
4608021,2023,year,134045659.24000002,93395549.54,38189014.68000001,16924215.990000002,12.0,141102810.81,10256014.38,12.0
4608021,2024,year,154117454.93,105928716.8,46200387.900000006,20245498.91,12.0,150357435.61,9605481.41,12.0
4608021,2025,year,170119653.49999997,108295828.37,60086946.32,28555517.12,12.0,170859640.03,8059446.58,12.0
4610001,2021,year,81465235.16999999,48905680.39,30721803.0,16529559.05,12.0,,,
4610001,2022,year,60491839.2,25516548.51,34310812.66,19899208.1,12.0,,,
4610001,2023,year,76727829.66000001,30384062.4,44327046.24000001,25404398.64,12.0,74888903.27,9772787.39,12.0
4610001,2024,year,84768465.18,25291624.43,58383857.17,35327824.68,12.0,85149299.12000002,8629548.81,12.0
4610001,2025,year,99338029.43,23109070.38,74187523.68,44354658.58,12.0,97443417.31,7421716.38,12.0
4610003,2021,year,116218451.14,57905568.91,55785280.85000001,22143888.78,12.0,,,
4610003,2022,year,107307650.19,51275240.0,55006205.89999999,23150099.319999997,12.0,,,
4610003,2023,year,139001590.17000002,62665452.82,65372982.94999999,26147407.689999998,12.0,159453088.89,44359971.010000005,12.0
4610003,2024,year,145690622.04999998,59563062.28,82380875.92999999,31851819.19,12.0,143696325.51999998,13210334.8,12.0
4610003,2025,year,175354451.68,62578301.71,105939868.65000002,42082489.86,12.0,173277064.89,18636693.62,12.0
4610005,2021,year,171653728.36,63056331.31,103535393.91000001,60165080.66,12.0,,,
4610005,2022,year,167139559.32999998,52034898.25,110115847.9,65496510.059999995,12.0,,,
4610005,2023,year,195769595.67999998,61818095.68000001,127636646.88000001,71281051.63,12.0,196570219.05,32164635.23,12.0
4610005,2024,year,220904053.7,59994447.89,154968309.72,85953479.31000002,12.0,208674679.95,20753926.73,12.0
4610005,2025,year,269301144.34,71811654.99,190206355.31,109123679.29,12.0,269105640.5,40675115.370000005,12.0
4610007,2021,year,85226793.09999998,60352057.71,23210736.52,11378086.58,12.0,,,
4610007,2022,year,82428257.18,55248439.86000001,25573727.040000003,12307074.73,12.0,,,
4610007,2023,year,100054871.75,68269876.18,29730226.57,15232813.299999999,12.0,101521631.25,19122034.21,12.0
4610007,2024,year,105750239.24,64530975.44,38612830.00999999,18176747.12,12.0,100233900.14000002,8170472.52,12.0
4610007,2025,year,121148829.11,68499874.31,50608699.83,22560748.82,12.0,117997764.57,11037799.5,12.0
4610009,2021,year,115456632.91000003,82419368.36,31860064.42,15305063.740000002,12.0,,,
4610009,2022,year,123640093.98,82218971.81,36387047.74,18297623.06,12.0,,,
4610009,2023,year,139184108.14,85560113.92,43772524.71,20875301.240000002,12.0,134663775.52,10889476.52,12.0
4610009,2024,year,139513814.0,85907549.02000001,51069374.31,24247891.59,12.0,144991292.99999997,6599232.48,12.0
4610009,2025,year,155898384.74999997,91135157.65,61887438.32999998,30650139.540000003,12.0,156625151.35,3845523.72,12.0
4610011,2021,year,318552418.13,156591392.76,154558668.62,75148447.5,12.0,,,
4610011,2022,year,327308546.04,138485866.9,184965025.97,96317835.53999999,12.0,,,
4610011,2023,year,380995203.07,154679140.76000002,211049017.89000002,108456341.42999998,12.0,394549683.02,63920392.53,12.0
4610011,2024,year,425955139.3900001,139368326.7,266311394.96000007,145218824.20999998,12.0,428867870.59,51302297.54000001,12.0
4610011,2025,year,502105881.7600001,147886521.66,330353162.28000003,183541881.03,12.0,494181308.1399999,75563580.08,12.0
4610013,2021,year,156764817.43,70136048.23,76301313.13999999,41341794.169999994,12.0,,,
4610013,2022,year,139946533.70000002,45813305.010000005,89824886.24,52700955.300000004,12.0,,,
4610013,2023,year,182357391.74,67388972.12,107890570.06000003,67977023.23,12.0,213632306.79,59095150.3,12.0
4610013,2024,year,201695972.73999995,55781827.68,136671230.63,88070430.55,12.0,203995512.88,35195185.160000004,12.0
4610013,2025,year,291590548.73,54463525.57,224391157.3,170976537.79999998,12.0,281384202.72,68917216.18,12.0
4610015,2021,year,346570283.1500001,214797579.97,126705334.09,86142027.57000001,12.0,,,
4610015,2022,year,249074663.12,101405457.76,142306267.15,98764621.91000001,12.0,,,
4610015,2023,year,300694727.11,128355508.99,161609257.65000004,108800312.21,12.0,303956764.20000005,49035475.28,12.0
4610015,2024,year,330685764.37,124752018.34,192670338.78,128428434.59,12.0,335743888.67999995,46933605.66,12.0
4610015,2025,year,429046903.49,148150378.16,235387355.21,155246526.16,12.0,422963909.55,86631270.59,12.0
4610017,2021,year,108132681.85,54238510.38,52166479.35,26012446.32,12.0,,,
4610017,2022,year,106283622.82000001,49917564.7,55064227.530000016,28791637.41,12.0,,,
4610017,2023,year,130048852.47,53146957.620000005,73598641.38,37056870.870000005,12.0,135856576.1,35884673.940000005,12.0
4610017,2024,year,175091906.17999998,48198684.5,103297371.73,55338643.41,12.0,150809282.58999997,30291067.95,12.0
4610017,2025,year,191535328.56,57536440.07,123623020.0,73417909.89999999,12.0,196224607.15,53728106.89,12.0
4610019,2021,year,224138376.74,122110180.59,100205881.48,49344232.160000004,12.0,,,
4610019,2022,year,230890104.10000002,112638343.72,114335922.9,54189766.78,12.0,,,
4610019,2023,year,286344230.51,112208528.19,170169983.53000003,93483277.08999999,12.0,348304553.29,65179752.31,12.0
4610019,2024,year,376316607.14,102963550.21,256169049.95,150019620.42,12.0,350353249.17,61954595.02,12.0
4610019,2025,year,467903034.94,109841217.85,289435840.56,157153783.87,12.0,447603791.89,77611860.35,12.0
4610021,2021,year,339999272.79,82457617.34,255305046.93,231457578.41,12.0,,,
4610021,2022,year,377933913.4199999,72186100.0,302908606.53999996,269328399.52000004,12.0,,,
4610021,2023,year,459830178.7900001,83642622.5,367049672.3300001,327885636.37,12.0,584695261.9799999,213036034.03,12.0
4610021,2024,year,577734291.3600001,89945039.08,475796759.75000006,385294173.58,12.0,581504859.56,184878521.33,12.0
4610021,2025,year,683760973.3699999,101385408.31,577564230.15,512116792.48,12.0,661769554.31,168238404.22,12.0
4610023,2021,year,996895695.42,283600402.28000003,684628062.6600001,438753748.74,12.0,,,
4610023,2022,year,1042041333.7099998,243311845.59,777182064.93,508100580.2599999,12.0,,,
4610023,2023,year,1187605736.02,262350816.5,879982406.9300001,563700427.98,12.0,1350171510.2800002,231448180.53,12.0
4610023,2024,year,1543334181.9199998,317007947.49,1111886570.18,643208280.29,12.0,1535758107.87,265038732.21000004,12.0
4610023,2025,year,1767089170.49,375424791.37000006,1279329936.08,752328392.65,12.0,1811079694.01,278009706.40000004,12.0
4610025,2021,year,83182659.17999999,37584798.63,42386893.849999994,15078698.98,12.0,,,
4610025,2022,year,75955666.30000001,32420268.06,41814593.68,14681451.880000003,12.0,,,
4610025,2023,year,96773538.48,29021858.7,58416102.53999999,21079535.38,12.0,122785309.01,23762247.56,12.0
4610025,2024,year,117588467.57,36708722.74,75673081.51,28082029.219999995,12.0,114318195.46,10571417.45,12.0
4610025,2025,year,152901907.38000005,41336560.92,96055094.42,39296334.34,12.0,143480340.54999998,20537938.62,12.0
4610027,2021,year,215457479.19,123110365.78,90019718.77,45652552.45,12.0,,,
4610027,2022,year,198502092.86999997,101186020.54,95635882.71000001,54187241.07000001,12.0,,,
4610027,2023,year,219778466.23,112227495.65,102965543.24,63528744.510000005,12.0,224419395.01,31411237.68,12.0
4610027,2024,year,245441233.74,109987943.77,131378321.29,75550391.27999999,12.0,237287401.01,32095882.6,12.0
4610027,2025,year,292431478.27,125372331.7,160007358.96,89759431.44999999,12.0,287510843.52000004,48204094.21,12.0
4612001,2021,year,117916711.52000001,57642147.35999999,58361459.99,44363053.81,12.0,,,
4612001,2022,year,110184960.06,42356167.56,65868285.339999996,48014616.96,12.0,,,
4612001,2023,year,148444923.23,62927740.33,81326256.33000003,57032530.720000006,12.0,147883004.94,26684712.51,12.0
4612001,2024,year,149317205.15,47242180.4,99929819.07,64723654.22,12.0,140672794.65,11202841.04,12.0
4612001,2025,year,191159593.62,55664266.470000006,123083725.39,77851437.88000001,12.0,180989892.91,17319024.150000002,12.0
4612003,2021,year,120366462.56,66828236.57,50421826.68999999,35352533.17,12.0,,,
4612003,2022,year,124822713.73000002,63386209.7,56475707.16,39513892.400000006,12.0,,,
4612003,2023,year,133425707.24000005,58194586.4,69087178.83999999,44863817.94999997,12.0,317109885.43999994,123595939.4,12.0
4612003,2024,year,167057297.87,76385469.06,85163643.81,53396751.71999999,12.0,217205651.07,42246988.1,12.0
4612003,2025,year,201798189.07,85493885.85000001,105484804.55,64367966.06,12.0,211454835.27,17514260.0,12.0
4612005,2021,year,127805823.23,50959066.35,54691505.24,39685798.87,12.0,,,
4612005,2022,year,123457203.21000001,30221276.04,67579439.14,43757756.16999999,12.0,,,
4612005,2023,year,138773039.46999994,31407546.52,81204972.07,45434679.83,12.0,173656894.38,42100577.84,12.0
4612005,2024,year,154847140.24,44760679.32,93762035.09,55535663.08,12.0,146845493.96,20393025.5,12.0
4612005,2025,year,234947420.84,40180300.36,121426755.04000002,76282762.36999999,12.0,221339457.04,61616612.88,12.0
4612007,2021,year,104639027.08000001,61851406.89,38278406.48,21806165.5,12.0,,,
4612007,2022,year,94536793.28,54077623.61,38991418.739999995,21798007.07,12.0,,,
4612007,2023,year,120144667.67,67378487.0,49126666.730000004,26112300.830000002,12.0,116758247.22,12823472.72,12.0
4612007,2024,year,116732640.72,55696249.11,58926447.14,30788848.59,12.0,116060530.06000002,6420063.89,12.0
4612007,2025,year,143300859.06000003,64028946.68,71437849.67,35230590.480000004,12.0,142957334.32999998,12049610.92,12.0
4612009,2021,year,352291389.89,147674340.07,194869358.64000002,127134687.62,12.0,,,
4612009,2022,year,329674969.74,117662455.46,205402892.11,135136786.38,12.0,,,
4612009,2023,year,415754143.82,127167849.1,270236275.7,182435709.94000006,12.0,408828587.59,29844507.69,12.0
4612009,2024,year,483762776.31999993,136477888.43,333639953.72,221487669.26,12.0,484423781.09,42402084.92,12.0
4612009,2025,year,588532024.73,151318752.65,414010146.86,280299178.38,12.0,594470926.9800001,68766135.74,12.0
4612011,2021,year,430507529.69,185671993.0,229231711.26000005,161576966.44000003,12.0,,,
4612011,2022,year,427735032.59999996,155008061.51,253968522.92999995,177350448.44,12.0,,,
4612011,2023,year,466491866.72,163049625.55,281379461.96000004,189558233.72,12.0,508472513.42,29920550.200000003,12.0
4612011,2024,year,548108568.9999999,159247146.15,367988308.91,239347153.06,12.0,539473379.96,36113495.86,12.0
4612011,2025,year,652255018.9100001,171396169.98999998,438621388.68,285523744.1000001,12.0,662500913.93,55395429.9,12.0
4612013,2021,year,787127410.2199998,234755106.61,494054054.1,331753940.8899999,12.0,,,
4612013,2022,year,736787689.9,178191121.81,532543121.0500001,357746075.2299999,12.0,,,
4612013,2023,year,802251649.4800001,183407055.9,577706828.75,355032320.11,12.0,1055981147.29,171494013.96,12.0
4612013,2024,year,990423032.37,242274692.74,699685587.6,420584121.5,12.0,921639013.84,61273683.370000005,12.0
4612013,2025,year,1158068775.99,264792996.69,834362490.55,498419591.37,12.0,1164856864.13,149539824.18,12.0
4614001,2021,year,216049023.76999998,69680045.37,142838951.22,99648601.05999999,12.0,,,
4614001,2022,year,226024269.07999998,63196356.66,159405803.3,115469822.83999997,12.0,,,
4614001,2023,year,259093938.7,80925031.02,173285570.40999997,115315022.45000005,12.0,601642039.79,242428445.63,12.0
4614001,2024,year,301858593.51,81328479.72999999,215545987.1,138281513.84,12.0,298123579.69,56035572.3,12.0
4614001,2025,year,342177842.36,90598161.88,242826389.59,153012165.34,12.0,353559247.81000006,60858415.59,12.0
4614003,2021,year,299076465.04,176919293.26,94185104.75,51835127.84,12.0,,,
4614003,2022,year,283402607.8,159926815.67,109490190.02000001,64187616.279999994,12.0,,,
4614003,2023,year,319966750.31,167639920.59,131862580.46000001,69038311.69,12.0,362522959.39,39436848.27,12.0
4614003,2024,year,377641149.71,184727810.03,165128856.41,82581208.45,12.0,383053398.01,38290805.39,12.0
4614003,2025,year,485797697.06000006,232129099.93,200674942.76,97014032.81,12.0,487902305.66,72804451.89,12.0
4614005,2021,year,492460408.86,265132410.73,210086807.29999998,128254893.38999999,12.0,,,
4614005,2022,year,428119410.10000014,153579117.52,239822081.89,158022077.02999997,12.0,,,
4614005,2023,year,542429700.5800002,206156013.28,312800877.4499999,188108426.46000004,12.0,1541482914.86,358462143.84000003,12.0
4614005,2024,year,628002762.1799998,200604338.75,396782640.6500001,221650110.12,12.0,630726291.33,55159699.82999999,12.0
4614005,2025,year,688227931.54,204498680.43,448075573.8999999,264718024.46,12.0,726751291.0299999,71346718.47999999,12.0
4614007,2021,year,132915436.79,86334980.47,38645830.35,17045609.21,12.0,,,
4614007,2022,year,116202255.13,57911514.06,43138953.09,21126947.79,12.0,,,
4614007,2023,year,140379514.69999996,74744280.52,48106558.02,24497711.4,12.0,146653398.32000002,34785754.49,12.0
4614007,2024,year,133793727.94,65606030.02,63710886.81,29681868.220000006,12.0,124672011.09000002,7910296.909999999,12.0
4614007,2025,year,156504264.96999997,76563977.18,74273492.66000001,36095517.22,12.0,159508935.52,29854593.22,12.0
4614009,2021,year,121381542.91999999,46084817.13,67130957.82,28254551.08,12.0,,,
4614009,2022,year,105646876.38,38070069.43,65686309.70000001,32115974.65,12.0,,,
4614009,2023,year,184783163.7,41554947.96,91711062.31,42236016.739999995,12.0,156608834.61,29187019.52,12.0
4614009,2024,year,161945993.12,44857772.11,115280221.74,54874689.3,12.0,171390408.22999996,32822602.72,12.0
4614009,2025,year,198370718.53,46082591.43,149570788.77,66948858.33,12.0,214067592.87,45229918.5,12.0
4614011,2021,year,386792433.07,178080645.43,201315051.23000002,112268750.99,12.0,,,
4614011,2022,year,402782051.84000015,177173651.51,217198370.4500003,130624153.02999997,12.0,,,
4614011,2023,year,551770780.37,256428399.26,284296960.34000003,155016268.53999984,12.0,1907974780.82,710579002.2299999,12.0
4614011,2024,year,600345240.35,237347493.73,348944578.85,185983673.59,12.0,731083226.6800001,97622257.09,12.0
4614011,2025,year,702216011.31,253622889.12,435068496.1,222208789.96,12.0,713807749.9200001,37923546.34,12.0
4802001,2021,year,227491893.85000002,106658181.55,115585353.57,61472411.620000005,12.0,,,
4802001,2022,year,173693648.55,78593413.13,84344568.51000002,52758108.28,12.0,,,
4802001,2023,year,232691498.59999996,69833961.34,112354439.30999999,58264760.09000002,12.0,329101663.63,75060014.34,12.0
4802001,2024,year,357944542.13,103795098.85,174334801.76000002,81250611.77999999,12.0,372486702.57000005,93918660.17,12.0
4802001,2025,year,401175429.26,125541071.92000002,208033099.62,94951450.49,12.0,411638178.11,64998791.620000005,12.0
4802003,2021,year,176762668.97,81442077.1,91100108.83,49333667.86,12.0,,,
4802003,2022,year,131398554.36,71059902.86,59080790.43999998,37120634.21,12.0,,,
4802003,2023,year,193535746.21,99392196.7,73158735.41999999,43189109.980000004,12.0,172027068.31,27456180.12,12.0
4802003,2024,year,250558027.2,106372724.17,126129130.51,69392100.92,12.0,242405442.99,60790477.89,12.0
4802003,2025,year,281269849.9100001,118327255.12,142197692.07,80292819.77000001,12.0,282675093.22,56029770.940000005,12.0
4802005,2021,year,53083133.34,28510012.54,22790543.51,10413435.969999999,12.0,,,
4802005,2022,year,47450838.57,24741509.69,20566791.659999996,9671379.169999998,12.0,,,
4802005,2023,year,77308623.53999999,37754047.94,27305675.970000003,13410874.5,12.0,68813102.24,9653076.05,12.0
4802005,2024,year,81857312.72000001,32801117.34,33651521.74,17754584.26,12.0,89166151.02000001,18808229.05,12.0
4802005,2025,year,86483476.41,37874202.82,40305805.16,20931960.87,12.0,83870013.89,8678527.28,12.0
4802007,2021,year,30385746.419999994,8656803.42,21140966.48,12067200.02,12.0,,,
4802007,2022,year,26027774.250000004,7207149.72,17903046.07,9040777.04,12.0,,,
4802007,2023,year,44146376.92,16630772.98,26730098.82,12378913.67,12.0,30825561.39,1926428.79,12.0
4802007,2024,year,44574919.870000005,13531982.94,28136649.090000004,14350029.5,12.0,46761099.56,5099995.3,12.0
4802007,2025,year,49977437.49999999,16547709.44,31661224.64,13883307.69,12.0,51539581.24000001,4998983.15,12.0
4802009,2021,year,64915395.63,37524674.03,26260515.88,16693864.26,12.0,,,
4802009,2022,year,40172244.620000005,30887511.58,9106745.07,4760731.44,12.0,,,
4802009,2023,year,76997136.02,55260237.81,18899678.040000003,11312940.57,12.0,45442601.16,2364579.61,12.0
4802009,2024,year,74053952.55,46098613.38,25302457.59,14417939.7,12.0,72821812.42,15907272.96,12.0
4802009,2025,year,81742161.76999998,48528705.66,27951624.8,14981595.74,12.0,86392252.57,20803494.58,12.0
4802011,2021,year,84582097.81,41044233.25,42353824.53,19829514.57,12.0,,,
4802011,2022,year,68296989.58,38638083.760000005,29046389.9,15180944.820000002,12.0,,,
4802011,2023,year,99213681.34,58411515.92,37168547.72,18504483.51,12.0,87718588.36,1450840.53,12.0
4802011,2024,year,107698804.59,49532097.66,51195452.37,23904713.8,12.0,98654938.23,8315500.96,12.0
4802011,2025,year,117578633.61,60856602.1,54271281.55,25878466.300000004,12.0,123554812.81999998,14680821.94,12.0
4802013,2021,year,148522325.55,65662553.57,77179348.08999999,37614495.15,12.0,,,
4802013,2022,year,130957454.03000002,55690102.86,69697810.59,37864375.629999995,12.0,,,
4802013,2023,year,180555644.92000002,66958018.97,99263803.44,46846910.89,12.0,153011473.29,11036251.23,12.0
4802013,2024,year,218668512.48,71397170.72999999,119637221.36,62296322.44,12.0,220377260.24000007,31197589.83,12.0
4802013,2025,year,235084803.55,79246809.5,144074554.17999998,72329856.28999999,12.0,246231988.85999995,33242167.16,12.0
4802015,2021,year,155443292.77,79036207.31,72231483.15,39459631.6,12.0,,,
4802015,2022,year,135263247.88,62662865.71,68172867.8,41405438.04,12.0,,,
4802015,2023,year,186010781.68000004,76431920.43,93977383.10000001,44301408.730000004,12.0,168717959.70999998,23670179.17,12.0
4802015,2024,year,211971204.4,80746004.89999999,118815299.5,59304127.68,12.0,214232753.06,45757176.12,12.0
4802015,2025,year,256055488.42,90739013.15,135137341.49,65620124.42999999,12.0,239138212.96,31116278.89,12.0
4802017,2021,year,55658140.25,30672511.65,24594219.32,9289684.59,12.0,,,
4802017,2022,year,49853240.18,25296700.0,21899922.36,8816078.78,12.0,,,
4802017,2023,year,62580741.81,34765816.0,24524601.11,9937586.12,12.0,63459940.95,4735870.54,12.0
4802017,2024,year,67258995.37,29699027.78,34579237.55,15672174.44,12.0,67138105.84,2783004.2,12.0
4802017,2025,year,85463548.59,41159255.52,42442619.28999999,17339572.340000004,12.0,87257411.34,11116544.74,12.0
4802019,2021,year,216286159.56000003,99503503.01,110247160.78,71878954.9,12.0,,,
4802019,2022,year,131343606.15000002,78168651.71000001,52173527.160000004,37179543.69,12.0,,,
4802019,2023,year,257412343.83,141478647.76000002,73533094.13999999,48965519.650000006,12.0,219562753.8,46574624.69000001,12.0
4802019,2024,year,302062337.84,135454779.47,128041523.74,80163923.21,12.0,273250022.42,56206206.68,12.0
4802019,2025,year,366440814.47,150775722.98000002,157610684.35999998,96807808.83,12.0,355415801.26,82765720.03,12.0
4802021,2021,year,58822422.05,31060433.0,25856362.79,13803948.28,12.0,,,
4802021,2022,year,53013965.76,24896745.23,24853288.42,12877985.8,12.0,,,
4802021,2023,year,77155982.99999999,34513880.96,32906945.31,15639821.999999998,12.0,67917595.25999999,13306493.67,12.0
4802021,2024,year,85099930.79,30682522.82,43699775.55,24307753.35,12.0,88553044.45000002,11471567.1,12.0
4802021,2025,year,112061011.61,34574137.64,63332257.14999999,29313944.41,12.0,109025327.53,10396022.86,12.0
4802023,2021,year,43196388.84,22191659.37,20874582.34,13986514.81,12.0,,,
4802023,2022,year,21489880.96,12631990.0,8840722.469999999,5943269.93,12.0,,,
4802023,2023,year,41041238.43,27223053.92,13672127.18,8471534.579999998,12.0,23173018.610000003,1069411.26,12.0
4802023,2024,year,64530488.48,26666655.4,19027967.15,11265029.52,12.0,52819491.18,18788286.37,12.0
4802023,2025,year,78452362.3,28970435.36,21117224.53,11507487.35,12.0,76874288.51,26284204.63,12.0
4804001,2021,year,118091764.81999998,59317487.8,56531579.57000001,29172529.16,12.0,,,
4804001,2022,year,110541178.26,49210731.31,55328689.0,30051752.950000003,12.0,,,
4804001,2023,year,144066552.07999998,60064131.39,79467152.99000001,35630025.809999995,12.0,154804540.85,35592076.68,12.0
4804001,2024,year,167392388.93999997,62105440.59,96741933.76,49693759.07999999,12.0,158952180.3,26483998.67,12.0
4804001,2025,year,183365109.72,70503449.59,103357147.88,51173236.08,12.0,170908382.54,15648695.97,12.0
4804003,2021,year,77755391.57,30390209.07,45401283.0,16825496.21,12.0,,,
4804003,2022,year,66123882.69999999,20221165.49,34024052.36000001,17104547.24000001,12.0,,,
4804003,2023,year,76487775.1,19824273.97,40673680.29999998,14814602.0,12.0,162005632.69000003,55331891.75,12.0
4804003,2024,year,94124911.4,32100134.87,55881498.7,21992836.4,12.0,108017238.97,8610993.45,12.0
4804003,2025,year,110507577.37,33379943.71,70041485.24,24624776.4,12.0,112664876.96,4794857.99,12.0
4804005,2021,year,174467147.29000002,85661420.04,84982683.58999999,42343769.78000001,12.0,,,
4804005,2022,year,156268175.43,74463216.46,76863675.54999998,38053064.800000004,12.0,,,
4804005,2023,year,221491478.25,95841140.1,115063994.64999999,49104409.75,12.0,214690479.00000003,16975823.36,12.0
4804005,2024,year,278500568.94,92635140.41,147546749.51,77800639.08999999,12.0,282065729.84000003,47557599.54,12.0
4804005,2025,year,277790254.67,96821240.45,156415055.67000002,80435590.21999998,12.0,289460598.76,27389294.34,12.0
4804007,2021,year,339230800.55999994,142593569.73,184649462.54,107420551.89999999,12.0,,,
4804007,2022,year,265913749.02000004,104067310.94,157863436.70000005,105737366.5900001,12.0,,,
4804007,2023,year,398705687.07000005,147006192.73,220621862.62000012,131166925.56,12.0,722504648.2300001,231728686.88,12.0
4804007,2024,year,492502456.11,160987209.23000002,278610492.31,159788524.80999997,12.0,522954498.12000006,100217118.0,12.0
4804007,2025,year,528577331.54,158343107.69,321564829.55,177066650.73000002,12.0,554216638.59,69469316.38,12.0
4804009,2021,year,132756469.21,74849738.72,55738766.69,30857224.950000003,12.0,,,
4804009,2022,year,127147711.91999999,64015483.61,55411064.78000001,30465329.050000004,12.0,,,
4804009,2023,year,162483808.77,76387795.56,81293883.79,38349657.1,12.0,153729839.1,12496336.43,12.0
4804009,2024,year,194477986.58,74877593.85,96604361.25,51618435.09,12.0,188368912.19,21782010.14,12.0
4804009,2025,year,232715817.55,87351051.23,109454380.4,50730495.75,12.0,246577806.73,47152108.19,12.0
4804011,2021,year,48379195.91,26107986.39,21899462.26,9731639.18,12.0,,,
4804011,2022,year,39133277.7,21834981.02,16797759.740000002,7562625.640000001,12.0,,,
4804011,2023,year,58408557.28000001,31930754.0,23016245.44,10507223.94,12.0,49911455.650000006,2203175.56,12.0
4804011,2024,year,65158939.54999999,27033732.89,34675042.349999994,15169143.13,12.0,62214323.21,2344154.0,12.0
4804011,2025,year,83986552.03000002,33284554.42,44669269.41,21607537.53,12.0,87298189.6,9045270.08,12.0
4804013,2021,year,156761664.92000002,68184993.97,86779329.32999998,49124694.8,12.0,,,
4804013,2022,year,124618385.56000002,54550178.99,69169640.03999999,37601417.02,12.0,,,
4804013,2023,year,187009189.82,85388863.78,98648196.22,43593895.510000005,12.0,181843581.05,27041479.59,12.0
4804013,2024,year,225814357.37,83549356.24000001,132630952.83,70390549.72,12.0,230972110.0,25696857.13,12.0
4804013,2025,year,255260238.8,81906798.33999999,159279466.19,87249619.74000001,12.0,245950712.49,21136018.790000003,12.0
4804015,2021,year,58499463.77,29642192.7,28583336.76,12320734.25,12.0,,,
4804015,2022,year,50195850.79,22538913.94,27320636.26,12610346.51,12.0,,,
4804015,2023,year,66389217.24,27816818.0,36125864.93,14474787.79,12.0,61970502.26,7362265.09,12.0
4804015,2024,year,74545789.89999999,24741287.34,42022590.94,18305702.07,12.0,80749567.65,17533344.34,12.0
4804015,2025,year,82965558.25,29749887.82,47448036.88000001,19063624.5,12.0,81942655.44,10643315.0,12.0
4804017,2021,year,57998934.66,26742578.96,30491397.53,15580166.82,12.0,,,
4804017,2022,year,54795490.1,21817238.68,31880290.84,17524414.5,12.0,,,
4804017,2023,year,66522170.63,25626987.48,40064100.09,18826670.32,12.0,60580976.42,2205636.58,12.0
4804017,2024,year,77165924.0,24409263.43,50300687.220000006,25782989.5,12.0,73938403.23,8953843.629999999,12.0
4804017,2025,year,85928052.76000002,27439500.64,57503381.63,29139169.24,12.0,87824661.57000002,8991675.71,12.0
4804019,2021,year,95398539.75,44609489.0,38985340.1,22368204.31,12.0,,,
4804019,2022,year,81411683.57,38500379.23,38461224.349999994,23821091.279999997,12.0,,,
4804019,2023,year,101557839.44000001,50796805.52,45961332.93000001,25613448.28000001,12.0,137818204.10000002,40772963.92,12.0
4804019,2024,year,129812876.17,62049376.55,59184691.720000006,33732351.550000004,12.0,132819720.54,33738781.69,12.0
4804019,2025,year,154201131.55,67185293.99000001,74745583.02000001,42371250.2,12.0,150194061.18,34861368.05,12.0
4804021,2021,year,68536318.54,37788099.75,25902255.17,12787044.77,12.0,,,
4804021,2022,year,56860624.68999998,32936590.2,20740946.36,12596339.829999998,12.0,,,
4804021,2023,year,63469676.300000004,28733619.14,29477742.439999998,14476756.26,12.0,81629097.56,12145606.95,12.0
4804021,2024,year,84964322.7,40777824.4,39704748.11,20909267.910000004,12.0,87304750.57,5544426.25,12.0
4804021,2025,year,93173475.8,43422578.42,47755145.68,23344104.2,12.0,91474732.58,2369726.7,12.0
4804023,2021,year,46300385.1,21231651.87,24581234.83,14172950.12,12.0,,,
4804023,2022,year,43866327.39,21001455.94,22045053.700000003,13133845.47,12.0,,,
4804023,2023,year,64772346.34,29832097.96,33769673.419999994,17924279.82,12.0,55821382.23,8892436.8,12.0
4804023,2024,year,106904384.04999998,62749663.0,41208880.64,23116866.61,12.0,115941434.14,50925776.120000005,12.0
4804023,2025,year,128543158.34,76580957.46,51117538.830000006,31104408.94,12.0,132004643.61,60916672.84,12.0
4804025,2021,year,675077085.4399999,90003517.24,575491230.98,483402832.47999996,12.0,,,
4804025,2022,year,747645070.91,82712173.1,649723096.95,530491693.84,12.0,,,
4804025,2023,year,832572882.2099999,81334796.11,735474543.0,585831968.48,12.0,909478373.43,113118951.0,12.0
4804025,2024,year,1061445604.37,197284646.3,834205725.91,691717460.8499999,12.0,1168505879.37,300260312.58,12.0
4804025,2025,year,1210487557.0,120597034.74,1065881184.78,890598097.1700001,12.0,1219025219.37,120294488.65,12.0
4806001,2021,year,174123573.77999997,65125379.73,79518355.20999998,34945430.89,12.0,,,
4806001,2022,year,118482028.82000001,50719077.93,64375684.97,29743688.87,12.0,,,
4806001,2023,year,182680703.32999998,74413522.64,92561912.17,40371706.25,12.0,163605866.46,39424389.08,12.0
4806001,2024,year,190085946.84000003,58557273.02,112275195.63,50603300.8,12.0,183599395.91,37596470.55,12.0
4806001,2025,year,251439111.33,75464999.66,147164628.64,62799526.67,12.0,265985629.06,78507652.0,12.0
4806003,2021,year,98765675.13,39480918.84,57600144.18,30857240.03,12.0,,,
4806003,2022,year,70673557.38000001,31444608.0,38802444.379999995,25320239.12,12.0,,,
4806003,2023,year,121507561.41,59460303.48,53633101.60000001,26285251.96999999,12.0,114756749.79,25750918.14,12.0
4806003,2024,year,132876505.48,50578678.47,77182245.51,36235478.41,12.0,129113541.48,24953951.48,12.0
4806003,2025,year,160658838.11,61314605.28,94016221.67,43950131.04,12.0,159215244.24,14975688.04,12.0
4806005,2021,year,107745613.2,68009355.5,37190280.379999995,18503913.16,12.0,,,
4806005,2022,year,96526526.75,67054138.94,26995273.790000003,15714796.02,12.0,,,
4806005,2023,year,135519743.89999998,91226275.89,37360726.720000006,18326904.380000003,12.0,115203827.29,6622380.65,12.0
4806005,2024,year,175371368.43999997,73349475.82,56874812.94,26288200.6,12.0,184470902.48,49775166.66,12.0
4806005,2025,year,205967778.44,106498656.85,70334384.69999999,34532575.97,12.0,213583657.15,42041794.17,12.0
4806007,2021,year,180345098.79000002,35129409.52,134071050.74999999,110031084.67999999,12.0,,,
4806007,2022,year,155883802.84,29481716.35,119899226.44999999,100462432.14999999,12.0,,,
4806007,2023,year,172014467.0,101759088.06,58329734.49,45246022.79,12.0,130525274.67,17586603.65,12.0
4806007,2024,year,273774019.46,154032629.69,79394186.43999998,50525358.16,12.0,239690010.69,72537262.98,12.0
4806007,2025,year,269638640.3,146870413.95,91544558.99,56167080.75,12.0,304378503.11,77533847.61,12.0
4806009,2021,year,151359294.12999997,37173118.77,96969356.86,31061840.68,12.0,,,
4806009,2022,year,97642094.66999999,31566813.84,61119122.14999999,24378558.719999995,12.0,,,
4806009,2023,year,182407274.60999998,78596502.62,83969627.74,26429116.77,12.0,193530245.58,79438268.19,12.0
4806009,2024,year,298441680.5,143176713.22,93529310.9,31028482.140000004,12.0,228968350.46,106585572.96,12.0
4806009,2025,year,189310844.08,53932422.63,112329752.46,41024949.44,12.0,267700049.1,115820764.7,12.0
4806011,2021,year,94380751.54,42402111.59,50217528.6,23266082.78,12.0,,,
4806011,2022,year,83485485.24000001,39987293.16,40950691.29000001,19476330.430000007,12.0,,,
4806011,2023,year,108433410.72,48405978.09,55193322.95999999,24634743.970000006,12.0,98126256.77,5073189.43,12.0
4806011,2024,year,134664690.48,49877262.01,74291160.49000001,33064591.51,12.0,113771719.32,8427429.25,12.0
4806011,2025,year,165086658.76000002,65683424.580000006,88677026.86999999,38296734.31,12.0,161170882.39000002,27872453.9,12.0
4806013,2021,year,68858357.72,34382449.47,32572293.73,19053558.57,12.0,,,
4806013,2022,year,59233392.63,32095906.14,25763116.82,17187619.61,12.0,,,
4806013,2023,year,75127421.99000001,45169131.79,25288394.220000003,16820964.060000002,12.0,75199231.68,14084698.12,12.0
4806013,2024,year,88787926.8,41693663.53,35341355.87,24275931.03,12.0,88611801.58999999,19994357.36,12.0
4806013,2025,year,93278546.14,51294621.95,36140003.13,23766036.9,12.0,95090933.2,11136612.62,12.0
4806015,2021,year,4759662723.780001,1375855890.9099998,3289958011.65,2077240523.0899997,12.0,,,
4806015,2022,year,3509740333.6000004,808817994.25,2574166097.290001,1699092114.4900007,12.0,,,
4806015,2023,year,4258276410.380002,1072422887.95,3011227297.300001,1807997829.9800003,12.0,6681295642.569999,2096939829.49,12.0
4806015,2024,year,5986220566.92,1826572580.02,3924046034.7200003,2323783746.4100003,12.0,6449515766.4,1749711420.12,12.0
4806015,2025,year,6967514536.790001,1644621550.11,4670389399.9800005,2820924274.7000003,12.0,7313182996.940001,1721333253.59,12.0
4806017,2021,year,95384000.76,40206124.3,54278001.17,31943802.130000003,12.0,,,
4806017,2022,year,75946901.24,27168042.03,47988103.69,35198658.92,12.0,,,
4806017,2023,year,96784799.42999999,35448777.95,59213956.44,40037334.57,12.0,100269052.23,14041020.91,12.0
4806017,2024,year,129264262.86,37201322.69,81957117.61,45299535.46,12.0,129625738.52,18800250.09,12.0
4806017,2025,year,163621348.89999998,53601544.91,106627336.75,56154824.0,12.0,167713517.71,28967231.17,12.0
4806019,2021,year,43623238.25,23744216.65,19654759.07,7887579.65,12.0,,,
4806019,2022,year,36163163.34,21010994.99,15052379.399999999,7155146.37,12.0,,,
4806019,2023,year,65970415.760000005,33178789.5,32650545.020000003,9201042.230000002,12.0,71479315.42,11302331.44,12.0
4806019,2024,year,94743320.65,59789374.4,34049684.43,11222095.4,12.0,89832322.89999999,4973692.49,12.0
4806019,2025,year,86245647.97,39283291.14,42897856.7,14281354.22,12.0,69767240.36,7810999.859999999,12.0
4806021,2021,year,175943130.93999997,76031831.39,87986156.23,51558365.05,12.0,,,
4806021,2022,year,134151444.39999996,56478986.45,73414953.88,45168491.5,12.0,,,
4806021,2023,year,197736945.21,82889847.03999999,102613072.03,53995087.250000015,12.0,196239839.63000005,19076926.85,12.0
4806021,2024,year,239342134.54999995,76083546.87,130226308.78,66630769.91,12.0,245156387.21,49959593.74,12.0
4806021,2025,year,256313882.41,89901763.29,144073375.07000002,72591300.62,12.0,255120881.03,23892010.22,12.0
4806023,2021,year,74732262.41999999,28907143.01,44126710.13999999,25687429.94,12.0,,,
4806023,2022,year,67219318.92999999,29471115.48,36432270.12,20481750.23,12.0,,,
4806023,2023,year,109963475.78,53114841.77,43154861.39,21321018.91,12.0,102834255.21999998,22823827.74,12.0
4806023,2024,year,109292609.61,48588564.9,55290611.73,29660404.03,12.0,97328046.28,4135691.02,12.0
4806023,2025,year,113638396.24,46457714.39,60754161.87999999,33495099.81,12.0,122923305.51,11554695.25,12.0
4806025,2021,year,105004599.15999997,44676820.49,56738459.620000005,30081500.319999993,12.0,,,
4806025,2022,year,77778804.88,30082822.17,45069644.72000003,29819330.54000002,12.0,,,
4806025,2023,year,98466669.24000007,49005572.28,45753557.03999996,31471795.630000055,12.0,416925057.58,90040799.02,12.0
4806025,2024,year,256171413.22,115728413.5,58777570.91,36623437.70999999,12.0,327852178.65000004,66192995.88,12.0
4806025,2025,year,232663390.01999995,143593636.59,56484898.60999999,36818734.84,12.0,233971013.34,45374127.29000001,12.0
4806027,2021,latest,88557670.69999997,49170114.88,38834578.000000015,18137371.16,12.0,,,
4806027,2022,year,56722466.11000001,38891758.5,17473675.790000003,8567032.99,12.0,,,
4806027,2023,year,81302381.82000001,58512428.18,20995482.79,12459691.53,12.0,71562475.83,1613082.88,12.0
4806027,2024,year,149952168.85999998,67024887.13,36610319.48,17938142.14,12.0,138895237.54,41750752.88,12.0
4806027,2025,year,186279494.52,72778749.11,44130115.25,22226895.41,12.0,194970771.51,66231777.67999999,12.0
4806029,2021,year,41236810.0,18895955.2,21343089.73,13195404.92,12.0,,,
4806029,2022,year,41880521.769999996,18205872.64,21244789.589999996,14666213.01,12.0,,,
4806029,2023,year,62061829.42,24346456.84,27515030.030000005,16390508.690000001,12.0,62530739.55000001,10670193.88,12.0
4806029,2024,year,89248498.72,40401601.65,33505880.55,20620226.290000003,12.0,88171742.7,15183919.6,12.0
4806029,2025,year,88061793.75999999,31903995.930000003,37159115.35,24093586.02,12.0,93920904.23,23042953.14,12.0
4806031,2021,year,95603204.26,40322535.38,54805076.750000015,23816980.24,12.0,,,
4806031,2022,year,72530222.53,35039900.61,37374600.519999996,22411149.84,12.0,,,
4806031,2023,year,98369240.03999999,36662927.44,58273463.970000006,30168647.79,12.0,121409713.49,17126890.28,12.0
4806031,2024,year,142364563.29000002,51782319.74,75555773.64999999,41765523.38,12.0,125793094.06999998,32368081.64,12.0
4806031,2025,year,166833772.57,75509644.59,79796202.81,41540710.97,12.0,158103234.85999998,45968173.85,12.0
4806033,2021,year,44143821.33,22742776.02,19323943.19,7736339.550000001,12.0,,,
4806033,2022,year,38437903.29,20892110.0,17023324.13,6651114.21,12.0,,,
4806033,2023,year,60071055.91,27995134.93,29514141.61,9214721.31,12.0,46992905.34,5282000.0,12.0
4806033,2024,year,65440194.26,23575034.4,34998412.120000005,15343617.900000002,12.0,59551279.7,4025279.46,12.0
4806033,2025,year,74209521.95,25925977.57,44334175.97,18714008.54,12.0,73026684.14,5045783.08,12.0
4806035,2021,year,62184303.13000001,28286910.590000004,28359346.290000003,10627301.08,12.0,,,
4806035,2022,year,47535505.02000001,23498102.76,20919066.909999967,9196906.779999971,12.0,,,
4806035,2023,year,92289386.32,49998955.13,28058386.29,10864663.700000003,12.0,135151457.01,42867192.82,12.0
4806035,2024,year,92609603.52,35254857.68000001,35213293.870000005,14409431.26,12.0,131902557.56,35925180.75,12.0
4806035,2025,year,119167224.23000002,56985093.26,43723085.54000001,18429503.56,12.0,144788615.61999995,37188662.74,12.0
4806037,2021,year,150780847.13,62563857.91,83560786.46000001,55429970.89,12.0,,,
4806037,2022,year,121199782.56,53466011.54,52674838.669999994,40519320.56,12.0,,,
4806037,2023,year,188229584.70000002,87138302.83999999,65905406.25999999,46932281.89,12.0,166147305.65,44179254.74,12.0
4806037,2024,year,217217543.74,70822991.76,106216166.7,69364685.35999998,12.0,198644897.08,48308612.98,12.0
4806037,2025,year,251013038.31,68248775.07,125238264.22,83894499.02000001,12.0,279364635.23,83494135.44,12.0
4808001,2021,year,100277984.81,44118706.38999999,48588542.53,27785374.860000003,12.0,,,
4808001,2022,year,89650846.13000001,38975125.6,47279970.79,27264681.67,12.0,,,
4808001,2023,year,124148203.21,54915783.870000005,64213392.64,31993624.93999999,12.0,145801968.17000002,26542118.19,12.0
4808001,2024,year,179404547.33,81394012.83000001,73355225.69,39436379.35,12.0,182381048.82,65531032.9,12.0
4808001,2025,year,165155368.69999996,68129059.95,87984448.71000001,45559114.67,12.0,163828011.47,25408565.06,12.0
4808003,2021,year,73047873.64999999,24028835.09,46517000.66,31397224.2,12.0,,,
4808003,2022,year,71083351.22,21871378.7,46789134.36,31732101.789999995,12.0,,,
4808003,2023,year,80856795.91,20636858.84,56757375.49999999,38879165.93,12.0,78105837.15,4804649.99,12.0
4808003,2024,year,102853787.7,24667497.95,74879454.71,57056698.27,12.0,95693250.06,4372326.27,12.0
4808003,2025,year,112315350.06999996,28307539.58,82191990.53999999,61678001.03,12.0,115668520.17,3106228.74,12.0
4808005,2021,year,154920945.93000004,80754304.89,68711805.75000001,33574509.129999995,12.0,,,
4808005,2022,year,138357309.26999998,67445858.2,67649875.17000002,35943982.05,12.0,,,
4808005,2023,year,185331091.19,77497696.46000001,94259603.26,40907991.78999999,12.0,213724258.18000004,36718262.55,12.0
4808005,2024,year,237212501.03,100028239.43,106975766.94,49883876.9,12.0,247480153.9,64492805.510000005,12.0
4808005,2025,year,268551029.6,111088002.86,132454315.37,54697127.69,12.0,257363792.9,43359568.17,12.0
4808007,2021,year,77012071.84,40760543.13,34212397.1,20860319.19,12.0,,,
4808007,2022,year,72379693.26999998,34863090.61,36503439.61000001,22689372.39,12.0,,,
4808007,2023,year,95019512.5,38960584.65,53411449.71,35072775.59,12.0,91847013.11,13330514.94,12.0
4808007,2024,year,99847405.14999998,31869509.14,64930077.82,41169039.13,12.0,97714434.12,6144894.02,12.0
4808007,2025,year,114843323.12,35520111.32,77315753.3,49975836.89999999,12.0,114780285.79000002,7958115.6,12.0
4808009,2021,year,207791594.32,101222665.13,101230493.27000003,57230088.830000006,12.0,,,
4808009,2022,year,200508416.70000002,86791510.28,110275938.9,69657837.53999999,12.0,,,
4808009,2023,year,246625370.76,101391368.73,132836284.50999998,69651863.06,12.0,249207402.02,20674747.18,12.0
4808009,2024,year,297683697.17,94751195.35,167735275.31000003,83365068.88,12.0,301044345.52000004,41473666.9,12.0
4808009,2025,year,416080051.92,124756959.81,214139987.68,105960862.34,12.0,412392362.49,97886024.97,12.0
4808011,2021,year,102766483.05,30404094.79,70094824.82,43166407.03,12.0,,,
4808011,2022,year,88845852.84,25923866.78,61528325.74,39328534.62,12.0,,,
4808011,2023,year,112289927.26,35973177.75,73672572.14,45968019.0,12.0,106653920.94000004,13544754.5,12.0
4808011,2024,year,134100469.13,33007872.03,95515770.36,62551197.55,12.0,132522564.69,13520946.87,12.0
4808011,2025,year,147825674.34000003,35827840.879999995,107891992.29,67173977.36,12.0,161867528.63999996,16111668.74,12.0
4808013,2021,latest,487690683.2099999,203978820.12,265729394.86,154116626.81,12.0,,,
4808013,2022,year,473124141.0400001,181818062.4,258875083.42000008,148300120.66000003,12.0,,,
4808013,2023,year,609961841.6199999,139864833.37,365033950.58999985,168608867.37999994,12.0,968867445.78,138036643.18,12.0
4808013,2024,year,781322870.6499999,253726549.38,417709896.0100001,202490737.52,12.0,798280000.8599999,116355512.68,12.0
4808013,2025,year,835061336.48,283022255.2,503793966.2000001,228369921.97,12.0,827621221.9,52110929.9,12.0
4808015,2021,year,75971610.13000001,33945706.16,41249659.83,21333925.58,12.0,,,
4808015,2022,year,58778932.68000001,20201315.64,37875173.349999994,20053834.049999997,12.0,,,
4808015,2023,year,72961147.88000005,21802430.48,49810133.54000001,25183825.799999997,12.0,164779713.28000003,19350698.29,12.0
4808015,2024,year,89569594.52000001,22386044.61,61545349.32999999,29440528.919999994,12.0,113817926.53,20040604.57,12.0
4808015,2025,year,92056697.28,25599254.36,63099446.510000005,33348248.96,12.0,90964137.03,4281306.57,12.0
5102001,2021,year,57229384.68,30353824.78,26223039.520000003,9945530.09,12.0,,,
5102001,2022,year,55911126.48,25734691.28,27432462.67,11036663.3,12.0,,,
5102001,2023,year,64187912.23,30781667.220000003,30865672.100000005,11902633.18,12.0,65442992.14,8870499.08,12.0
5102001,2024,year,75474153.17,30510215.45,43472010.21,22629604.070000004,12.0,76893377.50999999,10406570.69,12.0
5102001,2025,year,78303310.16000001,34495357.75000001,42216802.67000001,19288264.49,12.0,82204768.11,5940383.7,12.0
5102003,2021,year,229632878.05,135170015.44,90933304.97000001,49815152.4,12.0,,,
5102003,2022,year,179685468.43,82728974.86,93334055.63,54303607.15,12.0,,,
5102003,2023,year,212732625.64,82498411.81,122977355.76,63781979.17999999,12.0,249942730.15,52357772.09,12.0
5102003,2024,year,247807206.41,88840614.44,151619704.01,86514450.03000002,12.0,240083898.48,24741111.2,12.0
5102003,2025,year,356390134.47,150575948.24,198925536.95,121969962.06000002,12.0,340297993.77000004,81100325.31,12.0
5102005,2021,year,64531115.3,35468756.91,28137868.22,9901405.08,12.0,,,
5102005,2022,year,53268074.38999999,27762067.75,25173066.74,10468783.73,12.0,,,
5102005,2023,year,63654149.85000001,32421087.54,28589866.860000003,11199545.65,12.0,64543126.45,5241557.640000001,12.0
5102005,2024,year,68486365.37,33897793.45,32674862.71,13448848.47,12.0,70881513.58999999,6703379.24,12.0
5102005,2025,year,87719584.42,42041449.41,39868993.95999999,15414484.62,12.0,91539251.69,9373598.8,12.0
5102007,2021,year,84242549.60999998,47759655.82,34913709.42999999,11908777.8,12.0,,,
5102007,2022,year,77203529.97,44591443.0,31453676.259999994,11460298.79,12.0,,,
5102007,2023,year,93792699.13,52882516.67,38752703.65,13595491.68,12.0,90018476.66000001,9118776.73,12.0
5102007,2024,year,105432377.25,52173629.18999999,50678649.74,22130511.630000003,12.0,95954092.67000002,4109470.74,12.0
5102007,2025,year,117631331.70000002,59238542.74,56545429.760000005,21596297.51,12.0,116714468.14,11829569.41,12.0
5102009,2021,year,91282945.71,42762730.2,47538852.43,24898371.41,12.0,,,
5102009,2022,year,90819792.65999998,38339293.67,51700138.629999995,27051024.93,12.0,,,
5102009,2023,year,115113784.95,53151045.82,60890405.79999999,27469010.419999998,12.0,116229982.07999998,12405836.01,12.0
5102009,2024,year,117739779.0,44965118.58,71123433.86999999,36558938.94,12.0,122089161.31,13350375.0,12.0
5102009,2025,year,135383132.92,53159837.38,80953706.25999999,40149188.92999999,12.0,137269916.94,15083774.500000002,12.0
5102011,2021,year,78258069.11,41952113.38,35657498.580000006,17861667.8,12.0,,,
5102011,2022,year,73379605.72000001,36506673.65,36266911.01,18667729.6,12.0,,,
5102011,2023,year,93155000.92,44985624.57,43173080.0,20278389.11,12.0,90102929.90999998,10186212.33,12.0
5102011,2024,year,98435151.66,47831717.8,48991599.83,24920026.29,12.0,96562739.48,6794261.069999999,12.0
5102011,2025,year,116156416.65,54792009.21,59201861.53,29808500.19,12.0,117643458.29,9484869.51,12.0
5102013,2021,year,68212401.52,35243895.02,32674069.49,12409824.93,12.0,,,
5102013,2022,year,62952657.66,35152625.82,27213633.27,11840250.64,12.0,,,
5102013,2023,year,89838271.8,48907954.98,39144812.45,11806185.31,12.0,80739392.55999999,13510868.61,12.0
5102013,2024,year,85548437.75,39237193.91,45269771.05,18553328.52,12.0,87093072.27000001,3772993.79,12.0
5102013,2025,year,94381139.22,42029827.51,51902656.29,21122268.49,12.0,101240521.75,4644686.77,12.0
5102015,2021,year,86265628.9,44269061.97,39894827.86,17316988.43,12.0,,,
5102015,2022,year,73630761.71,33713380.98,37999620.5,16407662.64,12.0,,,
5102015,2023,year,94941316.77,39342188.14,49118401.36999999,18622787.89,12.0,107189121.74,15123496.44,12.0
5102015,2024,year,112807293.99,45493395.59,64416170.03,29614307.720000003,12.0,107060151.85,5895609.19,12.0
5102015,2025,year,118205591.02,50013811.57,67168150.36000001,29247683.23,12.0,123104686.41,4098119.55,12.0
5102017,2021,year,44615266.21,19169341.0,25402040.93,13580856.84,12.0,,,
5102017,2022,year,43648194.26,17201800.0,26429301.06,12925222.180000002,12.0,,,
5102017,2023,year,61139944.15,25282319.0,35319640.02,15221804.79,12.0,59985738.510000005,8382994.67,12.0
5102017,2024,year,63002830.66,23711073.09,39280348.81,20558133.4,12.0,68495059.94,5288128.8100000005,12.0
5102017,2025,year,73793192.39999999,23475223.81,50287392.3,23539872.09,12.0,73584842.38,2849818.11,12.0
5102019,2021,year,56351228.71999999,25406247.07,30260121.98,7107008.029999999,12.0,,,
5102019,2022,year,47695466.68,21865292.59,25455790.45,7673297.72,12.0,,,
5102019,2023,year,62484472.83,25502457.87,36045135.480000004,9508554.07,12.0,91892670.56000002,19902017.68,12.0
5102019,2024,year,70238398.04,22847827.52,45704605.440000005,13399570.25,12.0,75779879.93,7430724.949999999,12.0
5102019,2025,year,81852077.07,27342600.76,46732682.24,15041367.470000004,12.0,81176017.58,9281523.28,12.0
5102021,2021,year,75365827.34,43739105.07,30835044.88,10271707.96,12.0,,,
5102021,2022,year,66005730.72999998,33925097.0,31642018.689999998,10222045.399999999,12.0,,,
5102021,2023,year,80396354.36000003,39580896.2,38450278.08,11298074.519999998,12.0,81246798.26,10108257.510000002,12.0
5102021,2024,year,89503605.51999998,39066197.49,49045167.46,18016873.47,12.0,88009820.39999999,2550774.13,12.0
5102021,2025,year,98908404.10999998,44136581.56,53981666.68000001,17494228.939999998,12.0,99378405.14000002,2961273.1,12.0
5102023,2021,year,42968721.64000001,22603346.7,17973429.260000005,7144862.67,12.0,,,
5102023,2022,year,38935955.82,19536339.44,18853646.249999996,7076729.19,12.0,,,
5102023,2023,year,58271474.10999999,32974004.22,23896300.230000004,9821419.91,12.0,56722144.36,10389643.71,12.0
5102023,2024,year,61907294.86,24914884.22,32143589.65,13812337.17,12.0,59211427.23,8672804.56,12.0
5102023,2025,year,64078225.49,26755081.69,36920864.45,16232807.96,12.0,69770552.36999999,10501515.97,12.0
5102025,2021,year,57813267.54,27503031.0,30003643.12,10693274.1,12.0,,,
5102025,2022,year,56332729.080000006,23233300.0,32933908.85,10784961.77,12.0,,,
5102025,2023,year,73358157.45999998,29047783.96,43125158.16,13955798.68,12.0,77783238.17,5394383.41,12.0
5102025,2024,year,79032914.33999999,30351305.13,48359556.57,16853110.45,12.0,82771666.34,11576376.3,12.0
5102025,2025,year,89280294.17000002,30536041.31,56454889.51,18092597.39,12.0,87541643.10000001,6517984.07,12.0
5102027,2021,year,31774933.44,17093799.0,14142270.92,4035749.05,12.0,,,
5102027,2022,year,28756186.360000003,13720800.0,14409583.37,4456689.08,12.0,,,
5102027,2023,year,36658441.06,16662908.4,19775025.45,5070035.100000001,12.0,41369334.260000005,5849109.74,12.0
5102027,2024,year,40357681.67,14237309.4,25579940.08,8789965.77,12.0,40431611.60000001,6227515.0600000005,12.0
5102027,2025,year,45996015.72000001,16494586.26,29282465.630000006,9989145.180000002,12.0,47908129.27,4752503.2,12.0
5102029,2021,year,32312402.879999995,11623011.26,20226617.8,4659716.98,12.0,,,
5102029,2022,year,32441385.36,9779800.0,22134902.93,5200850.08,12.0,,,
5102029,2023,year,38226911.32,12644104.8,24219244.45,5270123.17,12.0,39077349.03,6094178.2,12.0
5102029,2024,year,40228720.51,12392418.0,27059238.76,6459373.45,12.0,38857607.720000006,4024239.9,12.0
5102029,2025,year,48683296.28,13673343.54,34408072.45,6998313.42,12.0,45383373.400000006,5624408.75,12.0
5102031,2021,year,96669272.55,46380230.63,48798188.96000001,22847185.64,12.0,,,
5102031,2022,year,86617149.21000001,42934598.0,43471759.24,24691168.600000005,12.0,,,
5102031,2023,year,109192565.77000004,54057119.0,54147200.2,26175519.619999997,12.0,110472316.12,4158311.03,12.0
5102031,2024,year,119984471.25,52934188.88,64073724.31,32022207.540000003,12.0,121627647.31000002,7651390.13,12.0
5102031,2025,year,137993975.61,60940103.11,75622518.68999998,38992797.98,12.0,138883398.32,6632169.35,12.0
5104001,2021,year,418510943.4000001,144237527.32999998,260410718.88,150166377.75000003,12.0,,,
5104001,2022,year,376369112.53,120667936.63,247543333.95999998,152355663.28000003,12.0,,,
5104001,2023,year,428842795.67999995,104416120.91,283285100.68000007,166535815.28000006,12.0,659684230.23,97990688.67,12.0
5104001,2024,year,514813651.41,155184484.67000002,326332215.35999995,190273890.33,12.0,518200172.74000007,54988680.17,12.0
5104001,2025,year,563254933.21,177798812.18,366412659.59,213579659.4,12.0,559400798.82,55914539.610000014,12.0
5104003,2021,year,52850733.56,31623361.75,20291057.86,6897299.5,12.0,,,
5104003,2022,year,48469917.74,28515509.71,18468510.32,7622449.609999999,12.0,,,
5104003,2023,year,60515854.48,34022370.91,24559907.86,9911229.28,12.0,67497891.32,12380330.22,12.0
5104003,2024,year,67237247.19000001,32374584.61,32953407.910000004,17431286.87,12.0,66557950.35,3630571.62,12.0
5104003,2025,year,84588121.81,35423072.96,36858309.3,19216269.02,12.0,84233736.68,14855446.96,12.0
5104005,2021,year,98787613.0,13767702.64,82918216.41,14593239.35,12.0,,,
5104005,2022,year,71860119.30000001,10762191.41,54822503.13000001,12936724.44,12.0,,,
5104005,2023,year,67141303.0,13654853.42,52250468.8,11353973.540000003,12.0,93633089.19,12693654.5,12.0
5104005,2024,year,117723795.63,35124184.0,81361631.57,11821856.010000002,12.0,84652626.30000001,362388.82,12.0
5104005,2025,year,107873820.35,26201312.07,80759743.53999999,12516104.93,12.0,104510888.55,8709533.28,12.0
5104007,2021,year,66030989.20999999,29031342.0,33387949.3,9445492.34,12.0,,,
5104007,2022,year,65626786.84,28457986.0,35838371.660000004,11451861.4,12.0,,,
5104007,2023,year,75623258.69,31612095.27,41879887.97,14483085.6,12.0,74244126.42,1928898.62,12.0
5104007,2024,year,89225954.05,32779887.34,54779861.24,22383345.89,12.0,90537037.08,5842974.8,12.0
5104007,2025,year,92281125.33,32565874.32,59142348.870000005,30952850.37,12.0,92914624.53,4159072.8,12.0
5104009,2021,latest,53016401.160000004,26864116.13,19999152.7,6621748.01,12.0,,,
5104009,2022,year,44030928.51,25556974.93,16123273.95,6544053.7700000005,12.0,,,
5104009,2023,year,50029262.69,27298810.91,20189027.250000004,7334467.149999999,12.0,53486191.56999999,3305369.35,12.0
5104009,2024,year,61811571.13,31462249.11,26489197.9,11441314.39,12.0,60670184.24,2629877.8,12.0
5104009,2025,year,75048079.83,36478959.54,31800493.390000004,13082176.8,12.0,74538613.38,5500317.86,12.0
5104011,2021,year,54546096.10000001,31395393.1,22661241.46,9407822.23,12.0,,,
5104011,2022,year,60071919.79,35799100.0,24072714.609999996,12149681.24,12.0,,,
5104011,2023,year,78911630.60999998,42888897.0,34396769.470000006,15093497.93,12.0,77367154.41999999,11808768.61,12.0
5104011,2024,year,82605256.24000001,39791770.64,41745270.38,21606139.360000003,12.0,80387586.91000001,3904749.68,12.0
5104011,2025,year,98012804.9,47742722.81,49740146.54000001,23413058.51,12.0,100497601.09,6491423.21,12.0
5104013,2021,year,97885543.61,67069500.17,29399509.580000002,14136104.52,12.0,,,
5104013,2022,year,96373114.15000002,68911143.02,26282475.390000004,13596619.719999999,12.0,,,
5104013,2023,year,111503986.44,80105076.23,29689157.34,14342148.86,12.0,94108502.91,14427357.24,12.0
5104013,2024,year,130138587.41,85780972.86999999,41612136.95,20178453.81,12.0,120952274.39000002,24589570.79,12.0
5104013,2025,year,166929149.94000006,102703152.32,61019724.19,22418824.700000003,12.0,144612772.19,30498610.22,12.0
5104015,2021,year,74253448.14,50619336.24,23270155.580000002,9622437.190000001,12.0,,,
5104015,2022,year,68181618.78999999,45036152.0,22747421.52,9580455.729999997,12.0,,,
5104015,2023,year,80467479.46,50332520.37,29240494.369999997,10708164.309999999,12.0,82911151.01,4802985.96,12.0
5104015,2024,year,86013057.5,49897487.31,31624121.65,13188451.71,12.0,90542264.44,8003705.0,12.0
5104015,2025,year,97857168.94,55897592.86,41291039.48,16693095.239999998,12.0,94429828.73,3617150.0,12.0
5104017,2021,year,72181357.61,35019213.79,35739073.42,15882734.29,12.0,,,
5104017,2022,year,75991615.78,37059661.23,38054723.68999999,18788636.69,12.0,,,
5104017,2023,year,89712258.39,41836712.99,45415905.05,18390701.63,12.0,90838832.63999996,19326925.12,12.0
5104017,2024,year,102071026.49,39054851.23,60549462.42999999,26282141.78,12.0,87499827.03,9801709.41,12.0
5104017,2025,year,110083966.01,45497840.940000005,63093111.02,28561052.9,12.0,117571117.78,28087452.82,12.0
5104019,2021,year,185942529.98,74471231.54,102726761.19,48438907.70000001,12.0,,,
5104019,2022,year,204928739.02,76862405.82000001,120188059.97,55809493.81999999,12.0,,,
5104019,2023,year,217892288.15,71338639.59,136232353.12999997,63760516.539999984,12.0,256413331.45,23322403.66,12.0
5104019,2024,year,257866138.12,82240512.33,164418963.53000003,78313881.38,12.0,259793966.24,24151869.380000003,12.0
5104019,2025,year,268831347.39000005,93674002.96,163173619.02999997,78912363.99,12.0,278677134.17999995,22755431.44,12.0
5104021,2021,year,93515198.55000001,40895350.73,49547391.67,17827970.76,12.0,,,
5104021,2022,year,83907192.28,49884054.0,32981778.56,14745796.230000004,12.0,,,
5104021,2023,year,88551349.48999998,50093402.74,37671232.20999999,15481108.219999999,12.0,121559871.26999998,28078131.09,12.0
5104021,2024,year,93869706.9,46163596.39,46656518.42,20446330.98,12.0,118302752.59,10850488.71,12.0
5104021,2025,year,135716377.41000003,76203066.43,55977364.41,23595716.5,12.0,155861702.64999998,24702269.26,12.0
5104023,2021,year,159223956.82000002,91133533.25,63882996.11000001,28868856.16,12.0,,,
5104023,2022,year,165770581.6,86414430.83,75511189.41999999,32301497.000000007,12.0,,,
5104023,2023,year,198293989.38000003,101355461.26,88864794.9,36066975.48999999,12.0,242403490.29,38203087.52,12.0
5104023,2024,year,221428604.87000003,104498576.62,106790104.16,46409064.54,12.0,205498697.89,14360569.4,12.0
5104023,2025,year,263026721.67999998,130752631.61,113758226.4,57419211.78,12.0,278270629.27000004,35314955.730000004,12.0
5104025,2021,year,242257033.63,134807154.85,97208191.49000001,45002783.730000004,12.0,,,
5104025,2022,year,209817068.52999994,108589981.85,97011425.2,49495716.830000006,12.0,,,
5104025,2023,year,254060201.66,124999559.67,117432069.78999999,55029838.150000006,12.0,256047004.04,23626977.36,12.0
5104025,2024,year,294248399.28000003,136439210.10000002,147818740.10000002,73053668.45,12.0,292252926.2800001,24263825.82,12.0
5104025,2025,year,323603299.85,144547966.78,169850764.13,82901519.65,12.0,322568400.92,16906890.200000003,12.0
5104027,2021,year,29532655.16,16081558.99,13002543.799999999,4353076.91,12.0,,,
5104027,2022,year,27684708.270000003,15718283.0,11710617.440000001,4277694.260000002,12.0,,,
5104027,2023,year,35014553.58,16014540.14,16445695.25,4923673.55,12.0,39500611.23,5306117.48,12.0
5104027,2024,year,44563772.04,22463205.51,17300283.89,6927496.79,12.0,47851202.870000005,8330800.32,12.0
5104027,2025,year,40649979.83999999,22010313.14,18037146.63,7250097.88,12.0,44185957.99,1470436.76,12.0
5104029,2021,year,70847460.97999999,34503726.7,35357032.260000005,15596731.06,12.0,,,
5104029,2022,year,73685845.09000002,40200934.0,32747482.710000005,16143216.38,12.0,,,
5104029,2023,year,83333761.24,38212660.6,43615302.74,19565830.7,12.0,83363090.67999999,12948703.31,12.0
5104029,2024,year,92856642.21,34229074.0,56757748.510000005,25712018.85,12.0,92170321.11,7585287.279999999,12.0
5104029,2025,year,101038667.67,37304723.85,59534219.63,29401253.22,12.0,107448285.86,10685009.43,12.0
5104031,2021,year,151404350.54000002,57574268.13,91293861.88,40010203.86,12.0,,,
5104031,2022,year,149871730.29999995,64600813.75,83295628.30999997,44582026.27,12.0,,,
5104031,2023,year,172381919.47,67729038.26,98001142.83,48631559.04,12.0,185450381.27,20475017.99,12.0
5104031,2024,year,189682142.24,66479364.8,117678039.9,56783992.09,12.0,192280091.57,14179967.7,12.0
5104031,2025,year,222613974.67,75917595.15,137487536.20000002,69269592.45,12.0,227327933.2,16223863.93,12.0
5106001,2021,year,286427518.52,135468811.69,144244057.89,69829818.47,12.0,,,
5106001,2022,year,268564666.84999996,121652595.3,138434739.67,70818815.14999999,12.0,,,
5106001,2023,year,311773683.79,133405832.26,165319343.23,74881980.13999999,12.0,345162481.1,43558390.580000006,12.0
5106001,2024,year,379792964.38,161581518.62,203224093.9,98254804.94,12.0,367615807.57,34199840.05,12.0
5106001,2025,year,480789122.55,232727132.78,228419725.32,110862942.19,12.0,493826226.44,100539852.39,12.0
5106003,2021,year,196470757.49,97383145.49,97076564.53,48465151.68000001,12.0,,,
5106003,2022,year,203443063.1900001,82485211.24000001,110643304.83000001,54235123.26999998,12.0,,,
5106003,2023,year,231158870.38,74409859.43,135655101.84000003,58683083.05,12.0,362420839.6099999,107500515.96,12.0
5106003,2024,year,355320362.73,121598722.05,222506925.05000004,69792032.36999999,12.0,344327338.77,80927749.39,12.0
5106003,2025,year,370755671.87,178805908.22,184339278.78,85354538.24000001,12.0,382118375.23,96602588.18,12.0
5106005,2021,year,167985972.80999997,102149124.44,63381391.25999999,23421263.22,12.0,,,
5106005,2022,year,140171081.57,82933748.0,55681002.88,21597181.4,12.0,,,
5106005,2023,year,182923988.04,96384398.16,83633353.57,26241307.220000003,12.0,190677342.05,32700080.45,12.0
5106005,2024,year,187675016.96,96084011.13,86866869.28999999,36565918.01,12.0,183852089.61000004,6753396.27,12.0
5106005,2025,year,220358240.47000003,113960881.01,102393907.17,45230198.7,12.0,222619690.35,16036127.84,12.0
5106007,2021,year,92639434.13,51624992.32,39784323.71,16536553.760000002,12.0,,,
5106007,2022,year,87665788.56,49140787.0,37814910.56,16717935.14,12.0,,,
5106007,2023,year,111428462.94000001,59503544.93,50596835.769999996,19086532.47,12.0,119467543.41,28348361.880000003,12.0
5106007,2024,year,128544147.18,59281576.62,59522729.23,26553118.950000003,12.0,122809170.26,15404447.35,12.0
5106007,2025,year,141633893.22000003,65435838.99,73611475.75,31358419.57,12.0,139543909.18,18844651.03,12.0
5106009,2021,year,87638475.69000001,62545880.7,24821203.360000003,10297810.580000002,12.0,,,
5106009,2022,year,82130306.34000003,57933193.86,24042861.189999998,10203102.489999998,12.0,,,
5106009,2023,year,107772158.74000001,71101058.41,34984367.81,11788736.52,12.0,105076784.0,11948650.93,12.0
5106009,2024,year,114811920.57,69069172.2,42273160.79,16990594.29,12.0,113067531.3,8856987.16,12.0
5106009,2025,year,136680710.94,82370439.36000001,49266673.63,20383299.82,12.0,153336693.83,17905538.32,12.0
5106011,2021,year,35322285.54000001,24303937.48,9907375.68,4333620.9799999995,12.0,,,
5106011,2022,year,33546960.91,21479627.76,10551419.63,4595253.12,12.0,,,
5106011,2023,year,38660283.370000005,25095959.25,11957165.75,4996448.419999999,12.0,38428830.2,3279297.41,12.0
5106011,2024,year,45843697.31,28049769.57,15309376.57,6460636.14,12.0,48510653.82999999,9615874.59,12.0
5106011,2025,year,48289333.98,26958589.75,18563505.29,7415145.8,12.0,49282785.43,3216892.67,12.0
5106013,2021,year,63592176.5,40076658.54,20956056.03,7334251.56,12.0,,,
5106013,2022,year,61624001.55,40106934.88,20630758.84,7398242.91,12.0,,,
5106013,2023,year,82200436.89,51354731.3,28350233.72,7653167.130000001,12.0,72815363.52999999,2930571.7800000003,12.0
5106013,2024,year,81977626.92999998,49537805.38,30402783.069999997,9951971.88,12.0,87158861.25,5822017.59,12.0
5106013,2025,year,105875396.92000002,57407004.690000005,39870074.69,11337032.45,12.0,107241364.56000002,13848071.29,12.0
5106015,2021,year,64063610.05,26759512.0,36204272.59,10185214.85,12.0,,,
5106015,2022,year,64007909.1,27270788.99,36024595.25999999,11375445.35,12.0,,,
5106015,2023,year,78930456.48,30842898.200000003,46242337.04,12728700.38,12.0,77812226.87,10147363.58,12.0
5106015,2024,year,89089084.99000001,30599292.03,56535609.13999999,20691968.630000003,12.0,91705751.75,11732118.91,12.0
5106015,2025,year,109055625.96,33240011.53,73614986.39,25682202.25,12.0,110646559.59,18165368.92,12.0
5106017,2021,year,240108477.55,113624254.66,120634051.84999998,46531779.94,12.0,,,
5106017,2022,year,203136223.27,84191829.23,113546987.26,45657873.809999995,12.0,,,
5106017,2023,year,261773062.04999992,112567231.13,139455993.45,49194345.56,12.0,278554266.73,33028929.98,12.0
5106017,2024,year,324689389.29,108044627.26,204574786.62,65349212.36,12.0,306386308.26,19812730.21,12.0
5106017,2025,year,373187128.56999993,118978835.74,246718733.93,78811040.84,12.0,382198441.6399999,28052269.81,12.0
5106019,2021,year,68116771.38999999,25773151.0,40920729.47,9798399.44,12.0,,,
5106019,2022,year,70005937.11,26519094.53,42840753.970000006,10896647.749999998,12.0,,,
5106019,2023,year,93271559.39,31249094.8,54419348.04000001,12396702.34,12.0,88205896.9,20909638.96,12.0
5106019,2024,year,80033751.56,28723393.54,49944581.16,19064019.84,12.0,89395056.93000002,7367152.78,12.0
5106019,2025,year,101609750.21,41231230.67,56039291.68,22958342.93,12.0,102830217.84,17896946.13,12.0
5108001,2021,year,135772819.41,87777612.22,45598609.400000006,19394109.24,12.0,,,
5108001,2022,year,108770629.88,64826152.08,42629059.28,22465604.280000005,12.0,,,
5108001,2023,year,128922241.30000004,71014092.76,53380907.05999999,25761042.2,12.0,137294470.57,9821264.81,12.0
5108001,2024,year,152911442.23,79162991.19,67311860.63000001,26826000.46,12.0,147511509.17,10900531.96,12.0
5108001,2025,year,168286277.02,88995743.66,73599183.10000002,30822554.6,12.0,165948133.04999998,12991408.86,12.0
5108003,2021,year,940924854.98,293160578.2,459373303.4700001,222812759.67,12.0,,,
5108003,2022,year,933351436.36,181188290.0,536780142.85,286530140.19,12.0,,,
5108003,2023,year,1146416715.06,236630937.77,800817025.31,428966580.24999994,12.0,1236437192.9400003,215953247.59,12.0
5108003,2024,year,1150157026.17,213723762.76,871821304.69,477403971.38000005,12.0,1148687265.9599998,100838340.83,12.0
5108003,2025,year,1220012312.5200002,245721149.53,901353000.66,475085840.1400001,12.0,1233449080.0400002,143201977.07,12.0
5108005,2021,year,278059195.25000006,155884953.17000002,114476618.49999996,60181732.56,12.0,,,
5108005,2022,year,263704902.41000003,133152662.69,123126188.54000005,68540954.35,12.0,,,
5108005,2023,year,299802302.1800001,139912610.61,149450336.91,79007672.86000001,12.0,306777871.54999995,12129957.15,12.0
5108005,2024,year,334814705.29999995,150805271.59,175424474.89999998,96672311.66,12.0,334622130.45000005,12232940.05,12.0
5108005,2025,year,371010597.75,168712624.87,192039781.88,100062437.1,12.0,379658136.98,30416733.940000005,12.0
5108007,2021,year,405103357.58,204085846.06,190397185.56000003,62408786.78999999,12.0,,,
5108007,2022,year,444147526.92,141076471.75,293852226.90999997,96907438.64,12.0,,,
5108007,2023,year,440950814.44,132483457.25,287314378.94,122518925.52000003,12.0,486130814.96,72392262.33,12.0
5108007,2024,year,433394415.78,143415521.21,282427272.15000004,123424836.07,12.0,428835228.05,48840859.54,12.0
5108007,2025,year,461655416.02,161793910.49,290942804.35,119311697.06,12.0,485828090.25999993,42886981.28999999,12.0
5108009,2021,latest,417741055.18000007,256762424.26,142565674.5,61755489.53,12.0,,,
5108009,2022,year,373137520.7899999,212506603.74,151247272.34000003,68832551.83000001,12.0,,,
5108009,2023,year,457480221.8200001,235070900.74,195234801.51000002,79428924.63,12.0,426961341.77,43914649.27,12.0
5108009,2024,year,477858593.06,239848311.71,221333344.2,91363595.6,12.0,521119208.19000006,53302161.88,12.0
5108009,2025,year,547048116.51,280123074.37,254409818.67,96904271.05,12.0,571618805.23,46521508.86000001,12.0
5108011,2021,year,105605691.4,59405855.13,45079733.370000005,13129648.68,12.0,,,
5108011,2022,year,104004325.62,47936491.93,55421432.06,18272517.46,12.0,,,
5108011,2023,year,140846936.09,57714807.06999999,81337202.92000002,22527152.63,12.0,142244896.93,26097115.38,12.0
5108011,2024,year,129978451.91,52951309.45,73936708.15999998,22572187.38,12.0,136723258.22,14684131.52,12.0
5108011,2025,year,156299490.35999998,67213137.72999999,86382353.55999999,23701174.56,12.0,151521012.76,9184848.1,12.0
5110001,2021,year,343126724.36,53590034.6,262635797.82,96034759.24,12.0,,,
5110001,2022,year,290670773.76,50265916.09,231100629.5899999,92257886.52000001,12.0,,,
5110001,2023,year,400524209.32,54296180.6,323715243.6,110661843.85999998,12.0,667833721.07,293001396.71,12.0
5110001,2024,year,528662884.98,119671038.58000004,387456045.45,145175089.37,12.0,556512796.73,144742079.91,12.0
5110001,2025,year,597048139.72,119839265.32,452811262.79,167025774.25,12.0,595388735.39,112056998.97,12.0
5110003,2021,year,253596949.99,120324378.25,127236019.78999998,77464228.35999998,12.0,,,
5110003,2022,year,221400906.29,82617463.0,129664747.16,80760564.71000001,12.0,,,
5110003,2023,year,242796753.7,82660949.66,152093875.70999998,87677079.83000001,12.0,268800959.74,25843640.21,12.0
5110003,2024,year,446564819.85,269664015.14,170555503.73999998,98557530.64999999,12.0,434700668.55,174163470.14000002,12.0
5110003,2025,year,365434107.15,162347197.56,191634411.17,109600754.83,12.0,372254563.05,69919589.12,12.0
5110005,2021,year,118485091.6,75061870.71000001,40944236.51,17856823.91,12.0,,,
5110005,2022,year,101829838.86,60860798.65,39501066.35,18298842.18,12.0,,,
5110005,2023,year,116778105.19,61603915.74,51554654.260000005,21079020.89,12.0,130565269.34999998,9240839.11,12.0
5110005,2024,year,150694374.44,69529289.58,67183693.00999999,25738528.200000003,12.0,146443961.25000003,15490626.33,12.0
5110005,2025,year,167310747.36,79154639.21000001,75815726.02000001,27442995.15,12.0,174152939.59,19220473.92,12.0
5110007,2021,year,209986785.01999998,72430578.83,134298732.38,43058531.13,12.0,,,
5110007,2022,year,173453132.71,62476111.44,108777248.55000001,37212488.61000001,12.0,,,
5110007,2023,year,238562274.83,77491320.99,155040246.26999995,45149027.66,12.0,236605410.29,33249355.04,12.0
5110007,2024,year,268857748.18000007,75036453.83,189346993.64,61297684.86000001,12.0,271801121.93999994,39851921.28,12.0
5110007,2025,year,431010671.94000006,81965138.86,227167990.68000004,83934645.33,12.0,465248533.91,175751442.32999998,12.0
5110009,2021,year,121337009.06000002,68912516.52,51428341.760000005,15229962.12,12.0,,,
5110009,2022,year,115704221.31,63518723.56,52072235.57,17909224.220000003,12.0,,,
5110009,2023,year,139825461.43,76687235.62,60282486.85000001,18874721.84,12.0,138443801.26000002,12307378.330000002,12.0
5110009,2024,year,148595274.81,73183701.27000001,73760142.05,26068299.87,12.0,152991531.53,14798756.44,12.0
5110009,2025,year,229130069.66,143708868.70000002,83875673.86999999,30398200.72,12.0,235957239.32,77488274.05000001,12.0
5110011,2021,year,318865196.18,38317168.88,275259729.99,216676187.89,12.0,,,
5110011,2022,year,260706901.67000002,35437606.83,215833714.14,167241643.09999996,12.0,,,
5110011,2023,year,351897160.44,152053869.91,190176049.17000002,137728358.7,12.0,416390881.7699999,88079984.91,12.0
5110011,2024,year,372865575.28,58439866.77,307635961.00999993,242969865.87,12.0,412150206.61,141348269.2,12.0
5110011,2025,year,502499026.84,66139425.94,430997855.81999993,334917354.85,12.0,568976856.44,182583247.78,12.0
5110013,2021,year,173556528.14,105877996.5,65498608.620000005,16739798.239999998,12.0,,,
5110013,2022,year,117945568.84,71833810.46000001,45478540.66,16367983.349999998,12.0,,,
5110013,2023,year,147038599.81,84859535.0,61329633.309999995,18524726.21999999,12.0,178748805.48,54606843.11000001,12.0
5110013,2024,year,140102828.46,71376747.55000001,65511376.66,22426492.28,12.0,149604535.65,20072688.220000003,12.0
5110013,2025,year,179298942.53999996,100171516.64,77606803.53,23538555.01,12.0,170957813.6,19835230.35,12.0
5110015,2021,year,82658987.87,45764287.88,36370152.22000001,11774730.470000006,12.0,,,
5110015,2022,year,79194548.25999999,42188068.59,36482344.00999999,13774680.360000014,12.0,,,
5110015,2023,year,142690108.48999995,94287455.0,45599750.51999998,16628722.549999952,12.0,1066345812.03,609046525.1099999,12.0
5110015,2024,year,314050988.69,248954730.8,63545819.24,25073588.98,12.0,273806366.19,133936424.35999995,12.0
5110015,2025,year,163754329.31,92010093.52,67328246.3,29333222.540000003,12.0,233593855.61,73722172.99000001,12.0
5110017,2021,year,144877456.01,55156690.58,87419902.27000001,45741330.870000005,12.0,,,
5110017,2022,year,140179073.45999995,46385308.78,89487228.30000004,48210742.29000002,12.0,,,
5110017,2023,year,170496316.06000003,53840500.22,105233804.20000002,51088073.08000001,12.0,453688016.65,158932625.6,12.0
5110017,2024,year,218356640.01,75362444.00999999,133297076.38000004,64855350.09,12.0,254794106.16000003,49863579.32,12.0
5110017,2025,year,280033553.9,93639297.51,151632711.26,76083583.86999999,12.0,291428945.68,71171639.66,12.0
5110019,2021,year,150722922.98999998,41703910.22,108343082.08,41136975.29000001,12.0,,,
5110019,2022,year,138366088.93,31160000.0,100833041.77000003,37029735.84,12.0,,,
5110019,2023,year,167096674.54000002,32687848.13,128658250.32000004,45312005.45999999,12.0,268163676.34,36324238.1,12.0
5110019,2024,year,206685634.99,49755589.940000005,152936049.70000005,55754307.49000001,12.0,233431920.62,21064587.97,12.0
5110019,2025,year,224318443.82,48789845.37,173985996.58,65993250.82,12.0,243584087.86,23468249.32,12.0
5110021,2021,year,154990043.32,106813400.09,45762778.099999994,21660984.409999996,12.0,,,
5110021,2022,year,104912770.21000002,60775463.02,43172267.42999999,22671567.11,12.0,,,
5110021,2023,year,199893574.3400001,133900359.03,64110881.30000006,25178819.299999997,12.0,288071912.94000006,142402635.91,12.0
5110021,2024,year,199196593.7,91022968.54,93602528.89000002,45342822.21,12.0,203515617.19,47346880.08,12.0
5110021,2025,year,313260346.17,181095109.31,123478011.39,67294843.17999999,12.0,327805346.09000003,135126253.66,12.0
5110023,2021,year,237915741.33,77646783.75,157420792.6,58195835.19,12.0,,,
5110023,2022,year,205635772.64,61529670.0,142688315.67,67821469.49,12.0,,,
5110023,2023,year,275253800.87,64832933.91,205935274.92999995,77943370.33,12.0,310173322.07,109202684.9,12.0
5110023,2024,year,357279621.3,87824698.58999999,266030225.44,100000215.85,12.0,355507523.70000005,107851691.31,12.0
5110023,2025,year,423448376.81,87907398.02000001,330955287.15,126249790.03,12.0,475197459.98,129327404.58,12.0
5110025,2021,year,187144047.44000006,69244408.02999999,115299660.45,61813155.940000005,12.0,,,
5110025,2022,year,165113062.22,53200428.11,111239157.11,59743648.94999999,12.0,,,
5110025,2023,year,188023177.82,56730013.83,124929390.07000002,65094315.54,12.0,196968438.16,7070891.26,12.0
5110025,2024,year,212163839.29,63669828.2,142837438.42999998,81761062.97999999,12.0,211696024.78,9952411.09,12.0
5110025,2025,year,247329180.7,81009618.4,160557341.04000002,85190965.15,12.0,241385389.15,14303951.82,12.0
5110027,2021,year,11572148227.409998,2097250825.36,9000112039.230001,5242318509.48,12.0,,,
5110027,2022,year,10880833658.880001,1900449249.26,8452269094.790002,4975727585.63,12.0,,,
5110027,2023,year,12754818118.54,2414019692.99,9893065561.330006,5490160709.61,12.0,12602227516.33,3421452091.69,12.0
5110027,2024,year,15125313667.66,2951281293.11,11679921349.069998,6502270500.160001,12.0,15153361172.28,4299391380.4,12.0
5110027,2025,year,16614074077.05,2928655342.02,13255882067.77,7386676517.190001,12.0,17164550417.85,4114682910.39,12.0
5110029,2021,year,269282987.23,31898551.71,230788215.72000003,77317364.73,12.0,,,
5110029,2022,year,223289700.24,21137267.75,199487756.21,69528108.35,12.0,,,
5110029,2023,year,317850922.22,50030186.29,266519988.2,88088313.5,12.0,336341327.13,136329259.23000002,12.0
5110029,2024,year,422891365.27,80645257.76,338554973.88,110061428.78000002,12.0,404373559.19,183731641.18,12.0
5110029,2025,year,466725473.17,56163133.6,403094880.86,129405947.19,12.0,533288314.96,255895886.59,12.0
5110031,2021,year,87352887.80000001,44687391.33,40966884.220000006,16350681.4,12.0,,,
5110031,2022,year,79734005.06,36380146.92,42795952.35000001,16891137.23,12.0,,,
5110031,2023,year,109706180.28999999,51360735.95,48777992.010000005,17678527.760000005,12.0,135829663.24,34971329.88000001,12.0
5110031,2024,year,122980967.15,57864473.39,64106889.65,22799840.87,12.0,127273248.07,17415711.11,12.0
5110031,2025,year,136476337.67999998,57050589.69,74739014.03999999,28950667.99,12.0,154499611.19,17576888.24,12.0
5110033,2021,year,189122046.94000003,60570026.31,127122375.85,42336736.54000001,12.0,,,
5110033,2022,year,167145646.2500001,53517788.0,110892174.17000002,47044979.31999999,12.0,,,
5110033,2023,year,248523206.5899999,50421953.0,190142348.62,57928570.81,12.0,266786782.03,60775102.03,12.0
5110033,2024,year,320565904.34000003,60010334.0,256970321.57,81801287.98000002,12.0,274457768.29,35315804.45,12.0
5110033,2025,year,408630960.85,85089959.88,322172321.64,94458672.82,12.0,420350930.0500001,147838772.73,12.0
5110035,2021,year,274310006.54,59928890.83,202481578.74,70008695.38,12.0,,,
5110035,2022,year,237283919.31,57628551.6,160246978.95999998,64716372.20999999,12.0,,,
5110035,2023,year,336225019.27,89051171.11,221657898.95000002,72933496.51,12.0,353781705.27000004,76415214.42999999,12.0
5110035,2024,year,396109416.66,85038385.0,295594162.42,90982131.02,12.0,389736817.39,68649753.27,12.0
5110035,2025,year,467482443.08,92741160.16,348862538.81000006,109774626.79,12.0,472714075.67,89163582.53999999,12.0
5110037,2021,latest,911326716.75,161534390.04,727721499.7199999,398936523.34000003,12.0,,,
5110037,2022,year,797347138.7100002,153489467.10999998,616481407.32,359841436.86,12.0,,,
5110037,2023,year,921329488.4500002,156213103.23000002,741267793.27,415543635.7099999,12.0,1153966212.4099998,231629989.43,12.0
5110037,2024,year,1299296571.55,351181955.48,917866393.16,542849143.88,12.0,1175749143.1,224984810.87,12.0
5110037,2025,year,1317606835.28,212531453.29,1076104381.0000002,655551958.53,12.0,1482426141.76,238434256.57,12.0
5110039,2021,latest,60579748.260000005,33657294.42,26270331.810000002,8451592.13000001,12.0,,,
5110039,2022,year,46993657.75,14854500.0,27540066.320000052,10374580.079999983,12.0,,,
5110039,2023,year,161709959.27,125881504.0,34590221.620000005,11693739.25999999,12.0,298020203.24,73876397.41,12.0
5110039,2024,year,143554781.55999997,101969002.91,40510432.4,12585575.84,12.0,153878423.47000003,41184653.28,12.0
5110039,2025,year,164669915.56,126085299.53,37589774.99,14150933.590000002,12.0,162961442.60000002,36380579.52,12.0
5110041,2021,year,660330539.9900001,91395939.63,544203704.7500001,346603238.05,12.0,,,
5110041,2022,year,512461286.8299999,70755939.82000001,419865767.63,252129507.27000004,12.0,,,
5110041,2023,year,524383656.38,110428516.48,397298027.0800001,207314468.36999995,12.0,656089684.3399999,95023258.74,12.0
5110041,2024,year,754721291.76,187470356.71,536391865.0899999,329502123.74,12.0,702378377.0099999,114488963.02,12.0
5110041,2025,year,705569817.3100002,103734353.18999998,576200604.3000001,348643235.82000005,12.0,824372493.17,88382626.59,12.0
5110043,2021,year,72433640.11,48971523.0,22767304.310000002,9857873.39,12.0,,,
5110043,2022,year,68005788.75999999,44326445.86,23493998.05,11973716.17,12.0,,,
5110043,2023,year,97238963.84,67423030.49,27988439.320000004,12566897.51,12.0,90320450.6,13239787.75,12.0
5110043,2024,year,117789509.37,81052591.58,35389269.51,14941009.72,12.0,120473765.17,29940300.84,12.0
5110043,2025,year,127993281.20000002,86360819.02,40606254.55,17085816.81,12.0,129278302.76,25062788.59,12.0
5112001,2021,year,193314992.72,100063792.25,91372778.99000001,50156184.38,12.0,,,
5112001,2022,year,168192733.16000003,74415830.55,92402174.19000001,54784002.59,12.0,,,
5112001,2023,year,200736561.75,82693884.57,113582416.91999999,56696736.19,12.0,310150839.25,114047150.06,12.0
5112001,2024,year,250488414.34,116117317.6,130016493.7,69674268.05,12.0,257019820.09,41584633.44,12.0
5112001,2025,year,268220057.08,111591570.46,151201856.04000002,78041223.89,12.0,284103087.87,47093503.85,12.0
5112003,2021,year,380059683.87,170450920.26,203180287.68,91850744.15,12.0,,,
5112003,2022,year,322059753.35,109996514.17,206779409.07999998,102249847.56,12.0,,,
5112003,2023,year,380416570.0400001,117661828.21,244194941.86,113757015.61,12.0,470546012.53,64082888.99,12.0
5112003,2024,year,419723167.47,138472449.93,271199661.67,136195340.12,12.0,432348188.78,24316628.14,12.0
5112003,2025,year,542371499.4,203201576.94,327608889.8,157598310.46999997,12.0,513010849.9,44979552.39,12.0
5112005,2021,year,41135344.65,22625352.0,18418436.71,8452121.8,12.0,,,
5112005,2022,year,38439596.86,20647800.0,17600854.820000004,9594750.46,12.0,,,
5112005,2023,year,49969894.77,25691704.5,23607536.91,9652298.79,12.0,55905248.85,16807545.32,12.0
5112005,2024,year,55114071.24,25804696.74,28547616.0,11832291.69,12.0,51515789.93000001,7179572.38,12.0
5112005,2025,year,63193078.41999999,27013813.51,35468435.92,13550221.2,12.0,64188412.61000001,11792939.43,12.0
5112007,2021,year,79445212.23,35500198.59,43500193.55,12343093.46,12.0,,,
5112007,2022,year,76040701.76,33794700.0,41171860.20000001,13715425.81,12.0,,,
5112007,2023,year,95269699.94,41151880.8,52990719.25000001,16281439.47,12.0,98650416.93,5547042.89,12.0
5112007,2024,year,107220256.45,45322768.84,60221932.73,21250415.29,12.0,112010788.77,14704806.01,12.0
5112007,2025,year,127923396.06,45261347.96,80184829.17,25621156.77,12.0,124453007.02,6130966.83,12.0
5112009,2021,year,211510898.38,97656007.25,109623003.47999999,41618590.46,12.0,,,
5112009,2022,year,202369533.89999998,87294094.56,110129624.66000001,42313577.75,12.0,,,
5112009,2023,year,269930933.76,118103908.57,137673780.17000002,49417456.96,12.0,289223995.97,24211574.0,12.0
5112009,2024,year,292631523.78,121809565.12,158870299.92999998,60666288.29,12.0,295837379.15,23643400.08,12.0
5112009,2025,year,359655582.98,168216176.82,180923768.58,70516361.68,12.0,360613187.09,48761363.28,12.0
5112011,2021,year,339762854.34999996,165915863.82999998,171795307.77,45612588.10000001,12.0,,,
5112011,2022,year,272580318.22,98013513.77,172831952.97,47458294.1,12.0,,,
5112011,2023,year,327341478.45,118748847.62,204187036.99,51908696.38000001,12.0,349033408.1,82758467.61,12.0
5112011,2024,year,370762076.68,132861601.31,229951372.93,64117866.13,12.0,373483794.74,70362200.83000001,12.0
5112011,2025,year,439604592.5799999,168098763.54000002,264524932.7,74998281.03,12.0,452464860.7,92504644.29999998,12.0
5112013,2021,year,232503814.69,113567278.90999998,116159028.91999999,48217472.779999994,12.0,,,
5112013,2022,year,213717296.82000002,90751354.19,121004626.35000001,52662743.16000001,12.0,,,
5112013,2023,year,271224332.35,104972985.88,155093297.13000003,55526384.730000004,12.0,269811533.25,23124938.82,12.0
5112013,2024,year,290511949.52,110731403.19,176601902.54,74232006.9,12.0,299101107.77,19468148.31,12.0
5112013,2025,year,339436249.83,125039506.43,210359096.75000003,84294234.47,12.0,347410226.33000004,23285314.44,12.0
5112015,2021,year,227784668.48,98820208.5,116993761.89999999,50510480.50000001,12.0,,,
5112015,2022,year,351133340.4799999,86296436.24999999,124008125.85999998,48840160.669999994,12.0,,,
5112015,2023,year,257060111.17000002,94417953.76,152549211.67,54794930.06999999,12.0,354349644.93000007,58373006.5,12.0
5112015,2024,year,319303368.11,117667466.56,186039729.99,76479459.77,12.0,325337055.28000003,37369709.91,12.0
5112015,2025,year,376102806.71,127832864.22,217321552.36,85745977.16,12.0,381222924.85,52624667.48,12.0
5112017,2021,year,43780165.51000001,22226096.74,20419506.83,10419404.97,12.0,,,
5112017,2022,year,46944793.84,21198872.0,24419673.48,11773416.24,12.0,,,
5112017,2023,year,56712079.45,26297245.08,27455061.42,12754038.38,12.0,54516005.58000001,3579877.17,12.0
5112017,2024,year,58301880.09,25145829.74,29150014.42,14731968.0,12.0,58652106.81,3651408.6,12.0
5112017,2025,year,69989636.04,29317060.53,36490791.23,18358993.97,12.0,65784962.35,2208544.97,12.0
5112019,2021,year,365995792.98,98400792.38,262244245.71,140155226.01,12.0,,,
5112019,2022,year,328894168.43,90943055.65,233723319.4500001,149255018.19,12.0,,,
5112019,2023,year,375878205.66999996,96051801.97,271544303.92999995,164082852.17,12.0,584172308.4300001,108081569.81,12.0
5112019,2024,year,543976372.3199999,191912311.58,337310011.13,201023331.8,12.0,523594847.13,80608163.96000001,12.0
5112019,2025,year,599670609.29,207003750.87,378516012.13,222739328.65,12.0,606737536.12,104781688.68,12.0
5112021,2021,year,158960244.70999998,86829040.34,66269834.45999999,34345902.330000006,12.0,,,
5112021,2022,year,152083411.31,71731877.62,71184948.22000001,37537949.08,12.0,,,
5112021,2023,year,187052030.96999997,88138156.53,89424249.14,42150769.61,12.0,200963470.79999995,15377195.94,12.0
5112021,2024,year,205527964.38,87213455.19000001,114170580.75,52749377.81,12.0,211077442.36,16133129.880000005,12.0
5112021,2025,year,244233617.52,108283660.67,132516650.21,60225743.31,12.0,244429087.86,21606937.89,12.0
5112023,2021,year,33161693.040000003,11812993.0,20965587.59,4305603.92,12.0,,,
5112023,2022,year,33427140.83,12996200.0,20212202.16,6370760.770000001,12.0,,,
5112023,2023,year,42457535.739999995,18286654.37,23804480.310000006,6220721.209999999,12.0,46464487.98,7101794.0,12.0
5112023,2024,year,48524657.02,17692974.800000004,27336186.06,7667764.59,12.0,49145861.66,7246325.73,12.0
5112023,2025,year,53147609.46000001,18110060.79,30877269.99,9542457.87,12.0,51643010.08,4148963.1,12.0
5114001,2021,year,139118521.71,68060756.28999999,64126743.96999999,33715742.26,12.0,,,
5114001,2022,year,131279356.71000001,64665333.21,63848833.669999994,36736064.36000001,12.0,,,
5114001,2023,year,146077533.76000002,64892398.53,76220301.75,38900847.78,12.0,172480927.09000003,19914298.07,12.0
5114001,2024,year,172980413.32000002,76779241.89,91156144.27,52051839.580000006,12.0,177392952.55999997,6911001.36,12.0
5114001,2025,year,208311748.12,86196645.27000001,110832991.22,58114256.78,12.0,210403902.9,13347478.11,12.0
5114003,2021,year,53197667.03,18822457.19,33856098.629999995,18957365.32,12.0,,,
5114003,2022,year,48690872.65,17559019.46,30515305.61,15601897.069999998,12.0,,,
5114003,2023,year,57479041.68,23625538.52,33236578.029999997,17304326.32,12.0,60507611.260000005,4851609.28,12.0
5114003,2024,year,68460016.67,23258649.35,44770942.080000006,25399268.53,12.0,63013723.43,2383691.0,12.0
5114003,2025,year,71648782.44999999,23094388.8,48475078.33,27390510.65,12.0,78202855.13,3650875.57,12.0
5114005,2021,year,109544245.97999996,40761405.1,68306028.25,10475642.5,12.0,,,
5114005,2022,year,113048159.04,32943286.55,79799616.14,11970452.36,12.0,,,
5114005,2023,year,131117317.36,37866082.06,92799825.68,13123721.87,12.0,157762848.3,32349203.770000003,12.0
5114005,2024,year,146380159.17000002,40569632.4,104765203.71,18007039.67,12.0,139690340.51,22913614.08,12.0
5114005,2025,year,164014134.78999996,44189222.8,117565455.05000004,21304766.67,12.0,151747254.75,23496114.46,12.0
5114007,2021,year,146904966.43,73451071.03999999,71709720.19,22675832.67,12.0,,,
5114007,2022,year,139121812.93,65103242.32,73106169.34,25746320.750000004,12.0,,,
5114007,2023,year,161681358.49,70175321.17999999,86397213.37000003,29893381.41000001,12.0,241710164.05,68342165.66,12.0
5114007,2024,year,179126376.25,76943421.68,99096710.94,38842354.59,12.0,190055651.59,22635663.97,12.0
5114007,2025,year,216215675.45,91877833.25,118682972.89,44006771.0,12.0,220298945.42,16363723.8,12.0
5114009,2021,latest,108170150.16,74242794.22,33359324.320000004,14886301.620000001,12.0,,,
5114009,2022,year,97132092.36,66136197.49,30750245.720000006,16012179.47,12.0,,,
5114009,2023,year,110650894.76,69810839.27,40291431.730000004,18347720.35,12.0,125752419.70000002,10365626.23,12.0
5114009,2024,year,125756163.43,76503960.71000001,47156560.45,21356342.94,12.0,128582560.07,8235914.48,12.0
5114009,2025,year,167611735.98000002,110139786.76,54900857.82000001,23334115.92,12.0,168881143.12999997,35367154.2,12.0
5114011,2021,year,73670527.06000002,31425389.42,42094544.63999999,10566121.21,12.0,,,
5114011,2022,year,73327390.57000001,30028889.91,43109996.93,12093200.99,12.0,,,
5114011,2023,year,87902155.09,33044016.39,50937270.74000001,13655502.8,12.0,94489842.62000002,19772164.17,12.0
5114011,2024,year,84352156.51,33011997.75,50142046.74,16640386.38,12.0,80193357.88,8193587.8,12.0
5114011,2025,year,93311768.31,37084624.580000006,55535155.8,18013992.57,12.0,103674181.11000004,15800079.28,12.0
5114013,2021,year,384625414.21,213378179.68000004,166992274.73000002,63364025.56,12.0,,,
5114013,2022,year,306708219.58000004,143491645.59000003,161294084.4,71074950.18,12.0,,,
5114013,2023,year,353780545.69,155502577.51999998,192422277.52,76308153.52,12.0,379297433.25000006,50886249.57,12.0
5114013,2024,year,421660402.6499999,160818385.26999998,226847873.2,97430165.57,12.0,420418083.14,69559567.95,12.0
5114013,2025,year,493081790.6100001,204476499.5,262587668.77,111412127.57,12.0,508878952.8,91022614.15,12.0
5114015,2021,year,100019108.13000001,33615599.39,66079910.56000001,18503979.200000003,12.0,,,
5114015,2022,year,102116477.62,29251294.24,72480082.87,19737460.910000004,12.0,,,
5114015,2023,year,119263459.98,29992061.19,88412682.89,23711253.49,12.0,116219473.0,25636532.32,12.0
5114015,2024,year,131918620.69000004,30488362.91,100356910.70000002,30589949.82,12.0,135036065.98000002,40947670.06,12.0
5114015,2025,year,147397558.97,30660468.63,115364951.4,33549928.44,12.0,151026402.89999998,46267078.43,12.0
5114017,2021,year,38661810.42,20901282.84,17108833.74,8278535.679999999,12.0,,,
5114017,2022,year,38137887.28,20403200.0,17152951.82,8252038.100000001,12.0,,,
5114017,2023,year,50637463.77,27002756.36,23066803.48,9587309.780000001,12.0,53525875.08,3923309.95,12.0
5114017,2024,year,51127116.41,23202923.89,26994921.85,12693735.02,12.0,50761417.17,639123.15,12.0
5114017,2025,year,64707328.7,28361102.59,35460356.69,15270250.65,12.0,67208751.32000001,3551712.14,12.0
5302001,2021,year,383968866.18,116833113.04,252701409.29,164751270.95000002,12.0,,,
5302001,2022,year,370529833.7,84033593.82,275519004.51000005,188892955.45000002,12.0,,,
5302001,2023,year,460585936.88,89516492.46999998,330227238.99,228501245.08,12.0,512377263.1,51800583.54000001,12.0
5302001,2024,year,545864463.8899999,103491755.29,400589493.15,279918773.03,12.0,576769039.91,84831366.91000001,12.0
5302001,2025,year,613548030.14,107583003.76,479962867.9200001,329329917.76000005,12.0,636192346.8000001,59106507.81,12.0
5302003,2021,year,980694067.75,167390578.42,743573663.51,469148522.86,12.0,,,
5302003,2022,year,1089278992.8300002,101399880.17,830580611.1999999,474513623.97,12.0,,,
5302003,2023,year,874689070.9899999,108428840.38,736417924.3799998,416033876.2599999,12.0,1006983533.3800002,164769215.25,12.0
5302003,2024,year,1116837316.51,130915263.99,942436202.22,506981962.8900001,12.0,1045987635.68,154293254.78,12.0
5302003,2025,year,1194080906.3100002,140796701.85,1002340418.62,522995040.56,12.0,1278951950.79,170514836.72,12.0
5302005,2021,year,151249641.66999996,76806007.73,71679173.75999999,37356651.21000001,12.0,,,
5302005,2022,year,143484460.15,67787767.84,72246391.21,40127223.28,12.0,,,
5302005,2023,year,181720548.36,82667986.68,88927412.21,46907027.440000005,12.0,181339660.59,15102270.810000002,12.0
5302005,2024,year,219792237.39,81547763.63,125309234.82,71196263.33999999,12.0,209014175.5,27380077.04,12.0
5302005,2025,year,233459839.94,72902502.41000001,148129304.16,75411007.5,12.0,235893241.41,30570445.08,12.0
5302007,2021,year,74743113.58000001,44248260.77,29049691.73,12255327.4,12.0,,,
5302007,2022,year,78151152.53999999,47688336.82,29688764.65,14058220.74,12.0,,,
5302007,2023,year,92731919.09,55709281.97,36291406.09,15884955.64,12.0,87768807.01,1408145.75,12.0
5302007,2024,year,102600919.53,54492106.64,46930743.52,20402460.51,12.0,103552860.69,3588134.56,12.0
5302007,2025,year,121226439.49,59512274.67,60401304.0,22307996.36,12.0,118623866.93,3543196.06,12.0
5302009,2021,year,163449936.59999996,59110347.3,90990611.94999999,47174644.46,12.0,,,
5302009,2022,year,147431734.73999998,50496232.96,93437927.85000004,48792262.16,12.0,,,
5302009,2023,year,176504072.44,64965107.98,102041527.95,45634919.16,12.0,180511426.30999997,12020871.45,12.0
5302009,2024,year,211051762.81,68876118.16,129036232.81,62858142.81,12.0,209226650.68,18234778.76,12.0
5302009,2025,year,254466293.05,71612617.26,171035877.97,78439352.18,12.0,247410814.03,23501849.4,12.0
5302011,2021,year,2368933682.2599998,617061663.8900001,1692021016.7300003,1110571220.54,12.0,,,
5302011,2022,year,2235007948.3600006,411687117.02,1786262006.26,1230701403.33,12.0,,,
5302011,2023,year,2544631423.8599997,445906766.88,2009570303.29,1294587550.3400002,12.0,3180370107.72,813029328.99,12.0
5302011,2024,year,3079323945.69,538213499.92,2444124307.4,1545790541.99,12.0,3005158195.05,462538075.62,12.0
5302011,2025,year,3479814897.46,583188954.77,2820800965.9500003,1745111250.86,12.0,3485444639.66,557831484.04,12.0
5302013,2021,year,71368499.03,19318158.33,37696718.39000001,17138713.490000002,12.0,,,
5302013,2022,year,65882021.080000006,15346052.68,45239765.47,19176819.14,12.0,,,
5302013,2023,year,72559617.0,13302561.83,53022154.29,18573687.85,12.0,71077284.63,9476108.22,12.0
5302013,2024,year,90269415.23,19505067.26,61799757.65,21446973.04,12.0,88775102.75,9115380.17,12.0
5302013,2025,year,90625503.88,17071346.060000002,71210514.53999998,23383431.88,12.0,94033920.01,6854427.47,12.0
5302015,2021,year,64130767.16,30200870.16,32931181.85,17480116.16,12.0,,,
5302015,2022,year,53555716.04000001,19632855.42,32006154.17,19559387.86,12.0,,,
5302015,2023,year,68608148.95,26145444.8,38168862.08999999,22717413.9,12.0,70449993.37,7652113.0,12.0
5302015,2024,year,78419347.55000001,23120750.69,49292914.01,29132402.020000003,12.0,79528060.86,3914965.77,12.0
5302015,2025,year,87736501.67,28714669.14,53889743.46,31568487.96,12.0,86993454.77999999,2221541.69,12.0
5302017,2021,year,48655372.8,16774928.68,30976353.4,16903933.82,12.0,,,
5302017,2022,year,49751450.85999999,14852225.08,32398830.049999997,18981200.08,12.0,,,
5302017,2023,year,59492209.45,18498806.69,36356500.07,21953262.570000004,12.0,58233895.150000006,1729061.31,12.0
5302017,2024,year,64744830.27,18650745.72,43130255.91,26753524.09,12.0,60732735.63,3685331.42,12.0
5302017,2025,year,74922042.75,19014671.25,51119445.64000001,29583846.35,12.0,74716121.21,8238107.47,12.0
5302019,2021,year,140525220.26000002,58745562.18,80068872.05,44612289.42,12.0,,,
5302019,2022,year,136889664.99,52411014.11,79752756.44999999,45402552.19,12.0,,,
5302019,2023,year,169115146.54000002,70535732.58999999,95734657.45000002,51200651.440000005,12.0,157194136.2,12957320.63,12.0
5302019,2024,year,182468156.56,62684225.3,116729174.55,62150713.82000001,12.0,176975332.07000002,11981026.5,12.0
5302019,2025,year,207379933.07,70238376.97999999,135618208.22,66796824.49,12.0,203967652.79,16145470.94,12.0
5302021,2021,year,65932472.23,13588938.69,29686623.0,8459334.36,12.0,,,
5302021,2022,year,91612682.11,14623336.81,56427051.74,8727982.07,12.0,,,
5302021,2023,year,99425435.16,17390130.03,55837702.88,10028339.42,12.0,107714356.65,47217740.7,12.0
5302021,2024,year,143744474.85,16231885.78,68365257.55,12488828.260000002,12.0,129974576.75,64352683.8,12.0
5302021,2025,year,118389295.07,17262320.21,83279147.72999999,16090848.54,12.0,107924315.33,24434692.64,12.0
5302023,2021,year,185991306.91,72402023.88,111582768.31,57594361.75999999,12.0,,,
5302023,2022,year,174218536.98000002,52265655.82,110160394.29,58966831.809999995,12.0,,,
5302023,2023,year,190849310.42,61898539.36,124676402.24000001,66033664.02,12.0,192187382.57,6572760.359999999,12.0
5302023,2024,year,215115322.37,57291459.41,149280719.09,79275289.39,12.0,217312573.16000003,10668091.61,12.0
5302023,2025,year,252639737.46,69648057.48,169424618.41,94033477.03,12.0,248708257.48,19375070.29,12.0
5304001,2021,year,223869246.56,73299313.24000001,145909911.94,93438877.22999999,12.0,,,
5304001,2022,year,212582279.42000002,60704487.02,146743268.0,99527194.69000001,12.0,,,
5304001,2023,year,247163407.13000003,65581448.03,168628519.71,114722348.86,12.0,246631005.93000004,7822305.7,12.0
5304001,2024,year,292924892.83,81858493.52000001,196160130.75,131698730.04,12.0,282860550.65,15017686.92,12.0
5304001,2025,year,313536072.37,84923263.83,212994425.41,137384969.47,12.0,320311440.36,23685888.03,12.0
5304003,2021,year,621181451.48,199340690.45,406888143.16,228334100.5,12.0,,,
5304003,2022,year,604158951.0400001,169188968.68,424456735.96000004,249799213.19000003,12.0,,,
5304003,2023,year,733345314.8799999,192361368.91,508412582.61,285114323.26,12.0,774758788.57,98431901.35,12.0
5304003,2024,year,855025020.07,205375684.41,621125503.5500001,340464144.36,12.0,863794857.87,72517941.13,12.0
5304003,2025,year,1007349905.14,236072912.42,744532566.5699999,394560301.56,12.0,993100189.78,102343526.42,12.0
5304005,2021,year,103403979.11,34569294.84,67867338.02,41803722.25,12.0,,,
5304005,2022,year,100132965.37,28010395.77,70833953.97,41178925.51,12.0,,,
5304005,2023,year,131129525.55000004,43845689.32,85684060.65,50279994.85,12.0,127017730.11,15883234.91,12.0
5304005,2024,year,149918654.72,35231821.37,107282271.16,66297693.470000006,12.0,149165382.31,10634690.5,12.0
5304005,2025,year,176103526.58999994,38105309.58,117965576.96000002,72585438.04,12.0,180058915.17,24008008.680000003,12.0
5304007,2021,year,163885772.16999996,64035257.11,96811092.2,53141250.54,12.0,,,
5304007,2022,year,155086938.94,46103151.57,95095648.19999997,53698550.52,12.0,,,
5304007,2023,year,204324841.08999997,63536155.010000005,118495069.61,65729488.07,12.0,204030228.98,35573493.14,12.0
5304007,2024,year,214203418.39,59748516.70999999,146127937.06,87243263.76,12.0,215844058.53,10942094.16,12.0
5304007,2025,year,232059466.39,67901243.38,156159847.60000002,87154744.33999999,12.0,244300148.71,12804066.81,12.0
5304009,2021,year,442637367.68,116400629.03,227323458.07,103725160.07,12.0,,,
5304009,2022,year,321280483.52000004,117055040.9,195387670.91,114133505.26000002,12.0,,,
5304009,2023,year,360264879.73,91686101.19,246238954.44,126203302.21000001,12.0,409300633.56999993,74684082.07,12.0
5304009,2024,year,453543377.71,129958730.44,306495053.24999994,146731562.29,12.0,469727387.56,61692422.94,12.0
5304009,2025,year,511089122.36,124078136.07,356462773.7,162350288.01,12.0,519417161.1,74791837.86,12.0
5304011,2021,year,334977049.00000006,112925488.41,214760110.5,127951611.22,12.0,,,
5304011,2022,year,301184645.98,89610624.08,206455468.99,133997542.66,12.0,,,
5304011,2023,year,360840347.44,99781759.49,245897081.65000004,144686237.32999998,12.0,346499363.75000006,36323137.69,12.0
5304011,2024,year,434384715.78,120094503.07,303399550.13,176024251.22,12.0,434845962.4700001,65146262.14,12.0
5304011,2025,year,491736966.23,120979249.99,354103187.81,196849625.76,12.0,501575192.37,45941297.95,12.0
5304013,2021,year,129155645.16000001,49796280.35,73290701.36,39882807.18,12.0,,,
5304013,2022,year,100728391.22000001,29533645.63,68936219.7,35189246.55,12.0,,,
5304013,2023,year,128843640.15,42167698.4,81026312.39000002,41592774.38,12.0,131473004.8,17994479.93,12.0
5304013,2024,year,150656793.39999998,46133558.35,94016041.44,46837636.32,12.0,148141239.57999998,16775137.7,12.0
5304013,2025,year,165786064.49999997,46364579.94,111221967.88,55243887.39,12.0,169917164.04,9499317.42,12.0
5306001,2021,year,86763108.65999998,25526029.59,59397117.47999999,38003342.31,12.0,,,
5306001,2022,year,84527101.82,23133380.6,55297332.220000006,41447789.0,12.0,,,
5306001,2023,year,104166635.53999999,24107873.2,70580453.21,52593247.63,12.0,112042851.07,19694967.25,12.0
5306001,2024,year,119278796.20999998,31070631.43,83617413.66,63014004.26,12.0,114304656.79,7520892.720000001,12.0
5306001,2025,year,150126574.45999998,33879808.81,104969842.86,79010301.21000001,12.0,152842270.26,17933253.32,12.0
5306003,2021,year,111607212.53999999,41722251.92,68020362.25999999,39564930.95999999,12.0,,,
5306003,2022,year,104273411.39,34338064.04,67680661.11,39556405.86000001,12.0,,,
5306003,2023,year,139137494.14999998,44964078.79,81755882.89999999,46485835.169999994,12.0,134377226.21,13771705.29,12.0
5306003,2024,year,146747745.44000003,42179624.73,97189924.0,54506510.48,12.0,144789267.62,3388059.54,12.0
5306003,2025,year,172940156.35000002,50306536.21999999,112164938.88,66511063.48,12.0,172267289.47000003,6269894.47,12.0
5306005,2021,year,123435854.95000005,23245323.39,96304835.83,31376029.05,12.0,,,
5306005,2022,year,111533187.48,19281109.0,89107487.53,32288228.130000006,12.0,,,
5306005,2023,year,114747839.55000001,23083619.45,81261128.93,40311129.46,12.0,150020351.60000002,15414501.11,12.0
5306005,2024,year,121113062.2,23426793.4,88554586.27,43078111.54,12.0,121471511.35000002,4959358.18,12.0
5306005,2025,year,142033094.73999998,26317193.08,108421090.42999998,52405760.13,12.0,141027433.55,4503108.18,12.0
5306007,2021,year,132373996.57,24041780.43,106821265.96999998,39066246.65,12.0,,,
5306007,2022,year,225964104.6,20747479.36,202558107.36000004,43270910.45,12.0,,,
5306007,2023,year,244183429.41,19930083.55,209128221.78,54722270.36,12.0,283744083.87,80724764.65,12.0
5306007,2024,year,179620533.89999998,24267166.52,138361417.67,66969637.87,12.0,224734063.90000004,54199780.42,12.0
5306007,2025,year,185249922.55,25719947.73,141708109.86999995,66209096.44,12.0,200218190.49,27785611.21,12.0
5306009,2021,year,290838540.9800001,134360573.26,150295054.04,82271900.32,12.0,,,
5306009,2022,year,227580870.6,78696742.30000001,144856257.36,83120881.60999998,12.0,,,
5306009,2023,year,258815552.99,92594905.33,158824699.68999994,90779019.1,12.0,287919196.6,16879847.31,12.0
5306009,2024,year,305971470.35,99617892.34,196587296.66000003,111597109.15,12.0,295206031.37000006,22979090.76,12.0
5306009,2025,year,335998674.68000007,96184436.94,232333554.1,131324089.44,12.0,343764710.81999993,16385043.99,12.0
5306011,2021,year,59294330.1,14293618.17,41975570.09,26971223.87,12.0,,,
5306011,2022,year,58694989.72,12590194.4,45170432.89999999,28887551.209999997,12.0,,,
5306011,2023,year,68129567.25999999,12310139.95,49002962.11999999,30363192.92,12.0,67626392.49,3018432.35,12.0
5306011,2024,year,78762645.67,18484054.37,53020766.75,29279216.28,12.0,76858901.07000001,7971430.62,12.0
5306011,2025,year,84786529.08,19446257.17,60789554.03,35519139.18,12.0,80014732.37,2188174.15,12.0
5306013,2021,year,124812559.31,38778390.88,82176086.54,34574935.99,12.0,,,
5306013,2022,year,101897676.4,33191649.51,64329250.62999999,26071464.02,12.0,,,
5306013,2023,year,146183037.43,57624735.12,84445277.13999999,35850094.580000006,12.0,127445239.62000002,3263771.31,12.0
5306013,2024,year,142818330.99000004,43326812.260000005,95791215.31,37144920.120000005,12.0,148993828.09000003,6742995.24,12.0
5306013,2025,year,208160370.24,43868027.0,154225016.79000002,47225236.99000001,12.0,192018036.55,17978038.990000002,12.0
5306015,2021,year,135312118.18,27275210.74,104578474.17,44004593.25,12.0,,,
5306015,2022,year,111038891.35,21690975.1,88138362.53999998,30279897.86,12.0,,,
5306015,2023,year,151703947.64000002,51259475.18,97940102.38,50259443.23,12.0,159962248.41000003,44863548.510000005,12.0
5306015,2024,year,141847472.7,27307603.04,110866241.12,58409280.15,12.0,139810010.29,26596671.74,12.0
5306015,2025,year,165276355.19,38017644.49,116952042.87,57139379.47999999,12.0,160256938.3,27285600.11,12.0
5306017,2021,year,70839829.85000001,13467635.76,56154443.7,17129398.89,12.0,,,
5306017,2022,year,69038456.20000002,12729298.86,56088523.3,16837362.2,12.0,,,
5306017,2023,year,70321534.04,17956028.32,47000432.33,19104132.71,12.0,81860366.41,8646808.0,12.0
5306017,2024,year,65439501.29000001,15536334.28,47964938.690000005,22438879.94,12.0,65868235.82,1629831.4,12.0
5306017,2025,year,73535883.69,17483690.85,52324981.45,26297900.21,12.0,72969490.24,2202435.0,12.0
5306019,2021,year,354925186.6,98676645.22,247898707.20000002,107132866.17999999,12.0,,,
5306019,2022,year,419404003.63,75829197.84,335055221.07,98707971.62,12.0,,,
5306019,2023,year,383875176.99,84452953.05,291123850.7,118400094.38,12.0,447775672.1400001,48110864.6,12.0
5306019,2024,year,396920688.57,79437560.49,309306586.56,140217643.49,12.0,398613244.52,25820672.67,12.0
5306019,2025,year,466083297.94,93318857.95,364235718.44,166460805.48999998,12.0,481937507.46,47588505.28,12.0
5306021,2021,year,54398631.99,15336847.06,38122681.03,17833764.59,12.0,,,
5306021,2022,year,56515453.52,17308171.67,38461061.13999999,19136464.200000003,12.0,,,
5306021,2023,year,72434018.71,20472420.05,45873481.97,23172912.91,12.0,67001992.48000001,3454488.46,12.0
5306021,2024,year,80890994.14,19775863.270000003,56833362.35,28027068.08,12.0,76438368.47000001,6222532.94,12.0
5306021,2025,year,92986596.80999996,22150255.24,62025988.20999999,32511816.07,12.0,91692840.6,8479127.78,12.0
5306023,2021,year,540306235.9200001,213824308.75000003,308328982.21000004,155367581.23999998,12.0,,,
5306023,2022,year,483969942.3000001,142971395.67,324165688.77000004,170450293.35000002,12.0,,,
5306023,2023,year,561638999.4699999,141517095.28,389219921.13,200128525.48,12.0,694430518.9800001,110609469.05,12.0
5306023,2024,year,691423925.95,188241676.33,476545988.66,244661347.69,12.0,693682780.7199999,93440500.94,12.0
5306023,2025,year,815683035.83,216550387.6,541981489.0699999,282870848.67,12.0,838398052.8799999,165229944.54,12.0
5306025,2021,year,58449172.900000006,20792659.14,35468951.35,10543571.43,12.0,,,
5306025,2022,year,53056095.36,19213918.78,31435284.26,10785071.66,12.0,,,
5306025,2023,year,73750230.78999999,25182504.66,44419760.36,18776961.74,12.0,74389730.52999999,3512137.43,12.0
5306025,2024,year,74564617.32,17419563.88,53426255.44,24135726.76,12.0,73517713.64999999,3279657.06,12.0
5306025,2025,year,95068610.46,20034593.160000004,62641480.48000001,29093459.01,12.0,93564752.46,15292521.63,12.0
5306027,2021,year,63689476.650000006,20048243.08,42730658.28,10867338.82,12.0,,,
5306027,2022,year,43480466.56,17813278.65,25065523.57,11355320.54,12.0,,,
5306027,2023,year,53130668.28,20389008.4,27459604.390000004,12529064.14,12.0,51928847.74000001,2829341.0300000003,12.0
5306027,2024,year,73624688.77000001,36086667.68,34317318.730000004,15296657.53,12.0,57644878.29,4433647.71,12.0
5306027,2025,year,85145783.28,38178848.91,39544264.73,18108621.95,12.0,75149200.72,7376174.14,12.0
5306029,2021,year,244840465.29000008,33149772.04,207923327.64999998,33113498.229999997,12.0,,,
5306029,2022,year,217605778.01,24050120.71,188154676.64,42843306.21,12.0,,,
5306029,2023,year,195060360.04,24392961.14,155643639.23999995,47858973.53,12.0,274093095.84,74752988.99000001,12.0
5306029,2024,year,196277262.81,29218437.05,154339233.35999998,53895372.54,12.0,198861241.21,17129899.48,12.0
5306029,2025,year,173282018.38,33976573.730000004,132374031.13,68647277.94000001,12.0,166329365.97000003,3572714.37,12.0
5306031,2021,year,69730853.99,14096359.45,53992370.53,15963070.07,12.0,,,
5306031,2022,year,82937037.43,10285835.0,71037914.03999999,14150622.670000002,12.0,,,
5306031,2023,year,99995338.46000001,12979967.59,78358542.57000001,31891390.370000005,12.0,99721037.5,13054776.57,12.0
5306031,2024,year,118611986.28,16212625.09,96052926.92000002,50795762.81,12.0,117704595.12999998,16012310.61,12.0
5306031,2025,year,129970512.04,18609975.2,108401824.26000002,60996616.66,12.0,131344450.34,20347596.78,12.0
5306033,2021,year,276274286.52,59181838.0,179923773.15,103965276.29,12.0,,,
5306033,2022,year,253210432.09000003,52376232.97,196018302.66,105308606.97,12.0,,,
5306033,2023,year,291685538.02000004,51441989.8,226435362.61,127804897.18,12.0,314471451.52,35404185.22,12.0
5306033,2024,year,335217048.08,68759487.85,252303583.57,148948657.55,12.0,347818789.45,34697463.52,12.0
5306033,2025,year,361226442.95,68444800.41,277487202.36,161516624.03000003,12.0,347078908.73,17947413.67,12.0
5308001,2021,year,121326082.53000002,46821277.21,72375882.01,42414698.98,12.0,,,
5308001,2022,year,100234704.18,35701847.31,62961959.970000006,32333626.96,12.0,,,
5308001,2023,year,135393813.20999998,55265222.120000005,73092997.13,34764498.97,12.0,171007002.52,11066708.21,12.0
5308001,2024,year,173375440.88,68996796.00999999,89136299.89,41221928.59,12.0,171529653.49,22904635.97,12.0
5308001,2025,year,191149658.81,71714298.1,111531539.15,51148119.17,12.0,195287163.1,23081724.17,12.0
5308003,2021,year,66781264.14,19932617.02,45629513.2,14717016.05,12.0,,,
5308003,2022,year,61185189.25999999,17916736.490000002,42565443.96,15609092.08,12.0,,,
5308003,2023,year,110897394.02000001,25285847.71,45632659.25,17496995.75,12.0,122443716.11999996,41599201.12,12.0
5308003,2024,year,88252228.54999998,25471514.27,59341923.42,20693301.48,12.0,87277483.13999999,4869664.15,12.0
5308003,2025,year,114958258.33,28472165.540000003,79422125.00999999,25527179.06,12.0,113273069.8,11474954.8,12.0
5308005,2021,year,233656944.51999998,63769821.31,153293692.77,90995848.08000001,12.0,,,
5308005,2022,year,240683791.33,57314377.870000005,169591622.29000002,108481606.80999999,12.0,,,
5308005,2023,year,306379944.38,57110681.89,218211474.42,149079984.61000004,12.0,326923302.45,46398399.2,12.0
5308005,2024,year,345067980.00999993,81722023.47,243732937.28,161550177.36,12.0,327821926.98,34655362.82,12.0
5308005,2025,year,380843611.06,79673512.44,274886055.68000007,177259199.25,12.0,391384165.2,33112734.5,12.0
5308007,2021,year,59340115.2,15477061.3,42251253.45,29746966.91,12.0,,,
5308007,2022,year,60807411.60999999,13134596.92,46712024.01,32607556.22,12.0,,,
5308007,2023,year,68204119.56,13464939.96,52602247.870000005,38846807.28,12.0,67339362.29,5302739.96,12.0
5308007,2024,year,79600786.08999999,15551551.46,60414832.120000005,44964476.33,12.0,72453699.67,5685365.35,12.0
5308007,2025,year,87983908.13999999,18536461.26,64704381.91,46247755.21,12.0,91617160.63,4028481.7,12.0
5308009,2021,year,298339236.71999997,100446354.21,188359032.10000002,91743250.25,12.0,,,
5308009,2022,year,257655805.81,73864357.78,171936390.13,89950761.41,12.0,,,
5308009,2023,year,325861349.1600001,87320526.59,220656757.01999998,133046450.73,12.0,347228980.3,35735996.17,12.0
5308009,2024,year,422493541.4399999,99128027.46,313166882.71000004,215871952.89,12.0,417761890.09,58788794.1,12.0
5308009,2025,year,487112627.85,132760485.53000002,336633440.19,225037193.28,12.0,465358696.85,68977804.25,12.0
5308011,2021,year,247826386.18,81740162.41000001,161242965.32999998,80022650.44,12.0,,,
5308011,2022,year,245072373.68,74845411.63,161166488.93,86897279.54,12.0,,,
5308011,2023,year,275652346.08000004,88531822.05,170883547.07000002,92185227.2,12.0,271704608.18,5194578.140000001,12.0
5308011,2024,year,301579806.82000005,87970877.84,206095983.78,109896401.21000002,12.0,283014734.69,2840995.87,12.0
5308011,2025,year,339275745.67,87799694.03000002,225560668.14000005,119168037.86,12.0,326221590.81,1856760.81,12.0
5308013,2021,year,234653003.64,101021186.75,129296832.21,72705618.89,12.0,,,
5308013,2022,year,232414588.46,92416935.08,130975370.72,77358576.45000002,12.0,,,
5308013,2023,year,294027833.67,114363932.83,164784107.22000003,100564118.2,12.0,293995630.94,22184806.3,12.0
5308013,2024,year,308171282.01000005,102092657.36,196999848.53000003,117041874.91,12.0,320985287.06000006,15994765.49,12.0
5308013,2025,year,372586244.21,114240960.21,229676804.67,131893218.72,12.0,362397781.62,27653087.5,12.0
5308015,2021,year,136809929.05000004,30437290.0,105611167.7,13677677.79,12.0,,,
5308015,2022,year,86777426.0,16698368.91,69920975.64999999,15005564.83,12.0,,,
5308015,2023,year,76116349.51000002,19086453.0,54429221.23,17741349.759999998,12.0,92846679.79,16792699.09,12.0
5308015,2024,year,83163515.75,27206514.08,52531774.50999999,20058223.89,12.0,84339666.49000002,11458072.91,12.0
5308015,2025,year,90130494.3,35808282.11,52274294.94,23153013.93,12.0,81862739.74000001,6599685.34,12.0
5308017,2021,year,224668880.18,82666475.49000001,125331415.01,59812220.52,12.0,,,
5308017,2022,year,168430147.93,39721336.78,121708474.8,63210245.69999999,12.0,,,
5308017,2023,year,215605468.3,41322930.53,128088854.11,72521297.58,12.0,243501298.53,72343341.09,12.0
5308017,2024,year,215285447.38,61457938.53,142903632.42,82695094.16,12.0,213662583.03000003,25351436.39,12.0
5308017,2025,year,238829018.02,65601849.39,162582113.99999997,101308256.38,12.0,242763115.85,33761445.36,12.0
5308019,2021,year,97579232.09,30837644.04,64193239.54,29476398.03,12.0,,,
5308019,2022,year,87190379.16999999,24646021.53,59390494.28,31496091.09,12.0,,,
5308019,2023,year,93741414.97999999,30284894.61,60311359.37,34327647.64,12.0,108957289.58,13749011.89,12.0
5308019,2024,year,104203368.17000002,30423492.67,67098954.46000001,40733889.65,12.0,110598544.75,9014571.46,12.0
5308019,2025,year,107733788.19,32935050.39,72414474.31000002,46020779.76,12.0,109617861.11,1532653.88,12.0
5308021,2021,year,130924730.06000002,15539552.7,112802602.06,15549387.300000004,12.0,,,
5308021,2022,year,107438645.3,14837279.89,91868272.76,19216174.5,12.0,,,
5308021,2023,year,105782721.74,20709356.39,83275423.91,20764770.35,12.0,134882855.66,19597056.33,12.0
5308021,2024,year,119099285.38,16738857.48,98755346.14000002,33504437.71,12.0,122503623.75,26317191.38,12.0
5308021,2025,year,119180478.91,23533286.700000003,91016579.54,33063379.0,12.0,118539364.77,11672105.739999998,12.0
5308023,2021,year,104698305.1,35416587.11000001,65132262.42999999,23937224.93,12.0,,,
5308023,2022,year,170005616.89,38506894.94,127728730.27,29050925.840000004,12.0,,,
5308023,2023,year,251813151.38,128049261.39,114019607.6,31646003.96,12.0,210789505.73,33846485.87,12.0
5308023,2024,year,124898601.29,40278664.190000005,78089407.04999998,37631764.68,12.0,263500476.71,109255271.62,12.0
5308023,2025,year,142589572.92000002,50640334.09,87995624.38,41038786.86000001,12.0,140188342.87,2407450.32,12.0
5308025,2021,year,230595323.29999998,50797700.43000001,175209415.27,83511448.97,12.0,,,
5308025,2022,year,213976697.48999998,40329810.13,170164483.42,94554786.55,12.0,,,
5308025,2023,year,226695610.4,40897196.27,179649070.95000005,108947580.23,12.0,274694351.62,25569709.82,12.0
5308025,2024,year,261521254.98,48771172.36,205611231.04,124674876.9,12.0,251172459.83,16707620.07,12.0
5308025,2025,year,294268097.8,51901512.03,237420016.36,148092219.29000002,12.0,292677394.85,17218502.77,12.0
5308027,2021,year,92490121.38,19768081.0,63672633.89,39517338.57,12.0,,,
5308027,2022,year,91809615.49,17530428.0,73019842.72999999,35425950.0,12.0,,,
5308027,2023,year,101190133.44000001,16485070.1,79849364.98,49843912.510000005,12.0,103017873.34,12378416.28,12.0
5308027,2024,year,122547178.85,20283788.970000003,95865844.59,58673093.71999999,12.0,120447038.55999996,10679238.2,12.0
5308027,2025,year,130657324.80000004,20362383.18,107704496.33,60965317.75,12.0,124797259.62000003,4699219.489999999,12.0
5308029,2021,year,89036423.16,30881178.1,54259043.86,27826088.38,12.0,,,
5308029,2022,year,94963252.35,15370663.8,73785638.99,32438419.81,12.0,,,
5308029,2023,year,130517240.17,62481665.98,63566355.74,32478581.91,12.0,131015524.42,57604953.34,12.0
5308029,2024,year,100601432.43,25144146.0,66777836.63,35602971.489999995,12.0,112718322.35,33137817.94,12.0
5308029,2025,year,121959045.9,24483192.88,81194354.49000001,47036275.68,12.0,114515232.99000002,20728527.91,12.0
5308031,2021,year,228799998.46000004,102325107.32,119360572.47,61854992.86000001,12.0,,,
5308031,2022,year,240112138.51999998,99199916.05,128917702.96999995,65525807.24000001,12.0,,,
5308031,2023,year,284901532.14,109764243.76,156657180.80000004,75504418.31,12.0,304027784.97,41049048.69,12.0
5308031,2024,year,301828675.48999995,106161745.53,185724531.4,90824743.61,12.0,300232110.98,17296220.169999998,12.0
5308031,2025,year,341735933.92999995,119064967.41,210680141.7,100667127.04,12.0,351294460.85,18995261.87,12.0
5308033,2021,year,75630575.35999998,26195373.5,47191805.07,28994595.54,12.0,,,
5308033,2022,year,59861531.119999975,19478560.2,37802027.739999995,24330749.269999996,12.0,,,
5308033,2023,year,149989575.22,100029622.42,46962900.879999995,27082947.64,12.0,155165729.53,15673462.94,12.0
5308033,2024,year,144158679.34,48439347.11,88764942.63999999,63758735.7,12.0,156108869.24,25459047.26,12.0
5308033,2025,year,128514115.61,26212738.69,99156701.39,69690513.25,12.0,132126519.04,7321799.899999999,12.0
5308035,2021,year,133919214.13000001,23304240.84,105748894.74000001,42749663.72,12.0,,,
5308035,2022,year,109641293.69000001,17415641.52,83477647.98,37947463.07,12.0,,,
5308035,2023,year,462941384.80999994,26762799.83,426072376.08000004,46773372.719999984,12.0,359055366.73,165720600.85,12.0
5308035,2024,year,141938057.14999998,23242963.54,113872781.15,61238467.91,12.0,230258665.83,70309866.19,12.0
5308035,2025,year,192793807.63,25544475.12,162286727.67000002,102254781.69,12.0,224876142.19,40958786.48,12.0
5308037,2021,year,3993791247.4,785377223.72,3019779296.5699997,1928115488.74,12.0,,,
5308037,2022,year,4156433429.9300003,784142770.05,3315998930.3399997,2103326373.88,12.0,,,
5308037,2023,year,4391960490.350001,639788206.65,3668960088.16,2398662644.6400003,12.0,5246769028.6,1133805986.3200002,12.0
5308037,2024,year,5482392824.13,841133736.37,4507821595.44,2920515601.84,12.0,5572106210.219998,1301336794.91,12.0
5308037,2025,year,6261947592.790001,834682652.59,5254626390.260001,3455031382.8,12.0,6112145979.22,874291653.9300002,12.0
5308039,2021,year,390052806.80999994,116336280.37,194689714.53,110306270.81000002,12.0,,,
5308039,2022,year,275448370.98999995,81198864.75,185766073.72,115547805.72999999,12.0,,,
5308039,2023,year,355403640.11,94565442.0,240891455.67999995,156944388.82000002,12.0,403417561.61,64361100.81999999,12.0
5308039,2024,year,412749525.86,98588416.7,299828675.83,195503387.57,12.0,438130132.79,69612538.33,12.0
5308039,2025,year,471055512.56000006,109410117.74,340831787.04999995,210317483.77,12.0,466651594.0100001,42115474.28,12.0
5308041,2021,year,94076526.71999998,34982808.85,57160978.71000001,28478994.63,12.0,,,
5308041,2022,year,97887200.62,28932822.69,60046911.86,30772538.16,12.0,,,
5308041,2023,year,134730721.26999995,45546645.58,76839749.33000001,39312214.07000001,12.0,129428479.74,13380781.81,12.0
5308041,2024,year,140645835.36999995,40964666.04,90766638.59,46255050.17,12.0,147299082.64,16235837.919999998,12.0
5308041,2025,year,163689490.54000002,46225747.24,105584508.75,52116332.86,12.0,159424988.75999996,22766621.84,12.0
5308043,2021,year,113292373.51,49089874.59,60699996.08999999,31883270.05,12.0,,,
5308043,2022,year,114099433.05,45829278.09,65612003.99,35454656.93000001,12.0,,,
5308043,2023,year,137587754.98999998,55449491.260000005,75439491.33000001,42416134.50999999,12.0,198826397.59,46534400.25,12.0
5308043,2024,year,173846092.91999996,80150980.2,88957897.44,47232027.44,12.0,216069196.5,68805005.41,12.0
5308043,2025,year,185871729.67,71923734.04,106374468.28000002,56578698.34,12.0,203878330.31,37104750.77,12.0
5308045,2021,year,195483565.73,58318819.6,134450885.16,57021358.71,12.0,,,
5308045,2022,year,155677370.54,43954094.77,106113490.16000001,44383142.43,12.0,,,
5308045,2023,year,198091375.43,71554531.85,116058009.78,48887899.68,12.0,226359535.53,22834813.57,12.0
5308045,2024,year,220293290.46,69722065.98,135971455.13,57265056.25,12.0,207468111.8,16823598.47,12.0
5308045,2025,year,238466435.0,68093875.95,155559849.56,66489171.46,12.0,231804491.73,24639830.51,12.0
5308047,2021,year,179559003.48000002,52065390.52,121686019.02000003,59791189.260000005,12.0,,,
5308047,2022,year,141435357.73000002,44538137.23,95841729.33000001,47569895.82,12.0,,,
5308047,2023,year,184799076.63000003,50494151.77,128302033.30000004,60418903.870000005,12.0,341973179.54,114201853.33,12.0
5308047,2024,year,260402468.19,62254293.42,184291381.81,80157341.77000001,12.0,268137123.91,43829206.02,12.0
5308047,2025,year,278100725.46,62229521.42,206751784.8,92232912.12,12.0,296103724.54999995,38591576.31,12.0
5602001,2021,year,48144499.48999999,36581125.1,10806498.67,6698631.49,12.0,,,
5602001,2022,year,46948748.28,35869517.82,10549664.2,6126652.890000001,12.0,,,
5602001,2023,year,54272419.23,42573089.05,10032817.52,6100319.470000001,12.0,51579392.67,1436853.6,12.0
5602001,2024,year,54996170.77,41940560.82,11552131.52,6445522.760000001,12.0,56570856.870000005,2998914.0,12.0
5602001,2025,year,94966759.33000004,79128705.53999999,14025542.16,7762783.390000001,12.0,101479237.59000002,41501779.85,12.0
5602003,2021,year,847466119.63,165373322.66000003,616739039.7800001,517160898.16999996,12.0,,,
5602003,2022,year,839388640.16,161579122.73,664062116.02,572186326.1300001,12.0,,,
5602003,2023,year,976590273.9699999,159502981.69,738890590.9599999,625831161.13,12.0,1143261567.54,174760695.56,12.0
5602003,2024,year,1113231734.9799998,206139956.18,884862881.0299999,732921299.8499999,12.0,1022933592.65,134326668.05,12.0
5602003,2025,year,1423101006.4,245974755.71,1145180406.81,957428442.57,12.0,1446216184.13,179968677.01,12.0
5602005,2021,year,244182707.38000005,176351519.64000002,62769010.3,39997987.39,12.0,,,
5602005,2022,year,240209293.53,162704696.46,73563104.68000002,46227520.269999996,12.0,,,
5602005,2023,year,261992046.85000002,168503456.43,79262647.75,49175311.59,12.0,300862534.35999995,23176677.82,12.0
5602005,2024,year,307003469.91,198917752.25,99522685.67,58111730.67999999,12.0,309412226.3,11361712.39,12.0
5602005,2025,year,347565551.48,226424797.39,111027938.02,66004690.120000005,12.0,350688668.12,11831903.4,12.0
5602007,2021,year,248413717.27000004,182253826.75,64309749.480000004,38995232.14,12.0,,,
5602007,2022,year,251870048.3399999,179199191.81,70278784.26,44907199.51,12.0,,,
5602007,2023,year,282243596.81,199542150.43,79124447.27000001,45744057.720000006,12.0,313276528.19,18983331.39,12.0
5602007,2024,year,306872760.87,205092417.5,97222341.44000004,51646882.16,12.0,319014711.8,15323788.81,12.0
5602007,2025,year,360151034.98999995,247029734.61,108945009.73000002,58959588.24,12.0,361590774.95,34638300.76,12.0
5602009,2021,year,52746650.01,43533388.010000005,8649419.21,5009871.7,12.0,,,
5602009,2022,year,52828650.01,42214805.0,10058791.53,5178437.59,12.0,,,
5602009,2023,year,61018832.77999999,49049070.95,10126555.830000002,5526483.25,12.0,64437275.96,3747500.98,12.0
5602009,2024,year,65275529.14999999,50077362.37,12277671.6,6712876.9,12.0,66951515.79000001,1756292.0,12.0
5602009,2025,year,76204106.44999999,55743483.760000005,18554663.55,8181878.43,12.0,74556870.63999999,23809.81,12.0
5602011,2021,year,54036395.04,41370838.0,12211906.05,6478043.21,12.0,,,
5602011,2022,year,50059081.51,35294754.96,13744524.53,6680570.449999999,12.0,,,
5602011,2023,year,70570350.87,51026411.6,13539566.66,6081800.8100000005,12.0,80949740.75,1881784.1,12.0
5602011,2024,year,64402714.88,45186158.0,17786292.84,7111049.73,12.0,65709455.3,2194940.0,12.0
5602011,2025,year,70242176.04,48179224.3,21305859.43,8735314.450000001,12.0,70512008.46000001,1364100.0,12.0
5602013,2021,year,47591906.900000006,32188215.9,15135712.95,9209654.19,12.0,,,
5602013,2022,year,50342511.370000005,31823118.43,14737157.88,9604279.0,12.0,,,
5602013,2023,year,54848353.61000001,37802801.04,16576386.43,10103195.85,12.0,59105522.67,5447416.1,12.0
5602013,2024,year,61746958.72000001,38765805.3,22289707.69,14618252.33,12.0,62337289.74000001,3681923.16,12.0
5602013,2025,year,68882073.75,40384797.27,27987870.2,16951503.599999998,12.0,68817838.73,3957421.24,12.0
5602015,2021,year,60448352.46,41326370.81,18072954.86,9588973.34,12.0,,,
5602015,2022,year,56774563.53,39554993.69,16783663.26,9918793.030000001,12.0,,,
5602015,2023,year,83948784.20000002,65616751.92,16635594.889999997,9498096.14,12.0,86112222.80999999,2963968.18,12.0
5602015,2024,year,79602903.89,45237780.0,20995183.299999997,10458736.0,12.0,80136329.07000001,3627531.12,12.0
5602015,2025,year,77303396.50999999,47844596.36,27327153.86,13254769.56,12.0,77349388.31,2503203.66,12.0
5604001,2021,year,58953698.48,37386907.85,19127711.53,12838981.05,12.0,,,
5604001,2022,year,48023759.10000001,29258942.74,17915832.309999995,11838105.8,12.0,,,
5604001,2023,year,60406922.16999999,38294362.260000005,20619956.96,13844371.45,12.0,60373440.77,4744945.31,12.0
5604001,2024,year,61296474.59,36136194.7,23575721.18,15654558.72,12.0,62095672.36,2711866.23,12.0
5604001,2025,year,66885365.49,36483762.83,28533423.0,19510021.090000004,12.0,67863601.86000001,3411673.73,12.0
5604003,2021,year,38812685.76,27021725.6,10137346.5,5733255.680000001,12.0,,,
5604003,2022,year,29300031.41,16805800.0,11315061.62,5701269.45,12.0,,,
5604003,2023,year,34630001.37,19168000.0,13491688.28,7285180.02,12.0,32902534.08,1843638.43,12.0
5604003,2024,year,40814280.22,19545663.15,19399663.86,10270697.74,12.0,39247682.56,1976882.71,12.0
5604003,2025,year,48062626.54,21471729.76,24561335.89,12719217.82,12.0,47880949.6,2305644.74,12.0
5604005,2021,year,46108601.31,29362080.25,16281387.319999998,9695441.83,12.0,,,
5604005,2022,year,46207289.970000006,27265424.5,18443462.56,11078937.440000001,12.0,,,
5604005,2023,year,52239564.25,30080921.96,21447013.290000003,12695616.17,12.0,53309090.6,380487.0,12.0
5604005,2024,year,58698212.06,31094372.7,26129984.45,14832333.31,12.0,57464588.650000006,1561428.2000000002,12.0
5604005,2025,year,66916274.90999999,34856644.31,30884040.25,17739100.830000002,12.0,65607482.55999999,1768902.62,12.0
5604007,2021,year,50403244.07,31656133.33,17892212.27,8763276.5,12.0,,,
5604007,2022,year,42159778.050000004,25762894.09,15084872.04,9207901.639999993,12.0,,,
5604007,2023,year,43820631.68,20266599.3,20497653.97,11072572.479999997,12.0,77441368.51,8240653.74,12.0
5604007,2024,year,51557616.720000006,26019314.64,22024399.73,12258637.51,12.0,51073249.23,750815.0,12.0
5604007,2025,year,61107435.55,30150745.46,27905468.880000003,13889670.45,12.0,59935991.79,712946.0,12.0
5604009,2021,year,116367340.63000001,58985472.04,51253155.7,31429030.89,12.0,,,
5604009,2022,year,111202737.75999998,50444386.0,55772938.17999999,34915299.050000004,12.0,,,
5604009,2023,year,128289660.03,62540164.760000005,59391044.81999999,36158350.589999996,12.0,126931599.4,3117613.72,12.0
5604009,2024,year,151223226.15,68367373.45,73560170.44,43457397.74,12.0,150419893.43,13546455.17,12.0
5604009,2025,year,162373060.44,72580791.80999999,83927953.22999999,47893787.31,12.0,166177843.85999998,11380464.14,12.0
5604011,2021,year,330829801.14,119268984.29,194224135.02,115097623.89,12.0,,,
5604011,2022,year,297986157.75,87230277.56,194014451.62,120450469.82000001,12.0,,,
5604011,2023,year,359929977.1999999,93050202.66,236438821.22999996,134137509.03000002,12.0,482975125.15,90114109.37,12.0
5604011,2024,year,605583962.5600002,154516457.62999997,287124449.29,165492002.85000002,12.0,440144585.42,65791195.92,12.0
5604011,2025,year,551530811.74,162320206.95,356564523.32000005,204954309.53000003,12.0,631326418.49,173267095.68,12.0
5604013,2021,year,60093968.370000005,36748075.900000006,22277484.8,12723016.24,12.0,,,
5604013,2022,year,57835211.120000005,30047240.66,26173367.630000006,15679951.320000004,12.0,,,
5604013,2023,year,64499939.66,31010819.82,31332327.430000007,17811412.96000001,12.0,86581082.36,3136436.25,12.0
5604013,2024,year,74974208.69999999,33756146.66,36604509.24999999,19925334.18,12.0,76086176.95,1135079.0,12.0
5604013,2025,year,92116137.71999995,39965557.67,49948878.38999999,26472558.840000004,12.0,90642446.27,5549481.18,12.0
5604015,2021,year,90669223.52,41921540.28,45211210.31,33985436.99,12.0,,,
5604015,2022,year,87645726.13999997,39388114.04,46407196.239999995,35415120.300000004,12.0,,,
5604015,2023,year,108256184.02,44293896.36,56732715.96,44428817.17999999,12.0,108100914.08999996,6089268.3,12.0
5604015,2024,year,123298053.96,48098096.95,67210377.97,52007634.7,12.0,122393982.67,8892112.91,12.0
5604015,2025,year,149085785.37,51506076.73,89234579.25999999,68543349.97000001,12.0,146156035.2,14231914.27,12.0
5604017,2021,year,54615246.93000001,36344452.85,17746528.270000003,11807996.59,12.0,,,
5604017,2022,year,51021250.10000001,32262838.05,18493187.86,12741808.649999999,12.0,,,
5604017,2023,year,61143926.37,37681166.81999999,22121160.55,13968799.26,12.0,62084077.98,714109.02,12.0
5604017,2024,year,62041372.37000001,36232523.68,24399410.15,14936528.46,12.0,63370140.37,1430877.57,12.0
5604017,2025,year,72236896.96000001,41230145.4,29816768.36,18465309.17,12.0,71910658.41,1312543.7,12.0
5604019,2021,year,181927463.82000002,92857381.19,82599875.64999999,54016683.69,12.0,,,
5604019,2022,year,180271490.03,84520178.05,86799993.74999997,56523914.91999999,12.0,,,
5604019,2023,year,182450069.91000003,67686742.26,105586576.31000006,65569124.29000002,12.0,326499053.97,31471402.54,12.0
5604019,2024,year,234775514.04,93683506.33,132706434.22,78856263.68,12.0,233373981.14,7432311.46,12.0
5604019,2025,year,273395544.12,103665652.57,161196130.66000003,94830563.15,12.0,278815327.85,11180322.45,12.0
5604021,2021,year,59425168.92,37155109.82,21111761.71,15838902.0,12.0,,,
5604021,2022,year,59673416.2,32941370.0,24880908.48,19476919.07,12.0,,,
5604021,2023,year,66808881.36,36183502.65,26152375.44,19227859.84,12.0,67856540.03999999,3428330.07,12.0
5604021,2024,year,76181695.42999999,39806157.41,32654955.09,23527890.94,12.0,74023751.75,3710704.27,12.0
5604021,2025,year,82716188.52999999,42362730.91,37074114.06999999,27039885.48,12.0,85705279.16000001,2954180.79,12.0
5604023,2021,year,21271410.02,11803539.19,8809047.519999998,6490086.28,12.0,,,
5604023,2022,year,19596192.009999994,11296671.56,8233454.36,6246032.57,12.0,,,
5604023,2023,year,26235643.689999998,13938241.999999998,11372056.1,8898800.93,12.0,22875363.0,1747287.92,12.0
5604023,2024,year,26632787.51,13346087.430000002,12857838.95,8925119.820000002,12.0,28281394.68,2958549.0,12.0
5604023,2025,year,26919912.65,12082826.24,14521571.8,10414437.38,12.0,27469301.92000001,365907.6,12.0
5604025,2021,year,25848769.74,17320981.14,7887828.91,4199546.470000001,12.0,,,
5604025,2022,year,27149516.900000002,15188860.0,11398018.3,6965273.47,12.0,,,
5604025,2023,year,29669777.479999997,18498891.51,10832962.169999998,6670332.040000003,12.0,42679406.06,1627553.67,12.0
5604025,2024,year,29300423.36,17065438.119999997,11867266.510000002,7273578.11,12.0,31954762.41,416173.94,12.0
5604025,2025,year,34909635.160000004,20338667.55,14014663.36,8338872.88,12.0,34668764.39,930189.23,12.0
5604027,2021,year,69506084.86000001,31058607.42,37157328.71,10838472.590000002,12.0,,,
5604027,2022,year,60535713.91999997,30980334.0,27880079.410000004,12200995.100000001,12.0,,,
5604027,2023,year,67612560.11,26197963.53,39504478.849999994,14938979.669999998,12.0,107806889.15,8831322.99,12.0
5604027,2024,year,83934959.07000001,33922895.56,48593468.03,17593941.490000002,12.0,92423814.9,2167289.64,12.0
5604027,2025,year,105644944.81999998,39410514.99,58666594.84,21664788.36,12.0,103457103.84,8401810.75,12.0
5604029,2021,year,172315119.66000003,73248940.88,94713782.78999999,57844288.9,12.0,,,
5604029,2022,year,173279599.22000003,63170706.81,101083572.15999998,67013077.91,12.0,,,
5604029,2023,year,213495127.60999998,62854065.12,131957426.88,79828197.32,12.0,237314951.35,38781999.88,12.0
5604029,2024,year,237051788.68,72676154.19,152658071.06000003,90202292.53,12.0,239403312.97,28374747.73,12.0
5604029,2025,year,275026768.57,79815735.08,177968749.88,101778345.42,12.0,279331310.29,26310085.04,12.0
5604031,2021,year,37164434.970000006,19706528.0,17195479.240000002,10017608.98,12.0,,,
5604031,2022,year,38622308.44999999,18183111.75,19697236.13,11623997.160000004,12.0,,,
5604031,2023,year,40539410.15,19257024.55,20970129.32,12159927.2,12.0,43871238.32,1679843.02,12.0
5604031,2024,year,43450002.93999999,19214017.45,23992557.85,14197646.14,12.0,46844761.08,1059050.0,12.0
5604031,2025,year,53855972.64000001,22902631.39,29619200.62,18203435.220000003,12.0,52269924.52,1105697.0,12.0
5604033,2021,year,68151172.73,29355807.13,37365560.79000001,25298178.75,12.0,,,
5604033,2022,year,68511092.69,27985603.17,38903195.52,29257404.629999988,12.0,,,
5604033,2023,year,73167257.44999999,28512029.66,42940764.15999999,32484664.6,12.0,125598450.9,15631734.3,12.0
5604033,2024,year,86683306.60999998,32298562.09,51475691.07,34180494.71,12.0,85400707.3,3328011.03,12.0
5604033,2025,year,99930634.5,34697940.559999995,61538388.85,44277478.68999999,12.0,98694184.96,2439504.76,12.0
5604035,2021,year,71974674.53999999,39173764.0,30221134.65,18135309.63,12.0,,,
5604035,2022,year,66904847.279999994,32887848.0,30103967.95,16497165.059999999,12.0,,,
5604035,2023,year,79708319.83,40246165.33,38604954.620000005,20393060.619999997,12.0,84112691.2,6009055.6,12.0
5604035,2024,year,90465758.42,40657296.3,46491841.76,25466482.85,12.0,90003852.46,9532643.69,12.0
5604035,2025,year,96679673.15,40181528.85,55046884.74,35243293.050000004,12.0,98751463.88,3414121.99,12.0
5604037,2021,year,30128244.98,13166253.29,16415975.32,11847738.57,12.0,,,
5604037,2022,year,24617930.26,10341221.0,13471996.669999998,9542762.07,12.0,,,
5604037,2023,year,31871963.19,17063423.4,14046142.49,10108742.39,12.0,32292880.98,214500.0,12.0
5604037,2024,year,35246653.61,20377413.94,14370246.27,9954284.75,12.0,33860026.2,656924.28,12.0
5604037,2025,year,35793707.910000004,17430006.04,17665843.240000002,12577777.930000002,12.0,38144179.78,324245.0,12.0
5606001,2021,year,95213677.46000002,44323781.1,32100212.87,15131083.89,12.0,,,
5606001,2022,year,70990136.47,38519628.69,31251576.82,17224369.81,12.0,,,
5606001,2023,year,88417461.77,42925943.32,41491261.02,18831063.19,12.0,85670831.30000001,9174517.6,12.0
5606001,2024,year,124388049.24,42185450.59,55580278.73,25533813.53,12.0,123981667.1,32548690.16,12.0
5606001,2025,year,118364780.97,44290498.33,71859451.64,31786225.9,12.0,117810725.47,8138902.989999999,12.0
5606003,2021,year,492600741.86,320927982.47,161851576.26,91313210.02999999,12.0,,,
5606003,2022,year,494774797.53999996,310635910.28,177517126.47,104171911.14999999,12.0,,,
5606003,2023,year,547069487.38,340647236.14,193246669.24,108084541.47999999,12.0,564113997.11,19241463.77,12.0
5606003,2024,year,627393023.3500001,367250002.18,243003288.39,124970837.82,12.0,622419962.22,19826311.67,12.0
5606003,2025,year,716993038.8000001,411393522.53,287857037.68,147236909.06000003,12.0,717538687.4699999,20425756.82,12.0
5606005,2021,year,97179925.06,49410242.98,44998592.25000001,14487921.530000001,12.0,,,
5606005,2022,year,86884562.76,44108448.92,38486905.47,15028767.930000002,12.0,,,
5606005,2023,year,119901272.1,49526609.78,61879462.430000015,16746990.060000002,12.0,147083128.71,21759981.770000003,12.0
5606005,2024,year,155325985.93000004,65111466.28,84467666.37,22268116.89,12.0,158212007.02,39190258.22,12.0
5606005,2025,year,176909503.35,64736290.7,109195834.75,28933277.56,12.0,181119233.72,31066634.06,12.0
5606007,2021,year,41393870.28,29380631.23,11172125.72,6411041.68,12.0,,,
5606007,2022,year,37529430.870000005,24713697.5,11007651.97,6590128.79,12.0,,,
5606007,2023,year,46299445.94,29085590.27,12302250.84,7341008.279999999,12.0,52742904.38999999,4852731.91,12.0
5606007,2024,year,45830733.470000006,27939677.09,15413941.97,8562295.1,12.0,47292125.900000006,1884828.44,12.0
5606007,2025,year,62321217.47999999,40436235.8,19131789.020000003,10854961.189999998,12.0,62381104.40000001,8683098.51,12.0
5606009,2021,year,65289002.5,41386017.93000001,23177063.97,9746085.36,12.0,,,
5606009,2022,year,59771683.56,38265882.96,20286602.0,10738658.43,12.0,,,
5606009,2023,year,76868428.09,46386383.12,27439182.48,12211450.77,12.0,75321795.35000001,2398738.2,12.0
5606009,2024,year,85620828.36999999,43384208.25,35747627.989999995,14652856.63,12.0,84473266.19999999,7428933.97,12.0
5606009,2025,year,94429546.9,47168820.41,45228376.54000001,16458290.0,12.0,93247948.23,5686004.41,12.0
5606011,2021,year,52776928.72,17802093.9,28767602.37,11709641.72,12.0,,,
5606011,2022,year,45923768.77,15481508.65,28266763.46,12996121.91,12.0,,,
5606011,2023,year,61135321.22999999,17668386.5,40192190.389999986,17756215.82,12.0,60391893.54999999,2053925.36,12.0
5606011,2024,year,76209474.14000002,16889738.02,57490506.81,25608171.94,12.0,71647569.98,3903536.9,12.0
5606011,2025,year,105453595.31,20369049.08,77600430.53,32061241.020000003,12.0,105065590.7,15890819.93,12.0
5606013,2021,year,77328351.89000002,53593527.59,21145182.52,10735036.16,12.0,,,
5606013,2022,year,69595869.71000001,46427415.0,21194486.44,10729136.74,12.0,,,
5606013,2023,year,83007659.42000002,54475480.06,22563267.0,11117899.68,12.0,80750837.95,4148794.47,12.0
5606013,2024,year,92096914.4,57534246.52,28566201.12,13101643.78,12.0,92865706.19,5956321.74,12.0
5606013,2025,year,99270608.63,65203981.120000005,31887575.18,14439161.1,12.0,100399169.84,3224646.56,12.0
5606015,2021,year,127208150.03,43446691.32,78512060.06999998,29543748.22,12.0,,,
5606015,2022,year,191981508.64000002,33562332.09,150019914.54999998,95650884.46000001,12.0,,,
5606015,2023,year,235048803.72000006,43191014.37,184447570.0,116725210.83,12.0,245163774.92,29335014.83,12.0
5606015,2024,year,289898592.0400001,53091473.36,226897262.0,145572684.87,12.0,284565747.66,81498876.22,12.0
5606015,2025,year,318550727.79,57187482.95,251167433.37,159598094.88,12.0,326205476.22,50887304.11,12.0
5606017,2021,year,219188996.7,105897544.14,106697065.51000002,66368748.47,12.0,,,
5606017,2022,year,202621125.29000005,88401978.01,107288664.84,66921461.42999999,12.0,,,
5606017,2023,year,244894812.57000008,102482390.0,126741622.47,72533616.44000001,12.0,259306641.08,18569825.44,12.0
5606017,2024,year,291249466.14,101580061.18,153325857.06,90025309.85,12.0,284154548.69,31317649.65,12.0
5606017,2025,year,361322297.92,139214968.49999997,194072594.16,118448532.42,12.0,354272965.20000005,36733571.61,12.0
5606019,2021,year,59853543.34,41421331.16,16855317.740000002,7619856.210000001,12.0,,,
5606019,2022,year,57603029.53,36374832.96,20293669.169999998,9006825.350000001,12.0,,,
5606019,2023,year,62729589.9,40655040.98,19112381.03,9220215.28,12.0,63218278.19,946087.82,12.0
5606019,2024,year,68844571.36,42333308.32,23918393.82,11078165.24,12.0,70330892.03,1464958.12,12.0
5606019,2025,year,76035506.74000001,46192568.190000005,27296364.62999999,12312814.62,12.0,76898794.45,1118143.19,12.0
5606021,2021,year,57063892.63,28040164.75,23207303.9,14703442.83,12.0,,,
5606021,2022,year,58345511.02,27498228.99,26785961.68,16884622.819999997,12.0,,,
5606021,2023,year,69037550.13,31090179.68,32191741.94,19831790.75,12.0,67615980.71,1802278.42,12.0
5606021,2024,year,75274489.95,27841541.66,42006167.73,26756069.05,12.0,73075621.19000001,1524482.37,12.0
5606021,2025,year,93462330.6,31968546.32,54111712.35,35624876.190000005,12.0,94528796.72,2069200.65,12.0
5606023,2021,year,77993686.98000002,53032250.620000005,24304132.29,15035996.67,12.0,,,
5606023,2022,year,79610364.61,50262244.36,28218825.22,17242286.16,12.0,,,
5606023,2023,year,92948801.98,57519419.39,33302114.5,19657600.94,12.0,89572436.77,2767326.75,12.0
5606023,2024,year,101040839.37,52062099.49,42994010.260000005,25559882.6,12.0,104001975.14,6948670.7,12.0
5606023,2025,year,118361452.3,61394243.67,54380482.940000005,32887763.62,12.0,117082743.53,2495327.41,12.0
5606025,2021,year,346441384.15000004,135024178.92999998,206639789.06,135751452.89000002,12.0,,,
5606025,2022,year,316795212.17999995,104773219.32,203389059.74,132298211.68999997,12.0,,,
5606025,2023,year,370643656.15999997,110777773.48,240622742.83000004,144045042.10000002,12.0,830191849.9699999,212095874.65,12.0
5606025,2024,year,478049112.81999993,140016457.0,303406337.96,182397808.29,12.0,444175767.74,55919890.58,12.0
5606025,2025,year,572915450.62,142797883.94,357308717.43999994,214768622.99,12.0,574313001.14,117054214.01,12.0
5606027,2021,year,115075967.46999998,45644369.3,64989797.220000006,43725781.46999999,12.0,,,
5606027,2022,year,120432451.92,37124297.67,65212757.73,45202136.26,12.0,,,
5606027,2023,year,133839525.31,50597844.27,79105376.79,49670287.04,12.0,129738068.69,2549698.41,12.0
5606027,2024,year,144765429.20000002,46680973.31,93637726.72,56073883.68,12.0,149182600.82999998,7796128.88,12.0
5606027,2025,year,177789085.93000004,53266905.22,115238898.07,68524463.89999999,12.0,173368513.2,9121720.06,12.0
5606029,2021,year,169862064.99000007,58045388.89,103925454.46,81710451.51,12.0,,,
5606029,2022,year,161074363.28,44915936.81,111720221.98000002,90160654.61999999,12.0,,,
5606029,2023,year,175881206.35999998,45255712.760000005,121996920.72999999,95448316.22,12.0,214152510.8,17191963.759999998,12.0
5606029,2024,year,198680092.70000005,50569681.05,142930269.08,112532260.19,12.0,202050645.27,12731190.81,12.0
5606029,2025,year,232869280.1,51548627.44,171029436.55,133140095.72,12.0,226707027.11,15093635.05,12.0
5606031,2021,year,237370447.82999998,146296120.95,83890263.94000001,47566862.18,12.0,,,
5606031,2022,year,224219291.79,132982929.01,82659695.17999999,48766611.57,12.0,,,
5606031,2023,year,257289184.29999995,142365188.19,95728468.31,52742395.87,12.0,264091650.1,24958654.160000004,12.0
5606031,2024,year,295683643.2299999,147828498.43,125047031.32,68258864.29,12.0,293445623.14,22950029.24,12.0
5606031,2025,year,339189131.59,166018776.64000005,160705066.47,81014511.06,12.0,342369970.06,28611292.71,12.0
5606033,2021,year,73969427.91,37590261.16,33715265.01,12927944.36,12.0,,,
5606033,2022,year,70917701.89999999,35834361.31,29561555.38,13925982.930000002,12.0,,,
5606033,2023,year,90524666.57,41459513.09,45162184.64000001,16737128.5,12.0,90573480.62,9533530.78,12.0
5606033,2024,year,105223817.05,38685940.4,63114990.94,21840471.99,12.0,103548257.81,8932083.75,12.0
5606033,2025,year,135439410.12,47658464.5,84279806.0,30476580.59,12.0,134704721.69,22110186.9,12.0
5606035,2021,year,400598680.87,193808541.62,201693796.39000002,123465314.35000001,12.0,,,
5606035,2022,year,361402060.2900001,151881627.52,205782855.77999997,131197980.69,12.0,,,
5606035,2023,year,405941163.34,146666539.63000005,238224123.57999998,148171795.73000002,12.0,486496335.67,105930549.5,12.0
5606035,2024,year,482124229.53,172180319.18,296607234.95000005,170128822.7,12.0,476244322.32,59356110.080000006,12.0
5606035,2025,year,558844569.6500001,181932167.3,353250435.22,202424371.85,12.0,559872079.9799999,76127960.76,12.0
5606037,2021,year,59032815.70999999,40159306.49,17495679.91,10167740.94,12.0,,,
5606037,2022,year,58218481.98000002,40534342.260000005,16853568.88,9829287.44,12.0,,,
5606037,2023,year,63538003.83,44574220.7,17956974.94,9697659.38,12.0,62447473.25000001,933768.06,12.0
5606037,2024,year,72008008.13,48249502.830000006,22322926.39,10342058.95,12.0,71971543.17,1864506.29,12.0
5606037,2025,year,83674606.38,52089372.49,28944439.83,13374823.37,12.0,83902358.15,1578630.2,12.0
5606039,2021,year,56095210.14000001,29006748.74,24732703.47,8892608.429999996,12.0,,,
5606039,2022,year,49552396.52000001,27832048.0,20630610.53999999,9918556.939999998,12.0,,,
5606039,2023,year,173642753.26000005,140816108.09,25312970.440000005,11547401.379999995,12.0,190053832.68,15665717.82,12.0
5606039,2024,year,71980716.14,36779429.66,32339759.17000001,13634056.91,12.0,100245155.23999998,2141029.0,12.0
5606039,2025,year,86345389.73999998,42244578.93,42757038.84,16657019.050000004,12.0,121923277.35,5774034.91,12.0
5606041,2021,year,103139021.75,72943147.22999999,29299807.76,18308441.85,12.0,,,
5606041,2022,year,88863793.88,57871157.0,29852010.730000004,19332390.580000002,12.0,,,
5606041,2023,year,109378430.13000001,70553973.4,36961171.64000001,23700604.140000004,12.0,108011283.70999998,9009451.06,12.0
5606041,2024,year,106151000.66,59482366.28,44953177.29,28385364.18,12.0,110336238.85,4506029.01,12.0
5606041,2025,year,130033876.4,69197931.45,55652010.22,35910516.56999999,12.0,125209997.79999998,4312066.0,12.0
5606043,2021,year,102188483.34999998,58545693.35,39670066.150000006,22775773.78,12.0,,,
5606043,2022,year,106638608.22999996,49816263.61,54206854.70999999,25148546.470000014,12.0,,,
5606043,2023,year,111198968.27000001,37258633.58,69721232.49999997,28452599.68999999,12.0,187306553.36,24772347.98,12.0
5606043,2024,year,141480476.54999995,51644465.19,87195880.11,36116547.54000001,12.0,149163177.54000002,13406685.84,12.0
5606043,2025,year,172751127.42,54485301.86,105789251.85,45029419.59,12.0,175231432.20000002,12223314.36,12.0
5606045,2021,year,323100811.92999995,184174002.75,133323891.19,81415653.75,12.0,,,
5606045,2022,year,327900861.77,177565748.61,135196404.73,87489576.46999998,12.0,,,
5606045,2023,year,377391182.33000004,201675855.56,155803298.39,94244200.66,12.0,396000407.82,22110992.06,12.0
5606045,2024,year,417975301.2,206888545.87,195756151.1,112800306.35,12.0,424713995.57000005,27191729.39,12.0
5606045,2025,year,494417458.2000001,225899279.6,241792910.3,136802097.59,12.0,484799062.79,21938559.78,12.0
5606047,2021,year,3089910574.26,1056242360.94,1921098419.55,1214073074.9600003,12.0,,,
5606047,2022,year,2719941165.02,549815140.91,1996010564.94,1232055365.4499998,12.0,,,
5606047,2023,year,3156269037.81,572867007.98,2397271651.5000005,1417038921.51,12.0,3570022274.3499994,497828350.44,12.0
5606047,2024,year,4075158754.44,852172214.71,2988998115.4799995,1754477025.45,12.0,4181310776.799999,710550811.1800001,12.0
5606047,2025,year,4693357128.940001,852665343.77,3471843348.81,2055085420.8100002,12.0,4782375624.649999,789025036.44,12.0
5606049,2021,year,54946798.75000001,29873182.76,24833623.330000002,14979018.2,12.0,,,
5606049,2022,year,60463416.64999999,29980961.450000003,29765933.240000002,18485269.57,12.0,,,
5606049,2023,year,57063586.25,33094694.03,22613617.470000003,14664628.18,12.0,65457252.43999999,3021951.58,12.0
5606049,2024,year,64393533.210000016,35145732.510000005,24884612.39,15348856.45,12.0,66188823.15,4591111.0,12.0
5606049,2025,year,67802694.31,38266018.06,24883500.17,15057195.5,12.0,67635177.86000001,2673805.43,12.0
5606051,2021,year,123333503.58,52613370.78,63070698.52,20209316.43,12.0,,,
5606051,2022,year,106271238.75999999,45375819.0,56026137.300000004,23344768.119999997,12.0,,,
5606051,2023,year,158614272.79000002,54326507.0,94418741.55,34968618.97,12.0,205937120.5,27790509.12,12.0
5606051,2024,year,176601289.55,44394736.010000005,126435789.25,47218463.1,12.0,196826645.58,17055018.07,12.0
5606051,2025,year,223082947.05,45515971.95999999,168873295.70999998,63040494.71000001,12.0,215255986.14,9184041.43,12.0
5608001,2021,year,128931160.90000002,112072866.0,16561689.43,11756067.06,12.0,,,
5608001,2022,year,129215806.11,109800714.64,19027110.740000002,14451702.69,12.0,,,
5608001,2023,year,167563374.22,123052824.2,19778176.32,13725837.479999999,12.0,169204902.09,6697973.0,12.0
5608001,2024,year,145832023.2,121983666.86,23458670.770000007,16277512.67,12.0,146467881.92,4701385.0,12.0
5608001,2025,year,166519442.46,139834264.35,26622006.32,18964583.29,12.0,166042596.7,6520013.029999999,12.0
5608003,2021,year,131225069.48,77114350.92,52116644.650000006,28327511.7,12.0,,,
5608003,2022,year,129824267.00000004,77377737.0,50471542.60000001,28364802.92,12.0,,,
5608003,2023,year,152018045.72999996,87587431.33,62378577.010000005,31570972.44,12.0,149907488.47,17170070.53,12.0
5608003,2024,year,172980639.71,93473510.35,76187898.34,36964244.37,12.0,169897083.51999995,20944687.45,12.0
5608003,2025,year,256439166.06,159327513.13,87162216.83999999,44783016.33,12.0,248712930.19,78753395.67999999,12.0
5608005,2021,year,55842768.41000001,37561241.25000001,16442095.89,9470370.74,12.0,,,
5608005,2022,year,52112398.49,32263012.99,18421001.16,11042844.599999998,12.0,,,
5608005,2023,year,52639084.46,31436316.27,18071835.15,10026776.93,12.0,61887549.15999999,443050.37,12.0
5608005,2024,year,64222388.67999999,39083190.79,21225277.17,10200667.95,12.0,64864351.48,1628380.22,12.0
5608005,2025,year,69992864.67999998,40299656.38,25827101.53,11289818.05,12.0,72196960.99,1857026.74,12.0
5608007,2021,year,313078349.84000003,217998472.26,92414052.65,50593293.480000004,12.0,,,
5608007,2022,year,289690615.4800001,187836484.13,98579175.93,56285282.54000001,12.0,,,
5608007,2023,year,330255789.9700001,206916709.03,113982154.96999994,58875182.15,12.0,355011615.01000005,24991985.41,12.0
5608007,2024,year,352277341.71000004,210855155.78,134895872.22,68028451.38,12.0,354855197.91,12058868.19,12.0
5608007,2025,year,412143501.34,237622653.91,165326776.5,80104272.03,12.0,410534388.1,20031063.29,12.0
5608009,2021,year,116075929.18999998,45979626.52,68123314.09,45285194.120000005,12.0,,,
5608009,2022,year,111921527.96,42027955.260000005,65195405.56,45457253.85,12.0,,,
5608009,2023,year,124506466.55,53019993.34,62200631.42000001,44403331.64,12.0,121631189.28999998,13781276.85,12.0
5608009,2024,year,127592421.54,50087241.41,74553598.45,49957701.39,12.0,131318146.53,6066526.98,12.0
5608009,2025,year,143894439.85000002,57428441.38,83449991.46999998,56921769.67,12.0,142426816.67000002,11123976.739999998,12.0
5608011,2021,year,61474448.769999996,45929521.08,15350197.74,9756051.17,12.0,,,
5608011,2022,year,62557958.620000005,45544041.43,16187182.52,10569886.61,12.0,,,
5608011,2023,year,73436454.50999999,49961447.81,15462485.95,9898782.649999999,12.0,77244111.29,873114.51,12.0
5608011,2024,year,71380416.14000002,51123123.31,17946520.349999998,10280257.6,12.0,72266499.64,1725711.15,12.0
5608011,2025,year,85514534.84,57503664.35,21818277.8,12561936.67,12.0,85031113.7,7292573.46,12.0
5608013,2021,year,110888029.42,83219481.34,27038434.549999997,13874470.49,12.0,,,
5608013,2022,year,102082618.88,67801174.0,33957974.050000004,20442885.45,12.0,,,
5608013,2023,year,106298217.8,73894408.93,30567067.02,16887519.780000005,12.0,112966936.32,9416126.44,12.0
5608013,2024,year,124080202.85999998,83615691.59,39135363.63,20831348.52,12.0,121941438.33,4544793.88,12.0
5608013,2025,year,134054805.92000002,89441190.47999999,42934914.96,25688383.84,12.0,135026180.91,4785798.92,12.0
5608015,2021,year,348620155.82,216724839.82,127418330.03,76094115.35000001,12.0,,,
5608015,2022,year,356049131.18000007,215857447.76,135004327.20000002,81066009.05,12.0,,,
5608015,2023,year,396219273.2900001,237457100.76,147203158.01999998,81912415.23,12.0,406133421.75,19804377.66,12.0
5608015,2024,year,445590845.15,246271517.56000003,189507644.13,98536728.28,12.0,450070450.43,29696356.84,12.0
5608015,2025,year,525075258.19,292176961.95,221728566.43,117484509.81,12.0,529285722.08,30180936.69,12.0
5608017,2021,year,603938950.5600001,331447267.89,261247648.14000005,150283368.11,12.0,,,
5608017,2022,year,599413617.27,319812143.96,266306345.28000003,157710303.8,12.0,,,
5608017,2023,year,695222056.7000002,334875640.86,329615147.11000013,173729123.26000002,12.0,797564826.5600001,59651703.89,12.0
5608017,2024,year,817848099.29,372881151.81999993,408357991.8,211003921.35,12.0,828904473.0300001,58541359.940000005,12.0
5608017,2025,year,990177155.2,460638927.49000007,490350120.06,241888714.44,12.0,984555738.35,116081222.76,12.0
5608019,2021,year,76973694.58999999,66742298.92,8761831.200000001,6233151.399999999,12.0,,,
5608019,2022,year,74049470.04,63554784.38,10116809.610000001,7543488.25,12.0,,,
5608019,2023,year,82159725.22,69939101.63,11219747.360000001,7317340.02,12.0,80178599.18,7137844.01,12.0
5608019,2024,year,94736838.06000002,80072991.63,13207207.660000002,9293818.4,12.0,92038474.56,3641531.2,12.0
5608019,2025,year,120143712.85,101430499.64,17212166.29,12350690.659999998,12.0,122004271.41,22174270.72,12.0
5608021,2021,year,58047081.16,40727708.9,16110736.48,8065902.619999999,12.0,,,
5608021,2022,year,55069026.7,38030690.64,16237187.200000003,9037176.71,12.0,,,
5608021,2023,year,59895726.81000001,42030629.66,16320568.58,9241987.95,12.0,60289520.370000005,2194615.27,12.0
5608021,2024,year,61324982.95,40489305.18,20034014.92,10655455.28,12.0,63070896.83,859773.13,12.0
5608021,2025,year,73957594.84,48359369.27,25000846.92,12284456.79,12.0,72708208.11000001,3758365.42,12.0
5902001,2021,year,49844339.34,13654628.0,35728683.510000005,19118266.74,12.0,,,
5902001,2022,year,46349216.249999985,12323181.73,32136857.889999997,18227101.040000003,12.0,,,
5902001,2023,year,57515089.92999999,17766130.32,36877549.120000005,21167380.439999998,12.0,94805122.16,15261801.36,12.0
5902001,2024,year,70280293.06,16113060.45,46504120.43,28308370.27,12.0,73396441.86,2814578.59,12.0
5902001,2025,year,78011167.64,19085758.62,51026789.19,29372230.75,12.0,80966666.17,3742382.18,12.0
5902003,2021,year,204557662.4,72115815.27,126056672.11,59074992.25,12.0,,,
5902003,2022,year,193125724.52,73328466.85,113065908.37000002,55670274.41,12.0,,,
5902003,2023,year,266274793.82000002,108319405.29,147578091.42,62270337.28,12.0,268464581.79,52099760.86,12.0
5902003,2024,year,303419979.22,96552887.68,177706554.32000002,74808697.57000001,12.0,312572675.59,50899776.13,12.0
5902003,2025,year,344553954.10999995,102564697.87,211600352.99,91684170.44,12.0,337312296.42,48129152.65,12.0
5902005,2021,year,119044506.55,34796675.029999994,83665351.08,49954248.24,12.0,,,
5902005,2022,year,100701387.22999999,23382199.23,73683595.00999999,41311856.77000001,12.0,,,
5902005,2023,year,123735911.44999999,26887460.0,89091529.24000001,50602910.49999999,12.0,153110576.22,23453871.360000003,12.0
5902005,2024,year,153281021.16,33823004.0,99287649.37,56625776.24,12.0,146841171.83999997,19485051.83,12.0
5902005,2025,year,155059514.01999998,29759443.67,115897049.58,65939597.42000001,12.0,150614499.95999995,9950157.54,12.0
5902007,2021,year,532776611.22,140876331.87,377210781.8000001,259396546.51000005,12.0,,,
5902007,2022,year,492777235.1199999,131942622.25,353403795.63,258410437.51,12.0,,,
5902007,2023,year,627749301.93,139611085.05,426667852.8399999,292903498.91999996,12.0,958213604.33,166818310.97,12.0
5902007,2024,year,722071870.26,173032054.27,511702751.9400001,335960081.58,12.0,748989458.3199999,55736678.32,12.0
5902007,2025,year,887819402.6899999,241880846.49,570574045.2600001,360161248.06,12.0,874765617.5999999,79968123.35,12.0
5902009,2021,year,342114730.78999996,133953921.37,192723274.01000002,109660364.67,12.0,,,
5902009,2022,year,270115389.94,101347313.32,159312481.85,91867758.16999999,12.0,,,
5902009,2023,year,342919414.62,160704453.33,170581518.7,92517082.89,12.0,357625668.89000005,34881832.03,12.0
5902009,2024,year,460029503.49000007,237635013.89,203425023.03,104618053.64,12.0,397368600.37,73606113.73,12.0
5902009,2025,year,501763633.68,228968189.06,254859764.06,134925273.11,12.0,516102900.22,139065912.98000002,12.0
5902011,2021,year,59107690.14,19773164.36,38682993.18000001,17440677.28,12.0,,,
5902011,2022,year,62850839.97,19055163.3,36311803.42999999,15396548.45,12.0,,,
5902011,2023,year,65968233.70999999,27217149.0,35122714.46,14350254.300000003,12.0,72743829.72,11582151.83,12.0
5902011,2024,year,71572435.24000001,22333479.16,41606436.29999999,21388945.15,12.0,64425958.30000001,8159399.12,12.0
5902011,2025,year,77252558.06,26232149.0,43357261.25,21457289.65,12.0,71885966.48,10348547.58,12.0
5902013,2021,year,134812146.09000003,50294230.19,82610654.82999998,43622213.64,12.0,,,
5902013,2022,year,127333244.57999998,42389455.12,80541862.99000001,42562495.50000001,12.0,,,
5902013,2023,year,153637928.65,40754114.94,100598273.41999999,55442830.84000003,12.0,231767119.83,54876641.35,12.0
5902013,2024,year,206725226.40999997,60157378.39999999,113466042.57999998,66758773.48,12.0,222866460.84,64903102.62,12.0
5902013,2025,year,219837584.2,56094901.760000005,137379937.6,77797015.83,12.0,218422044.26,21260037.28,12.0
5902015,2021,year,167168840.38000003,66425681.89,90553629.61999999,47322979.03,12.0,,,
5902015,2022,year,154829172.34,67089696.21,80648500.66000001,43235861.5,12.0,,,
5902015,2023,year,208450969.94,102878281.12,92192360.61999996,47738264.52000001,12.0,235634469.18,24125745.01,12.0
5902015,2024,year,202221882.64,75952571.57000001,107095453.53000002,54503763.82,12.0,194090497.49,4683312.8100000005,12.0
5902015,2025,year,248315987.3,104547966.47,120472202.47,60054730.06,12.0,248438935.59,29422564.14,12.0
5904001,2021,year,52447575.19,16004781.24,34823386.53000001,18731557.13,12.0,,,
5904001,2022,year,49219626.260000005,13613431.83,32062303.2,18936619.900000002,12.0,,,
5904001,2023,year,70953674.4,22901699.59,37657818.67,20057653.0,12.0,64653332.110000014,17160575.52,12.0
5904001,2024,year,63457926.88,17227526.05,41812159.46999999,23595734.11,12.0,64817793.12000001,7943799.77,12.0
5904001,2025,year,75158889.84,19543629.790000003,48613585.95,26133314.32,12.0,73490874.9,3343507.31,12.0
5904003,2021,year,96219374.61999999,40247136.48,54348250.800000004,34165340.4,12.0,,,
5904003,2022,year,84756926.38,31013977.51,48883761.52000004,31864082.61,12.0,,,
5904003,2023,year,110092677.50000001,44712195.2,58961942.160000026,34425161.28,12.0,145260513.71,26583390.55,12.0
5904003,2024,year,114750008.17,48735633.06,50781256.89000001,34088704.010000005,12.0,118400238.73,20631449.56,12.0
5904003,2025,year,130755664.92000002,60867280.58,45190353.59,34761253.0,12.0,127302227.2,16537205.72,12.0
5904005,2021,year,49768544.2,28954876.13,18571726.21,10017477.51,12.0,,,
5904005,2022,year,43644818.76,25686535.23,15576828.91,9441051.52,12.0,,,
5904005,2023,year,63488232.28,34918622.75,21967893.54,12192002.09,12.0,60367914.96,4327967.59,12.0
5904005,2024,year,61597395.95,29246278.66,26605100.43,15856945.72,12.0,61798429.99999999,2095762.54,12.0
5904005,2025,year,68738649.43000002,35416106.45999999,28623351.96,15336212.38,12.0,67229087.04,2452519.88,12.0
5904007,2021,year,55838509.89,28294238.58,26704305.65,13720614.3,12.0,,,
5904007,2022,year,45155735.75,20105300.0,24436236.54,14395877.14,12.0,,,
5904007,2023,year,61627773.690000005,29282647.0,30322601.530000005,15942434.930000002,12.0,56447863.3,3090904.37,12.0
5904007,2024,year,57790815.24999999,22009624.27,32995589.27,18599106.59,12.0,60748865.16,1806869.95,12.0
5904007,2025,year,72630404.36,32968319.92,38149212.66,20538704.23,12.0,72648165.81,3133841.0,12.0
5904009,2021,year,82967394.17999999,34460848.81,47573601.96000001,30710076.39,12.0,,,
5904009,2022,year,65890441.620000005,12701775.54,52799791.760000005,32756433.42,12.0,,,
5904009,2023,year,87332639.85,27962109.35,58962142.63000001,37127288.44000001,12.0,97529227.18,25734929.97,12.0
5904009,2024,year,135919016.21,66822125.98,68316840.03000002,45522806.73,12.0,128795916.07,64874295.36,12.0
5904009,2025,year,98612063.0,14792904.33,82774153.44999999,59646017.120000005,12.0,106406486.56,8645927.73,12.0
5904011,2021,year,435605426.66999996,185716817.45,239158948.29000005,161388940.71,12.0,,,
5904011,2022,year,335297696.5099999,93596808.83,213964767.35999998,152495744.48000005,12.0,,,
5904011,2023,year,439681948.15999997,145008896.17000002,260497263.64,166214590.43,12.0,580807077.48,137325945.15,12.0
5904011,2024,year,596917906.5300001,218124835.84,336102168.07000005,208439450.89,12.0,588582386.1200001,137054239.24,12.0
5904011,2025,year,670865672.56,235452271.38,405984435.52,261125129.91,12.0,696619356.01,146739170.68,12.0
5904013,2021,year,510757601.43,303208409.24,191657698.6,115685464.67999999,12.0,,,
5904013,2022,year,278370257.20000005,74619215.86,182670072.2,121138304.06,12.0,,,
5904013,2023,year,352416941.87,74237130.8,198691169.88,123062081.57,12.0,481849453.48,164744154.92,12.0
5904013,2024,year,434802572.8,87207116.53,238714660.72,146680193.57999998,12.0,425310535.33,84158027.21000001,12.0
5904013,2025,year,426169791.4200001,91040527.28,282639552.49,170485746.83000004,12.0,425452722.48,55538088.05,12.0
5904015,2021,year,144473028.75,29254479.63,112854902.77,37143311.66,12.0,,,
5904015,2022,year,149051209.8,27951239.63,115166422.75000003,38815647.370000005,12.0,,,
5904015,2023,year,213981716.51,56805498.56,147258928.34999996,45508158.98999999,12.0,241067764.99,71639983.06,12.0
5904015,2024,year,234318820.76,43130117.93,163535382.36999995,61975053.81,12.0,256550592.74,65853060.47,12.0
5904015,2025,year,233063474.14,50378483.00000001,170940005.78999996,71025712.97999999,12.0,248517043.64000005,41373866.38999999,12.0
5904017,2021,year,48058870.78999999,27886673.45,19002443.31,10316190.16,12.0,,,
5904017,2022,year,40668250.27,17709074.47,18618614.93,10014436.89,12.0,,,
5904017,2023,year,55509975.370000005,27056421.05,26206557.300000004,13998559.22,12.0,42946309.1,3957752.15,12.0
5904017,2024,year,49534497.26,17491800.490000002,30703559.5,17010869.64,12.0,55260126.03,1522172.35,12.0
5904017,2025,year,62786093.70999999,25343333.68,36172225.35,19045990.970000003,12.0,60288602.52,3540035.63,12.0
5906001,2021,year,122263967.10999998,29761163.380000003,92017422.52,42419180.44,12.0,,,
5906001,2022,year,130134180.57,24948075.21,104777247.37,37268560.66,12.0,,,
5906001,2023,year,153831364.93,40668951.0,108573959.56,48964519.03999999,12.0,162399542.17000005,19441262.35,12.0
5906001,2024,year,168309376.44000003,30728803.62,133935190.23,72309387.17,12.0,186672744.18000004,29490194.28,12.0
5906001,2025,year,200716387.41,34597386.35,163146077.42,88319980.39999999,12.0,191395203.78000003,10272862.27,12.0
5906003,2021,year,47982594.49,17910341.6,29333122.92,16162902.39,12.0,,,
5906003,2022,year,38051244.86000001,10546283.54,27167629.700000007,13904046.67,12.0,,,
5906003,2023,year,70315064.35,20557786.65,34769991.629999995,19300391.08,12.0,65328728.28,15162652.24,12.0
5906003,2024,year,54343674.41,11062491.05,40708726.18,24168451.24,12.0,53376356.53,1661846.05,12.0
5906003,2025,year,64485278.26,14576948.05,45952160.08,27314047.01,12.0,65083064.23,3483750.1100000003,12.0
5906005,2021,year,30873842.39,12652984.84,17225342.479999997,8028363.76,12.0,,,
5906005,2022,year,29723003.96,11447791.77,17196028.919999998,8962055.98,12.0,,,
5906005,2023,year,44631108.45,14927591.0,19733245.17,10170398.8,12.0,40986848.35,10648836.77,12.0
5906005,2024,year,38419080.80000001,11212486.0,25811677.880000003,14351847.96,12.0,36246916.28,1564979.16,12.0
5906005,2025,year,43429028.99,15581854.46,26926519.47,15088028.500000002,12.0,43810277.260000005,4057181.36,12.0
5906007,2021,year,159073341.36,44906682.53,108619948.06,70795164.91,12.0,,,
5906007,2022,year,153034780.82000002,31035524.19,117775565.8199999,71559654.78,12.0,,,
5906007,2023,year,207946216.67000008,53594884.18,132646059.80000001,76902291.00999999,12.0,376526559.8,105222788.13,12.0
5906007,2024,year,267135763.69,57822858.45,180142596.53,95273626.64,12.0,271093166.66,89489353.86,12.0
5906007,2025,year,242626144.06000003,44225087.24,179496992.32000002,117427348.82,12.0,243456233.19000003,15621939.18,12.0
5906009,2021,year,128613035.48,35436294.79000001,88422784.82000004,52939753.88,12.0,,,
5906009,2022,year,110185395.96000001,27742531.09,79899962.27,49777278.739999995,12.0,,,
5906009,2023,year,175433113.61,58547745.13,98139068.28,60129592.78,12.0,164335287.54,31185866.58,12.0
5906009,2024,year,178736139.97000003,51327868.16,116956994.87999998,68288845.16,12.0,176851647.87,12586729.05,12.0
5906009,2025,year,198745994.69,43311472.93000001,141276266.51,78769681.68,12.0,192672647.71000004,16558194.080000002,12.0
5906011,2021,year,537354497.8299999,155758591.01,366776893.91,198474021.9,12.0,,,
5906011,2022,year,556074925.4,140024979.23,401857453.78999996,214892438.01000002,12.0,,,
5906011,2023,year,621316624.7099999,137637809.29,451196203.3999999,264981482.36,12.0,710653727.4399999,64779410.3,12.0
5906011,2024,year,819940375.98,199602536.04,567919068.9,336230499.62000006,12.0,773285059.72,84452743.33,12.0
5906011,2025,year,921504040.74,247644603.07,625027468.7099999,366500575.15,12.0,956564225.12,139798529.98,12.0
5906013,2021,year,44511520.9,17553667.02,26021749.56,13808298.75,12.0,,,
5906013,2022,year,40581952.88,11640278.93,28786890.62,15446481.400000002,12.0,,,
5906013,2023,year,52878831.25000001,18095527.9,34194466.36,18147788.69,12.0,49752154.06,676135.54,12.0
5906013,2024,year,58088862.62,17443470.33,39280874.05,20220710.62,12.0,55508341.220000006,3877894.93,12.0
5906013,2025,year,72532428.3,20923810.33,46873414.7,23943234.83,12.0,67873159.39999999,2540646.35,12.0
5906015,2021,year,60647763.76,20494436.75,39654243.53,16306005.12,12.0,,,
5906015,2022,year,65103811.98000001,20067466.0,43424991.38,17381809.130000003,12.0,,,
5906015,2023,year,82662801.82,34152880.0,47041648.14000001,20770612.379999995,12.0,113929270.26,23280768.91,12.0
5906015,2024,year,80790548.41999999,19398140.0,52421690.57000001,22816284.98,12.0,87008405.58999999,10160586.64,12.0
5906015,2025,year,93260690.4,25570640.46,63712313.8,28509348.26,12.0,91904184.93000002,4679646.82,12.0
5908001,2021,year,40430892.31,15259123.82,19487167.980000004,8433215.84,12.0,,,
5908001,2022,year,37117554.23,14899782.69,17901685.610000003,8797729.53,12.0,,,
5908001,2023,year,35925579.74,15719168.0,18749731.94,9801552.89,12.0,46936503.64,3476001.13,12.0
5908001,2024,year,44721048.87,13684938.39,27829085.38,13731698.410000002,12.0,53582352.45999999,2177401.04,12.0
5908001,2025,year,55420487.19,14227188.54,34654231.349999994,20197754.74,12.0,61302237.83,6438754.18,12.0
5908003,2021,year,202274982.81000006,80950775.36,114593190.37,62605926.6,12.0,,,
5908003,2022,year,179724929.07,70232195.06,102926563.23,58914299.42,12.0,,,
5908003,2023,year,230552993.5,98641685.67,112939066.75,61654788.69999999,12.0,240995867.75,16807007.22,12.0
5908003,2024,year,235494189.79,85291124.94,121178154.64,64187748.65,12.0,246697179.69,22679941.01,12.0
5908003,2025,year,248712836.68,110420431.67,108875664.43,64138402.24,12.0,249091755.54,30414140.68,12.0
5908005,2021,year,72795519.6,40386214.53,27917429.91,11893619.26,12.0,,,
5908005,2022,year,58387707.28,34763560.93,20999329.31,10802865.99,12.0,,,
5908005,2023,year,79005073.6,48061136.4,26210539.720000003,12369070.81,12.0,76395753.12,12645753.11,12.0
5908005,2024,year,78485343.64000002,42392452.07,32976573.520000003,13963653.64,12.0,71000285.27,17014183.0,12.0
5908005,2025,year,67566457.57000001,29401355.81,36093155.45,12372714.01,12.0,64255277.42,3190260.0700000003,12.0
5908007,2021,year,58229351.150000006,21667336.5,33694081.55,13298930.36,12.0,,,
5908007,2022,year,61977177.44,30196068.21,30973737.98,16220952.95,12.0,,,
5908007,2023,year,88729898.89,45464990.03,36346379.690000005,19713570.570000004,12.0,85429901.28000002,4650861.79,12.0
5908007,2024,year,82889409.31,24200546.0,49026215.52,25475894.12,12.0,79194817.30000001,4383906.76,12.0
5908007,2025,year,120907575.85,42617418.010000005,57989194.47,30244461.36,12.0,115592625.4,10846055.17,12.0
5908009,2021,year,203781524.20999998,69075269.6,130239545.13000001,65117991.68,12.0,,,
5908009,2022,year,182844988.82,67296730.4,112098211.16,62922995.730000004,12.0,,,
5908009,2023,year,216105622.04,72013341.25999999,125876385.57999998,70327916.33999999,12.0,225630798.66,27440682.39,12.0
5908009,2024,year,235008974.81,92739328.52,112045660.74,67023425.68,12.0,235154616.3,22395653.12,12.0
5908009,2025,year,240374484.34,127120291.2,96266792.17000002,58489968.52,12.0,212004367.27,22696665.42,12.0
5908011,2021,year,350843512.57000005,139764907.2,203877031.03,114602643.61,12.0,,,
5908011,2022,year,329111554.90999997,122787733.08,198540817.84,120519637.28,12.0,,,
5908011,2023,year,427174678.44,182421240.3,229424495.38,135058705.49999994,12.0,449584244.29,57260762.63,12.0
5908011,2024,year,452763961.05,139052240.45000002,281915162.13,160257438.02,12.0,457753470.7800001,54673559.73,12.0
5908011,2025,year,530161247.58,174208584.26,325948214.74999994,181409053.6,12.0,527395223.56,62087159.94,12.0
5908013,2021,latest,116336845.88,39041076.52,73104643.71000001,37945227.910000004,12.0,,,
5908013,2022,year,104785034.78,29117096.26,73177847.50999999,38708255.870000005,12.0,,,
5908013,2023,year,169114840.03,75405688.78,89315787.77000001,45628875.300000004,12.0,226949907.33,63339538.88,12.0
5908013,2024,year,155358861.38,35466644.14,109293235.26,60615386.13000001,12.0,152379169.89,23006517.42,12.0
5908013,2025,year,179531781.19,39793523.8,123897372.40000002,64024430.97,12.0,182808854.31,16287242.37,12.0
5908015,2021,latest,65688519.68999998,18816343.68,44511044.17999999,27860748.080000002,12.0,,,
5908015,2022,year,58395229.20999999,15180657.06,42439110.95999999,27213639.069999978,12.0,,,
5908015,2023,year,86656138.1,28936390.51,53221921.119999975,29912627.28999999,12.0,267116300.11,66183650.0,12.0
5908015,2024,year,96715726.71,28925086.0,61893852.56,34390600.23,12.0,111563642.16,9799559.21,12.0
5908015,2025,year,88929455.51,25327057.48,61025011.42,35055749.23,12.0,95053410.04,8339675.97,12.0
5908017,2021,year,44053375.57,17321076.03,24822937.779999997,11715578.9,12.0,,,
5908017,2022,year,39908433.22,18418344.57,17891062.400000002,9447879.86,12.0,,,
5908017,2023,year,43660915.67999999,18418252.0,22373975.520000003,11897456.170000002,12.0,43124332.61,119616.0,12.0
5908017,2024,year,54267973.36000001,26637733.0,27331828.83,15414497.930000002,12.0,47879249.12,420387.6,12.0
5908017,2025,year,58165286.24,43065203.22,14478817.4,9596670.24,12.0,50040372.24,6481278.0,12.0
5908019,2021,year,43585529.98,20689614.44,21521073.14,11500641.12,12.0,,,
5908019,2022,year,45141188.23,21141745.62,23381173.03,13218519.99,12.0,,,
5908019,2023,year,60184383.56,27468737.4,25950518.35,13331686.37,12.0,58258804.09,8726478.55,12.0
5908019,2024,year,143321620.76000002,106435470.42,31642607.71,17060548.880000003,12.0,59146353.85,6458946.45,12.0
5908019,2025,year,75621438.89000002,28679328.55,40473651.47,22404525.76,12.0,153276238.97,82115813.69000001,12.0
5908021,2021,year,42611322.36999999,14003802.83,27548878.220000003,14201808.94,12.0,,,
5908021,2022,year,39730454.97,12174149.0,26913445.68,14347000.51,12.0,,,
5908021,2023,year,57901609.95,20474689.66,30059432.13,16622506.45,12.0,52956763.16,9330611.27,12.0
5908021,2024,year,50805379.59000001,14579971.0,35262036.09000001,18914569.92,12.0,47617498.81999999,4398446.49,12.0
5908021,2025,year,61345340.39000001,21746977.66,38783318.07000001,21349655.350000005,12.0,60502545.50000001,9759852.15,12.0
5908023,2021,year,93955832.35000001,29654144.380000003,62958171.17,40309866.71,12.0,,,
5908023,2022,year,81884754.57,25978305.01,54679463.13999999,35042139.53,12.0,,,
5908023,2023,year,122343302.37,48034250.96,61633293.550000004,37882339.06,12.0,110829069.19,18713498.62,12.0
5908023,2024,year,143010682.31000003,46282304.3,91827499.18,60643228.32,12.0,125488768.2,11773390.07,12.0
5908023,2025,year,139030190.18,33624649.3,99429451.94,61449562.50999999,12.0,157872078.2,19507190.91,12.0
5908025,2021,year,134756101.15,33870323.65,90010893.26,50797234.6,12.0,,,
5908025,2022,year,113815569.15,29318789.6,82534747.25,48329411.78,12.0,,,
5908025,2023,year,127929115.88000005,29166461.01,96200174.13,49218256.45,12.0,110127266.91,292189.86,12.0
5908025,2024,year,148362391.61,31178979.53,112735130.73999998,63285592.31999999,12.0,116948219.06,1278755.59,12.0
5908025,2025,year,193054100.36,50463642.47,135303856.14,74634144.46999998,12.0,190407728.8,47425960.1,12.0
5908027,2021,year,3167445730.7899995,770154123.63,2318550292.4700003,1544233041.65,12.0,,,
5908027,2022,year,2790598108.3700004,525179981.79,2141020879.1600003,1433064345.17,12.0,,,
5908027,2023,year,3106239800.03,582134672.1099999,2393668569.2000003,1520151926.29,12.0,3684587587.25,729626731.77,12.0
5908027,2024,year,4045278839.04,1034379679.43,2846821316.37,1770129767.1300004,12.0,3960911597.0,844496006.12,12.0
5908027,2025,year,4664145211.63,1122042767.06,3296487204.01,1985230172.96,12.0,4428242136.0,882240160.8699999,12.0
5908029,2021,year,69592324.97999999,24318721.94,43121451.019999996,28592355.42,12.0,,,
5908029,2022,year,56670718.379999995,15288882.61,40555700.24000001,25591715.600000005,12.0,,,
5908029,2023,year,77589068.25,23666641.0,48134723.58000001,31572049.870000005,12.0,118741207.76,35674261.099999994,12.0
5908029,2024,year,71485776.25,22742531.0,40055512.89,28632563.910000004,12.0,71671121.67,7646056.16,12.0
5908029,2025,year,87254734.49,40827263.6,37584712.61,29221153.2,12.0,77833092.34,16082123.14,12.0
5908031,2021,year,53548515.85,18535651.8,33604733.830000006,17576370.66,12.0,,,
5908031,2022,year,49184895.379999995,17426881.0,31009967.669999998,16802698.52,12.0,,,
5908031,2023,year,53295514.330000006,19874599.0,31559818.999999993,16982004.97,12.0,68543422.86999999,13188141.35,12.0
5908031,2024,year,58127974.38,23941390.2,31960204.23999999,18273510.68,12.0,49260185.53,3947065.03,12.0
5908031,2025,year,66566940.15,38114421.92,28444365.24,18060076.01,12.0,56461139.98,8591621.0,12.0
5910001,2021,year,70865112.67,25258950.3,44524707.17,15734983.870000001,12.0,,,
5910001,2022,year,62208039.48,20609137.01,39089419.97,15207168.790000001,12.0,,,
5910001,2023,year,73537355.01000002,28075620.5,41558758.900000006,16301769.599999998,12.0,84872337.53,14135936.6,12.0
5910001,2024,year,81286384.28,27020730.71,48483841.8,17926197.299999997,12.0,77494699.39,4558322.0,12.0
5910001,2025,year,102031048.31,38124081.72,59220362.61000001,21204468.33,12.0,98321667.71,11390469.0,12.0
5910003,2021,year,293240627.79,119669451.22,162488928.24,98297000.57,12.0,,,
5910003,2022,year,264012406.40999994,96385538.69,163751227.56,102343229.48000005,12.0,,,
5910003,2023,year,282226565.72,98079185.97,176916913.99,103362831.52000001,12.0,369583217.03,55414280.900000006,12.0
5910003,2024,year,349221051.66,111587323.65,224086993.0,121469245.31,12.0,321358818.66,33184806.8,12.0
5910003,2025,year,414403659.1,144763566.28,254173097.86,145334027.14000002,12.0,419719837.8899999,76138629.01,12.0
5910005,2021,year,52652969.37,13099837.62,35456527.35,23479152.83,12.0,,,
5910005,2022,year,41563527.04000001,15315918.87,25736258.040000003,18532416.030000005,12.0,,,
5910005,2023,year,48296976.46000001,17336820.71,29590868.520000003,19366887.1,12.0,60266268.38,3057906.66,12.0
5910005,2024,year,55263797.73,21694474.21,31495008.67,20230780.73,12.0,53475535.6,973793.24,12.0
5910005,2025,year,55950433.8,20685965.69,32835529.7,19670169.08,12.0,62578469.05,7203568.09,12.0
5910007,2021,year,60264571.519999996,14685891.14,44651629.96,21730576.43,12.0,,,
5910007,2022,year,53636271.85,13297161.12,40215974.35999999,16826025.049999997,12.0,,,
5910007,2023,year,53038530.31999999,15898768.01,35193510.12,20314878.34,12.0,64784904.53,7149723.0,12.0
5910007,2024,year,63358055.830000006,36681942.0,25923678.49,18709516.96,12.0,63706001.42,2700157.78,12.0
5910007,2025,year,75530498.31,38925835.49,35837065.54,14224733.87,12.0,73057877.23,8993094.92,12.0
5910009,2021,year,52757550.11000001,19316088.36,32557370.95,11547536.26,12.0,,,
5910009,2022,year,46042915.220000006,21627981.0,22988098.22,9058739.16,12.0,,,
5910009,2023,year,48309503.900000006,18695777.0,27585099.950000007,10470624.579999998,12.0,54103070.46,5140649.83,12.0
5910009,2024,year,60007605.66,22565635.0,27114087.84,10525568.34,12.0,55814378.96000001,7367068.05,12.0
5910009,2025,year,66996569.84,29256558.62,32503497.64,10833841.7,12.0,70730543.08,8521069.59,12.0
5910011,2021,year,64009689.160000004,30949385.970000003,31190797.3,17412193.66,12.0,,,
5910011,2022,year,56807772.42,31346822.35,24663223.1,14731621.07,12.0,,,
5910011,2023,year,71901878.73,37067571.0,26786274.310000002,15774223.43,12.0,75613870.19,13751724.68,12.0
5910011,2024,year,72793857.28,34562424.0,26617402.74,15942223.84,12.0,69136542.5,7857861.399999999,12.0
5910011,2025,year,87555208.8,47116185.98,25190901.19,13856513.95,12.0,83649054.18999998,15827540.04,12.0
5910013,2021,year,87250784.52,41595872.68,43483151.62,22804313.56,12.0,,,
5910013,2022,year,81929674.39999999,42897401.43,37291045.769999996,19212532.859999996,12.0,,,
5910013,2023,year,86541098.81,49681945.0,32720578.720000003,20528262.650000002,12.0,94985644.69,338504.0,12.0
5910013,2024,year,85687132.92999999,58291783.45,25971865.56,18302646.32,12.0,84635701.92,3612852.38,12.0
5910013,2025,year,103589324.66,73648095.51,26927703.87,19021283.87,12.0,98498632.4,9041476.9,12.0
5910015,2021,year,43079859.07000001,12565170.38,30179614.41,14272472.139999999,12.0,,,
5910015,2022,year,29819341.950000003,8719700.0,20651968.970000006,9932089.92,12.0,,,
5910015,2023,year,28736164.75,7713800.0,18601268.53,11642096.340000004,12.0,86108641.25999999,30018899.23,12.0
5910015,2024,year,48698895.190000005,31265900.0,13433482.09,8451216.6,12.0,41147947.17999999,1949030.95,12.0
5910015,2025,year,60745118.16999999,45575808.24,14133162.27,5920533.59,12.0,63299632.6,14103512.0,12.0
5910017,2021,year,725593838.6600001,359721909.35,352676887.51,222506399.78,12.0,,,
5910017,2022,year,560894479.89,214099725.51,341566470.46000004,219608476.22,12.0,,,
5910017,2023,year,663066134.2900002,190104333.67,455001847.4600001,306261654.65999997,12.0,891012767.5699999,98773542.15,12.0
5910017,2024,year,1020642605.49,241117507.99,728577343.1500001,508140008.2000001,12.0,987345247.79,167168102.17,12.0
5910017,2025,year,1344620471.2199998,406325094.18,882061714.98,662118806.33,12.0,1398998746.7,281281345.02,12.0
5910019,2021,year,76002342.95,29377690.12,44993691.58,21400144.66,12.0,,,
5910019,2022,year,66327867.790000014,25901142.0,38605606.18000001,19514129.159999996,12.0,,,
5910019,2023,year,87150043.03,28201162.01,49164027.63999999,22106967.72,12.0,97376244.2,8795376.03,12.0
5910019,2024,year,107778065.09,38523752.31,53803027.41,23922312.27,12.0,101718546.69,15092281.85,12.0
5910019,2025,year,132988796.16,64538286.82,62269532.69,25517391.18,12.0,126685322.83,32707180.8,12.0
6102001,2021,year,58361721.42,36421738.510000005,19088935.26,13271858.22,12.0,,,
6102001,2022,year,52424955.92,30408829.2,21416638.1,14168957.56,12.0,,,
6102001,2023,year,60082300.23,35361459.36,21480927.8,14288438.739999998,12.0,62067621.14,3396402.07,12.0
6102001,2024,year,63872332.95,34189032.87,28426382.78,19834589.9,12.0,64474699.11000001,2919965.16,12.0
6102001,2025,year,72256964.52,36615296.24,33984924.52,22520875.92,12.0,70569377.97,2400371.87,12.0
6102003,2021,year,57957446.79999999,36768832.67,19636169.059999995,11923685.14,12.0,,,
6102003,2022,year,53118575.50999999,31322722.43,19785519.52,12871167.29,12.0,,,
6102003,2023,year,67581042.87,37580530.53,26346237.66,18122113.88,12.0,64708987.56000001,756328.48,12.0
6102003,2024,year,65997234.74,33321481.9,29003451.5,17669749.43,12.0,69150218.75,1481301.63,12.0
6102003,2025,year,72601034.53999999,35406715.5,33899984.7,21172289.05,12.0,72253738.32000001,1390032.61,12.0
6102005,2021,year,130654824.90000002,86084745.58,40869847.42999999,24544187.62,12.0,,,
6102005,2022,year,132489147.49000001,78815404.78999999,48924520.86,31751334.59,12.0,,,
6102005,2023,year,158576798.81,93808634.21,53591877.370000005,32879480.5,12.0,148151694.14000002,14545029.55,12.0
6102005,2024,year,170033793.73,90030737.31,64659420.29000001,37823856.8,12.0,174278539.36999995,21860866.25,12.0
6102005,2025,year,195169721.72000003,101055995.0,81213966.30000001,47530058.92,12.0,197420423.02,22163702.43,12.0
6102007,2021,year,334963494.76,173200547.72,153214235.95,93728590.88,12.0,,,
6102007,2022,year,358779182.02,170387548.79,165762467.77,103137845.71999997,12.0,,,
6102007,2023,year,393191436.03000003,175179539.93,200396537.40999997,115860685.96000001,12.0,442157509.34,35798407.37,12.0
6102007,2024,year,472057773.07,200306491.12,250044509.76,138078977.41,12.0,473219937.63,30482248.24,12.0
6102007,2025,year,538554522.8599999,219566517.59999996,303950079.7700001,161024128.41,12.0,536571637.87,26670097.32,12.0
6102009,2021,year,183319447.75,95408479.58,81343523.90000002,47287116.800000004,12.0,,,
6102009,2022,year,191550301.84,82270306.16,89934494.62,55867088.32000001,12.0,,,
6102009,2023,year,220039526.9,96024028.73,106671798.64,66758289.419999994,12.0,220504944.55,19547362.12,12.0
6102009,2024,year,245694370.93000004,102007579.47,129189411.26,78197191.7,12.0,253246113.79999995,31134507.23,12.0
6102009,2025,year,296419486.23999995,105818048.47,163360198.83,97680747.94,12.0,293559286.32,37228516.12,12.0
6102011,2021,year,47973384.44,34306573.36,13496059.599999998,9959114.0,12.0,,,
6102011,2022,year,43538049.36,30041521.88,13050203.489999998,8846871.94,12.0,,,
6102011,2023,year,55709130.27,38928398.08,16325056.39,9851669.84,12.0,50001251.42,3230372.8000000003,12.0
6102011,2024,year,58482757.98,38834038.45,19266431.93,12182781.21,12.0,58915730.42,2220694.38,12.0
6102011,2025,year,64608011.77000001,40649325.58,23258473.01,14467716.93,12.0,67049770.27,2938600.7,12.0
6102013,2021,year,144199931.29000002,94789820.78,45357240.29,28565457.61,12.0,,,
6102013,2022,year,134852772.22,86113117.41,45882908.99999999,29169904.349999998,12.0,,,
6102013,2023,year,172964695.95000002,111193815.3,54931891.44,31416161.29,12.0,166341060.89999998,19055934.77,12.0
6102013,2024,year,191635911.44,110247068.93,72691145.88,40027776.91,12.0,189733763.27,15373937.8,12.0
6102013,2025,year,212033238.21,114063664.91,88550856.29,45190928.51,12.0,213192865.72000003,12416864.62,12.0
6102015,2021,year,221882084.67,130364877.57,78075494.57999998,50725131.970000006,12.0,,,
6102015,2022,year,212034505.67000002,109341921.59,92978372.35999998,63487900.05,12.0,,,
6102015,2023,year,235090801.65,109371836.44,110311166.71000001,72603532.5,12.0,247689225.21,16559066.76,12.0
6102015,2024,year,260339520.22,109124994.99,126493941.58,79863173.67,12.0,273070280.3,30821663.2,12.0
6102015,2025,year,306635080.9700001,133050293.07,154108747.11999995,97513605.44,12.0,304934248.1,32390766.8,12.0
6104001,2021,year,176585084.02,29982251.21,136219463.85,88272359.55,12.0,,,
6104001,2022,year,178611219.64,25615261.680000003,149074548.38999996,105301087.95999998,12.0,,,
6104001,2023,year,204950652.39000002,28366122.06,167602582.19,100291618.13000001,12.0,277341329.79999995,79324322.78,12.0
6104001,2024,year,240139189.92,38010292.74,198524128.48,113970137.43,12.0,214246760.76,29905356.03,12.0
6104001,2025,year,274940277.68999994,35477646.35,238174491.78,131153471.21,12.0,283761712.67,48297666.78000001,12.0
6104003,2021,year,187319453.33,98504570.82,85884763.04,51479334.48,12.0,,,
6104003,2022,year,180522375.86,82545682.35000001,96003132.27,61058609.70999999,12.0,,,
6104003,2023,year,192874696.84,75556275.65,113479240.70999998,68284679.38,12.0,244134805.19000003,25278163.29,12.0
6104003,2024,year,236192520.86,93348710.9,137263144.78,76203241.9,12.0,249355308.06,12854375.35,12.0
6104003,2025,year,273148886.69,108390479.47,160122586.42000002,93421983.84,12.0,266323132.12000003,20596083.62,12.0
6104005,2021,year,111869222.04,54183990.34,54005773.23,30993458.85,12.0,,,
6104005,2022,year,96316748.23,32510411.06,62874136.42,36662793.55000003,12.0,,,
6104005,2023,year,111816814.28,34130700.0,73382037.87,40094840.03999999,12.0,267800103.03,80258389.16,12.0
6104005,2024,year,134593522.93,33958487.04,94283605.43999998,49612161.82,12.0,135530213.28,21271399.27,12.0
6104005,2025,year,184069161.95,35489434.18,119512170.77,63993187.66,12.0,150001688.85999998,14830071.77,12.0
6104007,2021,year,192799550.61,70931091.27,120088499.5,69510683.13000001,12.0,,,
6104007,2022,year,195949492.81,60549093.2,125926447.27,73382463.26,12.0,,,
6104007,2023,year,266471808.42,88834051.47,175119965.51,95145079.12,12.0,255118855.82,31269816.02,12.0
6104007,2024,year,299580318.96,67825167.02,226654966.59000003,127188023.23,12.0,297212719.23,41449390.53,12.0
6104007,2025,year,383819662.0,78929261.97,289024743.91,163672114.45,12.0,363395772.56,54965564.59,12.0
6104009,2021,year,61778092.83000001,18379239.09,42646142.59,25692167.17,12.0,,,
6104009,2022,year,60134954.46,15127070.0,43894574.15,28814213.15,12.0,,,
6104009,2023,year,75209800.66,13836902.3,55633702.109999985,33981370.41,12.0,87564732.44999999,9398016.44,12.0
6104009,2024,year,89124713.46,17145689.8,69085609.99,37731865.18999999,12.0,90496830.91,10659023.88,12.0
6104009,2025,year,114183404.64000002,18744138.26,92335775.06,48995215.88,12.0,105914868.75,7067090.0200000005,12.0
6104011,2021,year,126889101.16,41692256.43,69382399.63,36178204.239999995,12.0,,,
6104011,2022,year,111876784.22999999,39118663.64,69823721.06,41831889.37,12.0,,,
6104011,2023,year,163810300.55,45173443.57,110461112.36000003,50003461.80000001,12.0,227852437.4,50092350.05,12.0
6104011,2024,year,187454273.63,41312231.96,134999822.82,59366149.27,12.0,174060144.27,28446165.68,12.0
6104011,2025,year,253430128.91,44300722.6,169254419.41,69746274.27999999,12.0,225590852.37,34239513.22,12.0
6104013,2021,year,84405677.44000001,53961703.41,28743806.69,16286516.83,12.0,,,
6104013,2022,year,78355160.71999998,47829739.75,29846503.92,17968505.720000003,12.0,,,
6104013,2023,year,101420500.67,56622849.19,38770641.26999999,21425662.36,12.0,99034949.94,5827826.48,12.0
6104013,2024,year,102231188.56,51339049.51,47364280.69,23239488.35,12.0,104888134.01,5789098.5,12.0
6104013,2025,year,123424224.29,58969676.41,57432408.98,28284497.09,12.0,121079855.55,6748715.25,12.0
6104015,2021,year,332108279.75000006,160369261.36,165563156.79999998,84779491.11,12.0,,,
6104015,2022,year,327867471.18,139216682.53,172451330.67999998,100885010.14,12.0,,,
6104015,2023,year,386694683.41999996,152890324.52,213651402.18,120525650.21,12.0,378137922.32,15850714.64,12.0
6104015,2024,year,416222986.21,139729206.81000003,261753089.73,146931294.54,12.0,427615684.26,23892957.57,12.0
6104015,2025,year,519335505.0100001,166105556.26,335258548.48,190214897.71,12.0,525478596.9,43321134.19,12.0
6104017,2021,year,162183802.66,77892301.17,79992921.49999999,46542464.01,12.0,,,
6104017,2022,year,166249025.27,67675103.21,95117446.11999999,62705878.41,12.0,,,
6104017,2023,year,183004139.29999998,73352930.42,99915393.53,57136656.06,12.0,193036919.4,15923467.22,12.0
6104017,2024,year,210151067.35,76160075.85,128421164.45,74122211.97,12.0,206781893.08,22264901.49,12.0
6104017,2025,year,246718017.02,86579875.37,149596326.14,87808803.52000001,12.0,242319899.04,37056099.120000005,12.0
6104019,2021,year,67550139.0,35505960.0,30286795.700000003,17847699.26,12.0,,,
6104019,2022,year,63661536.7,29562957.0,33644138.17,20747080.63,12.0,,,
6104019,2023,year,77748130.9,36190331.0,40878822.88,25855352.38,12.0,73294335.22000001,7144013.470000001,12.0
6104019,2024,year,81475403.38000001,29043997.64,46789243.94,30070091.32,12.0,81580052.72,6649637.279999999,12.0
6104019,2025,year,92457925.69999996,32678103.15,58891074.98999999,37251101.36,12.0,85823799.27999999,5025817.0,12.0
6104021,2021,year,38962923.11000001,14599016.0,16875373.15,10402754.29,12.0,,,
6104021,2022,year,31626805.58,11822330.0,19385201.070000004,13366451.6,12.0,,,
6104021,2023,year,37706743.93,13613500.0,22698838.67,15627993.239999998,12.0,34886885.46,1156766.76,12.0
6104021,2024,year,37232046.580000006,11107479.82,25381448.610000003,17333816.990000002,12.0,37454494.22,2130729.05,12.0
6104021,2025,year,39755374.0,10654884.3,28419966.700000007,18998078.040000003,12.0,41930064.68,3086661.54,12.0
6104023,2021,year,215434360.85999998,96433775.31,115091133.71,73042429.1,12.0,,,
6104023,2022,year,207045945.26,77000333.1,126419358.74000004,87175390.63,12.0,,,
6104023,2023,year,233551684.67000002,83458076.04,141893708.79,95215908.64000002,12.0,240500963.05,17608147.1,12.0
6104023,2024,year,255625439.76,73260680.3,169393348.32999998,110327594.01,12.0,260762469.43999997,21534850.36,12.0
6104023,2025,year,309090174.94000006,82156976.99,216527824.04,141044142.45,12.0,298604307.99,32071388.270000003,12.0
6104025,2021,year,33343926.56,16061121.759999998,16895912.92,10183387.650000002,12.0,,,
6104025,2022,year,32414798.35,13814400.0,18367071.78,11130169.0,12.0,,,
6104025,2023,year,39009715.400000006,18303049.87,20010069.46,11567239.64,12.0,38195790.190000005,1748972.51,12.0
6104025,2024,year,38752239.43,16443485.46,22151571.48,12310875.67,12.0,44169911.47,2958248.6,12.0
6104025,2025,year,46969901.48,19099364.46,26676406.47,16906247.23,12.0,41757321.28,1336354.5,12.0
6104027,2021,year,41144707.94,24484436.19,15476153.840000002,7747192.38,12.0,,,
6104027,2022,year,37468257.74,19304442.16,17569705.669999998,9939383.68,12.0,,,
6104027,2023,year,43708654.8,21186435.38,21636570.470000003,11798685.31,12.0,45128479.14,7327979.82,12.0
6104027,2024,year,43638152.47,14141197.55,25075014.94,14805579.53,12.0,48316143.3,6438395.0,12.0
6104027,2025,year,49425005.26,17019803.91,31568546.8,19359164.31,12.0,48735889.32,2801360.87,12.0
6104029,2021,year,140254346.55,79996849.0,58301984.449999996,31113099.17,12.0,,,
6104029,2022,year,132455938.47,68761129.28,61069067.8,36723350.65,12.0,,,
6104029,2023,year,157236860.44000003,79571882.4,70912607.66,38139721.72,12.0,153193977.07,10463089.92,12.0
6104029,2024,year,161150625.81,70372786.07000001,87169978.63,45833432.74,12.0,163652352.34999996,8947070.47,12.0
6104029,2025,year,198255408.07,80879747.18,111081968.57,59008076.150000006,12.0,195508757.87,16290671.25,12.0
6104031,2021,year,57551502.440000005,36468448.51,21003950.31,10504445.39,12.0,,,
6104031,2022,year,54136547.38,32492676.89,21581101.1,11341823.66,12.0,,,
6104031,2023,year,65004121.4,40636583.89,24062156.11,12034790.48,12.0,59224894.45,4395179.859999999,12.0
6104031,2024,year,65336374.48,34766381.379999995,30244767.1,14732766.11,12.0,62089334.05,1806296.31,12.0
6104031,2025,year,82513278.61,40385076.94,40591144.09,18464627.95,12.0,86488960.39,11049699.92,12.0
6104033,2021,year,59738592.72,37051310.35,19856765.3,10081856.64,12.0,,,
6104033,2022,year,54093407.08000001,32516324.83,20742558.62,11705613.879999999,12.0,,,
6104033,2023,year,65871553.0,33066624.86,31851222.060000002,13605397.019999996,12.0,90628641.85,7715956.93,12.0
6104033,2024,year,70756109.52000001,33275561.96,35738105.84,17418432.419999998,12.0,74569529.98999998,7992492.33,12.0
6104033,2025,year,90340229.96999998,39571580.15,49898160.48,24206157.01,12.0,97259616.11,14395871.42,12.0
6104035,2021,year,167803046.31,69895829.18,87540021.47999999,50345002.21000001,12.0,,,
6104035,2022,year,150407748.22999996,53564231.11,88869792.87,54413522.55,12.0,,,
6104035,2023,year,178543344.38,65788206.25,102663364.22,60307883.9,12.0,171660004.39,4363321.87,12.0
6104035,2024,year,202700097.12,59376523.64,125718770.85,71812998.81,12.0,203607946.68,17599948.080000002,12.0
6104035,2025,year,237803548.34,69441066.06,156981676.3,87151138.69999999,12.0,230379452.53,10697138.73,12.0
6104037,2021,year,148213441.20999998,62745437.830000006,83285141.7,57487913.67,12.0,,,
6104037,2022,year,151335936.61999997,54542697.44,95245022.81,67817902.00000001,12.0,,,
6104037,2023,year,155957128.18,49060334.57,103782253.10999998,74382888.76,12.0,187675151.91,23931912.5,12.0
6104037,2024,year,185750147.39,59290681.68,122520130.87,85754776.49000001,12.0,184141625.28000003,5673290.74,12.0
6104037,2025,year,225489616.41000003,65493054.46,154003638.47,106657828.14,12.0,216160256.05999997,6655304.49,12.0
6104039,2021,year,62694801.86000001,27361028.84,34715043.37,14730204.89,12.0,,,
6104039,2022,year,68118183.63,25312675.98,41061460.75,18456211.31,12.0,,,
6104039,2023,year,94579814.18,39605442.760000005,53325483.03,21571566.47,12.0,100499752.51,23092374.06,12.0
6104039,2024,year,104671307.62999998,22799129.15,77825145.13999999,26683109.05,12.0,84910315.88,13703837.46,12.0
6104039,2025,year,131441945.05999996,37968044.74,92812266.37,34695422.18,12.0,129770698.52,31415922.36,12.0
6104041,2021,year,52407950.61,34427466.68,17458474.88,10170256.46,12.0,,,
6104041,2022,year,47480796.27000001,30747067.87,16407318.65,10088670.18,12.0,,,
6104041,2023,year,57387129.43,36140611.9,19864581.52,12489763.889999999,12.0,57241923.72999999,1237626.0,12.0
6104041,2024,year,60687076.690000005,33081136.48,25098943.12,14874694.820000002,12.0,60707666.25,1102552.78,12.0
6104041,2025,year,69354196.28,36066951.59,29488184.03,18546939.96,12.0,69528916.72000001,2116388.71,12.0
6104043,2021,year,115744226.8,54187582.17,53705582.92,33589398.89,12.0,,,
6104043,2022,year,109783789.75999998,49328141.88,58187935.69,35783147.2,12.0,,,
6104043,2023,year,128003542.44,59448205.89,64694097.35000001,36956371.96,12.0,117511064.57,3619604.78,12.0
6104043,2024,year,139436580.7,54344322.95,82242468.72,47185196.23,12.0,144434647.97,7899044.6,12.0
6104043,2025,year,156940237.28,59532882.21,95225964.06,56309041.8,12.0,158987237.96999997,6058223.76,12.0
6104045,2021,year,68957083.6,28640230.49,38235356.45,26416236.42,12.0,,,
6104045,2022,year,66730878.95,22459027.28,42657144.81,30752634.84,12.0,,,
6104045,2023,year,115863473.87,30893255.08,52830129.84,36299460.06,12.0,114130047.81,37223705.41,12.0
6104045,2024,year,102407371.29,32710437.16,64437888.1,47293233.63,12.0,104277688.46,19250507.32,12.0
6104045,2025,year,112229745.1,28422826.52,79065710.05000001,57789768.76,12.0,108359016.17,11742728.84,12.0
6104047,2021,year,254994579.82,128626317.44,116295061.64,66693807.03999999,12.0,,,
6104047,2022,year,237919495.99,96540370.41,135129122.64999998,79586483.00999998,12.0,,,
6104047,2023,year,243884569.57000002,79734500.96000001,150044656.64999998,92060364.12,12.0,333830831.8299999,44091872.42,12.0
6104047,2024,year,296759903.9100001,113161780.74,174124496.13,102496045.23,12.0,297954452.44,18191006.42,12.0
6104047,2025,year,399623633.13000005,143287061.22,216533892.86,120901408.77,12.0,358055779.55,35712005.550000004,12.0
6104049,2021,year,3597715589.76,1488602340.57,1959843880.99,1236004896.0800002,12.0,,,
6104049,2022,year,2690085164.4899993,546184945.2,2045038574.66,1281011994.76,12.0,,,
6104049,2023,year,3183226069.910001,577167464.17,2397878851.05,1460422564.2800002,12.0,3785904441.89,606022411.19,12.0
6104049,2024,year,3889115507.92,760207216.56,2941585819.9900002,1792069630.85,12.0,3833782541.76,544548703.9200001,12.0
6104049,2025,year,4494380093.450001,847447372.97,3444482698.5600004,2090628239.95,12.0,4762700998.75,916389298.98,12.0
6106001,2021,year,83095739.63999999,48710947.88999999,33020984.8,21111375.86,12.0,,,
6106001,2022,year,82869264.19,42542996.81,39529863.849999994,23585658.759999998,12.0,,,
6106001,2023,year,80559669.9,31404041.48,47068049.940000005,26556810.75,12.0,140383545.42000002,7393400.569999999,12.0
6106001,2024,year,98367538.24,40969935.73,55502755.64,32235733.84,12.0,97847818.12999998,2047968.85,12.0
6106001,2025,year,128687209.65,51778481.98,66458789.24999999,41763630.95,12.0,122590236.02,12955549.48,12.0
6106003,2021,year,31008323.07,16191865.21,14179061.98,8269799.779999999,12.0,,,
6106003,2022,year,28639245.71,13619551.67,14084772.829999998,8657015.7,12.0,,,
6106003,2023,year,37900931.07,17518798.43,19557195.75,11335704.78,12.0,35813139.78,972068.3,12.0
6106003,2024,year,35487057.92,13255010.7,21309178.9,13853920.39,12.0,36743285.52,1272867.63,12.0
6106003,2025,year,44249188.47000001,21351133.880000003,20186391.74,11440683.33,12.0,44403626.21,4932343.35,12.0
6106005,2021,year,237081448.01000002,125379532.53,101116530.9,53842139.1,12.0,,,
6106005,2022,year,215595619.45999998,102181222.55,105293058.14,60126607.269999996,12.0,,,
6106005,2023,year,265463775.00999996,126220953.51,128951965.16,66567453.32999999,12.0,286793085.98,41789200.15,12.0
6106005,2024,year,287035291.13,119693686.87,156874780.34,78275951.43,12.0,286798435.82,17797642.24,12.0
6106005,2025,year,333432222.83000004,137619838.24,188094039.49,97379270.56,12.0,334297371.71000004,25461096.69,12.0
6106007,2021,year,301272910.56000006,182750582.91,108046175.89,62809095.89,12.0,,,
6106007,2022,year,294380588.43,165190941.46,124080932.49000001,74140266.85,12.0,,,
6106007,2023,year,352747054.61999995,191418892.4,151809009.56,83273602.34000002,12.0,356288555.37,19220979.53,12.0
6106007,2024,year,402771022.5,182491265.33,194071434.63,109009075.68999998,12.0,399357906.96,30665945.99,12.0
6106007,2025,year,476707462.22,206010681.69,240637998.5,140195617.85000002,12.0,468047700.8600001,55516834.13,12.0
6106009,2021,year,69734812.90999998,40834815.23,28191895.36,17003442.62,12.0,,,
6106009,2022,year,63137481.15999999,33999175.55,28535839.45,18599838.74,12.0,,,
6106009,2023,year,73989769.43,38702558.08,34154593.55,20148010.85,12.0,72096221.91,741916.7,12.0
6106009,2024,year,80660146.69000001,37611404.1,39789133.11000001,23994195.31,12.0,83052982.25,2875974.0,12.0
6106009,2025,year,88187042.72999999,40546050.7,45386479.67,29209021.83000001,12.0,86081652.83,1647297.0,12.0
6106011,2021,year,85631323.69999999,43488823.43,40010556.96,24612669.23,12.0,,,
6106011,2022,year,80718694.18,33852530.0,45575829.49,25187516.91,12.0,,,
6106011,2023,year,93262231.99,43262974.0,48478253.46,27861669.85,12.0,92027427.18,3019847.0,12.0
6106011,2024,year,101515245.87,35587073.120000005,57680250.7,34706147.32,12.0,104546571.06000002,7574811.2,12.0
6106011,2025,year,106923873.25,38547429.8,67271174.18,40664140.04,12.0,108152429.08,4701379.4,12.0
6106013,2021,year,162029151.47,67418298.52,73340652.18,46042399.06,12.0,,,
6106013,2022,year,120004305.48,38735587.17,77940050.64000002,49656433.13,12.0,,,
6106013,2023,year,166050083.51999995,56061774.56,91872971.0,54355113.480000004,12.0,169442849.59,17968850.259999998,12.0
6106013,2024,year,175953727.82999998,47236362.19,106799433.29000002,63459637.75999999,12.0,177776615.67000002,24293183.88,12.0
6106013,2025,year,197564589.14,55567920.09,122494042.08,72847628.14,12.0,195266877.11,19872565.62,12.0
6106015,2021,year,54672197.57999999,28370967.67,25323628.29,12999400.499999998,12.0,,,
6106015,2022,year,51758932.41,21465386.290000003,29734888.85,15288252.08,12.0,,,
6106015,2023,year,66419694.7,27775636.46,37734503.84,21035664.63,12.0,61824988.05,8138438.89,12.0
6106015,2024,year,66012378.970000006,18966033.0,45372476.85,22521070.1,12.0,65201886.77999999,5551996.4,12.0
6106015,2025,year,76452997.25999999,24192134.53,50050463.23,25984640.43,12.0,79204234.85999998,8878922.39,12.0
6106017,2021,year,217981144.74,122481127.02,89305962.49,55548003.83,12.0,,,
6106017,2022,year,206860369.72,101080880.8,102037737.69,63531602.199999996,12.0,,,
6106017,2023,year,243392676.92000002,113213353.06,120597979.00000001,72327103.76999998,12.0,263010737.38,18268054.29,12.0
6106017,2024,year,259750304.84,115534606.07,136953475.03,79379714.28999999,12.0,264640369.9,16338770.41,12.0
6106017,2025,year,311272319.71,140479399.7,158579118.87,92223485.95,12.0,310918962.43,41127307.63,12.0
6106019,2021,year,125437418.2,94638469.33,29877447.16,22427328.56,12.0,,,
6106019,2022,year,119024910.66,86586431.31,31459628.17,23647824.99,12.0,,,
6106019,2023,year,132844103.47,93904618.98,37095220.09,28386434.630000003,12.0,131379134.4,2253751.15,12.0
6106019,2024,year,144142019.49,98939559.74,44198121.65999999,32915400.53,12.0,140253681.49,1743380.0,12.0
6106019,2025,year,162103733.33,114159026.0,46713718.7,34320045.32,12.0,168547533.32,5047485.76,12.0
6106021,2021,year,37301126.38,24339911.06,12749821.73,5511883.5600000005,12.0,,,
6106021,2022,year,31315669.24,21109555.72,10038827.78,5101318.75,12.0,,,
6106021,2023,year,43269045.63000001,29058982.72,12879919.4,6354613.33,12.0,44331722.44,4012035.12,12.0
6106021,2024,year,39910585.27,23156528.380000003,15453453.95,7933985.48,12.0,39320296.21,1037216.5,12.0
6106021,2025,year,46636833.18,26863376.16,18882743.56,9382084.68,12.0,48532007.69,1695283.0,12.0
6106023,2021,year,50437579.86,34110908.379999995,15203231.52,9042314.08,12.0,,,
6106023,2022,year,48908242.21000001,31521650.85,15737043.79,10754590.82,12.0,,,
6106023,2023,year,58346183.25,37144997.81,18380682.84,11630396.8,12.0,54583459.75,595099.34,12.0
6106023,2024,year,59754351.60000001,32625065.35,23575741.83,15200984.46,12.0,62568887.04,1031440.0,12.0
6106023,2025,year,84749062.75999999,38182910.08,29828535.2,20416658.22,12.0,82199204.11000001,1434440.6,12.0
6106025,2021,year,106615751.0,66287738.74,35720734.510000005,19948479.95,12.0,,,
6106025,2022,year,104609864.16000003,57360551.92,39489745.269999996,23822985.7,12.0,,,
6106025,2023,year,125146981.49,67287101.6,47104825.36,26283437.499999996,12.0,144853216.01,12930457.68,12.0
6106025,2024,year,127538512.67,62364438.22,60600100.77,33818866.5,12.0,131314386.90000002,6763259.61,12.0
6106025,2025,year,164088308.48000002,76243163.54,73813523.64,45811516.5,12.0,166157865.91,23147453.2,12.0
6106027,2021,year,35941409.79999999,25800434.0,9478742.45,6286675.14,12.0,,,
6106027,2022,year,35018741.72,22641914.02,11300021.94,7229125.119999999,12.0,,,
6106027,2023,year,45755827.86,28105277.26,12856299.98,7459661.71,12.0,43585519.690000005,4924774.0,12.0
6106027,2024,year,46189856.11,23310701.36,14440463.58,8512933.959999999,12.0,48044771.25000001,637061.5,12.0
6106027,2025,year,46813378.010000005,27040753.69,14982875.600000003,8707571.16,12.0,46769155.6,4711996.0,12.0
6106029,2021,year,112042993.29999998,82742745.14,26794098.43,18897953.59,12.0,,,
6106029,2022,year,108664048.52,77079721.57,29466738.6,20394390.38,12.0,,,
6106029,2023,year,123343659.01000002,88095902.0,32659909.33,21335651.73,12.0,114822603.08,5745823.37,12.0
6106029,2024,year,127491593.71,82875962.86000001,40593761.60000001,26012184.47,12.0,120654587.60999998,7544643.98,12.0
6106029,2025,year,154873860.96,94034150.48,48561013.37,31205850.51,12.0,155654748.07000002,17729253.44,12.0
6106031,2021,year,154110480.68000004,92407014.8,58362255.49,32901179.410000004,12.0,,,
6106031,2022,year,153609294.84,82078936.27,68691003.23,41164929.339999996,12.0,,,
6106031,2023,year,171571424.37,83601738.91000001,81061577.71,49332636.190000005,12.0,179622168.7,23782851.69,12.0
6106031,2024,year,179794022.4,81721755.83999999,90816082.43,52630291.83,12.0,179434497.22,17165668.450000003,12.0
6106031,2025,year,215765659.47,98454126.03,104436474.7,60238176.92,12.0,215481170.88,25456823.71,12.0
6106033,2021,year,62035940.21,38463244.24,23072655.65,12496118.83,12.0,,,
6106033,2022,year,60417429.63,34515841.32,25604782.630000003,14464066.0,12.0,,,
6106033,2023,year,75883481.78,43228461.34,31347297.28,17082979.880000003,12.0,75059351.63,3875916.0,12.0
6106033,2024,year,77836653.91000001,35211136.67,42141938.15,25497509.02,12.0,71795108.99000001,2792503.8200000003,12.0
6106033,2025,year,90090323.17,38128438.83,51506997.84000001,30876792.1,12.0,92889611.06,2929392.39,12.0
6106035,2021,year,84219029.66999999,41789645.760000005,40394420.52,22302544.64,12.0,,,
6106035,2022,year,75053465.09,35206690.0,39124419.71,22668460.08,12.0,,,
6106035,2023,year,97224061.52,44600271.760000005,45344343.44,24277533.289999995,12.0,90621161.46,5577652.45,12.0
6106035,2024,year,88837544.99,40326901.73,47235242.6,27183573.300000004,12.0,94677346.59,5569254.57,12.0
6106035,2025,year,104787678.38,44287051.34,58605831.95,33760717.94,12.0,102074635.01,3401376.41,12.0
6106037,2021,year,148560026.99999997,88001080.99,55827985.62,36166545.75,12.0,,,
6106037,2022,year,136478469.35,78080520.16,56288386.35000001,34179261.14,12.0,,,
6106037,2023,year,159175467.27,89454807.14,65355121.339999996,39270713.47,12.0,169533262.82999998,11502574.97,12.0
6106037,2024,year,174520130.81,85661944.85,77216248.4,46905986.97,12.0,183419301.93,17447990.060000002,12.0
6106037,2025,year,198367793.64,90004493.05,98807335.69,62648744.74,12.0,189860071.57,9378240.85,12.0
6106039,2021,year,93419597.91,45868596.49,45402962.43999999,37658356.87,12.0,,,
6106039,2022,year,81084507.55000001,27378897.78,51961038.400000006,43148225.24,12.0,,,
6106039,2023,year,97497680.12,28388713.15,65719391.60999999,54826342.63,12.0,96915270.03,13160749.99,12.0
6106039,2024,year,191380611.47,36641750.15,152371721.95000002,139217232.98000002,12.0,193675120.95,23253544.33,12.0
6106039,2025,year,170901172.71999997,45807108.52,110843420.72,97072639.67,12.0,164532104.21,31186901.65,12.0
6106041,2021,year,146870732.18,69720188.47,54617332.870000005,33267900.9,12.0,,,
6106041,2022,year,113779375.65,43635673.95,67112407.45,40862454.27,12.0,,,
6106041,2023,year,135532620.66000003,51496272.24,79784965.41,48824105.519999996,12.0,136356113.82,16179270.05,12.0
6106041,2024,year,141849884.75,41592929.690000005,96978600.31,58472610.83,12.0,143141878.32000002,7443158.77,12.0
6106041,2025,year,165246279.07,43996850.35,114895362.47,72402685.89,12.0,164721809.98000002,15644959.400000002,12.0
6106043,2021,year,290186567.14000005,107284612.73,166768530.4,108587775.23,12.0,,,
6106043,2022,year,269121337.49,82325113.33,170899567.13,119211390.86000001,12.0,,,
6106043,2023,year,305118533.7800001,84623478.31,190664141.57000002,122996085.72999999,12.0,428095783.28,67038070.58,12.0
6106043,2024,year,379246515.67,130466593.46,223218332.7,134799412.64999998,12.0,359606349.95,21859202.79,12.0
6106043,2025,year,442305542.46,149341291.7,261599537.03000003,153944329.22,12.0,441561964.59,33882970.26,12.0
6302001,2021,year,382601010.58,118485764.36,258997223.93999997,149600429.51999998,12.0,,,
6302001,2022,year,332747149.53000003,95574106.62,233210812.07999998,138405792.36999997,12.0,,,
6302001,2023,year,448626291.77,157340742.4,279804800.35,164842568.12,12.0,470279861.59,111468823.06,12.0
6302001,2024,year,577199982.49,230247210.91,336075397.17999995,195187395.23,12.0,496959271.2,72698354.60000001,12.0
6302001,2025,year,601146799.3599999,177086794.92000002,413706889.3900001,250383323.54,12.0,667155087.2099999,106485632.07,12.0
6302003,2021,year,316043182.05,112314076.57999998,195764841.95000002,94294816.17,12.0,,,
6302003,2022,year,313686112.22,101671679.46,183505444.23999998,93227756.7,12.0,,,
6302003,2023,year,423048896.39000005,177348191.55,206537327.39999998,104039636.45,12.0,409303526.61,52268436.37,12.0
6302003,2024,year,458601627.5900001,151325377.28000003,248047544.43,122113067.26,12.0,460492866.55,51099047.99,12.0
6302003,2025,year,665419024.55,328768679.96,299177782.97,144517517.92000005,12.0,654305331.58,220386974.92,12.0
6302005,2021,year,236875594.53,95841490.31,129058402.69,75889517.60000001,12.0,,,
6302005,2022,year,183209102.52,84429203.53,86285912.78999999,52257681.16,12.0,,,
6302005,2023,year,253247974.89000002,144204454.92000002,93668448.49000001,49918716.52,12.0,229283045.27,69563040.26,12.0
6302005,2024,year,274241627.95,145048908.32,116779638.06999998,66578009.96999999,12.0,265928970.86,67199185.34,12.0
6302005,2025,year,333205967.92,159630974.57999998,144956170.05,80428248.14999999,12.0,331434194.00999993,117487148.64,12.0
6302007,2021,year,78576644.39999999,26959938.34,50193181.97,23071094.2,12.0,,,
6302007,2022,year,68996803.59,22700245.72,45229917.93,20835306.35,12.0,,,
6302007,2023,year,95907422.0,40399762.04,53579108.36,23597141.57,12.0,89962232.9,2206347.7,12.0
6302007,2024,year,102347107.36,32094033.98,62156705.970000006,29432477.9,12.0,107507774.04,9310029.39,12.0
6302007,2025,year,130352359.62,47988191.92,76004752.77999999,34684599.34,12.0,120349395.43,12992315.66,12.0
6302009,2021,year,360033716.51,94060531.37,259144271.09000003,86250385.23,12.0,,,
6302009,2022,year,381830313.87000006,84163895.24,288249302.39000005,86597980.02000001,12.0,,,
6302009,2023,year,493728449.3,148126494.25,327388880.55,106925411.72,12.0,509316629.99,116827297.06,12.0
6302009,2024,year,506836992.21,194640991.79,279083648.02,130947934.47,12.0,489236971.83,102199089.0,12.0
6302009,2025,year,513242899.8900001,146787351.68,300559510.82,159197425.51,12.0,578568763.6899999,88755613.93,12.0
6304001,2021,year,527907752.16,189328145.38000005,331066033.84000003,142404084.07000002,12.0,,,
6304001,2022,year,320495682.58000004,135413970.02,182025446.10000002,72199204.69999999,12.0,,,
6304001,2023,year,547186555.1800001,331173940.2899999,184673187.23,88154371.52000001,12.0,545903202.9999999,173910329.54999998,12.0
6304001,2024,year,841830036.5899998,457261785.89,287656975.44,123385596.76,12.0,769581790.9600002,238474437.18,12.0
6304001,2025,year,788015062.2099999,329008198.35,352229508.08000004,139997924.24,12.0,903183837.62,339146363.97,12.0
6304003,2021,year,234531931.04,98608700.43,134171282.84,57239128.169999994,12.0,,,
6304003,2022,year,179840759.70000002,84636978.07000001,94852164.96000001,36401565.05,12.0,,,
6304003,2023,year,250004869.03,114863224.92,114095528.83,50646267.44,12.0,241911292.92999995,32581819.0,12.0
6304003,2024,year,445055162.3,221767937.09,164416266.78000003,71502421.77000001,12.0,311638503.67,53973818.05,12.0
6304003,2025,year,353681407.67,138897685.31,195033459.87,71440144.99999999,12.0,460901925.43000007,64803916.8,12.0
6304005,2021,year,166004305.17,74546623.28,85949794.81,44372718.63999999,12.0,,,
6304005,2022,year,97659508.91,62311187.38,34470524.78999999,20460396.71,12.0,,,
6304005,2023,year,145975212.94,89127371.91,46272561.57000001,26719186.510000005,12.0,185542169.96,69111457.77,12.0
6304005,2024,year,180593280.83,95018693.61,67450905.27,36117137.52,12.0,205312081.12,25936728.86,12.0
6304005,2025,year,170723552.76,112851522.84,43020882.09,31256530.92,12.0,174097421.07000002,21094044.65,12.0
6304007,2021,year,447067407.88,78763108.86,364107225.54999995,169452383.87,12.0,,,
6304007,2022,year,400916874.32,44783817.67,354994228.29999995,214094521.38000003,12.0,,,
6304007,2023,year,430014477.16,65387361.82,358022080.1100001,253222946.79999998,12.0,612952658.2399999,250584590.05,12.0
6304007,2024,year,460711387.17,52057550.78,368700747.5100001,264281644.04,12.0,479912456.75,145047686.5,12.0
6304007,2025,year,549312757.42,88549557.58000001,443493531.76,359400424.93,12.0,550847245.74,197201355.85,12.0
6304009,2021,year,391014462.53000003,178167635.97,205051498.06,117488141.18,12.0,,,
6304009,2022,year,246362890.85,148461379.2,95087242.71000001,60904708.35000001,12.0,,,
6304009,2023,year,533228063.9599999,364092836.6,141765026.85999998,95417191.32,12.0,574036213.65,232482440.69000003,12.0
6304009,2024,year,584069505.5300002,303343867.58,178056084.98,84011826.49,12.0,579090351.5999999,190044769.22000003,12.0
6304009,2025,year,577606368.0999999,268345570.04,231794390.25,98959727.88,12.0,533836191.41,136366173.86,12.0
6304011,2021,year,61021515.830000006,21762236.7,38678102.080000006,19187829.290000003,12.0,,,
6304011,2022,year,33760998.25,21131555.0,12599848.68,6343964.69,12.0,,,
6304011,2023,year,72954205.42,43942031.94,26663972.720000003,13732922.26,12.0,51070029.16,3231896.52,12.0
6304011,2024,year,110189092.41,35491730.82,36802524.4,21702322.65,12.0,105990916.87,42889606.43,12.0
6304011,2025,year,119858385.82,53107664.43,52116173.890000015,32822421.61,12.0,118993602.94000004,47600069.53,12.0
6304013,2021,year,106009949.57,52225276.55,49508566.1,20683749.72,12.0,,,
6304013,2022,year,58676598.47,40975232.0,15727152.29,8660945.67,12.0,,,
6304013,2023,year,82689062.85000001,59597810.0,16636892.619999995,7918475.83,12.0,75881990.09,17411551.93,12.0
6304013,2024,year,133151213.91,86238668.0,25332817.48,12290119.169999998,12.0,108271185.52,26309241.21,12.0
6304013,2025,year,132443518.81,91184031.98,37570403.67,17457626.54,12.0,119462399.08,24370153.54,12.0
6304015,2021,year,83345796.72000001,45492954.260000005,36339629.99999999,13991147.760000002,12.0,,,
6304015,2022,year,59295680.17,44090074.0,15062957.11,6412345.02,12.0,,,
6304015,2023,year,115505292.28,64352737.09,20414672.540000007,8360008.49,12.0,98773700.96,37983088.26,12.0
6304015,2024,year,241990818.47,148761693.75,39068855.68999998,15018548.72,12.0,163381621.72,81347627.3,12.0
6304015,2025,year,225484793.1,159138607.70000002,54314703.14,17474972.279999997,12.0,301557810.3200001,201465671.01,12.0
6306001,2021,year,172554579.27,64494072.37,82227524.05999999,42474939.190000005,12.0,,,
6306001,2022,year,130924875.19,54833085.9,74022741.5,41833273.3,12.0,,,
6306001,2023,year,191507221.82999998,76312841.94,93959969.96,50065410.98,12.0,179158771.4,31115532.57,12.0
6306001,2024,year,319965702.16,192146853.6,114959609.09999998,63998644.09,12.0,193994502.19,21719745.29,12.0
6306001,2025,year,237103993.79,79184628.58,142148428.24,71839227.44999999,12.0,325614808.69,123715021.29,12.0
6306003,2021,year,249005099.45000002,77674873.61,165033049.62,62662955.35,12.0,,,
6306003,2022,year,212623737.54,66991562.3,143587120.15,61379659.44,12.0,,,
6306003,2023,year,295887686.98,130130095.01,153649930.97,72633145.41,12.0,301735739.27000004,51648275.83,12.0
6306003,2024,year,288061193.60999995,75739092.55,181653216.05,90263192.9,12.0,302434160.0,44518648.39,12.0
6306003,2025,year,369115327.66,129428506.17,214348270.75,106780817.65,12.0,373322064.33,92958544.94,12.0
6306005,2021,year,379714807.89,121226737.96,253300976.31,123313042.26,12.0,,,
6306005,2022,year,320792952.2900001,85506734.06,233277128.77,129015739.39999998,12.0,,,
6306005,2023,year,447744392.56999993,162325869.63,247537191.70999998,139674238.78,12.0,546810380.6899999,174723815.08,12.0
6306005,2024,year,674509570.35,352068354.42,284163918.91,159303339.28,12.0,486013081.92,101139637.18,12.0
6306005,2025,year,537782132.5600001,182405357.33,328803200.43,193995634.6,12.0,671145710.85,264007957.22,12.0
6306007,2021,year,226336784.98,43781625.6,178473549.27,111047650.49,12.0,,,
6306007,2022,year,226514644.52,33600659.7,192184463.33,144663644.97,12.0,,,
6306007,2023,year,282962126.57,42566238.0,222496402.03,177907238.15,12.0,277028981.97,84219053.57,12.0
6306007,2024,year,331690081.21000004,41753708.33,271591558.89,224777597.25000003,12.0,308302499.5,110124493.35999998,12.0
6306007,2025,year,448752445.44,71808325.8,361134071.8400001,303766276.15,12.0,432958261.22,141111791.63,12.0
6306009,2021,year,200487218.4,90588229.73,103965115.58,52546542.690000005,12.0,,,
6306009,2022,year,183936787.49,81590762.3,100032657.13000001,51900831.279999994,12.0,,,
6306009,2023,year,272185848.62,127592000.88,132277241.37000005,61915112.879999995,12.0,271639868.37,53319703.510000005,12.0
6306009,2024,year,286222581.55,93614669.18,167552908.79999998,82558835.10000001,12.0,295318120.49,33448161.590000004,12.0
6306009,2025,year,349200857.5,123476337.46000002,199986730.56,97026374.7,12.0,344336339.2999999,34989800.03,12.0
6306011,2021,year,236701601.67,36319178.85,199168339.51,29846022.81,12.0,,,
6306011,2022,year,179841835.09,33099829.0,145988802.58,30122004.1,12.0,,,
6306011,2023,year,198062184.96,60306686.29,127332647.35,34507855.309999995,12.0,305910989.09,88109100.85000001,12.0
6306011,2024,year,311838786.49000007,144744168.57999998,140648672.64000002,42579093.25000001,12.0,238754006.58,51391171.38,12.0
6306011,2025,year,218768419.61,66106650.2,133419001.0,51395423.03,12.0,309840359.4699999,30405102.95,12.0
6308001,2021,year,172123356.19000003,51727462.01,116465727.02000001,77012034.83,12.0,,,
6308001,2022,year,106505955.44,44060712.0,62010255.52,37493565.99,12.0,,,
6308001,2023,year,186423010.64000002,104229840.88,73611406.25999999,40503883.16000001,12.0,178811826.33,30132990.66,12.0
6308001,2024,year,241647253.56000003,92889056.92,116884652.12,58802296.14,12.0,247652559.88,52449994.79,12.0
6308001,2025,year,223455673.99,87007211.09,126107537.45,68323844.85,12.0,250678170.04,47964110.49,12.0
6308003,2021,year,55888125.49000001,20154443.63,34457505.760000005,21362447.0,12.0,,,
6308003,2022,year,33688826.37,18425444.0,15076690.4,8980473.27,12.0,,,
6308003,2023,year,62006932.41,38450974.0,16612168.79,7554898.760000001,12.0,47366281.3,11149889.93,12.0
6308003,2024,year,81279999.66999999,49246100.0,27464107.430000007,10804537.83,12.0,61436637.36999999,11203983.98,12.0
6308003,2025,year,81966506.40000002,52191286.99,27246795.28,12643216.830000002,12.0,81700610.74999999,19352720.48,12.0
6308011,2021,year,91106582.2,47144768.84,42443138.06,24365504.35,12.0,,,
6308011,2022,year,57146305.65,42923700.0,14062379.119999995,7032095.13,12.0,,,
6308011,2023,year,78610631.3,59383081.0,14073463.1,8182188.11,12.0,36501428.03,6515938.18,12.0
6308011,2024,year,98639484.13,73143400.0,19904441.45,10872798.64,12.0,105429321.42,34158877.489999995,12.0
6308011,2025,year,97845027.22,80071329.28,12857004.96,8656815.81,12.0,115243263.75,35854423.97,12.0
6308015,2021,year,201168197.64000002,68959656.86,129439090.85000005,70602345.99000001,12.0,,,
6308015,2022,year,131405038.32999998,65589601.81,64400813.6,37545823.120000005,12.0,,,
6308015,2023,year,243390247.91,136269134.98,80474442.69000003,49704798.43,12.0,194688912.65,45760958.58,12.0
6308015,2024,year,266165188.96,103677815.55,136330291.98,71693972.05,12.0,266270517.23,47164049.38,12.0
6308015,2025,year,296340295.88,114386836.46,150243728.61,78778709.42,12.0,314108508.85,50630905.81,12.0
6310001,2021,year,116286435.03,26085544.02,87465855.77,24599015.200000003,12.0,,,
6310001,2022,year,96941605.28,19457126.62,75797387.47,29367235.82,12.0,,,
6310001,2023,year,108327180.8,23900923.42,78568091.88000003,30631861.58,12.0,130878265.92,17963089.28,12.0
6310001,2024,year,115940812.53,20987371.28,86845492.39,33519015.130000003,12.0,117276312.63,6137425.710000001,12.0
6310001,2025,year,146109421.99,35337621.38,101334115.86,43510724.73,12.0,139118952.16000003,18375718.98,12.0
6310003,2021,year,217035882.31000006,92973431.97,118736429.49000001,53597187.15,12.0,,,
6310003,2022,year,214359009.76999998,76620294.73,133975266.10000001,49312031.44,12.0,,,
6310003,2023,year,304504205.62,106853239.92,184581011.86,65100246.41,12.0,301947972.4,62918816.41,12.0
6310003,2024,year,572645023.08,339500710.49,220720361.07,81800330.85000001,12.0,493126680.25,235486946.82,12.0
6310003,2025,year,520751205.06,210300730.46,283762097.22,114113258.16,12.0,565865703.29,252300580.67,12.0
6310005,2021,year,784802970.57,292571250.69,476548312.51,271568074.1,12.0,,,
6310005,2022,year,629039616.9599999,237455414.98,385448676.74,243713166.43000004,12.0,,,
6310005,2023,year,910881119.04,347184354.34000003,513905878.5299999,298349380.84,12.0,1001724670.4,230179387.89,12.0
6310005,2024,year,1313071196.9199998,580292486.7600001,646054836.99,366803616.11,12.0,1105675001.14,240256392.94,12.0
6310005,2025,year,1386019178.27,568810439.49,741755457.46,405158274.75,12.0,1440959609.5099998,467021316.64,12.0
6310007,2021,year,91205318.29,27275512.21,61699120.440000005,24044004.57,12.0,,,
6310007,2022,year,76306861.84,24286800.0,48122121.95,23164210.87,12.0,,,
6310007,2023,year,105899402.89,36860608.0,62421606.1,27006464.78,12.0,98816515.11,5359205.54,12.0
6310007,2024,year,120662193.85,38391291.04,78322328.50999999,36322049.59,12.0,121955283.4,16049580.91,12.0
6310007,2025,year,144005435.83,44538145.05,93522830.57,41286035.17,12.0,137260932.68,19276664.92,12.0
6310009,2021,year,283364006.54,137783108.64000002,133638118.98000003,85189430.66999999,12.0,,,
6310009,2022,year,221037133.07999998,88983191.8,124818646.94,80343943.44999999,12.0,,,
6310009,2023,year,346723699.03000003,125572386.36,193326162.24,137916613.86,12.0,326217441.80999994,76993450.71,12.0
6310009,2024,year,453168409.7900001,222725805.56,202948837.78,122417331.14,12.0,369804697.68,59788735.15,12.0
6310009,2025,year,421119241.54,151630015.23999998,236412667.60000005,143260475.56,12.0,510171827.39,174325172.43,12.0
6312001,2021,year,208334633.76,50383944.38,155321277.64000002,86241052.55000001,12.0,,,
6312001,2022,year,170271211.87000003,46767336.52,121855436.30000001,77460709.98,12.0,,,
6312001,2023,year,281772633.33,104510931.39,169168951.07999998,95779856.27000001,12.0,276610563.98999995,70331882.22,12.0
6312001,2024,year,285383735.71,60553631.68,216520667.39000002,125848063.2,12.0,325247978.7700001,71262274.23,12.0
6312001,2025,year,327672361.55,74751079.06,248871890.85000008,142665790.68999997,12.0,342898416.7099999,75078398.86,12.0
6312003,2021,year,209432620.51,99824297.51,104621753.15000002,49967801.07,12.0,,,
6312003,2022,year,182270924.48,75869095.75999999,94882081.26,45005738.59,12.0,,,
6312003,2023,year,300877076.46000004,142407867.45000002,127374727.19,59039486.88,12.0,302295094.43999994,92488267.49,12.0
6312003,2024,year,414086890.45,216124116.41,164515201.62,81198388.92999999,12.0,321409107.3400001,61660464.54,12.0
6312003,2025,year,356642508.8,165874349.38,178232264.67000002,84444761.39999999,12.0,429493817.08,158761408.34,12.0
6312005,2021,year,129360148.77,24716509.64,102636878.0,68824420.27,12.0,,,
6312005,2022,year,65777992.83,22913867.0,40535474.84,27879926.46,12.0,,,
6312005,2023,year,155283812.80000004,90260050.0,47736972.92999999,30281607.93,12.0,125377272.25,55602957.37,12.0
6312005,2024,year,152217991.25000003,68651167.0,54474855.99,27133631.24,12.0,190054917.25,84296891.98,12.0
6312005,2025,year,162132491.85,85407814.14,49885563.6,14218406.44,12.0,157169021.35999998,66163800.78,12.0
6312007,2021,year,399690268.2799999,132055070.16,259899303.78000003,175292804.07,12.0,,,
6312007,2022,year,244589632.14,112992601.32,125232783.08,94941693.11,12.0,,,
6312007,2023,year,379853718.52000004,157631119.04,170059150.85000008,96534805.53000003,12.0,829543120.51,396727040.78,12.0
6312007,2024,year,647373426.2700001,359236997.56,226988703.57,124568256.33,12.0,601314613.14,197902195.45,12.0
6312007,2025,year,646524198.9699999,321567525.35,286509907.42999995,151201597.33,12.0,698746217.43,287453840.06000006,12.0
6312009,2021,year,113417373.54,59351215.35,52739725.44000001,30007254.220000003,12.0,,,
6312009,2022,year,77603641.00999999,55873318.64,21604916.78,13796683.049999997,12.0,,,
6312009,2023,year,103463585.07000001,77563100.0,15126933.220000004,8092494.459999999,12.0,63018904.470000006,22833678.72,12.0
6312009,2024,year,95038941.21999998,70494521.9,18606286.809999995,9518663.82,12.0,85118033.02,30552475.32,12.0
6312009,2025,year,103663256.77,81733265.55999999,20343980.55,10620460.17,12.0,90258084.72,30716578.18,12.0
6312011,2021,year,241205113.01999998,117461371.05,119552637.33999999,57822963.18000001,12.0,,,
6312011,2022,year,184677180.51,84442104.59,95582338.69999999,55144483.71,12.0,,,
6312011,2023,year,264563947.77000004,143671156.27,116440364.69999996,63145127.85000001,12.0,257914553.04,72592664.02,12.0
6312011,2024,year,296783620.13,135631335.39000002,147468662.62,77321019.33,12.0,303847101.32000005,83288091.28,12.0
6312011,2025,year,366498656.56,192328909.82,161140328.38,84972151.77000001,12.0,367486268.64,123116215.62,12.0
6312013,2021,year,157686557.76999998,68241746.52,88411536.04,28137117.07,12.0,,,
6312013,2022,year,85147929.24000001,40080898.19,44268226.14,15203377.139999999,12.0,,,
6312013,2023,year,135769386.98,71440383.62,58777156.64000001,19145642.74,12.0,136079746.55,45991865.94,12.0
6312013,2024,year,122943053.21999998,52895213.57,63368289.46,26539658.24,12.0,132029483.67,35113798.4,12.0
6312013,2025,year,164028813.70999998,68741379.72,93514415.16,48627878.04000001,12.0,168258439.01999998,57649333.75,12.0
6312015,2021,year,246437199.44,126696413.51,110572556.02,56879999.67,12.0,,,
6312015,2022,year,211238653.83000004,93622042.17,98887752.44,58404778.68000001,12.0,,,
6312015,2023,year,275815306.76,127337032.16,121585095.09,62428305.72,12.0,273338175.74,46031997.1,12.0
6312015,2024,year,323564270.81999993,118692626.65,164080685.62,83090447.69,12.0,296587944.86,60254352.74,12.0
6312015,2025,year,418594718.5,154309739.38000005,221094028.93,105946427.06,12.0,414003211.23,106822976.04,12.0
6312017,2021,year,258367551.99,102010551.72,152533847.58,71743507.66,12.0,,,
6312017,2022,year,232840315.22,67146337.9,161087673.92999998,70251235.84,12.0,,,
6312017,2023,year,313871448.66999996,109798566.55,186832192.41,80084491.39,12.0,347805086.91,94957331.01,12.0
6312017,2024,year,310324982.58000004,103583819.93,186869999.79,91897999.2,12.0,309590935.93,85552767.46,12.0
6312017,2025,year,364329516.4200001,139967645.63000005,215745310.51,112744956.15,12.0,364407642.59,100728919.35,12.0
6312019,2021,year,119214340.7,75247106.26,42106860.900000006,16330512.38,12.0,,,
6312019,2022,year,92989452.81,60214195.31,32037254.14,13313796.61,12.0,,,
6312019,2023,year,145304225.79,101934458.72,42167499.239999995,15112162.17,12.0,130230068.2,25975514.28,12.0
6312019,2024,year,134804234.48000002,77975252.94999999,55761890.67,18154169.18,12.0,132471078.19,17289714.71,12.0
6312019,2025,year,194832713.33,116308987.5,67089777.36,22125071.75,12.0,203968926.0,52584448.08,12.0
6312021,2021,year,408219009.58,172181761.46,231265628.41000003,83045263.44,12.0,,,
6312021,2022,year,258570485.52,101399904.65,153781581.47000003,61261248.3,12.0,,,
6312021,2023,year,440336303.5,214843890.07,213413370.88,77952478.67,12.0,429702637.96,175187965.07,12.0
6312021,2024,year,588647477.32,264041855.83,270808415.35,92168498.87000002,12.0,570354633.6400001,298562315.14,12.0
6312021,2025,year,641244171.6299999,276789229.02,327193126.7,110962147.4,12.0,633609893.75,325050975.1,12.0
6312023,2021,year,123347796.20000002,31568950.73,90186718.75,63471144.58999999,12.0,,,
6312023,2022,year,114998395.35,28316279.82,73920304.75,55556746.0,12.0,,,
6312023,2023,year,203673536.65,53186988.28,119621853.56999996,93373112.66000001,12.0,201606944.54,52313553.03999999,12.0
6312023,2024,year,220674549.3,113019397.79,75030832.79,40494883.26,12.0,234474177.68,77898540.0,12.0
6312023,2025,year,243602607.80000004,134580720.35,80394906.76,39581990.8,12.0,242700951.11999995,54365499.45,12.0
6312025,2021,year,312255680.88,104370661.9,201602180.61,137544191.8,12.0,,,
6312025,2022,year,270720778.85999995,89907238.41,159816872.72,107809535.52,12.0,,,
6312025,2023,year,407463030.2999999,180696008.09,195234336.89999998,118357915.81,12.0,408382244.71,51488360.51,12.0
6312025,2024,year,388637136.97,123589544.46,238000805.58,135354760.20000002,12.0,387804455.03,37112266.3,12.0
6312025,2025,year,495812723.57,173593257.39,289174267.94,164993249.39999998,12.0,499103868.94,79971156.44,12.0
6312027,2021,year,16845624288.58,2806299811.52,13627860162.74,7286635176.99,12.0,,,
6312027,2022,year,12462086332.050005,2432653050.98,9854620502.77,5735929553.750002,12.0,,,
6312027,2023,year,15597050430.65,3680396628.45,11738445991.58,6445042440.32,12.0,17341341596.43,3197621427.04,12.0
6312027,2024,year,19909996968.85,5714522171.179999,13842379609.97,8002304519.669999,12.0,19386950258.53,3649375256.65,12.0
6312027,2025,year,21838826692.24,6158316387.2300005,15371352521.05,9488169127.31,12.0,22609274346.65,5219904919.2300005,12.0
6312029,2021,year,93039603.87,49331445.38,42363207.76999999,20767361.04,12.0,,,
6312029,2022,year,51128628.92,32212900.0,18687207.4,8624417.36,12.0,,,
6312029,2023,year,87868773.33999999,57250338.0,19528061.81,6549408.47,12.0,68110729.3,17939752.89,12.0
6312029,2024,year,102477274.54,62866184.0,25107665.48,8966352.81,12.0,91623639.12999998,34173909.370000005,12.0
6312029,2025,year,105081790.2,65426675.71,30892351.08,12299583.81,12.0,136551991.95000002,63313030.96,12.0
6314003,2021,year,363249415.79999995,171224938.68,185526526.48000002,87041882.96,12.0,,,
6314003,2022,year,304379513.3299999,143635632.58999997,156545661.5,80690517.84,12.0,,,
6314003,2023,year,452315136.28999996,228821150.84,210197773.57999998,98140449.79,12.0,448367149.04,68245668.06,12.0
6314003,2024,year,600346793.9899999,308841101.17999995,259730019.23,120990717.3,12.0,502007032.0100001,75506997.99,12.0
6314003,2025,year,668393096.85,343662203.41,282629096.17,136829621.56,12.0,705043014.8299999,211227726.19,12.0
6314005,2021,year,94085577.75999998,34151168.41,57849727.230000004,40854139.6,12.0,,,
6314005,2022,year,54857986.5,22720665.02,26479354.17,16836145.64,12.0,,,
6314005,2023,year,129127051.98000002,78844666.58,40326616.62,18819634.29,12.0,106229488.44,30511622.25,12.0
6314005,2024,year,256409993.24,146989174.67,72158273.24,38080937.70999999,12.0,154599122.82999998,30924201.23,12.0
6314005,2025,year,205822193.79000005,121804729.99,64780019.85,37262161.73,12.0,270903481.6,138268471.32999998,12.0
6314007,2021,year,116548124.85999998,65906101.63,49007511.71,25506512.71,12.0,,,
6314007,2022,year,108956997.92999999,66744990.09,39229015.39,17067551.520000003,12.0,,,
6314007,2023,year,172245879.31,102585281.45,53178559.74,22092859.37,12.0,161335570.64000002,37184866.78,12.0
6314007,2024,year,188298855.16,88102754.27,69245033.48,35562687.13,12.0,194825580.66,44155236.12,12.0
6314007,2025,year,237672622.51,114378217.01,78352726.22,42046188.69,12.0,233858032.9,55596578.36,12.0
6314009,2021,year,85022401.19999999,34389482.14,47323510.97,24788723.539999995,12.0,,,
6314009,2022,year,97842720.71999995,31311519.11,21929326.21,11616884.86,12.0,,,
6314009,2023,year,158303037.24000004,59417332.0,38670970.58,17280874.11,12.0,138867367.99,17104464.49,12.0
6314009,2024,year,131156335.92,40375270.74,62237159.83,25850092.85,12.0,130499653.20000002,26726393.22,12.0
6314009,2025,year,160626427.19,62234663.64,79834844.71,32279874.07,12.0,164830350.8,40487207.11,12.0
6314011,2021,year,274001036.9499999,66486509.31,179931865.76999998,110901147.96,12.0,,,
6314011,2022,year,202619946.32,58911287.5,139296632.80999997,88895794.11,12.0,,,
6314011,2023,year,349930078.6000001,126193125.33,184025624.54999995,107195500.39,12.0,289496341.44,82098313.1,12.0
6314011,2024,year,385751914.47,80039656.12,244564126.63,127927926.35999998,12.0,387421196.49,109824276.63,12.0
6314011,2025,year,622600185.29,200457171.95,295511596.49,182496853.3,12.0,630828868.77,332744873.52,12.0
6314013,2021,year,83596913.23000002,32610758.56,46562014.27,21912838.44,12.0,,,
6314013,2022,year,38622614.00999999,26076299.18,12363437.46,6335656.94,12.0,,,
6314013,2023,year,113374411.46,64728288.49,19026189.95,8543942.219999999,12.0,98190763.69,37615726.11,12.0
6314013,2024,year,142258992.28,69698868.89,30126163.76,11477425.37,12.0,137837502.38,37528608.42,12.0
6314013,2025,year,280133945.58000004,212306678.58,47485339.38,13877686.55,12.0,270307768.16,173886797.45000002,12.0
6314015,2021,year,120402940.49,49310681.11,67196398.82000001,29384662.33,12.0,,,
6314015,2022,year,77150298.53999999,46248180.56,29203858.450000003,14045554.55,12.0,,,
6314015,2023,year,123816914.96000002,80380170.02,34056318.17,17098219.57,12.0,115399065.9,15219547.34,12.0
6314015,2024,year,157416846.84,67674523.42,61604930.190000005,29179162.41,12.0,159126069.92000002,33996505.489999995,12.0
6314015,2025,year,169246722.06,71070315.08999999,81757725.17000002,36994199.8,12.0,164593059.84,20171424.65,12.0
6314017,2021,year,371117887.82000005,159701552.45,200580931.41,115822554.39000002,12.0,,,
6314017,2022,year,232269122.77999997,90495483.69,133670032.25,81296559.15000004,12.0,,,
6314017,2023,year,565976177.05,325148583.01,198569998.06000006,111203836.49000002,12.0,627106156.47,219749994.47,12.0
6314017,2024,year,665171222.09,343860431.41,240000464.38000005,128749290.54,12.0,636581156.9499999,171301732.85000002,12.0
6314017,2025,year,1007036567.46,629711160.1,285731411.82,142723179.8,12.0,1031334898.65,569206283.76,12.0
6502001,2021,year,168597489.08000004,83962108.88,80975523.05999999,49792190.830000006,12.0,,,
6502001,2022,year,108070941.64,64633556.26,42264831.89,32963151.599999998,12.0,,,
6502001,2023,year,122900230.16,86024010.0,30091548.21,23482433.11,12.0,102656526.18,10711264.45,12.0
6502001,2024,year,265204895.2,201521316.0,31533055.1,25565532.92,12.0,219490321.4,84665019.33,12.0
6502001,2025,year,872503011.3000001,810957286.71,39648766.63999999,28292692.040000003,12.0,220051774.08,86256659.11,12.0
6502003,2021,year,42639498.99,16671797.51,25306474.08,13792166.04,12.0,,,
6502003,2022,year,19171517.37,13475607.0,5590640.49,3162070.83,12.0,,,
6502003,2023,year,42520272.84,31082440.0,10438380.33,8826906.16,12.0,34639063.46,2517061.26,12.0
6502003,2024,year,122651568.06,89921111.14,18965703.5,12123814.64,12.0,71818207.56,34842655.18,12.0
6502003,2025,year,78655828.72,59372328.88,17539962.400000002,8515797.32,12.0,73747621.94,27067137.39,12.0
6502005,2021,year,183559223.75,96849277.22,82812577.35,39924475.46000001,12.0,,,
6502005,2022,year,117286340.99999999,75947101.0,40404198.83,25716130.25,12.0,,,
6502005,2023,year,291775935.6,220560070.4,43068495.879999995,24387987.4,12.0,254806482.46,123481940.11,12.0
6502005,2024,year,428152996.66,286251741.58000004,92553914.91,41921158.34,12.0,275519983.79,110420279.49,12.0
6502005,2025,year,374629511.7,236459252.91000003,108579350.09,50102370.09,12.0,393577750.2,211509381.15,12.0
6502007,2021,year,98246907.22,43280270.16,46324502.800000004,24647707.32,12.0,,,
6502007,2022,year,59909004.13,36663848.0,20482004.76,13876762.560000002,12.0,,,
6502007,2023,year,209307182.94,175644838.67000002,21096016.340000004,13453000.100000001,12.0,155930965.43999997,32083466.90000001,12.0
6502007,2024,year,210568444.89,147523180.13,40464492.24,22230355.690000005,12.0,232500807.57,128801143.7,12.0
6502007,2025,year,224474061.5,139730498.91,52524534.07,24288326.4,12.0,213307348.81,84468340.12,12.0
6502009,2021,year,26896231.18,14751976.0,11997705.48,6066751.409999999,12.0,,,
6502009,2022,year,20314865.79,15723784.0,4438232.800000001,3520633.5300000003,12.0,,,
6502009,2023,year,52098941.650000006,45625515.83,5995823.01,3643255.01,12.0,42709174.1,1590044.9,12.0
6502009,2024,year,63874118.720000006,46041534.98,15228661.28,8328743.91,12.0,60280660.68,2991611.57,12.0
6502009,2025,year,76584220.11,50270996.99,16115092.67,10209229.44,12.0,84545171.27000001,30817237.49,12.0
6502011,2021,year,34813518.37,11317656.72,15117734.8,7230151.57,12.0,,,
6502011,2022,year,20176669.160000004,11199887.0,8947679.61,5107122.79,12.0,,,
6502011,2023,year,58293208.63,26193521.7,16500861.45,8143817.29,12.0,45895751.42,10707381.0,12.0
6502011,2024,year,81213491.31000002,48938800.0,17974438.180000003,9658675.75,12.0,53558285.370000005,13712509.43,12.0
6502011,2025,year,71448418.71,28980656.74,21176005.070000004,9782401.15,12.0,95698579.3,57583694.66,12.0
6502013,2021,year,60836193.75,31876250.4,27915833.450000003,12006787.23,12.0,,,
6502013,2022,year,40071509.54000001,29994235.0,9737599.23,5965591.16,12.0,,,
6502013,2023,year,58080803.15,42223427.0,8490776.16,5620682.69,12.0,42641035.07,7440504.36,12.0
6502013,2024,year,143103246.85000002,113162791.93,13615023.599999998,9895482.819999998,12.0,126111836.34000002,76610205.74,12.0
6502013,2025,year,442636413.67,400644348.63,16733958.14,10491917.989999998,12.0,132634074.81999998,79650310.14,12.0
6502015,2021,year,111813342.56000002,65664920.620000005,43806398.47,22282863.63,12.0,,,
6502015,2022,year,75047279.77,53639328.05,18936494.54,13268053.770000001,12.0,,,
6502015,2023,year,142007746.99,92197385.78,20528399.47,15793786.79,12.0,129485323.75,17065861.009999998,12.0
6502015,2024,year,164185505.75999996,87967984.17,36794472.79,22763921.910000004,12.0,167716830.84000003,23716585.23,12.0
6502015,2025,year,193426583.89,104840994.23,39218547.94,24762410.08,12.0,196511148.50000003,39793654.02,12.0
6502017,2021,year,47739744.580000006,26269021.81,20787389.72,11491505.69,12.0,,,
6502017,2022,year,36508279.1,26981084.0,8869745.469999999,6195655.83,12.0,,,
6502017,2023,year,91281657.97,48140311.0,9249028.55,6374061.87,12.0,78465846.89,26081201.68,12.0
6502017,2024,year,92356204.85999995,53782920.03,11094446.2,8371595.43,12.0,89073764.31,19634300.8,12.0
6502017,2025,year,86854665.2,60519410.29,11552904.46,8553311.1,12.0,86722483.81,14716725.99,12.0
6502019,2021,year,54582780.150000006,22340925.17,28689047.989999995,18607000.84,12.0,,,
6502019,2022,year,28605422.59,21194224.0,7354022.06,4206041.73,12.0,,,
6502019,2023,year,54715485.07,46631726.0,6047223.71,5009036.930000001,12.0,35210939.06,6012441.6,12.0
6502019,2024,year,67945500.96000001,55097075.0,7683953.54,5366203.26,12.0,39670418.5,5453856.19,12.0
6502019,2025,year,88120899.86999999,59968851.79,10375549.579999998,6921281.73,12.0,80702790.1,22457150.48,12.0
6502021,2021,year,77614861.61,48337744.45,28718818.470000003,13484982.57,12.0,,,
6502021,2023,year,,,,,,71629247.33,20683211.970000003,12.0
6502021,2024,year,,,,,,102351894.67,36230624.75,12.0
6502021,2025,year,114663028.21000002,80336628.08,11487648.4,6895604.24,12.0,97870797.97,28937452.29,12.0
6510001,2021,year,182221927.54000002,108564069.43,69797362.46,45342980.980000004,12.0,,,
6510001,2022,year,124555894.64000002,87811115.78999999,36229262.129999995,27460676.15,12.0,,,
6510001,2023,year,320159047.79999995,167761912.19,34569305.51,23316425.1,12.0,285943054.99,15688976.31,12.0
6510001,2024,year,293408775.35999995,116706225.73,58382029.900000006,40721200.07,12.0,285808635.7800001,35080289.98,12.0
6510001,2025,year,266434699.04,148361978.61,46708535.41,37090151.16,12.0,275503799.25,37607105.84,12.0
6510007,2021,year,107178698.89,64837356.150000006,40004147.89,21376618.470000003,12.0,,,
6510007,2022,year,85555161.56,68546895.0,16809232.82,11258891.96,12.0,,,
6510007,2023,year,120114630.86000001,85334135.0,17923675.62,10347885.3,12.0,93289275.61,24630085.06,12.0
6510007,2024,year,131365834.14,81174288.31,24974232.43,13559971.63,12.0,131121229.03,18897691.2,12.0
6510007,2025,year,155990662.49,105033498.84,24694150.31,14468847.11,12.0,163968588.48000005,42034342.93,12.0
6510009,2021,year,49956339.78,16441777.59,31922907.92,17783215.0,12.0,,,
6510009,2022,year,27050347.72,15521283.0,11379866.09,6591168.38,12.0,,,
6510009,2023,year,93683234.16,36456583.48,12900326.01,10392435.99,12.0,83961680.82999998,17295918.0,12.0
6510009,2024,year,89034032.5,43537337.71,17701205.28,12663558.76,12.0,78757582.89,20741418.03,12.0
6510009,2025,year,83206537.84,50209430.33,18223340.48,11571959.180000002,12.0,77767936.92999999,12609652.57,12.0
6510013,2021,year,69934712.13000001,43006254.16,25143935.329999994,13257391.2,12.0,,,
6510013,2022,year,53293061.150000006,42261637.0,10402177.12,7551218.69,12.0,,,
6510013,2023,year,86844468.97,62318660.79,8627051.2,7160883.54,12.0,84943961.28999999,23290423.16,12.0
6510013,2024,year,111139478.13,69054100.0,11202902.06,8488707.23,12.0,100435600.87,26598657.98,12.0
6510013,2025,year,349468780.57,335712861.69,10728598.63,8222905.58,12.0,104800985.67,29030139.19,12.0
6510015,2021,year,3264474458.61,1066903302.03,2049002636.84,1337517132.95,12.0,,,
6510015,2022,year,1916681325.84,720535965.8100001,1164930348.06,852024627.1499999,12.0,,,
6510015,2023,year,2116206456.6200001,1104379112.27,938033215.69,689519823.98,12.0,2870208470.69,382830185.85,12.0
6510015,2024,year,3757905392.39,2490018141.34,1173299192.19,814314848.2799999,12.0,3346012736.72,516164524.07000005,12.0
6510015,2025,year,3063522883.17,1741171594.16,1266214410.7099998,893759246.3599999,12.0,3180459533.55,238678110.92,12.0
6510017,2021,year,91704393.62,37381444.98,52237591.769999996,22521795.869999997,12.0,,,
6510017,2022,year,62214759.48999999,38918048.0,22645109.32,11413006.290000007,12.0,,,
6510017,2023,year,139140109.64,98196522.98,19422615.980000004,13177255.670000002,12.0,194614330.02,69877139.84,12.0
6510017,2024,year,264614814.51,127531247.79,44113077.36,20760359.12,12.0,255136720.75,124098308.93,12.0
6510017,2025,year,432892634.54,354436341.44,57564362.23999999,26520234.27,12.0,165661042.15000004,46840425.53,12.0
6802001,2021,year,25485565.44,13818994.85,11657245.39,6636378.8100000005,12.0,,,
6802001,2022,year,22225338.74,9577039.29,12488656.27,7038154.65,12.0,,,
6802001,2023,year,26969787.84,12146015.8,14218438.44,8348488.51,12.0,23322089.12,1061643.1800000002,12.0
6802001,2024,year,27657301.02,11447131.69,15686501.13,9734843.06,12.0,28323804.15,2347011.0300000003,12.0
6802001,2025,year,31854041.1,13128668.13,18187287.37,11766516.81,12.0,31951743.270000003,1273588.78,12.0
6802003,2021,year,154214115.34000003,42812614.92,106682664.03000002,62321498.93,12.0,,,
6802003,2022,year,148529556.5,32867340.33,109659657.05,61213994.33,12.0,,,
6802003,2023,year,165232145.42999998,30379440.89,130425785.39,74547550.03,12.0,178301194.02999997,2647677.1,12.0
6802003,2024,year,195507656.89,35437841.65,154361943.05,91655267.2,12.0,193451677.46,4455654.949999999,12.0
6802003,2025,year,235841787.94,40016991.68,189287084.71,115334938.51,12.0,237111075.01,5485727.56,12.0
6802005,2021,year,297120898.97,135344104.83,151774437.42,88621482.39999999,12.0,,,
6802005,2022,year,308852684.08,125683706.68,166091596.73999998,99740203.97,12.0,,,
6802005,2023,year,368965845.86,141373304.58,196849630.95,111558275.27,12.0,371743238.44,41582577.8,12.0
6802005,2024,year,410209073.79,151893470.2,229320427.13,130123085.76,12.0,414331046.91,51240767.38,12.0
6802005,2025,year,450655737.56,159611612.92,269124412.53000003,153231706.13,12.0,440684745.4499999,41700023.46,12.0
6802007,2021,year,57142054.660000004,30009297.41,26252262.27,15977617.42,12.0,,,
6802007,2022,year,60008592.75,28076516.98,30780056.930000003,18056117.41,12.0,,,
6802007,2023,year,74863259.19999999,34176246.0,38982481.71,21449648.209999997,12.0,74991113.28999999,3208407.8,12.0
6802007,2024,year,73173176.13999999,28980627.34,42878551.56,23066600.13,12.0,72295415.19,1528058.16,12.0
6802007,2025,year,96316126.33,37799867.76,55684188.06999999,28466283.19,12.0,93604030.06,3111208.4,12.0
6802009,2021,year,66438302.02000001,30647025.67,28255177.29,18784109.67,12.0,,,
6802009,2022,year,60329344.67000001,24366346.0,31502583.610000003,20674571.27,12.0,,,
6802009,2023,year,67250128.36,28704565.2,36346081.940000005,24559421.55,12.0,68316471.85000001,10114969.93,12.0
6802009,2024,year,67318858.31,23543036.61,42701916.4,28451190.69,12.0,66206659.67,3257117.0,12.0
6802009,2025,year,79764408.25,31474098.74,47418674.7,31509574.58,12.0,78472138.27,4792253.76,12.0
6802011,2021,year,1217494656.28,636604282.1700001,525807046.85999995,291015711.30999994,12.0,,,
6802011,2022,year,868118019.52,275934170.37,544635034.3399998,324910518.07000005,12.0,,,
6802011,2023,year,985132694.44,247646562.29,686340323.5,372424470.45000005,12.0,1278772721.15,165235133.52,12.0
6802011,2024,year,1308610276.1,403023057.92,849885453.8699999,433693721.57,12.0,1308390500.67,154680709.26,12.0
6802011,2025,year,1499808189.74,388137669.71,1017335994.13,512714448.63,12.0,1475112046.62,148809453.9,12.0
6802013,2021,year,32253895.41,21929648.26,9960777.63,4549328.24,12.0,,,
6802013,2022,year,27934241.509999994,17412354.0,9891933.25,4902454.86,12.0,,,
6802013,2023,year,35985731.82000001,21087397.43,12152450.580000002,6156807.6,12.0,36167871.18,2221155.83,12.0
6802013,2024,year,44777278.53,19948373.73,16689938.33,8037892.15,12.0,38256406.61000001,4998142.49,12.0
6802013,2025,year,62751053.06000001,38469174.98,20565593.74,10366696.32,12.0,60224975.080000006,23950475.71,12.0
6802015,2021,year,49357666.71,28722778.95,19396817.78,9923075.63,12.0,,,
6802015,2022,year,47774842.42,26791361.89,19197925.790000003,10744874.55,12.0,,,
6802015,2023,year,64931296.89999999,25777940.9,32601687.16,20354118.97000001,12.0,85162202.78999999,16761535.38,12.0
6802015,2024,year,71523936.70000002,37940282.41,30123764.64,16849620.249999996,12.0,75857216.11000001,5224485.970000001,12.0
6802015,2025,year,97551445.07999998,41616569.39,50541900.04000001,31653893.93,12.0,91307488.13,7982567.33,12.0
6802017,2021,year,84600196.51,38853925.21,41150307.7,25683224.5,12.0,,,
6802017,2022,year,79167719.95,34638472.0,42319215.870000005,25413441.8,12.0,,,
6802017,2023,year,107038799.35999995,44071079.0,54207984.980000004,30108416.52,12.0,100868892.37,5014609.029999999,12.0
6802017,2024,year,106872184.38,39152648.7,62655018.00999999,35227923.76,12.0,110336148.44000004,6117391.72,12.0
6802017,2025,year,150366306.92999998,70958668.75,71380943.75,41696873.83,12.0,149514122.10999998,36905743.43,12.0
6802019,2021,year,205828228.24,109246854.34,92374074.9,60599892.39,12.0,,,
6802019,2022,year,198073625.20000002,87735705.58,99966964.53,67043867.94999999,12.0,,,
6802019,2023,year,240677237.74,108251114.65,119585929.15999998,73934567.96,12.0,232985032.63,14959801.55,12.0
6802019,2024,year,258630361.29999995,106950360.18,141219553.8,86996952.39999999,12.0,263105832.21,26553543.24,12.0
6802019,2025,year,294077009.22,113952406.22,165974877.86,106033578.29,12.0,296105569.29,27008986.73,12.0
6802021,2021,year,62453355.42,36093049.14,25256143.61,15725606.3,12.0,,,
6802021,2022,year,60630773.09,31915527.0,28255548.95,17518596.11,12.0,,,
6802021,2023,year,74977478.9,40348815.86,32613784.81,20102175.35,12.0,70118742.39,6767066.41,12.0
6802021,2024,year,74162690.37000002,33153847.69,39030709.11,23956503.46,12.0,78439939.87,2933909.3200000003,12.0
6802021,2025,year,86987730.24000001,39309023.47,45591204.56,27972165.95,12.0,85547626.42,3729686.46,12.0
6802023,2021,year,95357873.68999998,37547011.45,56036093.71,31357962.459999997,12.0,,,
6802023,2022,year,97708457.3,34462365.17,60671094.38,36112416.75,12.0,,,
6802023,2023,year,116809577.72,41763947.61,70699811.07,38639038.73,12.0,114456358.44,13043778.7,12.0
6802023,2024,year,125149695.37,32777722.54,89570020.33000001,48063009.86000001,12.0,117205607.90000002,8664512.43,12.0
6802023,2025,year,140589983.54,37930225.58,101862428.51,55973429.31,12.0,143248369.54999998,18258083.07,12.0
6802025,2021,year,53304177.61,24420520.62,28515383.07,16575932.549999999,12.0,,,
6802025,2022,year,50136071.02,21515191.94,28438500.14,16801472.490000002,12.0,,,
6802025,2023,year,61351494.839999996,26679836.6,34110534.849999994,19952108.830000002,12.0,61136408.19,4239519.0,12.0
6802025,2024,year,70314924.04,21690136.88,43721377.96,28164654.19,12.0,69021455.82000001,5671797.25,12.0
6802025,2025,year,72643759.10999998,22217806.75,48806940.720000006,30855354.4,12.0,76403920.96000001,4436992.0,12.0
6802027,2021,year,57469633.74,39542320.43,15939455.76,9349186.0,12.0,,,
6802027,2022,year,49004456.03000001,29419322.47,17543404.72,10158800.13,12.0,,,
6802027,2023,year,61729449.03000001,34877221.19,24480717.11,14080753.079999998,12.0,64642361.280000016,3129194.03,12.0
6802027,2024,year,69658352.01,30570304.06,32658552.680000003,18959959.5,12.0,68914944.83,5718533.1,12.0
6802027,2025,year,79314639.35000001,40404135.94,36409108.29000001,17021814.86,12.0,77226124.85999998,3744582.06,12.0
6802029,2021,year,217998658.73,89630893.38,124125819.88,82408951.37,12.0,,,
6802029,2022,year,227627290.24,76512364.13000001,130389847.16,88098731.97,12.0,,,
6802029,2023,year,264016636.95000005,97204157.41,152166968.34000003,101447076.31,12.0,276646745.04999995,28997827.08,12.0
6802029,2024,year,281539384.28000003,85223407.38000001,182723452.23,120815601.67,12.0,277428251.48999995,13438165.78,12.0
6802029,2025,year,323449630.86,101589960.24,207663996.77999997,135634296.05,12.0,312373825.1000001,16156755.93,12.0
6804001,2021,year,97590929.41,44636564.29,50112184.57,29587972.880000003,12.0,,,
6804001,2022,year,94544820.66,36136796.68,56775742.67,33317326.83,12.0,,,
6804001,2023,year,115902825.74,45170969.74,66759398.05000001,37948946.28,12.0,125757634.9,21902539.34,12.0
6804001,2024,year,120260302.21,42425802.81,75971070.03,43881718.56999999,12.0,134105402.66,12563703.590000002,12.0
6804001,2025,year,143517180.06,47902350.25,91432088.42,55066498.16,12.0,141291233.19,10881649.19,12.0
6804003,2021,year,84269699.27000001,39950014.56,41431329.720000006,21131704.46,12.0,,,
6804003,2022,year,78749965.68999998,33497472.82,42613568.49,21859304.060000002,12.0,,,
6804003,2023,year,94327513.77000004,34214842.66,57427028.370000005,28461763.250000004,12.0,99562794.40999998,11468496.22,12.0
6804003,2024,year,93563024.63,27892896.21,62419548.64999999,33427642.540000003,12.0,98490486.03,6207535.87,12.0
6804003,2025,year,115366889.09,34650604.11000001,76187125.56,38555954.89999999,12.0,115765920.16,7905348.36,12.0
6804005,2021,year,183455484.34,107932259.99,71219119.97,45151770.120000005,12.0,,,
6804005,2022,year,150872221.87,69684582.25,78367615.42999999,50693850.510000005,12.0,,,
6804005,2023,year,171878140.35,76595644.08,89493695.87000002,55026207.71,12.0,174617726.66,6732153.09,12.0
6804005,2024,year,187255082.02,77135945.37,104478042.95,61418273.78,12.0,180375662.5,4395902.05,12.0
6804005,2025,year,232429268.39,91362486.19,135181501.27999997,85296756.06,12.0,232289367.71000004,15296279.59,12.0
6804007,2021,year,54818834.82000001,34017167.05,19894920.919999998,12790212.84,12.0,,,
6804007,2022,year,47167879.300000004,27430684.23,19025692.27,13028966.790000001,12.0,,,
6804007,2023,year,55471031.95,32580727.81,21196211.060000002,14022135.84,12.0,56816632.88,6167312.79,12.0
6804007,2024,year,56786648.13,31528620.74,23896455.680000003,14817491.180000002,12.0,56074831.50999999,1568419.62,12.0
6804007,2025,year,63790265.99000001,34217969.45,28545612.91,17173252.090000004,12.0,63734227.39,1157425.52,12.0
6804009,2021,year,345430242.24,135839346.0,196350083.09,125314137.69,12.0,,,
6804009,2022,year,321816408.93,92138481.52,220620253.82,149925523.37,12.0,,,
6804009,2023,year,365584084.27,89727030.91,260660573.98999995,172873391.44,12.0,369831667.9,23815768.95,12.0
6804009,2024,year,471449948.39,119208489.52,333811299.7,221672470.18,12.0,453598548.42,43114833.15,12.0
6804009,2025,year,581465542.7,132907571.03,418843088.3,287365150.85,12.0,616366383.63,108368814.31,12.0
6804011,2021,year,57394164.84,28303077.07,25944266.759999994,16059657.48,12.0,,,
6804011,2022,year,51956563.61,25511458.62,25874090.74,15546151.34,12.0,,,
6804011,2023,year,69744441.19,32598252.96,30501186.959999993,17878679.14,12.0,72000835.07,10128858.26,12.0
6804011,2024,year,83501130.11000001,31806921.39,41740531.93,25987061.0,12.0,80031896.09,13110453.98,12.0
6804011,2025,year,82926962.78999999,33292960.95,47356823.84000001,29351831.74,12.0,84446196.32,10430761.44,12.0
6804013,2021,year,315760393.29,126306526.81,160005185.77,98564001.13,12.0,,,
6804013,2022,year,291489565.40999997,110816560.43,165931138.10999998,104733843.84,12.0,,,
6804013,2023,year,374156669.6199999,154985311.91,192421643.12,116440398.06999998,12.0,377614936.58,85341945.96000001,12.0
6804013,2024,year,439280143.53,147576828.01,252640456.12,142729579.53,12.0,438042838.32000005,83762524.87,12.0
6804013,2025,year,517434852.06999993,157497567.79000002,280822118.72,172481848.70000002,12.0,497653494.8900001,85379056.02000001,12.0
6804015,2021,year,214414789.21,86872464.34,112347445.9,75142579.16000001,12.0,,,
6804015,2022,year,192696354.65,80297407.14,104739906.75999999,71613709.08,12.0,,,
6804015,2023,year,219888358.55,92621266.78,114975048.29,77728001.3,12.0,246636820.68000007,20593459.95,12.0
6804015,2024,year,261957597.05000004,102669070.37,146052021.06,98406317.48,12.0,251898483.79,10983724.21,12.0
6804015,2025,year,306919992.55999994,121692137.33,172464717.56,115386590.31999998,12.0,313547408.56,32788376.08,12.0
6804017,2021,year,41266428.95,22180127.43,18977937.77,11080190.99,12.0,,,
6804017,2022,year,39577917.85,18423416.15,20661019.05,11985949.16,12.0,,,
6804017,2023,year,46124866.01,22494754.45,22887525.92,12949976.18,12.0,50115422.64,4615336.54,12.0
6804017,2024,year,49960477.88999999,22404961.08,27282926.53,15292415.260000002,12.0,50361371.50000001,1569794.8,12.0
6804017,2025,year,63189813.93,27043662.44,35042528.77,19583187.470000003,12.0,57911565.91,4915139.34,12.0
6804019,2021,year,31418944.470000003,13109005.19,17669221.16,10545988.67,12.0,,,
6804019,2022,year,29554658.77,8623262.54,20359594.36,12053800.1,12.0,,,
6804019,2023,year,39997425.48,12047143.58,23167044.64,13619831.31,12.0,41618043.05,9007089.21,12.0
6804019,2024,year,38138389.14,12827974.51,23231244.35,12699292.79,12.0,40121713.93,7279444.06,12.0
6804019,2025,year,42970436.400000006,14573204.33,27110099.039999995,15667642.74,12.0,40931228.54,3352194.04,12.0
6804021,2021,year,293031401.09999996,123005691.6,163493494.34,110182212.57,12.0,,,
6804021,2022,year,263253689.56000003,79185732.97,179381920.03,120744242.81,12.0,,,
6804021,2023,year,338919952.56,95692550.43,226477776.43,149265585.01000002,12.0,346847578.29,58313976.35,12.0
6804021,2024,year,394562243.73,97400688.3,283471447.13,189793122.13,12.0,379370207.63,51840051.260000005,12.0
6804021,2025,year,503486205.2600001,141240540.85999998,334220092.61,219922255.34,12.0,510925533.00999993,110704555.51,12.0
6804023,2021,year,178987562.35999998,74695709.89,99639590.87,58540787.519999996,12.0,,,
6804023,2022,year,166968417.66,60255527.02,101315633.43,65366214.68,12.0,,,
6804023,2023,year,203628097.01,71352178.83,124531197.14000003,72631701.27000003,12.0,202276811.41000003,7268051.250000001,12.0
6804023,2024,year,234044138.12,72422473.46000001,147206416.48000002,84340089.62,12.0,238169342.52,19458578.57,12.0
6804023,2025,year,267004231.57,75589891.11,184703378.23,100348998.03,12.0,258080984.07,14481383.96,12.0
6804025,2021,year,71610209.74000002,25156232.5,44858096.87000002,19429823.44,12.0,,,
6804025,2022,year,66963865.5,21912164.78,43979084.65,23558510.61,12.0,,,
6804025,2023,year,87359192.22,24978429.47,57646928.35999999,26531221.3,12.0,80852377.05,6095709.75,12.0
6804025,2024,year,90086430.57999998,22355276.99,66137815.900000006,30876685.81,12.0,89483461.53999999,3995044.09,12.0
6804025,2025,year,113497653.65,26408977.77,85242729.75,37751520.58,12.0,111326156.08,2674275.59,12.0
6804027,2021,year,110181475.18,35961612.81,72052347.26999998,51399159.839999996,12.0,,,
6804027,2022,year,84402492.30999999,22242168.45,59905836.99999999,40623714.78,12.0,,,
6804027,2023,year,114991140.81,52003939.89,60032031.54,35944342.44,12.0,131872365.17,29313566.17,12.0
6804027,2024,year,155920969.49000004,55796891.760000005,88080873.57,59030800.11,12.0,137493983.19,27498537.37,12.0
6804027,2025,year,190039330.26,49929155.27,115782247.02,78735302.9,12.0,194422645.28,56849705.48,12.0
6804029,2021,year,40819387.31000001,18040172.91,22275043.079999994,12788235.57,12.0,,,
6804029,2022,year,40824655.22,16057787.0,24289525.300000004,13632628.18,12.0,,,
6804029,2023,year,48658776.099999994,18827090.75,24464979.37,13636426.720000003,12.0,52785637.47,8778904.0,12.0
6804029,2024,year,52699651.92000001,17266408.459999997,34913294.88000001,18527926.11,12.0,52983291.68,960926.0,12.0
6804029,2025,year,62734609.43000001,16729275.06,39319033.55,23364050.17,12.0,63084310.16,5650075.84,12.0
6804031,2021,year,58966212.8,20096132.090000004,34385064.94,18210314.770000003,12.0,,,
6804031,2022,year,55391447.09,16441649.0,37888289.26,19505660.88,12.0,,,
6804031,2023,year,71740959.74999999,23009535.0,48127624.26000001,24808686.1,12.0,65589881.71000001,5330730.19,12.0
6804031,2024,year,73441356.61999999,16878568.76,55358843.39,29911725.14,12.0,73389758.70000002,4584664.279999999,12.0
6804031,2025,year,84824019.20000002,19395252.06,64512204.15,32585516.87,12.0,86386482.83,3740902.15,12.0
6804033,2021,year,155462877.73999998,45601257.88,107123338.62,64351691.81999999,12.0,,,
6804033,2022,year,143857871.24,35121035.72,106072801.68,77113402.64,12.0,,,
6804033,2023,year,180929019.09,39602052.44,133472418.68999995,86579540.55,12.0,184122708.34,48183585.22,12.0
6804033,2024,year,234346325.42,45565999.72,179724162.68,118350035.26,12.0,197551487.82,37322933.26,12.0
6804033,2025,year,289114999.24999994,48384116.83,236607361.93,148065636.98,12.0,300889523.33000004,77088551.82000001,12.0
6804035,2021,year,87721091.01,35451474.099999994,44100659.58,22028759.81,12.0,,,
6804035,2022,year,86737372.39,35092346.87,47391005.10000001,24595464.900000002,12.0,,,
6804035,2023,year,171773108.97,67253726.72,60723997.21999999,32497135.99,12.0,160117143.65,77456522.84,12.0
6804035,2024,year,124213109.88,45140573.63,74647421.88999999,38968357.68,12.0,134536530.18,45114816.57,12.0
6804035,2025,year,156303413.34,58681408.58,89653617.51,47298182.62,12.0,136640050.75999996,35417475.81,12.0
6804037,2021,year,44656127.25,18588324.57,25408590.4,13950901.47,12.0,,,
6804037,2022,year,38700708.75,13355307.72,23590721.640000004,14681888.41,12.0,,,
6804037,2023,year,54647312.73999999,17613611.580000002,27666442.200000003,15566501.329999998,12.0,50593730.4,6737442.72,12.0
6804037,2024,year,52258503.93000001,15463632.49,33707888.620000005,19070225.64,12.0,47725526.3,3290167.02,12.0
6804037,2025,year,58365050.6,17531664.56,36670709.13,21352379.49,12.0,60654922.95999999,5803220.12,12.0
6804039,2021,year,578418583.2600001,205118388.08,364056332.23,172701142.69,12.0,,,
6804039,2022,year,521445506.58,145963131.43,364740452.98999995,200963332.07999998,12.0,,,
6804039,2023,year,512269593.33000004,146746937.97,353885315.2400001,216948442.4900001,12.0,692080722.2,102965503.23,12.0
6804039,2024,year,783539395.83,322794673.0500001,438404161.04,269358565.41,12.0,752224069.5799999,34773294.739999995,12.0
6804039,2025,year,859291941.9,340050271.98,492157429.3299999,300674262.54,12.0,860776311.6199999,97395437.13,12.0
6804041,2021,year,55766302.23,22989372.81,32181756.250000004,20103210.87,12.0,,,
6804041,2022,year,53033770.480000004,19930460.0,32726138.71,20925218.72,12.0,,,
6804041,2023,year,64017911.57000001,24957706.0,36933999.03000001,24051339.91,12.0,66207017.28,17981320.18,12.0
6804041,2024,year,69507496.87999998,19494808.49,49258920.94,33657337.989999995,12.0,67133591.00999999,7347347.9,12.0
6804041,2025,year,77413141.7,20226039.55,56497207.95,38371000.74,12.0,74727771.0,5240744.66,12.0
6804043,2021,year,168628006.74,73149954.03999999,93863794.05,60134334.79999999,12.0,,,
6804043,2022,year,160571394.68999997,57201558.0,101341122.5,65906206.97000001,12.0,,,
6804043,2023,year,200795548.61,72557832.0,123740882.97,79350169.36000001,12.0,195084503.23,4461527.51,12.0
6804043,2024,year,223643739.02,67212257.78999999,150753339.12,97583171.46,12.0,225991472.88,10167687.36,12.0
6804043,2025,year,263385941.41000003,75874521.5,180064705.2,119651497.15,12.0,258739376.98000005,14995151.38,12.0
6804045,2021,year,273349826.25,137725261.47,130468280.49,80903463.28999999,12.0,,,
6804045,2022,year,274254082.03,94619698.46,151311063.65000004,92750719.72,12.0,,,
6804045,2023,year,290173984.58000004,96728761.18,167497010.15,100837328.74,12.0,300934419.63,35302579.77,12.0
6804045,2024,year,334960033.26,103456329.81,212643656.1,123884627.26,12.0,321240267.5800001,26303450.02,12.0
6804045,2025,year,386349771.52,110993767.94,252177530.79,146333684.69,12.0,385216091.6,43579789.59,12.0
6804047,2021,year,3601777843.299999,1178946469.2400002,2233910659.73,1362535568.03,12.0,,,
6804047,2022,year,3250823771.4800005,669554726.79,2431043524.9799995,1458459358.11,12.0,,,
6804047,2023,year,4032743867.5899997,784489066.17,2986830414.0899997,1665640080.23,12.0,5550733208.22,1277769814.1699998,12.0
6804047,2024,year,5096586811.179999,1109631747.73,3586873599.09,2016646773.3800006,12.0,5363442909.709998,1145055376.04,12.0
6804047,2025,year,5840999415.13,1034809692.96,4317910526.0,2439786721.83,12.0,5845961284.49,994004853.86,12.0
6804049,2021,year,106203790.37,55375336.13,49139094.21,23793021.080000002,12.0,,,
6804049,2022,year,93322356.41000003,45164873.49,46400019.529999994,25327622.129999995,12.0,,,
6804049,2023,year,118098738.48,44262901.04,58395902.60999999,28314081.96,12.0,141310026.25,18446997.9,12.0
6804049,2024,year,128562091.53000002,50019018.91,71682555.76,31540064.71,12.0,122406280.25,9027736.29,12.0
6804049,2025,year,164386779.32999998,57922090.58,95565876.07,37946946.8,12.0,144457660.15,11125013.73,12.0
6804051,2021,year,39260772.13,18492239.65,20621942.58,9348869.45,12.0,,,
6804051,2022,year,36381330.07999999,16884223.0,19262721.27,11756505.66,12.0,,,
6804051,2023,year,44257313.84,19076134.2,24853555.55,14536647.22,12.0,43227837.02,498074.92,12.0
6804051,2024,year,47003679.46,16941743.6,28979659.32,17209859.94,12.0,46826211.7,1074584.0,12.0
6804051,2025,year,52136551.08,20268741.34,31263458.39,20133944.71,12.0,53265687.31999999,596421.78,12.0
6804053,2021,year,177057473.89000002,76121543.9,97971567.50000004,57309384.78,12.0,,,
6804053,2022,year,185917457.00000012,67227673.71,107206951.56,63825842.04000002,12.0,,,
6804053,2023,year,230196345.05999994,88199917.19999999,135760457.75999993,71999385.75999999,12.0,675551580.8100001,276038167.29,12.0
6804053,2024,year,236148879.68,73671955.75,154535677.24,84826441.46,12.0,282423538.74,34111656.98,12.0
6804053,2025,year,273587548.00999993,87640876.33,176417448.59,92602067.13,12.0,319901464.76,38167518.04,12.0
6806001,2021,year,67671085.44,42561325.2,24201824.77,16273477.06,12.0,,,
6806001,2022,year,63385220.04999999,37999646.0,24588468.02,16656743.92,12.0,,,
6806001,2023,year,75637933.07,46079973.13,28085858.39,18589467.78,12.0,66527328.84,764349.0,12.0
6806001,2024,year,78708700.19,44373518.370000005,32092799.090000004,22748619.97,12.0,82995616.65,6527590.5,12.0
6806001,2025,year,92962047.80000004,51623053.65,39530695.81999999,26457772.56,12.0,86707317.18999998,3234639.8,12.0
6806003,2021,year,182607069.1,86427344.89999999,87790205.43999998,53783690.42,12.0,,,
6806003,2022,year,169567409.92999998,73182669.62,93804710.89,58517667.67,12.0,,,
6806003,2023,year,191457441.25,84316857.81,101656909.03999999,62634820.309999995,12.0,196198905.92,12267092.53,12.0
6806003,2024,year,227313202.07,90586926.26,125998894.92,74408803.65,12.0,219849656.11,19064845.94,12.0
6806003,2025,year,255376546.35,94074178.03,152050443.45,92250567.08,12.0,254327448.54000005,13271058.81,12.0
6806005,2021,year,57651536.71999999,40732413.21,16203332.96,9592757.17,12.0,,,
6806005,2022,year,51162835.14,33257816.54,17118103.05,11302298.68,12.0,,,
6806005,2023,year,61822593.94,37922879.2,20937791.13,12563690.86,12.0,60818984.73000001,2079421.16,12.0
6806005,2024,year,63525870.5,37651502.1,24348991.53,15498135.22,12.0,64543676.57999999,1629938.68,12.0
6806005,2025,year,75770350.62,42534024.35,31332309.01,19576985.8,12.0,73595895.83999999,1414630.0,12.0
6806007,2021,year,52818618.3,22682710.08,27791411.18,19828208.500000004,12.0,,,
6806007,2022,year,54597605.67,22837010.75,30411546.64,21781016.7,12.0,,,
6806007,2023,year,69641533.82000001,30941599.33,34177546.93,23869086.810000002,12.0,63559435.58999999,5706156.79,12.0
6806007,2024,year,68031434.94,24740355.73,40998459.43,29311988.71,12.0,71620392.72,2566028.73,12.0
6806007,2025,year,77742087.2,29625263.87,45915428.89999999,32039247.399999995,12.0,77223062.16,1522455.46,12.0
6806009,2021,year,259334501.93,124454358.9,130705660.64000002,81042316.51,12.0,,,
6806009,2022,year,243667211.1,89274841.33,142411166.87,90081896.77,12.0,,,
6806009,2023,year,285630715.02000004,106615904.39,159485731.36,96448708.57,12.0,292779467.62,26993355.49,12.0
6806009,2024,year,331094316.21000004,110031717.63,199517923.89,117027516.08,12.0,318889194.33000004,25895115.65,12.0
6806009,2025,year,374546761.99,114924039.43,244961950.04,144364703.18,12.0,366153609.46,28175709.410000004,12.0
6806011,2021,year,51679121.41999999,15749958.17,33658578.68,21508912.56,12.0,,,
6806011,2022,year,46530015.14000001,11512221.91,33470361.730000004,23136671.15,12.0,,,
6806011,2023,year,58822017.589999996,13455448.0,35901318.93,23023519.990000002,12.0,65059836.66,11281178.68,12.0
6806011,2024,year,59374645.48,13888518.59,41174808.38,27427092.77,12.0,61968246.25000001,3431688.23,12.0
6806011,2025,year,62113940.18,18246145.52,41409544.85000001,25072399.29,12.0,63830920.1,1939902.14,12.0
6806013,2021,year,55310098.39999999,23408010.53,31191981.49,17175513.799999997,12.0,,,
6806013,2022,year,52592918.86,22543585.36,29589247.45,17057264.15,12.0,,,
6806013,2023,year,73441205.78,33510621.220000003,36757634.8,21334221.22,12.0,65295326.50000001,3141664.96,12.0
6806013,2024,year,73629558.83999999,22991172.73,45568482.33,26625388.02,12.0,78794294.32000001,9222264.45,12.0
6806013,2025,year,81475223.38,29684163.75,49524360.13,26421786.66,12.0,78211848.31,3484526.33,12.0
6806015,2021,year,40668864.970000006,25445203.77,14780948.71,8364263.43,12.0,,,
6806015,2022,year,42124068.16,26120612.12,15595131.71,9311668.54,12.0,,,
6806015,2023,year,50896348.15999999,33054263.68,17006218.81,9731103.45,12.0,47091820.82,783528.9199999999,12.0
6806015,2024,year,51068052.15,31975189.73,17981851.349999998,10707458.9,12.0,53402227.11999999,1912771.64,12.0
6806015,2025,year,60058869.12,34749977.92,24484480.29,12915993.03,12.0,58970260.24999999,670300.0,12.0
6806017,2021,year,531245484.9999999,108249477.47,414842993.53000003,339467408.75,12.0,,,
6806017,2022,year,541551844.89,77519547.82,456663267.1600001,379367738.43,12.0,,,
6806017,2023,year,601508516.3499999,77260896.82000001,510720869.38999987,414382292.82,12.0,681592853.7900001,92080632.12,12.0
6806017,2024,year,825883923.4199998,151489412.81,657214656.4200001,496776020.23,12.0,792805403.2800001,120854037.29,12.0
6806017,2025,year,1046237209.65,117649663.47,914851886.1,733992050.4200001,12.0,988681098.66,116766884.79,12.0
6806019,2021,year,61239673.11,36396836.59,24353368.789999995,15076528.62,12.0,,,
6806019,2022,year,56349907.6,31219947.16,24826537.3,15247167.45,12.0,,,
6806019,2023,year,66267369.55,37322364.2,26723673.76,15384106.81,12.0,66656631.03,1953287.66,12.0
6806019,2024,year,70325546.28,37629712.3,31637888.73,18164779.2,12.0,69104985.52,1354133.03,12.0
6806019,2025,year,80525736.19,42060954.58,37406243.53,20917511.540000003,12.0,77754221.11,1017919.7,12.0
6806021,2021,year,305997619.53000003,155616309.05,142883444.57999998,90326955.44999999,12.0,,,
6806021,2022,year,277511714.18,123631497.29,143809817.96,90022836.05,12.0,,,
6806021,2023,year,344091601.99,163571231.51,166576333.15999997,98729570.89999999,12.0,333072452.87,26244586.54,12.0
6806021,2024,year,398062429.09,160345091.54999998,224307605.05,128697420.83,12.0,408207860.00999993,65605109.8,12.0
6806021,2025,year,428941034.75,160372882.94,251023362.96,136796964.94,12.0,431175218.1399999,45522983.65,12.0
6806023,2021,year,63101696.81,29337662.74,32243658.28,24197073.94,12.0,,,
6806023,2022,year,57543112.84,22802316.0,33625329.129999995,24052044.59,12.0,,,
6806023,2023,year,79333759.57000001,32525076.75,43051690.83,28159922.29,12.0,76218178.87,4320573.94,12.0
6806023,2024,year,83261779.84,27509880.42,52629312.23,32804435.370000005,12.0,84874530.31,3830914.82,12.0
6806023,2025,year,100418477.07999998,27789920.64,69177753.24,43769605.32,12.0,98546023.63,4318647.15,12.0
6806025,2021,year,54200571.37,18512241.0,35460803.22,22383518.06,12.0,,,
6806025,2022,year,58025625.35000001,15341229.74,42438797.3,27999503.36,12.0,,,
6806025,2023,year,61601162.94,17960821.439999998,43003098.79,24844034.0,12.0,67138878.03999999,7992858.41,12.0
6806025,2024,year,74631189.07000001,18821439.3,55017110.96,34029644.879999995,12.0,65250008.63999999,3586561.01,12.0
6806025,2025,year,85741222.88,20732203.98,63450159.620000005,39911768.41,12.0,76787669.93,4591348.42,12.0
6806027,2021,year,358054280.34999996,133530805.32999998,205812455.5,116389457.69,12.0,,,
6806027,2022,year,307685590.67,89261913.3,207010920.79000002,119646260.7,12.0,,,
6806027,2023,year,359128409.77,111882048.14,233176376.74,128014596.45,12.0,379344894.21,45090078.47,12.0
6806027,2024,year,414437142.33,119047646.67,284719341.53000003,152479668.65,12.0,408210560.3,35130522.76,12.0
6806027,2025,year,459858340.74,122540314.75,314093459.02000004,172631453.96000004,12.0,465468247.48,41512382.48,12.0
6806029,2021,year,98408464.43999998,56876368.14,38581698.230000004,23636009.020000003,12.0,,,
6806029,2022,year,96131017.75,55978616.20999999,38257805.86999999,24240749.059999995,12.0,,,
6806029,2023,year,117054692.41,69611182.47999999,45323492.78,27546256.33,12.0,112794599.07,5193271.65,12.0
6806029,2024,year,122475470.72,66686961.11,52867359.830000006,32962424.680000003,12.0,129508657.96,5540671.87,12.0
6806029,2025,year,137215201.84,72853154.22,61826126.2,37424307.56,12.0,134545358.48000002,1503947.48,12.0
6806031,2021,year,76432552.54999998,38577889.7,36212694.35,20409869.23,12.0,,,
6806031,2022,year,71307203.25,33152803.27,36669833.69999999,23715821.029999997,12.0,,,
6806031,2023,year,81188318.36000001,34869537.79,42517489.309999995,25648087.22999999,12.0,120688132.45000002,29090841.26,12.0
6806031,2024,year,95650014.81,42655407.5,48277602.59,28687966.53,12.0,101153411.79,5761100.58,12.0
6806031,2025,year,108996946.94,47274997.15,59618872.06,33595103.33,12.0,105176099.72,2869765.83,12.0
6806033,2021,year,433121129.93,156984058.82,254389520.94,155761685.99,12.0,,,
6806033,2022,year,411006547.9800001,109767482.01,276409458.79,185711812.52000004,12.0,,,
6806033,2023,year,495239963.5999999,112099703.78,326469073.8599999,208162492.9,12.0,761787109.4100001,81823964.05000001,12.0
6806033,2024,year,625985027.28,162095321.12,411670455.92,248853280.8,12.0,623634286.73,77390105.64,12.0
6806033,2025,year,661370533.49,143274053.19,459033817.9500001,283922570.98,12.0,665408244.3199999,60805874.3,12.0
6806035,2021,year,56132676.690000005,28225725.54,26130518.09,15093946.3,12.0,,,
6806035,2022,year,51293946.92999999,24926839.5,25200017.51,15696367.09,12.0,,,
6806035,2023,year,60810763.6,29212988.79,28289007.929999992,16197497.53,12.0,57035462.64,561681.8,12.0
6806035,2024,year,64098406.39,27305077.78,34799004.52,18897191.53,12.0,62520329.00000001,972668.53,12.0
6806035,2025,year,72927966.71000001,28489362.08,42175932.55,22527518.470000003,12.0,73937056.22,4543192.26,12.0
7102001,2021,year,37681411.78,15076086.49,21274483.75,11472920.55,12.0,,,
7102001,2022,year,35149646.150000006,12527057.64,20343471.35,11383334.59,12.0,,,
7102001,2023,year,50538836.79,23288064.52,25120417.15,13208535.31,12.0,47549447.400000006,5950524.02,12.0
7102001,2024,year,46775701.38,16824091.75,28205981.57,14466870.76,12.0,46869336.56,2516562.96,12.0
7102001,2025,year,56290923.98999999,21553653.4,33312432.84,18508942.42,12.0,55530090.75,5226728.0,12.0
7102003,2021,year,148246514.60000002,79541079.9,63982699.1,34467891.7,12.0,,,
7102003,2022,year,149389980.20000002,73837871.46000001,71221160.18,41836851.940000005,12.0,,,
7102003,2023,year,177909237.11999997,87133502.5,82393458.61,47288252.6,12.0,184092262.55000004,16046403.64,12.0
7102003,2024,year,195384432.35,83966044.07,104465282.84,56546300.46,12.0,200206178.57,13761298.47,12.0
7102003,2025,year,217148796.1,88781875.99,121911082.78,66098869.760000005,12.0,218110865.14,10574674.88,12.0
7102005,2021,year,44490747.56,16467353.91,27251598.17,13850802.34,12.0,,,
7102005,2022,year,40443550.19,13421024.73,26566690.66,13351707.93,12.0,,,
7102005,2023,year,57461747.67999999,23883143.67,31363804.04,15289968.62,12.0,56206986.24,7860080.0,12.0
7102005,2024,year,56515675.03000001,17111325.86,38808411.34,19421540.74,12.0,57054978.6,2910332.25,12.0
7102005,2025,year,68903795.36,23276793.9,45236111.05,21875983.380000003,12.0,64338985.08,5974740.0,12.0
7102007,2021,year,79984095.16,31413812.44,36168413.31,19108283.76,12.0,,,
7102007,2022,year,70836507.22,28185337.09,40131806.28,22235345.59,12.0,,,
7102007,2023,year,90136840.76,40936290.01,46203967.09000001,24536253.180000003,12.0,84226893.69999999,9184847.93,12.0
7102007,2024,year,88581074.96000001,31343219.71,53356088.95999999,28892235.75,12.0,92172588.08,5854718.74,12.0
7102007,2025,year,110460630.09,42253010.87,61892003.63999999,30883208.09,12.0,118110115.71999998,12300713.23,12.0
7102009,2021,year,58234497.22,20007383.39,35942741.9,19168774.46,12.0,,,
7102009,2022,year,58954688.03,20192477.14,37466684.41,20356058.05,12.0,,,
7102009,2023,year,73215572.86999999,28143421.06,42109469.04,24068780.26,12.0,76893214.69,5106976.39,12.0
7102009,2024,year,77244843.9,20907117.36,49646922.39999999,28180147.24,12.0,77253455.28999999,5058366.78,12.0
7102009,2025,year,83353727.99999999,23688339.82,55307398.3,31905754.71,12.0,85256109.38999999,3547115.41,12.0
7102011,2021,year,52750716.63,14868400.91,36461905.54,28674078.33,12.0,,,
7102011,2022,year,50750018.31999999,11844616.74,38627602.13999999,31162243.9,12.0,,,
7102011,2023,year,66228722.42999999,12049223.54,53370555.03,43580290.04999999,12.0,61489434.85,3944320.33,12.0
7102011,2024,year,77865270.67,15540923.27,60597035.24999999,50580681.52,12.0,84857885.94,15976376.61,12.0
7102011,2025,year,102282981.78,28068982.83,71631649.63,58773804.59,12.0,102238975.21,17619115.060000002,12.0
7102013,2021,year,270463414.00999993,108080837.09,157047619.14,94710480.54,12.0,,,
7102013,2022,year,261028300.49000007,82314524.97,170926753.79000002,105248171.21,12.0,,,
7102013,2023,year,289485726.12,70532560.06,193779473.85999998,112146900.16,12.0,331060550.0500001,40188376.65,12.0
7102013,2024,year,332532692.12000006,88066071.24,230824297.88,132272240.55,12.0,340938910.34000003,26506660.94,12.0
7102013,2025,year,373451229.25,89712975.03999999,262588029.56000003,152503356.83,12.0,381516165.12,21770333.270000003,12.0
7102015,2021,year,131370870.02000001,48556061.66,81156711.83000001,43619320.349999994,12.0,,,
7102015,2022,year,133806791.00000003,42881154.39,88469838.15,52095177.989999995,12.0,,,
7102015,2023,year,155672652.01000002,44430984.82,102579366.15,58445332.26000001,12.0,161865437.91,17110878.98,12.0
7102015,2024,year,179433543.58,53030241.0,119772274.89000002,67931588.10000001,12.0,179292349.28,10990814.41,12.0
7102015,2025,year,200058013.52000004,49943884.620000005,141862691.19,78992639.37,12.0,195463179.47000003,11894124.91,12.0
7102017,2021,year,35249868.54,11554202.75,23652727.06,9771181.330000002,12.0,,,
7102017,2022,year,33403729.689999998,8650451.65,24476642.629999995,9354439.05,12.0,,,
7102017,2023,year,44404689.25,14289411.45,28939265.03,11363491.02,12.0,42806922.84,3776685.0,12.0
7102017,2024,year,49469365.17,12688901.96,34915537.48,13438353.27,12.0,47669210.28,2106202.11,12.0
7102017,2025,year,55714138.68000001,15551087.56,39592230.55,15665619.91,12.0,56984036.91,6099172.67,12.0
7102019,2021,year,159608134.72,84996288.09,71762963.10000001,41694354.830000006,12.0,,,
7102019,2022,year,125207756.19,47998947.57000001,71903257.08000001,42638610.25,12.0,,,
7102019,2023,year,152372321.65,60716688.32,84724864.67999999,47601644.5,12.0,173225487.07,18129380.74,12.0
7102019,2024,year,160041220.64,53836125.29000001,99344428.65,55646040.97,12.0,165430991.27999997,8711839.86,12.0
7102019,2025,year,188127788.47000003,63355045.99,113180328.17,61706686.91,12.0,179874592.50000003,7564279.95,12.0
7102021,2021,year,33973153.010000005,15347233.47,18479675.64,10078790.08,12.0,,,
7102021,2022,year,28226804.47,11640863.92,16560980.06,8214851.790000001,12.0,,,
7102021,2023,year,38730366.510000005,19129452.59,19530962.01,9158266.24,12.0,36645808.97,4831087.07,12.0
7102021,2024,year,44052665.57,16495169.27,25492060.74,14470347.14,12.0,39819571.22,1698130.9800000002,12.0
7102021,2025,year,47930974.38,20804813.200000003,24052613.52,11212871.6,12.0,46607210.41999999,4394354.68,12.0
7102023,2021,year,45718831.11,15778754.14,29557221.85,15235688.069999998,12.0,,,
7102023,2022,year,45034015.98999999,13057268.4,31338606.24000001,16868617.930000003,12.0,,,
7102023,2023,year,56699912.03,17788980.31,35412265.34,18514663.69,12.0,56562458.81999999,4666849.27,12.0
7102023,2024,year,61158447.02,14705820.02,44316269.56,24341443.86,12.0,62204236.12999999,4301384.07,12.0
7102023,2025,year,73035553.85000001,17557446.12,53578784.71,31109765.540000003,12.0,74773824.99,8547426.69,12.0
7102025,2021,year,54045243.16,17779252.66,35801753.02,20363992.07,12.0,,,
7102025,2022,year,54179135.33,16488985.99,37183928.400000006,21697716.88,12.0,,,
7102025,2023,year,67262604.72999999,25174093.57,40819922.68,23942585.76,12.0,73305685.71999998,7326433.100000001,12.0
7102025,2024,year,77278713.41999999,24456097.49,51086031.81,31607901.82,12.0,78633398.41999999,9560598.95,12.0
7102025,2025,year,84384401.16000001,23846124.71,58713879.1,38151116.01,12.0,82950628.38999999,13294130.55,12.0
7102027,2021,year,68359979.86,22195749.48,45792522.64,28584520.09,12.0,,,
7102027,2022,year,72701931.23,17571571.73,50676179.72,32702950.73,12.0,,,
7102027,2023,year,96383724.75,25608634.48,61323551.650000006,42918410.18999999,12.0,95979569.68,24485105.94,12.0
7102027,2024,year,102918143.66,23117072.94,73140019.00000001,52106732.02,12.0,97939538.39999998,15297215.32,12.0
7102027,2025,year,110420850.41999996,27173252.63,78959605.88,55897470.68,12.0,112249167.2,25482956.13,12.0
7102029,2021,year,313940055.45000005,104652872.39,199754302.89,103456655.16,12.0,,,
7102029,2022,year,309876960.00000006,89755015.41000001,200953691.68,106556603.25000003,12.0,,,
7102029,2023,year,383445823.73,120868175.06,238843275.26000008,113058047.25,12.0,376347156.62,43539259.82,12.0
7102029,2024,year,425302732.1199999,100010289.63,295732500.15,148258907.29000002,12.0,410710232.71,39824497.53,12.0
7102029,2025,year,488964940.99000007,129995001.73,340982607.88,162133775.04,12.0,492494953.08,66103221.71,12.0
7102031,2021,year,34782212.21,14375341.64,20139214.07,11895965.739999998,12.0,,,
7102031,2022,year,37468603.27,13337139.31,21106085.14,12484038.51,12.0,,,
7102031,2023,year,45309741.91,20917548.1,23607780.09,14155698.35,12.0,43979891.79000001,9835288.78,12.0
7102031,2024,year,43179177.62999999,15405365.9,26874435.99,16181924.77,12.0,44332943.49,9633382.01,12.0
7102031,2025,year,49791955.17,16884274.700000003,31012555.57,18523026.46,12.0,46472384.86,5745261.779999999,12.0
7102033,2021,year,360693602.7900001,108516700.81,246893415.97,155000061.86,12.0,,,
7102033,2022,year,319747015.0799999,95818949.22,214233242.81,122590866.18,12.0,,,
7102033,2023,year,430483048.71,175865186.68999997,240856714.40000004,124893622.32,12.0,417163636.87,70466540.99000001,12.0
7102033,2024,year,473461161.7699999,135532244.59,323576950.26,175967131.96,12.0,439183532.29,49611298.7,12.0
7102033,2025,year,509144777.08,121728198.85,371754235.88,208811496.37,12.0,538031287.02,61245496.49,12.0
7104001,2021,year,36994332.27,12854594.36,23278036.65,9825744.25,12.0,,,
7104001,2022,year,35588881.89,10268556.03,24326199.35,10401548.57,12.0,,,
7104001,2023,year,43935319.62,14253325.05,28360951.94,12310429.13,12.0,39328396.06999999,900338.71,12.0
7104001,2024,year,45604673.85,10867289.8,33202642.29,15649386.46,12.0,47744529.190000005,3622861.15,12.0
7104001,2025,year,56699305.36000001,14872449.14,40115806.0,17990183.540000003,12.0,57077224.99,5772464.82,12.0
7104003,2021,year,46821555.83,18383710.220000003,27465629.56,16098827.5,12.0,,,
7104003,2022,year,49690783.08,15517009.81,32468329.43,18949932.41,12.0,,,
7104003,2023,year,58438899.53,18963525.57,36723472.580000006,20490192.78,12.0,66374864.220000006,7402213.99,12.0
7104003,2024,year,56036724.63,15407942.31,37796586.31999999,20840801.79,12.0,64154271.3,4453817.24,12.0
7104003,2025,year,66935278.64,18795273.2,45912184.61,25544964.35,12.0,66314947.260000005,1131570.0,12.0
7104005,2021,year,86133907.55000001,30197502.34,55070348.73,29954164.85,12.0,,,
7104005,2022,year,89303301.11000001,24992726.12,62635113.400000006,33691842.660000004,12.0,,,
7104005,2023,year,101571043.34,28235599.54,70707125.19,36824093.690000005,12.0,114114383.74,16388771.87,12.0
7104005,2024,year,119622152.95,32091627.93,84384034.75000001,49070583.32,12.0,120799546.0,5543645.69,12.0
7104005,2025,year,139416716.92999998,36080523.81,100996522.7,56028251.53000001,12.0,142659874.24,5386061.78,12.0
7104007,2021,year,145586032.12,50339839.3,92895330.85,49786227.230000004,12.0,,,
7104007,2022,year,147156589.07000002,44569645.97,101358230.36999999,53190850.7,12.0,,,
7104007,2023,year,178486910.4,61476593.09,113539955.94,56850357.84,12.0,176021501.43,14867272.4,12.0
7104007,2024,year,194727104.17,60392840.21,131069441.03000002,63570491.84,12.0,197599918.83,16093765.89,12.0
7104007,2025,year,228899003.9,69848102.34,145964618.95999998,72716630.76000002,12.0,220420790.11,21463170.04,12.0
7104009,2021,year,380858614.32000005,152588970.65,220255422.80999994,126752255.10000001,12.0,,,
7104009,2022,year,311975234.66,83663822.29,220371000.86,136160692.08,12.0,,,
7104009,2023,year,423277317.5,131175179.43,278529253.75000006,159648679.45999998,12.0,535007532.19,99298308.68,12.0
7104009,2024,year,523537646.22,136892172.15,337798117.04,187780734.39,12.0,514886363.8,90701926.44,12.0
7104009,2025,year,536159173.61,126652744.52,402600605.92,223331497.16,12.0,539873266.57,63792406.0,12.0
7104011,2021,year,40622303.08,11639190.97,28453494.950000003,15416072.05,12.0,,,
7104011,2022,year,41096757.16,9612469.72,30924576.9,17009769.060000002,12.0,,,
7104011,2023,year,48454721.89000001,11988538.59,35841992.2,17986101.000000007,12.0,51100547.09,2568354.94,12.0
7104011,2024,year,56430662.24,10708980.25,44746767.720000006,26395000.27,12.0,53382511.37,3753049.47,12.0
7104011,2025,year,66737172.53999999,14897878.58,50978337.63,29615023.71,12.0,71898770.53,7409490.529999999,12.0
7104013,2021,year,167695533.07,61076731.31,104196374.85999998,63479587.88,12.0,,,
7104013,2022,year,161936417.13,51899482.830000006,108108398.01,62527657.81,12.0,,,
7104013,2023,year,209614118.42,79862796.65,124853324.54999998,71091660.91,12.0,211593829.08,24442873.720000003,12.0
7104013,2024,year,224549995.17,67021389.18,151346702.51,86716497.03,12.0,223240675.25000003,23279289.4,12.0
7104013,2025,year,286420292.13,87094503.00999999,193463645.80999997,119663327.95,12.0,298193738.71,46635182.49,12.0
7104015,2021,year,118967745.9,38236835.89,79959724.52000001,45844109.510000005,12.0,,,
7104015,2022,year,106742104.92,31284318.71,74592903.57000001,42252836.2,12.0,,,
7104015,2023,year,137512844.95,44858094.71,91041330.91999999,49112131.14999999,12.0,133105771.37,8462285.690000001,12.0
7104015,2024,year,149092031.83,43640504.66,104203228.93,53773782.24000001,12.0,148154164.17000002,18768542.19,12.0
7104015,2025,year,166018554.66000003,46490486.510000005,116941250.46,54438768.28,12.0,159479789.76999998,10543111.31,12.0
7104017,2021,year,68289907.07,28470158.94,39334595.13,19132387.61,12.0,,,
7104017,2022,year,68773042.25,24038992.2,43994270.20999999,18335633.57,12.0,,,
7104017,2023,year,86872457.45,29801769.73,52988365.92,21231995.740000002,12.0,80184600.64999999,9225162.54,12.0
7104017,2024,year,92073616.91,24698181.23,66147248.45,26265838.29,12.0,98144041.52000004,20287545.09,12.0
7104017,2025,year,106186698.52,27597130.040000003,77617893.55,29312310.33,12.0,112190184.34,18120718.52,12.0
7104019,2021,year,232077290.67999998,75765099.51,146439641.0,77389936.38000001,12.0,,,
7104019,2022,year,232988365.56,60447428.97,163659699.55,84975067.16,12.0,,,
7104019,2023,year,258180069.63,65030830.46,186055548.24000004,96211191.89000002,12.0,302409170.33,31544149.14,12.0
7104019,2024,year,317148039.68999994,77006629.72,229621795.74,120152540.2,12.0,313691941.73,27992732.35,12.0
7104019,2025,year,372808571.09,88245976.13000001,273902885.45,154321234.5,12.0,369100954.84,43820798.38,12.0
7104021,2021,year,112202544.09000002,45456493.82,65758180.40999999,28702292.83,12.0,,,
7104021,2022,year,111231476.35,40167889.25,69747430.27,31661594.93,12.0,,,
7104021,2023,year,144832638.86,56576747.62,86559157.61000001,37352807.43,12.0,143164153.24,10598556.35,12.0
7104021,2024,year,151417522.58,44508525.46,104241232.17999998,48355302.18999999,12.0,155255337.42,13459913.010000002,12.0
7104021,2025,year,179398668.89,54824088.69,121713491.34,54219862.03,12.0,182720389.02,6333615.36,12.0
7106001,2021,year,62134401.36,19714617.56,42058776.03,22427407.47,12.0,,,
7106001,2022,year,62895742.17999999,18197817.86,43770428.78,22593573.15,12.0,,,
7106001,2023,year,78719116.16,26441359.86,51763621.22999996,26612069.20999998,12.0,142129244.69,37688430.96,12.0
7106001,2024,year,83637707.28,21072320.47,61947007.81000001,33227799.36,12.0,99367988.59,25210969.77,12.0
7106001,2025,year,95056299.2,23356276.48,70701524.02999999,41043237.620000005,12.0,125023409.73,30581513.58,12.0
7106003,2021,year,76363936.16999999,16235374.79,29829835.96,13893843.56,12.0,,,
7106003,2022,year,45392625.39,13791619.9,31269348.379999995,15514925.71,12.0,,,
7106003,2023,year,56866372.50999999,19739694.74,36628132.08,17656471.939999998,12.0,55885515.000000015,14444168.05,12.0
7106003,2024,year,57758507.63,15916260.67,41117724.56,22197314.75,12.0,50255243.81,4455471.6,12.0
7106003,2025,year,68305330.14999999,19751109.74,47624148.73,25798010.17,12.0,72327376.84000002,11381198.68,12.0
7106005,2021,year,51589428.99000001,18830554.89,31418946.16,16810838.31,12.0,,,
7106005,2022,year,48523226.06,15465228.21,32424690.95,17446103.27,12.0,,,
7106005,2023,year,67239734.14,26981375.78,38277998.650000006,20742745.39,12.0,64882659.56999999,6897653.340000001,12.0
7106005,2024,year,71541162.47,22450410.26,47724682.82,26537844.51,12.0,75282827.60000001,10877035.63,12.0
7106005,2025,year,85681025.92999999,24040128.470000003,56783965.94,31047355.95,12.0,84611024.31000002,11407963.22,12.0
7106007,2021,year,98283019.25,44182958.28,52446199.57,25601783.6,12.0,,,
7106007,2022,year,94614235.18,43827499.39,49981833.13,27906289.39,12.0,,,
7106007,2023,year,120889600.81,51255799.88,67252547.51000002,38218860.239999995,12.0,110022568.65,8393914.6,12.0
7106007,2024,year,141436120.07000002,47777394.53,87777562.03000002,44850487.32,12.0,140081246.11,19656596.67,12.0
7106007,2025,year,183190713.33000004,55681367.39,121520543.96,55303338.81,12.0,177230286.17999998,32904983.52,12.0
7106009,2021,year,364931978.72,110650525.32,197387651.75,104538464.36,12.0,,,
7106009,2022,year,294269935.35,89079794.29,199144052.13,108575279.8,12.0,,,
7106009,2023,year,372976097.94,122301156.7,236336453.81,125576942.44,12.0,354439386.54999995,45254737.91,12.0
7106009,2024,year,433050128.27,121178960.88,299459570.35,154440624.97,12.0,412664722.75,59695226.67,12.0
7106009,2025,year,477038452.53,132433706.22,334646267.77,174707258.33999997,12.0,509125550.65,100420799.12,12.0
7106011,2021,year,46245115.940000005,19476153.63,25669932.43,11935018.41,12.0,,,
7106011,2022,year,37515717.95000001,11975652.39,24947234.2,12504861.74,12.0,,,
7106011,2023,year,55173710.17,21504734.59,30169176.81,15005676.46,12.0,48934720.81,5262210.5,12.0
7106011,2024,year,54127186.46,16119434.7,36488008.89,17365018.19,12.0,53775723.17,5879198.81,12.0
7106011,2025,year,68286162.27000001,19453941.9,47676750.67,21439510.03,12.0,66663283.06000001,10800703.73,12.0
7106013,2021,year,104411210.74,34726156.980000004,67414444.23,24528407.72,12.0,,,
7106013,2022,year,96695566.96,33999934.34,60462721.13,27612695.66,12.0,,,
7106013,2023,year,139094992.51999998,46935368.3,88991502.52000001,31315455.2,12.0,141256721.73999998,32865026.14,12.0
7106013,2024,year,155019374.51999998,36050275.09,114220315.96,42839712.10000001,12.0,137941705.16,18530307.26,12.0
7106013,2025,year,192999549.48,56737757.70000001,133377600.6,43742560.15,12.0,190786595.15,46449586.28,12.0
7106015,2021,year,190084282.92000002,64079823.59,118582360.08000001,66760659.24,12.0,,,
7106015,2022,year,174620052.85999998,53063415.32000001,114357211.22999997,63513131.31,12.0,,,
7106015,2023,year,220203309.71,70091268.2,141360097.26000002,75119743.42,12.0,230518290.64,23931444.24,12.0
7106015,2024,year,265212385.17,77682574.49,175167552.42000002,93776759.92,12.0,254969242.67,25498182.09,12.0
7106015,2025,year,328220022.8,76659974.28,227352064.89,127180979.04000002,12.0,315804305.36,37887683.79,12.0
7106017,2021,year,274249897.96000004,132874914.99,136265212.11999997,78223692.14,12.0,,,
7106017,2022,year,271222728.15000004,127939555.54,137605337.14,77015279.97999999,12.0,,,
7106017,2023,year,361249260.57,173201654.10999998,171331936.52999997,89957421.41999999,12.0,352323221.17,29124837.15,12.0
7106017,2024,year,371606742.75000006,147914411.55,207009149.1,108600142.16,12.0,375228602.7900001,13094315.78,12.0
7106017,2025,year,461965363.71,192912690.73,250932525.96,133167221.03,12.0,457797302.73,32903372.09,12.0
7106019,2021,year,178559835.86999997,65963019.970000006,111221944.05,67248545.62,12.0,,,
7106019,2022,year,160133616.47000003,47865249.07000001,109514833.28,68106803.38,12.0,,,
7106019,2023,year,199128277.62,50753268.92,139801850.67,82485454.35000002,12.0,245785408.34999996,77526372.13,12.0
7106019,2024,year,249216834.93,67791894.50999999,174474282.95000005,101296325.48,12.0,248532458.84000003,47733374.63,12.0
7106019,2025,year,336642093.98,79940632.39999999,207128007.64,123555308.26,12.0,306675480.22,58801458.74,12.0
7106021,2021,year,1061902161.14,458219300.62,524984637.18,302841473.32,12.0,,,
7106021,2022,year,768505314.2,156179297.07,551808548.1800001,314850658.72,12.0,,,
7106021,2023,year,988765241.38,187482459.61,694692935.02,340614110.48,12.0,1304932589.82,417229119.39,12.0
7106021,2024,year,1159149453.7999997,276919305.75,793929939.09,408106169.67,12.0,1193422579.9500003,250599677.78000003,12.0
7106021,2025,year,1267202869.46,258321776.07,901571498.18,473019539.62,12.0,1242240281.16,163863494.51000002,12.0
7106023,2021,year,285151249.09999996,102749681.48,175565542.03000003,106474439.58,12.0,,,
7106023,2022,year,273221550.97999996,91359923.77,174326463.63000003,106374156.74,12.0,,,
7106023,2023,year,360440828.56,120775256.24,204171638.46000004,122082958.82999997,12.0,360503461.9,50861325.09,12.0
7106023,2024,year,384668594.04,106065217.06,259787818.35,147578135.0,12.0,364394839.81,24017093.4,12.0
7106023,2025,year,419024250.69,120971214.64,284874501.3600001,162709330.70999998,12.0,435121283.36,60717464.81,12.0
7108001,2021,year,91578855.24,37295368.98,52496927.539999984,36748758.48,12.0,,,
7108001,2022,year,79711179.53999999,26098755.58,52500847.69,36881410.2,12.0,,,
7108001,2023,year,90613223.95,38722461.58,49653392.83,33276786.270000003,12.0,94487483.33,13235025.54,12.0
7108001,2024,year,100154573.65,33406376.9,62799903.15000001,36913581.71,12.0,95359112.84999998,7220755.689999999,12.0
7108001,2025,year,108895666.31000002,33877914.1,71619566.15,42205064.720000006,12.0,104033193.18,6244280.5600000005,12.0
7108003,2021,year,41282251.22,21934342.67,18079030.51,9393120.57,12.0,,,
7108003,2022,year,36680247.69,19093585.96,17355465.37,9827363.38,12.0,,,
7108003,2023,year,50965931.49,26775707.62,21625075.56,11441531.65,12.0,42179151.68,1878235.3,12.0
7108003,2024,year,49747193.06,24034479.85,24577201.4,13171469.81,12.0,55308692.89,8819163.28,12.0
7108003,2025,year,56060496.59000001,27347625.31,28213934.29,15183541.02,12.0,55529367.09,2818403.74,12.0
7108005,2021,year,72317076.1,33538380.11,36963013.440000005,20002652.82,12.0,,,
7108005,2022,year,76163206.46,35180289.94,38871507.58,22672966.23,12.0,,,
7108005,2023,year,81827590.89,33154625.35,46035873.00999999,25782852.259999998,12.0,95646096.52,15640072.87,12.0
7108005,2024,year,93832523.23999998,36455067.37,54682776.95,28059870.130000003,12.0,99144090.68,7887585.710000001,12.0
7108005,2025,year,107670329.75,39426111.41,66047045.79,37357042.97,12.0,110196480.4,5961278.9,12.0
7108007,2021,year,57481093.49999999,18387040.160000004,34790470.9,17621151.74,12.0,,,
7108007,2022,year,52155251.760000005,14515393.75,35809509.080000006,17763613.06,12.0,,,
7108007,2023,year,67007431.43000001,24098047.57,40312885.17,18243944.63,12.0,66377386.8,8249839.109999999,12.0
7108007,2024,year,75918273.54999998,22812934.14,50854284.57000001,21002553.76,12.0,77924342.92999999,8267868.15,12.0
7108007,2025,year,95033522.02,23788517.51,67677929.42,24366505.31,12.0,95664597.98,10099197.69,12.0
7108009,2021,year,56098926.03,16295281.2,38050504.080000006,20632087.96,12.0,,,
7108009,2022,year,62030007.31,15499106.46,44655832.81,25895521.42,12.0,,,
7108009,2023,year,72830157.8,14999974.27,54298273.690000005,32052858.75,12.0,67555012.08,6170051.659999999,12.0
7108009,2024,year,87569275.64,17530717.91,65492440.64,37710774.0,12.0,91920703.91000004,16070200.83,12.0
7108009,2025,year,96062586.47,18293736.94,71293914.3,43083645.31,12.0,99580620.89,11924720.14,12.0
7108011,2021,year,197686902.79,79811050.66,110432945.63,62656066.38999999,12.0,,,
7108011,2022,year,172859828.39,63943990.31,104611623.22,63942875.489999995,12.0,,,
7108011,2023,year,224462421.75,87002708.78,125638028.99000001,72085397.99,12.0,224586256.61,23992918.98,12.0
7108011,2024,year,254457675.41,91174912.17,155686541.17999998,88028798.26000002,12.0,257020100.96,23290579.56,12.0
7108011,2025,year,303224051.84,93775739.81,187668640.51,104926636.69,12.0,308762651.49,26661191.9,12.0
7108013,2021,year,184419693.69000003,63558094.34,113727937.06000002,61182850.650000006,12.0,,,
7108013,2022,year,181268008.01,54034825.29000001,115605298.58,62259458.769999996,12.0,,,
7108013,2023,year,215543077.78999996,68455093.61,129951520.94000001,62909589.22000001,12.0,292648555.15,55075760.95,12.0
7108013,2024,year,238522010.84,76053538.92,151157831.46999994,72524911.18,12.0,246292926.94,30943929.42,12.0
7108013,2025,year,261089201.01,78387881.05,171511134.22000003,81884520.49,12.0,259612240.87,15736771.7,12.0
7108015,2021,year,309047848.70000005,83238587.52,222053681.14,149113728.92999998,12.0,,,
7108015,2022,year,271458723.83,60421098.98,204622126.59000003,134576996.48,12.0,,,
7108015,2023,year,351236110.33,80988216.31,261152896.90000004,168760789.78,12.0,328002240.52000004,14294369.12,12.0
7108015,2024,year,413039976.32000005,92643842.87999998,309670520.82,192986084.25,12.0,456224359.2600001,36386754.53,12.0
7108015,2025,year,487182631.09,103952183.38,367260741.8899999,230217917.62,12.0,486566030.81,31085021.38,12.0
7108017,2021,year,218624920.23999998,79168962.51,131060089.94,82201399.73,12.0,,,
7108017,2022,year,182736185.46,50313241.45,130930320.52000001,83108561.09,12.0,,,
7108017,2023,year,237337468.5299999,59562517.33,170430466.00999993,109884186.13000005,12.0,472069245.22,193458084.64,12.0
7108017,2024,year,264482112.53,53538472.120000005,205826826.21,124966040.45,12.0,386026362.25,99412780.41,12.0
7108017,2025,year,289750225.21000004,55974616.440000005,227196503.65,134433266.63000005,12.0,345817064.65,49921011.13,12.0
7108019,2021,year,71161073.65,35484998.18,34131341.04,19839451.11,12.0,,,
7108019,2022,year,70419351.96,36696521.52,33328084.64999999,19038263.709999997,12.0,,,
7108019,2023,year,77173399.49,38393733.84,37038903.550000004,20702057.75,12.0,90206055.35,11590826.83,12.0
7108019,2024,year,84438477.28,37805810.72,43633884.900000006,24300473.58,12.0,87962665.67000002,4562049.63,12.0
7108019,2025,year,95649675.09000002,39552822.52,53490591.82,29375254.82,12.0,95830187.71,3357940.01,12.0
7108021,2021,year,39957782.68,14491587.6,24888427.32,13641300.17,12.0,,,
7108021,2022,year,40318529.67999999,11541486.03,26727318.05,15210792.869999995,12.0,,,
7108021,2023,year,53490343.82000001,17386556.76,30525284.219999995,16935055.36,12.0,53037180.46,4463578.2,12.0
7108021,2024,year,52827256.48,15134533.67,36658047.6,20401044.75,12.0,50185282.84,1383063.0,12.0
7108021,2025,year,59690737.14000001,17175777.78,40946576.35000001,23232302.83,12.0,59871254.900000006,4298324.29,12.0
7108023,2021,year,32263783.62,15774237.4,16368928.85,6873017.300000001,12.0,,,
7108023,2022,year,31672401.260000005,14862204.86,16638345.949999996,7553470.69,12.0,,,
7108023,2023,year,41005765.7,21773078.32,18592054.67,8665305.85,12.0,41073936.11,3519467.0,12.0
7108023,2024,year,36499647.71,16385151.579999998,19831576.39,9508590.39,12.0,37491915.54,145082.12,12.0
7108023,2025,year,43656711.44,18558398.53,24288131.630000003,10992832.39,12.0,41587586.36,1828585.05,12.0
7108025,2021,year,68058351.63000001,29633845.77,37642634.77,23408288.73,12.0,,,
7108025,2022,year,63207510.36,21785464.66,37741361.08,23885567.35,12.0,,,
7108025,2023,year,72223926.33,24801073.58,44186215.26,28094662.950000003,12.0,67714421.91000001,3652159.02,12.0
7108025,2024,year,81875151.29,27630112.96,51370826.64,29464415.62,12.0,75379936.25,4462658.45,12.0
7108025,2025,year,94174084.89,24798425.25,61895062.66,37021859.5,12.0,97923485.7,14007264.15,12.0
7108027,2021,year,49532014.84,22128296.07,26057302.62,12057785.98,12.0,,,
7108027,2022,year,48955039.19999999,21345482.67,26707832.580000002,12117816.350000001,12.0,,,
7108027,2023,year,58209336.21000001,26869400.66,29015549.090000004,11875049.79,12.0,67551246.72,3234914.65,12.0
7108027,2024,year,64733927.63,28488197.700000003,33710495.65,14038615.17,12.0,69113096.83,6849245.85,12.0
7108027,2025,year,75688965.41000001,29539824.41,41898136.87,17546077.35,12.0,73642102.49,1016387.24,12.0
7108029,2021,year,119773582.36,64068090.25,53850837.93000001,26181237.3,12.0,,,
7108029,2022,year,124492752.32,64509386.32000001,59131200.080000006,31995827.16,12.0,,,
7108029,2023,year,148128107.1,71049797.83,68779001.27000001,34105582.57,12.0,158274891.35999998,28384887.76,12.0
7108029,2024,year,147631093.98000002,61336002.23,81816229.61,44244247.98,12.0,155624771.78,11580953.009999998,12.0
7108029,2025,year,162787138.09999996,71424908.15,87274687.67999999,45302315.2,12.0,162481974.99,4082357.1,12.0
7108031,2021,year,43873814.99999999,15777545.63,27664199.680000003,13686983.39,12.0,,,
7108031,2022,year,46428831.51,14848695.49,29591783.4,13864997.319999998,12.0,,,
7108031,2023,year,65194016.36999999,27684257.0,36240451.82999999,18082327.66,12.0,54083743.56999999,2709961.85,12.0
7108031,2024,year,64684126.95,21463714.32,42090390.35,22472416.91,12.0,68592413.95,7422029.39,12.0
7108031,2025,year,80805427.17999998,29691049.62,50309369.98,28139563.46,12.0,82846952.31999998,11273156.7,12.0
7108033,2021,year,73723002.16,31296057.55,40726744.56,23369853.64,12.0,,,
7108033,2022,year,71957959.78999999,32423999.33,38701941.99000001,23257476.88,12.0,,,
7108033,2023,year,93793482.28,41201291.41,46326515.999999985,26040604.68,12.0,91296386.37999998,10191883.55,12.0
7108033,2024,year,94419014.43999998,32800953.18,59394702.14000001,35338004.17,12.0,98175105.47,2360847.62,12.0
7108033,2025,year,103445220.08,38833405.94,62946758.24,37260993.95999999,12.0,106933813.72,1764134.02,12.0
7108035,2021,year,127011331.36,49650772.71,74358201.61,33596194.08,12.0,,,
7108035,2022,year,125597330.79,49294333.48,71707647.77,37035645.33,12.0,,,
7108035,2023,year,144019701.32,42066697.0,97226737.46999998,37250490.19,12.0,252870265.46,101001713.2,12.0
7108035,2024,year,191698588.28,59271889.68,127096514.69,47161960.87999999,12.0,191261418.0,23823513.69,12.0
7108035,2025,year,239134957.4,66601432.72,164278077.09,55173916.64,12.0,236762321.05,50750516.2,12.0
7108037,2021,year,37510377.99,13908484.0,22723047.33,13159550.37,12.0,,,
7108037,2022,year,43341769.95,17729917.31,24675210.15,14157646.89,12.0,,,
7108037,2023,year,52414626.03,21010779.09,30572577.32,18537781.77,12.0,50885424.26,5822572.99,12.0
7108037,2024,year,51245706.91,17258874.51,32947005.51,19013696.55,12.0,40079663.19,389573.59,12.0
7108037,2025,year,64658963.17000001,23048512.96,40337712.15,24832674.750000004,12.0,66324606.36,16336203.53,12.0
7108039,2021,year,590061995.41,211362119.25,342972662.4,199744637.24,12.0,,,
7108039,2022,year,476149142.86,139929810.84,320487812.53999996,206836423.73,12.0,,,
7108039,2023,year,544141826.5100001,128045379.88,392836715.15,238083504.54,12.0,783196861.63,211981899.19,12.0
7108039,2024,year,782248043.5899999,255914457.18,502009915.92,298051735.16,12.0,774584206.49,140196273.76999998,12.0
7108039,2025,year,847905102.7199999,217685822.76,595562105.8799999,355269014.3,12.0,829140136.92,130238057.84,12.0
7108041,2021,year,160806053.39,30418985.92,121085192.95999998,97083529.5,12.0,,,
7108041,2022,year,183562188.4,23856151.66,152770450.29000002,135153151.35000002,12.0,,,
7108041,2023,year,220470394.67,25195260.7,190357962.87000003,168363351.17000002,12.0,254430592.16,72641560.06,12.0
7108041,2024,year,268144616.88,28002137.79,234992080.25,204259714.79,12.0,278591265.77000004,146243903.26,12.0
7108041,2025,year,331575215.99,28792326.93,288049779.36,241534530.99,12.0,335234228.84,101680376.51,12.0
7108043,2021,year,64910492.98,22658696.91,40217770.019999996,25321620.59,12.0,,,
7108043,2022,year,68184954.34,21216184.28,45446445.66,30917919.78999999,12.0,,,
7108043,2023,year,72624749.70999998,21540474.3,49910964.349999994,31403499.449999988,12.0,148004837.08,39589152.58,12.0
7108043,2024,year,82105657.43,22160490.3,58675487.650000006,36104274.690000005,12.0,113306410.33,27569357.93,12.0
7108043,2025,year,89581784.33000001,21646946.74,66867098.52,41862467.42,12.0,103374267.8,4256941.61,12.0
7108045,2021,year,39571258.89000001,17267724.310000002,21545568.01,12507912.739999998,12.0,,,
7108045,2022,year,39280221.51,15522441.93,22888410.92,14561732.73,12.0,,,
7108045,2023,year,52034246.67,22485479.09,28468579.070000004,18062591.889999997,12.0,64745272.66,13617705.75,12.0
7108045,2024,year,53885369.71,20046027.44,32113947.8,16514299.78,12.0,54504483.01999999,4155586.21,12.0
7108045,2025,year,62469191.82,27452107.08,34133504.44,18300397.97,12.0,69376855.12,8144765.84,12.0
7108047,2021,year,157027586.14,60142459.78,92085729.18,50571756.4,12.0,,,
7108047,2022,year,150442176.51,49073733.85,96653108.28999998,54695363.51,12.0,,,
7108047,2023,year,179703388.17000002,60222601.96,114382502.36,62292230.22,12.0,175911321.41000003,30842634.07,12.0
7108047,2024,year,212629878.35,59977188.85,144974348.96,74826189.28,12.0,209144283.23,20580455.81,12.0
7108047,2025,year,240260299.6,62698579.93,167552506.33000004,84025326.21,12.0,251464494.54,22563708.14,12.0
7108049,2021,year,3185104302.360001,703525404.8500001,2374014033.4700007,1409649303.86,12.0,,,
7108049,2022,year,3207393741.299999,493386855.02,2593119898.32,1490491115.19,12.0,,,
7108049,2023,year,4027546055.1100006,705681448.45,3049957123.83,1707666204.3799999,12.0,5025230061.02,1332253997.17,12.0
7108049,2024,year,4819476750.179999,966869801.24,3640277056.33,2077364632.67,12.0,4712566610.969999,1176943418.5700002,12.0
7108049,2025,year,5282425733.559999,833849942.1999999,4241041628.68,2426236569.51,12.0,5273343885.2300005,1068006531.1,12.0
7108051,2021,year,192927430.8,79540688.73,106282028.31,57674458.57,12.0,,,
7108051,2022,year,194132411.45,65460761.17,113870684.19,63863301.42999999,12.0,,,
7108051,2023,year,216158060.53,78487022.37,125881176.84,69632339.4,12.0,271880581.34000003,30540409.0,12.0
7108051,2024,year,244102331.4700001,75017019.51,154423726.51999998,86319842.77,12.0,245357069.18000004,17291242.16,12.0
7108051,2025,year,284576480.16,88421218.58,178706502.64,96059005.98,12.0,285550808.67,19374978.93,12.0
7302001,2021,year,64726673.35,52838370.74,10433985.07,6226791.499999999,12.0,,,
7302001,2022,year,58605982.52,44745314.53,11783529.580000002,7407671.779999999,12.0,,,
7302001,2023,year,66447620.97,49771700.0,13964551.7,8253840.939999999,12.0,64085441.530000016,1203199.27,12.0
7302001,2024,year,73654777.51,51196275.0,18297367.72,10524628.92,12.0,74953740.19000001,3211171.29,12.0
7302001,2025,year,82996486.34,56733595.78,22072146.98,11771569.329999998,12.0,82765111.33,3071490.34,12.0
7302003,2021,year,164421775.86,104649485.0,55223259.739999995,28807271.159999996,12.0,,,
7302003,2022,year,159476216.42,99481547.64,56838938.84000001,32394303.64,12.0,,,
7302003,2023,year,186022020.33,113693751.0,64449720.21000001,34815901.91,12.0,220222614.81000003,34147703.480000004,12.0
7302003,2024,year,218203389.52,131479329.54,78469879.39,36441660.9,12.0,221823236.91,21893304.71,12.0
7302003,2025,year,242690739.71000004,140202563.42999998,96647695.49,44682250.120000005,12.0,243755593.42,17550655.4,12.0
7302005,2021,year,68863275.87,51649069.06,16530115.749999998,10604319.69,12.0,,,
7302005,2022,year,65893109.19,47574352.11,17883459.87,11632241.65,12.0,,,
7302005,2023,year,73914874.95,52067507.0,21274789.950000003,12321142.87,12.0,70580117.60000001,2962152.79,12.0
7302005,2024,year,80056728.48,51980211.48,27579384.62,15047648.920000002,12.0,80986273.73,776659.0,12.0
7302005,2025,year,92928487.24000002,57833299.92,29641475.75,17211762.8,12.0,95221619.06,7571438.9,12.0
7302007,2021,year,99944587.52,73917277.0,23567356.0,14072910.38,12.0,,,
7302007,2022,year,94544545.94,64386338.35,26994128.029999997,16944004.89,12.0,,,
7302007,2023,year,113492453.83,75545575.73,34511140.54,19616254.23,12.0,106852610.5,10613258.21,12.0
7302007,2024,year,117144898.4,71324520.98,43088182.48,23359278.980000004,12.0,121857350.07000002,9200794.33,12.0
7302007,2025,year,145903773.65,90278437.42,53239145.47,29016115.11,12.0,148404544.19,21944980.96,12.0
7302009,2021,year,172987923.29,100978995.33,65814772.31000001,38962798.1,12.0,,,
7302009,2022,year,186360233.45000002,88344768.73,70793875.22,44185705.050000004,12.0,,,
7302009,2023,year,210240103.05,97815381.38,85288332.14999999,49383341.739999995,12.0,228008974.6,34808093.14,12.0
7302009,2024,year,241975519.67,113124695.27,108265537.95000002,58758326.02,12.0,252842065.33,32968217.94,12.0
7302009,2025,year,269649596.72,114862527.94,120023472.92,66586826.900000006,12.0,271753431.25,34622017.92,12.0
7302011,2021,year,54933799.93000001,45696296.6,8584884.54,5018560.130000001,12.0,,,
7302011,2022,year,51197049.98,40796696.86,9464956.59,5678532.77,12.0,,,
7302011,2023,year,56894041.58,44758964.0,10808177.8,6466911.08,12.0,58892972.28,3826608.0,12.0
7302011,2024,year,57991659.81,43966335.89,12920181.72,7473702.25,12.0,59748867.65,1272452.67,12.0
7302011,2025,year,75345747.31000002,54610473.19,16105730.12,10042202.07,12.0,73647345.70999998,4921652.2,12.0
7302013,2021,year,117146554.95,79461615.00999999,35853222.57,24983589.419999998,12.0,,,
7302013,2022,year,116023017.67999998,76105898.28999999,38198882.20000001,26771257.190000005,12.0,,,
7302013,2023,year,126212342.21,80321681.0,42766226.35,29064207.42,12.0,130170595.33,7548600.609999999,12.0
7302013,2024,year,144136317.62999997,91178855.89,47519504.78,31769498.219999995,12.0,140848907.08999997,3960769.0,12.0
7302013,2025,year,160897651.03999996,106287018.37,51511011.25000001,33975944.28,12.0,161175090.29999998,6468516.46,12.0
7302015,2021,year,58012499.470000006,43343900.53,13638100.14,7151865.47,12.0,,,
7302015,2022,year,55903894.32000001,40357137.7,14725741.970000003,8660942.94,12.0,,,
7302015,2023,year,56458279.61,39236400.0,16149106.900000002,9034928.989999998,12.0,64077701.56999999,1210122.8,12.0
7302015,2024,year,74715744.26,54523929.07,18918909.3,10634460.29,12.0,73640470.61999999,3513861.22,12.0
7302015,2025,year,83825025.47000001,60613875.330000006,21886249.27,11808168.570000002,12.0,84116417.94999999,2533180.35,12.0
7302017,2021,year,54891892.91,42762219.42,11330546.7,6549212.8,12.0,,,
7302017,2022,year,56435170.23000001,41747600.0,11864423.900000002,7089119.71,12.0,,,
7302017,2023,year,59778263.6,44308900.0,13535406.22,7443690.279999999,12.0,58404147.47,476524.5,12.0
7302017,2024,year,75560161.33,49611593.2,17640532.880000003,8948717.37,12.0,72322657.41,4224875.2,12.0
7302017,2025,year,78166650.57,52893145.53,21701808.58,11941601.47,12.0,78986813.74000001,4489538.0,12.0
7304001,2021,year,34824521.839999996,26146194.0,7828138.429999999,4178106.960000001,12.0,,,
7304001,2022,year,34832049.81,24815880.0,9238234.36,4904795.72,12.0,,,
7304001,2023,year,40846663.4,28327500.0,11129415.2,5729814.63,12.0,38237645.23,1363408.79,12.0
7304001,2024,year,44941641.07999999,28528082.18,14886604.43,8253924.489999999,12.0,42771654.86000001,1105123.52,12.0
7304001,2025,year,49668320.06,31027944.76,17537711.470000003,9318039.96,12.0,49671824.74,1234938.95,12.0
7304003,2021,year,246305537.93,146212818.83,96343358.55,50116085.59,12.0,,,
7304003,2022,year,237961970.96,131926792.2,101132881.07000004,54595482.83999999,12.0,,,
7304003,2023,year,276438854.11,145027997.17,123697183.04,62266407.74999999,12.0,283853978.3600001,19681967.92,12.0
7304003,2024,year,306709334.99999994,152070298.73000002,149068396.20000002,76890786.85,12.0,304691163.73999995,13456832.26,12.0
7304003,2025,year,356235441.41,169265869.87,181397118.7,94189113.01,12.0,362292111.57,20281007.36,12.0
7304005,2021,year,112372345.14,83791207.33,26388957.63,14482195.46,12.0,,,
7304005,2022,year,113365731.46,79117092.81,30083741.76,17045428.43,12.0,,,
7304005,2023,year,128658804.24,90162069.0,34707185.22,18658931.13,12.0,122037665.63,12775082.22,12.0
7304005,2024,year,153884806.52,94964256.91,44560191.29,22063518.220000003,12.0,150203882.63,19916104.07,12.0
7304005,2025,year,159988138.26000002,104406187.32,50485156.95,24665674.79,12.0,161146438.41000003,7900824.08,12.0
7304007,2021,year,47376012.23000001,32854380.0,14220575.3,6159221.030000001,12.0,,,
7304007,2022,year,45388395.6,29241500.0,15427124.019999998,8060640.420000001,12.0,,,
7304007,2023,year,56057531.39000001,35077700.0,19260807.16,8484245.290000001,12.0,52957014.120000005,1703667.47,12.0
7304007,2024,year,57943055.970000006,33501076.71,23205816.9,9892680.59,12.0,60242058.19,1089850.0,12.0
7304007,2025,year,64261898.67,35867120.01,27535038.93,11438886.1,12.0,64973507.59,1209484.0,12.0
7304009,2021,year,87210724.73,51772930.8,29210954.27,16427887.019999998,12.0,,,
7304009,2022,year,103650092.83,46231320.0,31869042.750000004,19095692.47,12.0,,,
7304009,2023,year,94922838.89,50901760.0,37566970.74999999,22610969.470000003,12.0,107570881.59000002,15260303.810000002,12.0
7304009,2024,year,105194689.52,50543287.27,44538746.91,26672291.83,12.0,106659958.82,7374488.52,12.0
7304009,2025,year,108315297.60999995,56163785.28,47896206.79,29813378.36,12.0,111428398.87,4894939.07,12.0
7304011,2021,year,89350430.18999998,59141070.0,27720368.910000004,14280639.03,12.0,,,
7304011,2022,year,87598158.43,53665185.76,27758988.610000003,15198274.699999997,12.0,,,
7304011,2023,year,112764778.33,63357068.0,33191561.269999996,16470443.549999999,12.0,113291217.54000002,25023902.17,12.0
7304011,2024,year,121097587.33,64367997.85999999,45898900.36,23084150.0,12.0,114141211.1,11568806.35,12.0
7304011,2025,year,129083895.54000002,70900111.33000001,55924825.06,30257774.9,12.0,128711516.14999998,10117036.3,12.0
7304013,2021,year,105946710.62,38068176.43000001,62756594.03,42421361.019999996,12.0,,,
7304013,2022,year,95577086.35,23148697.66,65727796.81999999,46188318.28,12.0,,,
7304013,2023,year,138176499.48999998,54336465.0,78244278.36,51855861.239999995,12.0,175785043.39,41008827.54000001,12.0
7304013,2024,year,156881414.01000002,43984156.4,103810309.38,68037614.39,12.0,153014410.07,19333474.52,12.0
7304013,2025,year,228306296.69,58463861.370000005,119667379.06,77751326.99999999,12.0,208872962.05,53590583.81999999,12.0
7304015,2021,year,47980698.42,36664102.0,9778153.13,4770419.7,12.0,,,
7304015,2022,year,45042834.28000001,33341604.41,9900885.87,4770667.489999999,12.0,,,
7304015,2023,year,53465727.20999999,39407300.0,12286912.24,5581548.15,12.0,49641409.78,4125297.01,12.0
7304015,2024,year,52597314.29,37733869.23,13536187.03,6590924.16,12.0,53548920.17,2806977.0,12.0
7304015,2025,year,58083596.74,39376129.63,17757240.29,8074398.38,12.0,57612904.78,1799485.0,12.0
7304017,2021,year,303044913.15000004,172822742.31,121540984.39,76287958.57000001,12.0,,,
7304017,2022,year,316242069.90999997,153254501.54,132557373.65,82513116.66,12.0,,,
7304017,2023,year,355181927.02,161558583.91,163532977.58000004,94281839.78,12.0,367543530.2,43882876.59,12.0
7304017,2024,year,486449615.91,180074566.17000002,198113729.82,113846223.65,12.0,461978548.87000006,107673445.26,12.0
7304017,2025,year,539248151.02,229495750.14,253189867.85,135067299.33,12.0,508693004.93,104461910.4,12.0
7304019,2021,year,187023010.59,103563713.7,75044244.45,43959454.410000004,12.0,,,
7304019,2022,year,170041223.16,77025496.97,83778541.92999999,49021464.84,12.0,,,
7304019,2023,year,242823781.46,89254848.69,105416787.6,55453097.83,12.0,249993171.25,51475684.2,12.0
7304019,2024,year,244368332.69,93576150.7,125692016.74,63721221.53,12.0,244486882.12000003,24533004.21,12.0
7304019,2025,year,268052693.6,97036633.59,148057946.48999998,74210057.96,12.0,268994716.46,15598926.27,12.0
7306001,2021,year,52986522.09,34514422.02,17200599.349999998,8069218.78,12.0,,,
7306001,2022,year,52345763.84,34008142.79,17130794.01,8782932.29,12.0,,,
7306001,2023,year,62086124.45,36167300.0,24248060.65,10369284.68,12.0,60504920.95999999,3653959.59,12.0
7306001,2024,year,65909446.74,36241945.31,27908695.800000004,13111176.92,12.0,67984153.3,1465840.12,12.0
7306001,2025,year,74275595.5,40310181.09,32286510.980000008,15319945.37,12.0,76992236.18,784748.65,12.0
7306003,2021,year,91708105.47,62711737.7,25864709.44,12184501.709999999,12.0,,,
7306003,2022,year,92922118.74,60907444.37,30261675.67,13624680.97,12.0,,,
7306003,2023,year,119447858.15000005,73248747.0,35133398.949999996,16314662.08,12.0,104504323.53,10059204.9,12.0
7306003,2024,year,114743468.52,65071418.35,39978762.38999999,19694210.05,12.0,119627328.98999998,8456072.92,12.0
7306003,2025,year,124899110.59000002,72767501.62,48219352.53999999,23992264.65000001,12.0,124871503.26999998,3102101.83,12.0
7306005,2021,year,111956766.03,71076172.52000001,34650899.79,12812209.25,12.0,,,
7306005,2022,year,110254635.85,67918028.72,33345308.82,15805476.87,12.0,,,
7306005,2023,year,147050113.48000002,82356323.0,41323274.84,19546615.33,12.0,145581944.37,32314888.75,12.0
7306005,2024,year,154734656.35,86331213.0,57422083.09,29146016.53,12.0,152509849.67999998,20799133.32,12.0
7306005,2025,year,178699146.44999996,99433116.59,70087384.25999999,37328622.5,12.0,184338121.25,30374114.88,12.0
7306007,2021,year,64346257.56,47125029.03,16751023.82,8842901.28,12.0,,,
7306007,2022,year,64557674.39000001,39762220.67,20369318.380000003,11789535.38,12.0,,,
7306007,2023,year,81135646.23,46310900.0,27013931.510000005,13957496.079999998,12.0,116702461.57,45267837.83,12.0
7306007,2024,year,78034716.28999999,43525070.91,32501738.27,18064809.14,12.0,82136882.95,5060578.76,12.0
7306007,2025,year,90857463.93,47030896.69,41665520.65,22999740.88,12.0,88648338.76999998,4283449.25,12.0
7306009,2021,year,56749706.82000001,36007454.13,19349197.070000004,11461298.929999996,12.0,,,
7306009,2022,year,45835978.500000015,22138844.4,20329740.519999996,12179463.189999998,12.0,,,
7306009,2023,year,59588093.510000005,31206724.6,23603027.439999998,13075543.36,12.0,205208636.41000003,62962865.28,12.0
7306009,2024,year,99033820.82,58981048.27,29170970.56,15271420.53,12.0,131292722.16,56424174.8,12.0
7306009,2025,year,106743633.16,56735288.690000005,48457387.63999999,18212775.55,12.0,105184365.58,28217194.05,12.0
7306011,2021,year,50090671.739999995,33101414.01,15777271.74,6921467.180000001,12.0,,,
7306011,2022,year,44983962.33,28233400.0,15592859.13,7664241.76,12.0,,,
7306011,2023,year,66433076.43,34538900.0,26622471.57,8911085.54,12.0,58040763.67,9332881.45,12.0
7306011,2024,year,74797135.73,33758472.2,38443233.07,12352689.580000002,12.0,68497172.94,10078534.5,12.0
7306011,2025,year,93293031.37,42274506.04000001,47973701.16,14389445.95,12.0,80725756.05,12324446.68,12.0
7306013,2021,year,140993049.67000002,104147350.0,35817829.92,24725921.03,12.0,,,
7306013,2022,year,143082801.50000003,99156869.86,41465106.98,27915069.629999995,12.0,,,
7306013,2023,year,156607624.12,109581590.0,42963445.03,26606833.66,12.0,158858648.79,5484893.58,12.0
7306013,2024,year,171997754.01,116747184.17,47684381.37,32105358.430000003,12.0,178855128.07,6905778.92,12.0
7306013,2025,year,180398816.42,117426172.37,55544290.620000005,37302765.22,12.0,187814666.92,8032751.7,12.0
7306015,2021,year,181696568.82000002,105517331.56,70648460.42,44736400.35999999,12.0,,,
7306015,2022,year,174644457.01,84523165.66,81799404.29,52976074.489999995,12.0,,,
7306015,2023,year,195585521.73,86273375.64,98020162.45,61359884.370000005,12.0,204890701.41,11024970.13,12.0
7306015,2024,year,225099275.01,90782195.84,121480634.83,74726168.81,12.0,225898482.08,12921926.46,12.0
7306015,2025,year,248084451.13,92425156.23,144604280.14999998,89972794.02000001,12.0,250824993.06,10757112.03,12.0
7306017,2021,year,49107817.24,35691236.48,10658623.37,5213673.05,12.0,,,
7306017,2022,year,51056472.77,31957700.0,14255814.55,6367352.540000001,12.0,,,
7306017,2023,year,63445349.599999994,37034600.0,20360426.060000002,7554565.7,12.0,61676300.91,9513056.09,12.0
7306017,2024,year,58091296.71999999,35272314.67999999,19733142.51,9127942.2,12.0,60235128.650000006,2073920.03,12.0
7306017,2025,year,69207872.38,39644818.09,23766531.950000003,10626957.52,12.0,71941999.64,6334690.64,12.0
7306019,2021,year,68100563.12,34339367.0,31760711.8,18122682.82,12.0,,,
7306019,2022,year,70304494.7,33714861.86,33102323.239999995,18292864.92,12.0,,,
7306019,2023,year,95654257.91,54506562.18,37480341.83,19272913.340000004,12.0,86763550.28,4359962.19,12.0
7306019,2024,year,97556474.98,49335190.0,45707231.63000001,23148560.88,12.0,104289189.16,8824086.24,12.0
7306019,2025,year,105427049.54,48919751.17,53583363.92,27714675.3,12.0,108404199.48,1817710.99,12.0
7306021,2021,year,68872201.38,51391951.0,16427278.909999998,10513185.88,12.0,,,
7306021,2022,year,66651865.32000001,43247798.0,20898089.92,14024577.4,12.0,,,
7306021,2023,year,90277424.59,48870823.63,26083458.94,16186751.070000002,12.0,92411892.63,19005197.29,12.0
7306021,2024,year,88183025.16999999,49368770.49999999,32916096.380000003,22886879.54,12.0,87365682.96999998,7016542.48,12.0
7306021,2025,year,96276172.06,48677893.88,39844219.120000005,24846788.96,12.0,95414910.87,4389223.36,12.0
7306023,2021,year,77844536.57,60923823.45,15437133.060000002,9162261.190000001,12.0,,,
7306023,2022,year,75366560.91,57619200.0,15237602.11,9399982.059999999,12.0,,,
7306023,2023,year,89128023.14999999,64729003.0,19451338.23,12302724.639999999,12.0,86034438.22999999,5444072.05,12.0
7306023,2024,year,101286222.17000002,69131540.61,27261392.12,15678206.83,12.0,103792193.06,10588230.24,12.0
7306023,2025,year,113234437.52,76268289.2,33686966.56000001,18964352.29,12.0,117333424.7,13481412.31,12.0
7306025,2021,year,87058569.83999999,62587700.94,22426784.32,8041474.93,12.0,,,
7306025,2022,year,78757037.81999998,56081099.52,20910443.400000002,9315521.690000001,12.0,,,
7306025,2023,year,95342694.93999998,64316700.0,27674293.59,10374242.5,12.0,97837951.24,10344775.46,12.0
7306025,2024,year,101234522.98,63975883.84,33798096.96,12750391.22,12.0,101808699.8,9078520.54,12.0
7306025,2025,year,115326998.05,71809933.33,37450946.78000001,14428414.08,12.0,116746897.79999998,7750140.930000001,12.0
7306027,2021,year,37116233.04,26798996.43,7387913.239999999,3498151.66,12.0,,,
7306027,2022,year,30553286.830000002,22753300.0,7502545.900000002,3800521.099999999,12.0,,,
7306027,2023,year,39147154.69,26063500.0,7915346.52,4271998.04,12.0,37355555.64,2259091.43,12.0
7306027,2024,year,42153632.650000006,30400012.630000003,9603370.02,5224715.05,12.0,42398253.06,4481891.29,12.0
7306027,2025,year,43378723.51,30431196.94,10311730.21,5420076.920000001,12.0,44247017.06,1840371.67,12.0
7306029,2021,year,175004332.76999998,98485638.12,72789171.72,45174200.61,12.0,,,
7306029,2022,year,166544679.92000002,82177776.27,79603721.25999999,49470687.989999995,12.0,,,
7306029,2023,year,195298565.65,91213973.58,96243641.19,55665070.02,12.0,204143566.39,10347814.83,12.0
7306029,2024,year,214224825.03,92988202.33,114517803.32999998,64566579.78999999,12.0,213931122.15,9480480.41,12.0
7306029,2025,year,244056663.39,104648758.02,130711009.64000002,73234437.64999999,12.0,246834283.50000003,15293680.02,12.0
7306031,2021,year,30500318.08,20239801.2,9949929.170000002,5074917.01,12.0,,,
7306031,2022,year,25689251.81,16882091.0,8514494.64,4740274.069999999,12.0,,,
7306031,2023,year,33276532.81,22713748.0,9797193.060000002,5510194.72,12.0,30170462.69,297767.0,12.0
7306031,2024,year,33814991.77,20719201.26,12735528.95,6654913.13,12.0,32331407.21,152600.0,12.0
7306031,2025,year,47762273.82,22542722.53,15800669.87,8042437.34,12.0,45529348.26,4177998.0,12.0
7306033,2021,year,79564988.65,63795681.0,14582323.209999999,8866978.74,12.0,,,
7306033,2022,year,73755762.21,57033014.89,15722342.530000001,10981317.61,12.0,,,
7306033,2023,year,85281957.72,63597400.0,19090342.21,13761908.14,12.0,91637810.92,11051932.18,12.0
7306033,2024,year,89537753.03999999,64419972.39,23550816.66,16728764.400000002,12.0,91207234.06,2988905.1,12.0
7306033,2025,year,102603608.99,72675927.72999999,27424632.890000004,18979948.61,12.0,102251639.1,5657053.34,12.0
7306035,2021,year,177988113.33,48614277.0,48140330.6,13757126.770000001,12.0,,,
7306035,2022,year,91187603.2,46406367.61,42923543.540000014,15754271.25,12.0,,,
7306035,2023,year,127820744.86000001,47410598.0,72956987.80000001,18898073.46,12.0,115011788.63,4549410.350000001,12.0
7306035,2024,year,150656960.8,51111215.36,92479323.92,25157526.28,12.0,133421225.3,5284307.42,12.0
7306035,2025,year,184361176.37,53916587.46,112104647.03,30174562.76,12.0,168499624.08,12009451.57,12.0
7306037,2021,year,168728778.95999998,98619109.86,65892313.09999999,31861949.57,12.0,,,
7306037,2022,year,168081352.07,92295537.68,71163404.28999999,37142636.06999999,12.0,,,
7306037,2023,year,198765952.01,100339300.0,92959050.99,44782304.69,12.0,189353267.48,16666323.86,12.0
7306037,2024,year,228523994.22000003,100783739.48,116180254.22,59518612.690000005,12.0,229914848.52000004,19526799.19,12.0
7306037,2025,year,255702093.08000004,105788308.9,133625682.6,66202722.92,12.0,261944843.95,27360415.16,12.0
7306039,2021,year,64292413.12,41807242.76,21967669.9,12699857.4,12.0,,,
7306039,2022,year,53079179.02,31234914.0,21533644.18,13843934.74,12.0,,,
7306039,2023,year,66908075.56000001,37009766.66,28164970.48,16183579.88,12.0,64325045.760000005,6446040.21,12.0
7306039,2024,year,67201250.77000001,33009448.69,32088264.66,19757338.62,12.0,71600498.36,3074605.31,12.0
7306039,2025,year,79543218.27,35501675.54,41275630.31,24849089.92,12.0,79574694.44000001,1375487.13,12.0
7306041,2021,year,241662763.36000004,150165002.88,86636352.99,48505394.57,12.0,,,
7306041,2022,year,219477478.43000004,122610435.8,90287543.0,51744446.860000014,12.0,,,
7306041,2023,year,279516622.65,140204579.25,104390936.51000002,53924349.46,12.0,266385686.58,38451793.02,12.0
7306041,2024,year,294191332.95,149174803.94000003,130884369.03000002,66232309.81,12.0,286217755.19,21304073.97,12.0
7306041,2025,year,319414971.11,158970294.42000005,147257734.21,75582549.21000001,12.0,324054055.87,23609415.129999995,12.0
7306043,2021,year,104218999.91,79958481.85,22178262.33,13137681.64,12.0,,,
7306043,2022,year,99938150.98,71861585.62,23369708.860000003,14954204.69,12.0,,,
7306043,2023,year,113932110.48,80638100.0,29909954.07,16723731.42,12.0,104442936.71,1474166.6,12.0
7306043,2024,year,119152762.01,80415459.34,35795521.54000001,20390321.110000003,12.0,122380986.09,3259430.0,12.0
7306043,2025,year,133816968.39000002,87687290.6,42573351.25,24035893.29,12.0,135288635.18,3232622.99,12.0
7306045,2021,year,60448457.49,49355704.0,10156922.08,5736688.760000001,12.0,,,
7306045,2022,year,58661757.199999996,47156682.53,10013283.420000002,6675628.519999999,12.0,,,
7306045,2023,year,67208439.99,53290805.0,11460284.47,7590472.149999999,12.0,67362214.53,1459672.8,12.0
7306045,2024,year,71761666.77,56683468.73,13482682.53,8754746.09,12.0,70693322.31,2499400.56,12.0
7306045,2025,year,79226264.33,59729191.1,16826825.470000003,10372054.28,12.0,81009325.97,3371831.0,12.0
7306047,2021,year,46532801.77,34212363.68,11890494.59,6881125.84,12.0,,,
7306047,2022,year,42688217.25,30532900.0,11922438.499999998,6981673.96,12.0,,,
7306047,2023,year,52921863.64000001,35638600.0,15270779.549999999,8436692.399999999,12.0,48997418.31999999,3459666.0,12.0
7306047,2024,year,52067687.77000001,34108936.7,17221199.36,9467103.83,12.0,53212726.720000006,1020875.94,12.0
7306047,2025,year,58395390.61000001,36243390.3,21432705.8,11690729.77,12.0,58550790.63999999,3423985.5,12.0
7306049,2021,year,336266603.86,214717404.42,111703517.53999999,64254991.900000006,12.0,,,
7306049,2022,year,346800318.77,220096981.7,116805586.81,68158353.68,12.0,,,
7306049,2023,year,401522271.8100001,236227610.88,138649713.76999998,78451768.3,12.0,477145121.12,81641670.6,12.0
7306049,2024,year,448582243.8000001,265317758.73,165977968.60999998,88915119.4,12.0,453355809.43,38314660.37,12.0
7306049,2025,year,535274418.57000005,292174539.11,201630013.21,101671317.21,12.0,537128632.68,63396200.620000005,12.0
7306051,2021,year,57573884.02,45962184.7,10432594.87,6610794.92,12.0,,,
7306051,2022,year,54788514.04000001,42565200.0,11357564.51,7428081.340000001,12.0,,,
7306051,2023,year,63694831.55,48940600.0,13123247.95,8204706.980000001,12.0,65735653.31000001,5123155.0,12.0
7306051,2024,year,66251303.260000005,46984615.36,15061238.430000002,8932845.49,12.0,67941966.14999999,2538959.8,12.0
7306051,2025,year,72987834.85,52140694.56,18026082.889999997,10814709.83,12.0,73504174.25999999,2805919.54,12.0
7306053,2021,year,58737064.13999999,45366457.7,11912695.249999998,6584819.76,12.0,,,
7306053,2022,year,57438510.73999999,43824279.03,12810802.26,7118430.869999999,12.0,,,
7306053,2023,year,68681040.83999999,50076159.0,17359862.689999998,8218006.879999999,12.0,64915441.07,2070869.26,12.0
7306053,2024,year,75109913.41,50424576.27,23110428.6,10952145.93,12.0,76197697.43,1553464.28,12.0
7306053,2025,year,86703392.98999998,56938595.16,27900181.69,12527927.28,12.0,88845088.02000001,859413.0,12.0
7306055,2021,year,48070128.760000005,33158707.0,14240172.1,5693636.42,12.0,,,
7306055,2022,year,48651346.70999999,29149800.0,19052725.98,7026919.600000001,12.0,,,
7306055,2023,year,71135187.84,32961200.0,36585918.510000005,8217363.43,12.0,74563450.50999999,15783022.84,12.0
7306055,2024,year,78151734.29000002,34518728.71,41314634.91,10011464.6,12.0,75373939.52000001,6262616.45,12.0
7306055,2025,year,88915946.15,35352812.93,52350768.58,11730907.56,12.0,91354169.18,7486305.220000001,12.0
7306057,2021,year,82819433.57000001,63497812.0,18152506.880000003,9029465.29,12.0,,,
7306057,2022,year,80356385.36,59550947.69,18980752.69,9951936.46,12.0,,,
7306057,2023,year,103566470.44,69009984.0,24234450.34,11301222.67,12.0,100425765.54,14095991.930000002,12.0
7306057,2024,year,111034895.65,68806404.86,33108317.61,14420403.85,12.0,112462548.92,11155453.53,12.0
7306057,2025,year,130735076.47,82670276.78,39432046.7,17447529.66,12.0,134379655.03999996,20554685.42,12.0
7306059,2021,year,76964712.72,49099627.73,26457538.380000003,10736504.520000001,12.0,,,
7306059,2022,year,75040104.21000001,47487896.66,26473432.07,11982025.729999997,12.0,,,
7306059,2023,year,95724237.0,44005168.0,49680484.84,16131870.59,12.0,109819845.0,8935697.05,12.0
7306059,2024,year,117087985.71999998,53748335.9,59930868.93,21251277.77,12.0,117999686.12,13090638.62,12.0
7306059,2025,year,139059438.02,61390565.57,71850639.94,24812891.67,12.0,138516928.03,19037653.38,12.0
7306061,2021,year,2696293957.6600003,663305194.95,1902753299.43,1107568561.1399999,12.0,,,
7306061,2022,year,2881000795.7,523463692.64,2140470753.8600001,1241702110.0700002,12.0,,,
7306061,2023,year,3659966966.7799997,583176632.37,2632113694.4700003,1369978933.05,12.0,4340774593.91,1232690111.0,12.0
7306061,2024,year,4684827868.510001,1027776058.7000002,3220952618.350001,1703881012.54,12.0,4308667164.030001,817508613.85,12.0
7306061,2025,year,5037664222.469999,763740808.0100001,3838472706.16,2060090080.46,12.0,4951084319.62,1042224849.7199998,12.0
7306063,2021,year,104865585.96000001,79159871.0,20148449.07,11561953.34,12.0,,,
7306063,2022,year,100476325.97,76892445.75999999,20170973.82,12925193.849999998,12.0,,,
7306063,2023,year,123206826.17,88091161.0,23274729.03,13871432.09,12.0,116034140.07,6496507.0,12.0
7306063,2024,year,126401194.01,88031679.03,28968718.26,16631792.55,12.0,128650690.29999998,7443334.42,12.0
7306063,2025,year,134239706.35999998,98155924.65,32823403.529999997,18737931.7,12.0,137749411.06,3078603.66,12.0
7306065,2021,year,93289499.1,64689663.27,27611772.0,18435962.94,12.0,,,
7306065,2022,year,88372697.63999999,55133760.79,31912118.03,21919999.33,12.0,,,
7306065,2023,year,89727777.59999998,53000112.0,34875586.620000005,24141991.380000003,12.0,105340185.61,12258773.35,12.0
7306065,2024,year,99390411.22,58778170.02,39014230.970000006,25254117.620000005,12.0,99891225.69,2582661.71,12.0
7306065,2025,year,111015932.68,63190394.75,46361321.37,30326636.57,12.0,110939793.85,1238729.11,12.0
7402001,2021,year,251551196.06,82610175.41000001,163113532.35999998,100864780.92000002,12.0,,,
7402001,2022,year,205638385.27,56259731.92,138727110.24,83572556.74000001,12.0,,,
7402001,2023,year,280247179.90000004,88060418.15,149781309.76000002,93740298.06,12.0,300286939.24,77026690.57999998,12.0
7402001,2024,year,381913197.2300001,138546964.49,188986468.94,121538872.54,12.0,393258933.01,134467270.35,12.0
7402001,2025,year,371182690.3,120152904.57,219004535.67,145543992.98000002,12.0,381635037.29,87583664.56,12.0
7402003,2021,year,249147014.13000003,103105120.7,140381261.21000007,81656015.78000002,12.0,,,
7402003,2022,year,221420756.65,83396241.04,121520306.14999998,72712067.96,12.0,,,
7402003,2023,year,294993382.18,121999450.86,142535359.82999998,80676735.43,12.0,331524382.97,44830617.01,12.0
7402003,2024,year,331097911.98,113860687.08,183915779.35,105472653.96,12.0,338652249.91,40272759.0,12.0
7402003,2025,year,406343568.22,133063292.78,254719161.15,139710709.04999998,12.0,400221109.08,58882535.67999999,12.0
7402005,2021,year,202709896.1,82018263.53,113200251.38999999,61676530.73,12.0,,,
7402005,2022,year,193888245.01,77140850.0,100713677.68,61474710.57000001,12.0,,,
7402005,2023,year,201028139.94,76760775.36,104036756.25999996,62532708.25,12.0,208270351.6,22921393.470000003,12.0
7402005,2024,year,261243430.87000003,86632735.69,134265027.49,74038339.77000001,12.0,260615224.4,40071478.05,12.0
7402005,2025,year,305102833.07,131402585.97,154754251.14000002,99051101.99,12.0,305761149.96,45604274.22,12.0
7402007,2021,year,137848064.53000003,65233382.48,68967146.94000001,35910243.44,12.0,,,
7402007,2022,year,115884950.41000001,51405980.0,58674357.1,32907208.22,12.0,,,
7402007,2023,year,171428215.14000002,76433990.72,70385218.96000001,39536124.01,12.0,168792714.25,28804702.62,12.0
7402007,2024,year,163999005.50999996,67263499.01,81962603.55,43540787.27,12.0,166640652.14000002,16519278.64,12.0
7402007,2025,year,208751662.48,74836461.35,106592530.21,53539225.1,12.0,211280031.98,35392858.9,12.0
7402009,2021,year,43852201.55999999,21441420.0,20840658.460000005,11798739.91,12.0,,,
7402009,2022,year,34166963.35000001,16223260.0,16303987.67,8401537.05,12.0,,,
7402009,2023,year,51055133.28000001,25892967.57,16666010.21,8907221.96,12.0,52216376.04,8902482.77,12.0
7402009,2024,year,59946177.96,25063674.06,20992289.69,11123684.1,12.0,57004893.080000006,1830323.02,12.0
7402009,2025,year,58445016.47,23954147.660000004,25870015.289999995,12617131.77,12.0,59700596.77,2542733.77,12.0
7404001,2021,year,74279383.36999997,25812633.03,47029456.82999999,26884430.59,12.0,,,
7404001,2022,year,61712073.29000001,17560484.69,41285447.45,24680742.529999997,12.0,,,
7404001,2023,year,96607308.19,29799951.7,63437455.160000004,40873214.49999999,12.0,113658829.39,48098063.05,12.0
7404001,2024,year,104508898.17,27182700.99,71815528.22,42769139.04,12.0,106228598.68,24527646.54,12.0
7404001,2025,year,114362660.34,27142808.31,84546181.7,47010380.01,12.0,99681531.61,14459125.27,12.0
7404003,2021,year,270692111.65999997,95679138.19,169614574.59,105177624.42,12.0,,,
7404003,2022,year,256923402.8,78073671.54,169574131.62000003,108116635.42,12.0,,,
7404003,2023,year,349985249.40999997,105938960.96,204203909.51,125037440.00000003,12.0,375542865.88,95116402.76,12.0
7404003,2024,year,389206817.8499999,96779294.86,254411145.41,156562261.98000002,12.0,395728477.28,73755999.92,12.0
7404003,2025,year,479045752.2600001,131810857.37,312769064.41,189219561.67,12.0,477044817.37,120476367.99,12.0
7404005,2021,year,264639300.07999998,86076912.18,174856755.51,112160991.64,12.0,,,
7404005,2022,year,250802477.1,73425107.1,172942080.27999997,114648440.57000001,12.0,,,
7404005,2023,year,289953439.77000004,80357967.13,195559874.58000004,132668297.44000001,12.0,282358125.30999994,20771137.79,12.0
7404005,2024,year,430000040.2000001,95622827.24,295480893.45000005,218398527.71,12.0,380475677.33,53139438.26,12.0
7404005,2025,year,411039496.31,126389824.53,260974622.28,167593817.70000002,12.0,439664290.03,44786458.85999999,12.0
7404007,2021,year,133146374.62,55751791.85,75307330.47,44995694.95,12.0,,,
7404007,2022,year,120506687.16,44906595.99,72661822.81,43982935.18,12.0,,,
7404007,2023,year,154494003.50000003,60076137.54,88164929.96000001,51334238.28,12.0,142164061.88,7515105.57,12.0
7404007,2024,year,170115257.01,54645930.69,104612055.64,62998767.33,12.0,176781991.02999997,18536886.01,12.0
7404007,2025,year,216575963.26,77616835.53,135805973.96,79625257.50999999,12.0,203573076.4,30669475.48,12.0
7404009,2021,year,86336540.62,31356716.82,53422771.90999999,23454126.11,12.0,,,
7404009,2022,year,70511990.00999999,23875837.0,44391406.70000001,22543657.96,12.0,,,
7404009,2023,year,100388447.62,41286918.34,52747838.08,25000156.6,12.0,100082726.91,8496954.66,12.0
7404009,2024,year,101352847.2,30198643.06,69610783.55,32769627.87,12.0,98663255.44,1778983.77,12.0
7404009,2025,year,132757614.56000002,31514071.83,99333456.49,48727814.1,12.0,106271796.09,5922917.13,12.0
7404011,2021,year,38742673.42,21237314.43,16603926.25,7824338.41,12.0,,,
7404011,2022,year,36083223.6,19205130.0,16330444.51,7831752.07,12.0,,,
7404011,2023,year,45147323.27,23746412.68,19386320.51,9785839.999999998,12.0,43283376.02,1461237.37,12.0
7404011,2024,year,43302256.010000005,17974116.01,24271625.489999995,11384791.16,12.0,45588205.91,577787.0,12.0
7404011,2025,year,52915540.11,20924703.970000003,30549483.95,15205636.02,12.0,52663541.21000001,1347149.94,12.0
7404013,2021,year,55856616.11,15089269.64,40332472.94,21607971.86,12.0,,,
7404013,2022,year,49438642.75,11596260.0,35970976.080000006,18368878.68,12.0,,,
7404013,2023,year,71034714.5,21639465.85,41617161.08,22672117.94,12.0,69372753.4,9574553.79,12.0
7404013,2024,year,80341002.49999997,19829323.79,45667055.58,24457861.68,12.0,79130474.80000001,11140900.15,12.0
7404013,2025,year,80305391.45,17888184.310000002,52235966.56,27983001.43,12.0,82953902.11,12270168.75,12.0
7404015,2021,year,45260953.20999999,16275305.81,28005989.89,16301444.2,12.0,,,
7404015,2022,year,43873309.40999999,14624460.15,27972716.0,14853086.53,12.0,,,
7404015,2023,year,63455549.81999999,21892300.16,31976871.92,19111116.35,12.0,60116666.46000001,9710472.99,12.0
7404015,2024,year,54542730.18,15423174.12,37163517.830000006,21432933.33,12.0,57815207.74,1273418.37,12.0
7404015,2025,year,65389322.34000001,17075316.22,45179394.36,26091882.3,12.0,65465833.69,2588522.6,12.0
7404017,2021,year,29410735.71,16668300.03,12444550.58,5953008.94,12.0,,,
7404017,2022,year,29732245.03,15146460.0,14435029.79,6642714.999999998,12.0,,,
7404017,2023,year,41088525.839999996,17343892.68,16522658.719999997,7362230.130000001,12.0,37073353.0,5616171.43,12.0
7404017,2024,year,41398129.31,13882646.79,23260401.17,9724314.26,12.0,41849039.23,3859912.9,12.0
7404017,2025,year,58329175.78,19488787.12,31706456.39,11377890.39,12.0,57147512.03,10801245.08,12.0
7404019,2021,year,75137594.5,34099109.33,39464272.92,22087098.53,12.0,,,
7404019,2022,year,66797336.379999995,32531076.63,33308418.610000003,21119000.31,12.0,,,
7404019,2023,year,101698172.96000001,41656234.65,42831000.25,27712176.17,12.0,90391591.15,19545480.32,12.0
7404019,2024,year,102091202.82,32120489.46,60723753.7,36154128.690000005,12.0,106998237.95000002,15697110.57,12.0
7404019,2025,year,120044202.64,36338735.74,74243905.57,49467843.190000005,12.0,123822192.43,20574839.83,12.0
7404021,2021,year,51171299.96,14912053.0,35956807.85,22196906.25,12.0,,,
7404021,2022,year,45493328.2,11695748.01,32643049.790000003,22254961.72,12.0,,,
7404021,2023,year,64630756.32,13898198.19,43636024.44,31834861.58,12.0,62080134.44,10385297.409999998,12.0
7404021,2024,year,72122906.81,16081909.36,52586362.79,38864857.71,12.0,75683781.82999998,8615759.1,12.0
7404021,2025,year,75910225.37,14153959.15,58463010.16,44381799.88999999,12.0,86564351.04,8424976.14,12.0
7404023,2021,year,41420202.77,15529058.76,25240905.119999997,16163668.96,12.0,,,
7404023,2022,year,40246349.00999999,13842979.73,26080137.03,17244015.6,12.0,,,
7404023,2023,year,59675779.61,16502522.8,29864651.78,21081118.1,12.0,57172793.75,9182101.94,12.0
7404023,2024,year,52036415.53,17113280.64,33110248.25,22240420.17,12.0,51018614.28,1168436.56,12.0
7404023,2025,year,65651996.650000006,17748325.97,42741390.14,27259072.73,12.0,60825996.42999999,8151079.05,12.0
7404025,2021,year,622743274.4700001,187544079.68,417099768.65,224487813.75,12.0,,,
7404025,2022,year,581072760.54,125339365.82,438836756.04999983,250277004.60999998,12.0,,,
7404025,2023,year,673010098.03,118154606.04,497126072.24000007,313982230.53000003,12.0,785778349.78,86207701.71000001,12.0
7404025,2024,year,888622457.4600002,188933823.57,638775303.77,358021132.77,12.0,836721280.9200001,122235523.25,12.0
7404025,2025,year,973377288.85,179045642.26,715247861.4600002,385695673.12,12.0,959498702.97,132741999.3,12.0
7404027,2021,year,77715802.33,20219561.6,56873120.22,36100144.81,12.0,,,
7404027,2022,year,60914817.85,18296330.0,42157445.4,25993779.02,12.0,,,
7404027,2023,year,104805086.98,38815385.02,60767558.93000001,38829105.49,12.0,105830806.47,19427799.08,12.0
7404027,2024,year,109975332.85999998,21656101.35,75815864.66,47659319.04000001,12.0,115955858.15,16443042.33,12.0
7404027,2025,year,137128769.70000002,35587617.239999995,96212082.77999996,59511218.10999999,12.0,119752850.7,9384147.68,12.0
7404029,2021,year,197724923.36,92072343.31,101543213.59,48764721.199999996,12.0,,,
7404029,2022,year,174640637.10000002,77875404.92,92358697.67999998,46906879.79,12.0,,,
7404029,2023,year,215846079.12,94610047.0,105436636.25999999,55242051.21,12.0,220951678.61,22313015.59,12.0
7404029,2024,year,255798098.21,95914726.1,131854111.84,64278700.35,12.0,261404987.08,37099330.41,12.0
7404029,2025,year,286122850.97,108655194.07,166327382.16,83791594.83000001,12.0,270965164.59,25337119.46,12.0
7404031,2021,year,36029368.900000006,9065854.14,26699951.47,9843434.43,12.0,,,
7404031,2022,year,29091593.340000004,9146433.67,19246552.610000003,5080216.32,12.0,,,
7404031,2023,year,48798446.3,19186465.85,24267003.61,8354794.479999999,12.0,48219275.08,5132940.0,12.0
7404031,2024,year,49013018.84,19289793.29,28626409.700000003,9781863.45,12.0,49275429.86,1392201.6,12.0
7404031,2025,year,57182810.370000005,17793158.189999998,37953267.54000001,12076909.6,12.0,56463101.42,1700136.08,12.0
7404033,2021,latest,50586887.2,24732415.38,24995098.12,8270434.53,12.0,,,
7404033,2022,year,42338102.96,22231720.0,18817641.96,7837008.779999999,12.0,,,
7404033,2023,year,65839720.080000006,26131692.19,32663176.43,11635581.86,12.0,56754542.27000001,11151471.36,12.0
7404033,2024,year,77367160.71999998,22267688.96,43025462.32999999,16447186.52,12.0,70041462.17999999,14043635.73,12.0
7404033,2025,year,92025069.72,34384209.46,54956690.14,18592295.12,12.0,90044912.96000001,15905196.94,12.0
7406001,2021,year,142217924.70999998,66171549.04000001,70805397.55000001,38236570.1,12.0,,,
7406001,2022,year,130949240.58000003,58128241.62,65592289.30999998,37459231.0,12.0,,,
7406001,2023,year,181134834.49,72253874.34,84424146.78000002,44877322.89,12.0,178655554.47000003,22135646.46,12.0
7406001,2024,year,183767839.27,75604437.45,87701996.97000001,49743665.64999999,12.0,183915403.26,13449697.3,12.0
7406001,2025,year,254950576.51,115020849.68,121130951.91,62809063.63999999,12.0,253822568.47000003,53170696.78,12.0
7406003,2021,year,225683782.63,84893532.75999999,135108512.8,72314790.46000001,12.0,,,
7406003,2022,year,195977276.89000002,85334429.0,100391922.55000001,58126011.83,12.0,,,
7406003,2023,year,214444243.99000007,63909897.72,124521730.90000004,70091021.69999999,12.0,280641817.78000003,43925165.59,12.0
7406003,2024,year,392867030.76,199664260.55,150023740.88999996,83581419.83,12.0,283648117.68,38666912.74,12.0
7406003,2025,year,353457085.54,126728247.54,161817481.29000002,92091918.89,12.0,440308890.92,148930409.35000002,12.0
7406005,2021,year,63613568.36000001,34028942.16,28782890.46,15742939.88,12.0,,,
7406005,2022,year,53420223.47,29100680.0,23342777.739999995,11374387.310000002,12.0,,,
7406005,2023,year,80920468.80000001,49786422.22,28717293.31000001,13362481.850000001,12.0,122270916.40999998,40663987.54,12.0
7406005,2024,year,85865357.07999998,43689982.51,37851120.28,16837990.01,12.0,117236014.44999996,26762780.83,12.0
7406005,2025,year,98016934.55999996,45671968.68,45757028.87,22579507.68,12.0,99406156.85999995,9516954.81,12.0
7406007,2021,year,178372863.39,79053126.03,91024744.85,45617691.42,12.0,,,
7406007,2022,year,130682427.41000003,58160165.42,62272317.64,35036035.55000001,12.0,,,
7406007,2023,year,144066437.42,64313456.32000001,67326673.73000005,34974121.01,12.0,190446878.64,39724896.05,12.0
7406007,2024,year,211887290.42,79383804.42,76527695.21,38454982.42,12.0,211596607.93,58378206.06,12.0
7406007,2025,year,213769949.74,93519350.07,80576172.03,43554570.46,12.0,214021126.82,50891346.46,12.0
7408001,2021,year,189430261.3,48447933.89,135302792.1,85131365.75999999,12.0,,,
7408001,2022,year,193858918.73,41946413.45,145245491.09,90327026.93,12.0,,,
7408001,2023,year,235715771.28000003,50235261.14,169114527.59,112282174.03,12.0,238260144.66,29059171.52,12.0
7408001,2024,year,322785696.99,86089868.0,208964801.04,141636493.45000002,12.0,291820672.44,49168713.63,12.0
7408001,2025,year,341618358.78,63194132.95,265855285.2,170595074.17,12.0,359369108.08,53591124.3,12.0
7408003,2021,year,212071020.57,67571938.74000001,140192085.17000002,88524288.67,12.0,,,
7408003,2022,year,192662882.68,53212421.8,135695662.73000002,90983681.11999999,12.0,,,
7408003,2023,year,242010784.54,58666212.56,158164011.73,102472038.71000001,12.0,241091456.54,20981201.19,12.0
7408003,2024,year,291765807.84,68101308.84,208613831.01,136330290.29999998,12.0,283034395.74,16819147.5,12.0
7408003,2025,year,344609507.82,79595115.96,248244935.51,163286158.96,12.0,340822810.39000005,18556405.97,12.0
7408005,2021,year,72156837.92,26962799.43,44471876.779999994,23692584.17,12.0,,,
7408005,2022,year,69986850.81,21870959.42,45277015.68,20112075.61,12.0,,,
7408005,2023,year,118458159.88,37016307.27,70277861.19,28972045.11,12.0,117311720.74,26572667.340000004,12.0
7408005,2024,year,88977605.2,26774660.25,56438341.35,32831878.54,12.0,101024870.51,8554249.58,12.0
7408005,2025,year,107559526.92,30787403.46,74313716.64999998,39405120.77,12.0,106507965.59,4137197.85,12.0
7408007,2021,year,51173576.440000005,17477152.82,32607860.6,20929340.31,12.0,,,
7408007,2022,year,42947461.78,12430872.1,28682475.77,17413754.490000002,12.0,,,
7408007,2023,year,63659426.36,22960389.59,37522372.57,24970757.0,12.0,58962770.690000005,2862612.0,12.0
7408007,2024,year,71802992.10999998,15002330.7,48569199.51,32160093.52,12.0,73017839.27000001,2789750.18,12.0
7408007,2025,year,79395827.16,19110027.76,55703565.9,35927933.37,12.0,80370237.22,4327302.9,12.0
7408009,2021,year,47637065.03999999,14661834.3,31861055.97,20181402.18,12.0,,,
7408009,2022,year,37726643.81,10898711.74,25534818.880000003,13444706.71,12.0,,,
7408009,2023,year,64062797.39,24965262.46,34508684.82,19229033.42,12.0,58612880.03,2926245.9,12.0
7408009,2024,year,69419041.72999999,18818587.93,34829376.050000004,20111420.35,12.0,72267941.47,11580006.48,12.0
7408009,2025,year,61251910.38,15648631.89,42853953.53999999,24404666.41,12.0,63714675.62,1469258.38,12.0
7408011,2021,year,75649428.77999999,22444419.59,50691144.050000004,32942530.8,12.0,,,
7408011,2022,year,65849694.78,19565751.64,44990881.82000001,29681506.09,12.0,,,
7408011,2023,year,83850890.61000001,25657655.6,55791376.470000006,36010332.45,12.0,77695730.80999999,4340030.37,12.0
7408011,2024,year,92228387.08,24991400.51,63087506.04000001,41001733.01,12.0,92792866.99,7237746.97,12.0
7408011,2025,year,101274166.4,26175827.94,71003759.36000001,44528841.22,12.0,100807263.85000002,5638155.34,12.0
7408013,2021,year,517189357.5199999,123775031.55,382983698.55,260808652.78,12.0,,,
7408013,2022,year,507243943.65,100080333.5,400166544.65,297268774.53,12.0,,,
7408013,2023,year,577681240.34,102157808.86,456729759.65,318413870.58000004,12.0,581867982.26,48667531.62,12.0
7408013,2024,year,718608508.41,172811328.70000002,518063831.18,333491511.5199999,12.0,717574756.34,148430942.82999998,12.0
7408013,2025,year,811552504.0399997,160295701.57,618902967.92,391434070.53,12.0,856338343.3100001,159662493.63,12.0
7408015,2021,year,108112270.6,32182783.130000003,71352286.00999999,50669947.38,12.0,,,
7408015,2022,year,100796760.25,29258695.72,67732532.36999999,48866198.25,12.0,,,
7408015,2023,year,142899655.92,42792650.49,88860946.49999999,67453727.08999999,12.0,128270789.91,21221798.27,12.0
7408015,2024,year,162518007.88,35645840.57,99244530.3,75427913.74000001,12.0,164583533.05999997,33066264.64,12.0
7408015,2025,year,171257935.11999995,38535828.78,118511440.17,84165378.34999998,12.0,181599888.07,24310985.93,12.0
7408017,2021,year,123880977.79,45471104.27,75245339.81,33540794.31,12.0,,,
7408017,2022,year,121371431.61000001,39367550.67,76501623.92,31002418.97,12.0,,,
7408017,2023,year,171054913.91,59971377.09,102630297.91,47571736.449999996,12.0,166717972.87,32706956.15,12.0
7408017,2024,year,177893748.04999998,39875142.18,114337824.52,52258307.18,12.0,189507175.35,29206022.000000004,12.0
7408017,2025,year,191765384.02000004,48001254.620000005,135208875.95999998,63153574.12,12.0,194035934.66,11687487.48,12.0
7408019,2021,latest,131816055.84999998,40328186.71,86934732.00999999,46028694.370000005,12.0,,,
7408019,2022,year,122144007.5,29898858.93,88472974.62,44661140.05,12.0,,,
7408019,2023,year,167989909.94,45634232.9,108779682.17000002,63318324.20000001,12.0,139673208.72000003,13633103.13,12.0
7408019,2024,year,193742106.61,49630425.72,130648165.33,84064591.65,12.0,185176379.6,29844636.58,12.0
7408019,2025,year,209480423.8,39996065.99,153414063.98000002,100131006.21,12.0,204459869.1,26516879.07,12.0
7408021,2021,year,33248793.1,10409772.24,22272472.56000001,11269726.14,12.0,,,
7408021,2022,year,29488026.04,9226095.41,19520156.18,10805960.11,12.0,,,
7408021,2023,year,43094044.86,15434043.97,25823617.48,14029534.05,12.0,35279910.84,1262382.68,12.0
7408021,2024,year,41613664.14,11972708.38,28335012.720000003,15505121.83,12.0,43648683.67,311425.25,12.0
7408021,2025,year,47110312.48,12937829.73,32919234.99,18544281.29,12.0,47011202.36,1662243.4,12.0
7410001,2021,year,63915250.650000006,32369644.1,30989006.430000003,13294942.28,12.0,,,
7410001,2022,year,54248350.54,28777380.0,24964350.790000003,10167637.43,12.0,,,
7410001,2023,year,78203399.07,42401499.57,31852750.58,13893609.35,12.0,65537389.53,4317397.87,12.0
7410001,2024,year,84426247.3,34876634.69,42687469.93,18989711.92,12.0,77789247.08,6694756.92,12.0
7410001,2025,year,97544762.2,40960108.120000005,52867398.2,23653869.720000003,12.0,91116783.56,9116818.13,12.0
7410003,2021,year,45190512.989999995,13952822.31,30202632.97,11834768.939999998,12.0,,,
7410003,2022,year,46692578.72999996,13060797.45,27203035.069999993,12630025.73000002,12.0,,,
7410003,2023,year,81638112.45000005,40106040.29,35484319.07000005,14815722.670000017,12.0,422014663.46,175856554.95,12.0
7410003,2024,year,120479100.54999998,72697923.15,43676041.8,18071392.95,12.0,208426099.13,106056144.34,12.0
7410003,2025,year,146092580.77,79044899.64999999,52962449.91,22136864.03,12.0,171469200.89999998,41803995.98,12.0
7410005,2021,year,195658608.76999998,92470944.94,96638498.25,49190217.07,12.0,,,
7410005,2022,year,162596695.43,79482400.28999999,77493098.72,43520013.84,12.0,,,
7410005,2023,year,211791646.7,97415127.03,95037267.81,50119775.56000001,12.0,224584215.66,37083504.54,12.0
7410005,2024,year,241739334.62000003,87566164.09,113828696.96999998,56448091.370000005,12.0,262456322.74,44690841.97,12.0
7410005,2025,year,328924865.03,117159598.1,141311393.09,68249454.18,12.0,325136397.04,74510021.76,12.0
7410007,2021,year,75171563.98000002,30145194.55,42788543.91000001,24144257.120000005,12.0,,,
7410007,2022,year,62899750.22999999,27165684.73,34388830.09,22721163.350000024,12.0,,,
7410007,2023,year,93922571.66999993,48001900.14,42532336.150000006,26239094.600000024,12.0,383439101.46,84101790.42,12.0
7410007,2024,year,115455924.0,57749259.83,51356666.080000006,27489102.29,12.0,126827783.32,11623846.39,12.0
7410007,2025,year,122371835.59,49229605.17,58825484.07999999,30202559.09,12.0,151765979.06,31018991.99,12.0
7410009,2021,year,52189356.38,17991030.88,33590124.29000001,14678242.91,12.0,,,
7410009,2022,year,38441104.11,14896384.63,21875264.889999997,9700194.39,12.0,,,
7410009,2023,year,58810808.86,29558052.94,26134015.06,11464195.649999999,12.0,56508606.95,14359249.02,12.0
7410009,2024,year,68232786.91,28304988.39,31186788.61,12218320.61,12.0,71527922.36000001,21770052.08,12.0
7410009,2025,year,70068999.78999999,28257183.93,35501191.940000005,13302359.68,12.0,67180504.32,7325237.48,12.0
7410011,2021,year,69842476.14,31409248.98,35534802.16,13085004.44,12.0,,,
7410011,2022,year,65166500.42,29673260.0,26028023.95,12289472.96,12.0,,,
7410011,2023,year,99697150.82999998,39458860.12,31368607.17,15005036.309999999,12.0,105675389.62,36928551.71,12.0
7410011,2024,year,111588371.15,30718997.73,40505599.95999999,19600376.48,12.0,116292482.66000004,24884973.84,12.0
7410011,2025,year,130894510.5,38897322.19,57234893.190000005,23998300.26,12.0,124485301.02,12354046.09,12.0
7410013,2021,year,52189353.77,24963276.94,24139684.74,7727654.09,12.0,,,
7410013,2022,year,46219192.04,25153134.38,15663492.44,6023942.94,12.0,,,
7410013,2023,year,68985365.37000002,30896271.9,20146400.000000004,10012955.26,12.0,71312978.25,15960674.07,12.0
7410013,2024,year,119610641.98000002,30526795.97,41835395.93000001,21310646.8,12.0,112182083.57999998,41252501.88,12.0
7410013,2025,year,100021231.74,36465042.47,53477194.440000005,24128362.58,12.0,95107887.44,13089289.07,12.0
7410015,2021,year,62099811.87,17799636.39,39677281.66,22936447.5,12.0,,,
7410015,2022,year,92846809.0,12486423.77,27070902.32,16802629.759999998,12.0,,,
7410015,2023,year,92124569.73,30472055.63,35693835.41,22553685.51,12.0,88586274.45,31283565.250000004,12.0
7410015,2024,year,102506795.98,22039120.22,53640228.34,34950024.57,12.0,98792289.31,30803826.61,12.0
7410015,2025,year,113828864.0,21910124.87,75524361.53999999,45828934.55,12.0,109228494.76,20039711.15,12.0
7410017,2021,year,71170376.7,33503540.56,36312345.31,14792021.03,12.0,,,
7410017,2022,year,45965213.45,18616660.61,26234464.12,12665009.46,12.0,,,
7410017,2023,year,81486987.79000004,41822632.68,36938283.19,15023916.81,12.0,64480342.830000006,16214440.75,12.0
7410017,2024,year,82221679.58,23829407.01,48859971.86,21746274.95,12.0,87960830.14,19910371.03,12.0
7410017,2025,year,93121615.77,27691806.07,60431312.23,21721396.39,12.0,89122823.61,11620249.87,12.0
7410019,2021,year,185216001.9,73832791.77999999,108003041.81000002,56787622.550000004,12.0,,,
7410019,2022,year,154236993.86,59428625.13,92165069.52000001,56870409.230000004,12.0,,,
7410019,2023,year,196443250.03,73206141.32,114550189.36999999,64337275.98,12.0,207091257.83,24887935.36,12.0
7410019,2024,year,235757109.77,71871697.8,148227770.9,77752736.68,12.0,235422258.04,21676693.16,12.0
7410019,2025,year,306259077.2,96660697.79,197996038.98,104372212.88,12.0,300339119.42,41117015.49,12.0
7410021,2021,year,139390303.59,60253493.24,74827900.4,40862967.239999995,12.0,,,
7410021,2022,year,126369770.86,50532746.19,71230149.4,40733186.54,12.0,,,
7410021,2023,year,153081807.89000002,73386646.19999999,69627610.24000001,40664500.52,12.0,161759358.09,45990234.91,12.0
7410021,2024,year,181364614.92,68386245.7,91086073.78,55655134.55,12.0,169266245.61,28854653.3,12.0
7410021,2025,year,238097048.8100001,88115809.51,124597927.52000004,64525777.89,12.0,239619108.82,51114689.01,12.0
7410023,2021,year,53444589.07,18633183.32,33732452.16,15922743.499999998,12.0,,,
7410023,2022,year,43565128.03,16047513.19,25905370.970000003,12675263.83,12.0,,,
7410023,2023,year,62384038.6,22124552.48,32135909.4,14538412.040000001,12.0,53921581.58,8495418.82,12.0
7410023,2024,year,62539150.960000016,18412086.1,38277711.02,16299504.75,12.0,61622342.95,5008006.83,12.0
7410023,2025,year,69531061.28999999,19894727.48,47188441.07,20357208.7,12.0,65754534.38,2138339.17,12.0
7410025,2021,year,112650196.19999999,46803312.97,64505988.99999999,36130752.550000004,12.0,,,
7410025,2022,year,95615623.3,42391112.23,52598030.480000004,32396086.95,12.0,,,
7410025,2023,year,123056702.47,53585552.47,64566370.88000001,39346985.14000001,12.0,126617889.06,8599257.23,12.0
7410025,2024,year,143169512.44000003,60537646.23,70315957.92,35743072.17999999,12.0,145650872.39,16148947.91,12.0
7410025,2025,year,175127950.63000005,67609039.34,85363025.64,39074090.26,12.0,177737003.45999998,30949297.13,12.0
7410027,2021,year,118576345.15999998,47193261.98,67170951.28,37237604.510000005,12.0,,,
7410027,2022,year,102638586.72999999,43124315.27,54695425.28,33080763.85999999,12.0,,,
7410027,2023,year,165242918.26000002,61133464.71,67143443.57999998,37220712.86,12.0,184528751.43000004,51296041.84,12.0
7410027,2024,year,202375848.75,58739652.59,103720889.08,64281931.79000001,12.0,210670565.61,56172076.48,12.0
7410027,2025,year,208997626.12000003,62597993.510000005,121787093.6,77196636.03999999,12.0,218076865.72,38024804.52,12.0
7410029,2021,year,35515077.97,8633199.28,26309141.330000002,18378237.89,12.0,,,
7410029,2022,year,34202161.849999994,6087235.59,27220379.98,20526690.22,12.0,,,
7410029,2023,year,39567507.52,6594271.34,31686411.92,21538974.970000003,12.0,31726822.15,2446638.17,12.0
7410029,2024,year,50768823.96,7995084.96,37123035.98,26526683.98,12.0,53268315.31,9980719.52,12.0
7410029,2025,year,52752491.78999999,10328652.7,39366243.67,23959013.31,12.0,61088129.15,5534586.700000001,12.0
7410031,2021,year,85326000.03,41215254.18,42213583.300000004,20118253.639999997,12.0,,,
7410031,2022,year,68917455.16,35693833.0,32073303.820000023,17031304.629999995,12.0,,,
7410031,2023,year,80546749.02999994,31949049.41,45762424.72,22648241.549999982,12.0,298398065.92,102365807.41,12.0
7410031,2024,year,106392905.9,45564503.94,58578837.24,25680722.98,12.0,178605927.05000004,30451358.99,12.0
7410031,2025,year,146660304.05,50652445.35,92630127.19,49935656.47,12.0,177010190.68,12498769.5,12.0
7410033,2021,year,137926209.18000004,63306219.53,71595946.72,34292158.89000001,12.0,,,
7410033,2022,year,112384807.01999998,45636285.77,63565004.30000003,33635997.82000001,12.0,,,
7410033,2023,year,134717693.92999998,40689133.41,80637443.82000002,39195477.50999998,12.0,176637020.65,43144621.06,12.0
7410033,2024,year,167967558.04,54260576.84,93407094.41,46340072.08,12.0,186867938.56,32721953.96,12.0
7410033,2025,year,196064681.83,57636987.95999999,118911534.99,57198915.63,12.0,200711868.6,21127823.92,12.0
7410035,2021,year,27061442.35,13578212.15,13078092.19,5749011.149999999,12.0,,,
7410035,2022,year,21945116.01,10376427.61,11176926.96,6111610.59,12.0,,,
7410035,2023,year,31728898.17,13210918.7,15564073.780000003,7570192.26,12.0,37066785.78,3099002.5,12.0
7410035,2024,year,32445340.69,12053960.22,17007921.61,8825989.58,12.0,37713067.81,1969562.59,12.0
7410035,2025,year,47496975.48,13768194.5,25646327.319999997,10322984.16,12.0,46893838.98,6847877.5200000005,12.0
7410037,2021,year,41206192.18,14458929.89,25386699.92,15627658.16,12.0,,,
7410037,2022,year,39437951.49,10708007.32,24307705.01,14558131.44,12.0,,,
7410037,2023,year,64499021.97999998,23834057.99,26009542.380000003,16435015.350000001,12.0,66956650.98,20337780.08,12.0
7410037,2024,year,77243355.46000001,27960458.73,33381108.219999995,19260195.1,12.0,92558446.63,32886543.36,12.0
7410037,2025,year,80935261.08,35919490.73,39062751.35,23305039.73,12.0,84297867.6,26323996.4,12.0
7410039,2021,year,3122464161.0400004,831902289.5,2196041323.080001,1206901091.96,12.0,,,
7410039,2022,year,2670313257.4099994,651694389.03,1884635334.9699998,1164109452.3900003,12.0,,,
7410039,2023,year,3472928636.5899997,566873004.94,2369992516.9199996,1357917830.6100001,12.0,4052090022.5,1301402033.04,12.0
7410039,2024,year,4588917942.450001,1237535444.61,2975922562.8,1672796598.65,12.0,4356551942.16,1372195020.2800002,12.0
7410039,2025,year,4441689548.34,751710429.1,3383182175.45,1870958649.3500001,12.0,4921758701.84,1215248540.1599998,12.0
8000000,2021,latest,69780146116.76001,10155431199.24,55212153995.33,28060598489.59,12.0,,,
8000000,2022,year,63395935800.43,7240339795.660001,53816740119.039986,26590955897.3,12.0,,,
8000000,2023,year,75934137889.02998,8522645570.73,64834456608.64002,32248532290.78,12.0,82972287175.79,27711858681.280003,12.0
8000000,2024,year,101677859151.86995,9072649150.55,88695936357.09999,41188864967.340004,12.0,96210609645.13002,34376970743.76,12.0
8000000,2025,year,105168549717.77,8662333592.830002,92396799421.08,46903494202.3,12.0,116206038051.11,35876614012.99,12.0
